step,Q_loss,A_loss
0,12.22253131866455,-9.485665321350098
1,8.29681396484375,-10.023177146911621
2,39.71973419189453,-9.752396583557129
3,5.635847091674805,-9.889850616455078
4,32.340492248535156,-9.953548431396484
5,29.815370559692383,-10.58834457397461
6,13.253622055053711,-10.461648941040039
7,41.680091857910156,-9.244562149047852
8,61.030372619628906,-9.805288314819336
9,55.21051788330078,-9.552582740783691
10,53.439186096191406,-9.83350944519043
11,56.76795959472656,-9.133554458618164
12,66.64067077636719,-7.392505645751953
13,55.90625,-5.536413669586182
14,59.446449279785156,-10.097800254821777
15,58.12040710449219,-8.945965766906738
16,56.633995056152344,-8.290772438049316
17,33.27142333984375,-5.852061748504639
18,36.47922134399414,-5.696824550628662
19,31.00997543334961,-0.4285987615585327
20,24.899593353271484,-4.360616683959961
21,20.178951263427734,-3.1940155029296875
22,16.17911148071289,-4.653303146362305
23,13.566763877868652,-4.972084999084473
24,28.280223846435547,-4.153790473937988
25,30.414073944091797,-4.588497161865234
26,17.380207061767578,-4.413060188293457
27,13.133588790893555,-5.176315784454346
28,16.578174591064453,-5.2464728355407715
29,16.48009490966797,-5.136764049530029
30,21.092803955078125,-7.126238822937012
31,21.248136520385742,-6.82120418548584
32,28.993366241455078,-9.38592529296875
33,26.706430435180664,-9.389331817626953
34,22.944080352783203,-9.737727165222168
35,16.370168685913086,-9.657788276672363
36,10.082956314086914,-9.400416374206543
37,8.456581115722656,-9.56686782836914
38,8.005074501037598,-9.746222496032715
39,3.8825392723083496,-9.96157169342041
40,5.214019775390625,-10.007944107055664
41,5.2598958015441895,-10.010982513427734
42,5.458279609680176,-9.9910249710083
43,3.0696144104003906,-9.899698257446289
44,5.148805141448975,-9.757956504821777
45,5.000482082366943,-9.819443702697754
46,5.129822254180908,-9.95603084564209
47,5.117833137512207,-9.9965238571167
48,4.719851016998291,-10.000887870788574
49,2.281778573989868,-9.982039451599121
50,1.790191888809204,-9.87353515625
51,1.5721447467803955,-9.505583763122559
52,3.5256714820861816,-8.745421409606934
53,2.240482807159424,-8.41197395324707
54,1.133000135421753,-9.058843612670898
55,2.852494239807129,-9.586151123046875
56,2.6522653102874756,-9.748262405395508
57,2.8628616333007812,-9.666474342346191
58,2.441336154937744,-9.63473892211914
59,4.642226219177246,-9.77868938446045
60,3.401442289352417,-9.834366798400879
61,2.673408269882202,-9.85641860961914
62,1.5016919374465942,-9.899737358093262
63,2.486248731613159,-9.925374031066895
64,2.4342358112335205,-9.944982528686523
65,4.067435264587402,-9.938499450683594
66,1.7416808605194092,-9.908880233764648
67,1.9741748571395874,-9.832779884338379
68,2.1374075412750244,-9.74202823638916
69,1.4264576435089111,-9.656137466430664
70,1.3520742654800415,-9.604421615600586
71,2.6670374870300293,-9.603774070739746
72,1.2785723209381104,-9.613303184509277
73,1.950454592704773,-9.608573913574219
74,2.2035932540893555,-9.659080505371094
75,2.5394153594970703,-9.565746307373047
76,2.2457127571105957,-9.464855194091797
77,2.5661182403564453,-8.885075569152832
78,2.098616361618042,-8.28133487701416
79,2.0068747997283936,-8.633050918579102
80,1.4758532047271729,-8.883771896362305
81,1.936086893081665,-8.69444751739502
82,1.6260546445846558,-9.138296127319336
83,1.0122017860412598,-10.370186805725098
84,2.154677391052246,-10.145459175109863
85,1.6598355770111084,-10.028145790100098
86,0.8456718921661377,-10.023118019104004
87,1.7227280139923096,-10.022805213928223
88,1.3124260902404785,-10.02377700805664
89,1.3532403707504272,-10.027963638305664
90,1.260481834411621,-10.075004577636719
91,1.5636142492294312,-10.338004112243652
92,1.1725497245788574,-10.316941261291504
93,1.965401291847229,-10.052831649780273
94,0.933927059173584,-10.021866798400879
95,1.495988368988037,-10.014892578125
96,1.7225515842437744,-10.004758834838867
97,1.3909684419631958,-9.937565803527832
98,1.50850248336792,-9.651524543762207
99,1.6894416809082031,-9.608549118041992
100,1.5855711698532104,-9.848588943481445
101,1.584122896194458,-9.968306541442871
102,1.4270209074020386,-9.9805269241333
103,1.7471562623977661,-9.971771240234375
104,1.5345771312713623,-9.973230361938477
105,1.5436749458312988,-9.960719108581543
106,1.8527737855911255,-9.385775566101074
107,1.5031623840332031,-8.973337173461914
108,1.266778826713562,-8.965195655822754
109,1.4885179996490479,-9.085734367370605
110,1.7391505241394043,-9.525117874145508
111,1.455930233001709,-9.8690824508667
112,1.5535507202148438,-9.944531440734863
113,1.4841172695159912,-9.9395112991333
114,1.4132665395736694,-9.971210479736328
115,1.3416225910186768,-10.012661933898926
116,1.4735076427459717,-10.040267944335938
117,1.2990257740020752,-10.004425048828125
118,1.512380838394165,-9.889078140258789
119,1.2166519165039062,-9.806439399719238
120,1.468878149986267,-9.738846778869629
121,1.3379909992218018,-9.656222343444824
122,1.4340057373046875,-9.594893455505371
123,1.3239312171936035,-9.595367431640625
124,1.8895337581634521,-9.578906059265137
125,1.4494421482086182,-9.562215805053711
126,1.5163443088531494,-9.553557395935059
127,2.048327684402466,-9.290287017822266
128,1.3363080024719238,-9.129721641540527
129,1.2558989524841309,-9.161225318908691
130,1.5421390533447266,-9.152194023132324
131,1.5159544944763184,-9.183679580688477
132,1.8334860801696777,-9.229024887084961
133,1.2708929777145386,-9.393597602844238
134,1.3695025444030762,-9.555084228515625
135,1.2291752099990845,-9.719376564025879
136,1.2051339149475098,-9.861727714538574
137,1.5640391111373901,-9.870523452758789
138,1.353041648864746,-9.916555404663086
139,1.7585502862930298,-9.8808012008667
140,1.2102861404418945,-9.879770278930664
141,1.6305545568466187,-9.833730697631836
142,1.1906219720840454,-9.827110290527344
143,1.1765308380126953,-9.857346534729004
144,1.3163999319076538,-9.835570335388184
145,1.1456589698791504,-9.85062026977539
146,1.4061328172683716,-9.850698471069336
147,1.3181732892990112,-9.881319999694824
148,1.1772279739379883,-9.930737495422363
149,1.118490219116211,-9.977575302124023
150,1.4231094121932983,-9.973716735839844
151,1.1071221828460693,-10.001826286315918
152,1.292825698852539,-10.02953815460205
153,1.358137845993042,-10.05805778503418
154,1.260615348815918,-10.066554069519043
155,1.419337272644043,-10.039191246032715
156,2.118356943130493,-9.960546493530273
157,1.3128259181976318,-9.832571029663086
158,1.2548235654830933,-9.662870407104492
159,1.1153258085250854,-9.544206619262695
160,1.3109490871429443,-9.478848457336426
161,1.3926427364349365,-9.530086517333984
162,1.2221790552139282,-9.67750072479248
163,1.3358430862426758,-9.815321922302246
164,1.2704331874847412,-9.904716491699219
165,1.2586958408355713,-9.9860200881958
166,1.6541459560394287,-10.026037216186523
167,1.2950685024261475,-10.074713706970215
168,1.3262375593185425,-10.06716537475586
169,1.5834882259368896,-10.008166313171387
170,1.3693668842315674,-9.970261573791504
171,1.3269269466400146,-9.922931671142578
172,1.2353310585021973,-9.87109375
173,1.2858128547668457,-9.761619567871094
174,1.1775516271591187,-9.725574493408203
175,1.3636548519134521,-9.69859790802002
176,1.3490232229232788,-9.725947380065918
177,1.3544740676879883,-9.727630615234375
178,2.0905094146728516,-9.69894027709961
179,1.2664070129394531,-9.738387107849121
180,1.2618191242218018,-9.792035102844238
181,1.17844557762146,-9.889976501464844
182,1.402373194694519,-9.950961112976074
183,1.19041907787323,-10.012201309204102
184,1.1901516914367676,-10.065007209777832
185,1.1165831089019775,-10.115370750427246
186,1.5228183269500732,-10.1079740524292
187,1.6145598888397217,-10.095300674438477
188,1.327031135559082,-10.098462104797363
189,1.2003514766693115,-10.082979202270508
190,1.3200738430023193,-10.055150985717773
191,1.3007570505142212,-10.035480499267578
192,1.2763627767562866,-10.019445419311523
193,1.2518579959869385,-9.992151260375977
194,1.4094749689102173,-9.946650505065918
195,1.3633135557174683,-9.892057418823242
196,1.3227269649505615,-9.892656326293945
197,1.2329809665679932,-9.791091918945312
198,1.1874747276306152,-9.63760757446289
199,1.2468836307525635,-9.715763092041016
200,1.4941093921661377,-9.740619659423828
201,1.5361688137054443,-9.748010635375977
202,1.2623710632324219,-9.698962211608887
203,1.4592833518981934,-9.60778522491455
204,1.344663381576538,-9.610218048095703
205,1.2815616130828857,-9.822193145751953
206,1.4096277952194214,-9.871469497680664
207,1.2462530136108398,-9.9194974899292
208,1.6293444633483887,-9.913370132446289
209,1.7675673961639404,-9.759908676147461
210,1.3877503871917725,-9.300432205200195
211,1.2655960321426392,-9.462630271911621
212,1.3617222309112549,-9.590049743652344
213,1.4687714576721191,-9.547307968139648
214,1.2220003604888916,-9.596390724182129
215,1.3784592151641846,-9.538078308105469
216,1.333767294883728,-9.538516998291016
217,1.424910306930542,-9.51673698425293
218,1.5475201606750488,-9.585912704467773
219,1.3315728902816772,-9.315479278564453
220,1.3158347606658936,-9.224493026733398
221,1.243316888809204,-9.310354232788086
222,1.3199284076690674,-9.457071304321289
223,1.3234167098999023,-9.575929641723633
224,1.722059965133667,-9.4943265914917
225,1.3275206089019775,-9.442739486694336
226,1.3092560768127441,-9.644888877868652
227,1.404541015625,-9.714977264404297
228,1.4701805114746094,-9.654393196105957
229,1.1359820365905762,-9.707776069641113
230,1.2591583728790283,-9.742844581604004
231,1.5257694721221924,-9.856400489807129
232,1.8504631519317627,-9.690506935119629
233,1.4169745445251465,-9.328278541564941
234,1.2300448417663574,-8.922492980957031
235,1.4118907451629639,-8.656405448913574
236,1.4434928894042969,-8.739250183105469
237,1.5518481731414795,-9.21954345703125
238,1.156065821647644,-9.617195129394531
239,1.3195269107818604,-9.855379104614258
240,1.3312822580337524,-9.980522155761719
241,1.2121801376342773,-10.056756019592285
242,1.312279462814331,-10.089929580688477
243,1.3575801849365234,-10.097724914550781
244,1.4072895050048828,-10.098340034484863
245,1.3142907619476318,-10.099845886230469
246,1.9418668746948242,-10.012836456298828
247,1.1861577033996582,-9.91596794128418
248,1.330370306968689,-9.796486854553223
249,1.349167823791504,-9.6100435256958
250,1.2509515285491943,-9.399453163146973
251,1.270552396774292,-9.162693977355957
252,1.2152678966522217,-9.276926040649414
253,1.2553322315216064,-9.545080184936523
254,1.3795640468597412,-9.76872444152832
255,1.5254254341125488,-9.66634750366211
256,1.250308632850647,-9.386882781982422
257,1.4000706672668457,-9.254321098327637
258,1.2503244876861572,-9.474469184875488
259,1.1903657913208008,-9.404804229736328
260,1.2086411714553833,-9.630653381347656
261,1.285097599029541,-9.882566452026367
262,1.2461049556732178,-10.049267768859863
263,1.2091193199157715,-10.153046607971191
264,1.4709573984146118,-10.139557838439941
265,1.7601423263549805,-10.076666831970215
266,1.2943918704986572,-10.026104927062988
267,1.2667760848999023,-9.979320526123047
268,1.5120015144348145,-9.593016624450684
269,1.3972622156143188,-9.094837188720703
270,1.2739328145980835,-9.064274787902832
271,1.4808762073516846,-9.335071563720703
272,1.4702162742614746,-9.553263664245605
273,1.5328702926635742,-9.680010795593262
274,1.2678426504135132,-9.530333518981934
275,1.3965924978256226,-8.697824478149414
276,1.3675994873046875,-9.268511772155762
277,1.3740367889404297,-9.80697250366211
278,1.2679493427276611,-9.961870193481445
279,1.2984707355499268,-10.033740043640137
280,1.338855504989624,-10.051219940185547
281,1.7507264614105225,-9.714144706726074
282,1.1878372430801392,-9.175780296325684
283,1.417150855064392,-8.402183532714844
284,1.414039134979248,-8.437704086303711
285,1.4884086847305298,-9.076735496520996
286,1.2864853143692017,-9.648101806640625
287,1.497633695602417,-9.721332550048828
288,1.1630595922470093,-9.859925270080566
289,1.5789978504180908,-9.854532241821289
290,1.2739076614379883,-9.846590995788574
291,1.2545926570892334,-9.820969581604004
292,1.2136406898498535,-9.89210319519043
293,1.892417311668396,-9.81020736694336
294,1.4018394947052002,-9.577088356018066
295,1.3091963529586792,-9.027220726013184
296,1.3219692707061768,-8.682066917419434
297,1.1984813213348389,-9.4728422164917
298,1.2591170072555542,-9.827600479125977
299,1.3392276763916016,-9.8518705368042
300,1.2472163438796997,-9.898711204528809
301,1.512455940246582,-9.825817108154297
302,1.2393468618392944,-9.738404273986816
303,1.5030641555786133,-9.731898307800293
304,1.2406479120254517,-9.738306045532227
305,1.3263099193572998,-9.646154403686523
306,1.25419020652771,-9.573987007141113
307,1.183151364326477,-9.63356876373291
308,1.1577547788619995,-9.798833847045898
309,1.353684902191162,-9.856225967407227
310,1.484785795211792,-9.709467887878418
311,1.1604771614074707,-9.612993240356445
312,1.162278652191162,-9.657906532287598
313,1.1762946844100952,-9.724587440490723
314,1.3266935348510742,-9.77717399597168
315,1.2217137813568115,-9.769705772399902
316,1.6924799680709839,-9.421500205993652
317,1.236128807067871,-9.0640869140625
318,1.3331890106201172,-9.199226379394531
319,1.3093147277832031,-9.650127410888672
320,1.262974500656128,-9.818049430847168
321,1.2911051511764526,-9.950332641601562
322,1.2535892724990845,-10.048788070678711
323,1.1654152870178223,-10.062848091125488
324,1.1760003566741943,-10.032593727111816
325,1.3553723096847534,-10.023874282836914
326,1.150284767150879,-10.079740524291992
327,1.2570406198501587,-10.083516120910645
328,1.616790771484375,-9.95285415649414
329,1.3216722011566162,-9.870656967163086
330,1.1215136051177979,-9.825116157531738
331,1.284346580505371,-9.879805564880371
332,1.071112871170044,-9.972755432128906
333,1.2039706707000732,-10.004437446594238
334,1.395470380783081,-9.98737621307373
335,1.2049771547317505,-9.99677562713623
336,1.21586012840271,-10.058061599731445
337,1.2333958148956299,-10.036452293395996
338,1.3424732685089111,-9.958114624023438
339,1.193875789642334,-9.89712905883789
340,1.4451932907104492,-9.70673656463623
341,1.2215399742126465,-9.433411598205566
342,1.3365288972854614,-9.324604988098145
343,1.5525288581848145,-9.079520225524902
344,1.4898816347122192,-8.212996482849121
345,1.3444054126739502,-8.908807754516602
346,1.6715126037597656,-9.330107688903809
347,1.202888011932373,-9.66122055053711
348,1.2200946807861328,-9.748492240905762
349,1.3757281303405762,-9.954524040222168
350,1.3543741703033447,-10.126391410827637
351,1.3250490427017212,-10.117897987365723
352,1.7279117107391357,-10.062599182128906
353,1.2209181785583496,-10.074788093566895
354,1.2496851682662964,-10.105597496032715
355,1.3190951347351074,-10.052458763122559
356,1.4617280960083008,-9.898029327392578
357,1.2895758152008057,-9.446678161621094
358,1.3543009757995605,-8.250387191772461
359,1.4363678693771362,-9.00580883026123
360,1.5158147811889648,-9.520288467407227
361,1.2449095249176025,-9.806634902954102
362,1.1216015815734863,-9.978909492492676
363,1.194627285003662,-10.072317123413086
364,1.1236047744750977,-10.165569305419922
365,1.6263686418533325,-10.147282600402832
366,1.3525439500808716,-10.103109359741211
367,1.2133705615997314,-10.046730041503906
368,1.2970376014709473,-9.986288070678711
369,1.1737298965454102,-9.901537895202637
370,1.226090908050537,-9.897714614868164
371,1.1786199808120728,-9.947635650634766
372,1.1784570217132568,-10.02161693572998
373,1.115389108657837,-10.083462715148926
374,1.0220922231674194,-10.150167465209961
375,1.143589973449707,-10.16077709197998
376,1.4914286136627197,-10.145596504211426
377,1.0814270973205566,-10.119643211364746
378,1.6421797275543213,-10.058152198791504
379,1.2569191455841064,-9.94322395324707
380,1.333333969116211,-9.754755020141602
381,1.2951103448867798,-9.606945991516113
382,1.4105329513549805,-9.280374526977539
383,1.32905912399292,-8.982051849365234
384,1.313423991203308,-8.46889877319336
385,1.4332497119903564,-8.333085060119629
386,1.2984261512756348,-9.17416763305664
387,1.3908874988555908,-9.799633026123047
388,1.2802495956420898,-10.024418830871582
389,1.3730032444000244,-10.0805025100708
390,1.1173604726791382,-10.106925964355469
391,1.2088301181793213,-10.161181449890137
392,1.3840084075927734,-10.186748504638672
393,1.1756762266159058,-10.150559425354004
394,1.2725720405578613,-10.099898338317871
395,1.1017711162567139,-10.070891380310059
396,1.149534821510315,-10.028752326965332
397,1.2840616703033447,-9.879859924316406
398,1.3030850887298584,-9.637510299682617
399,1.3884999752044678,-9.770133972167969
400,1.1496150493621826,-9.964418411254883
401,1.2547332048416138,-10.034886360168457
402,1.1489500999450684,-10.105128288269043
403,1.3159139156341553,-10.110296249389648
404,1.163709282875061,-10.083645820617676
405,1.2210841178894043,-10.114416122436523
406,1.6853718757629395,-10.097879409790039
407,1.2578988075256348,-9.90648078918457
408,1.2259128093719482,-9.730172157287598
409,1.227578043937683,-9.449407577514648
410,1.2146971225738525,-9.217933654785156
411,1.52777099609375,-9.01626205444336
412,1.446176528930664,-8.876708030700684
413,1.2970348596572876,-9.169286727905273
414,1.3424575328826904,-9.42143440246582
415,1.2271157503128052,-9.69774341583252
416,1.455747365951538,-9.724701881408691
417,1.2107923030853271,-9.791428565979004
418,1.129006266593933,-9.874693870544434
419,1.1153814792633057,-9.98917007446289
420,1.4380991458892822,-9.939794540405273
421,1.476291537284851,-9.743328094482422
422,1.664414644241333,-9.626547813415527
423,1.1807305812835693,-9.63319206237793
424,1.3257489204406738,-9.598013877868652
425,1.2655433416366577,-9.78409481048584
426,1.440640926361084,-9.812037467956543
427,1.2572829723358154,-9.746219635009766
428,1.1474285125732422,-9.76325798034668
429,1.3967456817626953,-9.615771293640137
430,1.3131091594696045,-9.521577835083008
431,1.2474408149719238,-9.428149223327637
432,1.3379731178283691,-9.284549713134766
433,1.2133936882019043,-9.347387313842773
434,1.4368051290512085,-9.133959770202637
435,1.2151209115982056,-9.336737632751465
436,1.2522599697113037,-9.344254493713379
437,1.1390576362609863,-9.496254920959473
438,1.3953522443771362,-9.729434967041016
439,1.392853856086731,-9.804767608642578
440,1.2182477712631226,-9.815749168395996
441,1.078079104423523,-9.932975769042969
442,1.2236732244491577,-9.883152961730957
443,1.197688102722168,-9.894030570983887
444,1.3175861835479736,-9.886357307434082
445,1.3094823360443115,-9.96594524383545
446,1.21233332157135,-9.829961776733398
447,1.4928092956542969,-9.735071182250977
448,1.46909499168396,-9.58987045288086
449,1.2796003818511963,-9.456995010375977
450,1.101715087890625,-9.484740257263184
451,1.2612353563308716,-9.575267791748047
452,1.3244439363479614,-9.670003890991211
453,1.0851454734802246,-9.793539047241211
454,1.3929543495178223,-9.658676147460938
455,1.248157024383545,-9.672130584716797
456,1.210433006286621,-9.659862518310547
457,1.3607254028320312,-9.431951522827148
458,1.3740273714065552,-9.03254222869873
459,1.2061395645141602,-9.043457984924316
460,1.3932223320007324,-8.844576835632324
461,1.1522176265716553,-9.201798439025879
462,1.2860138416290283,-9.2806978225708
463,1.1079379320144653,-9.497450828552246
464,1.2510364055633545,-9.704682350158691
465,1.0834448337554932,-9.877830505371094
466,1.152916431427002,-9.907379150390625
467,1.2152440547943115,-9.932502746582031
468,1.155940294265747,-9.923373222351074
469,1.4546481370925903,-9.853622436523438
470,1.1411347389221191,-9.737743377685547
471,1.122321367263794,-9.790168762207031
472,1.3624916076660156,-9.753210067749023
473,1.4139900207519531,-9.34765625
474,1.1387848854064941,-9.271422386169434
475,1.1950405836105347,-9.481616020202637
476,1.2213902473449707,-9.668604850769043
477,1.2339982986450195,-9.535033226013184
478,1.2738065719604492,-9.60541820526123
479,1.0603256225585938,-9.58807373046875
480,1.1229217052459717,-9.858087539672852
481,1.2167019844055176,-9.853025436401367
482,1.089845895767212,-9.964059829711914
483,1.1174702644348145,-10.018026351928711
484,1.264263391494751,-10.096553802490234
485,1.3581771850585938,-10.055839538574219
486,1.103236436843872,-10.020817756652832
487,1.2173693180084229,-9.979092597961426
488,1.123011827468872,-10.014723777770996
489,1.193798303604126,-10.000711441040039
490,1.1332721710205078,-9.855008125305176
491,1.4654815196990967,-9.798389434814453
492,1.3368624448776245,-9.416634559631348
493,1.1897075176239014,-9.426814079284668
494,1.2280627489089966,-9.108317375183105
495,1.2187931537628174,-9.491076469421387
496,1.323153018951416,-9.667440414428711
497,1.3499510288238525,-9.638428688049316
498,1.271223545074463,-9.837373733520508
499,1.22603440284729,-9.812748908996582
500,1.3086563348770142,-9.910503387451172
501,1.0367180109024048,-10.021893501281738
502,1.251328706741333,-10.049790382385254
503,1.413443684577942,-9.966629028320312
504,1.3325364589691162,-10.000018119812012
505,1.187390923500061,-9.9297456741333
506,1.093820333480835,-9.840595245361328
507,1.2351937294006348,-9.848104476928711
508,1.2272515296936035,-9.857779502868652
509,1.144941806793213,-9.975253105163574
510,1.332711935043335,-9.951345443725586
511,1.2137192487716675,-9.8629732131958
512,1.1929421424865723,-9.86281681060791
513,1.2941994667053223,-9.8338041305542
514,1.1744520664215088,-9.736861228942871
515,1.2861824035644531,-9.576969146728516
516,1.3088278770446777,-9.324357032775879
517,1.1529927253723145,-9.385537147521973
518,1.2371768951416016,-9.50567626953125
519,1.2721302509307861,-9.440462112426758
520,1.2607555389404297,-9.455933570861816
521,1.3657809495925903,-8.994912147521973
522,1.4497613906860352,-8.586921691894531
523,1.255049228668213,-9.146031379699707
524,1.1779778003692627,-9.723416328430176
525,1.1645948886871338,-9.979186058044434
526,1.2951526641845703,-10.122936248779297
527,1.2273815870285034,-10.133231163024902
528,1.3689932823181152,-10.095890998840332
529,1.01520836353302,-10.087111473083496
530,1.2495331764221191,-10.123132705688477
531,1.2071449756622314,-10.043251037597656
532,1.3406705856323242,-9.68710708618164
533,1.360276699066162,-9.246607780456543
534,1.1639353036880493,-8.872955322265625
535,1.3765487670898438,-9.375749588012695
536,1.3121180534362793,-9.595349311828613
537,1.3425357341766357,-9.827559471130371
538,1.1985054016113281,-9.995713233947754
539,1.446432113647461,-9.937199592590332
540,1.1142141819000244,-9.941534996032715
541,1.4540495872497559,-9.883950233459473
542,1.3460062742233276,-9.813718795776367
543,1.3686673641204834,-9.240732192993164
544,1.201904058456421,-8.516142845153809
545,1.357485055923462,-9.027811050415039
546,1.2018921375274658,-9.626323699951172
547,1.3250949382781982,-10.071081161499023
548,1.2984141111373901,-10.105358123779297
549,1.1924409866333008,-10.126355171203613
550,1.3927383422851562,-10.243973731994629
551,1.7019500732421875,-10.23251724243164
552,1.375528335571289,-10.040480613708496
553,1.393907070159912,-9.607144355773926
554,1.3087153434753418,-8.974446296691895
555,1.361175775527954,-8.215001106262207
556,1.3079676628112793,-9.024359703063965
557,1.1853370666503906,-9.774170875549316
558,1.150367259979248,-10.108440399169922
559,1.1778395175933838,-10.275444030761719
560,1.3269672393798828,-10.201269149780273
561,1.3522987365722656,-10.156743049621582
562,1.6497477293014526,-10.262663841247559
563,1.1945916414260864,-10.326428413391113
564,1.4971023797988892,-10.1920804977417
565,1.1477108001708984,-10.141426086425781
566,1.1377408504486084,-10.221332550048828
567,1.4027206897735596,-10.306461334228516
568,1.5745947360992432,-10.166285514831543
569,1.3624099493026733,-10.053916931152344
570,1.2791986465454102,-9.950693130493164
571,1.32952880859375,-9.859683990478516
572,1.514796257019043,-9.390461921691895
573,1.1810111999511719,-8.857719421386719
574,1.350158929824829,-8.796613693237305
575,1.3117904663085938,-9.299570083618164
576,1.2370026111602783,-9.771105766296387
577,1.3203210830688477,-9.928736686706543
578,1.4070912599563599,-9.972646713256836
579,1.4675042629241943,-10.006636619567871
580,1.2098824977874756,-10.063057899475098
581,1.4118965864181519,-9.949702262878418
582,1.2031490802764893,-9.888951301574707
583,1.204676866531372,-9.895583152770996
584,1.2200711965560913,-9.957579612731934
585,1.3868916034698486,-9.911526679992676
586,1.2119883298873901,-9.918805122375488
587,1.3838684558868408,-9.850841522216797
588,1.1839754581451416,-9.81612777709961
589,1.2047748565673828,-9.856607437133789
590,1.2557404041290283,-9.943528175354004
591,1.4869452714920044,-9.944546699523926
592,1.2852486371994019,-9.92800521850586
593,1.4877018928527832,-9.52894401550293
594,1.2300419807434082,-9.236061096191406
595,1.3107197284698486,-9.054526329040527
596,1.2789154052734375,-8.8522310256958
597,1.449184775352478,-8.84611988067627
598,1.323191523551941,-9.514068603515625
599,1.5201963186264038,-9.872241973876953
600,1.246974229812622,-10.03118896484375
601,1.2210092544555664,-10.019438743591309
602,1.3567324876785278,-10.110307693481445
603,1.3230209350585938,-10.094614028930664
604,1.4350719451904297,-9.991887092590332
605,1.1746330261230469,-9.864762306213379
606,1.316628098487854,-9.727069854736328
607,1.2936240434646606,-9.651734352111816
608,1.1087676286697388,-9.441261291503906
609,1.356398344039917,-9.653212547302246
610,1.381094217300415,-9.839956283569336
611,1.3877699375152588,-9.7953462600708
612,1.3136875629425049,-9.988445281982422
613,1.345975399017334,-9.965466499328613
614,1.1948493719100952,-10.116741180419922
615,1.2130467891693115,-10.029282569885254
616,1.3581576347351074,-10.078954696655273
617,1.3233811855316162,-10.139891624450684
618,1.408035397529602,-10.063760757446289
619,1.3153088092803955,-10.033596992492676
620,1.3397784233093262,-9.793169975280762
621,1.451697826385498,-9.431051254272461
622,1.2962374687194824,-9.409920692443848
623,1.3400958776474,-9.423611640930176
624,1.2387521266937256,-9.735750198364258
625,1.2486906051635742,-10.052412986755371
626,1.3680453300476074,-9.978255271911621
627,1.3205757141113281,-10.024292945861816
628,1.4016391038894653,-9.986333847045898
629,1.4849565029144287,-9.746535301208496
630,1.4924089908599854,-9.312742233276367
631,1.206749677658081,-8.872407913208008
632,1.2955529689788818,-9.005263328552246
633,1.3851706981658936,-9.465694427490234
634,1.2619760036468506,-9.517664909362793
635,1.2768311500549316,-9.96292781829834
636,1.3282699584960938,-10.077946662902832
637,1.3276019096374512,-10.162322044372559
638,1.4134588241577148,-10.038551330566406
639,1.4777905941009521,-9.872888565063477
640,1.4512431621551514,-9.758369445800781
641,1.498076319694519,-9.489445686340332
642,1.3516653776168823,-9.501803398132324
643,1.4177558422088623,-9.689323425292969
644,1.210740566253662,-9.735688209533691
645,1.2718597650527954,-9.98095417022705
646,1.1878669261932373,-10.059225082397461
647,1.347354531288147,-10.156122207641602
648,1.479567289352417,-10.066276550292969
649,1.4928826093673706,-9.867816925048828
650,1.387481689453125,-9.261466979980469
651,1.2835197448730469,-9.065072059631348
652,1.2940253019332886,-9.290502548217773
653,1.2540624141693115,-9.301453590393066
654,1.812055230140686,-9.715261459350586
655,1.3051044940948486,-9.959722518920898
656,1.377807855606079,-9.89897632598877
657,1.2461261749267578,-9.903055191040039
658,1.359095573425293,-9.905643463134766
659,1.3038763999938965,-10.037243843078613
660,1.4060730934143066,-10.04247760772705
661,1.429760217666626,-10.090269088745117
662,1.2488594055175781,-10.099557876586914
663,1.4536867141723633,-9.722620964050293
664,1.3510326147079468,-9.348905563354492
665,1.6751863956451416,-8.6775541305542
666,1.3222078084945679,-8.561570167541504
667,1.4845845699310303,-9.203008651733398
668,1.473369836807251,-9.541029930114746
669,1.3546013832092285,-9.72882080078125
670,1.4529688358306885,-9.884417533874512
671,1.2733204364776611,-10.012211799621582
672,1.2852120399475098,-10.177835464477539
673,1.6302311420440674,-10.147889137268066
674,1.3923989534378052,-10.095780372619629
675,1.310602068901062,-10.022412300109863
676,1.3336737155914307,-9.712563514709473
677,1.3411040306091309,-9.222818374633789
678,1.3621437549591064,-8.676584243774414
679,1.2389336824417114,-8.83934497833252
680,1.37028968334198,-9.291632652282715
681,1.257903814315796,-9.071700096130371
682,1.368719220161438,-10.159134864807129
683,1.5383145809173584,-9.266744613647461
684,1.2417938709259033,-10.1913423538208
685,1.2370665073394775,-10.361554145812988
686,1.4034345149993896,-10.311443328857422
687,1.5545462369918823,-10.25448989868164
688,1.447113037109375,-10.368983268737793
689,1.4492390155792236,-10.350302696228027
690,1.3695361614227295,-10.246177673339844
691,1.3296124935150146,-10.27562141418457
692,1.632002830505371,-10.357651710510254
693,1.45729398727417,-10.206086158752441
694,1.382133960723877,-9.873510360717773
695,1.4145870208740234,-9.184377670288086
696,1.6642296314239502,-9.238560676574707
697,1.496324062347412,-8.348533630371094
698,1.5660591125488281,-8.765287399291992
699,1.4475051164627075,-9.60205364227295
700,1.3872697353363037,-10.048783302307129
701,1.2820000648498535,-10.174424171447754
702,1.5379737615585327,-10.217259407043457
703,1.5190703868865967,-10.233312606811523
704,1.3956809043884277,-10.164006233215332
705,1.4965534210205078,-9.860581398010254
706,1.6120439767837524,-9.37525749206543
707,1.4296852350234985,-9.321242332458496
708,1.5062336921691895,-9.540711402893066
709,1.2653846740722656,-9.901047706604004
710,1.2636761665344238,-10.090049743652344
711,1.5571410655975342,-9.956764221191406
712,1.363757848739624,-9.939615249633789
713,1.3612983226776123,-9.522215843200684
714,1.3719453811645508,-9.077613830566406
715,1.3307082653045654,-8.964027404785156
716,1.4063544273376465,-9.172250747680664
717,1.209031343460083,-9.539335250854492
718,1.3191413879394531,-10.033905029296875
719,1.2099685668945312,-10.282774925231934
720,1.2694191932678223,-10.338905334472656
721,1.5956939458847046,-10.256352424621582
722,1.475325107574463,-10.246452331542969
723,1.2682404518127441,-10.352291107177734
724,1.3765630722045898,-10.202960968017578
725,1.5001482963562012,-9.186037063598633
726,1.4205139875411987,-7.7530598640441895
727,1.397904396057129,-9.529326438903809
728,1.4854350090026855,-9.931402206420898
729,1.2803971767425537,-9.844768524169922
730,1.4681224822998047,-10.0331449508667
731,1.671236276626587,-9.983677864074707
732,1.4706101417541504,-9.853499412536621
733,1.3683788776397705,-9.538020133972168
734,1.407364010810852,-9.667203903198242
735,1.4559423923492432,-9.98476791381836
736,1.2013673782348633,-10.172313690185547
737,1.4861160516738892,-10.029388427734375
738,1.2998497486114502,-10.057482719421387
739,1.4684175252914429,-10.013177871704102
740,1.2897716760635376,-10.09249496459961
741,1.8389626741409302,-8.380657196044922
742,1.380916714668274,-8.963764190673828
743,1.3587191104888916,-8.986979484558105
744,1.333759069442749,-9.030868530273438
745,1.416327714920044,-8.105171203613281
746,1.5681824684143066,-8.712906837463379
747,1.4153683185577393,-8.926302909851074
748,1.4118989706039429,-9.170124053955078
749,1.2995498180389404,-9.82320785522461
750,1.3977081775665283,-10.175893783569336
751,1.2407145500183105,-10.315900802612305
752,1.1322190761566162,-10.189461708068848
753,1.3117516040802002,-10.172903060913086
754,1.3063983917236328,-10.253918647766113
755,1.2038922309875488,-10.357987403869629
756,1.5825228691101074,-9.942699432373047
757,1.0890028476715088,-9.887085914611816
758,1.3486809730529785,-9.987367630004883
759,1.3170820474624634,-10.016963958740234
760,1.3571093082427979,-9.610943794250488
761,1.1919188499450684,-9.768566131591797
762,1.08744215965271,-10.092947006225586
763,1.2495174407958984,-10.154324531555176
764,1.4585435390472412,-9.626583099365234
765,1.1845757961273193,-9.430987358093262
766,1.2506144046783447,-9.469608306884766
767,1.3548030853271484,-8.91688346862793
768,1.3154706954956055,-9.092571258544922
769,1.1803557872772217,-9.673347473144531
770,1.2215230464935303,-10.08169937133789
771,1.1666295528411865,-10.36811637878418
772,1.6412465572357178,-10.324764251708984
773,1.5663728713989258,-10.248652458190918
774,1.215252161026001,-10.240317344665527
775,1.270352840423584,-10.131780624389648
776,1.6958152055740356,-9.55505084991455
777,1.3469030857086182,-8.940651893615723
778,1.24537992477417,-9.238885879516602
779,1.3235173225402832,-9.66640853881836
780,1.408858299255371,-9.58816146850586
781,1.1941821575164795,-9.526802062988281
782,1.0625550746917725,-9.96452522277832
783,1.2823525667190552,-10.089247703552246
784,1.1467210054397583,-10.22136402130127
785,1.5018736124038696,-10.204200744628906
786,1.2323161363601685,-10.15134048461914
787,1.244913101196289,-10.192554473876953
788,1.1109565496444702,-10.12187385559082
789,1.4474806785583496,-10.161051750183105
790,1.4148927927017212,-9.739624977111816
791,1.4086368083953857,-9.220454216003418
792,1.199405550956726,-9.505141258239746
793,1.2245512008666992,-9.311945915222168
794,1.2153911590576172,-9.779926300048828
795,1.1600512266159058,-9.901734352111816
796,1.2066593170166016,-10.104342460632324
797,1.1193091869354248,-10.281624794006348
798,1.1451256275177002,-10.335348129272461
799,1.4475289583206177,-10.333038330078125
800,1.0650765895843506,-10.346009254455566
801,1.2027013301849365,-10.392120361328125
802,1.3407313823699951,-10.37153434753418
803,1.8421437740325928,-10.260470390319824
804,1.1506844758987427,-10.012809753417969
805,1.3342385292053223,-9.444997787475586
806,1.1972010135650635,-8.965566635131836
807,1.275813102722168,-9.115984916687012
808,1.1198246479034424,-9.306894302368164
809,1.3814542293548584,-9.562108993530273
810,1.0462636947631836,-9.529973983764648
811,1.3360633850097656,-9.654934883117676
812,1.1688895225524902,-9.983955383300781
813,1.3243176937103271,-9.966614723205566
814,1.1335351467132568,-9.82567310333252
815,1.0983526706695557,-10.01680850982666
816,1.2707836627960205,-10.261255264282227
817,0.9931871891021729,-10.168509483337402
818,1.1641829013824463,-10.207463264465332
819,1.3991320133209229,-10.185699462890625
820,1.0421621799468994,-10.06148910522461
821,1.100426197052002,-10.058511734008789
822,1.0530500411987305,-9.909600257873535
823,1.2058937549591064,-9.673138618469238
824,1.1970901489257812,-9.243213653564453
825,1.182584285736084,-9.479290008544922
826,1.3435642719268799,-9.797564506530762
827,1.2221295833587646,-9.75869369506836
828,1.0853495597839355,-9.56171989440918
829,1.1609423160552979,-10.005782127380371
830,1.1203628778457642,-10.16696548461914
831,1.241281509399414,-10.20531177520752
832,1.1257171630859375,-10.26902961730957
833,1.1327836513519287,-10.179139137268066
834,1.0583488941192627,-10.107743263244629
835,1.1941344738006592,-10.031588554382324
836,1.0928806066513062,-9.550088882446289
837,1.013587474822998,-9.378669738769531
838,1.1519109010696411,-9.458005905151367
839,1.0713274478912354,-9.62668228149414
840,1.0479297637939453,-9.764749526977539
841,1.3466811180114746,-9.939362525939941
842,1.0624496936798096,-9.908635139465332
843,1.1227890253067017,-10.157188415527344
844,1.1238789558410645,-10.113229751586914
845,1.0306611061096191,-10.129416465759277
846,1.0108532905578613,-10.07194995880127
847,1.2626477479934692,-9.84550952911377
848,1.1108555793762207,-9.256989479064941
849,1.0343239307403564,-9.313465118408203
850,1.1489248275756836,-9.217296600341797
851,1.2327594757080078,-9.778882026672363
852,1.1083502769470215,-9.971344947814941
853,1.1211552619934082,-9.692120552062988
854,1.0127629041671753,-10.219023704528809
855,1.2657132148742676,-10.358847618103027
856,1.0636672973632812,-10.245649337768555
857,1.1861028671264648,-10.104722023010254
858,0.9938021898269653,-9.96127700805664
859,1.1479986906051636,-9.988203048706055
860,1.0167675018310547,-9.831165313720703
861,1.34634268283844,-8.33728313446045
862,1.1378059387207031,-9.014954566955566
863,1.0332014560699463,-9.502429008483887
864,1.2387112379074097,-9.881032943725586
865,1.138734221458435,-10.093205451965332
866,1.0305520296096802,-10.170119285583496
867,1.135873794555664,-10.193366050720215
868,0.961867094039917,-10.358362197875977
869,1.0206480026245117,-10.318658828735352
870,0.9916373491287231,-10.353842735290527
871,0.954540491104126,-10.325692176818848
872,1.088489055633545,-10.331372261047363
873,0.7842767834663391,-10.352853775024414
874,1.0218887329101562,-10.360128402709961
875,1.1349513530731201,-10.188949584960938
876,1.0937731266021729,-10.062918663024902
877,1.0274231433868408,-9.8608980178833
878,1.182748556137085,-8.867378234863281
879,0.7920809984207153,-9.251482009887695
880,0.8813973665237427,-9.1854829788208
881,0.7675679922103882,-9.633251190185547
882,1.0777106285095215,-9.666748046875
883,1.1060841083526611,-9.767200469970703
884,1.0918296575546265,-9.882368087768555
885,1.1659915447235107,-10.233248710632324
886,1.0131957530975342,-10.38848876953125
887,0.6647439002990723,-10.434914588928223
888,1.009264349937439,-10.389784812927246
889,0.7896262407302856,-10.236108779907227
890,0.8562791347503662,-10.093070983886719
891,0.9323152303695679,-10.142658233642578
892,0.9070325493812561,-10.2758150100708
893,0.954413890838623,-10.312552452087402
894,1.0328487157821655,-9.837320327758789
895,1.0159425735473633,-9.357706069946289
896,0.8546779155731201,-9.542120933532715
897,0.9555684328079224,-9.878497123718262
898,0.6737863421440125,-9.995957374572754
899,0.8375324010848999,-10.087109565734863
900,0.9426178932189941,-9.68018913269043
901,0.8171859979629517,-9.783087730407715
902,0.8893653154373169,-9.658783912658691
903,0.9607619047164917,-9.700008392333984
904,0.8603065013885498,-9.795815467834473
905,0.7499895095825195,-9.776219367980957
906,0.9242264628410339,-9.697226524353027
907,0.767505407333374,-9.28050422668457
908,0.9901584386825562,-8.709632873535156
909,0.9133304953575134,-9.303082466125488
910,0.7844619750976562,-9.87385082244873
911,1.1670122146606445,-9.998368263244629
912,1.1262766122817993,-10.045841217041016
913,0.7262890934944153,-9.636724472045898
914,1.062978744506836,-10.210726737976074
915,1.0005619525909424,-10.168368339538574
916,1.1607877016067505,-9.84738540649414
917,1.0170583724975586,-9.113297462463379
918,0.8681483268737793,-8.606403350830078
919,1.0427051782608032,-9.828890800476074
920,1.1263411045074463,-9.745558738708496
921,0.9167600870132446,-9.764984130859375
922,1.0349280834197998,-9.912969589233398
923,0.9133551120758057,-9.906702995300293
924,0.9903050661087036,-10.004047393798828
925,1.0227478742599487,-10.123520851135254
926,1.0743401050567627,-10.40405559539795
927,0.9969199299812317,-10.398214340209961
928,1.1344470977783203,-9.97166633605957
929,0.9193781614303589,-9.49714469909668
930,0.9316482543945312,-9.738890647888184
931,1.3895866870880127,-10.170550346374512
932,0.9673464298248291,-10.460836410522461
933,1.118506908416748,-10.338152885437012
934,1.1193389892578125,-10.334617614746094
935,0.9976229071617126,-10.198347091674805
936,1.1386959552764893,-9.585916519165039
937,1.0687479972839355,-8.849337577819824
938,1.2397048473358154,-9.687100410461426
939,1.1814192533493042,-10.164419174194336
940,1.1092108488082886,-10.346339225769043
941,1.1833739280700684,-10.292367935180664
942,1.0012491941452026,-10.25390911102295
943,1.056781530380249,-10.375102996826172
944,0.9278675317764282,-10.436263084411621
945,1.029447078704834,-10.464383125305176
946,1.3028727769851685,-10.443347930908203
947,1.135361909866333,-10.3584623336792
948,1.1396815776824951,-10.264721870422363
949,1.121561050415039,-10.244420051574707
950,1.0568876266479492,-10.232176780700684
951,0.9533405303955078,-10.166168212890625
952,1.2251770496368408,-9.606400489807129
953,1.0468885898590088,-9.310355186462402
954,1.0802234411239624,-9.267202377319336
955,0.9731436967849731,-9.984871864318848
956,1.4739491939544678,-8.971701622009277
957,1.1303398609161377,-9.189513206481934
958,1.1163784265518188,-8.680737495422363
959,1.2325413227081299,-9.674701690673828
960,1.3486113548278809,-9.748085021972656
961,1.0364224910736084,-10.108843803405762
962,1.0303187370300293,-10.271027565002441
963,1.299256682395935,-10.137445449829102
964,1.1971232891082764,-10.241510391235352
965,1.4158679246902466,-9.833362579345703
966,1.1357866525650024,-9.395830154418945
967,1.0180906057357788,-9.777718544006348
968,1.1680381298065186,-9.871402740478516
969,1.1188111305236816,-10.047575950622559
970,1.070602536201477,-9.98621654510498
971,1.0144026279449463,-10.185846328735352
972,1.0376484394073486,-10.205366134643555
973,1.1018130779266357,-10.274554252624512
974,1.0259349346160889,-10.210409164428711
975,1.1483285427093506,-10.28272819519043
976,1.0993537902832031,-10.336390495300293
977,1.1936256885528564,-10.271323204040527
978,1.210754632949829,-10.182707786560059
979,1.0539228916168213,-10.255955696105957
980,1.2316648960113525,-10.2907133102417
981,1.040543794631958,-10.31103515625
982,1.2844345569610596,-9.929181098937988
983,0.9973312616348267,-10.109538078308105
984,1.0749403238296509,-9.723407745361328
985,1.1877093315124512,-9.335145950317383
986,1.232689380645752,-9.448785781860352
987,1.3741776943206787,-9.892333030700684
988,1.2083419561386108,-10.146319389343262
989,1.2099874019622803,-10.140665054321289
990,1.1767809391021729,-10.167634010314941
991,1.1593475341796875,-10.2164888381958
992,1.0643590688705444,-10.01181411743164
993,1.099025845527649,-10.221772193908691
994,1.2356064319610596,-10.05015754699707
995,0.9790278673171997,-9.91565227508545
996,1.2194926738739014,-9.368356704711914
997,1.2575352191925049,-9.347848892211914
998,1.2491673231124878,-10.123542785644531
999,1.2471027374267578,-10.27331256866455
1000,1.4028383493423462,-9.799186706542969
1001,1.2206377983093262,-9.92154598236084
1002,1.3589630126953125,-10.135531425476074
1003,0.9542255401611328,-10.479846954345703
1004,1.1774373054504395,-10.491856575012207
1005,1.1791290044784546,-10.253398895263672
1006,1.2498973608016968,-10.2662992477417
1007,1.7250683307647705,-10.034523963928223
1008,1.3528900146484375,-10.169050216674805
1009,1.1861764192581177,-10.263519287109375
1010,1.41162109375,-10.087862968444824
1011,1.3578970432281494,-9.493206024169922
1012,1.428598165512085,-9.498539924621582
1013,1.216920018196106,-9.818238258361816
1014,1.0749046802520752,-9.755666732788086
1015,1.3499484062194824,-9.856779098510742
1016,1.2349703311920166,-9.748666763305664
1017,1.119091272354126,-9.93680191040039
1018,1.21370530128479,-10.038412094116211
1019,1.430565357208252,-10.125025749206543
1020,1.2450847625732422,-10.376703262329102
1021,1.1541645526885986,-10.376575469970703
1022,1.1380412578582764,-10.194077491760254
1023,1.21070396900177,-10.248629570007324
1024,1.2879854440689087,-10.366840362548828
1025,1.3164288997650146,-10.319894790649414
1026,1.2258634567260742,-10.349499702453613
1027,1.2860605716705322,-10.064131736755371
1028,1.409459114074707,-9.704809188842773
1029,1.1777822971343994,-10.04024887084961
1030,1.2146201133728027,-9.810507774353027
1031,1.0283246040344238,-9.542634963989258
1032,1.1042256355285645,-9.576210021972656
1033,1.4115376472473145,-9.448941230773926
1034,1.0460584163665771,-9.357765197753906
1035,1.182126760482788,-9.387999534606934
1036,1.2719018459320068,-10.028924942016602
1037,1.2443259954452515,-10.096292495727539
1038,1.316246747970581,-10.301980018615723
1039,1.155975103378296,-10.339966773986816
1040,1.1147321462631226,-10.39837646484375
1041,1.1276415586471558,-10.356144905090332
1042,1.247685432434082,-10.465593338012695
1043,1.2740530967712402,-10.41112995147705
1044,1.2056150436401367,-10.313665390014648
1045,1.2378416061401367,-10.222082138061523
1046,1.1869876384735107,-10.112470626831055
1047,1.2254750728607178,-10.267914772033691
1048,1.22467041015625,-9.975017547607422
1049,1.3397290706634521,-10.107693672180176
1050,1.257262945175171,-9.650152206420898
1051,1.1941050291061401,-9.419842720031738
1052,1.3695322275161743,-9.445980072021484
1053,1.286498785018921,-9.318321228027344
1054,1.1833287477493286,-10.06567668914795
1055,1.0548686981201172,-10.336936950683594
1056,1.2806533575057983,-10.394780158996582
1057,1.1333564519882202,-10.518482208251953
1058,1.2731578350067139,-10.355295181274414
1059,1.2432384490966797,-10.346351623535156
1060,1.2396724224090576,-10.394414901733398
1061,1.2090187072753906,-10.450922966003418
1062,1.1441683769226074,-10.343727111816406
1063,1.071249008178711,-10.515190124511719
1064,1.0217444896697998,-10.410527229309082
1065,1.2241020202636719,-10.218515396118164
1066,0.9806676506996155,-10.394781112670898
1067,1.124117136001587,-10.33670425415039
1068,1.352479100227356,-10.384343147277832
1069,1.270827293395996,-10.323186874389648
1070,1.2543790340423584,-10.244516372680664
1071,1.3033421039581299,-10.01468276977539
1072,1.115020751953125,-9.916999816894531
1073,1.0874743461608887,-10.076737403869629
1074,1.170851230621338,-9.850462913513184
1075,1.2786214351654053,-10.150934219360352
1076,1.3424113988876343,-10.095792770385742
1077,1.363318920135498,-10.105700492858887
1078,1.3101327419281006,-9.58066177368164
1079,1.109351396560669,-9.943260192871094
1080,1.2021808624267578,-10.227387428283691
1081,1.4001965522766113,-10.059589385986328
1082,1.2039532661437988,-10.347299575805664
1083,1.5342153310775757,-9.686166763305664
1084,1.2134160995483398,-9.648241996765137
1085,1.3495469093322754,-9.914484024047852
1086,1.2629519701004028,-10.137063980102539
1087,1.3230105638504028,-10.058939933776855
1088,1.279761791229248,-9.905526161193848
1089,1.1812512874603271,-10.03652572631836
1090,1.13857901096344,-10.1641206741333
1091,1.1758263111114502,-10.449775695800781
1092,1.3743901252746582,-10.28032112121582
1093,1.591174602508545,-10.065362930297852
1094,1.6643970012664795,-9.898902893066406
1095,1.1506601572036743,-10.157885551452637
1096,1.2791378498077393,-10.470236778259277
1097,1.3763694763183594,-10.180602073669434
1098,1.495171308517456,-9.9240140914917
1099,1.4193718433380127,-9.383761405944824
1100,1.408770203590393,-8.077332496643066
1101,1.5968331098556519,-9.461670875549316
1102,1.2447500228881836,-9.917607307434082
1103,1.5004624128341675,-10.18687629699707
1104,1.8008450269699097,-9.474722862243652
1105,1.457898497581482,-9.746013641357422
1106,1.4512970447540283,-9.890170097351074
1107,1.771315574645996,-9.974542617797852
1108,1.4761123657226562,-10.261238098144531
1109,1.4178225994110107,-10.32636833190918
1110,1.3845216035842896,-10.049544334411621
1111,1.340029239654541,-10.187034606933594
1112,1.3406562805175781,-10.236345291137695
1113,1.5871304273605347,-10.289175033569336
1114,1.4239445924758911,-10.260590553283691
1115,1.3863344192504883,-10.157957077026367
1116,1.3801939487457275,-10.434637069702148
1117,1.3798859119415283,-10.180874824523926
1118,1.3699637651443481,-10.353581428527832
1119,1.9103991985321045,-9.819737434387207
1120,1.2752442359924316,-10.116289138793945
1121,1.456059217453003,-9.277144432067871
1122,1.5118601322174072,-9.541451454162598
1123,1.3152059316635132,-9.48567008972168
1124,1.6807547807693481,-9.045007705688477
1125,1.4153658151626587,-9.326948165893555
1126,1.3441611528396606,-9.756356239318848
1127,1.3346692323684692,-10.041693687438965
1128,1.2852270603179932,-10.053790092468262
1129,1.4269366264343262,-10.135839462280273
1130,1.248225212097168,-10.338774681091309
1131,1.5313031673431396,-10.000953674316406
1132,1.5892548561096191,-9.841944694519043
1133,1.371199369430542,-10.216644287109375
1134,1.5500824451446533,-9.969292640686035
1135,1.246683120727539,-10.330138206481934
1136,1.6256418228149414,-9.782196998596191
1137,1.300228476524353,-9.405572891235352
1138,1.5902378559112549,-8.85083293914795
1139,1.3450744152069092,-9.588900566101074
1140,1.422445297241211,-9.392321586608887
1141,1.5273871421813965,-9.409880638122559
1142,1.5970029830932617,-9.832741737365723
1143,1.381600022315979,-10.102873802185059
1144,1.5907683372497559,-10.136639595031738
1145,1.1726481914520264,-10.35183334350586
1146,1.6604918241500854,-10.201983451843262
1147,1.5820074081420898,-10.278616905212402
1148,1.3993842601776123,-10.279751777648926
1149,1.3556277751922607,-10.241790771484375
1150,1.4589552879333496,-10.324321746826172
1151,1.4685163497924805,-10.239518165588379
1152,1.481107234954834,-10.217370986938477
1153,1.393022060394287,-10.193504333496094
1154,1.4738268852233887,-10.196515083312988
1155,1.5737216472625732,-9.955768585205078
1156,1.4453132152557373,-10.279789924621582
1157,1.9560762643814087,-9.721035957336426
1158,1.3400604724884033,-9.699539184570312
1159,1.5394302606582642,-9.473557472229004
1160,1.5911438465118408,-9.541255950927734
1161,1.4631965160369873,-9.287252426147461
1162,1.4663430452346802,-9.570822715759277
1163,1.4597997665405273,-9.391220092773438
1164,1.8450496196746826,-9.454610824584961
1165,1.3583674430847168,-9.582215309143066
1166,1.5482630729675293,-9.831247329711914
1167,2.7325124740600586,-9.277246475219727
1168,1.692225694656372,-9.580875396728516
1169,1.532719373703003,-10.195119857788086
1170,1.8724939823150635,-9.998912811279297
1171,1.5076773166656494,-10.019229888916016
1172,1.4284014701843262,-9.899537086486816
1173,2.0179169178009033,-9.532773971557617
1174,1.9964332580566406,-9.440476417541504
1175,1.6303900480270386,-9.687699317932129
1176,1.9516521692276,-9.29678726196289
1177,1.68888258934021,-9.260915756225586
1178,1.6982054710388184,-9.195578575134277
1179,1.8486120700836182,-9.098151206970215
1180,1.7792973518371582,-9.101912498474121
1181,1.7024445533752441,-9.390156745910645
1182,1.9126262664794922,-9.0020112991333
1183,1.945338487625122,-9.315958976745605
1184,1.8077821731567383,-9.858277320861816
1185,1.5340831279754639,-10.193175315856934
1186,1.694427490234375,-10.072883605957031
1187,1.5220482349395752,-10.257912635803223
1188,2.227998733520508,-10.11495304107666
1189,2.1529157161712646,-10.070210456848145
1190,1.9655264616012573,-9.63526439666748
1191,1.6892025470733643,-9.50991439819336
1192,1.7478375434875488,-10.06881046295166
1193,2.1400437355041504,-9.946213722229004
1194,1.7964043617248535,-10.2515287399292
1195,2.087002992630005,-9.947968482971191
1196,1.433046817779541,-9.834073066711426
1197,2.1188015937805176,-9.608514785766602
1198,2.0408430099487305,-9.762986183166504
1199,1.509278416633606,-9.987273216247559
1200,1.4266655445098877,-10.121662139892578
1201,1.8772225379943848,-9.721933364868164
1202,1.9211829900741577,-9.529309272766113
1203,2.278930187225342,-9.385255813598633
1204,1.8307970762252808,-9.675642013549805
1205,2.036241054534912,-9.316482543945312
1206,1.7893750667572021,-9.47397232055664
1207,2.137561321258545,-9.236778259277344
1208,1.8268094062805176,-9.440088272094727
1209,2.0459582805633545,-9.069034576416016
1210,1.945806860923767,-8.913405418395996
1211,2.313868522644043,-9.133039474487305
1212,2.108804702758789,-8.474129676818848
1213,2.0352578163146973,-8.543085098266602
1214,1.9772958755493164,-9.105875015258789
1215,2.117164134979248,-9.043689727783203
1216,2.822782516479492,-9.115815162658691
1217,2.0150880813598633,-9.30594539642334
1218,1.951744556427002,-9.629517555236816
1219,2.0595993995666504,-9.333115577697754
1220,2.03633451461792,-9.618979454040527
1221,1.8755512237548828,-9.653467178344727
1222,2.182781934738159,-9.715380668640137
1223,1.9519782066345215,-9.764486312866211
1224,1.6869398355484009,-9.91957950592041
1225,1.7237486839294434,-9.795309066772461
1226,2.5523931980133057,-9.711000442504883
1227,2.4679784774780273,-9.474289894104004
1228,1.827979564666748,-10.053757667541504
1229,2.0858445167541504,-9.063661575317383
1230,1.9666316509246826,-9.374027252197266
1231,2.4548659324645996,-9.406390190124512
1232,2.1459431648254395,-9.528162956237793
1233,2.1842105388641357,-9.38061237335205
1234,2.1233267784118652,-9.329208374023438
1235,1.9231199026107788,-9.597149848937988
1236,2.0829360485076904,-9.55067253112793
1237,1.8512089252471924,-9.67923355102539
1238,1.9926161766052246,-9.579373359680176
1239,2.1652610301971436,-9.591826438903809
1240,1.7589879035949707,-9.92601490020752
1241,2.3917341232299805,-9.540888786315918
1242,2.175713539123535,-9.244292259216309
1243,1.9812889099121094,-9.637451171875
1244,1.8205914497375488,-9.709196090698242
1245,1.8945696353912354,-9.539488792419434
1246,2.0211069583892822,-9.314704895019531
1247,2.042982339859009,-9.336817741394043
1248,2.4969239234924316,-9.436887741088867
1249,2.0701470375061035,-9.872400283813477
1250,2.329209566116333,-9.325944900512695
1251,2.2890167236328125,-8.72126579284668
1252,2.3794357776641846,-9.079671859741211
1253,2.3432085514068604,-9.612482070922852
1254,2.449263572692871,-9.102459907531738
1255,1.8210433721542358,-8.631078720092773
1256,2.4209213256835938,-9.064990997314453
1257,2.2066915035247803,-9.371149063110352
1258,1.8752856254577637,-10.102337837219238
1259,2.1079792976379395,-9.585430145263672
1260,1.9623302221298218,-9.439423561096191
1261,2.1988089084625244,-9.570208549499512
1262,1.9904346466064453,-9.355059623718262
1263,1.8651597499847412,-9.644364356994629
1264,2.3664116859436035,-9.038473129272461
1265,2.028677225112915,-8.754703521728516
1266,1.9883732795715332,-9.539446830749512
1267,2.136399269104004,-9.503387451171875
1268,1.9025259017944336,-9.717571258544922
1269,2.1463377475738525,-9.235051155090332
1270,2.0697238445281982,-9.553654670715332
1271,2.2435779571533203,-9.316195487976074
1272,2.431804895401001,-9.111520767211914
1273,2.0400683879852295,-8.951562881469727
1274,1.7180390357971191,-9.254350662231445
1275,2.016481876373291,-9.233938217163086
1276,2.111107349395752,-9.451732635498047
1277,2.470292091369629,-8.854077339172363
1278,1.9166584014892578,-9.203104019165039
1279,2.411417007446289,-9.191723823547363
1280,2.2235240936279297,-9.601103782653809
1281,2.4643959999084473,-9.671932220458984
1282,2.207437038421631,-9.27728271484375
1283,2.2243847846984863,-9.306086540222168
1284,2.049203395843506,-9.424972534179688
1285,2.193281650543213,-9.221243858337402
1286,2.223020076751709,-9.34548568725586
1287,2.0770180225372314,-9.5065279006958
1288,1.7948007583618164,-9.550381660461426
1289,2.3063502311706543,-9.366988182067871
1290,2.063875913619995,-9.562273979187012
1291,1.8996343612670898,-9.584450721740723
1292,1.8010153770446777,-9.510565757751465
1293,2.4138576984405518,-8.791969299316406
1294,2.080718517303467,-9.255115509033203
1295,1.8616721630096436,-9.312118530273438
1296,2.149871826171875,-8.616498947143555
1297,2.103053569793701,-8.862977027893066
1298,2.308595657348633,-9.320444107055664
1299,2.7752275466918945,-8.182578086853027
1300,2.9768474102020264,-8.540916442871094
1301,2.005990982055664,-9.530564308166504
1302,2.6279335021972656,-9.624889373779297
1303,3.165729522705078,-8.590827941894531
1304,2.533435821533203,-8.395313262939453
1305,2.390286445617676,-8.592884063720703
1306,2.594440460205078,-9.14477825164795
1307,2.5253524780273438,-9.245765686035156
1308,1.9471714496612549,-9.556504249572754
1309,2.0003411769866943,-9.305863380432129
1310,2.1558125019073486,-9.607854843139648
1311,2.3503715991973877,-8.891194343566895
1312,2.065028667449951,-9.386868476867676
1313,2.4197986125946045,-9.340892791748047
1314,2.2260494232177734,-9.213288307189941
1315,2.0792126655578613,-8.817363739013672
1316,2.4827754497528076,-8.459175109863281
1317,2.720641613006592,-9.098011016845703
1318,2.0061094760894775,-9.313337326049805
1319,2.3230013847351074,-9.108531951904297
1320,2.560166597366333,-8.486237525939941
1321,2.0891010761260986,-9.037140846252441
1322,2.623415946960449,-8.947827339172363
1323,1.8935949802398682,-9.413451194763184
1324,2.5265121459960938,-8.892645835876465
1325,2.194777488708496,-9.308625221252441
1326,2.2130584716796875,-9.069275856018066
1327,2.1719608306884766,-8.987212181091309
1328,2.8486690521240234,-8.553637504577637
1329,2.36607027053833,-9.081891059875488
1330,2.587383985519409,-9.10951042175293
1331,2.5448293685913086,-8.506224632263184
1332,2.368144989013672,-8.525348663330078
1333,2.65425705909729,-9.232107162475586
1334,3.0782597064971924,-9.183818817138672
1335,2.4139182567596436,-8.902148246765137
1336,2.168877601623535,-9.352214813232422
1337,2.454139471054077,-8.838922500610352
1338,2.1610279083251953,-9.23390007019043
1339,2.423771381378174,-9.187116622924805
1340,2.5442748069763184,-8.778837203979492
1341,2.50844669342041,-9.027573585510254
1342,2.885450839996338,-8.854249000549316
1343,2.616626501083374,-8.545452117919922
1344,2.637742519378662,-8.400372505187988
1345,2.487147569656372,-8.3351469039917
1346,2.2403368949890137,-9.054935455322266
1347,2.5903263092041016,-8.689105033874512
1348,2.558520793914795,-8.365459442138672
1349,2.258396863937378,-8.465271949768066
1350,2.4873528480529785,-7.88484001159668
1351,2.494163751602173,-7.968339443206787
1352,2.5545973777770996,-8.587209701538086
1353,2.1505141258239746,-8.6248197555542
1354,2.265159845352173,-8.432474136352539
1355,2.455939769744873,-8.572322845458984
1356,2.686840295791626,-8.435791015625
1357,2.049562454223633,-8.93629264831543
1358,2.6126222610473633,-8.654537200927734
1359,2.351222515106201,-8.662349700927734
1360,2.361239433288574,-8.954975128173828
1361,2.4802119731903076,-8.9120454788208
1362,2.2822864055633545,-9.012984275817871
1363,2.42899751663208,-9.111154556274414
1364,2.686291217803955,-8.308218955993652
1365,2.4243621826171875,-8.427923202514648
1366,2.6970438957214355,-8.784128189086914
1367,2.1520299911499023,-9.594121932983398
1368,2.306504249572754,-8.318814277648926
1369,2.0796823501586914,-9.173468589782715
1370,2.9974043369293213,-7.968441009521484
1371,2.323270559310913,-9.246110916137695
1372,2.340656042098999,-9.149386405944824
1373,2.5498924255371094,-8.890694618225098
1374,2.4950201511383057,-8.6847505569458
1375,2.8035407066345215,-8.239911079406738
1376,2.8799054622650146,-9.126204490661621
1377,2.1927199363708496,-8.777101516723633
1378,2.1366000175476074,-8.709192276000977
1379,2.0768582820892334,-8.226806640625
1380,2.6225712299346924,-8.433758735656738
1381,2.6155877113342285,-8.326559066772461
1382,2.49747371673584,-8.680750846862793
1383,2.5488009452819824,-8.312540054321289
1384,2.1700849533081055,-8.879938125610352
1385,2.390011787414551,-9.005218505859375
1386,2.669004201889038,-9.113752365112305
1387,2.099245071411133,-9.092854499816895
1388,2.471212863922119,-8.207307815551758
1389,2.3857810497283936,-8.541640281677246
1390,2.425283908843994,-8.254192352294922
1391,2.3072214126586914,-9.108966827392578
1392,2.4532270431518555,-8.58098316192627
1393,2.5864057540893555,-8.281486511230469
1394,2.4698486328125,-8.542254447937012
1395,2.6956024169921875,-8.730076789855957
1396,2.35727858543396,-8.785028457641602
1397,2.3719429969787598,-8.619588851928711
1398,2.2650694847106934,-8.666996955871582
1399,2.306901454925537,-8.070568084716797
1400,2.4757981300354004,-8.485685348510742
1401,2.137263774871826,-8.44494342803955
1402,2.4797263145446777,-8.97607135772705
1403,2.0624661445617676,-8.542864799499512
1404,2.4052858352661133,-8.746325492858887
1405,2.466947078704834,-8.53827953338623
1406,2.5224668979644775,-8.549315452575684
1407,2.20772385597229,-9.193424224853516
1408,2.5297751426696777,-8.426311492919922
1409,2.131885528564453,-8.320627212524414
1410,2.1766762733459473,-8.474010467529297
1411,2.6952919960021973,-8.244926452636719
1412,2.433250904083252,-8.381671905517578
1413,2.7757668495178223,-7.910829544067383
1414,2.299696922302246,-9.399735450744629
1415,2.406224012374878,-8.16482162475586
1416,2.4641613960266113,-8.126357078552246
1417,2.494457244873047,-8.819524765014648
1418,2.4183080196380615,-8.689289093017578
1419,2.1471405029296875,-9.003841400146484
1420,2.44893741607666,-8.688830375671387
1421,2.3463542461395264,-8.773852348327637
1422,2.5753018856048584,-8.316864967346191
1423,2.2846789360046387,-9.181185722351074
1424,2.503993511199951,-8.609704971313477
1425,2.332426071166992,-8.99350357055664
1426,2.6215434074401855,-8.238985061645508
1427,2.556776285171509,-8.106770515441895
1428,2.629103183746338,-7.935834884643555
1429,2.4252758026123047,-8.880221366882324
1430,2.118849277496338,-8.988700866699219
1431,2.2320823669433594,-8.67738151550293
1432,2.5638275146484375,-8.221233367919922
1433,2.6496739387512207,-8.53780746459961
1434,2.7081820964813232,-8.544305801391602
1435,2.5455269813537598,-8.486631393432617
1436,2.2501869201660156,-8.610783576965332
1437,2.2036256790161133,-8.727330207824707
1438,2.2462611198425293,-8.596487998962402
1439,2.1518726348876953,-8.671172142028809
1440,2.4990720748901367,-8.208526611328125
1441,2.5928096771240234,-8.195284843444824
1442,2.179574489593506,-8.574110984802246
1443,2.5968217849731445,-8.433393478393555
1444,2.378570795059204,-8.553314208984375
1445,2.756483793258667,-8.1337308883667
1446,2.356658935546875,-8.309686660766602
1447,2.2829248905181885,-8.676321029663086
1448,2.3526673316955566,-8.089153289794922
1449,2.3944990634918213,-8.68014144897461
1450,2.0311331748962402,-9.156639099121094
1451,2.6494107246398926,-8.110721588134766
1452,2.494389295578003,-8.100560188293457
1453,2.050455093383789,-8.068846702575684
1454,2.6553807258605957,-8.726086616516113
1455,2.7562878131866455,-8.398056983947754
1456,2.6373257637023926,-8.700177192687988
1457,2.142487049102783,-8.877286911010742
1458,2.205946445465088,-9.3125
1459,2.261559009552002,-8.348516464233398
1460,2.1947357654571533,-7.9086174964904785
1461,2.320237159729004,-8.499761581420898
1462,2.1877517700195312,-8.575702667236328
1463,2.635875701904297,-8.325728416442871
1464,2.66937255859375,-8.096996307373047
1465,2.1289472579956055,-7.948813438415527
1466,2.284637928009033,-8.499444961547852
1467,2.259439706802368,-8.476164817810059
1468,2.2800710201263428,-7.3737335205078125
1469,2.364884614944458,-8.0004243850708
1470,2.4539589881896973,-8.387775421142578
1471,2.557251453399658,-8.770913124084473
1472,2.5399255752563477,-7.807680606842041
1473,1.911204218864441,-8.62114429473877
1474,2.539921283721924,-8.48586654663086
1475,2.387155532836914,-8.7135009765625
1476,2.2972288131713867,-8.974222183227539
1477,2.302771806716919,-8.407032012939453
1478,2.314915180206299,-8.216143608093262
1479,2.1699235439300537,-8.877497673034668
1480,2.8484134674072266,-8.239956855773926
1481,2.6516611576080322,-8.042707443237305
1482,2.534740447998047,-8.322410583496094
1483,2.448542594909668,-8.511159896850586
1484,2.3829667568206787,-9.249789237976074
1485,2.7649590969085693,-8.103835105895996
1486,2.63572096824646,-7.520825386047363
1487,2.768329620361328,-8.175107955932617
1488,2.5745816230773926,-8.674261093139648
1489,2.393404960632324,-8.266894340515137
1490,2.286961793899536,-7.551375865936279
1491,2.4184353351593018,-8.836221694946289
1492,2.3060712814331055,-8.777300834655762
1493,2.9754302501678467,-7.7838263511657715
1494,2.2350544929504395,-8.620307922363281
1495,2.738286018371582,-8.344442367553711
1496,2.103677272796631,-8.634424209594727
1497,2.268388271331787,-8.149312973022461
1498,2.50734281539917,-7.830662250518799
1499,2.4801230430603027,-8.261500358581543
1500,1.9464836120605469,-9.359109878540039
1501,2.2247610092163086,-8.998869895935059
1502,2.2625157833099365,-8.465106964111328
1503,2.34617280960083,-8.137405395507812
1504,2.7953248023986816,-8.6841402053833
1505,2.9076151847839355,-7.77197265625
1506,2.903698682785034,-7.438451766967773
1507,2.663051128387451,-7.909625053405762
1508,2.649843692779541,-8.506425857543945
1509,2.32904052734375,-8.424080848693848
1510,2.270326614379883,-8.816540718078613
1511,2.3479440212249756,-8.270607948303223
1512,3.234586477279663,-7.652804374694824
1513,2.5426831245422363,-8.368156433105469
1514,2.306763172149658,-8.473889350891113
1515,2.541274309158325,-8.614725112915039
1516,2.4354162216186523,-8.145721435546875
1517,2.41747784614563,-8.467998504638672
1518,2.5521864891052246,-8.087186813354492
1519,2.6750025749206543,-7.886494159698486
1520,2.7211194038391113,-8.569390296936035
1521,2.6883888244628906,-8.056548118591309
1522,2.3330225944519043,-7.703141689300537
1523,2.2744734287261963,-7.79170036315918
1524,2.2953457832336426,-8.453749656677246
1525,2.553241729736328,-8.372354507446289
1526,2.734686851501465,-7.929821968078613
1527,2.5670623779296875,-7.419801712036133
1528,2.2699882984161377,-7.9915242195129395
1529,2.313830852508545,-8.607686042785645
1530,2.1839804649353027,-8.352764129638672
1531,2.2461133003234863,-8.250121116638184
1532,2.3048624992370605,-7.938855171203613
1533,2.3850488662719727,-7.904704570770264
1534,2.4150373935699463,-8.3694429397583
1535,2.4175829887390137,-7.9218363761901855
1536,2.267996311187744,-8.303155899047852
1537,1.9437354803085327,-8.09469223022461
1538,2.1193039417266846,-7.868697643280029
1539,2.600738286972046,-7.849185943603516
1540,2.6627981662750244,-7.685478687286377
1541,2.536348819732666,-7.141497611999512
1542,2.318079710006714,-7.838822841644287
1543,2.1717076301574707,-7.9332170486450195
1544,2.3698277473449707,-7.357066631317139
1545,2.2384681701660156,-8.408378601074219
1546,2.109771251678467,-8.064684867858887
1547,2.06449294090271,-7.981410026550293
1548,2.391261100769043,-8.009007453918457
1549,2.1900739669799805,-8.283269882202148
1550,2.451754093170166,-8.364840507507324
1551,2.456578016281128,-8.112595558166504
1552,2.2341513633728027,-8.165414810180664
1553,1.7587025165557861,-8.351448059082031
1554,2.5026397705078125,-8.020807266235352
1555,2.2743237018585205,-8.324671745300293
1556,2.4846506118774414,-7.675329685211182
1557,2.389288902282715,-8.318623542785645
1558,2.072885274887085,-7.726036548614502
1559,2.33329439163208,-8.66412353515625
1560,1.8200067281723022,-8.105615615844727
1561,2.0065550804138184,-8.341818809509277
1562,2.548266887664795,-8.040826797485352
1563,2.5025556087493896,-7.3828125
1564,2.51338267326355,-7.998816967010498
1565,1.9816386699676514,-7.932178497314453
1566,1.943369746208191,-7.625969886779785
1567,2.2511849403381348,-8.39147663116455
1568,2.215998649597168,-7.9438300132751465
1569,1.8631494045257568,-7.986515998840332
1570,2.2668752670288086,-7.892747402191162
1571,1.953801155090332,-8.310136795043945
1572,2.7720141410827637,-7.934338569641113
1573,2.1503472328186035,-7.654695987701416
1574,2.4448256492614746,-8.086363792419434
1575,2.1625092029571533,-7.660465717315674
1576,1.946906328201294,-8.157112121582031
1577,2.242827892303467,-8.517293930053711
1578,2.6800239086151123,-7.940769195556641
1579,2.0810418128967285,-8.0635347366333
1580,2.2507290840148926,-7.546619892120361
1581,2.614229202270508,-7.9637861251831055
1582,2.531702995300293,-8.146322250366211
1583,2.973487138748169,-7.612582206726074
1584,1.958423137664795,-8.239094734191895
1585,2.034332275390625,-7.764845371246338
1586,2.852216958999634,-7.541705131530762
1587,2.1532890796661377,-8.775982856750488
1588,2.5668463706970215,-8.175819396972656
1589,2.156832695007324,-7.641686916351318
1590,2.256334066390991,-7.926630973815918
1591,1.8969366550445557,-8.181024551391602
1592,2.045971393585205,-8.096819877624512
1593,2.0401611328125,-7.629739761352539
1594,2.1256818771362305,-8.598133087158203
1595,1.9661684036254883,-8.945337295532227
1596,2.4829182624816895,-8.427779197692871
1597,2.388037919998169,-7.722733020782471
1598,2.2113327980041504,-8.23432445526123
1599,2.12774920463562,-7.6934814453125
1600,2.3043935298919678,-7.9050092697143555
1601,2.4777846336364746,-7.626529693603516
1602,1.904050588607788,-8.620458602905273
1603,2.1635634899139404,-8.253857612609863
1604,2.157243251800537,-7.926880359649658
1605,1.8968234062194824,-8.421587944030762
1606,2.511803150177002,-7.372880935668945
1607,2.1588516235351562,-8.535319328308105
1608,1.9636681079864502,-8.198159217834473
1609,2.418980121612549,-7.451010704040527
1610,2.1474924087524414,-8.464033126831055
1611,2.3073885440826416,-8.037931442260742
1612,2.3014209270477295,-7.4993486404418945
1613,2.2062878608703613,-8.337586402893066
1614,2.229569911956787,-8.231780052185059
1615,1.9264256954193115,-8.350997924804688
1616,2.1477184295654297,-8.076064109802246
1617,2.300447940826416,-7.436643600463867
1618,2.713502883911133,-7.398834228515625
1619,2.1139848232269287,-8.147842407226562
1620,2.446169853210449,-7.720696926116943
1621,2.3327383995056152,-8.434638977050781
1622,2.357309341430664,-7.731906890869141
1623,2.0821404457092285,-8.1151704788208
1624,2.5996835231781006,-8.002753257751465
1625,2.366828680038452,-8.102134704589844
1626,2.0373036861419678,-8.403901100158691
1627,2.349269390106201,-7.580223560333252
1628,2.3697938919067383,-8.178350448608398
1629,2.4021661281585693,-8.18278980255127
1630,2.5020816326141357,-7.8037567138671875
1631,2.6232292652130127,-7.112668514251709
1632,2.1332662105560303,-7.239109039306641
1633,2.08602237701416,-7.794268608093262
1634,2.421644687652588,-7.485592842102051
1635,2.2481861114501953,-8.079263687133789
1636,2.3673009872436523,-8.13610553741455
1637,2.179886817932129,-8.124743461608887
1638,2.4806952476501465,-8.432829856872559
1639,2.0427327156066895,-8.65112018585205
1640,1.950974464416504,-8.411223411560059
1641,2.230595588684082,-8.06372356414795
1642,2.149095058441162,-7.953608989715576
1643,2.1370930671691895,-7.783656120300293
1644,2.616055488586426,-7.634653091430664
1645,1.900505781173706,-9.162413597106934
1646,2.7308826446533203,-7.882735729217529
1647,2.3998565673828125,-7.59912109375
1648,2.552053928375244,-7.966116905212402
1649,2.2815260887145996,-8.081260681152344
1650,2.504096269607544,-7.519516468048096
1651,1.7860493659973145,-8.002676010131836
1652,2.6274218559265137,-8.089780807495117
1653,2.081350803375244,-8.579933166503906
1654,2.3418872356414795,-7.840456962585449
1655,1.9430062770843506,-8.36596965789795
1656,2.406068801879883,-7.931298732757568
1657,2.2900924682617188,-8.096935272216797
1658,2.2205400466918945,-8.200913429260254
1659,2.3054652214050293,-8.264059066772461
1660,2.238158702850342,-8.153544425964355
1661,2.125629425048828,-8.053450584411621
1662,2.22985577583313,-7.593917369842529
1663,2.1321468353271484,-8.702448844909668
1664,2.263197422027588,-7.867590427398682
1665,1.9757438898086548,-8.747941017150879
1666,2.209944248199463,-8.015922546386719
1667,2.1438636779785156,-8.550739288330078
1668,1.9952564239501953,-8.945738792419434
1669,1.8418842554092407,-8.583854675292969
1670,1.951505184173584,-8.529462814331055
1671,2.123487710952759,-7.972241401672363
1672,2.2239418029785156,-8.04803466796875
1673,1.7166763544082642,-8.379732131958008
1674,2.230682373046875,-7.9248762130737305
1675,2.3820900917053223,-7.97255802154541
1676,2.106999397277832,-7.7252678871154785
1677,2.0750653743743896,-7.870358943939209
1678,2.471839189529419,-8.144471168518066
1679,2.1425719261169434,-7.750797271728516
1680,2.1903200149536133,-8.648754119873047
1681,1.9506903886795044,-8.130853652954102
1682,2.1588973999023438,-8.007865905761719
1683,2.2371764183044434,-7.8701558113098145
1684,2.1781907081604004,-8.428110122680664
1685,2.4614644050598145,-8.437583923339844
1686,1.9924354553222656,-8.204113006591797
1687,1.7422807216644287,-8.495220184326172
1688,1.7735207080841064,-8.777449607849121
1689,2.030062437057495,-8.13300609588623
1690,2.1412606239318848,-8.337272644042969
1691,2.42798113822937,-7.657254219055176
1692,2.4076857566833496,-8.069622039794922
1693,2.0225563049316406,-8.732141494750977
1694,2.2794065475463867,-8.021224021911621
1695,2.271364212036133,-7.802287578582764
1696,2.208615303039551,-7.7956929206848145
1697,2.130128860473633,-8.057175636291504
1698,2.6450839042663574,-7.79570198059082
1699,2.11126971244812,-8.067340850830078
1700,2.208313226699829,-8.136808395385742
1701,2.255308151245117,-8.32107925415039
1702,1.8458685874938965,-7.829448223114014
1703,2.327620506286621,-7.746335983276367
1704,2.216344118118286,-7.929133892059326
1705,2.142563819885254,-7.868477821350098
1706,2.3386712074279785,-7.785058975219727
1707,2.2490127086639404,-8.33581256866455
1708,2.157402992248535,-7.443658351898193
1709,1.9509360790252686,-8.643932342529297
1710,1.8367462158203125,-7.8869147300720215
1711,2.007826328277588,-8.398900032043457
1712,2.2941348552703857,-7.974225997924805
1713,2.128506898880005,-8.765632629394531
1714,2.1854605674743652,-8.484578132629395
1715,2.198582887649536,-8.470532417297363
1716,1.915250301361084,-8.361748695373535
1717,1.864709496498108,-8.403664588928223
1718,2.046858072280884,-8.109758377075195
1719,2.3429386615753174,-7.489168167114258
1720,1.9616916179656982,-8.3074312210083
1721,1.9124999046325684,-8.475320816040039
1722,2.049103021621704,-8.448055267333984
1723,2.1319456100463867,-8.439226150512695
1724,2.1169915199279785,-8.198358535766602
1725,2.209829330444336,-8.079830169677734
1726,2.410034656524658,-7.850855827331543
1727,2.271867513656616,-8.086465835571289
1728,2.1358675956726074,-7.898791313171387
1729,2.107250928878784,-7.384363174438477
1730,2.267246723175049,-7.880929946899414
1731,1.7788448333740234,-8.416980743408203
1732,2.194976329803467,-7.994369983673096
1733,2.051304817199707,-8.073046684265137
1734,2.255248785018921,-8.090136528015137
1735,2.2917466163635254,-7.790726184844971
1736,2.013179302215576,-7.564758777618408
1737,2.180567741394043,-7.713923454284668
1738,2.1869492530822754,-7.822813510894775
1739,2.0708723068237305,-8.101215362548828
1740,2.1692938804626465,-8.202452659606934
1741,2.1801490783691406,-8.537311553955078
1742,2.1865134239196777,-7.822598934173584
1743,1.6399500370025635,-8.048919677734375
1744,2.0200066566467285,-7.524347305297852
1745,2.2065441608428955,-8.272629737854004
1746,2.233193874359131,-7.909907817840576
1747,2.0850117206573486,-8.166542053222656
1748,2.1043994426727295,-7.827437877655029
1749,2.2772345542907715,-7.770145893096924
1750,2.0148441791534424,-8.231437683105469
1751,2.266425132751465,-8.129837989807129
1752,2.4103522300720215,-7.946713924407959
1753,2.155057907104492,-8.277579307556152
1754,2.073525905609131,-8.259588241577148
1755,2.299144744873047,-8.41594409942627
1756,2.2783970832824707,-8.256345748901367
1757,2.055018901824951,-7.877798080444336
1758,2.1300926208496094,-7.204594135284424
1759,2.3905367851257324,-7.773018836975098
1760,2.483717918395996,-7.712060928344727
1761,2.2775063514709473,-7.638838291168213
1762,2.062880516052246,-8.084799766540527
1763,2.3346800804138184,-7.447969436645508
1764,2.186434268951416,-7.9977617263793945
1765,1.7550201416015625,-8.142955780029297
1766,2.073286533355713,-8.548548698425293
1767,2.2203502655029297,-8.115100860595703
1768,2.332160711288452,-8.036127090454102
1769,2.16231107711792,-8.409664154052734
1770,2.478123188018799,-7.771613597869873
1771,2.296557903289795,-7.628415107727051
1772,2.016867160797119,-8.220958709716797
1773,2.2810475826263428,-7.6687445640563965
1774,2.404615879058838,-8.190652847290039
1775,2.16685152053833,-7.436276435852051
1776,2.1822590827941895,-7.818813323974609
1777,2.3285536766052246,-8.668161392211914
1778,2.19150447845459,-8.242959022521973
1779,2.107509136199951,-7.837306022644043
1780,2.423358201980591,-7.57105827331543
1781,2.439892053604126,-7.690910816192627
1782,2.9482712745666504,-7.407548904418945
1783,2.549232006072998,-7.8113226890563965
1784,2.271188974380493,-8.288457870483398
1785,2.314868688583374,-7.669084548950195
1786,2.304919719696045,-7.746880531311035
1787,2.2045810222625732,-8.142095565795898
1788,1.9969236850738525,-7.999298572540283
1789,2.4514894485473633,-8.284969329833984
1790,2.068014621734619,-7.623526573181152
1791,2.6675050258636475,-7.850305080413818
1792,2.4168882369995117,-7.585621356964111
1793,2.5155715942382812,-7.634871006011963
1794,2.026362895965576,-8.48130989074707
1795,2.126462936401367,-8.217329025268555
1796,2.138627529144287,-8.016936302185059
1797,2.351182460784912,-8.44979476928711
1798,2.2798852920532227,-7.830899715423584
1799,1.8613346815109253,-9.100900650024414
1800,2.3712961673736572,-7.455906867980957
1801,2.1200971603393555,-7.658514976501465
1802,2.0541558265686035,-8.456430435180664
1803,2.3146514892578125,-8.260697364807129
1804,2.228544235229492,-8.343924522399902
1805,2.127701759338379,-7.659881591796875
1806,1.9749610424041748,-8.25888442993164
1807,2.5536651611328125,-7.540647029876709
1808,2.1479761600494385,-8.274862289428711
1809,2.2704720497131348,-8.508709907531738
1810,1.9367961883544922,-8.230240821838379
1811,2.3110299110412598,-7.638946056365967
1812,2.3353075981140137,-7.81230354309082
1813,2.0433645248413086,-8.162320137023926
1814,2.6065406799316406,-7.236823081970215
1815,2.3014776706695557,-7.256850719451904
1816,2.2949461936950684,-8.21984577178955
1817,2.277749538421631,-8.92775821685791
1818,2.4735665321350098,-8.214649200439453
1819,2.3992714881896973,-6.7335734367370605
1820,1.978140115737915,-8.703845024108887
1821,2.272757053375244,-7.457697868347168
1822,2.2845354080200195,-8.183457374572754
1823,2.4092001914978027,-7.971757411956787
1824,2.377134323120117,-6.898194789886475
1825,2.3242788314819336,-8.595816612243652
1826,2.263477087020874,-8.383184432983398
1827,2.313908576965332,-7.906651496887207
1828,2.4989054203033447,-7.182301044464111
1829,2.142961263656616,-8.52782917022705
1830,2.398432493209839,-8.206822395324707
1831,2.717975616455078,-8.109447479248047
1832,2.430734157562256,-8.294506072998047
1833,2.4172096252441406,-7.755856990814209
1834,2.4536006450653076,-7.75667667388916
1835,2.1338062286376953,-8.212077140808105
1836,2.693897247314453,-8.043695449829102
1837,2.308729887008667,-8.06467342376709
1838,2.2028565406799316,-8.04798698425293
1839,2.0411033630371094,-8.4079008102417
1840,2.4132704734802246,-7.633563995361328
1841,2.7709598541259766,-8.009900093078613
1842,2.3092050552368164,-7.613058567047119
1843,2.4486632347106934,-7.93341064453125
1844,2.428886890411377,-7.977972984313965
1845,2.079090118408203,-8.135997772216797
1846,2.413773536682129,-7.9586567878723145
1847,2.4270949363708496,-7.751269340515137
1848,2.3934993743896484,-7.016839504241943
1849,2.2594146728515625,-7.31783390045166
1850,2.2474441528320312,-8.135293006896973
1851,2.307215452194214,-8.115649223327637
1852,2.3450660705566406,-7.433699131011963
1853,2.3854007720947266,-7.554795742034912
1854,2.4436607360839844,-6.949570178985596
1855,2.442897319793701,-7.4616618156433105
1856,2.1048998832702637,-7.7541608810424805
1857,2.0467028617858887,-7.352105140686035
1858,2.2960548400878906,-8.370994567871094
1859,2.340383291244507,-7.718802452087402
1860,2.0858802795410156,-8.319741249084473
1861,2.6349101066589355,-7.417392730712891
1862,2.1907050609588623,-7.951237678527832
1863,2.4585578441619873,-7.739750862121582
1864,2.553424119949341,-7.035642147064209
1865,3.468656063079834,-7.962780952453613
1866,2.485156774520874,-8.098548889160156
1867,1.9765197038650513,-8.545140266418457
1868,2.5679235458374023,-7.360604286193848
1869,2.549022674560547,-8.376662254333496
1870,2.1362648010253906,-8.018317222595215
1871,2.302879810333252,-7.990633964538574
1872,2.0831379890441895,-7.719770908355713
1873,2.444262742996216,-7.614215850830078
1874,2.678550958633423,-7.435837268829346
1875,2.813906669616699,-7.668684482574463
1876,2.419015407562256,-7.645081043243408
1877,2.0537710189819336,-8.27855110168457
1878,2.197279691696167,-7.942052841186523
1879,2.6695122718811035,-8.1143217086792
1880,2.4272522926330566,-8.402914047241211
1881,2.677793502807617,-7.850430965423584
1882,2.271462917327881,-7.2047529220581055
1883,2.940950870513916,-7.5996880531311035
1884,2.5149927139282227,-7.761021614074707
1885,2.7426939010620117,-7.797163486480713
1886,2.613579750061035,-7.614145278930664
1887,2.219008445739746,-7.422195911407471
1888,2.483224630355835,-7.441770076751709
1889,2.4126360416412354,-8.714241027832031
1890,2.2643656730651855,-8.114692687988281
1891,2.709774971008301,-7.776778697967529
1892,2.8457350730895996,-7.871283054351807
1893,2.579996109008789,-8.284635543823242
1894,2.819782257080078,-7.496541976928711
1895,2.4475934505462646,-7.611684799194336
1896,2.3264975547790527,-7.847519397735596
1897,2.3897621631622314,-7.879450798034668
1898,2.216654062271118,-8.01613998413086
1899,2.699920892715454,-8.168342590332031
1900,2.3690478801727295,-7.445436477661133
1901,2.6030192375183105,-8.262210845947266
1902,2.3054428100585938,-7.4208292961120605
1903,2.5951499938964844,-8.260778427124023
1904,2.080596923828125,-7.9299750328063965
1905,2.0294413566589355,-7.99832820892334
1906,2.027320623397827,-8.378032684326172
1907,2.5875601768493652,-7.713198661804199
1908,2.4242076873779297,-7.777621269226074
1909,2.474689245223999,-8.078512191772461
1910,2.768507242202759,-7.258418560028076
1911,2.6060009002685547,-8.345751762390137
1912,2.759967803955078,-7.463489532470703
1913,2.3675971031188965,-7.206396102905273
1914,2.381592273712158,-7.761219501495361
1915,2.6663239002227783,-7.86640739440918
1916,1.8771727085113525,-7.5980658531188965
1917,2.5697145462036133,-7.843410491943359
1918,2.392549514770508,-8.037055015563965
1919,2.8164761066436768,-7.533154487609863
1920,2.3403286933898926,-8.649127960205078
1921,2.5390336513519287,-7.496245861053467
1922,2.55912184715271,-8.831781387329102
1923,2.7501330375671387,-6.9837870597839355
1924,2.6095125675201416,-7.725295543670654
1925,2.692307472229004,-7.625332832336426
1926,2.47330641746521,-7.262362480163574
1927,2.8497631549835205,-7.832695484161377
1928,2.6286537647247314,-7.406116962432861
1929,2.3362975120544434,-6.816425323486328
1930,2.6546216011047363,-7.767855167388916
1931,2.456490993499756,-8.332586288452148
1932,2.4252095222473145,-8.295650482177734
1933,2.25717830657959,-8.442056655883789
1934,2.777182102203369,-8.122871398925781
1935,2.684478759765625,-8.709135055541992
1936,2.525721549987793,-8.023490905761719
1937,2.3358078002929688,-6.9658331871032715
1938,2.314331293106079,-8.7975492477417
1939,2.2838640213012695,-7.781614303588867
1940,2.7750844955444336,-8.25067138671875
1941,2.2059450149536133,-8.372184753417969
1942,2.864713191986084,-7.193474769592285
1943,2.5594305992126465,-7.78605842590332
1944,2.7753171920776367,-7.411494255065918
1945,2.188870429992676,-7.819194793701172
1946,2.666914939880371,-7.974114894866943
1947,2.421753406524658,-7.9453558921813965
1948,2.510538101196289,-8.045912742614746
1949,2.292036771774292,-8.540277481079102
1950,2.1315393447875977,-8.216611862182617
1951,2.4103565216064453,-8.590755462646484
1952,2.375277519226074,-7.899178504943848
1953,2.6121697425842285,-7.7525315284729
1954,2.32110595703125,-7.8473076820373535
1955,2.5080628395080566,-7.974898815155029
1956,2.3292698860168457,-8.115486145019531
1957,2.708953380584717,-8.025174140930176
1958,2.4101152420043945,-7.98457145690918
1959,2.409797191619873,-8.163006782531738
1960,2.7255289554595947,-7.6941423416137695
1961,2.8445491790771484,-7.9110426902771
1962,2.609522819519043,-7.089440822601318
1963,2.4095780849456787,-8.246696472167969
1964,2.6294491291046143,-7.291053295135498
1965,2.5855047702789307,-7.579665660858154
1966,2.4863626956939697,-7.765588283538818
1967,2.045731782913208,-7.861855983734131
1968,2.7042062282562256,-7.429160118103027
1969,2.6437559127807617,-7.884939193725586
1970,2.611393451690674,-7.469179630279541
1971,2.5944509506225586,-8.343520164489746
1972,2.510007858276367,-7.53952169418335
1973,2.263906955718994,-7.752408981323242
1974,2.337052345275879,-8.346175193786621
1975,2.296462297439575,-7.252020835876465
1976,2.1440463066101074,-7.559849262237549
1977,2.301011562347412,-8.140691757202148
1978,2.7178943157196045,-7.681440353393555
1979,2.3063125610351562,-7.9847092628479
1980,2.400301456451416,-7.986303806304932
1981,2.3377578258514404,-7.994384765625
1982,2.2964234352111816,-7.709902763366699
1983,2.2396137714385986,-8.444143295288086
1984,2.2912979125976562,-8.043575286865234
1985,2.3571677207946777,-8.304930686950684
1986,2.0694799423217773,-8.046053886413574
1987,2.4032936096191406,-7.7257843017578125
1988,2.399181842803955,-7.626663684844971
1989,2.472010850906372,-7.6244611740112305
1990,2.663647174835205,-7.459280490875244
1991,2.4856247901916504,-7.552410125732422
1992,2.180687665939331,-8.03989028930664
1993,2.4122965335845947,-7.736514091491699
1994,2.1575887203216553,-7.75018310546875
1995,2.4320108890533447,-7.881232261657715
1996,2.044947862625122,-8.27999210357666
1997,2.1164989471435547,-8.256219863891602
1998,2.027164936065674,-7.2463698387146
1999,2.3678016662597656,-8.133223533630371
2000,2.4085941314697266,-8.313307762145996
2001,2.6319026947021484,-7.6917877197265625
2002,2.5677175521850586,-7.744393348693848
2003,2.2141165733337402,-7.88070011138916
2004,2.396084785461426,-8.097110748291016
2005,2.5329108238220215,-7.552019119262695
2006,2.3736555576324463,-8.174726486206055
2007,2.202749252319336,-8.11350154876709
2008,2.2438292503356934,-7.9257893562316895
2009,2.5760464668273926,-7.044715404510498
2010,2.467242956161499,-7.64101505279541
2011,2.527055263519287,-7.242156505584717
2012,2.6012747287750244,-7.397800445556641
2013,2.254925012588501,-7.729651927947998
2014,2.2738404273986816,-8.264490127563477
2015,2.0656752586364746,-8.337342262268066
2016,2.7550172805786133,-7.070883274078369
2017,2.8250732421875,-7.9726762771606445
2018,2.362413167953491,-7.583053112030029
2019,2.143876075744629,-7.901915073394775
2020,2.4874963760375977,-8.342013359069824
2021,2.7002086639404297,-7.854612827301025
2022,2.2401628494262695,-8.002079010009766
2023,2.4388885498046875,-7.966113090515137
2024,2.4485840797424316,-7.485920429229736
2025,2.4000229835510254,-7.984197616577148
2026,2.2912731170654297,-8.106346130371094
2027,2.489488124847412,-7.415520668029785
2028,2.664762020111084,-7.786837577819824
2029,2.226325511932373,-8.047704696655273
2030,2.3462162017822266,-8.036467552185059
2031,2.634678840637207,-6.872823715209961
2032,2.4888010025024414,-7.594292163848877
2033,2.473421096801758,-8.005507469177246
2034,2.5989937782287598,-7.479629993438721
2035,2.524674892425537,-8.041419982910156
2036,2.436458110809326,-7.227664947509766
2037,2.6455516815185547,-7.4511237144470215
2038,2.6641087532043457,-6.997709274291992
2039,2.4028053283691406,-8.0453462600708
2040,2.4309089183807373,-8.162226676940918
2041,2.5632681846618652,-6.700467109680176
2042,2.9642386436462402,-7.179196357727051
2043,2.8385391235351562,-7.478131294250488
2044,3.237365245819092,-7.296056747436523
2045,2.996992588043213,-7.191272735595703
2046,2.4840822219848633,-7.954776763916016
2047,2.6849653720855713,-7.784815788269043
2048,2.6827874183654785,-7.514199256896973
2049,3.200671672821045,-7.757961273193359
2050,2.6453676223754883,-7.966687202453613
2051,2.8279218673706055,-7.476666450500488
2052,2.4187722206115723,-7.721261024475098
2053,2.786518096923828,-7.497018814086914
2054,2.6831655502319336,-7.148022651672363
2055,2.437439441680908,-7.728857517242432
2056,2.342951774597168,-7.5052266120910645
2057,2.507476806640625,-8.005520820617676
2058,2.865034580230713,-7.401667594909668
2059,2.6393866539001465,-8.069430351257324
2060,2.43121337890625,-7.997373104095459
2061,2.69360089302063,-7.145298004150391
2062,2.6315689086914062,-7.278862953186035
2063,2.654338836669922,-7.608285427093506
2064,2.258388042449951,-7.757931709289551
2065,2.670663833618164,-7.698931694030762
2066,2.243203639984131,-7.630352020263672
2067,2.4652042388916016,-8.044360160827637
2068,2.460033893585205,-7.132928848266602
2069,2.6030731201171875,-7.419487953186035
2070,2.2571184635162354,-7.8469929695129395
2071,2.4037768840789795,-8.135442733764648
2072,2.411897659301758,-8.44755744934082
2073,2.253859519958496,-8.25345230102539
2074,2.4044132232666016,-7.550518989562988
2075,2.1991324424743652,-8.02883529663086
2076,2.4681320190429688,-7.781001567840576
2077,2.208754539489746,-8.163195610046387
2078,2.9631776809692383,-7.563160419464111
2079,2.4307572841644287,-7.44618034362793
2080,2.400482416152954,-8.261934280395508
2081,2.202427387237549,-8.243753433227539
2082,2.4013798236846924,-8.195989608764648
2083,2.3576340675354004,-7.949190139770508
2084,2.234586238861084,-8.024076461791992
2085,2.269279956817627,-7.923526763916016
2086,1.9388294219970703,-8.230840682983398
2087,2.129457473754883,-7.802414417266846
2088,2.6587913036346436,-7.282891750335693
2089,2.491598129272461,-7.383095741271973
2090,2.343869686126709,-7.628293514251709
2091,2.207534074783325,-7.7642107009887695
2092,2.4847636222839355,-7.4258646965026855
2093,2.398226737976074,-7.654423236846924
2094,2.360509157180786,-6.466702938079834
2095,2.569678783416748,-7.368777275085449
2096,2.5246784687042236,-7.607507705688477
2097,2.084259033203125,-7.515398025512695
2098,2.7098464965820312,-7.364497184753418
2099,2.3847804069519043,-8.018280029296875
2100,2.390986919403076,-7.9029541015625
2101,2.8774282932281494,-7.4347758293151855
2102,2.542665719985962,-8.162906646728516
2103,2.569317102432251,-7.6037187576293945
2104,2.1464028358459473,-8.105985641479492
2105,2.2593767642974854,-7.966324329376221
2106,2.477567434310913,-7.713199615478516
2107,2.4504332542419434,-8.229599952697754
2108,3.082304000854492,-7.1775922775268555
2109,2.390913486480713,-7.642394542694092
2110,2.771714687347412,-7.755095958709717
2111,2.178725242614746,-8.060463905334473
2112,2.383923053741455,-7.6294989585876465
2113,2.1439924240112305,-8.663178443908691
2114,1.9876646995544434,-7.8447265625
2115,2.105769634246826,-8.32333755493164
2116,2.9731969833374023,-7.445894241333008
2117,2.463837146759033,-7.39164924621582
2118,2.327951431274414,-7.772465705871582
2119,2.2204833030700684,-8.093966484069824
2120,2.9775190353393555,-7.347907066345215
2121,2.3575572967529297,-8.157176971435547
2122,3.1749916076660156,-7.070716381072998
2123,2.412846088409424,-7.417169570922852
2124,2.4699699878692627,-7.9452314376831055
2125,3.345794200897217,-8.438922882080078
2126,2.241323471069336,-7.871591567993164
2127,2.343930244445801,-7.743256092071533
2128,2.1921920776367188,-7.579409122467041
2129,2.681349515914917,-7.6617279052734375
2130,2.503326892852783,-8.189814567565918
2131,2.520524501800537,-7.380147933959961
2132,2.434262275695801,-8.2150239944458
2133,3.8379199504852295,-7.492871284484863
2134,3.450796604156494,-8.0844087600708
2135,2.9469738006591797,-8.095632553100586
2136,2.5443053245544434,-7.546133995056152
2137,2.432253360748291,-7.402281284332275
2138,3.2541046142578125,-7.2411370277404785
2139,2.6377499103546143,-7.461065292358398
2140,2.656316041946411,-7.611035346984863
2141,2.4720847606658936,-7.85592794418335
2142,2.168710231781006,-7.417593002319336
2143,2.4923195838928223,-7.527637481689453
2144,2.348330020904541,-8.112029075622559
2145,2.1627955436706543,-8.119946479797363
2146,2.301982879638672,-7.817009449005127
2147,2.538282871246338,-7.723044395446777
2148,2.3059091567993164,-6.904487133026123
2149,2.679471015930176,-8.024421691894531
2150,2.97910213470459,-7.95888614654541
2151,2.5859720706939697,-7.024406909942627
2152,2.2861533164978027,-8.02695083618164
2153,2.3529891967773438,-7.722957134246826
2154,2.5061912536621094,-8.363225936889648
2155,2.4173102378845215,-7.929305553436279
2156,2.2852277755737305,-7.924313545227051
2157,2.710801839828491,-7.686697959899902
2158,2.484658718109131,-8.081581115722656
2159,2.6645946502685547,-8.207165718078613
2160,2.2192955017089844,-7.454583644866943
2161,2.4018940925598145,-7.598451137542725
2162,2.8221004009246826,-8.053794860839844
2163,3.1497297286987305,-7.83078145980835
2164,2.327470064163208,-8.019432067871094
2165,2.6589102745056152,-7.759430408477783
2166,2.7676024436950684,-6.595317363739014
2167,2.3847568035125732,-8.287264823913574
2168,2.381821393966675,-7.23397159576416
2169,2.7721309661865234,-7.170966148376465
2170,2.6228106021881104,-7.436033725738525
2171,2.4519705772399902,-7.886409759521484
2172,2.3369197845458984,-7.779876232147217
2173,2.5371317863464355,-7.618539810180664
2174,2.552464485168457,-7.649555206298828
2175,2.3378701210021973,-8.521849632263184
2176,2.578702211380005,-7.361349105834961
2177,2.38362455368042,-7.980499744415283
2178,2.799936294555664,-7.061182975769043
2179,2.4427366256713867,-7.165593147277832
2180,2.2186145782470703,-8.251002311706543
2181,2.443584442138672,-7.545522689819336
2182,2.80672550201416,-7.8414435386657715
2183,2.411284923553467,-7.059441089630127
2184,2.5152578353881836,-7.531703948974609
2185,2.660613536834717,-8.253324508666992
2186,2.753805637359619,-7.755194664001465
2187,2.7734460830688477,-6.697492599487305
2188,2.7927021980285645,-7.488157272338867
2189,2.33776593208313,-7.333723545074463
2190,2.800649881362915,-7.501889228820801
2191,1.772444486618042,-7.261754035949707
2192,2.549342393875122,-8.076842308044434
2193,2.6628317832946777,-7.163805961608887
2194,2.723217487335205,-7.132741928100586
2195,2.5291495323181152,-7.380868434906006
2196,2.3256676197052,-6.944756984710693
2197,2.5134599208831787,-8.06136703491211
2198,2.5680465698242188,-8.060647010803223
2199,2.310446262359619,-7.7710652351379395
2200,2.2257394790649414,-7.655831813812256
2201,2.6478774547576904,-6.885521411895752
2202,2.2851204872131348,-7.935878276824951
2203,2.462218761444092,-7.616921424865723
2204,2.40364670753479,-7.652099609375
2205,2.6730079650878906,-7.371586322784424
2206,2.941972017288208,-7.38382625579834
2207,2.421842098236084,-8.27922534942627
2208,2.506089448928833,-7.320094585418701
2209,2.674205780029297,-7.7037672996521
2210,2.37935209274292,-7.124117374420166
2211,2.329660415649414,-8.007972717285156
2212,2.3920559883117676,-8.0042085647583
2213,2.6309568881988525,-7.736785411834717
2214,2.776205539703369,-7.812685012817383
2215,2.408184289932251,-7.506065845489502
2216,2.2295026779174805,-7.5844831466674805
2217,2.286638021469116,-7.7257399559021
2218,2.1782686710357666,-7.78206729888916
2219,2.3991587162017822,-7.5282769203186035
2220,2.656269073486328,-7.6457200050354
2221,2.268721580505371,-7.641956806182861
2222,2.873601198196411,-6.978785514831543
2223,2.420445442199707,-6.821868419647217
2224,2.9165635108947754,-6.634864330291748
2225,2.5386276245117188,-7.000958442687988
2226,3.004530906677246,-6.844634532928467
2227,2.652647018432617,-7.690982818603516
2228,2.518486499786377,-6.774215221405029
2229,2.428267002105713,-7.937957763671875
2230,2.4182538986206055,-7.7193098068237305
2231,2.6466078758239746,-7.374969005584717
2232,2.51054048538208,-7.509345054626465
2233,2.4076743125915527,-7.570127010345459
2234,2.4044101238250732,-7.7836127281188965
2235,3.0809216499328613,-7.115474224090576
2236,2.501904010772705,-8.1593656539917
2237,2.663292646408081,-7.380358695983887
2238,2.323340892791748,-7.88985538482666
2239,2.137558937072754,-7.105052471160889
2240,2.5372776985168457,-7.920124530792236
2241,2.285447597503662,-8.160477638244629
2242,2.59584903717041,-7.262272357940674
2243,2.341282844543457,-7.848792552947998
2244,2.710911750793457,-7.468829154968262
2245,2.473693370819092,-8.637914657592773
2246,2.252171039581299,-8.187007904052734
2247,2.5674400329589844,-7.062067031860352
2248,2.4075136184692383,-7.42709493637085
2249,2.5743558406829834,-6.943765640258789
2250,2.4172568321228027,-8.298535346984863
2251,2.574751377105713,-8.029844284057617
2252,2.1051511764526367,-8.107892036437988
2253,2.4112043380737305,-7.9161376953125
2254,2.3490149974823,-7.951598644256592
2255,2.0693979263305664,-7.628810882568359
2256,2.503180742263794,-7.797131538391113
2257,2.2561488151550293,-8.182452201843262
2258,2.4774832725524902,-7.351059436798096
2259,2.195554256439209,-7.827309608459473
2260,2.658924102783203,-7.495683670043945
2261,2.900733470916748,-7.428396224975586
2262,2.549103260040283,-7.782237529754639
2263,2.5829343795776367,-7.230006694793701
2264,2.896986722946167,-7.110131740570068
2265,2.6258299350738525,-7.369531154632568
2266,2.3455209732055664,-7.478247165679932
2267,2.647130012512207,-7.252735614776611
2268,2.873950481414795,-6.8502888679504395
2269,2.336322784423828,-7.600299835205078
2270,2.510087490081787,-7.654464244842529
2271,2.190725326538086,-7.774287223815918
2272,2.368978977203369,-7.094473838806152
2273,2.1727914810180664,-7.565101146697998
2274,2.5112624168395996,-7.397202968597412
2275,2.5497310161590576,-7.470771312713623
2276,2.3537139892578125,-7.550589084625244
2277,2.4090209007263184,-7.539623260498047
2278,2.3600265979766846,-7.764443397521973
2279,2.5310864448547363,-7.9676337242126465
2280,2.7887156009674072,-6.181801795959473
2281,2.328950881958008,-6.772432804107666
2282,2.272623062133789,-7.7428436279296875
2283,2.510152816772461,-7.650758743286133
2284,2.5407874584198,-6.926023960113525
2285,2.2697315216064453,-7.091136455535889
2286,2.679342269897461,-6.959862232208252
2287,2.2092232704162598,-7.970400810241699
2288,2.645507335662842,-7.7536211013793945
2289,2.302504539489746,-8.272165298461914
2290,2.3959743976593018,-8.048271179199219
2291,2.362142324447632,-7.496099472045898
2292,2.370981216430664,-7.413651943206787
2293,2.7950472831726074,-6.788872241973877
2294,2.6639866828918457,-7.119860649108887
2295,2.670835494995117,-7.918089389801025
2296,2.05903959274292,-8.06048583984375
2297,2.2136073112487793,-8.008000373840332
2298,2.5242578983306885,-6.791997909545898
2299,2.2714552879333496,-7.3223652839660645
2300,2.336879253387451,-6.663506984710693
2301,2.199392318725586,-7.607339382171631
2302,2.4453132152557373,-7.372113227844238
2303,2.3149592876434326,-7.302881240844727
2304,2.3543877601623535,-7.677338123321533
2305,2.4016876220703125,-7.5535736083984375
2306,2.573345899581909,-7.644202709197998
2307,3.0494332313537598,-7.186455726623535
2308,2.387223243713379,-7.861281871795654
2309,2.8333945274353027,-7.106513023376465
2310,2.0460121631622314,-8.226215362548828
2311,2.2858705520629883,-7.086407661437988
2312,2.8579978942871094,-7.349644660949707
2313,2.6596832275390625,-7.463311672210693
2314,2.600261926651001,-8.039959907531738
2315,2.730727195739746,-6.915315628051758
2316,2.161396026611328,-8.247523307800293
2317,2.5637269020080566,-7.651421070098877
2318,2.4186739921569824,-7.5004167556762695
2319,2.108543872833252,-7.395012855529785
2320,2.9297451972961426,-7.092072010040283
2321,2.5972752571105957,-7.586244106292725
2322,2.2205591201782227,-7.154282093048096
2323,2.6030023097991943,-7.194516658782959
2324,2.5655357837677,-7.81295919418335
2325,2.0429928302764893,-7.819803237915039
2326,1.8484268188476562,-8.850528717041016
2327,2.2932467460632324,-7.636042594909668
2328,2.7617316246032715,-7.720142364501953
2329,2.5295205116271973,-7.019272327423096
2330,2.455571174621582,-7.061790943145752
2331,2.4360954761505127,-7.807650089263916
2332,2.5810489654541016,-6.9626994132995605
2333,2.5449299812316895,-6.910985946655273
2334,2.419985294342041,-7.500118255615234
2335,2.446056842803955,-7.214848518371582
2336,2.284639835357666,-7.666355609893799
2337,2.257981061935425,-8.212518692016602
2338,1.9027290344238281,-8.314972877502441
2339,2.391977548599243,-6.395047187805176
2340,2.0752010345458984,-8.083843231201172
2341,2.3272764682769775,-7.015321731567383
2342,2.082641124725342,-8.171880722045898
2343,1.948832392692566,-7.462587833404541
2344,2.1195693016052246,-8.110328674316406
2345,2.225327968597412,-7.062556266784668
2346,2.253815174102783,-7.530827045440674
2347,2.525852680206299,-7.106589317321777
2348,2.767077684402466,-7.766768932342529
2349,2.1232810020446777,-7.947286605834961
2350,2.030829668045044,-7.802363395690918
2351,2.198187828063965,-7.665710926055908
2352,2.3673853874206543,-7.67119026184082
2353,2.5405092239379883,-7.912954807281494
2354,2.106625556945801,-7.991751670837402
2355,1.9467371702194214,-7.973620414733887
2356,2.809722423553467,-6.634859085083008
2357,2.4676623344421387,-7.146181106567383
2358,2.0947189331054688,-7.6850056648254395
2359,2.147291421890259,-7.18048095703125
2360,2.4259374141693115,-7.574584484100342
2361,2.276517868041992,-7.328836441040039
2362,2.2280118465423584,-7.033540725708008
2363,2.117438793182373,-6.815793514251709
2364,1.8678483963012695,-8.180002212524414
2365,2.386274576187134,-7.291021823883057
2366,2.408085823059082,-7.671672344207764
2367,2.2727763652801514,-6.871829986572266
2368,2.311410665512085,-7.413501739501953
2369,2.2524967193603516,-7.368007183074951
2370,2.004648447036743,-7.3320441246032715
2371,2.193842649459839,-6.894625186920166
2372,2.18765926361084,-7.589126110076904
2373,2.236961841583252,-7.029603481292725
2374,1.8172869682312012,-7.645540714263916
2375,2.0374755859375,-7.490288257598877
2376,2.2741971015930176,-7.567892551422119
2377,2.0186877250671387,-7.457197189331055
2378,2.015888214111328,-7.970952987670898
2379,2.089350938796997,-6.967657566070557
2380,2.2634804248809814,-6.448253154754639
2381,1.8506245613098145,-7.382069110870361
2382,2.507564067840576,-7.475677013397217
2383,2.3669848442077637,-7.503412246704102
2384,2.3440680503845215,-7.235293388366699
2385,1.7836970090866089,-7.833779335021973
2386,2.3504223823547363,-8.356620788574219
2387,2.419365406036377,-7.157516002655029
2388,2.2187271118164062,-6.957474231719971
2389,1.7714091539382935,-7.390741348266602
2390,2.1328206062316895,-7.23049783706665
2391,2.210320472717285,-7.220501899719238
2392,2.2849745750427246,-7.4350457191467285
2393,2.045149564743042,-7.470812797546387
2394,2.4914283752441406,-7.264240264892578
2395,2.252196788787842,-7.312700271606445
2396,1.8808419704437256,-7.1503005027771
2397,2.0652947425842285,-7.932017803192139
2398,2.37998366355896,-7.6999711990356445
2399,2.1842644214630127,-7.148501396179199
2400,1.6131117343902588,-8.041592597961426
2401,2.4477334022521973,-7.111769199371338
2402,2.2357797622680664,-7.724240303039551
2403,2.0146234035491943,-7.598840713500977
2404,2.0819649696350098,-7.652064323425293
2405,1.9068512916564941,-8.255658149719238
2406,2.3142261505126953,-7.222597599029541
2407,2.224231004714966,-7.749349594116211
2408,2.1576993465423584,-7.916928291320801
2409,2.393608570098877,-7.168963432312012
2410,2.280144691467285,-7.656595230102539
2411,1.8517512083053589,-7.621278285980225
2412,2.1023924350738525,-8.022680282592773
2413,2.131176233291626,-8.34364128112793
2414,2.3227615356445312,-7.574634552001953
2415,2.0354151725769043,-7.711406707763672
2416,2.330387592315674,-7.625392436981201
2417,2.810837745666504,-7.433703422546387
2418,2.5791401863098145,-8.409842491149902
2419,2.3854122161865234,-7.857151985168457
2420,2.2645263671875,-7.386599540710449
2421,2.052067995071411,-7.158376693725586
2422,2.8495631217956543,-6.883907318115234
2423,2.638967752456665,-6.888958930969238
2424,2.381168842315674,-7.4059739112854
2425,2.5760555267333984,-7.174689292907715
2426,2.20371413230896,-7.425644397735596
2427,2.469733715057373,-7.130294322967529
2428,2.624359130859375,-7.320718765258789
2429,2.6569392681121826,-7.686185836791992
2430,3.2736637592315674,-6.580727577209473
2431,2.529613494873047,-6.884225845336914
2432,2.656545639038086,-6.83470344543457
2433,2.32181453704834,-7.787775993347168
2434,2.8286290168762207,-7.468287467956543
2435,2.229079246520996,-7.675400257110596
2436,2.248811721801758,-7.909358978271484
2437,2.0822343826293945,-7.6055498123168945
2438,2.0293776988983154,-7.471858501434326
2439,2.5027241706848145,-8.060352325439453
2440,2.5645065307617188,-7.73190975189209
2441,2.565800428390503,-7.408646106719971
2442,2.369973659515381,-6.779461860656738
2443,2.3449690341949463,-7.359209060668945
2444,2.609968423843384,-7.664793014526367
2445,1.959614634513855,-8.081891059875488
2446,2.510108709335327,-8.024958610534668
2447,2.567885398864746,-7.061060905456543
2448,2.452882766723633,-7.978590488433838
2449,2.2790095806121826,-8.161965370178223
2450,2.169621467590332,-7.221985340118408
2451,2.118264675140381,-7.203007698059082
2452,2.160144805908203,-8.048664093017578
2453,1.9529049396514893,-8.083771705627441
2454,2.67067813873291,-7.0782365798950195
2455,2.50066876411438,-7.098647594451904
2456,2.2166059017181396,-7.555081844329834
2457,1.921114444732666,-7.8670973777771
2458,2.2372970581054688,-7.250357627868652
2459,2.3832039833068848,-7.732463836669922
2460,2.4394562244415283,-7.121819019317627
2461,2.290611743927002,-7.540156364440918
2462,2.634531021118164,-7.566946029663086
2463,2.207526206970215,-8.1795654296875
2464,2.6188406944274902,-7.133029937744141
2465,2.37577223777771,-7.916380405426025
2466,2.483926296234131,-6.823460578918457
2467,2.078453540802002,-7.6522393226623535
2468,2.780059814453125,-7.7180376052856445
2469,2.21309757232666,-7.308718681335449
2470,2.5149357318878174,-6.662159442901611
2471,2.3360633850097656,-6.866014003753662
2472,2.0070323944091797,-7.8440632820129395
2473,2.7409634590148926,-8.120266914367676
2474,2.6232142448425293,-7.679853916168213
2475,2.272813558578491,-7.611275672912598
2476,2.215402841567993,-7.633431434631348
2477,2.311659336090088,-8.267416000366211
2478,2.5352954864501953,-6.628017425537109
2479,2.7126657962799072,-6.896255970001221
2480,2.398632049560547,-7.376471996307373
2481,2.3021669387817383,-6.920577526092529
2482,2.3345274925231934,-7.566266059875488
2483,2.5352113246917725,-7.683468818664551
2484,2.090487003326416,-7.163466930389404
2485,2.312462091445923,-7.331239223480225
2486,2.24648118019104,-7.786087512969971
2487,2.2501397132873535,-8.065112113952637
2488,2.1195545196533203,-8.108689308166504
2489,2.3734867572784424,-7.180952548980713
2490,2.5162079334259033,-7.115840911865234
2491,2.35644268989563,-7.547232627868652
2492,2.4600296020507812,-6.892558574676514
2493,2.6046910285949707,-7.822088718414307
2494,2.391129970550537,-7.271046161651611
2495,2.6508498191833496,-6.984256744384766
2496,2.30953311920166,-6.9133524894714355
2497,2.3243308067321777,-8.207327842712402
2498,2.5670933723449707,-7.544917106628418
2499,2.7982735633850098,-7.361953258514404
2500,2.237093925476074,-6.94534969329834
2501,2.1388678550720215,-7.9995269775390625
2502,2.5538253784179688,-7.568774223327637
2503,2.4888551235198975,-7.2280449867248535
2504,2.2722222805023193,-7.9022536277771
2505,2.56937837600708,-7.680914402008057
2506,2.3334383964538574,-7.2283406257629395
2507,2.3829574584960938,-7.3103227615356445
2508,2.1903419494628906,-7.916827201843262
2509,2.5345873832702637,-7.862392425537109
2510,2.709050178527832,-6.914212703704834
2511,2.5693163871765137,-6.8870368003845215
2512,2.5500223636627197,-7.422113418579102
2513,2.55787992477417,-7.045076370239258
2514,2.265209674835205,-8.103400230407715
2515,2.1553292274475098,-7.456280708312988
2516,2.634890556335449,-6.50845193862915
2517,2.1726486682891846,-7.159487724304199
2518,2.049532890319824,-8.309667587280273
2519,2.7323341369628906,-6.583111763000488
2520,2.2806169986724854,-7.514491558074951
2521,2.009631395339966,-7.021681308746338
2522,2.258474111557007,-6.8236470222473145
2523,2.026210308074951,-7.568568229675293
2524,2.5982742309570312,-7.032782077789307
2525,2.419158697128296,-6.587445259094238
2526,2.20723295211792,-7.3554887771606445
2527,2.1725733280181885,-7.192853927612305
2528,2.2514443397521973,-8.491581916809082
2529,2.242570400238037,-7.51597785949707
2530,2.469285011291504,-8.210149765014648
2531,2.3000617027282715,-7.8700032234191895
2532,2.2023138999938965,-6.814789295196533
2533,2.58482027053833,-7.684496879577637
2534,2.2313790321350098,-7.0535359382629395
2535,2.257506847381592,-8.071105003356934
2536,2.4061198234558105,-7.652339935302734
2537,2.6253085136413574,-6.733612537384033
2538,2.4987874031066895,-7.938846588134766
2539,2.4933054447174072,-6.7318949699401855
2540,2.450282096862793,-8.029314994812012
2541,2.522367477416992,-7.173437595367432
2542,2.26261043548584,-7.696629524230957
2543,2.5524425506591797,-7.824357509613037
2544,2.2163829803466797,-7.960228443145752
2545,2.452784538269043,-7.480710029602051
2546,2.1151585578918457,-7.716956615447998
2547,2.53871488571167,-7.068296432495117
2548,2.3988852500915527,-7.528289318084717
2549,2.635852575302124,-7.45086669921875
2550,2.4978654384613037,-6.97001838684082
2551,2.5556178092956543,-7.1171369552612305
2552,3.01461124420166,-5.927891731262207
2553,2.7445831298828125,-6.814523696899414
2554,2.4515678882598877,-6.5282769203186035
2555,2.571350336074829,-7.251436233520508
2556,2.296313762664795,-7.778807163238525
2557,2.0538339614868164,-7.601989269256592
2558,2.489337921142578,-7.44282341003418
2559,2.2928218841552734,-7.681832313537598
2560,2.500272274017334,-7.676213264465332
2561,2.626502513885498,-7.453718185424805
2562,2.5088086128234863,-7.659733295440674
2563,2.501126766204834,-7.010308742523193
2564,2.5190813541412354,-7.318860054016113
2565,2.3175833225250244,-7.398249626159668
2566,2.5165815353393555,-7.15948486328125
2567,3.0519275665283203,-7.2911787033081055
2568,2.6072380542755127,-7.6689558029174805
2569,2.430689811706543,-7.320427417755127
2570,2.974802017211914,-7.395463943481445
2571,2.4807803630828857,-7.579257965087891
2572,3.0251007080078125,-7.023221492767334
2573,2.864981174468994,-7.1695451736450195
2574,2.221673011779785,-7.899191856384277
2575,2.341032028198242,-8.042121887207031
2576,2.3493378162384033,-7.047631740570068
2577,2.86739444732666,-7.204225540161133
2578,2.459354877471924,-7.7753472328186035
2579,2.7313597202301025,-7.263961315155029
2580,2.866555690765381,-7.06187629699707
2581,2.154053211212158,-7.572991371154785
2582,2.3756346702575684,-7.963621616363525
2583,2.777271270751953,-6.4692840576171875
2584,2.4891204833984375,-7.719493389129639
2585,2.431148052215576,-7.2901482582092285
2586,2.474946975708008,-7.734376430511475
2587,2.0712664127349854,-7.098575592041016
2588,2.6156880855560303,-7.055997371673584
2589,2.4229588508605957,-6.901702404022217
2590,2.5597925186157227,-7.4759721755981445
2591,2.2596840858459473,-7.766691207885742
2592,2.3788235187530518,-7.573696136474609
2593,2.7618775367736816,-7.701076030731201
2594,2.717806339263916,-6.861410617828369
2595,2.2392969131469727,-7.584719181060791
2596,2.439362049102783,-7.439078330993652
2597,2.6779441833496094,-7.54686164855957
2598,2.5384178161621094,-6.454058647155762
2599,2.6312191486358643,-6.253480434417725
2600,2.515221118927002,-7.683337211608887
2601,2.5424554347991943,-7.777153968811035
2602,2.451766014099121,-7.379251003265381
2603,2.2852532863616943,-7.030561447143555
2604,2.590940475463867,-5.936767578125
2605,2.2061643600463867,-7.071387767791748
2606,2.4581570625305176,-7.172210216522217
2607,2.8819656372070312,-5.702543258666992
2608,2.439004421234131,-6.8724870681762695
2609,2.5131947994232178,-7.579765796661377
2610,2.4469528198242188,-8.203043937683105
2611,2.075687885284424,-7.371689319610596
2612,2.4529285430908203,-7.163580894470215
2613,2.417863368988037,-7.580821514129639
2614,2.5979809761047363,-7.581501483917236
2615,2.736790418624878,-6.632267475128174
2616,2.5453367233276367,-7.666629791259766
2617,2.5619006156921387,-7.098470687866211
2618,2.4022765159606934,-7.450040817260742
2619,2.414240837097168,-7.467852592468262
2620,3.4492101669311523,-7.212947845458984
2621,2.499389171600342,-7.8103742599487305
2622,2.6900837421417236,-7.057077407836914
2623,2.6748428344726562,-7.561257362365723
2624,2.5108277797698975,-7.255717754364014
2625,2.5665462017059326,-7.361483097076416
2626,2.4739840030670166,-6.476887226104736
2627,2.36146879196167,-6.963163375854492
2628,2.2314491271972656,-6.599814414978027
2629,2.840945243835449,-6.970107555389404
2630,2.527467727661133,-6.785681247711182
2631,2.3771164417266846,-7.4340667724609375
2632,2.666856288909912,-7.878056526184082
2633,2.177875280380249,-7.578768253326416
2634,2.7970781326293945,-6.681869983673096
2635,2.7980170249938965,-6.4937968254089355
2636,2.409688949584961,-7.058453559875488
2637,2.400768756866455,-6.994019985198975
2638,2.4429879188537598,-7.400251865386963
2639,2.7101969718933105,-7.268436431884766
2640,2.3398959636688232,-8.226208686828613
2641,2.575965642929077,-7.5202226638793945
2642,2.26092267036438,-7.430070877075195
2643,2.300895929336548,-7.103085994720459
2644,2.752664566040039,-6.880832672119141
2645,2.663076400756836,-6.95170783996582
2646,2.5047545433044434,-7.102028846740723
2647,2.535971164703369,-6.921365737915039
2648,2.453646183013916,-7.876328945159912
2649,2.487574338912964,-7.4629106521606445
2650,2.5853896141052246,-6.7380900382995605
2651,2.2077789306640625,-7.627443790435791
2652,2.1451830863952637,-7.702991485595703
2653,2.8295392990112305,-7.168129920959473
2654,2.4895992279052734,-6.998458385467529
2655,2.2646067142486572,-7.184554576873779
2656,2.0544075965881348,-7.972426891326904
2657,2.603062152862549,-7.009128570556641
2658,2.3693008422851562,-7.9829936027526855
2659,2.478191375732422,-7.599688529968262
2660,2.498175859451294,-5.904816150665283
2661,2.548798084259033,-7.259501934051514
2662,2.150674819946289,-7.5888166427612305
2663,2.2776644229888916,-6.916118144989014
2664,2.1409332752227783,-6.999410629272461
2665,2.5151472091674805,-7.249041557312012
2666,2.3680219650268555,-7.067154407501221
2667,2.8224380016326904,-6.7220139503479
2668,2.113286018371582,-7.72353458404541
2669,2.0841147899627686,-7.739811420440674
2670,2.6056652069091797,-7.1905903816223145
2671,2.541935920715332,-7.022001266479492
2672,2.6154122352600098,-6.707623481750488
2673,2.1871190071105957,-7.792827129364014
2674,2.278435707092285,-6.812385082244873
2675,2.336456298828125,-7.325762748718262
2676,2.2241861820220947,-7.103980541229248
2677,2.3935530185699463,-7.5826334953308105
2678,2.4791297912597656,-6.801598072052002
2679,2.541989803314209,-7.503901958465576
2680,2.493952751159668,-6.659323692321777
2681,2.594658613204956,-6.671916484832764
2682,2.2851271629333496,-7.450981616973877
2683,2.451263904571533,-7.006199359893799
2684,2.5595736503601074,-7.521013259887695
2685,2.379498243331909,-6.769792079925537
2686,2.0988576412200928,-7.628673076629639
2687,2.474844455718994,-7.070959091186523
2688,2.217953681945801,-6.739551544189453
2689,2.189098834991455,-7.317910194396973
2690,2.110347270965576,-7.080617904663086
2691,2.4516167640686035,-7.6193528175354
2692,2.5834455490112305,-7.501347541809082
2693,2.7074456214904785,-6.889747142791748
2694,2.6823339462280273,-7.2140679359436035
2695,2.493180274963379,-6.640402793884277
2696,2.7300820350646973,-7.109806060791016
2697,2.7422900199890137,-7.226752281188965
2698,2.8054099082946777,-7.131490707397461
2699,2.592036247253418,-7.6474609375
2700,2.3235056400299072,-7.280314922332764
2701,2.3812854290008545,-7.444305419921875
2702,2.6579952239990234,-6.787032604217529
2703,2.4538021087646484,-6.758047580718994
2704,3.2061171531677246,-7.174725532531738
2705,2.3006181716918945,-6.8833537101745605
2706,2.81852126121521,-7.123961925506592
2707,2.4726808071136475,-7.271551132202148
2708,3.141187906265259,-6.779063701629639
2709,2.5422096252441406,-7.0400800704956055
2710,2.592308521270752,-7.039560317993164
2711,2.3920226097106934,-7.410727500915527
2712,2.320230007171631,-7.582034111022949
2713,2.511272430419922,-7.409764289855957
2714,2.290557861328125,-7.002079010009766
2715,2.181286334991455,-7.640923500061035
2716,2.1621007919311523,-7.958739757537842
2717,2.4246163368225098,-6.983053684234619
2718,2.7846341133117676,-6.2381911277771
2719,2.4121432304382324,-7.337885856628418
2720,2.6839828491210938,-6.796421051025391
2721,2.6026830673217773,-7.741062641143799
2722,2.7585301399230957,-5.974648952484131
2723,2.284271478652954,-7.804720401763916
2724,2.4089505672454834,-7.596072196960449
2725,2.4638290405273438,-6.519019603729248
2726,2.364760398864746,-7.0185747146606445
2727,2.3880133628845215,-7.041252613067627
2728,2.4434595108032227,-6.278937339782715
2729,2.6441261768341064,-6.722253799438477
2730,2.521188497543335,-7.818953990936279
2731,2.3841071128845215,-7.096688747406006
2732,2.380030632019043,-6.812022686004639
2733,2.402798652648926,-6.794361591339111
2734,2.476398229598999,-7.281001091003418
2735,2.2923946380615234,-7.5943074226379395
2736,2.514050006866455,-7.135218620300293
2737,2.7522783279418945,-6.660417556762695
2738,2.937562942504883,-6.908161640167236
2739,2.313655376434326,-7.931060791015625
2740,2.8411340713500977,-6.439950466156006
2741,2.4544763565063477,-7.5295729637146
2742,2.4718239307403564,-7.681142807006836
2743,2.596566915512085,-6.909438610076904
2744,2.6106488704681396,-6.7232747077941895
2745,2.5126118659973145,-7.375302791595459
2746,2.4985032081604004,-7.290733814239502
2747,2.6387200355529785,-7.433450698852539
2748,2.304682731628418,-6.685047626495361
2749,2.47100830078125,-6.941112518310547
2750,2.436373233795166,-7.0264410972595215
2751,2.384739398956299,-7.133071422576904
2752,2.647655963897705,-6.72779655456543
2753,2.2046055793762207,-7.729683876037598
2754,2.6878089904785156,-6.468461990356445
2755,2.363201856613159,-7.3998236656188965
2756,2.5713257789611816,-7.4455461502075195
2757,2.2432949542999268,-6.691147327423096
2758,2.881951332092285,-6.646181106567383
2759,2.733553647994995,-7.409601211547852
2760,2.400055408477783,-7.705451011657715
2761,2.6995065212249756,-7.309415340423584
2762,2.830219268798828,-7.3366312980651855
2763,2.4562246799468994,-6.009474277496338
2764,2.464287281036377,-6.945958137512207
2765,2.389582872390747,-7.715601921081543
2766,2.4740476608276367,-7.553240776062012
2767,2.5180625915527344,-6.553953647613525
2768,2.506880283355713,-6.985780715942383
2769,2.365139961242676,-6.917251110076904
2770,2.961798667907715,-6.87592887878418
2771,2.802476406097412,-7.607911586761475
2772,2.5824661254882812,-6.936502456665039
2773,2.391695976257324,-7.172548770904541
2774,2.347541332244873,-7.0859761238098145
2775,2.5128800868988037,-7.4428277015686035
2776,2.1995835304260254,-7.254894256591797
2777,2.5969090461730957,-7.445622444152832
2778,2.352177619934082,-6.747330188751221
2779,2.6738169193267822,-7.844131946563721
2780,2.600937843322754,-6.868200778961182
2781,2.4543228149414062,-7.393398284912109
2782,2.5784800052642822,-7.681509494781494
2783,2.3243861198425293,-7.0361809730529785
2784,3.186154365539551,-7.092861175537109
2785,2.7046594619750977,-7.003757476806641
2786,2.4093003273010254,-7.1097493171691895
2787,2.4332518577575684,-7.708016395568848
2788,2.7627110481262207,-7.504324913024902
2789,2.418473243713379,-7.112130165100098
2790,3.7478532791137695,-7.7361836433410645
2791,2.548858404159546,-6.733965873718262
2792,2.4060001373291016,-8.033434867858887
2793,2.4953298568725586,-7.522028923034668
2794,2.7657978534698486,-7.738921642303467
2795,2.517369270324707,-6.454679012298584
2796,2.920933961868286,-7.575740814208984
2797,2.1723291873931885,-8.273500442504883
2798,2.8614838123321533,-6.961007118225098
2799,3.0775365829467773,-7.188208103179932
2800,2.5459208488464355,-7.867377281188965
2801,2.662752628326416,-7.075167179107666
2802,2.8243556022644043,-7.379000663757324
2803,2.560565948486328,-6.610569477081299
2804,2.672171115875244,-6.9396209716796875
2805,2.4437363147735596,-7.177006721496582
2806,2.325083017349243,-7.500072002410889
2807,2.631941318511963,-6.887678146362305
2808,2.675783157348633,-7.577261924743652
2809,2.6466593742370605,-7.2470316886901855
2810,2.2993967533111572,-7.448976039886475
2811,2.713620185852051,-6.749151706695557
2812,2.7024519443511963,-6.298873424530029
2813,2.750020980834961,-6.260120391845703
2814,2.1453018188476562,-6.93806266784668
2815,2.093637228012085,-7.454310417175293
2816,2.2915313243865967,-7.08067512512207
2817,2.633841037750244,-6.328629970550537
2818,2.054919719696045,-7.119562149047852
2819,2.4108917713165283,-6.769904136657715
2820,2.331655502319336,-7.464847564697266
2821,2.8604798316955566,-7.232690811157227
2822,2.413271903991699,-7.396827220916748
2823,2.4660773277282715,-6.64472770690918
2824,2.839207172393799,-7.3679304122924805
2825,2.673504590988159,-7.356373310089111
2826,2.2060251235961914,-7.891024589538574
2827,2.6370291709899902,-6.514927387237549
2828,2.4932751655578613,-7.466973304748535
2829,2.1578593254089355,-6.518385410308838
2830,2.2400307655334473,-7.152279853820801
2831,2.411790609359741,-6.949000835418701
2832,2.4058690071105957,-7.020773410797119
2833,2.491311550140381,-7.616039276123047
2834,2.4871573448181152,-7.087761402130127
2835,2.389531373977661,-6.420263767242432
2836,2.5151607990264893,-7.528868198394775
2837,2.4954833984375,-7.637094020843506
2838,2.1480066776275635,-7.194894313812256
2839,2.358114719390869,-7.683737277984619
2840,2.521972894668579,-7.220999240875244
2841,2.4156012535095215,-6.306790828704834
2842,2.5818405151367188,-6.7885260581970215
2843,2.349727153778076,-6.885287284851074
2844,2.571171283721924,-7.571832180023193
2845,2.341691493988037,-7.753088474273682
2846,2.1940317153930664,-7.343353271484375
2847,2.279676914215088,-6.722844123840332
2848,2.4381980895996094,-6.969303131103516
2849,2.22770094871521,-6.883722305297852
2850,2.0606274604797363,-6.845737934112549
2851,2.070499897003174,-8.115119934082031
2852,2.2845993041992188,-7.413519382476807
2853,2.3419246673583984,-6.889223098754883
2854,2.2362213134765625,-7.027160167694092
2855,2.2784385681152344,-7.5349440574646
2856,2.2624645233154297,-7.36750602722168
2857,2.338263511657715,-7.179953098297119
2858,2.491835117340088,-7.060744762420654
2859,2.5857317447662354,-6.741365432739258
2860,2.2937417030334473,-7.0371270179748535
2861,2.58829402923584,-7.908556938171387
2862,2.2808640003204346,-7.705492973327637
2863,2.273158550262451,-7.094214916229248
2864,3.1429977416992188,-6.367372035980225
2865,2.177830934524536,-7.90504264831543
2866,2.652132511138916,-6.5663652420043945
2867,2.3027682304382324,-7.062788009643555
2868,2.48443865776062,-7.03914737701416
2869,2.5268187522888184,-6.714540481567383
2870,2.6697449684143066,-6.9926652908325195
2871,1.9057505130767822,-7.598382472991943
2872,2.582916259765625,-6.468732833862305
2873,2.39674711227417,-7.0225300788879395
2874,2.4878106117248535,-6.789195537567139
2875,2.623607635498047,-6.023574352264404
2876,2.504286050796509,-6.777751445770264
2877,2.4807028770446777,-6.910516262054443
2878,2.198650360107422,-7.763577938079834
2879,2.5793776512145996,-7.013826847076416
2880,2.2809767723083496,-7.490428447723389
2881,2.687310218811035,-5.9715800285339355
2882,2.598320960998535,-7.460766792297363
2883,2.2912096977233887,-7.342430591583252
2884,2.0908761024475098,-7.306800365447998
2885,2.463033676147461,-7.1134233474731445
2886,2.336275100708008,-7.81337833404541
2887,2.2577829360961914,-6.47874641418457
2888,2.334386110305786,-5.939176082611084
2889,1.9915471076965332,-7.350793838500977
2890,2.3197436332702637,-7.5086774826049805
2891,2.8790459632873535,-6.429957389831543
2892,2.090900421142578,-6.7030768394470215
2893,2.3115592002868652,-6.503675937652588
2894,2.4881961345672607,-7.232485771179199
2895,2.4682741165161133,-6.965972423553467
2896,2.5711464881896973,-6.672336578369141
2897,2.350823402404785,-6.820907115936279
2898,2.764842987060547,-6.684637069702148
2899,2.2367749214172363,-6.2266998291015625
2900,2.4728236198425293,-6.861203670501709
2901,2.442929983139038,-7.159267425537109
2902,2.4291014671325684,-7.836483001708984
2903,2.2481319904327393,-7.392122745513916
2904,2.5085675716400146,-7.198774337768555
2905,2.2375402450561523,-7.3250813484191895
2906,2.4593629837036133,-6.891689300537109
2907,2.6254115104675293,-6.6743035316467285
2908,2.1443707942962646,-7.716854095458984
2909,2.581103801727295,-6.92106819152832
2910,2.3297462463378906,-7.4342360496521
2911,2.3914384841918945,-7.540686130523682
2912,2.4167933464050293,-7.157943248748779
2913,2.2440600395202637,-7.024619102478027
2914,2.5518383979797363,-6.136045455932617
2915,2.5317907333374023,-7.1021928787231445
2916,2.7451765537261963,-6.58639669418335
2917,2.1657419204711914,-7.401939868927002
2918,2.448045492172241,-6.123025417327881
2919,2.1703784465789795,-7.592701435089111
2920,2.3398756980895996,-7.0279974937438965
2921,2.383821725845337,-7.005205154418945
2922,2.5747060775756836,-6.583284378051758
2923,2.2516918182373047,-7.086340427398682
2924,2.1984825134277344,-6.654755115509033
2925,2.425412654876709,-6.088014125823975
2926,2.3204777240753174,-7.16908073425293
2927,2.299578905105591,-6.878904819488525
2928,2.5621747970581055,-5.797361373901367
2929,2.096992015838623,-7.219119071960449
2930,2.4892072677612305,-6.281466007232666
2931,2.425549030303955,-7.352380275726318
2932,2.3113725185394287,-7.40565299987793
2933,2.540505886077881,-7.0458269119262695
2934,2.5554938316345215,-6.439562797546387
2935,2.199612855911255,-7.299525260925293
2936,2.2063870429992676,-7.036828994750977
2937,2.434746265411377,-6.908552169799805
2938,2.4448630809783936,-6.8765764236450195
2939,2.5455307960510254,-6.753114223480225
2940,2.5183987617492676,-7.4184722900390625
2941,2.717183828353882,-7.312234878540039
2942,2.273123264312744,-7.3873677253723145
2943,2.3388819694519043,-7.220655918121338
2944,2.375420093536377,-6.464061737060547
2945,2.1658294200897217,-7.9118571281433105
2946,2.172536849975586,-7.092585563659668
2947,2.0975117683410645,-7.211453914642334
2948,2.6091198921203613,-6.076488018035889
2949,2.9904966354370117,-6.653348445892334
2950,2.223343849182129,-7.116711616516113
2951,2.2427964210510254,-7.4280900955200195
2952,2.173348903656006,-7.5427446365356445
2953,2.4577693939208984,-7.396702289581299
2954,2.2481956481933594,-7.023808479309082
2955,2.196654796600342,-7.168646335601807
2956,2.5480728149414062,-7.404597282409668
2957,2.3200948238372803,-6.911712169647217
2958,2.171696186065674,-7.437168121337891
2959,2.369136333465576,-7.224315643310547
2960,2.331364631652832,-7.219003200531006
2961,2.231386661529541,-6.953853607177734
2962,2.7114219665527344,-6.927923679351807
2963,2.422515869140625,-7.0858073234558105
2964,2.6549763679504395,-7.151644229888916
2965,2.4795384407043457,-6.6048502922058105
2966,2.0767951011657715,-7.1090497970581055
2967,2.3570871353149414,-6.772398471832275
2968,2.2709765434265137,-6.189756870269775
2969,2.4828782081604004,-6.162003993988037
2970,2.4292640686035156,-6.931192398071289
2971,2.416213274002075,-7.001711368560791
2972,2.3769779205322266,-7.1374831199646
2973,2.378798484802246,-6.50001335144043
2974,2.1065120697021484,-8.041895866394043
2975,2.199612617492676,-7.235390663146973
2976,2.490993022918701,-6.639776706695557
2977,2.345144033432007,-6.237677097320557
2978,2.528635025024414,-6.6746110916137695
2979,2.5506343841552734,-6.748958587646484
2980,2.481236457824707,-7.077589511871338
2981,2.31948184967041,-7.064453601837158
2982,2.642528772354126,-6.133541107177734
2983,2.128260612487793,-7.258067607879639
2984,2.4649505615234375,-6.9279961585998535
2985,2.1002140045166016,-7.074589729309082
2986,2.523848533630371,-7.3451032638549805
2987,2.44183349609375,-6.846376895904541
2988,2.410926342010498,-6.911479949951172
2989,2.2869820594787598,-6.967572212219238
2990,2.0559675693511963,-7.077149868011475
2991,2.6113932132720947,-7.158512592315674
2992,2.850019931793213,-6.674052715301514
2993,2.5556344985961914,-7.250184535980225
2994,2.30916690826416,-7.485472202301025
2995,2.4395899772644043,-6.970557689666748
2996,2.299431562423706,-5.86318302154541
2997,2.4116897583007812,-6.7146477699279785
2998,2.3441200256347656,-7.345599174499512
2999,2.4745030403137207,-6.926975727081299
3000,2.2755374908447266,-7.012848377227783
3001,2.341606855392456,-6.9394731521606445
3002,2.359267234802246,-7.793506622314453
3003,2.374974489212036,-7.297824859619141
3004,2.415461540222168,-7.358209133148193
3005,2.6223840713500977,-6.447169303894043
3006,2.5829081535339355,-7.196864604949951
3007,2.479724884033203,-6.620364189147949
3008,2.229783058166504,-7.028843879699707
3009,2.416670322418213,-6.26341438293457
3010,2.2862229347229004,-6.570507049560547
3011,2.3709120750427246,-6.998864650726318
3012,2.46889328956604,-6.505495071411133
3013,3.5897905826568604,-7.276528835296631
3014,2.4341511726379395,-6.958652496337891
3015,2.28187894821167,-7.090356349945068
3016,2.3766651153564453,-7.271568775177002
3017,2.4415950775146484,-6.617549896240234
3018,2.41397762298584,-7.357030868530273
3019,2.670342445373535,-6.56080436706543
3020,2.605353355407715,-6.782329559326172
3021,2.5976290702819824,-5.61029052734375
3022,2.482222557067871,-7.173198223114014
3023,2.388963460922241,-7.625269889831543
3024,2.5770153999328613,-7.050824165344238
3025,2.350893497467041,-6.491442680358887
3026,2.6399762630462646,-6.246838569641113
3027,2.45165753364563,-6.589913368225098
3028,2.261240005493164,-6.848198413848877
3029,2.416449785232544,-6.896501541137695
3030,2.4467854499816895,-6.5949788093566895
3031,2.3274269104003906,-7.0488972663879395
3032,2.171611785888672,-6.8998894691467285
3033,2.5939552783966064,-7.0450053215026855
3034,2.1123111248016357,-7.883915901184082
3035,2.025869131088257,-6.584798812866211
3036,2.557939291000366,-6.252151966094971
3037,2.2165894508361816,-6.864053726196289
3038,2.5077905654907227,-7.158076763153076
3039,2.1746878623962402,-7.1407389640808105
3040,2.375424385070801,-7.031414031982422
3041,2.7634456157684326,-6.80569314956665
3042,2.5411510467529297,-6.738166332244873
3043,2.2662129402160645,-7.491978645324707
3044,2.3443431854248047,-7.601977348327637
3045,3.197174072265625,-5.872828960418701
3046,2.3551361560821533,-6.612594127655029
3047,2.38157320022583,-6.503957748413086
3048,2.816166877746582,-5.991940975189209
3049,2.2467079162597656,-7.277605056762695
3050,2.810354709625244,-7.03330135345459
3051,2.5234644412994385,-6.444715976715088
3052,2.556441068649292,-7.293217658996582
3053,2.7735073566436768,-6.601410388946533
3054,2.4596197605133057,-7.351049900054932
3055,2.390310287475586,-6.842850208282471
3056,2.438729763031006,-7.354745864868164
3057,2.0711045265197754,-7.148974418640137
3058,2.8466086387634277,-6.559382915496826
3059,2.4064817428588867,-8.013057708740234
3060,2.027627944946289,-7.524542331695557
3061,2.3708367347717285,-7.077811241149902
3062,2.5309903621673584,-6.861445426940918
3063,2.481825351715088,-6.670826435089111
3064,2.4617888927459717,-6.710651874542236
3065,2.5160317420959473,-6.444793701171875
3066,2.490567207336426,-6.476907253265381
3067,2.457468032836914,-7.707769393920898
3068,2.5190038681030273,-6.603500843048096
3069,2.596688747406006,-6.043376922607422
3070,2.690636396408081,-6.36124324798584
3071,2.5115671157836914,-6.69070291519165
3072,3.179591655731201,-6.994443893432617
3073,2.348741054534912,-7.2698283195495605
3074,2.9530820846557617,-7.059492588043213
3075,2.590850591659546,-7.150700569152832
3076,2.3432703018188477,-6.869530200958252
3077,2.9849743843078613,-6.173803806304932
3078,2.4078474044799805,-6.453248500823975
3079,2.345348358154297,-6.280539512634277
3080,2.09289288520813,-7.242849826812744
3081,2.5228428840637207,-6.61055850982666
3082,2.267673969268799,-6.482663631439209
3083,2.435765504837036,-7.193661689758301
3084,2.2319514751434326,-7.083081245422363
3085,2.160257577896118,-6.245429039001465
3086,2.6793761253356934,-6.96661376953125
3087,2.3374457359313965,-7.0019307136535645
3088,2.301206111907959,-6.743334770202637
3089,2.3522682189941406,-7.051657199859619
3090,2.3218181133270264,-7.074217319488525
3091,2.479879856109619,-6.933155059814453
3092,2.5331101417541504,-6.514376163482666
3093,2.1169917583465576,-7.170990467071533
3094,2.660137176513672,-6.504755020141602
3095,2.4998128414154053,-5.867246150970459
3096,2.2696752548217773,-6.822081089019775
3097,2.4462852478027344,-5.709723949432373
3098,2.2695116996765137,-6.834629535675049
3099,2.337752342224121,-7.1461262702941895
3100,2.0815019607543945,-7.633864879608154
3101,2.3664450645446777,-6.556978225708008
3102,2.5686144828796387,-6.871382236480713
3103,2.4542641639709473,-7.013845443725586
3104,2.6061182022094727,-7.504758358001709
3105,2.0924766063690186,-7.038261890411377
3106,2.813509702682495,-6.389364242553711
3107,2.2996020317077637,-7.093111038208008
3108,2.573866844177246,-6.8427534103393555
3109,2.3146767616271973,-6.1970014572143555
3110,2.4283900260925293,-6.758909702301025
3111,2.1150922775268555,-6.266717433929443
3112,2.5538411140441895,-6.260620594024658
3113,2.1759557723999023,-6.851704120635986
3114,2.8614249229431152,-6.794853687286377
3115,2.2425522804260254,-6.639218807220459
3116,2.5640106201171875,-6.210329055786133
3117,2.0906362533569336,-7.334341526031494
3118,2.2722952365875244,-6.810294151306152
3119,2.393425464630127,-6.472881317138672
3120,2.3841090202331543,-6.827885627746582
3121,2.2095947265625,-7.097708225250244
3122,2.2394421100616455,-7.041263580322266
3123,2.326115608215332,-7.558321475982666
3124,2.32150936126709,-7.068151950836182
3125,2.2949914932250977,-7.284702777862549
3126,2.3480513095855713,-7.252354621887207
3127,2.478471279144287,-6.2572126388549805
3128,2.403592348098755,-7.002835750579834
3129,2.2298998832702637,-7.268709182739258
3130,2.2742209434509277,-6.554521560668945
3131,2.2852373123168945,-6.360366344451904
3132,2.3309688568115234,-6.945887565612793
3133,2.5795388221740723,-6.429050922393799
3134,3.0027217864990234,-6.601322174072266
3135,2.465449333190918,-7.015738010406494
3136,2.461312770843506,-6.621320724487305
3137,2.66902494430542,-6.766798496246338
3138,2.2523465156555176,-7.768214225769043
3139,2.2243032455444336,-8.439637184143066
3140,2.520406723022461,-6.958166122436523
3141,2.5858631134033203,-6.605913162231445
3142,2.783494710922241,-5.627715587615967
3143,2.652430772781372,-6.921162128448486
3144,2.4488730430603027,-5.941234111785889
3145,2.264552593231201,-6.653209209442139
3146,2.3585803508758545,-7.385423183441162
3147,2.6583194732666016,-7.625572681427002
3148,2.660940170288086,-5.749710559844971
3149,3.0237245559692383,-6.250753879547119
3150,2.6654646396636963,-7.181509494781494
3151,2.3174848556518555,-8.410808563232422
3152,3.128568649291992,-6.690745830535889
3153,3.0105037689208984,-7.426422595977783
3154,2.743203639984131,-6.611757755279541
3155,2.311920166015625,-5.796598434448242
3156,2.0548923015594482,-7.39776611328125
3157,2.5982437133789062,-6.913914203643799
3158,2.327780246734619,-7.752254009246826
3159,2.672086715698242,-6.607679843902588
3160,2.531238555908203,-7.311509609222412
3161,2.304440498352051,-6.650235652923584
3162,2.201690912246704,-6.253137111663818
3163,2.7426364421844482,-6.453290939331055
3164,2.6490278244018555,-5.8797526359558105
3165,2.297306537628174,-6.198562145233154
3166,2.239851951599121,-6.456704616546631
3167,2.3525819778442383,-8.04824161529541
3168,2.298110008239746,-6.892443656921387
3169,2.106046199798584,-7.290836334228516
3170,2.7748916149139404,-6.047166347503662
3171,2.317150592803955,-7.046828746795654
3172,1.9938023090362549,-7.420736312866211
3173,2.332979440689087,-6.702981948852539
3174,2.1295111179351807,-7.445746898651123
3175,2.623628616333008,-6.8735456466674805
3176,2.109598159790039,-6.653662204742432
3177,2.190178394317627,-6.32319450378418
3178,2.4831275939941406,-6.673794746398926
3179,2.751798391342163,-6.999939441680908
3180,2.364452362060547,-7.418698310852051
3181,2.363563060760498,-7.705502510070801
3182,1.9680156707763672,-7.039353847503662
3183,2.6469156742095947,-7.208998203277588
3184,2.544381618499756,-5.9286274909973145
3185,2.360508918762207,-6.546602725982666
3186,2.4111509323120117,-7.179510593414307
3187,2.1994521617889404,-6.780672550201416
3188,2.3200387954711914,-6.443563461303711
3189,1.8019397258758545,-6.9424309730529785
3190,2.464393138885498,-5.4854230880737305
3191,2.444505214691162,-6.232583522796631
3192,2.4437432289123535,-6.489752769470215
3193,2.4379284381866455,-6.786250591278076
3194,2.3515477180480957,-7.2352776527404785
3195,2.397282600402832,-6.6051177978515625
3196,2.332883358001709,-7.410189628601074
3197,2.510512351989746,-6.765579700469971
3198,2.2689244747161865,-7.02408504486084
3199,1.794863224029541,-7.478379726409912
3200,2.5171151161193848,-6.8005547523498535
3201,2.197050094604492,-6.927666664123535
3202,2.4430065155029297,-6.883786201477051
3203,2.5098843574523926,-6.343847274780273
3204,2.7410669326782227,-7.224389553070068
3205,2.570392608642578,-6.047694683074951
3206,2.2768001556396484,-6.208314418792725
3207,2.2468013763427734,-7.16471004486084
3208,2.241732120513916,-6.6589741706848145
3209,2.4655447006225586,-6.492619514465332
3210,2.3304216861724854,-6.896181583404541
3211,2.3402798175811768,-6.823577404022217
3212,2.418848991394043,-6.932790756225586
3213,2.3114335536956787,-6.976034641265869
3214,2.138582706451416,-6.838405609130859
3215,2.3900718688964844,-6.274770736694336
3216,2.3461689949035645,-6.177538871765137
3217,2.681577682495117,-6.838144302368164
3218,2.4977245330810547,-7.145051956176758
3219,2.501796007156372,-7.210920810699463
3220,2.300140857696533,-6.466163158416748
3221,2.2088229656219482,-6.323349475860596
3222,2.3136379718780518,-6.492517471313477
3223,2.460066795349121,-6.815826892852783
3224,2.2154555320739746,-6.172091007232666
3225,2.73408842086792,-5.929185390472412
3226,2.342278003692627,-6.879001617431641
3227,2.0489110946655273,-6.939215660095215
3228,2.3807034492492676,-5.76603889465332
3229,2.6745617389678955,-6.650268077850342
3230,2.0185956954956055,-7.416853427886963
3231,2.415952205657959,-6.8933329582214355
3232,2.355128049850464,-6.548141002655029
3233,2.3528966903686523,-7.575888633728027
3234,2.24869441986084,-6.856738090515137
3235,2.4198355674743652,-6.521754264831543
3236,2.865527391433716,-6.868833065032959
3237,2.4805703163146973,-6.588619232177734
3238,2.163459300994873,-7.591517448425293
3239,2.4360480308532715,-6.6569695472717285
3240,2.3585636615753174,-6.505728721618652
3241,2.8510937690734863,-6.698668956756592
3242,2.4991753101348877,-6.288292407989502
3243,2.2185184955596924,-6.107162952423096
3244,2.478412628173828,-6.542631149291992
3245,2.2622148990631104,-6.13531494140625
3246,2.665966510772705,-6.596897602081299
3247,2.3544042110443115,-5.680185317993164
3248,2.493105411529541,-6.265852451324463
3249,2.2974793910980225,-7.571969032287598
3250,2.094510793685913,-7.234164237976074
3251,2.279554843902588,-7.130945205688477
3252,2.3705267906188965,-6.138956069946289
3253,2.453766345977783,-7.069185733795166
3254,2.213073492050171,-6.938469409942627
3255,2.18062162399292,-7.3672332763671875
3256,2.057196617126465,-7.422245979309082
3257,2.1489219665527344,-7.33656120300293
3258,2.085059642791748,-7.028677463531494
3259,2.304755210876465,-7.335819244384766
3260,2.134442090988159,-6.4419846534729
3261,2.3552393913269043,-7.622338771820068
3262,2.6624624729156494,-6.0387282371521
3263,2.4629745483398438,-7.0553297996521
3264,2.1749930381774902,-7.594761371612549
3265,1.9805824756622314,-6.953393936157227
3266,2.4192700386047363,-6.457616806030273
3267,2.3075785636901855,-6.909396171569824
3268,2.3383255004882812,-6.976274013519287
3269,2.5775208473205566,-6.432888984680176
3270,2.389437198638916,-7.0731072425842285
3271,2.2965354919433594,-6.929800033569336
3272,2.4255118370056152,-6.533039093017578
3273,2.2108542919158936,-6.840092182159424
3274,3.0105090141296387,-6.354691982269287
3275,2.3583810329437256,-6.910895824432373
3276,2.346747398376465,-6.599528789520264
3277,2.3617868423461914,-6.914626598358154
3278,2.466848373413086,-7.114200592041016
3279,2.398800849914551,-6.066885948181152
3280,2.4302453994750977,-6.996455669403076
3281,2.736234664916992,-6.2119293212890625
3282,2.5661940574645996,-6.368278980255127
3283,2.3626708984375,-7.140100002288818
3284,2.4417128562927246,-7.308194160461426
3285,2.090839147567749,-7.672189712524414
3286,2.2953011989593506,-7.009608268737793
3287,2.377504348754883,-6.989530086517334
3288,2.368856906890869,-6.722929000854492
3289,2.482262134552002,-7.2329912185668945
3290,2.40197491645813,-6.4989752769470215
3291,2.5367863178253174,-6.924962043762207
3292,2.7869722843170166,-6.635210037231445
3293,2.4575555324554443,-7.105871200561523
3294,2.5269577503204346,-6.387502670288086
3295,2.230510711669922,-7.004153251647949
3296,2.351102828979492,-7.2108259201049805
3297,2.380671501159668,-7.161861419677734
3298,2.4496572017669678,-6.246063709259033
3299,2.632765293121338,-6.744232654571533
3300,2.456202268600464,-6.938650608062744
3301,2.277231216430664,-6.745382308959961
3302,2.4635918140411377,-6.439908504486084
3303,2.068403482437134,-6.910384654998779
3304,2.4143786430358887,-6.511988639831543
3305,2.258474349975586,-6.344235420227051
3306,2.40031099319458,-6.350512504577637
3307,2.581779718399048,-5.9446821212768555
3308,2.605163812637329,-6.544219493865967
3309,2.273320198059082,-7.300343036651611
3310,2.139021873474121,-7.2867021560668945
3311,2.5702271461486816,-6.528601169586182
3312,2.6235578060150146,-6.478405952453613
3313,2.3450961112976074,-6.630428314208984
3314,2.529104709625244,-7.263366222381592
3315,2.487607479095459,-6.751893997192383
3316,2.182861089706421,-6.613269805908203
3317,2.5566205978393555,-6.293393611907959
3318,2.5788674354553223,-6.826391696929932
3319,2.5988104343414307,-6.59764289855957
3320,2.257814407348633,-6.467537879943848
3321,2.4481077194213867,-6.647717475891113
3322,2.5785350799560547,-6.418313503265381
3323,2.470228672027588,-6.667217254638672
3324,2.4294371604919434,-6.938176155090332
3325,2.2826907634735107,-7.20643424987793
3326,2.259493112564087,-6.658245086669922
3327,2.3911256790161133,-7.046682357788086
3328,2.74725341796875,-6.8442254066467285
3329,2.4327683448791504,-6.980344295501709
3330,2.6128711700439453,-6.684842586517334
3331,2.466111898422241,-7.695528507232666
3332,2.325741767883301,-7.176159858703613
3333,2.383218288421631,-6.782155990600586
3334,2.267043352127075,-6.233854293823242
3335,2.1675095558166504,-5.603701591491699
3336,2.4723141193389893,-6.338937759399414
3337,2.169721841812134,-6.991008758544922
3338,2.510283946990967,-6.629492282867432
3339,2.4876627922058105,-6.852646350860596
3340,2.371034860610962,-6.198099136352539
3341,2.656430721282959,-6.09732723236084
3342,2.3681960105895996,-7.046539306640625
3343,2.8862433433532715,-6.99478816986084
3344,2.4425230026245117,-7.080951690673828
3345,2.388028144836426,-6.897066116333008
3346,2.443976402282715,-7.113238334655762
3347,2.4346954822540283,-7.003668308258057
3348,2.532203435897827,-6.6030755043029785
3349,2.214202880859375,-7.700212478637695
3350,2.7547435760498047,-6.220643520355225
3351,2.4167110919952393,-6.880800724029541
3352,2.355203151702881,-7.470266342163086
3353,2.5570061206817627,-6.878243446350098
3354,2.2893176078796387,-6.380446910858154
3355,2.344136953353882,-6.074299335479736
3356,2.8994522094726562,-6.821040153503418
3357,2.4938035011291504,-6.771730899810791
3358,2.5540523529052734,-6.855976581573486
3359,2.374525547027588,-7.2265472412109375
3360,2.6106948852539062,-6.255828857421875
3361,2.2745232582092285,-8.1494779586792
3362,2.4807329177856445,-6.318842887878418
3363,2.611513137817383,-6.663199424743652
3364,2.608715772628784,-6.114284515380859
3365,2.3204569816589355,-6.5400390625
3366,2.3556480407714844,-6.342934608459473
3367,2.1270203590393066,-6.7941083908081055
3368,2.3520305156707764,-6.553007125854492
3369,2.3750429153442383,-6.327121734619141
3370,2.617778778076172,-6.514942169189453
3371,2.258505344390869,-6.354487419128418
3372,2.6136603355407715,-6.693450450897217
3373,2.5103259086608887,-7.287631988525391
3374,2.8125596046447754,-5.806941509246826
3375,2.2966198921203613,-6.595139980316162
3376,2.4402713775634766,-6.776589870452881
3377,2.1514930725097656,-6.400647163391113
3378,2.674612045288086,-6.384272575378418
3379,2.1600165367126465,-6.733958721160889
3380,2.642260789871216,-6.784214019775391
3381,1.9277887344360352,-6.360297679901123
3382,2.430478096008301,-6.968340873718262
3383,2.5168075561523438,-7.231534481048584
3384,2.581843376159668,-6.260516166687012
3385,2.645183563232422,-7.159051895141602
3386,2.478806257247925,-5.245395660400391
3387,2.2996678352355957,-6.958188056945801
3388,2.173428535461426,-7.177546501159668
3389,2.3604907989501953,-6.361938953399658
3390,2.491241931915283,-7.010553359985352
3391,2.6096746921539307,-7.276111602783203
3392,2.3237690925598145,-6.537286281585693
3393,2.3022260665893555,-7.062849521636963
3394,2.1027536392211914,-6.251998424530029
3395,2.1180129051208496,-7.353848457336426
3396,2.553335189819336,-6.612617015838623
3397,2.409785747528076,-6.349994659423828
3398,2.225187301635742,-7.28011417388916
3399,2.463866710662842,-6.7113213539123535
3400,2.1188459396362305,-7.2010393142700195
3401,2.2937064170837402,-6.9609527587890625
3402,2.3871707916259766,-6.803168296813965
3403,2.4530715942382812,-6.545998573303223
3404,2.4509246349334717,-5.834387302398682
3405,2.388584613800049,-6.258017063140869
3406,2.3140172958374023,-7.015873908996582
3407,2.5012989044189453,-6.817049026489258
3408,2.322415590286255,-7.077693462371826
3409,2.2710137367248535,-7.343324661254883
3410,2.423002243041992,-6.773176193237305
3411,2.4039554595947266,-7.325880527496338
3412,2.0883114337921143,-7.50990104675293
3413,2.5398316383361816,-5.985394477844238
3414,2.4263439178466797,-6.520212173461914
3415,2.2186050415039062,-7.219066143035889
3416,2.4580142498016357,-6.835708141326904
3417,2.415651321411133,-6.5868988037109375
3418,2.257234811782837,-6.5862627029418945
3419,2.3938045501708984,-7.089400768280029
3420,2.3687198162078857,-6.732301712036133
3421,1.9300189018249512,-5.849005699157715
3422,2.2862932682037354,-7.066697597503662
3423,2.3254964351654053,-6.568963527679443
3424,2.187460422515869,-7.08470344543457
3425,2.3109028339385986,-7.247628211975098
3426,2.3155012130737305,-6.663419723510742
3427,2.4578795433044434,-6.282596588134766
3428,2.408761501312256,-7.043405055999756
3429,2.35072660446167,-6.2354302406311035
3430,2.3482589721679688,-6.817553520202637
3431,2.4737138748168945,-6.722651958465576
3432,2.6833202838897705,-7.0099053382873535
3433,3.1109585762023926,-6.617103099822998
3434,2.506678581237793,-6.508421421051025
3435,2.3026444911956787,-6.4541168212890625
3436,2.4893851280212402,-6.274702548980713
3437,2.794767379760742,-6.986526012420654
3438,2.3236093521118164,-6.178919792175293
3439,2.741252899169922,-6.070797920227051
3440,2.7023534774780273,-6.463987350463867
3441,2.410536766052246,-7.807141304016113
3442,2.403820037841797,-6.789496898651123
3443,2.445425271987915,-6.604998588562012
3444,2.696028232574463,-6.754427909851074
3445,2.3577213287353516,-6.595005989074707
3446,2.218135356903076,-6.330172061920166
3447,2.662224054336548,-6.497920036315918
3448,2.2994632720947266,-6.675901889801025
3449,2.5628697872161865,-6.661422252655029
3450,2.382145881652832,-6.419581890106201
3451,2.3941595554351807,-7.100372314453125
3452,2.4845237731933594,-5.9693284034729
3453,2.41691255569458,-6.3770833015441895
3454,2.3592629432678223,-6.66032600402832
3455,2.595747232437134,-6.873419761657715
3456,2.4536499977111816,-6.404685020446777
3457,2.5191311836242676,-5.867382049560547
3458,2.4386415481567383,-6.027533531188965
3459,3.1724658012390137,-6.222873687744141
3460,2.4823250770568848,-6.453182220458984
3461,2.255161762237549,-7.365198135375977
3462,2.146089553833008,-5.574214935302734
3463,2.622918128967285,-5.744050979614258
3464,2.3343899250030518,-5.627569198608398
3465,2.1698548793792725,-6.2062788009643555
3466,2.334472894668579,-6.24167537689209
3467,2.4550511837005615,-6.589118480682373
3468,2.233829975128174,-7.377109527587891
3469,2.0514464378356934,-6.71597146987915
3470,2.310925006866455,-6.708576202392578
3471,2.47792387008667,-6.4069437980651855
3472,2.50471830368042,-7.236284255981445
3473,2.6247823238372803,-5.639768600463867
3474,2.571840763092041,-6.241743564605713
3475,2.0943984985351562,-7.632955551147461
3476,2.2569384574890137,-6.855888843536377
3477,2.469510078430176,-7.094643592834473
3478,2.2057738304138184,-7.128454685211182
3479,2.1119930744171143,-6.846479415893555
3480,2.3578672409057617,-6.7814040184021
3481,2.243582248687744,-7.045479774475098
3482,2.530221462249756,-6.040137767791748
3483,2.3745036125183105,-7.272764205932617
3484,2.323823928833008,-6.3659987449646
3485,2.539670705795288,-6.028863430023193
3486,2.7321181297302246,-6.4993767738342285
3487,2.174182176589966,-6.6968255043029785
3488,2.1709694862365723,-7.310001373291016
3489,2.3446459770202637,-6.068967342376709
3490,2.2165884971618652,-6.537899971008301
3491,2.316209077835083,-6.8436689376831055
3492,2.676302194595337,-6.233135223388672
3493,2.309504747390747,-6.561008930206299
3494,2.5479443073272705,-6.221197605133057
3495,2.312009334564209,-6.714885234832764
3496,2.2446396350860596,-7.28227424621582
3497,2.177353858947754,-6.778594493865967
3498,2.322756052017212,-6.544597625732422
3499,2.504005193710327,-6.471187591552734
3500,2.6208267211914062,-6.271259307861328
3501,2.435258388519287,-6.663639068603516
3502,2.4423060417175293,-6.5002031326293945
3503,3.4484171867370605,-6.16060733795166
3504,2.5985169410705566,-6.739492416381836
3505,2.5547749996185303,-6.577754497528076
3506,2.7554407119750977,-7.616250038146973
3507,2.774200916290283,-6.654104232788086
3508,2.708341598510742,-6.687537670135498
3509,2.422452926635742,-6.927978992462158
3510,2.3491673469543457,-6.73408317565918
3511,2.749011516571045,-6.216245651245117
3512,2.386295795440674,-7.028888702392578
3513,2.481484889984131,-6.237335681915283
3514,2.62542724609375,-6.3884172439575195
3515,2.42311954498291,-6.799213409423828
3516,2.5259957313537598,-6.398024082183838
3517,2.216885805130005,-7.032149791717529
3518,2.510045051574707,-6.388989448547363
3519,2.7490384578704834,-6.523906707763672
3520,2.5800893306732178,-7.19735860824585
3521,2.852048397064209,-7.416147232055664
3522,2.3187925815582275,-6.774049758911133
3523,2.351086139678955,-6.9405622482299805
3524,2.333622455596924,-7.270387172698975
3525,2.2414088249206543,-6.463491916656494
3526,2.4528846740722656,-6.148810386657715
3527,3.060424566268921,-6.872351169586182
3528,2.57627534866333,-6.272238731384277
3529,3.0364456176757812,-6.511599540710449
3530,2.531924247741699,-6.220922946929932
3531,2.2634165287017822,-6.607564926147461
3532,2.286190986633301,-7.040348529815674
3533,2.618738889694214,-6.638367176055908
3534,2.3242897987365723,-7.032275199890137
3535,2.602719306945801,-6.482926845550537
3536,2.482110023498535,-6.950855731964111
3537,2.2333834171295166,-6.863846302032471
3538,2.2597317695617676,-5.764251708984375
3539,2.145092010498047,-5.795270919799805
3540,2.6470227241516113,-6.744528293609619
3541,2.596953868865967,-6.203591823577881
3542,2.1160805225372314,-7.264565467834473
3543,2.2006711959838867,-6.778845310211182
3544,2.3045549392700195,-7.6064133644104
3545,2.407083511352539,-6.570125579833984
3546,2.6339612007141113,-6.801969051361084
3547,2.4493141174316406,-6.875544548034668
3548,2.380983352661133,-7.440340518951416
3549,2.456437110900879,-6.540783882141113
3550,2.511688709259033,-6.591883659362793
3551,2.510507345199585,-6.16318416595459
3552,2.481081247329712,-5.80210018157959
3553,2.3224024772644043,-6.8771843910217285
3554,2.4120841026306152,-6.915970325469971
3555,2.419649600982666,-7.126506805419922
3556,2.410076856613159,-6.202335834503174
3557,2.1573266983032227,-6.4628119468688965
3558,2.3592889308929443,-6.934506893157959
3559,2.378873109817505,-6.631912708282471
3560,2.714174270629883,-6.72314453125
3561,2.3538172245025635,-6.154649257659912
3562,2.309032678604126,-6.446037769317627
3563,2.203110933303833,-6.3557634353637695
3564,2.1923317909240723,-6.744516372680664
3565,2.2813022136688232,-6.655179977416992
3566,2.3266124725341797,-6.719137191772461
3567,2.1962075233459473,-6.917694091796875
3568,2.3154444694519043,-7.423933029174805
3569,2.2441701889038086,-5.645803928375244
3570,2.387427568435669,-5.67518424987793
3571,2.188727378845215,-6.496194839477539
3572,2.4575281143188477,-6.570864677429199
3573,2.256293773651123,-6.782022476196289
3574,2.4010255336761475,-6.461004734039307
3575,2.5595784187316895,-7.0763678550720215
3576,2.0787179470062256,-6.677025318145752
3577,2.290593385696411,-6.2799859046936035
3578,2.2245612144470215,-6.175103187561035
3579,2.4621658325195312,-7.338849067687988
3580,2.5575766563415527,-6.123797416687012
3581,2.7801008224487305,-6.537272930145264
3582,2.5779242515563965,-6.549087047576904
3583,2.077930450439453,-5.986151695251465
3584,2.525447130203247,-7.685234546661377
3585,2.5841054916381836,-7.317458629608154
3586,2.5803000926971436,-6.067339897155762
3587,2.3246512413024902,-6.817678451538086
3588,2.274129629135132,-5.7790398597717285
3589,2.212444305419922,-6.635745048522949
3590,2.346665620803833,-6.281923294067383
3591,2.524242401123047,-6.834987163543701
3592,2.1419620513916016,-7.1353654861450195
3593,2.524514675140381,-5.951852321624756
3594,2.472512722015381,-6.355270862579346
3595,2.338217258453369,-7.043250560760498
3596,2.6343069076538086,-6.540644645690918
3597,2.8614416122436523,-6.029614448547363
3598,2.1146128177642822,-7.077030658721924
3599,2.4096922874450684,-6.644833564758301
3600,2.8166861534118652,-6.091116428375244
3601,2.7253499031066895,-7.0247344970703125
3602,2.423311233520508,-6.7862067222595215
3603,2.727774143218994,-6.300222873687744
3604,2.359941005706787,-6.513839244842529
3605,2.593507766723633,-5.876996040344238
3606,2.6880955696105957,-6.1240644454956055
3607,2.3843250274658203,-6.120224475860596
3608,2.394806385040283,-6.303160190582275
3609,2.6947999000549316,-6.230538845062256
3610,2.0140271186828613,-6.468837738037109
3611,2.4160826206207275,-6.0007734298706055
3612,2.447575569152832,-6.044653415679932
3613,2.241865396499634,-6.518965244293213
3614,2.09257173538208,-6.830845832824707
3615,2.61057710647583,-5.952470779418945
3616,1.963106393814087,-6.234909534454346
3617,2.2319984436035156,-6.408567428588867
3618,2.269357204437256,-6.393223762512207
3619,2.2247657775878906,-5.402700901031494
3620,2.5814645290374756,-6.745987415313721
3621,2.362366199493408,-6.644705772399902
3622,2.4604997634887695,-6.779623508453369
3623,2.133387565612793,-7.005185127258301
3624,2.412465810775757,-6.384597301483154
3625,2.282161235809326,-5.9919352531433105
3626,2.4312026500701904,-6.105299472808838
3627,2.4292898178100586,-6.637701511383057
3628,2.471897602081299,-5.546395778656006
3629,2.4472603797912598,-7.40891170501709
3630,2.23506498336792,-6.584265232086182
3631,2.374563694000244,-6.321704864501953
3632,2.463818073272705,-6.804938316345215
3633,2.7650394439697266,-6.313781261444092
3634,2.0379798412323,-7.932200908660889
3635,2.264416217803955,-6.152525424957275
3636,2.577529191970825,-5.487459182739258
3637,2.827888011932373,-6.135933876037598
3638,2.4845213890075684,-6.521053314208984
3639,2.4600954055786133,-6.5076727867126465
3640,2.2903051376342773,-6.220563888549805
3641,2.1551318168640137,-6.977667808532715
3642,2.462761402130127,-6.671463489532471
3643,3.1554744243621826,-5.751628398895264
3644,2.1974639892578125,-6.886428356170654
3645,2.3594141006469727,-7.533037185668945
3646,2.3254685401916504,-6.97092342376709
3647,2.243276357650757,-6.746020317077637
3648,2.4560794830322266,-6.210804462432861
3649,2.3894379138946533,-6.4935712814331055
3650,2.533827066421509,-6.304562568664551
3651,2.402493476867676,-6.278448104858398
3652,2.5189926624298096,-6.540865421295166
3653,2.4325170516967773,-6.019472599029541
3654,2.279214859008789,-6.976377010345459
3655,2.222054958343506,-6.842681407928467
3656,2.3623170852661133,-7.0279541015625
3657,2.40679931640625,-6.695947647094727
3658,2.426236629486084,-6.094717502593994
3659,2.334566593170166,-5.893958568572998
3660,2.32979154586792,-6.358058929443359
3661,2.161781072616577,-6.886974334716797
3662,2.263150215148926,-5.983646392822266
3663,2.451171875,-6.106802463531494
3664,2.6098649501800537,-6.530073165893555
3665,2.420524835586548,-5.880953311920166
3666,2.3765392303466797,-6.109180450439453
3667,2.2480130195617676,-6.598759174346924
3668,2.297992706298828,-5.82847785949707
3669,2.5095367431640625,-7.397231578826904
3670,2.3525795936584473,-6.837278366088867
3671,2.4185314178466797,-5.8994622230529785
3672,2.5277178287506104,-7.526860237121582
3673,2.1945505142211914,-7.652642726898193
3674,2.301985740661621,-6.444777011871338
3675,2.283928394317627,-5.998781681060791
3676,2.424687623977661,-6.3955183029174805
3677,2.2290573120117188,-7.204578876495361
3678,2.4922571182250977,-7.039879322052002
3679,2.9437766075134277,-6.397667407989502
3680,2.3094584941864014,-6.415710926055908
3681,2.31740140914917,-7.022678852081299
3682,2.278557300567627,-6.05999755859375
3683,2.4548888206481934,-7.543948173522949
3684,2.1718759536743164,-6.609679698944092
3685,2.4211599826812744,-6.489771842956543
3686,2.354735851287842,-6.108792304992676
3687,2.2731738090515137,-5.6024065017700195
3688,2.4467129707336426,-6.625694751739502
3689,2.3476204872131348,-7.046511173248291
3690,2.533693790435791,-6.132384777069092
3691,2.255164623260498,-6.269831657409668
3692,2.311875343322754,-5.670762538909912
3693,2.2022275924682617,-6.1383185386657715
3694,2.259556293487549,-7.0154709815979
3695,2.532362937927246,-7.3461713790893555
3696,2.298281192779541,-7.077315807342529
3697,2.3294591903686523,-5.075595855712891
3698,2.6303529739379883,-5.772783279418945
3699,2.331393003463745,-6.693950653076172
3700,2.5021867752075195,-6.7738800048828125
3701,2.4053640365600586,-6.355194091796875
3702,2.7372312545776367,-6.7055864334106445
3703,2.517364501953125,-5.795416831970215
3704,2.1893439292907715,-6.090501308441162
3705,2.390382766723633,-5.494106292724609
3706,2.4938082695007324,-6.48603630065918
3707,2.621422052383423,-5.924777030944824
3708,2.3030786514282227,-6.729507923126221
3709,2.8501510620117188,-6.1935319900512695
3710,2.4122462272644043,-6.745505332946777
3711,2.7192625999450684,-6.68717098236084
3712,2.254328727722168,-6.051793098449707
3713,2.3689494132995605,-7.350645542144775
3714,2.753589630126953,-5.3603386878967285
3715,2.457819938659668,-7.1004319190979
3716,2.4929842948913574,-6.744711875915527
3717,2.1901514530181885,-6.094231128692627
3718,2.353057861328125,-6.533634662628174
3719,2.2542037963867188,-5.914674282073975
3720,2.7077627182006836,-6.63432502746582
3721,2.255211591720581,-6.643209457397461
3722,2.509195566177368,-6.36822509765625
3723,2.4580979347229004,-5.712630748748779
3724,2.1382696628570557,-7.10499382019043
3725,2.5016961097717285,-6.125644683837891
3726,2.412838935852051,-6.665471076965332
3727,2.489320755004883,-6.692648410797119
3728,2.3235702514648438,-7.115195274353027
3729,2.463003635406494,-6.565964221954346
3730,2.584371566772461,-6.127259731292725
3731,2.2330448627471924,-5.962564468383789
3732,2.4199304580688477,-6.929889678955078
3733,2.1699647903442383,-6.333008289337158
3734,2.5690228939056396,-6.609841346740723
3735,2.517098903656006,-6.276803970336914
3736,2.217141628265381,-6.406796455383301
3737,2.4445719718933105,-5.780658721923828
3738,2.390444278717041,-6.2200093269348145
3739,2.366037130355835,-6.346113681793213
3740,2.4202630519866943,-5.702082633972168
3741,2.5583996772766113,-6.326488018035889
3742,2.2611818313598633,-5.911462783813477
3743,2.4485645294189453,-6.574716091156006
3744,2.2216744422912598,-6.801608085632324
3745,2.479146957397461,-5.434004306793213
3746,2.1607229709625244,-6.127506732940674
3747,2.5733845233917236,-6.722950458526611
3748,2.537518262863159,-6.86965799331665
3749,2.6029374599456787,-6.412623882293701
3750,2.398029327392578,-6.848165988922119
3751,2.6248321533203125,-6.640659809112549
3752,2.4835221767425537,-5.304769992828369
3753,2.687808036804199,-5.978499889373779
3754,2.310781478881836,-6.653078079223633
3755,2.596123695373535,-6.144139289855957
3756,2.0732321739196777,-6.762300968170166
3757,2.1086649894714355,-6.335157871246338
3758,2.684771776199341,-6.269546031951904
3759,2.4584078788757324,-6.897436618804932
3760,2.26904296875,-6.689676284790039
3761,2.244981527328491,-5.743278980255127
3762,2.7168164253234863,-5.509871959686279
3763,2.383237600326538,-6.148187160491943
3764,2.773138999938965,-6.868988037109375
3765,2.321779251098633,-6.994720458984375
3766,2.4558682441711426,-6.733635902404785
3767,2.633120059967041,-6.467939853668213
3768,2.2574353218078613,-6.473562717437744
3769,2.4782328605651855,-6.219796180725098
3770,2.3408281803131104,-6.469104766845703
3771,2.3664298057556152,-6.885368824005127
3772,2.4434709548950195,-6.58674430847168
3773,2.518397808074951,-7.172962665557861
3774,2.5475594997406006,-5.737372875213623
3775,2.5317721366882324,-6.727080821990967
3776,2.351763963699341,-5.9574809074401855
3777,2.2112655639648438,-5.528998851776123
3778,2.429701089859009,-6.324031829833984
3779,2.432007312774658,-6.539409637451172
3780,2.480112075805664,-5.952815055847168
3781,2.4290523529052734,-5.621233940124512
3782,2.413893699645996,-6.489065647125244
3783,2.3103978633880615,-7.285780429840088
3784,2.356912136077881,-6.93856954574585
3785,2.1461997032165527,-6.444183826446533
3786,2.3248677253723145,-6.4338836669921875
3787,2.866511821746826,-5.922943115234375
3788,2.494701862335205,-7.186422348022461
3789,2.4724836349487305,-6.573455333709717
3790,2.5833334922790527,-6.269038200378418
3791,2.227877140045166,-6.146519184112549
3792,2.4997363090515137,-5.965330600738525
3793,2.184622287750244,-7.202033042907715
3794,2.3098020553588867,-7.299459457397461
3795,2.5245399475097656,-6.967838764190674
3796,2.3493990898132324,-6.144118785858154
3797,2.6261556148529053,-6.26690673828125
3798,2.0619401931762695,-6.279370307922363
3799,2.391446590423584,-6.525808334350586
3800,2.321671724319458,-7.2724385261535645
3801,2.2451114654541016,-7.025846481323242
3802,2.06886887550354,-6.0367021560668945
3803,2.106625556945801,-5.912710189819336
3804,2.564713954925537,-6.348857879638672
3805,2.3801422119140625,-6.989263534545898
3806,2.332038164138794,-5.5815229415893555
3807,2.1983346939086914,-5.834829330444336
3808,2.4266059398651123,-6.246074676513672
3809,2.41522216796875,-6.274704456329346
3810,2.4300594329833984,-6.502148628234863
3811,2.3338418006896973,-6.375570297241211
3812,2.202789783477783,-5.939826488494873
3813,2.342468023300171,-7.095260143280029
3814,2.376589298248291,-5.727716445922852
3815,2.354948043823242,-6.225761890411377
3816,2.273808002471924,-6.493199348449707
3817,2.6920766830444336,-7.237578868865967
3818,2.3903727531433105,-6.308760166168213
3819,2.555525779724121,-6.978485584259033
3820,2.375504493713379,-5.669407844543457
3821,2.5792112350463867,-5.907025337219238
3822,2.4369139671325684,-6.661869049072266
3823,2.4436535835266113,-5.556586742401123
3824,2.2194669246673584,-5.255859851837158
3825,2.414702892303467,-6.252615928649902
3826,2.4027605056762695,-7.2195000648498535
3827,2.8245720863342285,-6.927791118621826
3828,2.206228256225586,-5.83251953125
3829,2.3708910942077637,-5.870424747467041
3830,2.802757501602173,-6.079176425933838
3831,2.516263008117676,-6.119641304016113
3832,2.6407384872436523,-6.095850944519043
3833,2.1902167797088623,-5.8094000816345215
3834,2.309518814086914,-5.851675987243652
3835,2.3185973167419434,-6.738959789276123
3836,2.3146207332611084,-6.449359893798828
3837,2.344620704650879,-5.714676380157471
3838,2.217951536178589,-5.8645501136779785
3839,2.530996322631836,-6.660051345825195
3840,2.5275588035583496,-5.64832878112793
3841,2.4953999519348145,-5.4053215980529785
3842,2.372175693511963,-5.977502346038818
3843,2.6311490535736084,-6.034753799438477
3844,2.56618595123291,-6.8368000984191895
3845,2.311716079711914,-5.761195182800293
3846,2.5320959091186523,-5.609521389007568
3847,2.5846123695373535,-6.338482856750488
3848,2.227778434753418,-6.002987861633301
3849,2.370959520339966,-7.147073268890381
3850,2.525775671005249,-6.468870162963867
3851,2.379694938659668,-5.724274158477783
3852,2.5004568099975586,-6.059145450592041
3853,2.647214889526367,-5.953412055969238
3854,2.4866862297058105,-5.812728404998779
3855,2.3727362155914307,-6.540956974029541
3856,2.3636748790740967,-6.9835591316223145
3857,2.2630038261413574,-7.2482805252075195
3858,2.5217325687408447,-5.446713447570801
3859,2.71114444732666,-5.5399041175842285
3860,2.8750522136688232,-7.343754768371582
3861,2.351581335067749,-6.598437309265137
3862,2.3517937660217285,-6.572087287902832
3863,2.545444965362549,-6.924432277679443
3864,2.281301975250244,-6.287782669067383
3865,2.3955209255218506,-6.134201526641846
3866,2.5545167922973633,-5.6521992683410645
3867,3.5422449111938477,-5.812691688537598
3868,2.3705906867980957,-7.043250560760498
3869,2.1603734493255615,-6.125919818878174
3870,2.402731418609619,-6.391233921051025
3871,2.5356249809265137,-5.729998588562012
3872,2.465665578842163,-6.359395980834961
3873,2.369424819946289,-5.944826602935791
3874,2.509185314178467,-7.057297229766846
3875,2.546088218688965,-6.389962196350098
3876,2.5301942825317383,-7.527925968170166
3877,2.43485426902771,-6.375980854034424
3878,2.7563164234161377,-6.060831069946289
3879,2.27976131439209,-6.614025115966797
3880,2.547630548477173,-5.71425724029541
3881,2.541487455368042,-6.667041778564453
3882,2.8653926849365234,-6.178614616394043
3883,2.434978485107422,-5.965148448944092
3884,2.685868263244629,-6.4609246253967285
3885,2.4004464149475098,-5.743297100067139
3886,2.4599673748016357,-5.8453264236450195
3887,2.512917995452881,-5.968202590942383
3888,2.7348408699035645,-5.785608291625977
3889,2.6567118167877197,-5.866263389587402
3890,2.2776074409484863,-5.924264907836914
3891,2.4976909160614014,-6.381132125854492
3892,2.4850006103515625,-6.421825408935547
3893,2.4602670669555664,-6.048169136047363
3894,2.764864206314087,-6.241313934326172
3895,2.366229295730591,-6.649680137634277
3896,2.3372931480407715,-6.5879364013671875
3897,2.72601318359375,-6.671140193939209
3898,2.476644992828369,-5.454036235809326
3899,2.2671775817871094,-6.012734889984131
3900,2.7605104446411133,-5.5953593254089355
3901,2.2702460289001465,-6.859660625457764
3902,2.4580788612365723,-6.0807623863220215
3903,2.4187331199645996,-6.028782844543457
3904,2.3143279552459717,-5.994311332702637
3905,2.1810238361358643,-6.360212802886963
3906,2.3336129188537598,-6.7807722091674805
3907,2.2806107997894287,-6.85036563873291
3908,2.474370002746582,-6.1696085929870605
3909,2.5371897220611572,-5.594402313232422
3910,2.3536882400512695,-5.932072639465332
3911,2.396584987640381,-6.045279026031494
3912,2.0287320613861084,-5.300008773803711
3913,2.5109519958496094,-6.864505767822266
3914,2.423187017440796,-5.652976036071777
3915,2.2101502418518066,-5.88663387298584
3916,2.4543490409851074,-5.755019664764404
3917,2.5908753871917725,-5.866276264190674
3918,2.2014262676239014,-6.737126350402832
3919,2.43538498878479,-5.5289740562438965
3920,2.2445390224456787,-7.04952335357666
3921,2.5417568683624268,-5.918607234954834
3922,2.444182872772217,-6.0652360916137695
3923,2.3400497436523438,-5.71549129486084
3924,2.549753189086914,-5.362830638885498
3925,2.430541515350342,-5.9549431800842285
3926,2.2739405632019043,-6.472221851348877
3927,2.2215323448181152,-6.044722080230713
3928,2.213404655456543,-5.03859806060791
3929,2.228210926055908,-6.921545028686523
3930,2.123188018798828,-5.433755397796631
3931,2.608215570449829,-7.032896518707275
3932,2.419797897338867,-5.442336559295654
3933,2.4231297969818115,-6.369318962097168
3934,2.399695634841919,-6.177996635437012
3935,2.382354259490967,-5.769097805023193
3936,2.6100144386291504,-6.092477798461914
3937,2.4818100929260254,-5.92166805267334
3938,2.4957356452941895,-5.613640308380127
3939,2.3106765747070312,-6.131259918212891
3940,2.275326728820801,-6.406699180603027
3941,2.3383655548095703,-6.347946643829346
3942,2.4162840843200684,-5.9785380363464355
3943,2.3172788619995117,-6.064792633056641
3944,2.550048351287842,-6.762612819671631
3945,2.18684720993042,-6.757905960083008
3946,2.5462450981140137,-6.040197849273682
3947,2.174323797225952,-6.284914493560791
3948,2.594099521636963,-6.029177665710449
3949,2.1573081016540527,-6.792283535003662
3950,2.7112460136413574,-6.15998649597168
3951,2.3649086952209473,-5.600176811218262
3952,2.3130364418029785,-5.8943915367126465
3953,1.9915322065353394,-7.063275337219238
3954,2.4769845008850098,-5.812021255493164
3955,2.20564603805542,-6.575220108032227
3956,2.412872791290283,-5.706202983856201
3957,2.355191707611084,-7.239007472991943
3958,2.2939612865448,-6.402268886566162
3959,2.233027219772339,-6.0743408203125
3960,2.437448024749756,-5.720585823059082
3961,2.506385087966919,-6.684803009033203
3962,2.406911849975586,-5.592215061187744
3963,2.12595272064209,-5.943360805511475
3964,2.1000638008117676,-5.939023494720459
3965,2.4994864463806152,-5.945205211639404
3966,2.6284003257751465,-6.199135780334473
3967,2.18739914894104,-6.762590408325195
3968,2.6111044883728027,-6.032481670379639
3969,2.772392749786377,-4.8751959800720215
3970,2.4956345558166504,-5.208829879760742
3971,2.377005100250244,-5.913375377655029
3972,2.5183277130126953,-6.219649791717529
3973,2.3909430503845215,-5.423577785491943
3974,2.1644630432128906,-6.624642372131348
3975,2.508103132247925,-5.946106433868408
3976,2.2408199310302734,-6.3395538330078125
3977,2.4881505966186523,-5.700565338134766
3978,2.4860787391662598,-5.538231372833252
3979,2.115457057952881,-7.2998809814453125
3980,2.2898011207580566,-6.084205150604248
3981,2.3814282417297363,-5.387964248657227
3982,2.1289241313934326,-5.742591381072998
3983,2.4818949699401855,-6.291026592254639
3984,2.400536060333252,-5.251225471496582
3985,2.6921653747558594,-5.526390552520752
3986,2.151008129119873,-6.22653341293335
3987,2.2704362869262695,-6.097142219543457
3988,2.6294798851013184,-5.259494781494141
3989,2.377016544342041,-6.380155563354492
3990,2.438751220703125,-6.318872451782227
3991,2.3589463233947754,-6.827908992767334
3992,2.5658161640167236,-5.925544261932373
3993,2.478954792022705,-5.67017936706543
3994,2.196082830429077,-6.107172966003418
3995,2.3776230812072754,-6.534364223480225
3996,2.393810510635376,-6.690130710601807
3997,2.3452200889587402,-6.100490093231201
3998,2.6410446166992188,-6.285588264465332
3999,2.367954969406128,-6.328454494476318
4000,2.2386491298675537,-5.382616996765137
4001,1.949816346168518,-7.092535972595215
4002,2.3177452087402344,-6.564722061157227
4003,2.418518304824829,-5.557565212249756
4004,2.1078033447265625,-6.597163677215576
4005,2.45620059967041,-5.5166473388671875
4006,2.2142715454101562,-5.510054111480713
4007,2.144251585006714,-6.0869059562683105
4008,2.325951099395752,-6.106601715087891
4009,2.196237087249756,-5.597614765167236
4010,2.3927602767944336,-5.312449932098389
4011,2.743192434310913,-5.413402557373047
4012,2.44405460357666,-6.764947414398193
4013,2.5911412239074707,-6.384883880615234
4014,2.7589433193206787,-6.748366832733154
4015,2.346714973449707,-5.430441856384277
4016,2.0884931087493896,-6.107536792755127
4017,2.350355625152588,-6.632692813873291
4018,2.6154468059539795,-5.401014804840088
4019,2.0924506187438965,-6.924972057342529
4020,2.367401599884033,-6.810470104217529
4021,2.0704264640808105,-6.378581523895264
4022,2.19478702545166,-6.319185256958008
4023,2.562974452972412,-5.533397197723389
4024,2.284031867980957,-6.878175735473633
4025,2.1545255184173584,-6.01131534576416
4026,2.088449478149414,-6.245736598968506
4027,2.1466617584228516,-7.409634590148926
4028,2.3506083488464355,-6.253572940826416
4029,2.36074161529541,-6.090964317321777
4030,2.2570858001708984,-6.514702796936035
4031,2.4882307052612305,-6.191098690032959
4032,2.2936010360717773,-6.083352565765381
4033,2.3993542194366455,-6.255141735076904
4034,2.021470785140991,-6.604405403137207
4035,2.1602344512939453,-6.385287284851074
4036,2.5654683113098145,-5.601256847381592
4037,2.402824878692627,-6.037013053894043
4038,2.0891380310058594,-5.5213165283203125
4039,2.4491772651672363,-5.566302299499512
4040,2.4767534732818604,-6.467850208282471
4041,2.6794774532318115,-6.008604049682617
4042,2.1326427459716797,-5.424351692199707
4043,2.499892473220825,-4.745363235473633
4044,2.493665933609009,-5.606795787811279
4045,2.3121752738952637,-5.599327564239502
4046,2.352424383163452,-5.72526741027832
4047,2.231308937072754,-6.056490421295166
4048,2.0329174995422363,-6.050358295440674
4049,2.2244045734405518,-6.773619174957275
4050,2.057583808898926,-7.127664566040039
4051,2.138503074645996,-5.2759294509887695
4052,2.2918896675109863,-6.515542984008789
4053,2.6118228435516357,-4.875657081604004
4054,2.495084285736084,-6.156987190246582
4055,2.117588520050049,-7.157672882080078
4056,2.2705869674682617,-6.417971611022949
4057,2.3994016647338867,-5.9260430335998535
4058,2.549593448638916,-6.028407096862793
4059,2.3698296546936035,-5.510946750640869
4060,1.966381549835205,-6.773502349853516
4061,2.6071553230285645,-6.4684062004089355
4062,2.4762277603149414,-6.819562911987305
4063,2.440077304840088,-5.205837249755859
4064,2.491861581802368,-5.312559127807617
4065,2.5609142780303955,-6.603888511657715
4066,2.355551242828369,-5.845450401306152
4067,2.321592330932617,-6.473323822021484
4068,2.509093999862671,-5.577414512634277
4069,2.0639357566833496,-5.988680362701416
4070,2.6254935264587402,-6.692354679107666
4071,2.368144989013672,-5.638348579406738
4072,1.9826555252075195,-5.563967227935791
4073,2.390620231628418,-5.5080156326293945
4074,2.1851887702941895,-6.977961540222168
4075,2.2055046558380127,-5.0306782722473145
4076,2.130845546722412,-6.448442459106445
4077,2.35056209564209,-6.498343467712402
4078,2.534302234649658,-6.107530117034912
4079,2.0408596992492676,-6.178709506988525
4080,2.2127785682678223,-5.893945693969727
4081,2.235434055328369,-5.673574924468994
4082,2.3016517162323,-5.819396495819092
4083,2.378927230834961,-5.5235161781311035
4084,2.2455391883850098,-5.698730945587158
4085,2.256314277648926,-6.2608323097229
4086,2.0099549293518066,-7.098364353179932
4087,2.1683056354522705,-6.056295394897461
4088,2.4217052459716797,-6.088627338409424
4089,2.521239757537842,-5.2605299949646
4090,2.0043673515319824,-5.379959583282471
4091,2.048229932785034,-6.785531044006348
4092,2.5575525760650635,-5.719809532165527
4093,2.3792471885681152,-6.610722541809082
4094,2.2881293296813965,-6.0158162117004395
4095,2.3063807487487793,-5.515594482421875
4096,2.6363158226013184,-5.674804210662842
4097,2.783719062805176,-6.161357879638672
4098,2.279667854309082,-6.355746269226074
4099,2.475074529647827,-5.833779335021973
4100,2.549375295639038,-5.532071590423584
4101,2.520965576171875,-5.752126693725586
4102,2.3489413261413574,-5.825128555297852
4103,2.573486328125,-6.206714630126953
4104,2.4359676837921143,-6.440898895263672
4105,2.241304874420166,-6.6076860427856445
4106,2.2046937942504883,-6.355321884155273
4107,2.5048742294311523,-5.806879043579102
4108,2.668539047241211,-5.431341171264648
4109,2.355386734008789,-6.137692451477051
4110,2.219087600708008,-6.808663368225098
4111,2.130234718322754,-5.842276096343994
4112,2.1647539138793945,-6.229008674621582
4113,2.492445230484009,-6.618340492248535
4114,2.568066358566284,-4.801612377166748
4115,2.130638599395752,-5.174605846405029
4116,2.3528389930725098,-6.220768451690674
4117,2.266183614730835,-5.455106735229492
4118,2.2170639038085938,-6.401659965515137
4119,2.46834135055542,-5.660342216491699
4120,2.4348700046539307,-5.88831901550293
4121,2.5640532970428467,-6.185253143310547
4122,2.3318991661071777,-6.039690017700195
4123,2.380343437194824,-5.784887313842773
4124,2.2367641925811768,-7.019085884094238
4125,2.3450589179992676,-5.481602668762207
4126,2.270806312561035,-6.36367654800415
4127,2.3599119186401367,-5.599534511566162
4128,2.224733591079712,-6.242406845092773
4129,2.360793113708496,-6.313379287719727
4130,2.171931028366089,-5.9419097900390625
4131,2.3745012283325195,-6.131098747253418
4132,2.542499303817749,-5.036519527435303
4133,2.2207841873168945,-6.438943386077881
4134,2.7675604820251465,-5.3854193687438965
4135,2.36952543258667,-6.162219047546387
4136,2.2387306690216064,-6.024746894836426
4137,2.325289011001587,-5.544835090637207
4138,2.5525920391082764,-5.438677787780762
4139,2.4512648582458496,-6.683714389801025
4140,2.4647345542907715,-6.567276477813721
4141,2.3224964141845703,-5.891966342926025
4142,2.7378578186035156,-5.4588117599487305
4143,2.042428970336914,-5.933161735534668
4144,2.5417070388793945,-6.536403656005859
4145,2.600172519683838,-5.995123386383057
4146,2.4041965007781982,-5.7394328117370605
4147,2.5221033096313477,-5.350354194641113
4148,2.68289852142334,-5.361605167388916
4149,2.35768461227417,-6.337319374084473
4150,2.4904375076293945,-6.611713409423828
4151,2.364400863647461,-6.373134136199951
4152,2.405327558517456,-5.241014003753662
4153,2.23390531539917,-5.932534217834473
4154,2.0770397186279297,-6.664264678955078
4155,2.323275566101074,-5.858774185180664
4156,2.220785140991211,-7.513308525085449
4157,2.527193546295166,-6.133346080780029
4158,2.1024937629699707,-6.868406295776367
4159,2.5235562324523926,-5.584197521209717
4160,2.1265153884887695,-5.460444450378418
4161,2.331815004348755,-6.372859954833984
4162,2.457475423812866,-6.11995792388916
4163,2.057229995727539,-6.165032386779785
4164,2.559601306915283,-5.970870494842529
4165,2.1806092262268066,-6.021893501281738
4166,2.6865408420562744,-5.301483631134033
4167,2.1016621589660645,-6.492549896240234
4168,2.6083478927612305,-6.511915683746338
4169,2.573237895965576,-5.456127166748047
4170,2.442080020904541,-6.041685581207275
4171,2.0852174758911133,-6.074297904968262
4172,2.537322998046875,-4.941649913787842
4173,2.5986762046813965,-5.756079196929932
4174,2.065387725830078,-5.7029194831848145
4175,2.188974380493164,-6.066521644592285
4176,2.082655429840088,-5.769657135009766
4177,2.3492283821105957,-5.656908988952637
4178,2.388272285461426,-5.910299301147461
4179,2.2667477130889893,-6.902648448944092
4180,2.35198712348938,-6.097367763519287
4181,2.261815071105957,-6.782845973968506
4182,2.216334342956543,-6.7885942459106445
4183,2.394105911254883,-6.422818660736084
4184,2.0809574127197266,-5.837363243103027
4185,2.331576347351074,-6.05401611328125
4186,2.6442208290100098,-6.5650787353515625
4187,2.41044545173645,-6.014883995056152
4188,2.433460235595703,-6.025552749633789
4189,2.3877387046813965,-7.0141401290893555
4190,2.521730899810791,-6.0504021644592285
4191,2.1500744819641113,-6.878518104553223
4192,2.2337396144866943,-6.12912130355835
4193,2.438138961791992,-5.778892993927002
4194,2.6803221702575684,-5.7173590660095215
4195,2.1434311866760254,-6.2570977210998535
4196,2.44571590423584,-6.071060657501221
4197,2.8923234939575195,-6.184145927429199
4198,2.3115172386169434,-5.930164337158203
4199,2.7330899238586426,-6.503974437713623
4200,2.3121142387390137,-5.784106254577637
4201,2.3185486793518066,-6.64309549331665
4202,2.3792130947113037,-6.988658428192139
4203,2.3725407123565674,-5.909992218017578
4204,2.4317703247070312,-5.883880138397217
4205,2.500274896621704,-5.661906719207764
4206,2.337700843811035,-6.034548282623291
4207,2.4529309272766113,-6.154929161071777
4208,2.1534643173217773,-6.0602545738220215
4209,2.3355979919433594,-6.558887481689453
4210,2.247321844100952,-6.156552791595459
4211,2.404231548309326,-6.255661487579346
4212,2.398421049118042,-6.182153224945068
4213,2.36480712890625,-6.740212440490723
4214,2.2183802127838135,-6.259537220001221
4215,2.036036491394043,-5.689047813415527
4216,2.492809534072876,-5.613143444061279
4217,2.3491549491882324,-6.243499755859375
4218,2.6832103729248047,-5.929869174957275
4219,2.1504483222961426,-5.896242141723633
4220,2.405704975128174,-6.034153461456299
4221,2.4330992698669434,-5.2859673500061035
4222,2.3144168853759766,-5.371331214904785
4223,2.4294233322143555,-5.946365833282471
4224,2.229681968688965,-6.2213006019592285
4225,2.398885726928711,-6.00193977355957
4226,2.4056458473205566,-6.082246780395508
4227,2.5973291397094727,-5.643716812133789
4228,2.387240409851074,-6.15342903137207
4229,2.5384182929992676,-5.649487495422363
4230,2.570556640625,-6.274197578430176
4231,2.4714174270629883,-6.147031307220459
4232,2.673727035522461,-5.487712860107422
4233,2.474982261657715,-5.099899768829346
4234,2.5222413539886475,-5.361256122589111
4235,2.3710169792175293,-6.493523597717285
4236,2.4643125534057617,-5.985348701477051
4237,2.4734842777252197,-5.414733409881592
4238,2.3849525451660156,-6.608265399932861
4239,2.6471505165100098,-6.156838417053223
4240,3.065079689025879,-6.598001480102539
4241,2.5781285762786865,-5.903167247772217
4242,2.3999853134155273,-5.770715713500977
4243,2.686946392059326,-6.517486095428467
4244,2.4996142387390137,-4.92145299911499
4245,2.538236141204834,-5.623086929321289
4246,2.5683975219726562,-5.59964656829834
4247,2.6879215240478516,-4.854568958282471
4248,2.34871768951416,-5.713742733001709
4249,2.8308143615722656,-5.8273444175720215
4250,2.474419593811035,-6.369966983795166
4251,2.638469696044922,-5.624666213989258
4252,2.440704822540283,-5.710787296295166
4253,2.2024431228637695,-6.448678493499756
4254,2.7548460960388184,-5.670318603515625
4255,2.4837594032287598,-6.143957614898682
4256,2.610313892364502,-6.3700737953186035
4257,2.7350263595581055,-5.203245639801025
4258,2.234192132949829,-7.4281792640686035
4259,2.5701842308044434,-6.537057876586914
4260,2.5481371879577637,-6.065873622894287
4261,2.457651376724243,-5.22141170501709
4262,2.4844765663146973,-5.368942737579346
4263,2.3308496475219727,-6.637693881988525
4264,2.218125104904175,-6.448117733001709
4265,2.189547538757324,-5.717374801635742
4266,2.133942127227783,-5.134345531463623
4267,2.7858526706695557,-5.541934967041016
4268,2.427497625350952,-5.234875679016113
4269,2.2245888710021973,-5.4819016456604
4270,2.389794111251831,-6.513372421264648
4271,2.2530503273010254,-5.292550086975098
4272,2.1679248809814453,-5.701234817504883
4273,2.6209301948547363,-6.039514064788818
4274,2.2449076175689697,-6.747929096221924
4275,2.579352378845215,-6.707911968231201
4276,2.3906359672546387,-6.274745941162109
4277,2.4986441135406494,-5.831693172454834
4278,2.666780471801758,-5.243997573852539
4279,2.424499034881592,-6.232356071472168
4280,2.238739490509033,-6.333978176116943
4281,2.1511006355285645,-5.332198619842529
4282,2.180659294128418,-5.547350883483887
4283,2.47849178314209,-5.197622299194336
4284,2.5734610557556152,-6.413212776184082
4285,2.464944362640381,-6.353175163269043
4286,2.5178074836730957,-5.663083076477051
4287,2.4997501373291016,-5.596757411956787
4288,2.277829170227051,-6.018060684204102
4289,2.3733458518981934,-5.610235691070557
4290,2.8407363891601562,-5.738401412963867
4291,2.4009997844696045,-6.149919033050537
4292,2.563309669494629,-5.7398576736450195
4293,2.318580150604248,-6.192252159118652
4294,2.4936227798461914,-5.798486232757568
4295,2.3538899421691895,-5.784459114074707
4296,2.2699220180511475,-5.737727642059326
4297,2.5334548950195312,-5.836035251617432
4298,2.5506134033203125,-6.406686782836914
4299,2.2272746562957764,-6.198729038238525
4300,2.370628595352173,-6.175136089324951
4301,2.4222724437713623,-6.408344745635986
4302,2.4748647212982178,-4.678838729858398
4303,2.540342330932617,-6.39938497543335
4304,2.3182828426361084,-6.467675685882568
4305,2.4300806522369385,-5.997318267822266
4306,2.3404619693756104,-5.725293159484863
4307,2.250943183898926,-5.829695224761963
4308,2.8306050300598145,-5.545549392700195
4309,2.622096538543701,-6.553009510040283
4310,2.5505876541137695,-5.902143478393555
4311,2.2489242553710938,-6.698984146118164
4312,2.444798231124878,-5.291606903076172
4313,2.567863941192627,-6.252376556396484
4314,2.6166446208953857,-5.177353382110596
4315,2.6066596508026123,-5.354831695556641
4316,2.3949642181396484,-5.419645309448242
4317,2.5506033897399902,-5.734502792358398
4318,2.3059327602386475,-5.858842849731445
4319,2.710453510284424,-5.176670551300049
4320,2.391171455383301,-5.385404109954834
4321,2.657344341278076,-6.038238048553467
4322,2.510387659072876,-5.870389938354492
4323,1.9444119930267334,-5.914358139038086
4324,2.2923614978790283,-5.946051120758057
4325,2.536667823791504,-5.818961143493652
4326,2.4415183067321777,-6.066844940185547
4327,2.597665786743164,-5.223308563232422
4328,2.2914841175079346,-5.025605201721191
4329,2.567261219024658,-6.731356143951416
4330,2.2387707233428955,-6.066829681396484
4331,2.6538259983062744,-5.252374172210693
4332,2.239521026611328,-5.683455944061279
4333,2.5324740409851074,-5.505090236663818
4334,2.618730068206787,-6.444452285766602
4335,2.455841302871704,-5.530544281005859
4336,2.2535767555236816,-6.208110332489014
4337,2.236311435699463,-6.122129440307617
4338,2.510310173034668,-5.827871322631836
4339,2.2308356761932373,-5.228538990020752
4340,2.1537442207336426,-6.631694793701172
4341,2.320734977722168,-5.994199275970459
4342,2.4442412853240967,-6.302122592926025
4343,2.33205509185791,-5.870747089385986
4344,2.0847740173339844,-6.021551609039307
4345,2.5184779167175293,-5.203678607940674
4346,2.399553060531616,-6.4167938232421875
4347,2.0029006004333496,-6.822163105010986
4348,2.018061637878418,-6.1406145095825195
4349,2.445669651031494,-5.709713935852051
4350,2.2239184379577637,-5.868758678436279
4351,2.230579376220703,-5.790961265563965
4352,2.378195285797119,-5.6391377449035645
4353,2.366931915283203,-5.204033374786377
4354,2.3366358280181885,-5.80220890045166
4355,2.200484275817871,-5.278728485107422
4356,2.4013006687164307,-6.250828742980957
4357,2.2623791694641113,-5.955742359161377
4358,2.4958415031433105,-5.142089366912842
4359,2.4327893257141113,-5.9455485343933105
4360,2.4600696563720703,-5.975254058837891
4361,2.298973798751831,-5.4902448654174805
4362,2.4500274658203125,-5.160608291625977
4363,2.4075658321380615,-5.388409614562988
4364,2.6584064960479736,-5.932045936584473
4365,2.332498073577881,-6.0522027015686035
4366,2.494755268096924,-5.495656967163086
4367,2.2876508235931396,-6.215556621551514
4368,2.349046230316162,-5.496612071990967
4369,2.243976593017578,-5.842906951904297
4370,2.2060422897338867,-6.286296367645264
4371,2.104304790496826,-6.236788749694824
4372,2.5491487979888916,-4.813205718994141
4373,2.661051034927368,-6.71174430847168
4374,2.667452812194824,-5.826101303100586
4375,2.170773506164551,-5.942550182342529
4376,2.606700897216797,-6.0047526359558105
4377,2.3640270233154297,-5.068363189697266
4378,2.417557716369629,-6.499407768249512
4379,2.483931064605713,-5.5216779708862305
4380,2.529519557952881,-5.75301456451416
4381,2.175405979156494,-6.057741641998291
4382,2.6398420333862305,-5.0280561447143555
4383,2.7895774841308594,-5.261483669281006
4384,2.6257944107055664,-6.117132186889648
4385,2.2192726135253906,-6.424081802368164
4386,2.2687435150146484,-5.664527416229248
4387,2.429621458053589,-5.925022125244141
4388,2.159960985183716,-6.412185192108154
4389,2.2607483863830566,-5.663534164428711
4390,2.0935769081115723,-5.573225021362305
4391,2.727783441543579,-6.102452278137207
4392,2.2185192108154297,-5.836264610290527
4393,2.1165077686309814,-4.700417995452881
4394,2.2115731239318848,-6.010176181793213
4395,2.3516526222229004,-6.18868350982666
4396,2.5747690200805664,-5.618950366973877
4397,2.3094801902770996,-6.205721378326416
4398,2.351423978805542,-5.873341083526611
4399,2.6814379692077637,-6.926101207733154
4400,2.355970859527588,-7.031389236450195
4401,2.546219825744629,-6.769853591918945
4402,2.4700710773468018,-6.112087249755859
4403,2.3725814819335938,-4.955996513366699
4404,2.3451216220855713,-4.987464427947998
4405,2.1665170192718506,-5.8026323318481445
4406,2.578947067260742,-5.47184944152832
4407,2.38677978515625,-6.111005783081055
4408,2.388599395751953,-5.939866542816162
4409,2.528623104095459,-5.608280658721924
4410,2.3815951347351074,-5.344778537750244
4411,2.6227023601531982,-5.023834705352783
4412,2.0831246376037598,-4.891786575317383
4413,2.3251729011535645,-5.9335832595825195
4414,2.3365464210510254,-6.239389419555664
4415,2.013399362564087,-5.99488639831543
4416,2.5131149291992188,-6.164933681488037
4417,2.251915454864502,-5.940370082855225
4418,2.3201236724853516,-6.67581844329834
4419,2.5109620094299316,-5.964150905609131
4420,2.5173544883728027,-6.0922064781188965
4421,2.7480506896972656,-5.553274631500244
4422,2.4379706382751465,-5.417750358581543
4423,2.3235599994659424,-5.7630767822265625
4424,2.453686237335205,-4.267491817474365
4425,2.575697898864746,-5.937794208526611
4426,2.333709716796875,-5.246950626373291
4427,2.3893611431121826,-6.020001411437988
4428,2.376802921295166,-5.9813008308410645
4429,2.450233221054077,-6.166175365447998
4430,2.64048433303833,-5.114471912384033
4431,2.068894386291504,-5.57600212097168
4432,2.745321750640869,-6.550406455993652
4433,2.2254457473754883,-5.598566055297852
4434,2.4471702575683594,-5.541586875915527
4435,2.7814507484436035,-5.761298179626465
4436,2.441185474395752,-5.419981479644775
4437,2.484037160873413,-5.738055229187012
4438,2.4882118701934814,-5.772177219390869
4439,2.4343483448028564,-6.165330410003662
4440,2.3217015266418457,-5.6293768882751465
4441,2.560190200805664,-5.777794361114502
4442,2.4157490730285645,-5.248243808746338
4443,2.36165189743042,-5.131840705871582
4444,2.3786468505859375,-5.476886749267578
4445,2.3627915382385254,-5.379909038543701
4446,2.6896557807922363,-5.850057601928711
4447,2.4040541648864746,-5.715785026550293
4448,2.580953359603882,-5.297990798950195
4449,2.5462427139282227,-6.041519641876221
4450,2.778536319732666,-6.80831241607666
4451,2.757896900177002,-5.611541271209717
4452,3.065955877304077,-5.804666042327881
4453,2.4174976348876953,-6.010101318359375
4454,2.301166534423828,-5.487567901611328
4455,2.427910566329956,-5.847946643829346
4456,2.4412598609924316,-5.874075889587402
4457,2.506537437438965,-5.642696380615234
4458,2.49867582321167,-5.8514204025268555
4459,2.6081130504608154,-5.6141581535339355
4460,2.742885112762451,-6.139639377593994
4461,2.7860894203186035,-5.904302597045898
4462,2.3605988025665283,-5.504492282867432
4463,2.42449688911438,-5.308830738067627
4464,2.532625198364258,-4.843945503234863
4465,2.6312403678894043,-4.89137077331543
4466,2.368065357208252,-5.302154064178467
4467,2.1660985946655273,-5.6892499923706055
4468,2.5644924640655518,-5.628399848937988
4469,2.631458044052124,-5.897876739501953
4470,2.5055627822875977,-5.497429370880127
4471,2.5639617443084717,-5.791926860809326
4472,2.394409418106079,-4.896300315856934
4473,2.5169849395751953,-6.099626064300537
4474,2.529942512512207,-5.976811408996582
4475,2.5434274673461914,-5.5174031257629395
4476,2.4329981803894043,-5.339353084564209
4477,2.3295035362243652,-5.61810302734375
4478,2.3499937057495117,-4.748457908630371
4479,2.367293119430542,-5.23490047454834
4480,2.7289934158325195,-5.678333759307861
4481,2.0682547092437744,-6.2618794441223145
4482,2.56131911277771,-6.000269889831543
4483,3.1058595180511475,-4.559807300567627
4484,2.5252156257629395,-6.69682502746582
4485,2.499630928039551,-5.973814010620117
4486,2.7244138717651367,-5.839330673217773
4487,2.4602675437927246,-5.109950065612793
4488,3.124873399734497,-5.16709041595459
4489,2.4698212146759033,-5.540459632873535
4490,2.772399425506592,-5.551424503326416
4491,2.631441116333008,-6.247398853302002
4492,2.698103189468384,-4.831882476806641
4493,2.7775588035583496,-5.641887187957764
4494,2.835472583770752,-5.953709602355957
4495,3.0698401927948,-5.365988731384277
4496,2.434870719909668,-5.75490665435791
4497,2.033642292022705,-6.345758438110352
4498,2.8811542987823486,-5.063140392303467
4499,2.338656187057495,-5.462613105773926
4500,2.514338731765747,-4.580789089202881
4501,2.4732298851013184,-5.144468307495117
4502,2.577768325805664,-5.239015102386475
4503,2.587183952331543,-6.266752243041992
4504,2.2433714866638184,-5.954895496368408
4505,2.4823713302612305,-5.5266523361206055
4506,2.6349518299102783,-4.912869453430176
4507,2.6652169227600098,-6.06485652923584
4508,2.358576774597168,-4.281127452850342
4509,2.6156020164489746,-5.284836292266846
4510,2.3354427814483643,-5.696737766265869
4511,2.3241100311279297,-4.862189292907715
4512,2.456023931503296,-5.144880771636963
4513,2.054142951965332,-5.001309871673584
4514,2.325779676437378,-5.972444534301758
4515,2.6162939071655273,-4.800209999084473
4516,2.5016117095947266,-5.018207550048828
4517,2.3291678428649902,-6.376575469970703
4518,2.796356201171875,-5.753134727478027
4519,2.3715155124664307,-5.757467746734619
4520,2.676156997680664,-5.636409759521484
4521,2.692514419555664,-4.84827995300293
4522,2.4416966438293457,-6.227809906005859
4523,2.6983494758605957,-5.254908561706543
4524,2.483945846557617,-5.343621730804443
4525,2.356389284133911,-5.715658664703369
4526,2.4368057250976562,-5.716017246246338
4527,2.2253613471984863,-5.310372829437256
4528,2.284360885620117,-5.403387546539307
4529,2.39646053314209,-6.385639667510986
4530,2.317516803741455,-5.322691440582275
4531,2.2208189964294434,-5.723679065704346
4532,2.417879581451416,-4.801980972290039
4533,2.6578121185302734,-5.2751946449279785
4534,2.429839611053467,-5.5627851486206055
4535,2.550185441970825,-5.4396185874938965
4536,2.279702663421631,-5.87999153137207
4537,2.7801146507263184,-5.276060581207275
4538,2.560581922531128,-5.685420989990234
4539,2.635498046875,-5.4574713706970215
4540,2.4728293418884277,-5.556919097900391
4541,2.1833324432373047,-6.7882890701293945
4542,2.4808168411254883,-4.349076747894287
4543,2.609192371368408,-5.7231903076171875
4544,2.5744881629943848,-6.091374397277832
4545,2.5091466903686523,-5.788362503051758
4546,2.6386260986328125,-5.015431880950928
4547,2.4818625450134277,-5.386936187744141
4548,2.439506769180298,-5.420133590698242
4549,2.5019443035125732,-6.162076950073242
4550,2.3437094688415527,-6.867893218994141
4551,2.3934130668640137,-5.209451675415039
4552,2.7694973945617676,-5.465818405151367
4553,2.7787532806396484,-5.939987659454346
4554,2.4295425415039062,-5.0209150314331055
4555,2.2822208404541016,-5.550482273101807
4556,2.3521833419799805,-5.150047779083252
4557,2.619370460510254,-6.346431255340576
4558,2.383669137954712,-5.109140872955322
4559,2.816220283508301,-6.406963348388672
4560,2.4775469303131104,-6.648158550262451
4561,3.083892822265625,-5.571849346160889
4562,2.4523963928222656,-5.215084075927734
4563,2.560091972351074,-6.027204513549805
4564,2.6975648403167725,-4.792009353637695
4565,2.342566967010498,-5.330063343048096
4566,2.301664352416992,-5.923997402191162
4567,2.361337423324585,-5.2055745124816895
4568,2.581549882888794,-5.973394393920898
4569,2.755340576171875,-5.128615856170654
4570,2.539597988128662,-5.152838230133057
4571,2.7592318058013916,-5.558958053588867
4572,2.476301670074463,-6.073519229888916
4573,2.088895797729492,-5.5939507484436035
4574,2.4300575256347656,-5.719243049621582
4575,2.412480354309082,-6.280406475067139
4576,2.2810072898864746,-6.438085556030273
4577,2.7680931091308594,-5.943765640258789
4578,2.321075439453125,-5.277624607086182
4579,2.389228582382202,-5.1617817878723145
4580,2.9161367416381836,-5.439706802368164
4581,2.3696489334106445,-6.603332042694092
4582,2.625375747680664,-5.551755905151367
4583,2.3110437393188477,-5.122504234313965
4584,2.3170933723449707,-6.0734686851501465
4585,2.5321969985961914,-5.825270175933838
4586,2.4990530014038086,-6.683330059051514
4587,2.60672664642334,-5.9077653884887695
4588,2.45048189163208,-5.562112808227539
4589,2.663994312286377,-5.196824550628662
4590,2.4135384559631348,-5.406026840209961
4591,2.35833740234375,-5.15015983581543
4592,2.2043046951293945,-4.918344974517822
4593,2.465981960296631,-5.691714286804199
4594,2.19451904296875,-5.323802471160889
4595,2.3375120162963867,-4.714225769042969
4596,2.3870344161987305,-6.115666389465332
4597,2.7572731971740723,-5.589471340179443
4598,2.4089980125427246,-6.448226451873779
4599,2.4198222160339355,-4.972096920013428
4600,2.516664505004883,-5.875296592712402
4601,2.1698694229125977,-5.556982517242432
4602,2.4798359870910645,-5.347817420959473
4603,2.394662857055664,-5.200406074523926
4604,2.402616500854492,-5.460107326507568
4605,2.3496105670928955,-5.215648174285889
4606,2.2205607891082764,-5.9369401931762695
4607,2.451164722442627,-5.584239959716797
4608,2.3569839000701904,-5.638027191162109
4609,2.457700252532959,-5.957784652709961
4610,2.407357692718506,-5.852811813354492
4611,2.3016624450683594,-5.551489353179932
4612,2.4987075328826904,-5.056210517883301
4613,2.4677019119262695,-5.940231800079346
4614,2.535914659500122,-6.024278163909912
4615,2.6487152576446533,-5.466318130493164
4616,2.3874120712280273,-6.562143325805664
4617,2.594925880432129,-4.832963943481445
4618,2.374208927154541,-5.318915843963623
4619,2.335921287536621,-5.611398220062256
4620,2.472137928009033,-5.905435562133789
4621,1.9686681032180786,-5.915048599243164
4622,2.4662413597106934,-4.963675022125244
4623,2.3247649669647217,-4.993381500244141
4624,2.52545428276062,-6.083761692047119
4625,2.224905490875244,-5.8630242347717285
4626,2.246770143508911,-5.121671199798584
4627,2.446333885192871,-5.02376651763916
4628,2.4543697834014893,-5.191249847412109
4629,2.365963935852051,-6.225399971008301
4630,2.404170513153076,-6.373801231384277
4631,2.559995174407959,-5.212786674499512
4632,2.206515312194824,-5.113689422607422
4633,2.3631515502929688,-6.790679454803467
4634,2.5152950286865234,-5.63608455657959
4635,2.5452029705047607,-5.7362284660339355
4636,2.198385238647461,-5.195824146270752
4637,2.447442054748535,-4.982880592346191
4638,2.324995517730713,-5.673004150390625
4639,2.5873396396636963,-5.697332859039307
4640,2.3817532062530518,-5.031827926635742
4641,2.38425350189209,-5.471034049987793
4642,2.592784881591797,-6.112154006958008
4643,2.6629695892333984,-5.4073805809021
4644,2.4758543968200684,-5.320052623748779
4645,2.3817336559295654,-5.782505512237549
4646,2.521090507507324,-5.482109546661377
4647,2.60336971282959,-6.122744083404541
4648,2.431826591491699,-5.081811428070068
4649,2.1587653160095215,-5.4008917808532715
4650,2.5318808555603027,-5.191338062286377
4651,2.705270767211914,-5.2325825691223145
4652,2.6102256774902344,-5.560657978057861
4653,2.523977756500244,-5.98689079284668
4654,2.6003661155700684,-5.490167140960693
4655,2.4519267082214355,-4.898632526397705
4656,2.959380626678467,-4.178348541259766
4657,2.3991472721099854,-5.7426300048828125
4658,2.3093578815460205,-5.958890914916992
4659,2.3690078258514404,-6.135108470916748
4660,2.2273545265197754,-5.929923057556152
4661,2.0238895416259766,-4.796220302581787
4662,2.4779200553894043,-5.729799747467041
4663,2.442986249923706,-5.540904521942139
4664,2.4249486923217773,-5.555222034454346
4665,2.3831257820129395,-5.085299015045166
4666,2.3175621032714844,-6.031472206115723
4667,2.7672369480133057,-5.343145847320557
4668,2.122319221496582,-5.642215728759766
4669,2.5208094120025635,-5.477279186248779
4670,2.3261003494262695,-5.810142993927002
4671,2.5541813373565674,-5.60152530670166
4672,2.3149325847625732,-4.761374473571777
4673,2.285186529159546,-5.642983913421631
4674,2.7552175521850586,-4.609968662261963
4675,2.4705111980438232,-5.238924026489258
4676,2.577268600463867,-6.051018714904785
4677,2.609005928039551,-5.0074543952941895
4678,2.672624349594116,-5.468681812286377
4679,2.469146490097046,-6.031688690185547
4680,3.0536766052246094,-5.763302803039551
4681,2.566404104232788,-4.938928127288818
4682,2.1059086322784424,-5.394882678985596
4683,2.6840012073516846,-4.678363800048828
4684,2.391775131225586,-5.038482189178467
4685,1.994933843612671,-5.375028133392334
4686,2.402801513671875,-5.371619701385498
4687,2.547520637512207,-5.072149276733398
4688,2.261737108230591,-5.804628849029541
4689,2.5305700302124023,-6.242199897766113
4690,2.5143332481384277,-5.621149063110352
4691,2.502237319946289,-5.707188606262207
4692,2.310892105102539,-7.292659759521484
4693,2.2242794036865234,-5.095286846160889
4694,2.290696620941162,-5.668869495391846
4695,2.563520908355713,-5.372018814086914
4696,2.585874080657959,-5.136235237121582
4697,2.4987940788269043,-5.523581504821777
4698,2.5355985164642334,-5.528782844543457
4699,2.553267478942871,-4.893847942352295
4700,2.7316908836364746,-5.289395332336426
4701,2.4683494567871094,-4.864259719848633
4702,2.3914079666137695,-5.472858905792236
4703,2.4264512062072754,-5.044887065887451
4704,2.5799522399902344,-5.064727306365967
4705,2.322291851043701,-5.5242414474487305
4706,2.2576680183410645,-6.035504341125488
4707,2.3813118934631348,-5.071507453918457
4708,2.4851064682006836,-5.235747814178467
4709,2.725985527038574,-5.998502731323242
4710,2.6109490394592285,-5.426164627075195
4711,2.3998007774353027,-5.10417366027832
4712,2.663198709487915,-4.9138641357421875
4713,2.276063919067383,-6.049978733062744
4714,2.1756701469421387,-6.3834099769592285
4715,2.3712663650512695,-5.118165969848633
4716,2.517578363418579,-5.603338241577148
4717,2.319927215576172,-6.191592216491699
4718,2.4539401531219482,-6.452881336212158
4719,2.4372525215148926,-5.628995418548584
4720,2.153613567352295,-5.179966926574707
4721,2.5511906147003174,-5.233514308929443
4722,2.667407512664795,-5.293574810028076
4723,2.5963597297668457,-4.970587253570557
4724,2.537783145904541,-4.248482704162598
4725,2.2740557193756104,-5.159550666809082
4726,2.2260494232177734,-5.228057384490967
4727,2.3040571212768555,-4.224646091461182
4728,2.317307949066162,-5.695042610168457
4729,2.5257668495178223,-4.813633918762207
4730,2.46440052986145,-5.5918965339660645
4731,2.282533884048462,-5.284995079040527
4732,2.68727970123291,-5.216092586517334
4733,2.379220485687256,-5.542179107666016
4734,2.220731019973755,-5.5088653564453125
4735,2.3302035331726074,-4.812457084655762
4736,2.3037214279174805,-5.377884387969971
4737,2.332000970840454,-5.60844612121582
4738,2.382869243621826,-5.493914604187012
4739,2.4636435508728027,-5.116283893585205
4740,2.6143643856048584,-6.00823974609375
4741,2.3585915565490723,-5.4475932121276855
4742,2.5097625255584717,-5.475010871887207
4743,2.296485424041748,-4.957789421081543
4744,2.2992353439331055,-4.82228946685791
4745,2.425665855407715,-5.119802474975586
4746,2.4125657081604004,-4.512569427490234
4747,2.3185677528381348,-6.097024917602539
4748,2.3811779022216797,-5.236837863922119
4749,2.1674304008483887,-5.999485969543457
4750,2.5256080627441406,-5.387571811676025
4751,2.553053855895996,-5.307532787322998
4752,2.6279428005218506,-5.398487567901611
4753,2.3201143741607666,-4.937999725341797
4754,2.5727741718292236,-5.058576583862305
4755,2.2265849113464355,-5.945366859436035
4756,2.308317184448242,-6.464175224304199
4757,2.2690138816833496,-6.347257137298584
4758,2.4227850437164307,-4.722930908203125
4759,2.4233975410461426,-4.317892074584961
4760,2.264638662338257,-4.766214370727539
4761,2.418499708175659,-6.153156757354736
4762,2.6080217361450195,-6.00467586517334
4763,2.4163012504577637,-5.459057807922363
4764,2.329904079437256,-5.328316688537598
4765,2.1542398929595947,-5.190405368804932
4766,2.506826877593994,-5.9524993896484375
4767,2.425257444381714,-4.9275665283203125
4768,2.4249730110168457,-6.219572067260742
4769,2.236668825149536,-4.828874111175537
4770,2.443051338195801,-5.555156230926514
4771,2.5704879760742188,-5.001718521118164
4772,2.2935662269592285,-5.316188812255859
4773,2.299178123474121,-4.780914783477783
4774,2.691206216812134,-4.681620121002197
4775,2.6506571769714355,-5.222322463989258
4776,2.4970970153808594,-4.44254732131958
4777,2.6024932861328125,-5.21870231628418
4778,2.5071468353271484,-4.951702117919922
4779,2.7409474849700928,-5.465712070465088
4780,2.533236265182495,-5.159592151641846
4781,2.4420464038848877,-5.232274055480957
4782,2.2577176094055176,-5.470552444458008
4783,2.7453577518463135,-5.463629722595215
4784,2.5045113563537598,-5.0104594230651855
4785,2.658536911010742,-5.37910270690918
4786,2.8425116539001465,-4.798980236053467
4787,2.5596134662628174,-6.565286159515381
4788,2.4734907150268555,-5.606945037841797
4789,2.3451147079467773,-5.742529392242432
4790,2.335172176361084,-5.878293991088867
4791,2.3816699981689453,-4.006731986999512
4792,2.4307913780212402,-5.375588417053223
4793,2.315035820007324,-5.186626434326172
4794,2.6618332862854004,-5.858041286468506
4795,2.4344825744628906,-5.142559051513672
4796,2.1910970211029053,-5.4313554763793945
4797,2.4160654544830322,-4.803777694702148
4798,2.287433385848999,-5.4011616706848145
4799,2.629279851913452,-5.428761005401611
4800,2.408230781555176,-5.208784580230713
4801,2.5469279289245605,-4.693118095397949
4802,2.711737632751465,-6.229335308074951
4803,2.4324591159820557,-4.636033058166504
4804,2.698190689086914,-5.646140098571777
4805,2.343857526779175,-6.168707370758057
4806,2.3615152835845947,-5.253012657165527
4807,2.626523971557617,-4.85613489151001
4808,2.218106746673584,-4.970393180847168
4809,2.175530195236206,-5.581333160400391
4810,2.5222256183624268,-5.130418300628662
4811,2.4640026092529297,-5.296119213104248
4812,2.317981004714966,-5.4780497550964355
4813,2.5804319381713867,-5.306791305541992
4814,2.376771926879883,-5.382951736450195
4815,2.5487232208251953,-5.605226039886475
4816,2.487415075302124,-4.810197353363037
4817,2.279975652694702,-5.008974552154541
4818,2.531951427459717,-4.125909328460693
4819,2.4626317024230957,-5.124941349029541
4820,2.487672805786133,-5.523970127105713
4821,2.3815717697143555,-5.978466987609863
4822,2.5884828567504883,-4.036973476409912
4823,2.795158624649048,-4.94809103012085
4824,2.3104047775268555,-5.18257999420166
4825,2.400743007659912,-5.576038360595703
4826,2.908355712890625,-5.375720024108887
4827,2.6916425228118896,-5.293892860412598
4828,2.2722842693328857,-5.08584451675415
4829,1.9873859882354736,-5.648838996887207
4830,2.566159725189209,-5.935364246368408
4831,2.3442816734313965,-5.064888000488281
4832,2.6015329360961914,-5.882686614990234
4833,2.581671714782715,-5.381995677947998
4834,2.265714645385742,-5.92392635345459
4835,2.501300811767578,-5.26678466796875
4836,2.1749579906463623,-5.731613636016846
4837,2.1991982460021973,-5.6771039962768555
4838,2.548938512802124,-5.29217529296875
4839,2.3735249042510986,-5.9409098625183105
4840,2.51393461227417,-5.290745735168457
4841,2.484804630279541,-5.430063247680664
4842,2.1968026161193848,-6.3738532066345215
4843,2.5567874908447266,-5.531299591064453
4844,2.4337425231933594,-4.939590930938721
4845,2.4031643867492676,-5.398955821990967
4846,2.76000714302063,-5.833057403564453
4847,2.476285934448242,-5.152214527130127
4848,2.349527359008789,-5.848330020904541
4849,2.314683437347412,-4.8325300216674805
4850,2.2555623054504395,-5.868905544281006
4851,2.735713481903076,-4.759710788726807
4852,2.7367043495178223,-5.714788913726807
4853,2.516997814178467,-5.256372451782227
4854,2.367781162261963,-5.3612823486328125
4855,2.844851493835449,-5.339733123779297
4856,2.582904815673828,-5.155029296875
4857,2.653017282485962,-4.906766891479492
4858,2.341980218887329,-5.727062225341797
4859,2.922684907913208,-4.921789169311523
4860,2.2170517444610596,-5.185906887054443
4861,2.537059783935547,-4.661869049072266
4862,2.3694820404052734,-5.268890857696533
4863,2.5735151767730713,-5.440273284912109
4864,2.2860426902770996,-6.130166530609131
4865,2.529561996459961,-5.735986709594727
4866,2.5317561626434326,-6.002981662750244
4867,2.4226627349853516,-5.819380283355713
4868,2.507822275161743,-5.6433892250061035
4869,2.552581548690796,-5.489517688751221
4870,2.659811496734619,-5.166903018951416
4871,2.741178035736084,-4.7479777336120605
4872,2.4542250633239746,-4.532200813293457
4873,2.6182093620300293,-5.320057392120361
4874,2.5105340480804443,-4.812864780426025
4875,2.587904453277588,-5.798470497131348
4876,2.620482921600342,-5.010360240936279
4877,2.591212511062622,-5.445010185241699
4878,2.5713117122650146,-4.524529933929443
4879,2.3704326152801514,-5.467623233795166
4880,2.1840391159057617,-5.578423500061035
4881,2.400636672973633,-5.3099589347839355
4882,2.2970898151397705,-5.750239849090576
4883,2.330631732940674,-5.810114860534668
4884,1.9775172472000122,-5.784973621368408
4885,2.352611541748047,-4.885801792144775
4886,2.4710006713867188,-5.34576416015625
4887,2.2816100120544434,-5.188333511352539
4888,2.415672779083252,-5.544891357421875
4889,2.828078508377075,-5.3067216873168945
4890,2.3684635162353516,-5.247094631195068
4891,2.2662460803985596,-5.82606315612793
4892,2.491513252258301,-5.984013080596924
4893,2.329265832901001,-5.257873058319092
4894,2.459902763366699,-5.3229265213012695
4895,2.284935712814331,-4.868947505950928
4896,2.409994602203369,-5.578017711639404
4897,2.7882652282714844,-5.211831092834473
4898,2.349853515625,-5.053839206695557
4899,2.3311638832092285,-5.587151050567627
4900,2.670273780822754,-5.7170281410217285
4901,2.5356035232543945,-5.579217910766602
4902,2.4291346073150635,-4.753186225891113
4903,2.659730911254883,-5.893917083740234
4904,2.3397903442382812,-4.8527069091796875
4905,2.5092267990112305,-5.144077301025391
4906,2.407330274581909,-5.3227362632751465
4907,2.2589783668518066,-6.17347526550293
4908,2.414717674255371,-5.414043426513672
4909,2.321624755859375,-5.627138614654541
4910,2.373389720916748,-5.441072940826416
4911,2.3788204193115234,-5.1832451820373535
4912,2.3493757247924805,-5.940589427947998
4913,2.3260459899902344,-5.204045295715332
4914,2.5754928588867188,-5.598103046417236
4915,2.4434027671813965,-5.279983043670654
4916,2.442786693572998,-5.528866767883301
4917,2.4953560829162598,-4.413145542144775
4918,2.5990257263183594,-5.490800380706787
4919,2.470263957977295,-4.849202632904053
4920,2.44337797164917,-4.883401393890381
4921,2.231191635131836,-4.438831329345703
4922,2.504425048828125,-4.265100002288818
4923,2.612644672393799,-5.893610954284668
4924,2.2762417793273926,-5.0474138259887695
4925,2.751533031463623,-5.02843713760376
4926,2.343557119369507,-5.404944896697998
4927,2.384597063064575,-5.8330159187316895
4928,2.5433905124664307,-5.275791645050049
4929,2.6828718185424805,-5.046507358551025
4930,2.556575298309326,-4.904895782470703
4931,2.1080498695373535,-4.669514179229736
4932,2.2686333656311035,-5.392829418182373
4933,2.68485951423645,-5.911700248718262
4934,2.3819026947021484,-5.3945088386535645
4935,2.3983426094055176,-4.027521133422852
4936,2.3846685886383057,-5.893505096435547
4937,2.4158239364624023,-4.921088695526123
4938,2.4389147758483887,-4.912955284118652
4939,2.5588622093200684,-5.795035362243652
4940,2.268065929412842,-4.325451850891113
4941,2.4387683868408203,-4.843960762023926
4942,2.53071928024292,-4.931060791015625
4943,2.497645854949951,-5.5824103355407715
4944,2.4865214824676514,-5.059591293334961
4945,2.4287407398223877,-5.507150650024414
4946,2.5508570671081543,-5.3215508460998535
4947,2.3432974815368652,-4.652944087982178
4948,2.385554313659668,-4.344244003295898
4949,2.5273656845092773,-4.427024841308594
4950,2.35017466545105,-4.75670051574707
4951,2.334453582763672,-4.9388837814331055
4952,2.482830047607422,-5.388265609741211
4953,2.628115177154541,-5.450265884399414
4954,2.3760547637939453,-5.021522045135498
4955,2.2665746212005615,-5.083810329437256
4956,2.188662052154541,-5.518646717071533
4957,2.351716995239258,-5.353908538818359
4958,2.499258518218994,-5.959964752197266
4959,2.0785255432128906,-5.55307149887085
4960,2.722864866256714,-5.37942361831665
4961,2.3251683712005615,-5.447409629821777
4962,2.344496250152588,-5.2278852462768555
4963,2.4808287620544434,-5.783880710601807
4964,2.2450366020202637,-5.062504768371582
4965,2.394120931625366,-5.3309326171875
4966,2.5569138526916504,-5.5449934005737305
4967,2.253333568572998,-4.742985248565674
4968,2.2048192024230957,-4.952457904815674
4969,2.450047492980957,-5.693446159362793
4970,2.686401128768921,-5.408036708831787
4971,2.201300621032715,-5.170120716094971
4972,2.8049440383911133,-4.898692607879639
4973,2.263265371322632,-4.663991451263428
4974,2.295407772064209,-4.085180282592773
4975,2.2716774940490723,-5.328117847442627
4976,2.156266450881958,-6.044123649597168
4977,2.651521682739258,-4.613093376159668
4978,2.996511459350586,-5.081286430358887
4979,2.432877540588379,-4.388295650482178
4980,2.5469369888305664,-5.260137557983398
4981,2.4942331314086914,-5.033738613128662
4982,2.387679100036621,-4.85118293762207
4983,2.606698513031006,-5.089003086090088
4984,2.7312841415405273,-5.157097339630127
4985,2.5608630180358887,-4.785717010498047
4986,2.548107147216797,-4.744717121124268
4987,2.2726073265075684,-4.999635219573975
4988,2.6623318195343018,-4.930105209350586
4989,2.518491744995117,-4.3195624351501465
4990,2.68458890914917,-5.586197376251221
4991,2.66202449798584,-6.001283645629883
4992,2.6154415607452393,-5.4745330810546875
4993,2.4023172855377197,-6.042770862579346
4994,2.3973946571350098,-4.791970729827881
4995,2.4106287956237793,-4.912479877471924
4996,2.5498147010803223,-5.378392219543457
4997,2.5964419841766357,-5.231453895568848
4998,2.4450206756591797,-5.408848762512207
4999,2.3809356689453125,-4.733413219451904
5000,2.667158365249634,-5.418759346008301
5001,2.7131998538970947,-5.3452558517456055
5002,2.6129841804504395,-4.431163787841797
5003,2.7509546279907227,-4.776973247528076
5004,2.5207090377807617,-5.657312393188477
5005,2.493800640106201,-4.401304721832275
5006,2.537355422973633,-4.880006313323975
5007,2.450127124786377,-5.514162540435791
5008,2.61618709564209,-4.835141181945801
5009,2.3206400871276855,-5.1036787033081055
5010,2.1821961402893066,-4.933546543121338
5011,2.6010584831237793,-6.333267688751221
5012,2.4275989532470703,-4.792730808258057
5013,2.31439208984375,-5.389326095581055
5014,2.2683396339416504,-3.8226470947265625
5015,2.5437076091766357,-5.132814884185791
5016,2.4662773609161377,-4.892492771148682
5017,2.4331207275390625,-5.1226091384887695
5018,2.4127860069274902,-4.758935451507568
5019,2.4478774070739746,-4.123371124267578
5020,2.485409736633301,-6.066257476806641
5021,2.3713536262512207,-5.225003242492676
5022,2.184393882751465,-6.039377212524414
5023,2.390425443649292,-4.650881290435791
5024,2.5093884468078613,-5.5555100440979
5025,2.338573932647705,-4.89272928237915
5026,2.2456722259521484,-4.093931198120117
5027,2.4156970977783203,-4.534597873687744
5028,2.4947385787963867,-5.1075663566589355
5029,2.1062116622924805,-5.227567195892334
5030,2.4578680992126465,-5.397724151611328
5031,2.149946451187134,-5.44770622253418
5032,2.263105869293213,-5.304839611053467
5033,2.370546817779541,-5.381763458251953
5034,2.52042818069458,-5.003686904907227
5035,2.436732292175293,-4.356950759887695
5036,2.310464382171631,-4.830695152282715
5037,2.46815824508667,-4.865879058837891
5038,2.3420445919036865,-5.306966781616211
5039,2.3815317153930664,-5.3636932373046875
5040,2.2711946964263916,-5.554728984832764
5041,2.469022750854492,-5.136364936828613
5042,2.5819525718688965,-5.923317909240723
5043,2.341806650161743,-5.03503942489624
5044,2.2949342727661133,-5.1289381980896
5045,2.2353272438049316,-5.668744087219238
5046,2.463028907775879,-5.685376167297363
5047,2.4031898975372314,-5.405524253845215
5048,2.420342206954956,-4.45712423324585
5049,2.35400390625,-4.458812713623047
5050,2.4031386375427246,-4.523875713348389
5051,2.2669544219970703,-4.8667402267456055
5052,2.4688758850097656,-4.185324668884277
5053,2.2265968322753906,-4.736232757568359
5054,2.1850154399871826,-5.756319999694824
5055,2.4294068813323975,-6.00977897644043
5056,2.412844657897949,-4.457254886627197
5057,2.398831605911255,-4.739185333251953
5058,2.472008228302002,-6.15261173248291
5059,2.343623161315918,-5.501002311706543
5060,2.336329460144043,-5.2378249168396
5061,2.2667477130889893,-4.384051322937012
5062,2.4703221321105957,-5.066556453704834
5063,2.611469268798828,-5.643489837646484
5064,2.2335896492004395,-4.9681830406188965
5065,2.4927127361297607,-4.994052886962891
5066,2.4943759441375732,-5.363919734954834
5067,2.2315070629119873,-4.768225193023682
5068,2.1570847034454346,-6.12260627746582
5069,2.266899585723877,-5.572579860687256
5070,2.2300617694854736,-5.152904510498047
5071,2.5201268196105957,-4.798117637634277
5072,2.7228634357452393,-4.952166557312012
5073,2.576390504837036,-6.057730674743652
5074,2.3362491130828857,-4.833406448364258
5075,2.7847399711608887,-4.902220249176025
5076,2.958637237548828,-4.958223342895508
5077,2.1931140422821045,-4.522663593292236
5078,2.868989944458008,-5.186399459838867
5079,2.616428852081299,-5.506624698638916
5080,2.3231253623962402,-5.819649696350098
5081,2.9627857208251953,-5.265053749084473
5082,2.8756613731384277,-4.8406572341918945
5083,2.45218563079834,-4.167446136474609
5084,2.4664220809936523,-5.021036148071289
5085,2.621293067932129,-5.167685031890869
5086,2.45853328704834,-5.562777519226074
5087,2.358410358428955,-5.090358734130859
5088,2.4641451835632324,-5.146517276763916
5089,2.2885968685150146,-4.533419132232666
5090,2.4793543815612793,-5.411181449890137
5091,2.422132968902588,-5.093562602996826
5092,2.534660577774048,-4.612142086029053
5093,2.788095235824585,-5.447718620300293
5094,2.459364414215088,-5.084220886230469
5095,2.5106747150421143,-5.568004608154297
5096,2.6409378051757812,-5.634309768676758
5097,2.385958433151245,-5.784397602081299
5098,2.5589375495910645,-4.885933876037598
5099,2.42863392829895,-5.125854015350342
5100,2.3234188556671143,-4.7364301681518555
5101,2.3925132751464844,-5.331508636474609
5102,2.8179914951324463,-5.3370585441589355
5103,2.3353872299194336,-5.018972396850586
5104,2.2459464073181152,-5.492302417755127
5105,2.8238468170166016,-5.352319717407227
5106,2.4785218238830566,-4.730485916137695
5107,2.1724038124084473,-4.654506206512451
5108,2.359518051147461,-4.936722755432129
5109,2.843564748764038,-5.02799129486084
5110,2.592236042022705,-4.422914505004883
5111,2.5871503353118896,-5.51608419418335
5112,2.4811370372772217,-5.7266082763671875
5113,2.390444755554199,-4.4755682945251465
5114,2.4078240394592285,-5.6549763679504395
5115,2.39681339263916,-4.98649787902832
5116,2.626103639602661,-5.344857215881348
5117,2.6237025260925293,-5.091623783111572
5118,2.272963523864746,-5.826167106628418
5119,2.287323474884033,-4.7209978103637695
5120,2.434340238571167,-5.5895609855651855
5121,2.415019989013672,-5.047563552856445
5122,2.280198097229004,-4.927175521850586
5123,2.3207526206970215,-5.023357391357422
5124,2.2389211654663086,-5.520076751708984
5125,2.283108711242676,-5.341647148132324
5126,2.327744960784912,-5.345257759094238
5127,2.5460596084594727,-5.364526271820068
5128,2.4008750915527344,-4.86686897277832
5129,2.550652027130127,-4.766366481781006
5130,2.281341791152954,-4.725026607513428
5131,2.4723808765411377,-4.804617404937744
5132,2.5988669395446777,-4.7205986976623535
5133,2.3026793003082275,-4.616014003753662
5134,2.376843214035034,-5.152698516845703
5135,2.482659339904785,-4.504314422607422
5136,2.510754346847534,-4.4903411865234375
5137,2.528470993041992,-4.465381622314453
5138,2.192687511444092,-5.250997543334961
5139,2.341372489929199,-4.8302998542785645
5140,2.2637009620666504,-4.906746864318848
5141,2.206939220428467,-4.363221168518066
5142,2.6364364624023438,-4.4149065017700195
5143,2.5531840324401855,-4.8117876052856445
5144,2.520597457885742,-5.393173694610596
5145,2.713599681854248,-4.670366287231445
5146,2.4807748794555664,-4.818073749542236
5147,2.442817211151123,-5.089562892913818
5148,2.5673842430114746,-5.6814188957214355
5149,2.304281711578369,-5.245752334594727
5150,2.3583037853240967,-4.574215888977051
5151,2.4363818168640137,-4.942038059234619
5152,2.571070671081543,-4.969411849975586
5153,2.252865791320801,-5.874272346496582
5154,2.4494693279266357,-4.527786731719971
5155,2.339547634124756,-5.025402545928955
5156,2.128330945968628,-4.5745463371276855
5157,2.4624416828155518,-5.096908092498779
5158,2.4991297721862793,-4.915215015411377
5159,2.568587064743042,-4.489535808563232
5160,2.448108673095703,-4.246342182159424
5161,2.190943956375122,-5.248872756958008
5162,2.3458304405212402,-4.394717216491699
5163,2.0240397453308105,-5.817021369934082
5164,2.4913744926452637,-4.543148994445801
5165,2.497291088104248,-4.376158237457275
5166,2.637523889541626,-4.987024307250977
5167,2.3237056732177734,-4.4195475578308105
5168,2.5729846954345703,-5.124513149261475
5169,2.205373764038086,-4.951678276062012
5170,2.512702465057373,-5.027890682220459
5171,2.3976893424987793,-5.042572498321533
5172,2.5744853019714355,-5.5214362144470215
5173,2.470719337463379,-5.73777961730957
5174,2.580364227294922,-5.577138900756836
5175,2.5759878158569336,-4.204803466796875
5176,2.4436330795288086,-5.097332000732422
5177,2.130516529083252,-4.759892463684082
5178,2.5466012954711914,-4.794644832611084
5179,2.4416308403015137,-5.07050895690918
5180,2.1676058769226074,-4.320101737976074
5181,2.5229148864746094,-4.430199146270752
5182,2.5166091918945312,-5.5639543533325195
5183,2.046049118041992,-4.757107734680176
5184,2.557758092880249,-4.911036968231201
5185,2.1657609939575195,-4.518517017364502
5186,2.190056085586548,-4.166021347045898
5187,2.2792208194732666,-4.657836437225342
5188,2.6636385917663574,-4.592840194702148
5189,2.265150547027588,-4.999155044555664
5190,2.747061014175415,-5.612077713012695
5191,2.37707257270813,-4.852657318115234
5192,2.172670841217041,-4.1609625816345215
5193,2.2465028762817383,-4.556527614593506
5194,2.148653745651245,-5.537022590637207
5195,2.053286552429199,-5.824406147003174
5196,2.9011125564575195,-4.5452165603637695
5197,2.337364912033081,-5.207127571105957
5198,2.434493064880371,-4.912208080291748
5199,2.2481441497802734,-6.012319564819336
5200,2.273484945297241,-4.616005897521973
5201,2.4964351654052734,-4.871671676635742
5202,2.3646461963653564,-4.499585151672363
5203,2.5145792961120605,-5.520174503326416
5204,2.3485376834869385,-5.805916786193848
5205,2.1840834617614746,-4.488046646118164
5206,2.481247663497925,-4.543365478515625
5207,2.1084957122802734,-4.537952423095703
5208,2.307241201400757,-4.450321197509766
5209,2.2661116123199463,-5.82646369934082
5210,2.7932705879211426,-4.661294937133789
5211,2.4229564666748047,-4.9171977043151855
5212,2.5239760875701904,-5.792365074157715
5213,2.325063705444336,-5.307815074920654
5214,2.307643175125122,-5.414181709289551
5215,2.458840847015381,-5.304697036743164
5216,2.2403433322906494,-5.123912334442139
5217,2.23415470123291,-4.5640974044799805
5218,2.62453293800354,-6.154489517211914
5219,2.2969789505004883,-5.580438137054443
5220,2.595144033432007,-4.46553897857666
5221,2.282233715057373,-4.953641414642334
5222,2.5079147815704346,-4.786445140838623
5223,2.325026035308838,-5.200201511383057
5224,2.3232173919677734,-5.76632833480835
5225,2.466043472290039,-5.637492656707764
5226,2.272152900695801,-4.396161079406738
5227,2.194889545440674,-5.170538425445557
5228,2.457681655883789,-4.595376968383789
5229,2.273588180541992,-4.584333896636963
5230,2.1560521125793457,-4.51656436920166
5231,2.5306060314178467,-4.638734340667725
5232,2.326070785522461,-4.995046615600586
5233,2.479877471923828,-4.909844398498535
5234,2.3855347633361816,-4.91553258895874
5235,2.5365562438964844,-4.643075466156006
5236,2.0106635093688965,-4.470833778381348
5237,2.429206609725952,-4.562260627746582
5238,2.16475248336792,-4.601614475250244
5239,2.385383129119873,-4.73890495300293
5240,2.113704204559326,-4.767983436584473
5241,2.472137928009033,-4.948579788208008
5242,2.624342441558838,-5.479075908660889
5243,2.328115940093994,-5.0559821128845215
5244,2.402825117111206,-4.967022895812988
5245,2.436997890472412,-5.40133810043335
5246,2.145656108856201,-4.553537368774414
5247,2.209921360015869,-4.077637195587158
5248,2.279247522354126,-4.91776180267334
5249,2.4102025032043457,-4.665589809417725
5250,2.4279868602752686,-5.530842304229736
5251,2.416745662689209,-4.955873966217041
5252,2.057424545288086,-4.7352986335754395
5253,2.2232131958007812,-5.269106864929199
5254,2.185173749923706,-4.919302940368652
5255,2.4858429431915283,-5.271785259246826
5256,2.363546371459961,-4.901393890380859
5257,2.1296262741088867,-4.783238410949707
5258,2.8474175930023193,-4.47177267074585
5259,2.3651371002197266,-4.670457363128662
5260,2.2955217361450195,-5.5410685539245605
5261,2.47977352142334,-5.449187755584717
5262,2.3744544982910156,-4.373119354248047
5263,2.5698435306549072,-5.43775749206543
5264,2.7121968269348145,-4.983277320861816
5265,2.659937858581543,-4.463585376739502
5266,2.2258191108703613,-5.412132740020752
5267,2.759413957595825,-5.519696235656738
5268,2.492262840270996,-4.907031536102295
5269,2.476672410964966,-4.271847724914551
5270,2.404608726501465,-5.994409084320068
5271,2.4455785751342773,-4.7692084312438965
5272,2.1563007831573486,-4.436913967132568
5273,2.350389003753662,-5.176212310791016
5274,2.454151153564453,-5.407835483551025
5275,2.499917507171631,-4.712454319000244
5276,2.5493292808532715,-5.136527061462402
5277,2.6029458045959473,-5.4515581130981445
5278,2.4698469638824463,-4.254554748535156
5279,2.399689197540283,-4.18109130859375
5280,2.51467227935791,-4.2367048263549805
5281,2.481048107147217,-5.297614574432373
5282,2.495532512664795,-4.394149303436279
5283,2.4659948348999023,-4.243690490722656
5284,2.4154953956604004,-5.456244468688965
5285,2.2010626792907715,-5.129482269287109
5286,2.445312976837158,-4.689955234527588
5287,2.3705930709838867,-4.197898864746094
5288,2.36085844039917,-5.480772495269775
5289,2.497361660003662,-4.790384769439697
5290,2.329765796661377,-4.842562675476074
5291,2.2591488361358643,-4.844534873962402
5292,2.26865291595459,-4.693244934082031
5293,2.1722116470336914,-4.575700759887695
5294,2.580352783203125,-5.218992233276367
5295,2.449565887451172,-5.230409622192383
5296,2.5298891067504883,-5.167046546936035
5297,2.531193256378174,-4.911669731140137
5298,2.3098878860473633,-6.000847339630127
5299,2.0971755981445312,-5.234576225280762
5300,2.531686305999756,-4.242080211639404
5301,2.4716649055480957,-5.141880035400391
5302,2.112255811691284,-5.00810432434082
5303,2.6276750564575195,-5.49976921081543
5304,2.436704635620117,-5.054556846618652
5305,2.4015908241271973,-4.2693657875061035
5306,2.4051027297973633,-5.183346748352051
5307,2.4998369216918945,-4.767169952392578
5308,2.9079713821411133,-5.528632640838623
5309,2.5563793182373047,-5.393349647521973
5310,2.3051223754882812,-5.456666469573975
5311,2.3451364040374756,-4.935832500457764
5312,2.4045591354370117,-4.642758846282959
5313,2.69636869430542,-5.515665054321289
5314,2.589935302734375,-5.066143989562988
5315,2.2685790061950684,-5.126379489898682
5316,2.4499168395996094,-5.46015739440918
5317,2.55285382270813,-5.0882368087768555
5318,2.2591633796691895,-4.5146379470825195
5319,2.4680793285369873,-4.776805877685547
5320,2.5577139854431152,-5.045637130737305
5321,2.134584903717041,-4.239110469818115
5322,2.6546545028686523,-4.440266132354736
5323,2.2561349868774414,-5.077104091644287
5324,2.886259078979492,-4.763734340667725
5325,2.0667777061462402,-3.6737494468688965
5326,2.984945774078369,-5.796632289886475
5327,2.3276124000549316,-5.42546272277832
5328,2.429525852203369,-5.188919544219971
5329,2.6096980571746826,-3.7691497802734375
5330,2.360560417175293,-6.043994903564453
5331,2.888899326324463,-3.802896022796631
5332,2.8658108711242676,-5.555212497711182
5333,2.803699493408203,-5.628538131713867
5334,2.634716033935547,-4.567180156707764
5335,2.440143346786499,-4.424917221069336
5336,3.0629539489746094,-4.49996280670166
5337,2.6352081298828125,-5.64521598815918
5338,2.577427864074707,-4.469494342803955
5339,2.3440637588500977,-4.816192150115967
5340,2.464055061340332,-4.699182033538818
5341,2.794341564178467,-4.728448867797852
5342,2.638948917388916,-5.400242805480957
5343,2.3399600982666016,-5.510883331298828
5344,2.612272262573242,-5.026828765869141
5345,2.570706844329834,-4.447218418121338
5346,2.294658660888672,-4.710009574890137
5347,2.2811222076416016,-4.752363681793213
5348,2.4192631244659424,-5.711914539337158
5349,2.439821243286133,-5.124725341796875
5350,2.5595955848693848,-4.899244785308838
5351,2.513209819793701,-5.009638786315918
5352,2.3401801586151123,-4.46183967590332
5353,2.408245086669922,-5.139344692230225
5354,2.21183705329895,-5.646517753601074
5355,2.1679701805114746,-4.387779712677002
5356,2.3950531482696533,-5.1098408699035645
5357,2.869868278503418,-4.840541839599609
5358,2.3819260597229004,-4.2871012687683105
5359,2.2218170166015625,-4.459188938140869
5360,2.2822227478027344,-4.439254283905029
5361,2.403503894805908,-4.59976053237915
5362,2.144009590148926,-4.51388692855835
5363,2.3080496788024902,-4.3791961669921875
5364,2.4841012954711914,-4.6287641525268555
5365,2.2339611053466797,-4.9629225730896
5366,2.3756117820739746,-4.923627853393555
5367,2.2992396354675293,-5.794758319854736
5368,2.38223934173584,-4.727553367614746
5369,2.220808982849121,-4.269357681274414
5370,2.2840723991394043,-4.50779914855957
5371,2.079158067703247,-4.6214518547058105
5372,2.7148284912109375,-5.111979961395264
5373,2.32234787940979,-4.709599494934082
5374,2.1943910121917725,-4.855401992797852
5375,2.4324684143066406,-5.416266918182373
5376,2.125110149383545,-4.794299125671387
5377,2.3545026779174805,-4.228694438934326
5378,2.313727855682373,-5.056424617767334
5379,2.3178696632385254,-4.469205379486084
5380,2.3802175521850586,-4.045758247375488
5381,2.192371129989624,-5.574235439300537
5382,2.3893322944641113,-5.943256378173828
5383,2.4370241165161133,-4.195584774017334
5384,2.1057910919189453,-4.300318717956543
5385,2.4938716888427734,-4.6989850997924805
5386,3.019717216491699,-4.562246322631836
5387,2.2108144760131836,-3.7947113513946533
5388,1.9322848320007324,-4.8107991218566895
5389,2.4833052158355713,-4.6186442375183105
5390,2.2932400703430176,-3.8574767112731934
5391,2.2865796089172363,-5.323395252227783
5392,2.444669246673584,-4.830560684204102
5393,2.4364709854125977,-4.983497142791748
5394,2.4223408699035645,-5.284317493438721
5395,2.4731619358062744,-4.686718940734863
5396,2.5044240951538086,-4.219056606292725
5397,2.5909693241119385,-5.320680618286133
5398,2.38253116607666,-4.952425479888916
5399,2.586137533187866,-4.984390735626221
5400,3.02409291267395,-4.510998725891113
5401,2.5013933181762695,-5.098984241485596
5402,2.4196677207946777,-4.33686637878418
5403,2.419159173965454,-5.019235610961914
5404,2.4954371452331543,-4.879826068878174
5405,2.714354991912842,-4.990870475769043
5406,2.431521415710449,-4.459589004516602
5407,2.6587936878204346,-4.394662380218506
5408,2.2225019931793213,-4.852351665496826
5409,2.5181984901428223,-5.413800239562988
5410,2.4069628715515137,-5.431788444519043
5411,2.2011804580688477,-4.559696197509766
5412,2.2163355350494385,-5.029978275299072
5413,2.2432501316070557,-4.368880748748779
5414,2.429335117340088,-5.797268867492676
5415,2.216701030731201,-4.803279399871826
5416,2.531805992126465,-5.154901504516602
5417,2.697880268096924,-4.924587249755859
5418,2.462766647338867,-5.009283542633057
5419,2.3521745204925537,-3.8309264183044434
5420,2.407733917236328,-4.939723014831543
5421,2.5324697494506836,-4.258623123168945
5422,2.462402582168579,-4.918724536895752
5423,2.8252792358398438,-4.112179756164551
5424,2.3149778842926025,-5.054570198059082
5425,2.219801902770996,-5.160958290100098
5426,2.54512882232666,-4.933123588562012
5427,2.349691152572632,-4.783224582672119
5428,2.576910972595215,-3.69950795173645
5429,2.168194055557251,-4.3357462882995605
5430,2.4733378887176514,-4.212811470031738
5431,2.7404565811157227,-5.7503557205200195
5432,2.47493839263916,-5.067760467529297
5433,2.4045777320861816,-4.5019001960754395
5434,2.388331651687622,-4.935244560241699
5435,2.1882824897766113,-5.063701629638672
5436,2.5155158042907715,-4.531068801879883
5437,2.3582663536071777,-4.622625350952148
5438,2.2983827590942383,-4.421887397766113
5439,2.478512763977051,-5.111064910888672
5440,2.3244550228118896,-4.804438591003418
5441,3.1523759365081787,-5.97342586517334
5442,2.2305245399475098,-5.219076633453369
5443,2.711355686187744,-4.43599796295166
5444,2.4444377422332764,-4.658754825592041
5445,2.1643242835998535,-5.36528205871582
5446,2.7574567794799805,-4.729058742523193
5447,2.0889806747436523,-4.435705661773682
5448,2.3138060569763184,-4.312620162963867
5449,2.7371482849121094,-4.875761032104492
5450,2.426962375640869,-5.119328498840332
5451,2.5870180130004883,-4.465254306793213
5452,2.3157315254211426,-4.824131011962891
5453,2.6431236267089844,-4.824220657348633
5454,2.927356719970703,-4.471127510070801
5455,2.5341320037841797,-4.466309547424316
5456,2.3930416107177734,-5.024368762969971
5457,2.3826701641082764,-4.739640712738037
5458,2.413543701171875,-4.557958602905273
5459,2.6222877502441406,-4.978426933288574
5460,2.768869161605835,-4.3764142990112305
5461,2.660961627960205,-4.4100799560546875
5462,2.19960880279541,-4.4121856689453125
5463,2.209351062774658,-4.164421558380127
5464,2.537346363067627,-5.027353286743164
5465,2.4190704822540283,-5.184351921081543
5466,2.364665985107422,-4.966262340545654
5467,2.4207329750061035,-5.963636875152588
5468,2.4429662227630615,-4.668821334838867
5469,2.702883243560791,-4.9386749267578125
5470,2.400176525115967,-3.767427921295166
5471,2.724360942840576,-5.541378974914551
5472,2.64224910736084,-5.012169361114502
5473,2.6105947494506836,-4.852144718170166
5474,2.5629944801330566,-4.5205607414245605
5475,2.6377997398376465,-4.349758625030518
5476,2.5703084468841553,-4.65900993347168
5477,2.5440609455108643,-5.097794055938721
5478,2.364576578140259,-4.90878438949585
5479,2.8856842517852783,-4.260107040405273
5480,2.3956151008605957,-3.8109912872314453
5481,2.2822675704956055,-4.383927822113037
5482,2.4248456954956055,-4.763153076171875
5483,2.2883403301239014,-4.867372035980225
5484,2.5448365211486816,-4.538552761077881
5485,2.7336814403533936,-3.903812885284424
5486,2.477738857269287,-5.403088569641113
5487,2.3500568866729736,-4.6344709396362305
5488,2.3375606536865234,-4.350641250610352
5489,2.3042197227478027,-4.662736892700195
5490,2.3441247940063477,-5.093057155609131
5491,2.6910817623138428,-4.199303150177002
5492,2.3257861137390137,-4.734088897705078
5493,2.1774795055389404,-4.280600547790527
5494,2.356820583343506,-4.260494232177734
5495,2.5628345012664795,-4.683907985687256
5496,2.3924667835235596,-5.162033557891846
5497,2.737910270690918,-4.726410388946533
5498,2.262928009033203,-5.3064117431640625
5499,2.4962968826293945,-4.711520195007324
5500,2.921017646789551,-4.517318248748779
5501,2.572277307510376,-4.917516231536865
5502,2.4157891273498535,-4.556835174560547
5503,2.2144618034362793,-4.973251819610596
5504,2.35288143157959,-4.475945949554443
5505,2.110348701477051,-4.712701320648193
5506,2.4818780422210693,-5.160090923309326
5507,2.3075408935546875,-4.411615371704102
5508,2.3287124633789062,-4.73470401763916
5509,2.2891287803649902,-4.821221828460693
5510,2.3738646507263184,-4.2830891609191895
5511,2.27587890625,-4.67128324508667
5512,2.338834762573242,-3.959946393966675
5513,2.6028785705566406,-5.740940093994141
5514,2.7069311141967773,-4.731772422790527
5515,2.5974795818328857,-4.099312782287598
5516,2.5036392211914062,-4.096834182739258
5517,2.5127668380737305,-4.729520797729492
5518,2.3715829849243164,-3.7129461765289307
5519,2.291203022003174,-4.469634532928467
5520,2.5700442790985107,-4.1178412437438965
5521,2.3619680404663086,-5.042797088623047
5522,2.7052788734436035,-4.345736503601074
5523,2.362377882003784,-4.241559982299805
5524,2.3723607063293457,-4.702662467956543
5525,2.56126070022583,-4.897925853729248
5526,2.666726589202881,-5.319318771362305
5527,2.377695322036743,-4.287634372711182
5528,2.568458318710327,-4.367956161499023
5529,2.755918502807617,-4.861919403076172
5530,2.2341794967651367,-5.076946258544922
5531,2.490762233734131,-4.692478179931641
5532,2.4022247791290283,-4.3039350509643555
5533,2.7768971920013428,-5.140533447265625
5534,2.374350070953369,-4.441287040710449
5535,2.3208518028259277,-4.118009090423584
5536,2.3834424018859863,-3.8606317043304443
5537,2.308468818664551,-5.297921180725098
5538,2.4688215255737305,-4.606274604797363
5539,2.110943555831909,-4.149340629577637
5540,2.306250810623169,-5.5137200355529785
5541,3.1387200355529785,-4.314791679382324
5542,2.6076743602752686,-4.317522048950195
5543,2.4110054969787598,-5.190755844116211
5544,2.5454602241516113,-4.119797229766846
5545,2.3684277534484863,-5.1928629875183105
5546,2.063619613647461,-4.627277374267578
5547,2.391695499420166,-5.0298919677734375
5548,2.4530367851257324,-3.9635956287384033
5549,2.180077075958252,-5.362644195556641
5550,2.5998854637145996,-5.3841094970703125
5551,2.1344289779663086,-4.816437721252441
5552,2.256995439529419,-5.086657524108887
5553,2.190671682357788,-5.024496078491211
5554,2.2553069591522217,-4.032430171966553
5555,2.360686779022217,-5.466175556182861
5556,2.480715751647949,-4.6406941413879395
5557,2.3343558311462402,-5.162214279174805
5558,2.263327121734619,-5.449378490447998
5559,2.3547778129577637,-4.566688060760498
5560,2.3860089778900146,-3.982750177383423
5561,2.4222421646118164,-5.482821464538574
5562,2.374837875366211,-5.585970401763916
5563,2.232758045196533,-5.424399375915527
5564,2.4146885871887207,-5.530020236968994
5565,2.4134654998779297,-4.603635787963867
5566,2.6577706336975098,-4.141659736633301
5567,2.2435989379882812,-4.063177585601807
5568,2.201526403427124,-4.032830715179443
5569,2.607327461242676,-4.7203264236450195
5570,2.772028684616089,-4.985200881958008
5571,2.301448345184326,-3.8830525875091553
5572,2.121032238006592,-5.2960524559021
5573,2.2631993293762207,-4.88003396987915
5574,2.4151017665863037,-4.491458415985107
5575,2.494313955307007,-4.6743340492248535
5576,2.5136876106262207,-4.444604873657227
5577,2.198535919189453,-5.325650215148926
5578,2.423625946044922,-4.88034725189209
5579,2.3259224891662598,-4.978878498077393
5580,2.4885785579681396,-5.172952175140381
5581,2.438218832015991,-4.53840446472168
5582,2.455935478210449,-4.783260345458984
5583,2.319939136505127,-4.105237007141113
5584,2.223705768585205,-5.384646415710449
5585,2.4488134384155273,-4.936555862426758
5586,2.285144329071045,-4.937662601470947
5587,2.2368052005767822,-3.733980417251587
5588,2.422433376312256,-4.747542858123779
5589,2.4187610149383545,-3.7837324142456055
5590,2.1553401947021484,-4.472144603729248
5591,2.52006459236145,-4.439651966094971
5592,2.204488515853882,-4.937568187713623
5593,2.2412495613098145,-5.249615669250488
5594,2.0846824645996094,-4.621861934661865
5595,2.3305764198303223,-4.222602367401123
5596,2.410060405731201,-4.260492324829102
5597,2.588505744934082,-4.762237548828125
5598,2.5891013145446777,-4.395600318908691
5599,2.230341911315918,-5.232107162475586
5600,2.4439406394958496,-4.727357387542725
5601,2.295539617538452,-5.051143646240234
5602,2.388507843017578,-4.79224157333374
5603,2.198931932449341,-3.6521155834198
5604,2.5788421630859375,-4.510501861572266
5605,2.4004318714141846,-5.3370161056518555
5606,2.1748342514038086,-3.910736083984375
5607,2.364932060241699,-4.265151500701904
5608,2.476508617401123,-4.1490631103515625
5609,2.4431815147399902,-4.354220390319824
5610,2.2228469848632812,-4.345666408538818
5611,2.4719204902648926,-4.142606735229492
5612,2.5972118377685547,-3.9883501529693604
5613,2.2137889862060547,-4.4452996253967285
5614,2.540280818939209,-4.11415433883667
5615,2.5308802127838135,-5.02208137512207
5616,2.244375467300415,-4.1236958503723145
5617,2.462812662124634,-4.511202812194824
5618,2.360835075378418,-4.024921417236328
5619,2.4263854026794434,-3.3423242568969727
5620,2.4348978996276855,-4.296632289886475
5621,2.4402952194213867,-4.477325916290283
5622,2.292041778564453,-5.607617378234863
5623,2.428835391998291,-3.589221477508545
5624,2.5421109199523926,-3.6971871852874756
5625,2.2981767654418945,-4.191404342651367
5626,2.3646745681762695,-3.899217128753662
5627,2.4558510780334473,-4.057559490203857
5628,2.580991268157959,-4.383884429931641
5629,2.3995134830474854,-4.606350421905518
5630,2.3652400970458984,-4.215787887573242
5631,2.6391332149505615,-4.405478477478027
5632,2.5864434242248535,-3.3831427097320557
5633,2.348031997680664,-4.522683143615723
5634,2.4711666107177734,-4.873316764831543
5635,2.4327969551086426,-4.119027614593506
5636,2.3751096725463867,-4.197692394256592
5637,2.5722179412841797,-5.029379367828369
5638,2.602940082550049,-4.3175272941589355
5639,2.5831308364868164,-4.352725028991699
5640,2.3651647567749023,-4.596497535705566
5641,2.543761730194092,-4.469231605529785
5642,2.840620756149292,-5.156425952911377
5643,2.766012191772461,-4.2602314949035645
5644,2.7597084045410156,-4.395221710205078
5645,2.170567274093628,-4.2781453132629395
5646,2.483549118041992,-4.973387241363525
5647,2.396099090576172,-3.681732416152954
5648,2.2478697299957275,-5.381678581237793
5649,2.521462917327881,-4.785710334777832
5650,2.3994364738464355,-4.886352062225342
5651,2.4860217571258545,-4.4334797859191895
5652,2.5581135749816895,-5.247641086578369
5653,2.375959873199463,-3.8194873332977295
5654,2.471893787384033,-4.706722259521484
5655,2.356236696243286,-4.285238265991211
5656,2.24714994430542,-4.274750232696533
5657,2.6251158714294434,-5.107989311218262
5658,2.4579663276672363,-3.7867465019226074
5659,2.586805820465088,-4.70414924621582
5660,2.5570271015167236,-3.783254623413086
5661,2.509209632873535,-4.152726650238037
5662,2.748105525970459,-4.258991718292236
5663,2.1840672492980957,-4.488636016845703
5664,2.28121280670166,-5.2233357429504395
5665,2.4558355808258057,-4.744722366333008
5666,2.4758973121643066,-4.182847499847412
5667,2.4057955741882324,-4.670355796813965
5668,2.664280891418457,-4.376007080078125
5669,2.4924263954162598,-4.78819465637207
5670,2.359011650085449,-5.033527374267578
5671,2.340933322906494,-4.7867231369018555
5672,2.304286003112793,-4.9103922843933105
5673,2.714334011077881,-4.9431047439575195
5674,2.3557050228118896,-4.046533107757568
5675,2.4442176818847656,-4.693641185760498
5676,2.5269103050231934,-3.9521145820617676
5677,2.331651210784912,-4.582581996917725
5678,2.4242069721221924,-4.305116653442383
5679,2.3768928050994873,-4.597517490386963
5680,2.415130615234375,-4.409058570861816
5681,2.2310190200805664,-4.435414791107178
5682,2.3934707641601562,-3.978001117706299
5683,2.3432536125183105,-4.387277603149414
5684,2.2189722061157227,-4.306089878082275
5685,2.4407224655151367,-4.178637504577637
5686,2.4487860202789307,-4.0750017166137695
5687,2.7047691345214844,-4.377630233764648
5688,2.5988268852233887,-4.650534629821777
5689,2.5132877826690674,-4.472104549407959
5690,2.24525785446167,-5.1326494216918945
5691,2.445465564727783,-4.273436069488525
5692,2.614264488220215,-3.9572818279266357
5693,2.4061877727508545,-4.006276607513428
5694,2.3392891883850098,-4.882981300354004
5695,2.873178005218506,-5.54594612121582
5696,2.4670028686523438,-4.751766204833984
5697,2.3565192222595215,-4.653141498565674
5698,2.164454936981201,-4.400056838989258
5699,2.27059268951416,-5.108954906463623
5700,2.310403347015381,-4.9502410888671875
5701,2.395508289337158,-5.155266761779785
5702,2.6011295318603516,-4.649324417114258
5703,2.8088903427124023,-3.706123113632202
5704,2.525242328643799,-4.611443996429443
5705,2.4197263717651367,-4.734798431396484
5706,2.4837093353271484,-4.061561107635498
5707,2.2436904907226562,-3.9471054077148438
5708,2.334595203399658,-4.102556228637695
5709,2.654122829437256,-5.079563140869141
5710,2.6209471225738525,-4.885094165802002
5711,2.452458620071411,-4.485616207122803
5712,2.618368148803711,-4.997781276702881
5713,2.2866969108581543,-5.441944122314453
5714,2.279510974884033,-3.5627288818359375
5715,2.48193097114563,-5.304303169250488
5716,2.4265527725219727,-4.767736434936523
5717,2.468564033508301,-3.9509661197662354
5718,2.0315847396850586,-4.182064056396484
5719,2.4389572143554688,-4.769432067871094
5720,2.2075653076171875,-4.339849472045898
5721,2.2695322036743164,-4.039729118347168
5722,2.4311540126800537,-4.857311248779297
5723,2.1864523887634277,-4.24256706237793
5724,2.6356518268585205,-4.763576030731201
5725,2.2906339168548584,-4.046787738800049
5726,2.385451555252075,-4.84589958190918
5727,2.425686836242676,-5.154914379119873
5728,2.334707021713257,-4.908954620361328
5729,2.3365345001220703,-3.939087152481079
5730,2.8834891319274902,-4.358983993530273
5731,2.3421740531921387,-4.001707077026367
5732,2.298232078552246,-3.843684434890747
5733,2.620999813079834,-3.982675790786743
5734,2.289000988006592,-3.617915630340576
5735,2.6348114013671875,-3.90993595123291
5736,2.3633837699890137,-4.052105903625488
5737,2.418505907058716,-5.403378486633301
5738,2.0419349670410156,-4.941305637359619
5739,2.436185359954834,-3.8508031368255615
5740,2.34499454498291,-4.927569389343262
5741,2.529930830001831,-5.106937885284424
5742,2.4826135635375977,-4.411327838897705
5743,2.3556299209594727,-3.9701547622680664
5744,2.201601028442383,-4.351280689239502
5745,2.515570640563965,-4.749417304992676
5746,2.427656650543213,-4.426649570465088
5747,2.366888999938965,-4.019799709320068
5748,2.017422914505005,-4.242029190063477
5749,2.5266928672790527,-3.356677293777466
5750,2.327332019805908,-4.406144618988037
5751,2.2219204902648926,-3.0200467109680176
5752,2.426175832748413,-4.054947376251221
5753,2.4195480346679688,-4.345648765563965
5754,2.5440897941589355,-4.136849880218506
5755,2.3855607509613037,-4.069347381591797
5756,2.370983123779297,-4.588385581970215
5757,2.6743323802948,-3.883028030395508
5758,2.1840572357177734,-3.8651342391967773
5759,2.168698310852051,-4.361326694488525
5760,2.442416191101074,-4.893048286437988
5761,2.408822536468506,-3.9442760944366455
5762,2.425532102584839,-4.811682224273682
5763,2.8301336765289307,-4.3519744873046875
5764,2.2720413208007812,-4.43154764175415
5765,2.691783905029297,-4.703601837158203
5766,2.8213534355163574,-3.936511278152466
5767,2.3063268661499023,-3.683105230331421
5768,2.3468871116638184,-3.6254563331604004
5769,2.455092191696167,-3.3355517387390137
5770,2.711756944656372,-4.132044315338135
5771,2.3621063232421875,-4.476891994476318
5772,2.491819381713867,-3.9360671043395996
5773,2.501593589782715,-5.152523040771484
5774,2.292314291000366,-4.115898609161377
5775,2.2253615856170654,-4.451882839202881
5776,2.4829938411712646,-4.216991901397705
5777,2.4793028831481934,-4.495142936706543
5778,2.2331247329711914,-3.9553308486938477
5779,2.351506233215332,-4.094709873199463
5780,2.5218071937561035,-3.717745065689087
5781,2.3763837814331055,-4.1593804359436035
5782,2.4365458488464355,-4.359301567077637
5783,2.2146811485290527,-4.676245212554932
5784,2.4150872230529785,-4.88754415512085
5785,2.4640984535217285,-4.690979957580566
5786,2.5320956707000732,-5.007105827331543
5787,2.6076626777648926,-4.564729690551758
5788,2.421900749206543,-4.6021409034729
5789,2.669283866882324,-4.327776908874512
5790,2.275209426879883,-4.657142162322998
5791,2.4408771991729736,-4.2159013748168945
5792,2.3105530738830566,-3.873331308364868
5793,2.0767602920532227,-4.0421857833862305
5794,2.208491563796997,-4.0842695236206055
5795,2.4281327724456787,-4.485088348388672
5796,2.3521595001220703,-4.545711517333984
5797,2.320882797241211,-3.8911783695220947
5798,2.2529215812683105,-4.087122440338135
5799,2.478397846221924,-3.9335412979125977
5800,2.2444989681243896,-3.916494131088257
5801,2.6002068519592285,-4.098028182983398
5802,2.287057876586914,-4.1030964851379395
5803,2.2222933769226074,-4.764958381652832
5804,2.601799964904785,-4.260928153991699
5805,2.317575693130493,-4.9792680740356445
5806,2.112696886062622,-3.528823137283325
5807,2.532283306121826,-4.413523197174072
5808,2.3697690963745117,-4.307051181793213
5809,2.3567678928375244,-4.222726345062256
5810,2.5666699409484863,-4.014878749847412
5811,2.561707019805908,-4.4672393798828125
5812,2.5993125438690186,-4.268196105957031
5813,2.770986557006836,-3.856778621673584
5814,2.4576101303100586,-4.169479846954346
5815,2.5241236686706543,-5.462374210357666
5816,2.5070295333862305,-4.361051559448242
5817,2.428105115890503,-4.022055625915527
5818,2.89432430267334,-4.002038955688477
5819,2.5819902420043945,-4.06300163269043
5820,2.6650757789611816,-4.689172267913818
5821,2.4669294357299805,-4.749045372009277
5822,2.5484519004821777,-3.8177237510681152
5823,2.1530284881591797,-3.394807815551758
5824,2.3414406776428223,-4.536895751953125
5825,2.5112926959991455,-4.617910385131836
5826,2.631503105163574,-4.340297222137451
5827,2.8571760654449463,-3.38485050201416
5828,2.6948323249816895,-4.475795745849609
5829,2.709336280822754,-4.210782527923584
5830,2.633209466934204,-3.7400929927825928
5831,2.4153847694396973,-4.750004291534424
5832,2.4142322540283203,-4.283843040466309
5833,2.6672191619873047,-4.38946533203125
5834,2.346473217010498,-4.628719329833984
5835,2.7636971473693848,-4.5669074058532715
5836,2.551896333694458,-3.642932653427124
5837,2.2899069786071777,-4.040727615356445
5838,2.5583879947662354,-4.186832427978516
5839,2.3652310371398926,-4.7338666915893555
5840,2.384537935256958,-4.244735240936279
5841,2.261679172515869,-3.4686059951782227
5842,2.251680374145508,-4.630529880523682
5843,2.541195869445801,-4.73955774307251
5844,2.3105273246765137,-4.047326564788818
5845,2.4954328536987305,-4.446852207183838
5846,2.3500447273254395,-4.499365329742432
5847,2.299253463745117,-3.8332571983337402
5848,2.443976879119873,-4.723230361938477
5849,2.1257896423339844,-5.017324447631836
5850,2.3314414024353027,-4.397994041442871
5851,2.417369842529297,-3.905647039413452
5852,2.735886573791504,-4.0291948318481445
5853,2.541463613510132,-4.49622917175293
5854,2.4174866676330566,-4.103209972381592
5855,2.3346967697143555,-5.0497517585754395
5856,2.5320634841918945,-4.497819900512695
5857,2.2923364639282227,-3.6302595138549805
5858,2.586068868637085,-4.516975402832031
5859,2.5062015056610107,-4.482121467590332
5860,2.4210681915283203,-4.16425895690918
5861,2.448805570602417,-4.38569450378418
5862,2.613579750061035,-4.321537971496582
5863,2.36771297454834,-3.8554272651672363
5864,3.0289411544799805,-4.490217208862305
5865,2.3932952880859375,-4.866085052490234
5866,2.30536150932312,-4.817446708679199
5867,2.5304226875305176,-4.045886039733887
5868,2.2602548599243164,-3.8420636653900146
5869,2.633749008178711,-4.192415237426758
5870,2.559108257293701,-4.136637210845947
5871,2.5480642318725586,-3.9564437866210938
5872,2.840446949005127,-4.573194980621338
5873,2.3866381645202637,-3.9915084838867188
5874,2.794584035873413,-4.927591800689697
5875,2.0961532592773438,-3.8881592750549316
5876,2.5587363243103027,-4.899985313415527
5877,2.017835855484009,-3.422030448913574
5878,2.482628583908081,-3.743259906768799
5879,2.510859489440918,-4.42019510269165
5880,2.279304027557373,-4.456878662109375
5881,2.4120848178863525,-4.558734893798828
5882,2.2930610179901123,-4.342579364776611
5883,2.144047260284424,-4.3355560302734375
5884,2.4183874130249023,-4.328939914703369
5885,2.5696263313293457,-4.855721950531006
5886,2.0888099670410156,-4.021829128265381
5887,2.5626721382141113,-4.264360427856445
5888,2.337820529937744,-3.5701794624328613
5889,2.071773052215576,-3.9315807819366455
5890,2.203467845916748,-4.429208755493164
5891,2.500814914703369,-4.0542192459106445
5892,2.626101493835449,-4.504209995269775
5893,2.3444743156433105,-4.057455062866211
5894,2.434879779815674,-4.18105411529541
5895,2.5641088485717773,-3.987443447113037
5896,2.431673526763916,-5.144819736480713
5897,2.4223480224609375,-4.053815841674805
5898,2.3184239864349365,-4.8993706703186035
5899,2.173326253890991,-4.023431301116943
5900,2.549593210220337,-4.405520439147949
5901,2.5236997604370117,-4.358087539672852
5902,2.3315277099609375,-3.822755813598633
5903,2.3858084678649902,-5.5106892585754395
5904,2.180297374725342,-4.667804718017578
5905,2.260382652282715,-4.009917259216309
5906,2.2794995307922363,-4.788142204284668
5907,2.488201141357422,-4.972365856170654
5908,2.547300338745117,-4.125065326690674
5909,2.5145111083984375,-4.4537153244018555
5910,2.357306480407715,-3.9403867721557617
5911,2.386751174926758,-4.037837505340576
5912,2.158395528793335,-4.55099630355835
5913,2.8681161403656006,-4.541302680969238
5914,2.4905238151550293,-3.4983506202697754
5915,2.398637056350708,-3.8574535846710205
5916,2.4904539585113525,-4.2475996017456055
5917,2.5562844276428223,-3.616518497467041
5918,2.7002506256103516,-4.301339626312256
5919,2.4513092041015625,-3.508707284927368
5920,2.4464645385742188,-3.8865578174591064
5921,2.478525161743164,-4.705060005187988
5922,2.290201187133789,-4.561540126800537
5923,2.615260601043701,-3.669402837753296
5924,2.819002151489258,-4.177026271820068
5925,2.6931533813476562,-3.7495388984680176
5926,2.5582175254821777,-3.8405988216400146
5927,2.3831090927124023,-3.8728320598602295
5928,2.969303607940674,-4.24760103225708
5929,2.3892860412597656,-4.039628505706787
5930,2.531456470489502,-5.077112197875977
5931,2.678584337234497,-4.413629531860352
5932,2.412228584289551,-4.609225749969482
5933,2.5369203090667725,-5.1002960205078125
5934,2.731212615966797,-4.198330879211426
5935,2.490781784057617,-4.637960433959961
5936,2.666269540786743,-3.145374059677124
5937,2.4931702613830566,-3.7166249752044678
5938,2.526595115661621,-3.7678589820861816
5939,2.437530994415283,-4.009922981262207
5940,2.41555118560791,-3.794189453125
5941,2.3969035148620605,-4.018768787384033
5942,2.20782732963562,-4.146030426025391
5943,2.5601868629455566,-3.8834195137023926
5944,2.4220657348632812,-4.389327049255371
5945,2.499330520629883,-3.7172539234161377
5946,2.6863064765930176,-4.16334342956543
5947,2.490039348602295,-3.548043727874756
5948,2.346407175064087,-4.840843677520752
5949,2.4991233348846436,-3.9893765449523926
5950,2.274679183959961,-3.290053606033325
5951,2.431248903274536,-4.08447265625
5952,2.1944289207458496,-4.071106433868408
5953,2.653390645980835,-3.7919695377349854
5954,2.4680302143096924,-4.521694183349609
5955,2.2667794227600098,-4.302354335784912
5956,2.4630684852600098,-4.189910411834717
5957,2.3763606548309326,-4.187433242797852
5958,2.6222286224365234,-4.288899898529053
5959,2.5025413036346436,-3.6172618865966797
5960,2.181218385696411,-4.175368309020996
5961,2.1864771842956543,-4.384675979614258
5962,2.392868995666504,-4.2116594314575195
5963,2.6644320487976074,-4.003899097442627
5964,2.3199410438537598,-4.597552299499512
5965,2.240086078643799,-3.791719675064087
5966,2.3646328449249268,-4.258449077606201
5967,2.270805835723877,-3.9375412464141846
5968,2.634239435195923,-3.5325441360473633
5969,2.225423812866211,-3.9896950721740723
5970,2.544374465942383,-4.1705098152160645
5971,2.4315967559814453,-4.593532562255859
5972,2.4247303009033203,-3.6215972900390625
5973,2.490583896636963,-3.6560258865356445
5974,2.3522939682006836,-3.6971371173858643
5975,2.2599010467529297,-4.232161521911621
5976,2.2514877319335938,-3.8249173164367676
5977,2.267362117767334,-3.969413995742798
5978,2.276799201965332,-3.338183641433716
5979,2.845773696899414,-4.497111797332764
5980,2.230135440826416,-4.241511344909668
5981,1.9836719036102295,-4.304265975952148
5982,2.2201242446899414,-4.6422929763793945
5983,2.5366287231445312,-4.087214946746826
5984,2.3385934829711914,-4.60097599029541
5985,2.3990070819854736,-4.04207706451416
5986,2.3621811866760254,-5.099682807922363
5987,2.2716429233551025,-4.4288129806518555
5988,2.290632486343384,-3.7237720489501953
5989,2.2951176166534424,-4.653435707092285
5990,2.269897937774658,-3.9633800983428955
5991,2.495166301727295,-4.510251522064209
5992,2.4679441452026367,-3.5906662940979004
5993,2.3880882263183594,-5.106383800506592
5994,2.0461416244506836,-4.11519718170166
5995,2.4027152061462402,-4.417844295501709
5996,2.3143043518066406,-4.805361270904541
5997,2.2940235137939453,-4.148130416870117
5998,2.3449697494506836,-4.360053539276123
5999,2.166989803314209,-4.583796501159668
6000,2.3656516075134277,-3.7567267417907715
6001,2.14383602142334,-3.6438024044036865
6002,2.5157394409179688,-4.257819175720215
6003,2.518744468688965,-3.891763925552368
6004,2.596540927886963,-4.63790225982666
6005,2.447868824005127,-4.5799455642700195
6006,2.234300136566162,-3.9342095851898193
6007,2.459275245666504,-3.745124101638794
6008,2.316480875015259,-4.338140964508057
6009,2.1378579139709473,-4.395886421203613
6010,2.679163932800293,-4.893101692199707
6011,2.597904682159424,-4.367084503173828
6012,2.390265464782715,-3.5890674591064453
6013,2.624556064605713,-3.6807265281677246
6014,2.519632339477539,-4.06413459777832
6015,2.7974820137023926,-4.117468357086182
6016,2.458650827407837,-3.9411895275115967
6017,2.72571063041687,-4.137535572052002
6018,2.3612780570983887,-4.364999771118164
6019,2.9527316093444824,-5.16810417175293
6020,2.8106040954589844,-3.9511420726776123
6021,2.459713935852051,-3.9004790782928467
6022,2.4321138858795166,-4.135046005249023
6023,2.367445468902588,-4.957025527954102
6024,2.511086940765381,-4.079442024230957
6025,2.4794468879699707,-4.4962897300720215
6026,2.47699236869812,-3.354681968688965
6027,2.2870473861694336,-3.3854689598083496
6028,2.3693294525146484,-2.9526171684265137
6029,2.3596742153167725,-4.131202697753906
6030,2.2857518196105957,-3.8838939666748047
6031,2.415820598602295,-3.7948379516601562
6032,2.5242674350738525,-4.546322822570801
6033,2.439293384552002,-3.8131203651428223
6034,2.558791160583496,-3.6656179428100586
6035,2.2522292137145996,-3.7632176876068115
6036,2.4898409843444824,-4.214066505432129
6037,2.3043603897094727,-4.3367509841918945
6038,2.4972891807556152,-4.157398223876953
6039,2.37302303314209,-3.6537489891052246
6040,2.4486355781555176,-3.8799843788146973
6041,2.4747695922851562,-3.868126630783081
6042,2.417635917663574,-3.7889037132263184
6043,2.4241435527801514,-4.051176071166992
6044,2.2634148597717285,-4.111461639404297
6045,2.6024580001831055,-4.354823112487793
6046,2.5016324520111084,-4.61269998550415
6047,2.242912769317627,-4.345104217529297
6048,2.5878517627716064,-4.085926532745361
6049,2.874680995941162,-3.7250211238861084
6050,2.560086727142334,-3.6985678672790527
6051,2.419856071472168,-3.370177984237671
6052,2.3663127422332764,-4.365514278411865
6053,2.420646905899048,-4.015070915222168
6054,2.1759190559387207,-4.057771682739258
6055,2.7005443572998047,-4.3080925941467285
6056,2.3905651569366455,-4.26017427444458
6057,2.4916043281555176,-3.746891498565674
6058,2.6408815383911133,-4.249876022338867
6059,2.2836287021636963,-3.857811212539673
6060,2.151078224182129,-4.2695393562316895
6061,2.782996654510498,-4.372098445892334
6062,2.558476448059082,-4.819259166717529
6063,2.36893367767334,-4.216320037841797
6064,2.7099785804748535,-3.028554677963257
6065,2.541780471801758,-4.145648956298828
6066,2.376065254211426,-3.4377574920654297
6067,2.403040885925293,-3.735507011413574
6068,2.5901756286621094,-4.308531284332275
6069,2.417309522628784,-4.192282676696777
6070,2.2348642349243164,-3.211245536804199
6071,2.402240037918091,-3.8417508602142334
6072,2.3973910808563232,-4.347298622131348
6073,2.7598977088928223,-4.806677341461182
6074,2.239278793334961,-4.303470611572266
6075,2.547727584838867,-4.672490119934082
6076,2.317688465118408,-4.113340854644775
6077,2.868157148361206,-3.556638240814209
6078,2.444744110107422,-4.2219343185424805
6079,2.37362003326416,-4.058244705200195
6080,2.235537528991699,-4.6642255783081055
6081,2.237151861190796,-3.4028615951538086
6082,2.686107635498047,-3.9086501598358154
6083,2.370795249938965,-4.711721897125244
6084,2.625579833984375,-4.802463531494141
6085,2.4882383346557617,-3.7803566455841064
6086,2.3313965797424316,-3.891125440597534
6087,2.3527274131774902,-3.3080880641937256
6088,2.4683785438537598,-3.6422014236450195
6089,2.3486015796661377,-2.8899013996124268
6090,2.1981618404388428,-4.585394859313965
6091,2.350294351577759,-3.4429962635040283
6092,2.489071846008301,-4.344003200531006
6093,2.342942953109741,-4.395778179168701
6094,2.4109702110290527,-4.623617649078369
6095,2.4081568717956543,-4.2477874755859375
6096,2.537120819091797,-3.4661426544189453
6097,2.678830146789551,-4.4850172996521
6098,2.160214424133301,-4.4878129959106445
6099,2.9038233757019043,-4.334210395812988
6100,2.3747663497924805,-4.109338283538818
6101,2.6544923782348633,-3.780033826828003
6102,2.553201675415039,-3.9647955894470215
6103,2.225860595703125,-3.757164716720581
6104,2.2825722694396973,-3.2522683143615723
6105,2.1753740310668945,-3.396653175354004
6106,2.105144500732422,-4.32248592376709
6107,2.486849308013916,-4.151699542999268
6108,2.221202850341797,-3.579493761062622
6109,2.4866747856140137,-4.222272872924805
6110,2.2435760498046875,-4.1567511558532715
6111,2.4093258380889893,-4.172118663787842
6112,2.4396579265594482,-4.318645477294922
6113,2.306225299835205,-3.5655581951141357
6114,2.403308868408203,-3.78879451751709
6115,2.131667137145996,-3.5138683319091797
6116,2.3850834369659424,-4.049548149108887
6117,2.5551414489746094,-3.807875633239746
6118,2.495720624923706,-4.322369575500488
6119,2.559864044189453,-3.6442959308624268
6120,2.210594654083252,-3.6365201473236084
6121,2.1307168006896973,-4.208242893218994
6122,1.9985592365264893,-3.3176259994506836
6123,2.156752347946167,-4.004034519195557
6124,2.423893451690674,-4.373963832855225
6125,2.341681957244873,-4.1220903396606445
6126,2.049264430999756,-3.9493296146392822
6127,2.484449863433838,-3.847769260406494
6128,2.4024953842163086,-4.4508819580078125
6129,2.3191399574279785,-3.492499589920044
6130,2.236818790435791,-4.381804943084717
6131,2.028937816619873,-3.8549535274505615
6132,2.1497364044189453,-3.9963769912719727
6133,2.630798578262329,-4.455357074737549
6134,2.2484664916992188,-3.9811415672302246
6135,2.831918716430664,-4.111896514892578
6136,2.3001022338867188,-4.057504653930664
6137,2.520076274871826,-3.7596518993377686
6138,2.455638885498047,-4.232858180999756
6139,2.2717576026916504,-3.7282941341400146
6140,2.2912306785583496,-4.7974772453308105
6141,2.2848639488220215,-4.3082685470581055
6142,2.210287094116211,-4.4006147384643555
6143,2.1405062675476074,-3.8761801719665527
6144,2.511963367462158,-3.921663284301758
6145,2.212825298309326,-3.1562938690185547
6146,2.4475221633911133,-4.253470420837402
6147,2.256082057952881,-3.9122650623321533
6148,2.316525459289551,-3.8582875728607178
6149,2.4372730255126953,-3.8332202434539795
6150,2.284050941467285,-4.0817742347717285
6151,2.2505435943603516,-3.6083309650421143
6152,2.4403014183044434,-3.2083234786987305
6153,2.53405499458313,-3.6613998413085938
6154,2.4035356044769287,-3.945200204849243
6155,2.192958354949951,-3.745939016342163
6156,2.457998752593994,-4.6939191818237305
6157,2.2140989303588867,-4.532912254333496
6158,2.0402252674102783,-3.366008996963501
6159,2.2640509605407715,-4.064934253692627
6160,2.2834153175354004,-3.673142433166504
6161,2.3459062576293945,-4.1436357498168945
6162,2.213150978088379,-4.043461799621582
6163,2.2136924266815186,-4.400171279907227
6164,2.41890025138855,-3.358630895614624
6165,2.239586353302002,-3.8148412704467773
6166,2.17441987991333,-3.9815356731414795
6167,2.344101667404175,-4.079119682312012
6168,2.0647027492523193,-3.4981141090393066
6169,2.4814186096191406,-3.82574462890625
6170,2.060582399368286,-3.9810988903045654
6171,2.3387866020202637,-3.0128166675567627
6172,2.312563419342041,-3.6099765300750732
6173,2.473494052886963,-4.913922309875488
6174,2.35720157623291,-3.238787889480591
6175,2.296971321105957,-3.7806873321533203
6176,2.522350311279297,-3.6578900814056396
6177,2.4445815086364746,-4.364769458770752
6178,1.9904639720916748,-3.5994091033935547
6179,2.4010534286499023,-4.332513809204102
6180,2.2136483192443848,-3.8891568183898926
6181,2.2606794834136963,-4.548759460449219
6182,2.2336411476135254,-4.1127400398254395
6183,2.4276957511901855,-3.6766748428344727
6184,2.3148279190063477,-3.4266583919525146
6185,2.4492311477661133,-4.043888092041016
6186,2.699270009994507,-4.06035852432251
6187,2.497859001159668,-3.513942003250122
6188,2.224545478820801,-3.8789117336273193
6189,2.161778450012207,-4.795370578765869
6190,2.595529556274414,-3.7541470527648926
6191,2.2861504554748535,-3.5825698375701904
6192,2.5530405044555664,-3.853411912918091
6193,2.5794501304626465,-3.941028118133545
6194,2.2370986938476562,-3.1509881019592285
6195,2.3239307403564453,-3.766091823577881
6196,2.259014129638672,-3.723986864089966
6197,2.3228611946105957,-3.4056384563446045
6198,2.537046432495117,-4.584619045257568
6199,3.102017879486084,-3.604341983795166
6200,2.7085022926330566,-3.933046579360962
6201,2.2293214797973633,-3.383549213409424
6202,2.1297645568847656,-3.493210792541504
6203,2.378009796142578,-3.6981091499328613
6204,2.3666882514953613,-3.793708562850952
6205,2.3138952255249023,-3.774293899536133
6206,2.359238624572754,-3.5873193740844727
6207,2.53829288482666,-3.3659873008728027
6208,3.044321060180664,-3.9158923625946045
6209,2.4688942432403564,-3.7661306858062744
6210,2.1197566986083984,-3.7850751876831055
6211,2.6493189334869385,-3.8859221935272217
6212,2.2210447788238525,-3.844149112701416
6213,2.453415870666504,-3.5768887996673584
6214,2.21189546585083,-3.283121347427368
6215,2.510395050048828,-3.9087634086608887
6216,2.4624533653259277,-3.3138463497161865
6217,2.254647731781006,-4.161666393280029
6218,2.487905979156494,-3.993457555770874
6219,2.296118974685669,-3.471611976623535
6220,2.407470703125,-4.476713180541992
6221,2.2226128578186035,-3.9862008094787598
6222,2.5477097034454346,-3.9400970935821533
6223,2.4621455669403076,-3.863692283630371
6224,2.1615819931030273,-4.080183029174805
6225,2.283811092376709,-3.447953462600708
6226,2.2582929134368896,-4.480037689208984
6227,2.3193140029907227,-3.616236925125122
6228,2.279451847076416,-3.2224855422973633
6229,2.5418481826782227,-3.9739632606506348
6230,2.4034857749938965,-3.253577470779419
6231,2.3226451873779297,-4.344290256500244
6232,2.400169610977173,-3.4747707843780518
6233,2.2817888259887695,-3.4035565853118896
6234,2.4023430347442627,-3.98630428314209
6235,2.692215919494629,-3.9677181243896484
6236,2.4297142028808594,-3.935702323913574
6237,2.387936592102051,-3.480661630630493
6238,2.3569302558898926,-3.7515175342559814
6239,2.4816884994506836,-3.6352617740631104
6240,2.1103811264038086,-3.106041193008423
6241,2.2596116065979004,-3.8263843059539795
6242,2.5821003913879395,-3.6903345584869385
6243,2.204193115234375,-4.105531692504883
6244,2.1712698936462402,-3.9100024700164795
6245,2.301454544067383,-4.355010509490967
6246,2.7574210166931152,-4.4464640617370605
6247,2.5038814544677734,-3.492544651031494
6248,2.6390440464019775,-4.299192905426025
6249,2.3411102294921875,-4.5052809715271
6250,2.606018543243408,-4.035137176513672
6251,2.576533794403076,-3.575662851333618
6252,2.413144111633301,-4.237343788146973
6253,2.2884650230407715,-3.527726411819458
6254,2.249342918395996,-4.088921070098877
6255,2.377626657485962,-3.6351075172424316
6256,2.375809907913208,-4.021644115447998
6257,2.306053400039673,-3.9270782470703125
6258,2.354017734527588,-3.842844247817993
6259,2.6486728191375732,-3.6520044803619385
6260,2.073812484741211,-3.4844982624053955
6261,2.255995750427246,-3.7624106407165527
6262,2.171994209289551,-3.4839835166931152
6263,2.2603230476379395,-3.7454395294189453
6264,2.2868595123291016,-4.077508926391602
6265,2.406863212585449,-3.231020450592041
6266,2.422734260559082,-3.768392562866211
6267,2.6741936206817627,-3.9137682914733887
6268,2.392186164855957,-3.872556686401367
6269,2.2945430278778076,-3.8190293312072754
6270,2.3563804626464844,-3.676058292388916
6271,2.4134182929992676,-3.7284140586853027
6272,2.1492958068847656,-3.7887661457061768
6273,2.256911277770996,-3.5881147384643555
6274,2.758791446685791,-3.29964017868042
6275,2.376749038696289,-3.2937989234924316
6276,2.7389121055603027,-3.8915929794311523
6277,2.4255616664886475,-3.882277250289917
6278,2.3183112144470215,-3.240847110748291
6279,2.5417404174804688,-3.255554437637329
6280,2.261445999145508,-3.569512367248535
6281,2.440831184387207,-3.700002431869507
6282,2.2242188453674316,-3.291114091873169
6283,2.342197895050049,-3.6239824295043945
6284,2.305040121078491,-3.3739471435546875
6285,2.340402364730835,-3.487927198410034
6286,2.2213737964630127,-3.889741897583008
6287,2.463700771331787,-3.7139580249786377
6288,2.2529349327087402,-3.0049855709075928
6289,2.2999119758605957,-2.9346563816070557
6290,2.555920124053955,-3.795309543609619
6291,2.652956485748291,-4.08017110824585
6292,2.57205867767334,-3.613924980163574
6293,2.3683953285217285,-3.7580087184906006
6294,2.4285476207733154,-4.525501251220703
6295,2.35444974899292,-3.470303535461426
6296,2.5765562057495117,-4.377556324005127
6297,2.587679147720337,-3.8889880180358887
6298,2.6130566596984863,-3.7390449047088623
6299,2.5887606143951416,-4.005297660827637
6300,2.4313178062438965,-3.8528265953063965
6301,2.1326637268066406,-3.027665615081787
6302,2.1294851303100586,-3.9806509017944336
6303,2.257479190826416,-4.443309783935547
6304,2.2593295574188232,-4.311374664306641
6305,2.2354516983032227,-3.6945667266845703
6306,2.34700345993042,-4.220415115356445
6307,2.445525646209717,-4.310462474822998
6308,2.4215781688690186,-4.03324556350708
6309,2.244230031967163,-3.4772350788116455
6310,2.5377197265625,-4.7763285636901855
6311,2.4522945880889893,-4.223561763763428
6312,2.2128374576568604,-3.7172372341156006
6313,2.1452856063842773,-3.3269195556640625
6314,2.4531478881835938,-3.646799087524414
6315,2.276545524597168,-3.378847599029541
6316,2.386019706726074,-4.0588178634643555
6317,2.111422538757324,-3.740940570831299
6318,2.3390660285949707,-3.6130871772766113
6319,2.4139249324798584,-3.8778252601623535
6320,2.539161205291748,-4.033416271209717
6321,2.282684803009033,-4.29524040222168
6322,2.2732882499694824,-4.497171401977539
6323,2.097567081451416,-3.786665678024292
6324,2.1338019371032715,-3.564422607421875
6325,2.2991485595703125,-2.8265957832336426
6326,2.3684754371643066,-3.5752148628234863
6327,2.1647539138793945,-3.529916286468506
6328,2.333930015563965,-3.889066219329834
6329,2.7946221828460693,-3.778303623199463
6330,2.4140162467956543,-2.8697850704193115
6331,2.2158737182617188,-3.2575910091400146
6332,2.510118007659912,-3.706937551498413
6333,2.6924657821655273,-3.73933482170105
6334,1.9131184816360474,-3.0035781860351562
6335,2.4428353309631348,-3.7832882404327393
6336,2.2278833389282227,-3.5697686672210693
6337,2.4351024627685547,-3.7711398601531982
6338,2.209822177886963,-3.253058433532715
6339,2.676032066345215,-3.735314130783081
6340,2.6989409923553467,-3.6173033714294434
6341,2.0211005210876465,-3.8982150554656982
6342,2.3492822647094727,-3.747786045074463
6343,2.4293642044067383,-3.8306097984313965
6344,2.533424139022827,-2.926163673400879
6345,2.5788536071777344,-3.5402228832244873
6346,2.5209896564483643,-3.7772154808044434
6347,2.851308822631836,-3.29032564163208
6348,2.3639631271362305,-3.899029016494751
6349,2.506070137023926,-3.498167037963867
6350,2.160764217376709,-3.434016227722168
6351,2.459044933319092,-4.011948108673096
6352,2.643548011779785,-3.91367244720459
6353,2.305070400238037,-4.0268964767456055
6354,2.5879549980163574,-4.181792259216309
6355,2.0841851234436035,-3.172839403152466
6356,2.3044400215148926,-3.2197964191436768
6357,2.266786575317383,-3.7720253467559814
6358,2.2026515007019043,-3.8049991130828857
6359,2.1677393913269043,-2.74678897857666
6360,2.359862804412842,-2.936269521713257
6361,2.2382941246032715,-3.7967288494110107
6362,2.31046199798584,-3.6785526275634766
6363,2.5902843475341797,-3.511552095413208
6364,2.649846076965332,-3.597902297973633
6365,2.5461478233337402,-3.5529356002807617
6366,2.506455421447754,-3.7707602977752686
6367,2.623075008392334,-3.5268187522888184
6368,2.5201194286346436,-3.675738573074341
6369,2.684800624847412,-4.02529239654541
6370,2.4325175285339355,-3.951324462890625
6371,2.401305675506592,-3.3229422569274902
6372,2.275087594985962,-3.973463773727417
6373,2.3575644493103027,-4.790928840637207
6374,2.198730230331421,-3.745151996612549
6375,2.5538835525512695,-3.307466506958008
6376,2.1386375427246094,-3.181689977645874
6377,2.4367408752441406,-4.04955530166626
6378,2.296379566192627,-3.903817653656006
6379,2.3212456703186035,-3.1227598190307617
6380,2.511929988861084,-3.757215976715088
6381,2.574819803237915,-4.743103504180908
6382,2.419266700744629,-3.839447021484375
6383,2.3291878700256348,-3.9085822105407715
6384,2.4519317150115967,-4.337467193603516
6385,2.233257532119751,-2.9129343032836914
6386,2.251831531524658,-3.407207727432251
6387,2.3622405529022217,-4.330449104309082
6388,2.438249349594116,-3.742105484008789
6389,2.6974356174468994,-3.6011810302734375
6390,2.323967933654785,-3.826058864593506
6391,2.424124240875244,-2.9218132495880127
6392,2.64664626121521,-3.0123484134674072
6393,2.3268256187438965,-2.840278387069702
6394,2.44169020652771,-3.374077796936035
6395,2.525729179382324,-3.599073886871338
6396,2.514784097671509,-4.286045551300049
6397,2.559547185897827,-4.506383419036865
6398,2.355189800262451,-3.8058102130889893
6399,2.280810594558716,-2.9409778118133545
6400,2.425821304321289,-3.5790276527404785
6401,2.4442405700683594,-4.1472554206848145
6402,2.5293569564819336,-4.104120254516602
6403,2.4236226081848145,-4.217329025268555
6404,2.413968563079834,-4.051825046539307
6405,2.328277587890625,-3.3398306369781494
6406,2.328864574432373,-3.658797025680542
6407,2.047745704650879,-3.359476327896118
6408,2.4927749633789062,-3.4006781578063965
6409,2.518059253692627,-4.539686679840088
6410,2.2672500610351562,-4.287823677062988
6411,2.4496092796325684,-3.993117570877075
6412,2.2096829414367676,-3.7095980644226074
6413,2.2084174156188965,-3.418269157409668
6414,2.266484498977661,-3.850053071975708
6415,2.232529640197754,-3.4699654579162598
6416,2.144613265991211,-3.948028326034546
6417,2.296818494796753,-3.970686674118042
6418,2.4068360328674316,-3.2121307849884033
6419,2.3623619079589844,-4.31182861328125
6420,2.340561866760254,-4.1415696144104
6421,2.1985416412353516,-4.155884742736816
6422,2.225264549255371,-3.5602588653564453
6423,2.314103126525879,-3.5974936485290527
6424,2.5157456398010254,-3.303020715713501
6425,2.366626739501953,-3.545297622680664
6426,2.11199951171875,-4.162941932678223
6427,2.5410938262939453,-3.3935492038726807
6428,2.3136301040649414,-4.037331581115723
6429,2.538308620452881,-3.1300387382507324
6430,2.253283739089966,-3.7612719535827637
6431,2.3800876140594482,-3.316049814224243
6432,2.224945545196533,-4.054112911224365
6433,2.508988380432129,-3.2503480911254883
6434,2.321699380874634,-3.0730032920837402
6435,2.4261226654052734,-3.3942649364471436
6436,2.192445755004883,-3.6693572998046875
6437,2.6274826526641846,-3.4395036697387695
6438,2.545943021774292,-3.7157773971557617
6439,2.307410717010498,-3.0367681980133057
6440,2.3057703971862793,-3.5556702613830566
6441,2.1770782470703125,-3.5977489948272705
6442,2.43812894821167,-3.5569961071014404
6443,2.5670547485351562,-3.732184410095215
6444,2.1811203956604004,-3.06904935836792
6445,2.530059814453125,-4.1193108558654785
6446,2.2401256561279297,-3.8382463455200195
6447,2.7506937980651855,-4.0407257080078125
6448,2.300171136856079,-3.7173006534576416
6449,2.4452805519104004,-3.497096300125122
6450,2.3930492401123047,-3.701662540435791
6451,2.4933080673217773,-3.7236249446868896
6452,2.284203052520752,-3.6522271633148193
6453,2.1444313526153564,-3.7400429248809814
6454,2.3011221885681152,-3.5661044120788574
6455,2.1759114265441895,-3.666171073913574
6456,2.2405283451080322,-3.429946184158325
6457,2.4440371990203857,-3.358940839767456
6458,2.2794041633605957,-3.5839908123016357
6459,2.6428604125976562,-3.389385461807251
6460,2.482325553894043,-4.466516494750977
6461,2.5307259559631348,-3.4694135189056396
6462,2.3872952461242676,-3.7727205753326416
6463,2.4200024604797363,-3.723729133605957
6464,2.363595485687256,-3.9108126163482666
6465,2.350369453430176,-3.9717702865600586
6466,2.5068821907043457,-4.154482364654541
6467,2.4888978004455566,-3.4132392406463623
6468,2.3565821647644043,-3.500980854034424
6469,2.181156873703003,-2.9026670455932617
6470,2.4267749786376953,-3.4262502193450928
6471,2.2654240131378174,-3.4166316986083984
6472,2.303166389465332,-3.8800928592681885
6473,2.2348520755767822,-3.9404690265655518
6474,2.4337310791015625,-3.4426114559173584
6475,2.3367996215820312,-3.4575512409210205
6476,2.223198413848877,-3.3883354663848877
6477,2.124025821685791,-3.054854154586792
6478,2.2961032390594482,-3.7125730514526367
6479,2.3816075325012207,-3.0974013805389404
6480,2.378873109817505,-2.920912504196167
6481,2.156647205352783,-3.1596286296844482
6482,2.2155046463012695,-3.759847402572632
6483,2.474085807800293,-3.455604314804077
6484,2.434854030609131,-3.4736721515655518
6485,2.162065267562866,-3.8688039779663086
6486,2.2647793292999268,-3.792086601257324
6487,2.1227641105651855,-3.0605432987213135
6488,2.3112120628356934,-3.8393259048461914
6489,2.224392890930176,-3.2811548709869385
6490,2.3181605339050293,-3.2380447387695312
6491,2.3626387119293213,-4.531061172485352
6492,2.2043275833129883,-3.7081475257873535
6493,2.228484630584717,-3.8422470092773438
6494,2.4866933822631836,-3.3476967811584473
6495,2.2676796913146973,-3.334507465362549
6496,2.283322811126709,-3.007269859313965
6497,2.397566318511963,-3.9481148719787598
6498,2.194708824157715,-3.376328229904175
6499,2.5126793384552,-3.9892468452453613
6500,2.772533416748047,-3.89186954498291
6501,2.3115756511688232,-3.9314496517181396
6502,2.17617130279541,-3.555265188217163
6503,2.1760518550872803,-3.772010087966919
6504,2.519747018814087,-3.7398815155029297
6505,2.59942364692688,-2.926147699356079
6506,2.564610004425049,-3.7254419326782227
6507,2.535853385925293,-3.6525421142578125
6508,2.2818217277526855,-3.5470638275146484
6509,2.5228466987609863,-3.3528268337249756
6510,2.3380181789398193,-3.4369354248046875
6511,2.1467337608337402,-3.4922690391540527
6512,2.0721993446350098,-3.516101121902466
6513,2.2001121044158936,-3.325131893157959
6514,2.3839659690856934,-3.140547275543213
6515,2.188547134399414,-3.028787136077881
6516,2.248718738555908,-3.7357017993927
6517,2.0907278060913086,-3.239215612411499
6518,2.5577259063720703,-3.2617101669311523
6519,2.35562801361084,-3.8436925411224365
6520,2.043583393096924,-3.061103105545044
6521,2.4676103591918945,-4.238409996032715
6522,2.74708890914917,-3.8229992389678955
6523,2.2994747161865234,-3.5826990604400635
6524,2.1519699096679688,-3.5295631885528564
6525,2.2220661640167236,-3.0964365005493164
6526,2.339564323425293,-3.5004889965057373
6527,2.596529722213745,-3.665889263153076
6528,2.387016773223877,-3.4893622398376465
6529,2.4328598976135254,-3.6970248222351074
6530,1.8736096620559692,-3.4117586612701416
6531,2.4375362396240234,-3.4634087085723877
6532,2.2296574115753174,-3.7261617183685303
6533,2.1285037994384766,-3.316458225250244
6534,2.290902853012085,-4.205364227294922
6535,2.2999205589294434,-3.455064058303833
6536,2.1743643283843994,-3.666461229324341
6537,2.5062525272369385,-3.7342722415924072
6538,2.4406075477600098,-3.5317273139953613
6539,2.054196357727051,-3.7515883445739746
6540,2.282665967941284,-3.0036089420318604
6541,2.2936370372772217,-3.2999701499938965
6542,2.4134111404418945,-3.2924270629882812
6543,2.4856557846069336,-3.9833502769470215
6544,2.4727001190185547,-3.1842195987701416
6545,2.2523751258850098,-3.064229965209961
6546,2.3978304862976074,-3.169468402862549
6547,2.245610475540161,-4.11088752746582
6548,2.144965171813965,-3.9574170112609863
6549,2.4569578170776367,-3.3227944374084473
6550,2.366933822631836,-3.573840618133545
6551,2.2675886154174805,-3.968144178390503
6552,2.5046472549438477,-3.372708797454834
6553,2.3351123332977295,-4.005480766296387
6554,2.1842358112335205,-4.167470932006836
6555,2.749295711517334,-3.377913236618042
6556,2.099597930908203,-3.4185543060302734
6557,2.4054417610168457,-3.0590245723724365
6558,2.3680686950683594,-3.0435702800750732
6559,2.4018821716308594,-3.8226821422576904
6560,2.350654125213623,-3.67036771774292
6561,2.551154851913452,-3.722987651824951
6562,2.321763753890991,-3.1147522926330566
6563,2.3561689853668213,-3.4970285892486572
6564,2.234330654144287,-3.5872225761413574
6565,2.8204033374786377,-3.3730175495147705
6566,2.3351821899414062,-3.261164903640747
6567,2.34078311920166,-3.177313804626465
6568,2.2697243690490723,-2.8151695728302
6569,2.24876070022583,-3.3654608726501465
6570,2.212151288986206,-3.02341890335083
6571,2.2791945934295654,-3.639763832092285
6572,2.367237091064453,-3.7061450481414795
6573,2.402468204498291,-4.042440891265869
6574,2.230668544769287,-3.947951078414917
6575,2.7127323150634766,-3.585758686065674
6576,2.2205610275268555,-2.687624216079712
6577,2.2581868171691895,-2.97145938873291
6578,2.6817736625671387,-4.0050129890441895
6579,2.5710463523864746,-3.4938879013061523
6580,2.6862893104553223,-3.4073333740234375
6581,2.5734100341796875,-2.6517932415008545
6582,2.4288320541381836,-3.1734344959259033
6583,2.600205898284912,-3.595249891281128
6584,2.5265822410583496,-3.266491651535034
6585,2.509953022003174,-3.7290310859680176
6586,2.2692108154296875,-3.985060691833496
6587,2.4013986587524414,-3.4013166427612305
6588,2.548384428024292,-3.380434989929199
6589,2.430619716644287,-3.3696725368499756
6590,2.620584011077881,-3.8545572757720947
6591,2.648181915283203,-2.876272201538086
6592,2.645585298538208,-3.152522563934326
6593,2.5237679481506348,-3.6122655868530273
6594,2.4148340225219727,-3.778019428253174
6595,2.532978057861328,-3.9659218788146973
6596,2.5264053344726562,-3.581423044204712
6597,2.546386241912842,-2.698336124420166
6598,2.8621444702148438,-3.5701634883880615
6599,2.396775960922241,-4.171555042266846
6600,2.5837044715881348,-4.05019998550415
6601,2.4091105461120605,-3.9792587757110596
6602,2.5965757369995117,-3.724203109741211
6603,2.4798483848571777,-3.4785916805267334
6604,2.569941997528076,-3.1107723712921143
6605,2.832313060760498,-4.09505558013916
6606,2.3309850692749023,-4.269265651702881
6607,2.5819454193115234,-2.5363121032714844
6608,2.7649240493774414,-3.245656728744507
6609,2.5017917156219482,-3.3930816650390625
6610,2.585341215133667,-3.0647711753845215
6611,2.440864086151123,-3.6214356422424316
6612,2.5448713302612305,-3.6496901512145996
6613,2.6884586811065674,-3.7765281200408936
6614,2.3100361824035645,-3.423809289932251
6615,2.585211753845215,-3.589024543762207
6616,2.3649888038635254,-3.2784104347229004
6617,2.2821521759033203,-3.4116406440734863
6618,2.2663612365722656,-3.3051509857177734
6619,2.232595443725586,-3.519773483276367
6620,2.3263134956359863,-3.960886240005493
6621,2.0940403938293457,-3.3882439136505127
6622,2.535233974456787,-3.682168960571289
6623,2.4084837436676025,-3.460252285003662
6624,2.266982078552246,-3.3037972450256348
6625,2.283421039581299,-3.153505325317383
6626,2.3506126403808594,-3.128598213195801
6627,2.1975696086883545,-3.3907644748687744
6628,2.337822675704956,-2.7742137908935547
6629,2.2532718181610107,-3.034583806991577
6630,1.992512583732605,-3.1745245456695557
6631,2.037849187850952,-2.9222571849823
6632,2.523890256881714,-3.586798906326294
6633,2.1432833671569824,-3.352280378341675
6634,2.4294180870056152,-3.080857038497925
6635,2.2392072677612305,-3.4595696926116943
6636,2.1945130825042725,-3.2547919750213623
6637,2.0292062759399414,-3.697239875793457
6638,2.294738292694092,-3.7417736053466797
6639,2.596439838409424,-3.544257402420044
6640,2.363882064819336,-3.200549840927124
6641,2.3857321739196777,-3.1174793243408203
6642,2.4132614135742188,-3.015238046646118
6643,2.3433473110198975,-3.0968995094299316
6644,2.2004406452178955,-3.5038259029388428
6645,2.506664752960205,-3.202397108078003
6646,2.3632094860076904,-3.5209169387817383
6647,2.415998935699463,-3.1364006996154785
6648,2.250093460083008,-2.9226627349853516
6649,2.265958786010742,-3.6963553428649902
6650,2.4308109283447266,-3.0549166202545166
6651,2.4912471771240234,-3.2869820594787598
6652,2.342909812927246,-3.593271255493164
6653,2.235475778579712,-3.195175886154175
6654,2.403651714324951,-3.2057137489318848
6655,2.2530014514923096,-3.4345192909240723
6656,2.366356372833252,-3.680589199066162
6657,2.531175136566162,-4.0951361656188965
6658,2.1859564781188965,-2.900144577026367
6659,2.2915754318237305,-3.3827860355377197
6660,2.2381720542907715,-3.9248032569885254
6661,2.8122494220733643,-3.6434946060180664
6662,2.167383909225464,-3.857485055923462
6663,2.2466020584106445,-3.4316840171813965
6664,2.2841618061065674,-3.7744312286376953
6665,2.110790252685547,-3.5033867359161377
6666,2.092987537384033,-3.145608425140381
6667,2.3220832347869873,-2.9190988540649414
6668,2.2597997188568115,-3.874040126800537
6669,2.481182813644409,-3.2367687225341797
6670,2.3388702869415283,-3.2824132442474365
6671,2.639511823654175,-3.232753276824951
6672,2.683237075805664,-3.058420181274414
6673,1.9919929504394531,-3.267470359802246
6674,2.8817050457000732,-3.6372687816619873
6675,2.3534371852874756,-3.0384674072265625
6676,2.6196393966674805,-3.170109272003174
6677,2.3200976848602295,-3.2724618911743164
6678,2.3833649158477783,-3.2175791263580322
6679,2.6196045875549316,-3.5157339572906494
6680,2.3374338150024414,-2.9099695682525635
6681,2.6780834197998047,-3.041872262954712
6682,2.4509403705596924,-3.187652826309204
6683,2.4036645889282227,-3.5040547847747803
6684,2.2505321502685547,-3.22249174118042
6685,2.365546941757202,-3.182340145111084
6686,2.337554931640625,-3.06058406829834
6687,2.4579429626464844,-3.065669059753418
6688,2.5974693298339844,-3.274033784866333
6689,2.816013813018799,-3.4094016551971436
6690,2.436121940612793,-2.9601027965545654
6691,2.0950889587402344,-2.9915571212768555
6692,2.1481714248657227,-2.9483978748321533
6693,2.3244354724884033,-2.8691365718841553
6694,2.3423893451690674,-2.69223690032959
6695,2.4040234088897705,-3.3624439239501953
6696,2.5433509349823,-3.87575626373291
6697,2.268512725830078,-3.4439940452575684
6698,2.4162635803222656,-3.0227560997009277
6699,2.3155384063720703,-3.999467134475708
6700,2.1892471313476562,-3.198936700820923
6701,2.285740375518799,-3.9758341312408447
6702,2.350653648376465,-4.459334373474121
6703,2.2157092094421387,-3.0796279907226562
6704,2.483536720275879,-3.531637668609619
6705,2.3869500160217285,-3.4874579906463623
6706,2.7549145221710205,-3.857154130935669
6707,2.1778440475463867,-3.18410587310791
6708,2.083399534225464,-3.6308071613311768
6709,2.2541720867156982,-3.3518171310424805
6710,2.795681953430176,-2.7633278369903564
6711,2.298646926879883,-2.8731932640075684
6712,2.3051905632019043,-3.3619163036346436
6713,2.491300582885742,-2.9760873317718506
6714,2.1978182792663574,-3.4453542232513428
6715,2.5463786125183105,-3.1675097942352295
6716,2.269178867340088,-3.5132274627685547
6717,2.2924604415893555,-3.287278652191162
6718,2.266256809234619,-2.7781178951263428
6719,2.2763524055480957,-3.262129545211792
6720,2.276473045349121,-3.23435115814209
6721,2.458066940307617,-2.697906255722046
6722,2.4264068603515625,-3.1002821922302246
6723,2.726181983947754,-3.37308406829834
6724,2.4421963691711426,-3.550607681274414
6725,2.28554630279541,-3.481644868850708
6726,2.434213876724243,-4.0584635734558105
6727,1.9629507064819336,-3.5501022338867188
6728,2.3327269554138184,-2.7096307277679443
6729,2.296043634414673,-3.3012735843658447
6730,2.772195816040039,-3.515345811843872
6731,2.3472087383270264,-2.8110997676849365
6732,2.179760694503784,-3.5036466121673584
6733,2.2937660217285156,-3.196359634399414
6734,2.108621120452881,-3.275538444519043
6735,2.1967453956604004,-3.1681647300720215
6736,2.0555858612060547,-3.091245174407959
6737,2.5546603202819824,-3.6105825901031494
6738,2.5826821327209473,-3.336578607559204
6739,2.428154468536377,-3.2688591480255127
6740,2.3680920600891113,-3.1404922008514404
6741,2.234424591064453,-3.0442922115325928
6742,2.582253932952881,-3.4109046459198
6743,2.3450827598571777,-3.130138635635376
6744,2.2468862533569336,-2.7623403072357178
6745,2.0684585571289062,-2.3367714881896973
6746,2.2702765464782715,-3.541361093521118
6747,2.552077531814575,-3.0687999725341797
6748,2.56477427482605,-3.0267703533172607
6749,2.0678131580352783,-3.5241293907165527
6750,2.301091194152832,-4.069608688354492
6751,2.1592631340026855,-2.5774919986724854
6752,2.2094714641571045,-3.4674715995788574
6753,2.288302183151245,-3.0523500442504883
6754,2.106593370437622,-3.341160297393799
6755,2.1009931564331055,-2.7937848567962646
6756,2.111721992492676,-3.1470301151275635
6757,2.47343111038208,-3.694350481033325
6758,2.4997758865356445,-4.00485372543335
6759,2.537738800048828,-3.8492090702056885
6760,2.0731430053710938,-2.9378836154937744
6761,2.30037260055542,-3.4397802352905273
6762,2.462582588195801,-3.797084331512451
6763,2.527468204498291,-3.720613718032837
6764,2.125535488128662,-3.0985398292541504
6765,2.535829544067383,-2.8012473583221436
6766,2.329848527908325,-3.1134490966796875
6767,2.560532331466675,-3.3555898666381836
6768,2.3936617374420166,-2.7211616039276123
6769,2.086799144744873,-3.4852373600006104
6770,2.232030153274536,-3.2686116695404053
6771,2.2672810554504395,-2.4796628952026367
6772,2.211517333984375,-2.814617872238159
6773,2.336197853088379,-3.7529525756835938
6774,2.2912418842315674,-3.220846176147461
6775,2.562455177307129,-4.043771743774414
6776,2.249950408935547,-2.7993416786193848
6777,2.118014335632324,-3.140024423599243
6778,2.2012948989868164,-2.860469341278076
6779,2.539555072784424,-3.3677117824554443
6780,2.2820377349853516,-3.3070929050445557
6781,2.331965446472168,-3.2849185466766357
6782,2.044365644454956,-2.9169793128967285
6783,2.6148157119750977,-3.0588066577911377
6784,2.1948750019073486,-3.385622978210449
6785,2.592803955078125,-3.16648006439209
6786,2.186375141143799,-3.039015531539917
6787,2.378970146179199,-2.3991293907165527
6788,1.966073989868164,-3.2447922229766846
6789,2.3437743186950684,-2.8334524631500244
6790,2.723233938217163,-2.830878496170044
6791,2.1792004108428955,-2.9824347496032715
6792,2.51784086227417,-3.5050957202911377
6793,2.2000532150268555,-3.474836826324463
6794,2.3374080657958984,-2.83981990814209
6795,3.002046823501587,-3.443188428878784
6796,2.4002108573913574,-2.8077752590179443
6797,2.7157297134399414,-3.925642728805542
6798,2.237966537475586,-3.0152554512023926
6799,2.2016100883483887,-3.1009609699249268
6800,2.5773935317993164,-2.379862070083618
6801,2.468308448791504,-3.3660202026367188
6802,2.2774319648742676,-3.393254280090332
6803,2.1696646213531494,-2.7312374114990234
6804,2.2279422283172607,-3.3259224891662598
6805,2.2394275665283203,-3.5979738235473633
6806,2.524914264678955,-2.8144991397857666
6807,2.1150736808776855,-3.013763427734375
6808,2.3693408966064453,-2.692342519760132
6809,2.2083582878112793,-3.3095703125
6810,2.391172409057617,-2.5261194705963135
6811,2.4546756744384766,-2.8804094791412354
6812,2.50620698928833,-3.6242918968200684
6813,2.5406007766723633,-3.51821231842041
6814,2.400758743286133,-3.2987313270568848
6815,2.4599292278289795,-3.5963189601898193
6816,2.6022591590881348,-3.6644043922424316
6817,2.219139575958252,-3.0298357009887695
6818,2.8961617946624756,-2.771260976791382
6819,2.432466745376587,-3.770820379257202
6820,2.736685276031494,-2.8793327808380127
6821,2.30851411819458,-3.04386830329895
6822,2.655097484588623,-3.274418592453003
6823,2.6364998817443848,-4.2524638175964355
6824,2.4982080459594727,-3.3960466384887695
6825,2.46412992477417,-3.725268840789795
6826,2.533215045928955,-2.7604269981384277
6827,2.4568920135498047,-3.143221378326416
6828,2.407036304473877,-2.869976758956909
6829,2.705064296722412,-4.749480724334717
6830,2.407042980194092,-3.0457329750061035
6831,2.308302879333496,-3.0153732299804688
6832,2.5049591064453125,-3.330752372741699
6833,2.436735153198242,-2.776374101638794
6834,2.3078579902648926,-3.2332074642181396
6835,2.5259623527526855,-2.6619622707366943
6836,2.5527663230895996,-3.16786527633667
6837,2.507255792617798,-3.057577133178711
6838,2.202181339263916,-3.0137317180633545
6839,2.1884281635284424,-3.0515003204345703
6840,2.210291862487793,-3.4345386028289795
6841,2.2140953540802,-3.0333189964294434
6842,2.366497039794922,-2.5425384044647217
6843,2.3430275917053223,-2.9052765369415283
6844,2.4525184631347656,-2.895491123199463
6845,2.830634117126465,-3.020641565322876
6846,2.363919734954834,-2.2489326000213623
6847,2.3844313621520996,-2.6441357135772705
6848,2.414137840270996,-2.829939842224121
6849,2.31044864654541,-3.7585501670837402
6850,2.3071646690368652,-2.9152538776397705
6851,2.3124170303344727,-3.042191505432129
6852,2.3146135807037354,-3.2861363887786865
6853,2.48978853225708,-3.0530929565429688
6854,2.310539960861206,-3.1034786701202393
6855,2.5930042266845703,-4.047337055206299
6856,2.1945371627807617,-3.033651113510132
6857,2.511651039123535,-3.138277053833008
6858,2.185089111328125,-2.865004301071167
6859,2.3147168159484863,-3.428274154663086
6860,2.2194175720214844,-3.2323224544525146
6861,2.111934185028076,-2.964542865753174
6862,2.031414270401001,-3.1480672359466553
6863,2.5251073837280273,-3.835284948348999
6864,1.872330904006958,-3.291980028152466
6865,2.045529365539551,-3.889819860458374
6866,2.092167854309082,-2.9068398475646973
6867,2.599992275238037,-3.0209310054779053
6868,2.276209831237793,-3.2645504474639893
6869,2.3757827281951904,-3.6755971908569336
6870,2.2559103965759277,-2.144366502761841
6871,2.4863243103027344,-3.1948461532592773
6872,2.293703079223633,-3.175564765930176
6873,2.496042251586914,-3.5730698108673096
6874,2.299039840698242,-3.489623785018921
6875,2.5043201446533203,-3.6396725177764893
6876,2.2208967208862305,-2.993307113647461
6877,2.2702460289001465,-3.1798095703125
6878,2.2415473461151123,-3.7014589309692383
6879,2.6245899200439453,-3.061044931411743
6880,2.268673896789551,-3.3145554065704346
6881,2.515726089477539,-3.402744770050049
6882,2.021794319152832,-2.655005693435669
6883,2.2156224250793457,-2.8740289211273193
6884,2.2169384956359863,-2.9145689010620117
6885,2.0754077434539795,-2.6323893070220947
6886,2.0963222980499268,-2.663069486618042
6887,2.51619815826416,-3.4065299034118652
6888,2.4778084754943848,-3.5202317237854004
6889,2.113913059234619,-3.347236394882202
6890,2.191575527191162,-2.6964495182037354
6891,2.1983938217163086,-3.1236791610717773
6892,2.2689948081970215,-3.164742946624756
6893,2.188983917236328,-3.1078078746795654
6894,2.311570167541504,-2.9443368911743164
6895,2.1084227561950684,-2.8529868125915527
6896,2.4691972732543945,-3.5254018306732178
6897,2.155766487121582,-2.7414028644561768
6898,2.152740001678467,-3.617964506149292
6899,2.459773063659668,-3.1846113204956055
6900,2.215078353881836,-3.2320356369018555
6901,2.163529872894287,-2.428560972213745
6902,2.304327964782715,-3.0901448726654053
6903,2.500826835632324,-3.0764877796173096
6904,2.099567413330078,-3.2349190711975098
6905,2.115327835083008,-3.202002763748169
6906,2.312270164489746,-2.623433828353882
6907,2.3760650157928467,-2.847156286239624
6908,2.4110093116760254,-3.0222508907318115
6909,2.1586456298828125,-3.468203067779541
6910,2.2869863510131836,-3.0166594982147217
6911,2.4831786155700684,-3.4644768238067627
6912,2.108643054962158,-2.5190205574035645
6913,2.3825440406799316,-2.7447125911712646
6914,2.164682149887085,-3.1257266998291016
6915,2.191275119781494,-3.0382683277130127
6916,2.424422264099121,-2.6241447925567627
6917,2.0961849689483643,-2.511460304260254
6918,2.0956802368164062,-3.4287023544311523
6919,2.320244312286377,-3.406672477722168
6920,2.1052141189575195,-2.666428804397583
6921,2.146702289581299,-2.881274700164795
6922,2.176711320877075,-2.8850326538085938
6923,2.035959005355835,-3.3383443355560303
6924,2.478254795074463,-3.294276237487793
6925,2.6220710277557373,-2.8995320796966553
6926,2.1696043014526367,-2.930230140686035
6927,2.348299980163574,-2.800499200820923
6928,2.0420989990234375,-3.0018768310546875
6929,2.731588125228882,-2.945662498474121
6930,2.3107662200927734,-3.1938729286193848
6931,2.4260001182556152,-3.178645133972168
6932,2.2926623821258545,-3.0599710941314697
6933,2.216648817062378,-3.4252102375030518
6934,2.500204563140869,-3.7856340408325195
6935,2.3958845138549805,-3.1012701988220215
6936,2.30787992477417,-2.3862862586975098
6937,2.176032066345215,-2.743191719055176
6938,2.2539844512939453,-3.1117331981658936
6939,2.216094970703125,-3.086606979370117
6940,2.180551052093506,-2.9920501708984375
6941,2.2361693382263184,-2.4167227745056152
6942,2.543022632598877,-2.8811590671539307
6943,2.1831376552581787,-2.3674488067626953
6944,2.668260097503662,-2.817270278930664
6945,2.3303890228271484,-2.8579888343811035
6946,2.379155158996582,-2.675215721130371
6947,2.4148857593536377,-3.1864304542541504
6948,2.1663520336151123,-3.418416738510132
6949,2.3261542320251465,-3.15151309967041
6950,2.3390066623687744,-3.361356496810913
6951,2.5555715560913086,-3.36789608001709
6952,1.9657764434814453,-2.8889529705047607
6953,2.6186981201171875,-3.6863362789154053
6954,2.354050397872925,-3.295743942260742
6955,2.2320499420166016,-2.9883759021759033
6956,2.0777835845947266,-2.7530930042266846
6957,2.556992530822754,-3.0173540115356445
6958,2.3968992233276367,-3.012235403060913
6959,2.160552978515625,-3.847439765930176
6960,2.2153525352478027,-2.9709067344665527
6961,2.380246162414551,-2.695053815841675
6962,2.1166281700134277,-2.6058077812194824
6963,2.201676368713379,-2.730381488800049
6964,2.0387496948242188,-3.284226655960083
6965,2.3101398944854736,-3.2617075443267822
6966,2.3265113830566406,-3.426309108734131
6967,2.113579750061035,-2.7303643226623535
6968,2.4127888679504395,-3.0218396186828613
6969,2.1337432861328125,-2.524630546569824
6970,2.2721800804138184,-3.28022837638855
6971,2.279305934906006,-3.038926362991333
6972,2.3379077911376953,-3.7160491943359375
6973,2.1873226165771484,-3.065938949584961
6974,2.4719882011413574,-3.65966796875
6975,2.4298951625823975,-2.771818161010742
6976,2.368659019470215,-2.8310916423797607
6977,2.193026542663574,-2.805764675140381
6978,2.111759662628174,-3.378842830657959
6979,2.2910220623016357,-3.2156925201416016
6980,2.7489514350891113,-3.3647754192352295
6981,2.0874104499816895,-2.6043331623077393
6982,2.4491934776306152,-2.4749538898468018
6983,2.3257315158843994,-3.162078619003296
6984,2.2464144229888916,-3.327669143676758
6985,2.5483617782592773,-2.9333090782165527
6986,2.411599636077881,-2.8292500972747803
6987,2.4014806747436523,-2.891228675842285
6988,2.4694900512695312,-3.197908878326416
6989,2.377903699874878,-3.448744773864746
6990,2.3112969398498535,-2.89469575881958
6991,2.2487831115722656,-2.791743278503418
6992,2.274384021759033,-3.3250954151153564
6993,2.471780300140381,-2.8409523963928223
6994,2.1345787048339844,-2.7918596267700195
6995,2.93212890625,-2.5822339057922363
6996,2.320729970932007,-2.8042798042297363
6997,2.441925525665283,-2.3421616554260254
6998,2.777601957321167,-3.176328182220459
6999,2.387352228164673,-2.3307528495788574
7000,2.7990570068359375,-3.7776706218719482
7001,2.2578561305999756,-3.0849192142486572
7002,2.4177684783935547,-3.3847908973693848
7003,2.292165517807007,-3.3867321014404297
7004,2.252615213394165,-3.7330310344696045
7005,2.5619211196899414,-3.6104021072387695
7006,2.399787664413452,-2.841639518737793
7007,2.3764328956604004,-2.6901750564575195
7008,2.5927815437316895,-2.870637893676758
7009,2.4640021324157715,-3.2281181812286377
7010,2.2166786193847656,-3.000819683074951
7011,2.1225156784057617,-3.016636371612549
7012,2.2470126152038574,-3.2458019256591797
7013,2.3207101821899414,-2.8622095584869385
7014,2.263366222381592,-3.173079252243042
7015,2.542773723602295,-3.6613216400146484
7016,2.560046672821045,-3.0843915939331055
7017,2.220996379852295,-2.8627748489379883
7018,2.343590497970581,-2.770796298980713
7019,2.5224225521087646,-3.337240695953369
7020,2.239943504333496,-2.871102809906006
7021,2.3624024391174316,-2.9019298553466797
7022,2.30305552482605,-3.0030317306518555
7023,2.1016194820404053,-3.044950485229492
7024,2.238267421722412,-3.1336891651153564
7025,2.279675006866455,-3.0608747005462646
7026,2.4112625122070312,-2.777034044265747
7027,2.142875909805298,-3.4682021141052246
7028,2.4148600101470947,-2.9843528270721436
7029,2.0542778968811035,-2.7442126274108887
7030,2.345557451248169,-3.474125623703003
7031,2.4250082969665527,-3.197068691253662
7032,1.9278614521026611,-2.764383554458618
7033,2.557497978210449,-2.9357001781463623
7034,2.320363759994507,-3.3722891807556152
7035,2.375800609588623,-3.543546199798584
7036,2.3364899158477783,-3.1674387454986572
7037,2.638244867324829,-2.83302640914917
7038,1.9331166744232178,-2.7922539710998535
7039,2.1970670223236084,-2.966578960418701
7040,2.283756732940674,-2.8942315578460693
7041,2.1666159629821777,-3.394329786300659
7042,2.359294891357422,-2.8279972076416016
7043,2.0640921592712402,-3.102936029434204
7044,2.304300546646118,-2.9836015701293945
7045,2.381382465362549,-3.032188653945923
7046,2.2486934661865234,-2.6820144653320312
7047,2.278472423553467,-2.9547457695007324
7048,2.3651773929595947,-2.9926722049713135
7049,1.983687162399292,-2.7262182235717773
7050,2.0378940105438232,-3.038698434829712
7051,2.16729736328125,-3.374316453933716
7052,2.503919839859009,-3.6458208560943604
7053,2.707840919494629,-3.5833966732025146
7054,2.3462324142456055,-3.1855573654174805
7055,2.2780847549438477,-2.8979554176330566
7056,2.0980565547943115,-2.2948219776153564
7057,2.1147241592407227,-2.6272199153900146
7058,2.049772262573242,-3.306428909301758
7059,2.406393527984619,-3.080756425857544
7060,2.4505608081817627,-3.057962417602539
7061,2.4115543365478516,-2.9510610103607178
7062,2.35715913772583,-2.9510457515716553
7063,2.5051794052124023,-3.4078943729400635
7064,2.1332876682281494,-3.2145113945007324
7065,2.363063335418701,-3.1714789867401123
7066,2.2146663665771484,-3.0555965900421143
7067,2.273257255554199,-3.3426196575164795
7068,2.3879806995391846,-3.1501717567443848
7069,2.1189064979553223,-2.609980583190918
7070,2.6995346546173096,-2.658344030380249
7071,2.626628875732422,-2.7684781551361084
7072,2.3074097633361816,-3.0326154232025146
7073,2.425502061843872,-2.9296317100524902
7074,2.6219825744628906,-2.890481948852539
7075,2.2118661403656006,-2.5227174758911133
7076,2.6013684272766113,-2.616412401199341
7077,2.3081679344177246,-3.49581241607666
7078,2.6320436000823975,-2.6919944286346436
7079,2.4988465309143066,-3.162912607192993
7080,2.2056331634521484,-2.7294085025787354
7081,2.5200703144073486,-2.6664419174194336
7082,2.298469066619873,-3.111774206161499
7083,2.3414204120635986,-3.8001275062561035
7084,2.1951465606689453,-3.0388894081115723
7085,2.271346092224121,-2.807837724685669
7086,2.3900957107543945,-3.1875803470611572
7087,2.281054973602295,-3.319143772125244
7088,2.5061397552490234,-3.3973429203033447
7089,2.3735620975494385,-2.351767063140869
7090,2.146392822265625,-2.9232382774353027
7091,2.3404154777526855,-3.527844190597534
7092,2.152853488922119,-2.719780206680298
7093,2.1436705589294434,-2.691694736480713
7094,2.038515090942383,-2.97807240486145
7095,2.2789511680603027,-3.4842803478240967
7096,2.430515766143799,-3.0590572357177734
7097,2.3508920669555664,-2.6708288192749023
7098,2.502108097076416,-3.277785539627075
7099,2.434903144836426,-3.043572425842285
7100,2.508188486099243,-2.4060158729553223
7101,3.087545394897461,-3.4691643714904785
7102,2.4076480865478516,-3.2396810054779053
7103,2.6535701751708984,-3.2081942558288574
7104,2.730647563934326,-3.087792158126831
7105,2.268174171447754,-2.7749972343444824
7106,3.004298686981201,-3.302260637283325
7107,2.5771214962005615,-2.644751787185669
7108,2.6320810317993164,-2.885550022125244
7109,2.5831708908081055,-2.4071569442749023
7110,2.7720701694488525,-2.6568820476531982
7111,2.4902944564819336,-3.475006103515625
7112,2.3908183574676514,-2.7604143619537354
7113,2.593388080596924,-3.2341458797454834
7114,2.109863519668579,-2.702021598815918
7115,2.44998836517334,-2.9281911849975586
7116,2.4282889366149902,-3.2359070777893066
7117,2.48386287689209,-3.0401883125305176
7118,2.5657620429992676,-2.861731767654419
7119,2.2254140377044678,-2.851966619491577
7120,2.060019016265869,-2.5732734203338623
7121,2.617677688598633,-2.605668544769287
7122,2.2752699851989746,-2.606055974960327
7123,2.188798427581787,-2.790942668914795
7124,2.3148741722106934,-2.888714551925659
7125,2.209897518157959,-2.5017151832580566
7126,2.448300361633301,-2.8775947093963623
7127,2.5545589923858643,-2.8266570568084717
7128,2.359677791595459,-2.5411272048950195
7129,2.4276671409606934,-2.955704689025879
7130,2.7719531059265137,-3.190774917602539
7131,2.218635082244873,-2.450613021850586
7132,2.256807804107666,-2.657822608947754
7133,2.2564024925231934,-3.2087478637695312
7134,2.2630157470703125,-2.438370704650879
7135,2.6098082065582275,-3.0263962745666504
7136,2.4610283374786377,-3.2211718559265137
7137,2.195462465286255,-3.2165563106536865
7138,2.12338924407959,-2.99186635017395
7139,2.160346031188965,-2.4710540771484375
7140,2.5377297401428223,-2.348090648651123
7141,2.2348439693450928,-3.320497989654541
7142,2.1921796798706055,-2.816521644592285
7143,2.3855690956115723,-2.8985588550567627
7144,2.1723856925964355,-3.1125378608703613
7145,2.3824758529663086,-3.3674628734588623
7146,2.1604719161987305,-2.5182089805603027
7147,2.1454524993896484,-2.9699361324310303
7148,2.4217700958251953,-3.205629825592041
7149,2.1934974193573,-2.225196123123169
7150,2.399421215057373,-3.1448259353637695
7151,2.468104839324951,-3.0456905364990234
7152,1.9618290662765503,-2.401454448699951
7153,2.3457627296447754,-2.978936195373535
7154,2.1403989791870117,-2.7330050468444824
7155,2.2734508514404297,-2.7213549613952637
7156,2.0669026374816895,-2.195634365081787
7157,2.364981174468994,-3.0331244468688965
7158,2.083493709564209,-2.4441611766815186
7159,2.354112148284912,-2.5403411388397217
7160,2.6596288681030273,-2.7176589965820312
7161,2.206298589706421,-2.5983006954193115
7162,2.129072666168213,-2.699082851409912
7163,2.485175609588623,-3.048783540725708
7164,2.5438427925109863,-2.439277410507202
7165,2.492629051208496,-3.3836677074432373
7166,2.1325178146362305,-3.040921688079834
7167,2.4212090969085693,-2.596872329711914
7168,2.2456119060516357,-2.8414177894592285
7169,2.2447309494018555,-2.2303075790405273
7170,1.9332969188690186,-2.541386842727661
7171,2.5134544372558594,-2.7672600746154785
7172,2.3804800510406494,-2.704038143157959
7173,2.173354148864746,-3.1210525035858154
7174,2.6725997924804688,-3.2217087745666504
7175,2.822899580001831,-2.552300453186035
7176,2.184258460998535,-2.9064273834228516
7177,2.444828748703003,-3.0277063846588135
7178,2.567598342895508,-3.175837516784668
7179,2.545044422149658,-3.038606882095337
7180,2.336456775665283,-2.374709129333496
7181,2.2578444480895996,-2.8978726863861084
7182,2.4252734184265137,-2.426295518875122
7183,2.1078686714172363,-2.5056838989257812
7184,2.245748996734619,-2.7960214614868164
7185,2.7572054862976074,-2.961700439453125
7186,2.2437286376953125,-2.7381439208984375
7187,2.215592384338379,-2.865323543548584
7188,2.240877628326416,-2.935861110687256
7189,2.2727813720703125,-2.6215691566467285
7190,2.391566514968872,-3.0847907066345215
7191,2.316333770751953,-2.8928887844085693
7192,2.4110498428344727,-3.0141875743865967
7193,2.842681407928467,-2.9047088623046875
7194,2.1316728591918945,-2.369795083999634
7195,2.6446709632873535,-3.0037038326263428
7196,2.200580358505249,-2.4714319705963135
7197,2.308992385864258,-3.3965988159179688
7198,2.5692684650421143,-2.5699663162231445
7199,2.449230670928955,-2.3333423137664795
7200,2.184591293334961,-2.9809420108795166
7201,2.2378828525543213,-3.160618543624878
7202,2.3218202590942383,-3.342055082321167
7203,2.295778751373291,-3.3174493312835693
7204,2.266188144683838,-2.6100528240203857
7205,2.194709539413452,-2.424529790878296
7206,2.2177114486694336,-3.119347333908081
7207,2.1354575157165527,-2.531525135040283
7208,2.4143877029418945,-3.189293622970581
7209,2.457878351211548,-3.109922409057617
7210,2.625476837158203,-2.7604446411132812
7211,1.9659547805786133,-2.616847515106201
7212,2.4960618019104004,-2.770650625228882
7213,2.3017001152038574,-2.670712471008301
7214,1.986344575881958,-2.39213228225708
7215,2.1933159828186035,-2.55196475982666
7216,2.3988723754882812,-2.899327278137207
7217,2.404750347137451,-2.642887592315674
7218,2.3802452087402344,-2.687033176422119
7219,2.555501699447632,-3.0516533851623535
7220,2.3963818550109863,-2.652941942214966
7221,2.4477453231811523,-2.4352331161499023
7222,2.26511812210083,-2.7092950344085693
7223,2.1138293743133545,-2.5967562198638916
7224,2.1037158966064453,-2.6361708641052246
7225,2.929013967514038,-2.310696601867676
7226,2.2114248275756836,-2.8660402297973633
7227,2.8988735675811768,-3.4111757278442383
7228,2.4575533866882324,-3.165585994720459
7229,2.7252936363220215,-2.991804599761963
7230,2.162877082824707,-2.654526472091675
7231,2.472041130065918,-2.999013900756836
7232,2.0356435775756836,-2.446150064468384
7233,2.609553813934326,-2.81643009185791
7234,2.139788866043091,-2.3015286922454834
7235,2.0790257453918457,-2.987103223800659
7236,2.5235934257507324,-2.79545521736145
7237,2.5240461826324463,-2.758936882019043
7238,2.337327003479004,-3.020995855331421
7239,2.4503684043884277,-2.8680341243743896
7240,2.3808393478393555,-2.837674856185913
7241,2.29034423828125,-2.6741271018981934
7242,1.971919298171997,-2.3342151641845703
7243,2.287541627883911,-2.798330307006836
7244,2.42747163772583,-2.905602216720581
7245,2.1485071182250977,-2.8866002559661865
7246,2.4821810722351074,-2.963047981262207
7247,2.5362753868103027,-2.955655813217163
7248,2.181030750274658,-2.544485092163086
7249,2.3216660022735596,-2.600476026535034
7250,2.541654109954834,-2.515141487121582
7251,2.5777344703674316,-2.5342893600463867
7252,2.5600099563598633,-2.9634451866149902
7253,2.518479824066162,-2.8920464515686035
7254,2.1789116859436035,-2.825915813446045
7255,2.5900521278381348,-3.0187697410583496
7256,2.259765148162842,-2.1372644901275635
7257,2.295276165008545,-2.4428822994232178
7258,2.2429769039154053,-2.719874620437622
7259,2.4108080863952637,-3.2862818241119385
7260,2.5926759243011475,-2.411620855331421
7261,2.411891460418701,-2.823188066482544
7262,2.3276495933532715,-2.931365966796875
7263,2.1216673851013184,-2.4673686027526855
7264,2.334986686706543,-2.6609442234039307
7265,2.2401790618896484,-2.739710807800293
7266,2.2456836700439453,-2.393265724182129
7267,2.350034236907959,-2.5519280433654785
7268,2.1467714309692383,-2.601530075073242
7269,2.201528787612915,-2.428084135055542
7270,2.4478211402893066,-2.9489760398864746
7271,2.557461738586426,-2.81010365486145
7272,2.398890972137451,-2.853518486022949
7273,2.0082509517669678,-2.447798252105713
7274,2.3534278869628906,-3.3193132877349854
7275,2.2907562255859375,-2.7707741260528564
7276,2.420051336288452,-2.7967617511749268
7277,2.546412944793701,-3.154390573501587
7278,2.455336093902588,-3.12435245513916
7279,2.469576835632324,-2.8257830142974854
7280,2.1597185134887695,-2.963986873626709
7281,2.313717842102051,-2.538478136062622
7282,2.256392002105713,-2.9362800121307373
7283,1.995331048965454,-2.8595921993255615
7284,2.354593276977539,-2.754474401473999
7285,1.9793384075164795,-2.757943630218506
7286,2.5617361068725586,-2.5928497314453125
7287,2.226257801055908,-2.605644464492798
7288,2.489377021789551,-2.8372011184692383
7289,2.230058193206787,-2.803171396255493
7290,2.2883620262145996,-2.8826839923858643
7291,2.1096677780151367,-2.7582106590270996
7292,2.542109489440918,-2.842987298965454
7293,2.157532215118408,-3.0316038131713867
7294,2.0797717571258545,-2.449716567993164
7295,2.1950783729553223,-2.11472225189209
7296,2.2327728271484375,-2.724722385406494
7297,2.3550562858581543,-2.730841636657715
7298,2.6918022632598877,-2.8723981380462646
7299,2.4273593425750732,-3.091815233230591
7300,2.577058792114258,-2.910738468170166
7301,2.2149250507354736,-2.3740768432617188
7302,2.302863597869873,-2.3642892837524414
7303,2.548759937286377,-2.4322142601013184
7304,2.543586254119873,-2.676521062850952
7305,2.33213472366333,-2.902764320373535
7306,2.322384834289551,-2.8718302249908447
7307,2.458862066268921,-2.654397964477539
7308,2.2241320610046387,-2.6678965091705322
7309,2.088728427886963,-2.273704767227173
7310,2.2118191719055176,-2.6659247875213623
7311,2.5141713619232178,-2.928241491317749
7312,2.072683334350586,-2.57083797454834
7313,2.2532958984375,-3.049983263015747
7314,2.125716209411621,-2.576864719390869
7315,2.0587122440338135,-2.527064323425293
7316,1.8478771448135376,-2.4127562046051025
7317,2.20451021194458,-2.6066887378692627
7318,2.1721882820129395,-2.5178706645965576
7319,2.1889586448669434,-2.73445987701416
7320,2.3247785568237305,-2.535900354385376
7321,2.361298084259033,-2.7415077686309814
7322,1.9247963428497314,-2.2506284713745117
7323,2.657038688659668,-3.038287401199341
7324,2.248946189880371,-2.9679510593414307
7325,2.636218786239624,-2.5475995540618896
7326,2.2142934799194336,-2.2721893787384033
7327,2.444051742553711,-2.949152946472168
7328,2.3649063110351562,-2.330700635910034
7329,2.2871503829956055,-2.588993549346924
7330,2.688472270965576,-3.284916639328003
7331,2.173773765563965,-2.5367538928985596
7332,2.8362388610839844,-2.758453369140625
7333,2.365345001220703,-2.707138776779175
7334,2.3644111156463623,-2.6253113746643066
7335,2.0944817066192627,-2.2325823307037354
7336,2.2568788528442383,-2.5175669193267822
7337,2.1913015842437744,-2.9979043006896973
7338,2.1189866065979004,-2.559314489364624
7339,2.1694607734680176,-2.4177255630493164
7340,2.0366601943969727,-1.8320648670196533
7341,2.453031539916992,-2.5453367233276367
7342,2.0239555835723877,-2.4995193481445312
7343,2.221534013748169,-2.558088779449463
7344,2.276632070541382,-2.704216957092285
7345,2.3258776664733887,-2.8820552825927734
7346,2.0939488410949707,-2.9968864917755127
7347,2.2699804306030273,-3.042720079421997
7348,2.532642364501953,-2.6686840057373047
7349,2.7692484855651855,-2.844452142715454
7350,2.1746931076049805,-2.650386333465576
7351,2.840298652648926,-2.4523661136627197
7352,2.0254340171813965,-2.181694984436035
7353,2.4677629470825195,-3.117547035217285
7354,1.9351381063461304,-2.980841875076294
7355,2.357438564300537,-2.794538974761963
7356,2.075416088104248,-2.577157974243164
7357,2.1576380729675293,-2.6508114337921143
7358,2.2067832946777344,-2.1819636821746826
7359,2.227778911590576,-2.628371000289917
7360,2.311429023742676,-2.710206985473633
7361,2.1097214221954346,-3.1393585205078125
7362,2.344485282897949,-3.237173080444336
7363,2.7321391105651855,-2.574387550354004
7364,2.0392706394195557,-2.108870267868042
7365,2.2204484939575195,-2.2910239696502686
7366,2.13722825050354,-2.8149664402008057
7367,2.1901073455810547,-2.9828555583953857
7368,2.262694835662842,-2.754885673522949
7369,2.3115792274475098,-2.6957943439483643
7370,2.6105690002441406,-2.7936716079711914
7371,1.9514048099517822,-2.430682420730591
7372,2.291822910308838,-3.092864990234375
7373,2.5312464237213135,-2.057934045791626
7374,2.310070276260376,-2.743976354598999
7375,2.2095861434936523,-2.1224827766418457
7376,2.4231486320495605,-2.6884098052978516
7377,2.528975009918213,-2.468388319015503
7378,2.4089150428771973,-3.0787198543548584
7379,2.276348114013672,-2.4997010231018066
7380,2.260246992111206,-2.604616165161133
7381,2.2921061515808105,-2.615452527999878
7382,2.4803099632263184,-3.079495906829834
7383,2.4093282222747803,-2.35837721824646
7384,2.4247255325317383,-2.747720241546631
7385,2.394082546234131,-2.7028110027313232
7386,1.9125404357910156,-2.54464054107666
7387,2.598330020904541,-2.5452194213867188
7388,2.1292002201080322,-2.337203025817871
7389,2.55722713470459,-2.6777706146240234
7390,2.5791609287261963,-2.9574692249298096
7391,2.1665754318237305,-2.1889421939849854
7392,2.336672306060791,-2.3368916511535645
7393,2.328022003173828,-2.749741792678833
7394,2.2682509422302246,-2.5639328956604004
7395,2.405244827270508,-2.476395606994629
7396,1.9483799934387207,-1.9745668172836304
7397,2.551246166229248,-2.718912124633789
7398,2.3110716342926025,-2.726576328277588
7399,2.2582807540893555,-3.2845444679260254
7400,2.196207284927368,-2.038646697998047
7401,2.169370174407959,-1.9385347366333008
7402,2.2570645809173584,-2.6967740058898926
7403,2.1136586666107178,-2.1134133338928223
7404,2.136894941329956,-2.8131914138793945
7405,2.55350923538208,-2.7844924926757812
7406,2.3085544109344482,-2.4279897212982178
7407,1.9375276565551758,-2.2239301204681396
7408,2.397958993911743,-2.8241968154907227
7409,2.352550506591797,-2.5651824474334717
7410,2.192601442337036,-2.5112335681915283
7411,2.112056016921997,-2.7571170330047607
7412,2.48225998878479,-2.523052453994751
7413,2.3619637489318848,-2.9805986881256104
7414,2.511209487915039,-2.938584327697754
7415,2.3024206161499023,-2.4924538135528564
7416,2.1999688148498535,-2.699357509613037
7417,2.306445598602295,-2.5491247177124023
7418,2.2026968002319336,-2.5734262466430664
7419,2.3015708923339844,-2.4830358028411865
7420,2.284022331237793,-3.0524895191192627
7421,2.064877986907959,-2.2492072582244873
7422,2.3148794174194336,-2.3151252269744873
7423,2.3573100566864014,-2.4862990379333496
7424,2.1152138710021973,-2.858416795730591
7425,1.9536560773849487,-2.621502161026001
7426,1.994498610496521,-2.087942600250244
7427,2.1289572715759277,-2.7964682579040527
7428,2.120556116104126,-2.971038818359375
7429,2.036116361618042,-2.7643537521362305
7430,2.2240548133850098,-2.4468586444854736
7431,2.331125497817993,-2.4225432872772217
7432,2.199918746948242,-2.547823429107666
7433,2.036604881286621,-2.446458339691162
7434,2.2505393028259277,-2.8248414993286133
7435,2.2769651412963867,-2.664964199066162
7436,2.4730887413024902,-2.6445722579956055
7437,2.1058788299560547,-2.483747959136963
7438,2.259309768676758,-2.885214328765869
7439,2.3413052558898926,-2.623317241668701
7440,2.202571392059326,-2.0665225982666016
7441,2.466358184814453,-2.3854684829711914
7442,2.095561981201172,-2.073253870010376
7443,2.8356170654296875,-2.728123188018799
7444,2.7778139114379883,-2.4912984371185303
7445,2.2838690280914307,-2.2846646308898926
7446,2.230189800262451,-2.319951295852661
7447,2.136786460876465,-2.3425071239471436
7448,2.2907514572143555,-2.5440211296081543
7449,2.234294891357422,-2.198427677154541
7450,2.683824062347412,-2.9680092334747314
7451,2.3456435203552246,-2.222731828689575
7452,2.2648978233337402,-2.3813817501068115
7453,2.271069049835205,-2.085285186767578
7454,2.238527297973633,-2.845660448074341
7455,2.1369707584381104,-2.519615888595581
7456,2.6460118293762207,-3.1083571910858154
7457,2.38423228263855,-2.690955877304077
7458,2.2534689903259277,-2.9965500831604004
7459,2.1515588760375977,-2.927058458328247
7460,2.4342496395111084,-3.314049005508423
7461,2.5273377895355225,-2.868234157562256
7462,2.189953327178955,-2.659200668334961
7463,2.1149189472198486,-2.38226318359375
7464,2.463193893432617,-2.916041612625122
7465,2.382845878601074,-2.6599435806274414
7466,2.218625545501709,-2.172441005706787
7467,2.187959671020508,-2.5120177268981934
7468,2.2565979957580566,-2.8739795684814453
7469,2.1075453758239746,-2.566246747970581
7470,2.1515135765075684,-2.9291532039642334
7471,2.098207950592041,-2.4127678871154785
7472,2.0899877548217773,-2.818417549133301
7473,2.154294490814209,-2.6733100414276123
7474,2.844797134399414,-2.4405081272125244
7475,2.007124900817871,-2.610670566558838
7476,2.4522111415863037,-2.733790636062622
7477,2.3693158626556396,-2.6466338634490967
7478,2.282931327819824,-2.3914926052093506
7479,2.4404430389404297,-2.437911033630371
7480,2.615687847137451,-2.819399356842041
7481,2.0901105403900146,-2.1427440643310547
7482,2.371351718902588,-2.7101833820343018
7483,2.280783176422119,-2.4313597679138184
7484,2.3898167610168457,-2.8837368488311768
7485,2.1718320846557617,-1.9915522336959839
7486,2.1412479877471924,-2.764998435974121
7487,2.7740964889526367,-2.5394089221954346
7488,2.3860878944396973,-2.0794968605041504
7489,2.203885078430176,-2.356316566467285
7490,2.4548468589782715,-2.566556453704834
7491,2.4307384490966797,-2.472323417663574
7492,2.0229668617248535,-2.2263100147247314
7493,2.38828182220459,-2.4501781463623047
7494,2.4268338680267334,-2.749791145324707
7495,2.162968158721924,-2.2994611263275146
7496,2.3965303897857666,-2.255582809448242
7497,2.1727418899536133,-2.9653851985931396
7498,2.566842794418335,-2.640688180923462
7499,2.257040023803711,-2.0722670555114746
7500,2.20554780960083,-2.42244291305542
7501,2.690861940383911,-2.320190191268921
7502,2.3434391021728516,-2.4693026542663574
7503,2.3654537200927734,-2.0490190982818604
7504,2.3580403327941895,-2.502713680267334
7505,2.169834852218628,-2.2443289756774902
7506,2.191744804382324,-1.9966565370559692
7507,2.3266429901123047,-2.449018716812134
7508,2.109963893890381,-2.3238742351531982
7509,2.466215133666992,-2.3371782302856445
7510,2.3847439289093018,-2.7191953659057617
7511,2.179719924926758,-2.124920129776001
7512,2.0640478134155273,-1.9397835731506348
7513,2.1628241539001465,-2.7822933197021484
7514,2.341970920562744,-2.751784086227417
7515,2.479180335998535,-1.8957775831222534
7516,2.434998035430908,-2.613132953643799
7517,2.4012794494628906,-2.700617790222168
7518,2.1317923069000244,-2.2258620262145996
7519,1.9870543479919434,-2.461494207382202
7520,2.319667100906372,-2.1356265544891357
7521,2.187173366546631,-3.0436391830444336
7522,2.189714193344116,-2.615077257156372
7523,2.058109998703003,-2.3823282718658447
7524,2.1446774005889893,-1.9017024040222168
7525,2.2169406414031982,-2.5744857788085938
7526,2.145644187927246,-2.5544626712799072
7527,2.4877638816833496,-2.292141914367676
7528,2.2163166999816895,-2.179229259490967
7529,2.164825677871704,-2.1228342056274414
7530,2.050114154815674,-2.020143508911133
7531,2.2041478157043457,-3.055060386657715
7532,2.142545700073242,-2.744720220565796
7533,2.235957145690918,-2.301703691482544
7534,2.4087934494018555,-2.9078662395477295
7535,2.595860481262207,-3.064760684967041
7536,2.367816925048828,-2.055391550064087
7537,2.283005714416504,-2.555457830429077
7538,2.5545592308044434,-2.7645745277404785
7539,2.2292447090148926,-2.5185298919677734
7540,2.4555423259735107,-2.4213738441467285
7541,2.3446836471557617,-2.8359603881835938
7542,2.1707088947296143,-2.7115120887756348
7543,2.111912727355957,-2.4049973487854004
7544,2.1866331100463867,-2.9422807693481445
7545,2.4094290733337402,-2.045630693435669
7546,2.2688746452331543,-2.414583206176758
7547,2.2925171852111816,-2.638347864151001
7548,2.195584297180176,-2.349045753479004
7549,2.3144402503967285,-2.368001937866211
7550,2.394932746887207,-2.6274564266204834
7551,2.2818031311035156,-2.773683547973633
7552,2.229623317718506,-2.674712896347046
7553,2.363985061645508,-2.1862382888793945
7554,2.0555646419525146,-1.8783140182495117
7555,2.349820613861084,-2.2994844913482666
7556,2.4578394889831543,-2.2166264057159424
7557,2.232524871826172,-1.9967035055160522
7558,2.325437068939209,-2.4640069007873535
7559,2.237368583679199,-3.1071250438690186
7560,2.3711066246032715,-1.801604151725769
7561,2.460209369659424,-2.0418505668640137
7562,2.0684962272644043,-2.6257717609405518
7563,2.0505800247192383,-2.2322452068328857
7564,2.0443944931030273,-2.259300947189331
7565,2.384310245513916,-2.666717767715454
7566,2.2228517532348633,-2.4911811351776123
7567,2.1953964233398438,-2.6193554401397705
7568,2.0083847045898438,-2.2300899028778076
7569,2.5025787353515625,-2.5595169067382812
7570,2.6659698486328125,-2.1005051136016846
7571,2.429830551147461,-2.2509472370147705
7572,2.9583449363708496,-2.2733511924743652
7573,2.3622121810913086,-2.745070219039917
7574,2.3740997314453125,-2.729177951812744
7575,2.630535364151001,-2.555884599685669
7576,2.8248186111450195,-2.976184129714966
7577,2.5403082370758057,-2.9314980506896973
7578,2.462977409362793,-2.4993300437927246
7579,2.296435832977295,-2.479753255844116
7580,2.406151294708252,-2.6789801120758057
7581,2.470714569091797,-2.8247900009155273
7582,2.2778220176696777,-2.3500542640686035
7583,2.4206409454345703,-2.2944085597991943
7584,2.129505157470703,-2.6319141387939453
7585,2.0969114303588867,-2.499502182006836
7586,2.1133337020874023,-2.529366970062256
7587,2.299778461456299,-2.268508195877075
7588,2.6499013900756836,-2.738157033920288
7589,2.1243555545806885,-2.432626724243164
7590,2.241272449493408,-2.221529960632324
7591,2.434751272201538,-2.7185375690460205
7592,2.1434736251831055,-2.1696319580078125
7593,2.4481492042541504,-2.4043819904327393
7594,2.223072052001953,-2.4104394912719727
7595,2.470254898071289,-2.43557071685791
7596,2.366584300994873,-2.5803470611572266
7597,2.067394495010376,-2.372476577758789
7598,2.3514420986175537,-2.9158031940460205
7599,2.234318256378174,-2.6613221168518066
7600,2.1972742080688477,-2.503420114517212
7601,2.078010082244873,-2.787060022354126
7602,2.1948165893554688,-1.9937556982040405
7603,2.2265429496765137,-1.9165476560592651
7604,2.266957998275757,-2.5277318954467773
7605,2.464076519012451,-2.360865592956543
7606,2.4754350185394287,-2.327136516571045
7607,2.2614517211914062,-3.012753486633301
7608,2.1634011268615723,-2.7448809146881104
7609,2.3106136322021484,-2.191196918487549
7610,2.2373647689819336,-2.5516610145568848
7611,2.583095073699951,-2.254260301589966
7612,2.243561029434204,-2.3209593296051025
7613,2.612427234649658,-3.2707901000976562
7614,2.157660484313965,-2.1065306663513184
7615,2.5876574516296387,-2.528714656829834
7616,2.0685486793518066,-2.365586757659912
7617,2.218595504760742,-2.7287933826446533
7618,2.3347768783569336,-2.4260599613189697
7619,2.0109901428222656,-2.438636064529419
7620,2.175971031188965,-2.507011890411377
7621,2.1758077144622803,-2.900247097015381
7622,2.2587265968322754,-2.4934678077697754
7623,2.015117645263672,-2.5363245010375977
7624,1.9416725635528564,-2.6362478733062744
7625,2.23032546043396,-2.724215507507324
7626,2.6124634742736816,-2.4482719898223877
7627,2.191387414932251,-2.640378713607788
7628,2.401036262512207,-2.7673447132110596
7629,2.308208465576172,-2.6873013973236084
7630,2.3524932861328125,-2.5423576831817627
7631,2.099923610687256,-2.681765079498291
7632,2.2684450149536133,-2.1110587120056152
7633,2.1771793365478516,-2.384617567062378
7634,2.1165671348571777,-2.5053305625915527
7635,2.1697888374328613,-2.1778173446655273
7636,2.41723895072937,-2.916741371154785
7637,2.2266178131103516,-2.423266649246216
7638,2.3425111770629883,-2.435389518737793
7639,1.9634424448013306,-2.1373538970947266
7640,2.231212615966797,-2.6316769123077393
7641,2.0091660022735596,-2.202479362487793
7642,2.2561893463134766,-2.633601427078247
7643,2.4035537242889404,-2.5087087154388428
7644,2.3480119705200195,-2.533562421798706
7645,2.2989213466644287,-2.3956093788146973
7646,2.214231491088867,-2.4899137020111084
7647,2.2081809043884277,-2.1919736862182617
7648,2.1600942611694336,-2.4691574573516846
7649,1.9871116876602173,-2.6083710193634033
7650,2.3145463466644287,-1.9631820917129517
7651,1.9385466575622559,-1.7935004234313965
7652,2.28878116607666,-2.3142528533935547
7653,2.3289012908935547,-2.552633047103882
7654,2.327481985092163,-2.7640137672424316
7655,2.227280378341675,-2.3877975940704346
7656,2.357285499572754,-2.477721929550171
7657,2.3719730377197266,-2.3712151050567627
7658,2.3464035987854004,-1.996280312538147
7659,2.218355178833008,-2.619576930999756
7660,2.184644937515259,-2.176720380783081
7661,2.479612350463867,-2.3714253902435303
7662,2.126678466796875,-2.272059679031372
7663,2.1609437465667725,-2.6675565242767334
7664,2.244433879852295,-2.201281785964966
7665,2.4304192066192627,-2.6377172470092773
7666,2.204948902130127,-2.4859349727630615
7667,2.419008255004883,-2.4677982330322266
7668,2.219933032989502,-2.340761661529541
7669,2.4797582626342773,-2.484342098236084
7670,1.976844310760498,-2.1600587368011475
7671,2.6524710655212402,-2.2477123737335205
7672,2.3346476554870605,-2.4387197494506836
7673,2.003671646118164,-1.8148984909057617
7674,2.6622419357299805,-2.274409055709839
7675,2.443157911300659,-2.2515439987182617
7676,2.5373151302337646,-2.9313361644744873
7677,2.389857292175293,-2.041980504989624
7678,2.1738290786743164,-2.5746238231658936
7679,2.504596471786499,-2.3241498470306396
7680,2.64835262298584,-2.2782952785491943
7681,2.3927650451660156,-2.3401100635528564
7682,2.5576233863830566,-2.078538656234741
7683,2.803987503051758,-1.8454028367996216
7684,2.337815284729004,-2.073723793029785
7685,2.542994499206543,-1.905788779258728
7686,2.1588540077209473,-2.1905181407928467
7687,2.2840232849121094,-2.585977554321289
7688,2.5899572372436523,-2.433290958404541
7689,2.3445048332214355,-1.952986478805542
7690,2.4880270957946777,-2.2517454624176025
7691,2.5174059867858887,-2.396338701248169
7692,2.3903262615203857,-2.7701330184936523
7693,2.296647548675537,-2.2820961475372314
7694,2.387784004211426,-2.2316408157348633
7695,2.3044440746307373,-2.3408288955688477
7696,2.0480763912200928,-2.188596248626709
7697,2.3049204349517822,-2.1217212677001953
7698,2.401510238647461,-2.4280576705932617
7699,2.2392780780792236,-2.6074981689453125
7700,2.531214475631714,-2.3649091720581055
7701,2.570174217224121,-2.0869979858398438
7702,2.484579563140869,-2.1125524044036865
7703,2.3364200592041016,-2.243499755859375
7704,2.2749581336975098,-2.094878911972046
7705,2.328935146331787,-2.347562789916992
7706,2.3218164443969727,-2.3511290550231934
7707,2.734168529510498,-1.9000484943389893
7708,1.9504821300506592,-1.8943475484848022
7709,2.1877410411834717,-2.3818399906158447
7710,2.332648277282715,-2.356907844543457
7711,2.421994209289551,-2.652170181274414
7712,2.0735127925872803,-2.2728660106658936
7713,2.335070848464966,-2.3123130798339844
7714,2.2416584491729736,-2.5009777545928955
7715,2.071509838104248,-1.9380652904510498
7716,2.528914451599121,-2.3916027545928955
7717,2.1089930534362793,-2.4715678691864014
7718,2.47538423538208,-2.8153867721557617
7719,2.2315316200256348,-1.9822676181793213
7720,2.5602102279663086,-2.139713764190674
7721,2.565279006958008,-2.1057467460632324
7722,2.1847827434539795,-2.290360450744629
7723,1.9782118797302246,-2.5523979663848877
7724,2.489130973815918,-2.2185535430908203
7725,2.3442258834838867,-2.418753147125244
7726,2.2138280868530273,-2.6459124088287354
7727,2.5518693923950195,-2.616156816482544
7728,2.216857433319092,-2.454420328140259
7729,2.5966806411743164,-2.468801498413086
7730,2.4542999267578125,-2.4927704334259033
7731,2.3673548698425293,-2.3615097999572754
7732,2.3960914611816406,-2.4334301948547363
7733,2.0640738010406494,-2.254019021987915
7734,2.323021411895752,-2.284926414489746
7735,2.3421669006347656,-2.2220380306243896
7736,2.4354171752929688,-1.8453885316848755
7737,2.2630040645599365,-2.3928682804107666
7738,2.58787202835083,-2.309394598007202
7739,2.613736629486084,-2.2852632999420166
7740,2.2583084106445312,-2.721794366836548
7741,2.0607690811157227,-1.9916694164276123
7742,2.2772879600524902,-2.2722971439361572
7743,2.5300498008728027,-2.6647772789001465
7744,2.164290428161621,-2.3843841552734375
7745,2.2069780826568604,-2.1383113861083984
7746,2.4262070655822754,-2.510739803314209
7747,2.247933864593506,-1.562279224395752
7748,2.4921610355377197,-2.531784772872925
7749,2.0099804401397705,-2.666612148284912
7750,2.1391611099243164,-2.4517126083374023
7751,2.4586143493652344,-2.030292510986328
7752,2.4787471294403076,-2.1309709548950195
7753,2.1998090744018555,-2.1595871448516846
7754,2.0879011154174805,-2.1865124702453613
7755,2.1777710914611816,-2.4037256240844727
7756,2.5752577781677246,-2.799152135848999
7757,2.3698599338531494,-1.8020461797714233
7758,1.9875527620315552,-2.0411934852600098
7759,2.315929889678955,-2.4278981685638428
7760,2.1309704780578613,-2.3814961910247803
7761,2.195098876953125,-2.4105288982391357
7762,2.007155418395996,-1.9767749309539795
7763,1.9951016902923584,-2.069509983062744
7764,1.985442876815796,-2.2420265674591064
7765,2.2834324836730957,-2.1809744834899902
7766,2.2256171703338623,-1.9806361198425293
7767,2.6190595626831055,-2.665473699569702
7768,2.263573169708252,-2.6390368938446045
7769,2.3364953994750977,-1.8729323148727417
7770,2.191121816635132,-2.2445950508117676
7771,2.264883279800415,-2.4911293983459473
7772,2.0356688499450684,-2.9194397926330566
7773,2.147254467010498,-2.2429168224334717
7774,2.128605365753174,-2.5610644817352295
7775,2.643831253051758,-2.7764360904693604
7776,2.351969003677368,-2.247166156768799
7777,2.349663734436035,-1.9068806171417236
7778,2.576061725616455,-2.1004831790924072
7779,2.3498647212982178,-2.2350080013275146
7780,2.483036518096924,-2.2367353439331055
7781,2.3441622257232666,-2.0380074977874756
7782,2.196192741394043,-2.3863754272460938
7783,2.381997585296631,-2.699855327606201
7784,2.2084555625915527,-2.221439838409424
7785,2.2580084800720215,-2.4771311283111572
7786,2.093510150909424,-2.237572431564331
7787,2.338320732116699,-2.1559810638427734
7788,2.2206268310546875,-2.1536993980407715
7789,2.136723518371582,-2.5398943424224854
7790,2.348926544189453,-2.4915740489959717
7791,2.135254383087158,-2.197913885116577
7792,2.281890392303467,-2.6991262435913086
7793,2.3399174213409424,-2.5466625690460205
7794,2.205994129180908,-2.573732614517212
7795,1.984445571899414,-2.155102491378784
7796,2.513502597808838,-2.3423399925231934
7797,2.3254895210266113,-2.6930737495422363
7798,2.080871105194092,-2.0650241374969482
7799,1.996356725692749,-1.683046579360962
7800,2.4856467247009277,-1.9579483270645142
7801,2.1909375190734863,-2.398218870162964
7802,2.2202205657958984,-2.0592570304870605
7803,2.047891139984131,-2.0689756870269775
7804,2.4110398292541504,-2.4095609188079834
7805,2.0407555103302,-2.307253360748291
7806,2.2016007900238037,-2.275085687637329
7807,2.043485641479492,-2.1034860610961914
7808,2.298232078552246,-2.3934478759765625
7809,2.177264928817749,-2.2301502227783203
7810,2.1044206619262695,-2.354679822921753
7811,2.140326499938965,-2.100625991821289
7812,2.371899127960205,-2.290107488632202
7813,2.250854969024658,-2.281585693359375
7814,2.191911220550537,-2.388604164123535
7815,2.3666553497314453,-2.1622989177703857
7816,2.573991298675537,-2.807445764541626
7817,2.05405855178833,-2.692099094390869
7818,2.189201593399048,-2.016223192214966
7819,2.2551870346069336,-2.2051944732666016
7820,2.3961844444274902,-2.1767163276672363
7821,2.132124185562134,-2.6120781898498535
7822,2.51958966255188,-2.4449493885040283
7823,2.275125026702881,-2.4764740467071533
7824,2.5831098556518555,-2.2845160961151123
7825,2.1178412437438965,-1.828513503074646
7826,2.2459588050842285,-2.2652273178100586
7827,2.2191405296325684,-2.1624350547790527
7828,2.2265625,-2.083570957183838
7829,2.3201754093170166,-2.3492074012756348
7830,2.5324058532714844,-2.374756336212158
7831,2.151529312133789,-2.5592682361602783
7832,2.307713031768799,-2.352828025817871
7833,2.2926254272460938,-2.2327005863189697
7834,2.305175304412842,-2.127721071243286
7835,2.0923361778259277,-2.387650728225708
7836,2.102443218231201,-2.443812608718872
7837,2.5994462966918945,-2.377739191055298
7838,2.3924379348754883,-2.2996976375579834
7839,2.336332321166992,-1.8716474771499634
7840,2.4130868911743164,-2.1410346031188965
7841,2.1754865646362305,-2.0101351737976074
7842,2.198984384536743,-1.9278644323349
7843,2.152371883392334,-2.124495267868042
7844,2.1996726989746094,-2.2894163131713867
7845,2.231383800506592,-1.9665526151657104
7846,2.1368215084075928,-2.6963629722595215
7847,2.412137985229492,-2.302030086517334
7848,2.0409955978393555,-2.2146427631378174
7849,2.0756378173828125,-2.4430394172668457
7850,2.391876220703125,-2.3973140716552734
7851,2.2222800254821777,-1.8621143102645874
7852,2.3110408782958984,-2.4809987545013428
7853,2.6205215454101562,-1.9694914817810059
7854,2.655081272125244,-2.5560176372528076
7855,2.108888626098633,-2.2860443592071533
7856,2.140916585922241,-2.06742787361145
7857,2.776188373565674,-2.0867667198181152
7858,2.0842509269714355,-1.9578955173492432
7859,2.0915846824645996,-2.510627031326294
7860,2.1544854640960693,-2.345320701599121
7861,2.6473965644836426,-2.3742165565490723
7862,2.330963611602783,-2.5642998218536377
7863,2.2774815559387207,-2.111618757247925
7864,2.2696070671081543,-2.276831865310669
7865,2.2789556980133057,-2.5369014739990234
7866,2.2979466915130615,-2.1099112033843994
7867,2.3311612606048584,-2.3301618099212646
7868,2.1958436965942383,-2.484977960586548
7869,2.2058286666870117,-2.093194007873535
7870,2.2717597484588623,-2.008732318878174
7871,2.3816375732421875,-1.8005846738815308
7872,2.3517403602600098,-2.192166328430176
7873,2.5534934997558594,-2.0078837871551514
7874,1.9987330436706543,-2.2239670753479004
7875,2.4860949516296387,-1.9867117404937744
7876,2.0836305618286133,-1.9648051261901855
7877,2.2485618591308594,-2.024456739425659
7878,2.061516761779785,-2.119188070297241
7879,2.453958511352539,-2.1678388118743896
7880,2.2862634658813477,-2.045785903930664
7881,2.036532402038574,-1.8997710943222046
7882,2.0225019454956055,-2.22102427482605
7883,2.3954639434814453,-2.088818073272705
7884,2.13702392578125,-2.059446096420288
7885,2.0651230812072754,-2.1176929473876953
7886,2.378575086593628,-2.392646074295044
7887,2.042329788208008,-2.2832040786743164
7888,2.1524698734283447,-1.947555661201477
7889,1.9520909786224365,-1.9014604091644287
7890,2.242584228515625,-2.074955701828003
7891,2.124401092529297,-1.9128997325897217
7892,2.4729766845703125,-2.451610803604126
7893,2.441035747528076,-1.7873371839523315
7894,2.237032651901245,-2.1663713455200195
7895,2.256782293319702,-2.120847225189209
7896,2.167173147201538,-2.5011188983917236
7897,2.1360933780670166,-2.268024444580078
7898,2.1677045822143555,-1.8267834186553955
7899,2.0817952156066895,-2.307957649230957
7900,2.0009660720825195,-1.6296212673187256
7901,2.361029624938965,-2.4478702545166016
7902,2.30489444732666,-2.169781446456909
7903,2.165072441101074,-3.0033047199249268
7904,2.0488948822021484,-2.0222275257110596
7905,1.9921386241912842,-2.137319564819336
7906,2.265261173248291,-2.3010313510894775
7907,1.9246485233306885,-2.2861156463623047
7908,2.380615234375,-2.740447998046875
7909,2.1027159690856934,-1.9816862344741821
7910,2.2731080055236816,-2.3055307865142822
7911,2.4734175205230713,-2.2724878787994385
7912,2.298215389251709,-2.123445749282837
7913,2.1877944469451904,-2.335453510284424
7914,2.2048988342285156,-2.0812666416168213
7915,2.240387439727783,-2.2452597618103027
7916,2.219834327697754,-1.7239991426467896
7917,2.300795078277588,-1.9936012029647827
7918,2.170123815536499,-1.912748098373413
7919,2.4804444313049316,-2.219494581222534
7920,2.3729407787323,-1.9051260948181152
7921,2.2999157905578613,-2.200840950012207
7922,2.206944227218628,-1.9389930963516235
7923,1.9614052772521973,-2.0803444385528564
7924,2.421266555786133,-2.4473154544830322
7925,2.1845479011535645,-2.216895818710327
7926,2.1681604385375977,-1.828572392463684
7927,2.1964097023010254,-1.920081615447998
7928,2.2654166221618652,-2.2025957107543945
7929,2.5530314445495605,-2.268214464187622
7930,2.1664953231811523,-2.088893175125122
7931,2.213639736175537,-1.7485934495925903
7932,2.4823954105377197,-2.047396183013916
7933,2.2520806789398193,-2.1910793781280518
7934,2.4401631355285645,-2.404550790786743
7935,2.8559823036193848,-2.2600460052490234
7936,2.211470127105713,-2.467148542404175
7937,2.195099353790283,-2.268035888671875
7938,2.249218463897705,-2.172255516052246
7939,2.1145663261413574,-1.9525517225265503
7940,2.038407802581787,-2.106567621231079
7941,1.996700406074524,-1.964732050895691
7942,2.170703172683716,-1.836890697479248
7943,2.4475762844085693,-2.2678966522216797
7944,1.9102115631103516,-2.0179619789123535
7945,2.2748756408691406,-2.0488364696502686
7946,2.2248587608337402,-2.084059476852417
7947,1.8333337306976318,-2.1500253677368164
7948,2.3016319274902344,-2.152947187423706
7949,2.377700090408325,-2.1783909797668457
7950,1.9915603399276733,-1.9200783967971802
7951,2.054271697998047,-2.390434980392456
7952,2.383455276489258,-2.239445447921753
7953,1.983799934387207,-2.003542184829712
7954,2.327284574508667,-1.9219136238098145
7955,2.425952434539795,-2.362154006958008
7956,2.2204880714416504,-2.093648910522461
7957,2.0774316787719727,-1.8662413358688354
7958,2.019538164138794,-1.903682827949524
7959,2.261559009552002,-2.225557804107666
7960,2.191889524459839,-2.035275459289551
7961,1.89936363697052,-2.2937629222869873
7962,2.4108214378356934,-2.027066707611084
7963,2.240969657897949,-2.069762945175171
7964,2.117276191711426,-1.9011515378952026
7965,2.515475273132324,-2.31290340423584
7966,2.4957661628723145,-2.085921287536621
7967,2.022503137588501,-2.059293508529663
7968,2.8018903732299805,-2.0541696548461914
7969,2.3343420028686523,-2.262751579284668
7970,2.05757212638855,-1.9813027381896973
7971,2.1306073665618896,-1.869558572769165
7972,1.864396095275879,-2.4147515296936035
7973,2.1219348907470703,-2.0374746322631836
7974,2.4361581802368164,-2.2540907859802246
7975,2.5862064361572266,-2.1027028560638428
7976,2.1658992767333984,-1.8613481521606445
7977,2.2875583171844482,-2.18330454826355
7978,2.0893476009368896,-2.117326259613037
7979,2.2510571479797363,-2.5695157051086426
7980,2.093294143676758,-2.23854398727417
7981,2.30832839012146,-2.5294110774993896
7982,2.480133056640625,-2.208578586578369
7983,1.8463358879089355,-2.2171356678009033
7984,2.369657039642334,-2.2326271533966064
7985,2.259243965148926,-1.6663222312927246
7986,2.2645773887634277,-1.7824468612670898
7987,2.117948532104492,-2.534710645675659
7988,2.014950752258301,-2.2058849334716797
7989,2.0809988975524902,-1.8394314050674438
7990,2.1707534790039062,-2.1739280223846436
7991,2.5531318187713623,-1.8754043579101562
7992,2.2370471954345703,-2.2489821910858154
7993,2.0484461784362793,-1.9091354608535767
7994,2.5438051223754883,-2.203418254852295
7995,2.4721314907073975,-1.8673977851867676
7996,2.87048077583313,-2.3181679248809814
7997,2.437880516052246,-1.9376246929168701
7998,2.075253963470459,-2.134216547012329
7999,2.607722759246826,-2.121128559112549
8000,2.2069571018218994,-1.8478100299835205
8001,2.17392897605896,-2.058288335800171
8002,2.380800724029541,-2.2954530715942383
8003,2.391453266143799,-2.3033056259155273
8004,2.3505401611328125,-2.3186097145080566
8005,1.9663515090942383,-1.9439337253570557
8006,2.3052899837493896,-1.9192664623260498
8007,2.7166385650634766,-2.0187621116638184
8008,2.281432867050171,-1.9503796100616455
8009,2.1238136291503906,-2.097139835357666
8010,2.335581064224243,-2.1206271648406982
8011,2.059478759765625,-2.378364086151123
8012,2.2820944786071777,-2.0119457244873047
8013,2.2566375732421875,-1.7363557815551758
8014,2.060962438583374,-1.7518113851547241
8015,2.2943546772003174,-2.5245625972747803
8016,2.6156129837036133,-2.2082347869873047
8017,2.217770576477051,-1.8645813465118408
8018,2.4372386932373047,-2.0641427040100098
8019,2.397976875305176,-2.2312982082366943
8020,2.429067611694336,-2.2818915843963623
8021,2.2185797691345215,-2.105897903442383
8022,2.383340358734131,-1.665429949760437
8023,2.3032894134521484,-2.34818696975708
8024,2.1975700855255127,-1.7029474973678589
8025,1.9000104665756226,-1.8394514322280884
8026,2.263441801071167,-2.7169125080108643
8027,2.2762415409088135,-1.7565371990203857
8028,2.360219955444336,-1.610937476158142
8029,2.149764060974121,-1.8890817165374756
8030,2.0711703300476074,-1.8846319913864136
8031,2.0876331329345703,-1.9399888515472412
8032,2.4587883949279785,-1.9738315343856812
8033,2.019556999206543,-2.176989793777466
8034,2.0934808254241943,-2.06186580657959
8035,2.3796963691711426,-1.8848369121551514
8036,2.204195976257324,-1.5916496515274048
8037,2.2574238777160645,-2.036571741104126
8038,2.235471248626709,-1.8213218450546265
8039,1.9743038415908813,-2.083611249923706
8040,2.2298765182495117,-1.840406060218811
8041,2.012983798980713,-2.0120291709899902
8042,2.3253774642944336,-2.31363844871521
8043,2.350828170776367,-1.9885880947113037
8044,2.3478784561157227,-2.1516289710998535
8045,2.309103012084961,-1.8543438911437988
8046,2.5546011924743652,-2.0375185012817383
8047,2.184601306915283,-1.8315153121948242
8048,2.1232783794403076,-2.231172800064087
8049,2.556443214416504,-2.107806921005249
8050,2.285902500152588,-1.9998611211776733
8051,2.4327774047851562,-1.951729416847229
8052,2.243314266204834,-2.3582136631011963
8053,2.2082228660583496,-2.1391210556030273
8054,1.9269940853118896,-1.8531968593597412
8055,2.1491761207580566,-2.294407844543457
8056,2.3327977657318115,-1.9161055088043213
8057,2.0900726318359375,-2.077425479888916
8058,2.4159531593322754,-1.939367651939392
8059,2.3326351642608643,-1.926466703414917
8060,2.182209014892578,-1.9095100164413452
8061,2.3390250205993652,-1.99971604347229
8062,2.4736156463623047,-1.99896240234375
8063,2.1464247703552246,-2.0938892364501953
8064,2.1536827087402344,-2.075744867324829
8065,2.221391439437866,-1.9717144966125488
8066,1.8094443082809448,-2.1568377017974854
8067,2.0685319900512695,-1.9125304222106934
8068,2.3729429244995117,-2.4238131046295166
8069,2.3241965770721436,-1.8577367067337036
8070,2.203793525695801,-2.290930986404419
8071,2.076838493347168,-2.254443407058716
8072,2.008376121520996,-1.7387809753417969
8073,1.9309227466583252,-2.0665392875671387
8074,2.2405428886413574,-2.074153184890747
8075,2.1616268157958984,-1.9464343786239624
8076,2.2960205078125,-1.951377272605896
8077,2.183354377746582,-2.151656150817871
8078,2.2983968257904053,-2.166459321975708
8079,2.243476390838623,-2.1755640506744385
8080,2.4577574729919434,-2.2793548107147217
8081,2.024102210998535,-1.7787185907363892
8082,2.2884764671325684,-2.190458297729492
8083,2.2642617225646973,-2.2041938304901123
8084,2.5207467079162598,-2.197781562805176
8085,2.1260485649108887,-1.9263381958007812
8086,2.364614963531494,-1.9150035381317139
8087,2.1490440368652344,-1.9398504495620728
8088,2.454530954360962,-2.531071662902832
8089,2.132659912109375,-2.101045608520508
8090,2.269845724105835,-2.168297052383423
8091,2.1868600845336914,-1.8875106573104858
8092,2.5081710815429688,-1.9980016946792603
8093,2.351977825164795,-2.0302839279174805
8094,2.4798359870910645,-1.884505033493042
8095,2.265472412109375,-2.1197190284729004
8096,2.186957359313965,-1.985691785812378
8097,2.161616325378418,-1.764786958694458
8098,2.249593734741211,-1.6961947679519653
8099,2.354555130004883,-2.367755651473999
8100,2.2000885009765625,-1.6898959875106812
8101,2.317566156387329,-2.1530704498291016
8102,2.3396244049072266,-2.1115503311157227
8103,2.0546023845672607,-1.6584011316299438
8104,2.3624267578125,-1.9169905185699463
8105,2.405459403991699,-2.2736315727233887
8106,2.5657336711883545,-2.166659116744995
8107,2.7236673831939697,-2.059598922729492
8108,1.9391870498657227,-1.774985909461975
8109,2.3492188453674316,-2.028517961502075
8110,2.072807550430298,-2.2132318019866943
8111,2.229698419570923,-2.0508179664611816
8112,2.4762911796569824,-2.066521644592285
8113,2.3266682624816895,-1.98164701461792
8114,2.2519845962524414,-2.1626856327056885
8115,2.1570255756378174,-1.9259065389633179
8116,2.0622167587280273,-1.92185640335083
8117,2.604316234588623,-1.9770407676696777
8118,2.2798879146575928,-1.8990994691848755
8119,2.3393445014953613,-2.1053974628448486
8120,2.075510263442993,-1.930419921875
8121,1.9875192642211914,-1.957635760307312
8122,2.1267664432525635,-2.180485963821411
8123,1.9613878726959229,-2.3731038570404053
8124,2.111785411834717,-1.7818114757537842
8125,2.3247663974761963,-2.1981096267700195
8126,2.3034863471984863,-1.7714416980743408
8127,2.2998669147491455,-2.311915874481201
8128,2.296895742416382,-1.783459186553955
8129,1.986581802368164,-2.287212610244751
8130,2.9395270347595215,-2.176236152648926
8131,1.9227089881896973,-2.173229694366455
8132,2.0141475200653076,-2.1694934368133545
8133,2.284421920776367,-1.8967182636260986
8134,2.1013855934143066,-1.7736732959747314
8135,2.0911998748779297,-2.2806668281555176
8136,2.1366918087005615,-2.066511631011963
8137,2.167644500732422,-1.9581912755966187
8138,2.137362480163574,-1.9337366819381714
8139,2.1936182975769043,-2.035811424255371
8140,2.1779675483703613,-2.296562433242798
8141,2.1957736015319824,-1.862729787826538
8142,2.1798949241638184,-2.307755708694458
8143,2.4539318084716797,-2.1375904083251953
8144,2.1935715675354004,-2.3058393001556396
8145,2.4741616249084473,-1.8569231033325195
8146,2.359421730041504,-2.050142288208008
8147,2.0167229175567627,-1.6841641664505005
8148,2.135741710662842,-1.9198107719421387
8149,2.201564073562622,-2.3044042587280273
8150,1.9808101654052734,-1.9702562093734741
8151,2.511319160461426,-1.9525700807571411
8152,2.2231106758117676,-2.259977102279663
8153,2.159954786300659,-1.6469022035598755
8154,2.2147116661071777,-2.471909523010254
8155,2.1305091381073,-2.500648260116577
8156,2.258572578430176,-1.8499070405960083
8157,2.194960594177246,-1.9091217517852783
8158,2.032689332962036,-2.1197128295898438
8159,2.0096805095672607,-1.9702482223510742
8160,2.299814224243164,-2.0647459030151367
8161,2.2233269214630127,-2.1342177391052246
8162,2.1085288524627686,-1.9041868448257446
8163,2.1455512046813965,-1.9053195714950562
8164,2.3247909545898438,-2.2223122119903564
8165,2.2170844078063965,-2.0010414123535156
8166,2.2045516967773438,-2.012225866317749
8167,2.0520875453948975,-1.9253796339035034
8168,2.4490714073181152,-2.1166794300079346
8169,2.3892860412597656,-2.0529143810272217
8170,2.175602436065674,-2.1195693016052246
8171,2.319146156311035,-2.2240970134735107
8172,2.1253788471221924,-1.8291844129562378
8173,2.104046583175659,-1.945014238357544
8174,1.92057204246521,-1.8066788911819458
8175,2.4026966094970703,-2.4103102684020996
8176,2.036801338195801,-1.8719242811203003
8177,2.4331138134002686,-1.5909132957458496
8178,2.230008125305176,-2.2009384632110596
8179,2.2662863731384277,-1.988435983657837
8180,2.2270240783691406,-2.1977219581604004
8181,2.124551773071289,-1.8099784851074219
8182,2.114105224609375,-1.892686367034912
8183,2.438040256500244,-1.754278540611267
8184,2.297523021697998,-2.1749279499053955
8185,1.9905726909637451,-1.7896714210510254
8186,2.2897322177886963,-2.126439094543457
8187,2.70133376121521,-1.8238064050674438
8188,2.148941993713379,-1.8213582038879395
8189,2.288980007171631,-1.8437047004699707
8190,2.048729419708252,-1.820695161819458
8191,2.0933356285095215,-2.250087022781372
8192,2.2552146911621094,-2.12444806098938
8193,1.9716532230377197,-1.5580791234970093
8194,2.422652006149292,-1.9078741073608398
8195,2.1087684631347656,-2.2166457176208496
8196,2.706839084625244,-2.0767762660980225
8197,2.3478286266326904,-2.09839129447937
8198,1.8581655025482178,-1.7899911403656006
8199,2.751523971557617,-1.848840355873108
8200,2.2619850635528564,-1.8495965003967285
8201,2.0572171211242676,-1.8601100444793701
8202,2.5684268474578857,-2.3188211917877197
8203,2.396674394607544,-2.087803840637207
8204,2.176115036010742,-1.9515845775604248
8205,2.6368818283081055,-2.0247347354888916
8206,2.2325596809387207,-2.0292863845825195
8207,2.318666458129883,-1.790749192237854
8208,2.3371777534484863,-2.127537727355957
8209,2.316542625427246,-1.9078342914581299
8210,2.568629741668701,-2.077942132949829
8211,2.1303601264953613,-1.6667208671569824
8212,2.5986201763153076,-2.039252281188965
8213,2.0602495670318604,-2.2291312217712402
8214,2.2078990936279297,-1.9379560947418213
8215,1.9745932817459106,-1.949049711227417
8216,2.0730934143066406,-1.7887663841247559
8217,2.3215813636779785,-2.065002202987671
8218,2.2532567977905273,-1.731685996055603
8219,2.0827698707580566,-1.7910841703414917
8220,2.251765727996826,-1.7702122926712036
8221,2.157431125640869,-1.7727165222167969
8222,2.5590057373046875,-2.1722424030303955
8223,2.2405593395233154,-1.8775995969772339
8224,2.267157554626465,-2.2379157543182373
8225,2.19608736038208,-2.201188087463379
8226,1.8696420192718506,-2.203094720840454
8227,2.36027455329895,-1.982442021369934
8228,2.1878223419189453,-1.9774904251098633
8229,1.991382360458374,-1.7696539163589478
8230,2.865934371948242,-2.4443252086639404
8231,2.0598392486572266,-2.0328214168548584
8232,2.5103225708007812,-1.8161513805389404
8233,2.162571668624878,-1.9837934970855713
8234,2.207974433898926,-1.695894479751587
8235,2.260190963745117,-2.140716314315796
8236,2.2327680587768555,-1.8076300621032715
8237,2.250168800354004,-2.6746044158935547
8238,2.1582894325256348,-1.9263688325881958
8239,2.025707960128784,-2.1917943954467773
8240,2.3703484535217285,-2.1609392166137695
8241,2.111757278442383,-1.9998592138290405
8242,1.8726513385772705,-2.0114901065826416
8243,2.7398552894592285,-2.0998854637145996
8244,2.0661096572875977,-1.963667631149292
8245,1.914484977722168,-2.0589747428894043
8246,2.132476806640625,-1.9689390659332275
8247,2.042860984802246,-1.9018473625183105
8248,2.0482094287872314,-1.8869601488113403
8249,2.3158206939697266,-1.5737403631210327
8250,2.1891653537750244,-1.6993557214736938
8251,2.1560750007629395,-1.89149808883667
8252,2.1923015117645264,-1.6419650316238403
8253,2.1935858726501465,-2.181281089782715
8254,2.3029747009277344,-2.289091110229492
8255,2.332254409790039,-2.0066089630126953
8256,2.0462498664855957,-1.9896481037139893
8257,2.173154830932617,-1.9944685697555542
8258,2.2303266525268555,-2.004573106765747
8259,2.0556321144104004,-1.9170089960098267
8260,2.303882122039795,-1.8540327548980713
8261,2.053433418273926,-2.2317826747894287
8262,2.205810546875,-1.9585930109024048
8263,2.033240795135498,-2.2062172889709473
8264,2.335690975189209,-2.046895742416382
8265,2.1402297019958496,-2.1338775157928467
8266,2.0575742721557617,-1.8874431848526
8267,2.0620832443237305,-1.8257346153259277
8268,2.110581398010254,-1.6864851713180542
8269,2.344017267227173,-1.9647504091262817
8270,2.31343936920166,-2.374006509780884
8271,2.305333137512207,-2.041623830795288
8272,2.7408390045166016,-1.7503409385681152
8273,1.99342942237854,-1.9243534803390503
8274,2.16986083984375,-1.9728626012802124
8275,2.5445733070373535,-2.0674991607666016
8276,2.2797789573669434,-1.7209941148757935
8277,2.2649948596954346,-1.6659470796585083
8278,2.368474006652832,-2.020648956298828
8279,2.430736541748047,-2.0201849937438965
8280,2.0658326148986816,-1.7512997388839722
8281,2.196744441986084,-1.8122985363006592
8282,2.244000196456909,-1.7146490812301636
8283,2.2926154136657715,-1.992978572845459
8284,2.080017328262329,-1.853057861328125
8285,1.982677698135376,-1.9773566722869873
8286,2.458224296569824,-2.324291706085205
8287,2.092454671859741,-1.9215874671936035
8288,2.0677828788757324,-1.8444244861602783
8289,2.1859347820281982,-2.0540053844451904
8290,2.2503600120544434,-1.9688687324523926
8291,2.2687740325927734,-2.0782501697540283
8292,2.255007266998291,-1.9536349773406982
8293,2.0528032779693604,-1.6654119491577148
8294,2.122253656387329,-2.094210147857666
8295,2.078852653503418,-1.9608056545257568
8296,2.085824728012085,-2.086777687072754
8297,1.9578561782836914,-1.8079185485839844
8298,2.198697566986084,-1.7372928857803345
8299,2.065169095993042,-2.069206953048706
8300,2.7578258514404297,-2.0148110389709473
8301,2.135406970977783,-1.7400392293930054
8302,2.1332201957702637,-1.8172374963760376
8303,2.032606840133667,-1.5910497903823853
8304,2.5621237754821777,-2.0639491081237793
8305,2.4999136924743652,-2.246864080429077
8306,2.387019634246826,-1.9268560409545898
8307,2.2021193504333496,-1.817429542541504
8308,2.541998863220215,-1.6895681619644165
8309,2.0903847217559814,-1.567085862159729
8310,2.2639756202697754,-1.7618657350540161
8311,1.9869439601898193,-1.607944369316101
8312,2.387746572494507,-2.262099504470825
8313,2.226472854614258,-1.8365710973739624
8314,2.192875862121582,-1.7688134908676147
8315,2.1341452598571777,-2.056215286254883
8316,2.1468656063079834,-2.070641040802002
8317,1.8579685688018799,-1.985545039176941
8318,2.0004937648773193,-1.8427796363830566
8319,2.490838050842285,-1.7247616052627563
8320,1.9870758056640625,-1.8894864320755005
8321,2.107905626296997,-2.1243975162506104
8322,2.2371225357055664,-2.038987398147583
8323,2.263688087463379,-1.575414776802063
8324,2.452043056488037,-2.0029070377349854
8325,2.060502767562866,-1.7903649806976318
8326,2.0234804153442383,-1.7738242149353027
8327,1.93280029296875,-1.7291359901428223
8328,2.229090690612793,-1.9188493490219116
8329,2.263772964477539,-1.779686689376831
8330,2.343317985534668,-1.9983439445495605
8331,2.390641212463379,-1.5689311027526855
8332,2.370919704437256,-1.9182288646697998
8333,2.4150338172912598,-1.5148295164108276
8334,1.9837944507598877,-1.7964433431625366
8335,2.2257020473480225,-1.8265324831008911
8336,2.071847915649414,-1.7568943500518799
8337,2.356429100036621,-1.9657237529754639
8338,2.2402501106262207,-1.7216577529907227
8339,2.253323554992676,-2.203843593597412
8340,2.6223831176757812,-1.7927228212356567
8341,2.2476508617401123,-2.0820353031158447
8342,2.758439540863037,-1.8983395099639893
8343,2.1598589420318604,-1.9179080724716187
8344,1.9172892570495605,-1.9346630573272705
8345,2.010928153991699,-1.8556625843048096
8346,1.7554981708526611,-1.4215595722198486
8347,2.4424118995666504,-2.256716012954712
8348,2.5254998207092285,-1.575395941734314
8349,2.2157325744628906,-1.6546871662139893
8350,2.2283613681793213,-1.9624780416488647
8351,2.3238680362701416,-1.8263070583343506
8352,2.288146495819092,-2.3913092613220215
8353,2.0492746829986572,-1.9988951683044434
8354,2.3807291984558105,-1.980048418045044
8355,2.1415181159973145,-2.099841833114624
8356,2.0170483589172363,-1.7716717720031738
8357,2.305124521255493,-1.9416961669921875
8358,2.340588331222534,-1.8153616189956665
8359,2.0495457649230957,-2.131279230117798
8360,2.5593504905700684,-2.0218169689178467
8361,2.127723217010498,-1.9603615999221802
8362,2.3094446659088135,-1.879881739616394
8363,2.0181891918182373,-1.8389573097229004
8364,2.1837069988250732,-1.8008369207382202
8365,2.0755584239959717,-1.8630690574645996
8366,2.259714126586914,-1.940542459487915
8367,2.669908046722412,-1.9686484336853027
8368,1.9425835609436035,-2.1353745460510254
8369,2.4367594718933105,-1.6136527061462402
8370,1.8806090354919434,-1.8182976245880127
8371,2.3646721839904785,-1.9131535291671753
8372,2.145833969116211,-1.9844845533370972
8373,2.112997531890869,-1.9544970989227295
8374,2.374189853668213,-1.7116895914077759
8375,2.0166540145874023,-2.160264492034912
8376,2.122126579284668,-1.8585013151168823
8377,2.078120708465576,-1.8474740982055664
8378,2.1357524394989014,-1.690893292427063
8379,2.0385560989379883,-1.8340754508972168
8380,2.415813446044922,-1.473495602607727
8381,2.1882805824279785,-1.7381117343902588
8382,2.1286087036132812,-1.8666391372680664
8383,2.164093494415283,-1.6448416709899902
8384,2.1630284786224365,-2.049370288848877
8385,2.115818977355957,-2.1946349143981934
8386,2.343958854675293,-1.7977927923202515
8387,2.417656183242798,-2.014617681503296
8388,1.967110514640808,-1.8703017234802246
8389,2.32279372215271,-1.9673364162445068
8390,2.319772720336914,-1.830784559249878
8391,2.0210511684417725,-2.0001227855682373
8392,2.4072988033294678,-1.6161370277404785
8393,2.086564064025879,-1.7572619915008545
8394,2.3858304023742676,-1.9702545404434204
8395,2.228858470916748,-1.9310660362243652
8396,2.358785629272461,-2.000286817550659
8397,2.1769027709960938,-1.9753968715667725
8398,2.193790912628174,-1.9261298179626465
8399,2.131253957748413,-1.8659662008285522
8400,2.629101276397705,-1.8200496435165405
8401,1.9652984142303467,-1.9825080633163452
8402,2.4175848960876465,-2.19832444190979
8403,2.4392900466918945,-2.2099320888519287
8404,2.304171085357666,-1.990739345550537
8405,2.0038414001464844,-1.7717857360839844
8406,2.165738344192505,-1.831437587738037
8407,2.5067331790924072,-1.7292916774749756
8408,2.4816925525665283,-1.7116848230361938
8409,2.2541732788085938,-1.7471805810928345
8410,2.2894911766052246,-1.8559402227401733
8411,2.6899306774139404,-1.9385178089141846
8412,2.2714197635650635,-1.9205065965652466
8413,2.027531623840332,-1.797816514968872
8414,2.3134360313415527,-2.0512189865112305
8415,1.995789885520935,-1.718335747718811
8416,2.208099126815796,-1.9865020513534546
8417,2.441563129425049,-1.9345818758010864
8418,2.4185609817504883,-2.2718145847320557
8419,2.3516526222229004,-1.8285845518112183
8420,2.313673496246338,-1.6910961866378784
8421,2.3482887744903564,-1.745520830154419
8422,2.6518476009368896,-1.2532840967178345
8423,2.3615570068359375,-1.9720587730407715
8424,2.286497116088867,-2.0877387523651123
8425,2.363919258117676,-1.714189887046814
8426,2.539257049560547,-1.742448329925537
8427,2.138545036315918,-1.7421069145202637
8428,3.002696990966797,-1.6173124313354492
8429,2.5199813842773438,-1.9484055042266846
8430,2.4572858810424805,-2.244248867034912
8431,2.3993074893951416,-2.047867774963379
8432,2.674144983291626,-1.8177077770233154
8433,2.234778881072998,-1.8957382440567017
8434,2.351252317428589,-1.6884900331497192
8435,2.0155062675476074,-1.6306401491165161
8436,2.471282482147217,-1.7983124256134033
8437,2.2071852684020996,-1.9295650720596313
8438,2.191514492034912,-1.9201674461364746
8439,2.34865665435791,-2.145843267440796
8440,2.386446952819824,-1.8683674335479736
8441,2.0020127296447754,-1.82720947265625
8442,2.1963064670562744,-1.8738402128219604
8443,2.1895737648010254,-1.4995055198669434
8444,2.449286460876465,-2.1333813667297363
8445,2.224714756011963,-1.8774913549423218
8446,2.045827627182007,-1.6634234189987183
8447,2.1720399856567383,-1.7864718437194824
8448,2.140709400177002,-1.9110779762268066
8449,1.9246866703033447,-1.6290276050567627
8450,2.0385265350341797,-1.8728910684585571
8451,2.1584105491638184,-1.8212978839874268
8452,2.2111754417419434,-1.9361004829406738
8453,1.9563599824905396,-2.1305205821990967
8454,2.004298210144043,-2.1894195079803467
8455,2.3717637062072754,-1.9009414911270142
8456,2.2496836185455322,-1.5802340507507324
8457,2.057985305786133,-1.8927007913589478
8458,2.1357150077819824,-1.893985390663147
8459,2.393479347229004,-2.019655227661133
8460,1.9746918678283691,-1.7444343566894531
8461,2.3240814208984375,-1.7030701637268066
8462,2.8277475833892822,-1.7783780097961426
8463,2.1193225383758545,-1.961665391921997
8464,2.528744697570801,-1.655868411064148
8465,2.185454845428467,-1.8653887510299683
8466,2.2824976444244385,-1.968820333480835
8467,2.54055118560791,-1.7263967990875244
8468,2.275801658630371,-2.1452460289001465
8469,2.411393404006958,-1.7426241636276245
8470,2.3863272666931152,-1.8910644054412842
8471,2.465418815612793,-1.5025867223739624
8472,2.325328826904297,-1.548132061958313
8473,2.4392809867858887,-1.57082200050354
8474,2.544114112854004,-1.888373851776123
8475,2.557657241821289,-1.6801637411117554
8476,1.9199343919754028,-1.9463777542114258
8477,2.11397647857666,-1.6233035326004028
8478,2.4423670768737793,-1.6800942420959473
8479,2.171722173690796,-1.9070860147476196
8480,2.1793289184570312,-1.7172012329101562
8481,2.4310836791992188,-1.8976893424987793
8482,2.042236089706421,-1.5706974267959595
8483,2.5009074211120605,-1.3110743761062622
8484,2.0517258644104004,-1.5923937559127808
8485,2.157224655151367,-1.8151977062225342
8486,2.4109697341918945,-2.1882498264312744
8487,2.3321189880371094,-1.813847541809082
8488,2.016859531402588,-1.6438212394714355
8489,2.1053669452667236,-1.8906967639923096
8490,2.34147572517395,-1.7917721271514893
8491,2.1834633350372314,-1.8453190326690674
8492,2.182187080383301,-1.7274386882781982
8493,2.3458752632141113,-1.9782239198684692
8494,2.2517783641815186,-1.803085207939148
8495,2.3450064659118652,-1.8183376789093018
8496,2.0424609184265137,-1.9038443565368652
8497,2.049247980117798,-1.842504620552063
8498,1.9583944082260132,-1.369179368019104
8499,2.329263687133789,-1.7962918281555176
8500,2.062056064605713,-1.633329153060913
8501,2.093851089477539,-1.5752753019332886
8502,2.248821973800659,-2.0092031955718994
8503,2.190474510192871,-2.0174853801727295
8504,2.045638084411621,-2.0050995349884033
8505,2.1451973915100098,-1.8770617246627808
8506,2.1439387798309326,-1.846768856048584
8507,2.2901883125305176,-1.8862594366073608
8508,2.3489785194396973,-1.6945061683654785
8509,2.3834176063537598,-1.830409049987793
8510,2.3307852745056152,-1.7913306951522827
8511,2.247249126434326,-1.6570711135864258
8512,2.2896974086761475,-1.5877047777175903
8513,2.169914484024048,-1.9081155061721802
8514,2.113607883453369,-2.120197057723999
8515,2.4913101196289062,-1.9400922060012817
8516,2.1158194541931152,-1.4603790044784546
8517,2.1551260948181152,-1.6164206266403198
8518,2.448434352874756,-1.9449551105499268
8519,2.2951488494873047,-2.155717134475708
8520,2.2389516830444336,-1.7762269973754883
8521,2.1329004764556885,-1.6307475566864014
8522,1.9942786693572998,-1.9492052793502808
8523,2.2295846939086914,-1.487930417060852
8524,2.3138632774353027,-1.7141022682189941
8525,2.2838897705078125,-1.701194405555725
8526,2.0786781311035156,-1.6910189390182495
8527,2.3345301151275635,-2.012768507003784
8528,2.3080854415893555,-1.51963472366333
8529,1.9799830913543701,-1.632849097251892
8530,2.2610039710998535,-1.9425287246704102
8531,2.329197406768799,-2.1196374893188477
8532,2.1975255012512207,-1.7909947633743286
8533,2.1406354904174805,-1.7609235048294067
8534,2.3237199783325195,-1.7811192274093628
8535,2.1256353855133057,-1.5500274896621704
8536,2.405592679977417,-1.8475908041000366
8537,2.082496166229248,-1.71181058883667
8538,2.189486503601074,-1.6282049417495728
8539,2.273791790008545,-1.8806096315383911
8540,2.2919750213623047,-1.5089516639709473
8541,2.323174476623535,-2.0237843990325928
8542,2.3215277194976807,-2.0257437229156494
8543,2.308551073074341,-1.7295719385147095
8544,2.4177722930908203,-1.904282569885254
8545,2.21201491355896,-1.8989330530166626
8546,2.3954899311065674,-1.7711765766143799
8547,1.9625051021575928,-2.0295019149780273
8548,2.0479724407196045,-1.8392597436904907
8549,2.104156732559204,-1.8534337282180786
8550,2.032949924468994,-1.7260348796844482
8551,2.027263641357422,-1.5739736557006836
8552,2.0215115547180176,-1.6464482545852661
8553,2.3291714191436768,-1.9236974716186523
8554,1.9705185890197754,-1.597019910812378
8555,2.595366954803467,-1.4945889711380005
8556,1.9806396961212158,-1.6796576976776123
8557,2.249905586242676,-1.9767308235168457
8558,2.047125816345215,-1.7520928382873535
8559,1.9831441640853882,-1.5776088237762451
8560,2.6795847415924072,-2.0847129821777344
8561,2.106407642364502,-1.5733375549316406
8562,2.4197494983673096,-1.5913903713226318
8563,2.37286376953125,-1.5129520893096924
8564,2.2813639640808105,-1.6803418397903442
8565,2.2534561157226562,-2.094373941421509
8566,2.250269889831543,-1.8583695888519287
8567,2.1283230781555176,-1.6780023574829102
8568,2.126730442047119,-1.6999801397323608
8569,2.1446309089660645,-1.795493483543396
8570,2.1702919006347656,-1.9999748468399048
8571,2.078582286834717,-2.1086413860321045
8572,2.249749183654785,-1.6044375896453857
8573,2.548708438873291,-1.694446086883545
8574,2.152924060821533,-1.8403414487838745
8575,2.190835475921631,-1.641800045967102
8576,2.130277633666992,-1.8238002061843872
8577,2.4169020652770996,-1.8505772352218628
8578,2.0595858097076416,-1.940616488456726
8579,2.3466436862945557,-1.7101210355758667
8580,2.2850875854492188,-1.5605790615081787
8581,2.3686466217041016,-1.917779803276062
8582,2.1158175468444824,-2.0552539825439453
8583,2.3297085762023926,-1.681723952293396
8584,2.607083559036255,-1.4496322870254517
8585,1.9464064836502075,-1.4492770433425903
8586,2.072366714477539,-1.7944416999816895
8587,2.1962413787841797,-1.7206860780715942
8588,2.2895843982696533,-1.8127080202102661
8589,1.8916409015655518,-1.5876257419586182
8590,1.9626555442810059,-1.8511412143707275
8591,2.170240640640259,-1.723494529724121
8592,2.226901054382324,-1.781752586364746
8593,2.327446937561035,-1.8758524656295776
8594,2.2439451217651367,-1.9054352045059204
8595,2.01318359375,-1.6669214963912964
8596,2.297229290008545,-1.9593838453292847
8597,2.253915548324585,-1.696903944015503
8598,2.174274444580078,-1.8758047819137573
8599,1.9568705558776855,-1.5425498485565186
8600,2.063699722290039,-1.8359507322311401
8601,2.113689422607422,-1.8989355564117432
8602,2.1909379959106445,-1.7497683763504028
8603,2.121206521987915,-1.4500765800476074
8604,2.386068820953369,-1.7672958374023438
8605,2.353233814239502,-1.7131527662277222
8606,2.3202223777770996,-1.80305814743042
8607,2.322185754776001,-1.7257636785507202
8608,2.202385902404785,-1.7175700664520264
8609,1.9854176044464111,-1.8074157238006592
8610,2.13259220123291,-2.0814130306243896
8611,1.9863401651382446,-2.2590134143829346
8612,2.6303629875183105,-1.8042906522750854
8613,2.033630132675171,-1.9464572668075562
8614,2.446378231048584,-1.6879141330718994
8615,2.308797836303711,-1.6303277015686035
8616,2.4634413719177246,-2.0267417430877686
8617,2.3554158210754395,-1.7237954139709473
8618,2.311671018600464,-1.7287663221359253
8619,2.31900691986084,-1.7408854961395264
8620,2.476351261138916,-1.7100043296813965
8621,2.4558358192443848,-1.9395804405212402
8622,2.4377074241638184,-1.7342767715454102
8623,2.3736438751220703,-1.8064641952514648
8624,2.203981637954712,-1.8833801746368408
8625,2.1903743743896484,-1.7536518573760986
8626,2.249854564666748,-1.5638772249221802
8627,2.2845535278320312,-2.145477771759033
8628,2.31400728225708,-1.9109551906585693
8629,2.3972601890563965,-1.7092117071151733
8630,2.2193405628204346,-1.7100281715393066
8631,2.0856738090515137,-1.8004854917526245
8632,2.1469850540161133,-1.4625130891799927
8633,2.033416986465454,-1.8011125326156616
8634,1.856884479522705,-1.9463084936141968
8635,2.1774678230285645,-1.7061001062393188
8636,2.4459190368652344,-1.8553701639175415
8637,2.2963409423828125,-1.6556954383850098
8638,1.9395742416381836,-1.867533564567566
8639,2.0473318099975586,-1.4602776765823364
8640,1.9788837432861328,-1.7399002313613892
8641,2.4043614864349365,-1.6217252016067505
8642,2.3103911876678467,-1.3860914707183838
8643,2.118450880050659,-1.9475390911102295
8644,2.29022216796875,-1.7123469114303589
8645,2.280816078186035,-1.6232799291610718
8646,2.713056802749634,-1.6239804029464722
8647,2.2525439262390137,-1.5932536125183105
8648,2.5361156463623047,-2.060850143432617
8649,2.3622233867645264,-1.8240578174591064
8650,1.756630539894104,-1.515701413154602
8651,2.2283740043640137,-1.5966267585754395
8652,2.0701470375061035,-1.4112074375152588
8653,2.229422092437744,-1.6423120498657227
8654,1.7206439971923828,-1.4296836853027344
8655,2.214097499847412,-1.717360258102417
8656,1.8956912755966187,-1.627040147781372
8657,2.3324692249298096,-1.5639477968215942
8658,1.943995475769043,-1.739392876625061
8659,2.252378225326538,-1.613681674003601
8660,1.9687817096710205,-2.078007936477661
8661,1.9687726497650146,-1.5608655214309692
8662,2.189517021179199,-1.7403587102890015
8663,2.2643654346466064,-1.704421043395996
8664,2.416126251220703,-1.7694745063781738
8665,2.223020076751709,-1.8720415830612183
8666,1.970494031906128,-1.7627629041671753
8667,2.0094990730285645,-1.9085866212844849
8668,2.1714084148406982,-1.4795466661453247
8669,2.0270814895629883,-1.5419447422027588
8670,2.1443686485290527,-1.6842434406280518
8671,2.1767594814300537,-1.6144767999649048
8672,2.0460205078125,-1.6759765148162842
8673,2.2375261783599854,-1.3499939441680908
8674,2.208049774169922,-1.564913272857666
8675,2.3544559478759766,-1.7874032258987427
8676,2.1169018745422363,-1.8792123794555664
8677,2.036132335662842,-1.7162272930145264
8678,2.209822654724121,-1.6488490104675293
8679,2.3257834911346436,-1.8104469776153564
8680,2.55576229095459,-1.6132208108901978
8681,2.1002144813537598,-1.9580204486846924
8682,1.864736557006836,-1.8556674718856812
8683,2.273625373840332,-1.6488256454467773
8684,2.0828194618225098,-1.7897685766220093
8685,2.23773455619812,-1.840696096420288
8686,1.9406681060791016,-1.6884335279464722
8687,2.145385265350342,-1.565138578414917
8688,2.0055794715881348,-1.6981087923049927
8689,2.1350131034851074,-1.8229707479476929
8690,2.052245616912842,-1.8979742527008057
8691,1.874565839767456,-1.9344464540481567
8692,2.1689062118530273,-1.572515606880188
8693,1.8788845539093018,-1.8035119771957397
8694,2.1659812927246094,-1.736179232597351
8695,2.1638455390930176,-1.5333590507507324
8696,1.7959747314453125,-1.4739910364151
8697,2.4420037269592285,-1.7906559705734253
8698,2.072530746459961,-1.4640954732894897
8699,2.1417412757873535,-1.7331656217575073
8700,2.140432834625244,-2.003305435180664
8701,1.9903814792633057,-1.6917048692703247
8702,2.2450289726257324,-1.7539176940917969
8703,2.2478528022766113,-1.648193359375
8704,2.0679643154144287,-1.408470869064331
8705,2.1342220306396484,-1.8190592527389526
8706,2.3292455673217773,-1.6458452939987183
8707,1.9788583517074585,-1.758054256439209
8708,2.1112775802612305,-2.177919864654541
8709,2.0422301292419434,-1.600562334060669
8710,2.2309470176696777,-1.7512093782424927
8711,2.4353528022766113,-1.4368962049484253
8712,2.202944755554199,-1.7027029991149902
8713,2.3169310092926025,-1.8299022912979126
8714,2.323805570602417,-1.5236787796020508
8715,2.2942728996276855,-1.5918035507202148
8716,2.4333391189575195,-1.5849888324737549
8717,2.623250722885132,-1.799896240234375
8718,2.212228298187256,-1.8684189319610596
8719,2.232703924179077,-1.4621140956878662
8720,2.679661750793457,-1.8856979608535767
8721,1.8860456943511963,-1.484880805015564
8722,2.7171435356140137,-1.9271721839904785
8723,2.2496497631073,-1.9473458528518677
8724,1.9978539943695068,-1.7542991638183594
8725,2.280639886856079,-1.5514582395553589
8726,2.3731601238250732,-2.1225860118865967
8727,2.2516884803771973,-1.6836721897125244
8728,2.2024965286254883,-1.7611567974090576
8729,2.392733097076416,-1.4201040267944336
8730,2.0944721698760986,-1.4882071018218994
8731,2.4847536087036133,-1.7500807046890259
8732,2.5227487087249756,-1.7483115196228027
8733,1.9108604192733765,-1.6805486679077148
8734,2.2801856994628906,-1.7891589403152466
8735,2.757413387298584,-1.5534358024597168
8736,2.0948967933654785,-1.690603494644165
8737,2.4380710124969482,-1.8973926305770874
8738,2.4465699195861816,-1.8320506811141968
8739,2.1660640239715576,-1.8691685199737549
8740,2.429961681365967,-1.7042641639709473
8741,2.343224048614502,-1.8054450750350952
8742,2.416383981704712,-1.433522343635559
8743,2.122096061706543,-1.4968303442001343
8744,2.333571672439575,-1.5039458274841309
8745,2.109701156616211,-1.7346441745758057
8746,2.334188461303711,-1.4754186868667603
8747,1.951960563659668,-1.4844130277633667
8748,2.1425509452819824,-1.4262088537216187
8749,2.158661365509033,-1.5588206052780151
8750,1.791248083114624,-1.7893158197402954
8751,2.38395094871521,-1.8939099311828613
8752,2.5394034385681152,-1.4557706117630005
8753,2.1397194862365723,-2.0268802642822266
8754,2.3174445629119873,-1.567795753479004
8755,1.9821021556854248,-1.559869408607483
8756,2.2086939811706543,-1.36690092086792
8757,2.5387754440307617,-1.9545409679412842
8758,2.1961021423339844,-1.6550570726394653
8759,2.0316314697265625,-1.5400387048721313
8760,2.224008798599243,-1.455625057220459
8761,2.0467443466186523,-1.6252868175506592
8762,1.8627641201019287,-1.703561544418335
8763,2.1924314498901367,-1.6989234685897827
8764,2.328885555267334,-2.0473718643188477
8765,2.3422939777374268,-1.787034273147583
8766,2.1208043098449707,-1.8155267238616943
8767,1.9195246696472168,-1.947208285331726
8768,1.8348568677902222,-1.668451189994812
8769,2.096555471420288,-1.7887377738952637
8770,2.036245822906494,-1.5920803546905518
8771,1.6827467679977417,-1.3822253942489624
8772,2.0426411628723145,-1.7449090480804443
8773,2.1929736137390137,-1.6641234159469604
8774,2.284609317779541,-1.8735843896865845
8775,2.0513229370117188,-1.7061785459518433
8776,1.8850356340408325,-1.7584559917449951
8777,2.3435235023498535,-1.6525399684906006
8778,2.10146427154541,-1.6325756311416626
8779,1.9672921895980835,-1.5347018241882324
8780,2.2120718955993652,-1.6424107551574707
8781,2.283724784851074,-1.7650386095046997
8782,2.3019986152648926,-1.7172962427139282
8783,2.116814374923706,-1.8183108568191528
8784,2.236905336380005,-1.597357153892517
8785,2.0620951652526855,-1.7964249849319458
8786,2.111222505569458,-1.5234735012054443
8787,2.2912421226501465,-1.6797266006469727
8788,1.9614025354385376,-1.7182635068893433
8789,2.34334397315979,-1.6216788291931152
8790,2.113558769226074,-1.9219783544540405
8791,2.256016731262207,-1.6464999914169312
8792,2.1749863624572754,-1.5133888721466064
8793,1.8626840114593506,-1.6711169481277466
8794,2.0820083618164062,-1.606813907623291
8795,2.23759388923645,-1.8082352876663208
8796,2.005215644836426,-1.4519104957580566
8797,2.1925840377807617,-1.5709774494171143
8798,2.321143627166748,-1.8363093137741089
8799,2.161306858062744,-1.340448021888733
8800,2.1120223999023438,-1.8334976434707642
8801,2.5310451984405518,-1.6302725076675415
8802,2.0871362686157227,-1.9113726615905762
8803,1.896983027458191,-1.9679276943206787
8804,2.236844778060913,-1.9036037921905518
8805,2.2415599822998047,-1.585671067237854
8806,1.9485584497451782,-1.7161391973495483
8807,2.1448442935943604,-1.5132355690002441
8808,2.3631465435028076,-1.3108805418014526
8809,2.351888418197632,-1.7951122522354126
8810,2.103006362915039,-1.9837225675582886
8811,2.1273937225341797,-1.7013020515441895
8812,2.316136360168457,-1.304978847503662
8813,2.1876158714294434,-1.4725285768508911
8814,2.0731801986694336,-1.8777269124984741
8815,1.8997551202774048,-1.803189992904663
8816,2.434523105621338,-1.5409351587295532
8817,2.045595407485962,-1.7293331623077393
8818,2.024163246154785,-1.873755693435669
8819,2.1783721446990967,-1.7543765306472778
8820,2.063386917114258,-1.509552001953125
8821,2.3602452278137207,-1.8069230318069458
8822,2.096454620361328,-1.5260875225067139
8823,1.9904654026031494,-1.3598015308380127
8824,2.261025905609131,-1.395932912826538
8825,2.1009154319763184,-1.423981785774231
8826,1.998209834098816,-1.5849623680114746
8827,2.106095790863037,-1.542268991470337
8828,1.984964370727539,-1.4382758140563965
8829,2.4940271377563477,-1.8726001977920532
8830,2.0480899810791016,-1.7546298503875732
8831,2.3579468727111816,-1.57686185836792
8832,2.363330364227295,-1.3202133178710938
8833,2.5893630981445312,-1.633084774017334
8834,2.013333797454834,-1.8753241300582886
8835,2.3446145057678223,-1.567740797996521
8836,2.4285402297973633,-1.753156304359436
8837,2.1500444412231445,-1.7482119798660278
8838,2.1509995460510254,-1.7295939922332764
8839,2.287604331970215,-1.4936496019363403
8840,2.10260009765625,-1.5354212522506714
8841,2.349675178527832,-1.6786894798278809
8842,2.243391752243042,-1.6702682971954346
8843,2.2902650833129883,-1.46358323097229
8844,2.3835506439208984,-1.3704028129577637
8845,2.226902484893799,-1.5931199789047241
8846,2.641684055328369,-1.805147647857666
8847,2.320967197418213,-1.497268557548523
8848,2.419307231903076,-1.8158607482910156
8849,2.2054481506347656,-1.4346013069152832
8850,2.2412519454956055,-1.656260371208191
8851,2.026886463165283,-1.5739916563034058
8852,2.344388961791992,-1.7815372943878174
8853,2.256101131439209,-1.6114598512649536
8854,1.916142225265503,-1.6128523349761963
8855,2.4591023921966553,-1.5674859285354614
8856,2.5271265506744385,-1.9014792442321777
8857,2.1699914932250977,-1.7162501811981201
8858,2.018547534942627,-1.1884377002716064
8859,2.3163764476776123,-1.556687831878662
8860,2.06712007522583,-1.3492217063903809
8861,2.002333402633667,-1.6623088121414185
8862,2.415074348449707,-1.6895020008087158
8863,2.440225601196289,-1.7144768238067627
8864,1.9222168922424316,-1.5773353576660156
8865,2.2311501502990723,-1.6239451169967651
8866,2.0423336029052734,-1.4160150289535522
8867,2.2251994609832764,-1.7610828876495361
8868,2.2185652256011963,-1.463889479637146
8869,2.061649799346924,-1.3585504293441772
8870,2.154189109802246,-1.7265710830688477
8871,2.693854331970215,-1.8701989650726318
8872,2.4754748344421387,-1.8977490663528442
8873,2.2368154525756836,-1.9401414394378662
8874,2.283506155014038,-1.7638823986053467
8875,2.0698516368865967,-1.5029717683792114
8876,2.092803716659546,-1.644516944885254
8877,1.9269129037857056,-1.7020024061203003
8878,2.273845672607422,-1.876307725906372
8879,2.3930134773254395,-2.026332139968872
8880,2.564091444015503,-1.5683948993682861
8881,2.268861770629883,-1.5379139184951782
8882,2.433830738067627,-1.7877734899520874
8883,2.266111135482788,-1.6416951417922974
8884,2.1207833290100098,-1.4724851846694946
8885,2.21286678314209,-1.5526525974273682
8886,2.089920997619629,-1.4973660707473755
8887,2.1166696548461914,-1.6892225742340088
8888,2.199432373046875,-1.6633899211883545
8889,1.9767968654632568,-1.8654171228408813
8890,2.006121873855591,-1.581356406211853
8891,2.021800994873047,-1.5480166673660278
8892,2.0329411029815674,-1.520318865776062
8893,2.0754456520080566,-1.651728868484497
8894,1.7633099555969238,-1.767593502998352
8895,2.0870304107666016,-1.7208356857299805
8896,2.2605862617492676,-1.7548555135726929
8897,2.2439208030700684,-1.8780102729797363
8898,2.3143057823181152,-1.6472424268722534
8899,2.2643392086029053,-1.4585400819778442
8900,2.2966456413269043,-1.7286792993545532
8901,2.651989221572876,-1.3994309902191162
8902,2.240077018737793,-1.6966514587402344
8903,2.13535737991333,-1.3375320434570312
8904,2.3023200035095215,-1.7668200731277466
8905,2.082855463027954,-1.4754631519317627
8906,2.2548513412475586,-1.7611802816390991
8907,2.3857266902923584,-1.5987826585769653
8908,2.3010544776916504,-1.6217100620269775
8909,2.3491954803466797,-1.8241382837295532
8910,2.2765085697174072,-1.8384648561477661
8911,2.5490667819976807,-1.5981316566467285
8912,2.388235330581665,-1.91062331199646
8913,2.2623517513275146,-1.4245524406433105
8914,2.8280224800109863,-1.5618215799331665
8915,2.50927996635437,-1.8779807090759277
8916,2.083502769470215,-1.7922499179840088
8917,2.9978537559509277,-1.573245644569397
8918,2.326920986175537,-1.4101403951644897
8919,2.3433847427368164,-1.4571526050567627
8920,2.209907054901123,-1.3911532163619995
8921,2.417492628097534,-1.7418408393859863
8922,2.4842772483825684,-1.7963048219680786
8923,2.423830032348633,-1.594089388847351
8924,2.2348673343658447,-1.5773630142211914
8925,2.089029312133789,-1.4133623838424683
8926,2.204707145690918,-1.7128945589065552
8927,2.5145020484924316,-1.6401361227035522
8928,2.3705673217773438,-1.5920567512512207
8929,1.9777655601501465,-1.5676438808441162
8930,2.5435147285461426,-1.3265188932418823
8931,2.3420238494873047,-1.6121745109558105
8932,2.4311535358428955,-1.5839060544967651
8933,2.3006248474121094,-1.8823922872543335
8934,2.120206832885742,-1.6623376607894897
8935,2.3457865715026855,-1.4028043746948242
8936,2.2106566429138184,-1.7124921083450317
8937,2.799590587615967,-1.4610240459442139
8938,2.04117488861084,-1.3739361763000488
8939,2.1430273056030273,-1.3611646890640259
8940,2.2669878005981445,-1.4652540683746338
8941,2.281541347503662,-1.6259312629699707
8942,2.273312568664551,-1.6638435125350952
8943,2.1883127689361572,-1.4546796083450317
8944,2.2656702995300293,-1.542211651802063
8945,2.0047218799591064,-1.4867514371871948
8946,2.486515760421753,-1.3880856037139893
8947,2.322476863861084,-1.6717934608459473
8948,2.2861433029174805,-1.6204763650894165
8949,2.3171229362487793,-1.5107717514038086
8950,2.6951942443847656,-1.850427269935608
8951,1.9927470684051514,-1.6618292331695557
8952,2.3389439582824707,-1.7054052352905273
8953,2.2394537925720215,-1.4269872903823853
8954,2.5432729721069336,-1.4843947887420654
8955,2.0025551319122314,-1.5747510194778442
8956,2.1839847564697266,-1.2476626634597778
8957,2.1028060913085938,-1.564625859260559
8958,1.9982991218566895,-1.5373409986495972
8959,2.208397388458252,-1.4478857517242432
8960,2.3794517517089844,-1.5071696043014526
8961,1.9446539878845215,-1.6177891492843628
8962,2.2657992839813232,-1.6316369771957397
8963,2.3846211433410645,-1.5888657569885254
8964,1.87723708152771,-1.556890606880188
8965,2.102011203765869,-1.3611677885055542
8966,2.00970458984375,-1.5473142862319946
8967,2.1369824409484863,-1.7800064086914062
8968,2.019010066986084,-1.7073118686676025
8969,2.306191921234131,-1.530887246131897
8970,2.1560654640197754,-1.7058311700820923
8971,2.1181793212890625,-1.5139919519424438
8972,2.3116021156311035,-1.6869632005691528
8973,2.3459510803222656,-1.4848190546035767
8974,2.194856643676758,-1.3603664636611938
8975,2.244112968444824,-1.6560873985290527
8976,2.056530475616455,-1.7558292150497437
8977,2.2444562911987305,-1.5491448640823364
8978,2.0490219593048096,-1.7052627801895142
8979,2.258974075317383,-1.147652506828308
8980,2.096297264099121,-1.6388022899627686
8981,2.2341103553771973,-1.725008487701416
8982,2.2414684295654297,-1.6425187587738037
8983,2.266892910003662,-1.570326566696167
8984,1.9542975425720215,-1.6770001649856567
8985,2.0321688652038574,-1.3693827390670776
8986,2.271331310272217,-1.2730180025100708
8987,2.0267868041992188,-1.419336199760437
8988,2.830322742462158,-1.3804843425750732
8989,2.265939712524414,-1.3735064268112183
8990,1.9555528163909912,-1.4497679471969604
8991,2.0993261337280273,-1.6607519388198853
8992,2.1718742847442627,-1.4096970558166504
8993,2.1227240562438965,-1.1817020177841187
8994,2.207357406616211,-1.7576385736465454
8995,2.3130431175231934,-1.4897381067276
8996,1.9989564418792725,-1.7000792026519775
8997,2.0125274658203125,-1.7312190532684326
8998,1.975961685180664,-1.2726469039916992
8999,2.0939698219299316,-1.4605772495269775
9000,2.4031004905700684,-1.8142510652542114
9001,2.644258737564087,-1.7115073204040527
9002,2.0246448516845703,-1.8478814363479614
9003,2.1485822200775146,-1.6958417892456055
9004,2.020049571990967,-1.7487800121307373
9005,1.9669263362884521,-1.5805723667144775
9006,2.0840914249420166,-1.7467758655548096
9007,2.141292095184326,-1.6083217859268188
9008,2.2324318885803223,-1.5928449630737305
9009,2.230710029602051,-1.8265457153320312
9010,2.2372684478759766,-1.815374493598938
9011,2.144876718521118,-1.7171696424484253
9012,2.148970603942871,-1.641668438911438
9013,2.1222243309020996,-1.4761552810668945
9014,2.1227493286132812,-1.709274411201477
9015,2.4134392738342285,-1.8831466436386108
9016,2.3456413745880127,-1.709133505821228
9017,2.034682273864746,-1.4627403020858765
9018,2.816174030303955,-1.7337548732757568
9019,2.6907129287719727,-1.601737380027771
9020,2.3107595443725586,-1.3634108304977417
9021,2.2856533527374268,-1.4699474573135376
9022,2.033997058868408,-1.5990722179412842
9023,2.5019946098327637,-1.3473674058914185
9024,2.360079765319824,-1.7524758577346802
9025,2.3138155937194824,-1.3647818565368652
9026,2.1087687015533447,-1.3184558153152466
9027,2.1857385635375977,-1.4748769998550415
9028,2.339064121246338,-1.679872989654541
9029,2.3588509559631348,-1.7343149185180664
9030,2.0614938735961914,-1.4850401878356934
9031,2.449565887451172,-1.627211093902588
9032,2.101095199584961,-1.4088401794433594
9033,2.190276622772217,-1.6154121160507202
9034,2.224064350128174,-1.263649821281433
9035,1.9895387887954712,-1.7558529376983643
9036,2.182276964187622,-1.4954661130905151
9037,2.5736331939697266,-1.4507136344909668
9038,2.2036004066467285,-1.5561919212341309
9039,2.086695671081543,-1.3871090412139893
9040,1.971364140510559,-1.4558159112930298
9041,2.1401827335357666,-1.494083046913147
9042,2.469816207885742,-1.481317400932312
9043,2.114511013031006,-1.5970890522003174
9044,1.997148036956787,-1.6120750904083252
9045,1.858832597732544,-1.5613704919815063
9046,1.9948078393936157,-1.504097580909729
9047,2.2177114486694336,-1.5408663749694824
9048,1.9642142057418823,-1.461851954460144
9049,2.203104019165039,-1.6500718593597412
9050,2.2704477310180664,-1.5628184080123901
9051,2.338503837585449,-1.8119800090789795
9052,2.0142738819122314,-1.5703942775726318
9053,2.049588680267334,-1.4607477188110352
9054,2.0811104774475098,-1.5453622341156006
9055,2.2490015029907227,-1.8168426752090454
9056,1.955230474472046,-1.6458505392074585
9057,2.16207218170166,-1.5269125699996948
9058,2.2078914642333984,-1.5725500583648682
9059,1.9896596670150757,-1.4324551820755005
9060,2.236581325531006,-1.5175634622573853
9061,2.2026209831237793,-1.558074951171875
9062,2.447425365447998,-1.4600356817245483
9063,2.232668399810791,-1.4797260761260986
9064,2.289149284362793,-1.3898745775222778
9065,2.272214889526367,-1.5010241270065308
9066,2.4285786151885986,-1.6461623907089233
9067,2.0670766830444336,-1.322690725326538
9068,2.140228271484375,-1.575779914855957
9069,1.9583544731140137,-1.880810260772705
9070,2.297349452972412,-1.6283633708953857
9071,2.2176690101623535,-1.5499876737594604
9072,2.029693603515625,-1.2468385696411133
9073,2.1173465251922607,-1.4293636083602905
9074,2.4160656929016113,-1.8267695903778076
9075,2.6244421005249023,-1.5015608072280884
9076,2.1766910552978516,-1.6551141738891602
9077,2.2759766578674316,-1.4139912128448486
9078,2.247098445892334,-1.330664873123169
9079,2.0230751037597656,-1.3596104383468628
9080,1.9913249015808105,-1.3925445079803467
9081,2.8057308197021484,-1.4218473434448242
9082,2.129274368286133,-1.5060162544250488
9083,2.199608564376831,-1.5160539150238037
9084,2.1534371376037598,-1.363447904586792
9085,1.932091236114502,-1.4646742343902588
9086,2.2554092407226562,-1.8205746412277222
9087,2.073819637298584,-1.479399561882019
9088,1.8959946632385254,-1.572332739830017
9089,2.3575925827026367,-1.6529135704040527
9090,1.9277398586273193,-1.5360586643218994
9091,2.0714187622070312,-1.4673030376434326
9092,2.1670565605163574,-1.730879545211792
9093,2.1504580974578857,-1.5450187921524048
9094,2.385507106781006,-1.6482577323913574
9095,2.280874729156494,-1.4647711515426636
9096,2.0936412811279297,-1.3408257961273193
9097,2.0710747241973877,-1.5388048887252808
9098,2.054507255554199,-1.6129478216171265
9099,2.400761365890503,-1.51961088180542
9100,2.283679723739624,-1.7252171039581299
9101,2.312192440032959,-1.2997233867645264
9102,2.0449929237365723,-1.5238139629364014
9103,2.2884750366210938,-1.4454149007797241
9104,2.07883882522583,-1.5786229372024536
9105,2.0544686317443848,-1.4609322547912598
9106,2.002155065536499,-1.6548514366149902
9107,2.2596139907836914,-1.6294529438018799
9108,2.264925956726074,-1.5243721008300781
9109,2.086480140686035,-1.643799901008606
9110,2.3751940727233887,-1.4957090616226196
9111,2.042375087738037,-1.4978394508361816
9112,2.589771270751953,-1.5770289897918701
9113,2.41632080078125,-1.8363653421401978
9114,2.535311698913574,-1.6100720167160034
9115,2.128342628479004,-1.4556176662445068
9116,2.590643882751465,-1.2129817008972168
9117,2.528198719024658,-1.700392723083496
9118,2.330563545227051,-1.439475655555725
9119,2.3469433784484863,-1.4501440525054932
9120,2.333177328109741,-1.1989223957061768
9121,2.306407928466797,-1.4181214570999146
9122,2.17421817779541,-1.4047555923461914
9123,2.311734676361084,-1.2844754457473755
9124,1.9393523931503296,-1.5016472339630127
9125,2.2755818367004395,-1.6856811046600342
9126,1.9036145210266113,-1.6093829870224
9127,2.175279140472412,-1.5334947109222412
9128,1.9795482158660889,-1.5618939399719238
9129,2.208372116088867,-1.5731106996536255
9130,2.2313947677612305,-1.9269797801971436
9131,2.2353391647338867,-1.5027350187301636
9132,2.134401321411133,-1.6010403633117676
9133,2.2766427993774414,-1.579118013381958
9134,1.986505150794983,-1.5085992813110352
9135,1.9680726528167725,-1.2746305465698242
9136,2.0857431888580322,-1.415168285369873
9137,2.3881969451904297,-1.6480234861373901
9138,2.4572224617004395,-1.5119003057479858
9139,2.0099291801452637,-1.364085078239441
9140,2.2272868156433105,-1.6661419868469238
9141,1.977171540260315,-1.4855514764785767
9142,1.9543485641479492,-1.5701366662979126
9143,2.151992082595825,-1.3599658012390137
9144,2.1339125633239746,-1.47507905960083
9145,2.147655963897705,-1.3626140356063843
9146,2.4706931114196777,-1.442724585533142
9147,1.910642385482788,-1.7540327310562134
9148,2.276977062225342,-1.2671338319778442
9149,1.9507200717926025,-1.5187360048294067
9150,1.957824468612671,-1.333717942237854
9151,2.153419017791748,-1.4542036056518555
9152,2.0141470432281494,-1.2671855688095093
9153,2.092933416366577,-1.6652100086212158
9154,2.1733744144439697,-1.6812602281570435
9155,2.0167477130889893,-1.2398862838745117
9156,2.175426721572876,-1.3221848011016846
9157,2.1930184364318848,-1.520260214805603
9158,2.3947572708129883,-1.6959227323532104
9159,2.236942768096924,-1.3946532011032104
9160,2.2352261543273926,-1.5363173484802246
9161,1.9552154541015625,-1.5108450651168823
9162,2.5920090675354004,-1.7555499076843262
9163,2.3101205825805664,-1.4086079597473145
9164,1.8548331260681152,-1.3892112970352173
9165,2.1752285957336426,-1.5546704530715942
9166,1.9457677602767944,-1.3457849025726318
9167,2.491304874420166,-1.5055776834487915
9168,2.2091195583343506,-1.9221606254577637
9169,2.5873098373413086,-1.7025772333145142
9170,2.1925759315490723,-1.4376109838485718
9171,1.9993932247161865,-1.6274570226669312
9172,2.2993874549865723,-1.4440351724624634
9173,2.076885938644409,-1.429253339767456
9174,2.3574819564819336,-1.8131119012832642
9175,2.572434902191162,-1.224699854850769
9176,2.0989151000976562,-1.764975905418396
9177,2.014071226119995,-1.4538094997406006
9178,2.582540512084961,-1.424741506576538
9179,2.185473918914795,-1.428855538368225
9180,2.316521644592285,-1.592582106590271
9181,2.695164203643799,-1.393983006477356
9182,2.354856014251709,-1.110267162322998
9183,2.694350004196167,-1.367424488067627
9184,2.2892608642578125,-1.904930591583252
9185,2.412489414215088,-1.608209490776062
9186,2.59417724609375,-1.5463403463363647
9187,2.32289457321167,-1.607469916343689
9188,2.2821247577667236,-1.3110957145690918
9189,3.0760374069213867,-2.1242098808288574
9190,2.048654794692993,-1.4582802057266235
9191,2.4867162704467773,-1.479091763496399
9192,2.270444631576538,-1.4990290403366089
9193,2.429896354675293,-1.2982712984085083
9194,2.62677001953125,-1.4349359273910522
9195,2.1798782348632812,-1.2328323125839233
9196,2.3812968730926514,-1.5922428369522095
9197,2.2366485595703125,-1.2668877840042114
9198,2.8116722106933594,-1.4959620237350464
9199,2.4481217861175537,-1.4283159971237183
9200,2.2431817054748535,-1.3734707832336426
9201,2.535059690475464,-1.2848749160766602
9202,2.0872325897216797,-1.5397917032241821
9203,2.050896644592285,-1.5020513534545898
9204,2.0784218311309814,-1.235100507736206
9205,2.2698984146118164,-1.6438449621200562
9206,2.4485130310058594,-1.385526180267334
9207,2.41702938079834,-1.462128758430481
9208,2.1203837394714355,-1.4852555990219116
9209,2.3847031593322754,-1.6853023767471313
9210,2.5944857597351074,-1.4572545289993286
9211,2.6107726097106934,-1.6739017963409424
9212,2.4960546493530273,-1.4752694368362427
9213,2.367434024810791,-1.4156908988952637
9214,2.4950504302978516,-1.5574694871902466
9215,2.246410369873047,-1.5974321365356445
9216,2.756392478942871,-1.4683140516281128
9217,2.057803153991699,-1.436048984527588
9218,2.732161045074463,-1.2972010374069214
9219,2.503500461578369,-1.2410017251968384
9220,2.4624314308166504,-1.2133288383483887
9221,2.155496120452881,-1.4341822862625122
9222,2.238388776779175,-1.296976923942566
9223,2.206463575363159,-1.769682765007019
9224,2.3292927742004395,-1.4974493980407715
9225,2.1505396366119385,-1.5140913724899292
9226,2.297659397125244,-1.35182785987854
9227,2.197288990020752,-1.613433837890625
9228,2.2334814071655273,-1.4663994312286377
9229,1.865992784500122,-1.4800705909729004
9230,2.0625829696655273,-1.327142357826233
9231,2.2556371688842773,-1.6220630407333374
9232,2.7462565898895264,-1.4494911432266235
9233,2.5593676567077637,-1.5684220790863037
9234,2.0849485397338867,-1.5195907354354858
9235,2.263284921646118,-1.5044257640838623
9236,2.092318296432495,-1.4057496786117554
9237,2.0210142135620117,-1.6547733545303345
9238,2.1451098918914795,-1.1527799367904663
9239,2.6991145610809326,-1.6743930578231812
9240,2.1147706508636475,-1.4558123350143433
9241,2.307527542114258,-1.4781832695007324
9242,2.0030391216278076,-1.5319344997406006
9243,2.5339457988739014,-1.409691333770752
9244,2.2379565238952637,-1.447806715965271
9245,1.81223726272583,-1.5228562355041504
9246,1.930891990661621,-1.4955620765686035
9247,2.082386016845703,-1.3919330835342407
9248,2.388845920562744,-1.611383080482483
9249,1.8959091901779175,-1.3330392837524414
9250,2.217366933822632,-1.6219532489776611
9251,1.8891922235488892,-1.438043236732483
9252,2.1216564178466797,-1.1772469282150269
9253,2.313260555267334,-1.3302857875823975
9254,2.0907108783721924,-1.7821362018585205
9255,2.040090322494507,-1.5518620014190674
9256,2.162374973297119,-1.309075117111206
9257,2.263188362121582,-1.5140501260757446
9258,2.2275118827819824,-1.5084494352340698
9259,2.4006359577178955,-1.472243309020996
9260,2.022697925567627,-1.4363200664520264
9261,2.15456223487854,-1.4131008386611938
9262,2.0263283252716064,-1.522263526916504
9263,2.204318046569824,-1.1710278987884521
9264,2.0294506549835205,-1.7012687921524048
9265,2.13326358795166,-1.487870693206787
9266,2.396735668182373,-1.40839421749115
9267,2.0449600219726562,-1.3150666952133179
9268,2.0965633392333984,-1.641440749168396
9269,2.59332275390625,-1.2374075651168823
9270,2.231977939605713,-1.238760232925415
9271,2.009305000305176,-1.5692728757858276
9272,2.6260738372802734,-1.367765188217163
9273,2.442063808441162,-1.354386568069458
9274,2.0985894203186035,-1.4904770851135254
9275,2.2660884857177734,-1.3802299499511719
9276,2.1507487297058105,-1.3065354824066162
9277,2.210592746734619,-1.366295576095581
9278,2.10227108001709,-1.4817938804626465
9279,2.0552759170532227,-1.2576533555984497
9280,2.271162748336792,-1.252048373222351
9281,2.2286124229431152,-1.572658896446228
9282,2.1273326873779297,-1.6025176048278809
9283,2.025521993637085,-1.4162615537643433
9284,2.114459991455078,-1.1375586986541748
9285,2.117391586303711,-1.5294098854064941
9286,2.260611057281494,-1.5332489013671875
9287,1.9769415855407715,-1.5533370971679688
9288,2.1332595348358154,-1.166580080986023
9289,2.1810853481292725,-1.2872565984725952
9290,2.1796212196350098,-1.4238195419311523
9291,1.935955286026001,-1.1776596307754517
9292,1.9814541339874268,-1.4212323427200317
9293,2.244481086730957,-1.420056939125061
9294,1.9361411333084106,-1.6346747875213623
9295,2.3970441818237305,-1.306351661682129
9296,2.313295841217041,-1.6569716930389404
9297,1.9010779857635498,-1.3659178018569946
9298,2.435628890991211,-1.4438385963439941
9299,2.117863655090332,-1.5509246587753296
9300,2.347050905227661,-1.554396390914917
9301,2.1368932723999023,-1.2045071125030518
9302,1.8742308616638184,-1.3499078750610352
9303,1.8098745346069336,-1.4380759000778198
9304,2.225493907928467,-1.5928410291671753
9305,2.2460694313049316,-1.4747767448425293
9306,1.9950087070465088,-1.3939932584762573
9307,2.4999184608459473,-1.5106399059295654
9308,2.225048065185547,-1.2812397480010986
9309,2.0252466201782227,-1.5073635578155518
9310,2.2342567443847656,-1.4294430017471313
9311,2.1186046600341797,-1.5125962495803833
9312,2.3146145343780518,-1.5154560804367065
9313,1.9629065990447998,-1.4625719785690308
9314,2.2839784622192383,-1.6290985345840454
9315,2.1984591484069824,-1.6617573499679565
9316,2.0465362071990967,-1.1264522075653076
9317,2.1381428241729736,-1.2579439878463745
9318,2.081674337387085,-1.2203682661056519
9319,2.242043972015381,-1.4585084915161133
9320,2.047995090484619,-1.5605688095092773
9321,2.173501491546631,-1.3794630765914917
9322,2.0906572341918945,-1.5232229232788086
9323,2.3602538108825684,-1.0477325916290283
9324,2.155874252319336,-1.3094900846481323
9325,1.8342950344085693,-1.3070268630981445
9326,2.294650077819824,-1.2594778537750244
9327,1.9504761695861816,-1.5169382095336914
9328,1.919304370880127,-1.4092347621917725
9329,2.1493873596191406,-1.3104912042617798
9330,2.574462890625,-1.547571063041687
9331,1.9013142585754395,-1.2557944059371948
9332,1.9322514533996582,-1.4475001096725464
9333,1.87947416305542,-1.3676327466964722
9334,2.157621145248413,-1.0763297080993652
9335,2.0855603218078613,-1.4627605676651
9336,2.0870800018310547,-1.3154830932617188
9337,2.1138012409210205,-1.3994574546813965
9338,2.1238479614257812,-1.4991728067398071
9339,1.9659051895141602,-1.4159798622131348
9340,2.1463167667388916,-1.3364506959915161
9341,2.1735856533050537,-1.3163446187973022
9342,2.089444875717163,-1.5561672449111938
9343,2.2560062408447266,-1.5526663064956665
9344,2.3463478088378906,-1.372100830078125
9345,2.4290761947631836,-1.295745849609375
9346,2.284879446029663,-1.2704598903656006
9347,2.1277379989624023,-1.669123888015747
9348,2.578251361846924,-1.4412527084350586
9349,2.530442714691162,-1.4794763326644897
9350,2.2578723430633545,-1.5997347831726074
9351,2.212174892425537,-1.251654863357544
9352,2.5188727378845215,-1.5493241548538208
9353,2.4251255989074707,-1.3637282848358154
9354,2.3019583225250244,-1.3491183519363403
9355,2.781276226043701,-1.6033332347869873
9356,2.2909531593322754,-1.495426893234253
9357,2.5188674926757812,-1.459720492362976
9358,2.386414051055908,-1.5788981914520264
9359,2.747363567352295,-1.4362835884094238
9360,2.78572416305542,-1.4792765378952026
9361,2.2086095809936523,-1.141405463218689
9362,2.2586350440979004,-1.4886789321899414
9363,2.436166763305664,-1.6812410354614258
9364,2.4636435508728027,-1.3595422506332397
9365,1.9233119487762451,-1.4412437677383423
9366,2.538412570953369,-1.7529549598693848
9367,2.229912281036377,-1.5918725728988647
9368,2.852062702178955,-1.3640400171279907
9369,2.5350375175476074,-1.5214864015579224
9370,2.1959238052368164,-1.141385555267334
9371,2.1805102825164795,-1.2312648296356201
9372,1.9937266111373901,-1.3637940883636475
9373,2.091057777404785,-1.2340879440307617
9374,2.9657139778137207,-1.4857486486434937
9375,2.221181869506836,-1.7049576044082642
9376,2.3352534770965576,-1.4731184244155884
9377,2.5566840171813965,-1.4233342409133911
9378,2.4059102535247803,-1.4893875122070312
9379,2.5099782943725586,-1.3270926475524902
9380,2.2412004470825195,-1.3367222547531128
9381,2.0875444412231445,-1.8425014019012451
9382,2.243835926055908,-1.3983672857284546
9383,2.3541159629821777,-1.4802882671356201
9384,2.2534122467041016,-1.2954484224319458
9385,2.18822979927063,-1.4658846855163574
9386,2.0440943241119385,-1.3890169858932495
9387,2.405787944793701,-1.3860142230987549
9388,2.008047103881836,-1.4937504529953003
9389,2.1188483238220215,-1.492182731628418
9390,2.025834798812866,-1.200882911682129
9391,2.148127794265747,-1.2473971843719482
9392,2.3201143741607666,-1.544801950454712
9393,2.3646795749664307,-1.5182706117630005
9394,2.0673913955688477,-1.4940458536148071
9395,2.192150115966797,-1.0319104194641113
9396,2.106571674346924,-1.7343367338180542
9397,1.9016324281692505,-1.4599969387054443
9398,2.1562507152557373,-1.4609766006469727
9399,2.146693706512451,-1.4739106893539429
9400,2.1109910011291504,-1.3337632417678833
9401,2.178863763809204,-1.4184222221374512
9402,2.2421088218688965,-1.601435661315918
9403,2.1998844146728516,-1.843721628189087
9404,2.5400772094726562,-1.4100009202957153
9405,2.231950283050537,-1.4838064908981323
9406,2.4782187938690186,-1.4250075817108154
9407,1.9319143295288086,-1.3798948526382446
9408,2.4078774452209473,-1.3561838865280151
9409,1.9673038721084595,-1.3850312232971191
9410,2.2745871543884277,-1.182685136795044
9411,2.237309217453003,-1.486385464668274
9412,1.9156500101089478,-1.3551983833312988
9413,1.9868762493133545,-1.4665330648422241
9414,2.4990592002868652,-1.5553323030471802
9415,2.128713607788086,-1.385817289352417
9416,2.4147214889526367,-1.1688411235809326
9417,2.4365463256835938,-1.7484931945800781
9418,2.4853763580322266,-1.5042052268981934
9419,2.371079921722412,-1.3581069707870483
9420,2.334347724914551,-1.1432780027389526
9421,2.414391279220581,-1.2333141565322876
9422,2.0503599643707275,-1.5045950412750244
9423,2.65191650390625,-1.4744584560394287
9424,1.8696823120117188,-1.276678204536438
9425,2.068972587585449,-1.4633463621139526
9426,2.0161123275756836,-1.527280569076538
9427,1.9247554540634155,-1.2800264358520508
9428,2.164876937866211,-1.343834638595581
9429,2.2033534049987793,-1.4441004991531372
9430,2.1701223850250244,-1.5126533508300781
9431,2.5865659713745117,-1.4389415979385376
9432,2.224919319152832,-1.4751418828964233
9433,2.2700908184051514,-1.1387830972671509
9434,2.1775879859924316,-1.4464695453643799
9435,2.259770393371582,-1.4693697690963745
9436,2.113941192626953,-1.477851390838623
9437,2.022022247314453,-1.2597192525863647
9438,2.2367119789123535,-1.6256784200668335
9439,2.1682419776916504,-1.734999418258667
9440,2.044084072113037,-1.2529199123382568
9441,2.07147479057312,-1.4323112964630127
9442,1.9927361011505127,-1.448483943939209
9443,1.9491761922836304,-1.3352755308151245
9444,2.095611810684204,-1.6195385456085205
9445,2.8948845863342285,-1.351084589958191
9446,2.0042471885681152,-1.3733793497085571
9447,2.300534963607788,-1.4362537860870361
9448,2.342517614364624,-1.4239953756332397
9449,2.113804340362549,-1.3180769681930542
9450,2.0495858192443848,-1.5124459266662598
9451,2.2067859172821045,-1.4781233072280884
9452,2.026083469390869,-1.261428713798523
9453,2.1336188316345215,-1.2135517597198486
9454,2.23573637008667,-1.539304494857788
9455,1.9602009057998657,-1.5704023838043213
9456,2.0066678524017334,-1.3709912300109863
9457,2.1975317001342773,-1.2908775806427002
9458,2.4662184715270996,-1.4854447841644287
9459,2.1733336448669434,-1.5311553478240967
9460,1.9887940883636475,-1.7390398979187012
9461,2.3552284240722656,-1.5008795261383057
9462,2.2604589462280273,-1.459978461265564
9463,2.2503252029418945,-1.3284448385238647
9464,1.9655909538269043,-1.2299710512161255
9465,2.1578783988952637,-1.439030647277832
9466,2.1508870124816895,-1.4100521802902222
9467,2.2597475051879883,-1.4482736587524414
9468,2.1532604694366455,-1.536152958869934
9469,2.159308910369873,-1.6027508974075317
9470,2.4517769813537598,-1.446373462677002
9471,2.0305697917938232,-1.2706161737442017
9472,2.233536720275879,-1.2408884763717651
9473,1.9154062271118164,-1.2929514646530151
9474,2.3549208641052246,-1.3299925327301025
9475,2.3426945209503174,-1.431644320487976
9476,2.535484552383423,-1.2817782163619995
9477,2.0106635093688965,-1.2146090269088745
9478,2.1670994758605957,-1.5541138648986816
9479,2.095183849334717,-1.4328110218048096
9480,2.428561210632324,-1.4664983749389648
9481,2.4643759727478027,-1.3029457330703735
9482,1.9796080589294434,-1.50648832321167
9483,2.1189255714416504,-1.5471316576004028
9484,2.0296835899353027,-1.3858524560928345
9485,2.0778322219848633,-1.4552286863327026
9486,2.0824196338653564,-1.2308498620986938
9487,2.3026442527770996,-1.592840552330017
9488,2.472825527191162,-1.378403902053833
9489,2.0624537467956543,-1.4816921949386597
9490,2.5769710540771484,-1.5597246885299683
9491,1.884609341621399,-1.2984102964401245
9492,2.153207540512085,-1.311374306678772
9493,2.091240406036377,-1.5154212713241577
9494,2.0690360069274902,-1.426775336265564
9495,2.1323318481445312,-1.5248205661773682
9496,1.9209096431732178,-1.2294124364852905
9497,2.1063058376312256,-1.335137963294983
9498,2.031968116760254,-1.2616180181503296
9499,1.852159023284912,-1.3227145671844482
9500,2.4803028106689453,-1.4582016468048096
9501,2.273789405822754,-1.1618081331253052
9502,2.342970371246338,-1.4655158519744873
9503,1.828234076499939,-1.4210716485977173
9504,2.127117395401001,-1.3961100578308105
9505,2.597933053970337,-1.5116430521011353
9506,2.666919469833374,-1.4080252647399902
9507,2.281301975250244,-1.2068222761154175
9508,2.2105722427368164,-1.5681538581848145
9509,2.5220985412597656,-1.4275529384613037
9510,2.31966495513916,-1.2374154329299927
9511,2.353405237197876,-1.4976938962936401
9512,2.4528138637542725,-1.3811962604522705
9513,2.0067267417907715,-1.1852962970733643
9514,2.197632312774658,-1.3986613750457764
9515,2.4146981239318848,-1.4132968187332153
9516,2.0699095726013184,-1.5918329954147339
9517,2.352342128753662,-1.4408236742019653
9518,2.2481679916381836,-1.3248107433319092
9519,2.4965479373931885,-1.4535964727401733
9520,2.164045572280884,-1.4377423524856567
9521,2.25213623046875,-1.4853007793426514
9522,2.013763666152954,-1.435515284538269
9523,2.283295154571533,-1.2853190898895264
9524,2.1713509559631348,-1.498315453529358
9525,2.611734628677368,-1.0951043367385864
9526,2.410198211669922,-1.3976006507873535
9527,2.2417731285095215,-1.616740107536316
9528,2.1536431312561035,-1.3764770030975342
9529,2.6488137245178223,-1.4740235805511475
9530,2.120779514312744,-1.5370965003967285
9531,2.275146961212158,-1.5541819334030151
9532,2.095189094543457,-1.4844093322753906
9533,2.20064115524292,-1.5024609565734863
9534,2.5628604888916016,-1.4768873453140259
9535,2.300312042236328,-1.5367244482040405
9536,2.306617259979248,-1.2165517807006836
9537,2.135108709335327,-1.382402777671814
9538,2.40031099319458,-1.263107419013977
9539,2.181671142578125,-1.300940990447998
9540,2.533217668533325,-1.230969786643982
9541,1.9640755653381348,-1.6967147588729858
9542,2.2404556274414062,-1.2475101947784424
9543,2.31703519821167,-1.3215155601501465
9544,2.0784835815429688,-1.3037045001983643
9545,1.9902284145355225,-1.3771743774414062
9546,2.4711737632751465,-1.4231098890304565
9547,2.01800537109375,-1.3075031042099
9548,2.026965618133545,-1.203253984451294
9549,2.2711265087127686,-1.2940313816070557
9550,2.070344924926758,-1.2300993204116821
9551,2.180532932281494,-1.4923906326293945
9552,2.5587053298950195,-1.658318042755127
9553,2.2129931449890137,-1.330277919769287
9554,2.3759164810180664,-1.1600544452667236
9555,2.2293596267700195,-1.2142692804336548
9556,2.118802785873413,-1.309658169746399
9557,2.1510143280029297,-1.4102586507797241
9558,2.260528564453125,-1.2706507444381714
9559,2.1861188411712646,-1.4268380403518677
9560,2.25917911529541,-1.3574811220169067
9561,2.192701578140259,-1.2756714820861816
9562,2.290647506713867,-1.383287787437439
9563,1.9683926105499268,-1.303233027458191
9564,2.253528356552124,-1.5160815715789795
9565,2.462871551513672,-1.4394527673721313
9566,2.3270998001098633,-1.328221082687378
9567,2.5582845211029053,-1.5327354669570923
9568,2.409853458404541,-1.3780215978622437
9569,2.141707181930542,-1.3693301677703857
9570,1.9480462074279785,-1.2873629331588745
9571,2.2945594787597656,-1.3045599460601807
9572,2.0388710498809814,-1.3928929567337036
9573,2.0238373279571533,-1.2697279453277588
9574,2.465178966522217,-1.4213824272155762
9575,2.1043124198913574,-1.4141005277633667
9576,2.3297243118286133,-1.3668745756149292
9577,2.235969066619873,-1.3898392915725708
9578,1.7996697425842285,-1.2433379888534546
9579,2.3709592819213867,-1.4403283596038818
9580,2.045081615447998,-1.3431670665740967
9581,2.58074951171875,-1.493494987487793
9582,1.9838175773620605,-1.3321967124938965
9583,2.2168781757354736,-1.3729525804519653
9584,1.9967646598815918,-1.3093525171279907
9585,2.0754148960113525,-1.4382094144821167
9586,1.984231948852539,-1.402498483657837
9587,2.0992202758789062,-1.5243127346038818
9588,2.2955589294433594,-1.2762537002563477
9589,2.335146427154541,-1.3040764331817627
9590,2.0019750595092773,-1.3727129697799683
9591,2.0384488105773926,-1.5262500047683716
9592,2.2972586154937744,-1.408967137336731
9593,2.2678654193878174,-1.5634765625
9594,1.9204919338226318,-1.5686339139938354
9595,2.235271692276001,-1.5015521049499512
9596,2.3021240234375,-1.3405566215515137
9597,2.184662342071533,-1.4104076623916626
9598,2.0303637981414795,-1.5119633674621582
9599,2.1392993927001953,-1.3184150457382202
9600,2.53914737701416,-1.2786873579025269
9601,2.5155670642852783,-1.1874734163284302
9602,1.9894543886184692,-1.1843774318695068
9603,2.3263635635375977,-1.2535529136657715
9604,2.179835796356201,-1.064504861831665
9605,2.0547304153442383,-0.9028378129005432
9606,2.281857967376709,-1.3327994346618652
9607,2.4117684364318848,-1.4519095420837402
9608,2.4819555282592773,-1.5301648378372192
9609,2.2754783630371094,-1.3624331951141357
9610,1.991641879081726,-1.2857179641723633
9611,2.198712110519409,-1.4857401847839355
9612,2.1744468212127686,-1.5094964504241943
9613,2.3044862747192383,-1.175309419631958
9614,2.3212642669677734,-1.1923025846481323
9615,2.045267105102539,-1.4535720348358154
9616,2.3441696166992188,-1.1743395328521729
9617,1.8790874481201172,-1.2039047479629517
9618,2.225759983062744,-1.3090031147003174
9619,2.151247024536133,-1.3986927270889282
9620,2.2189249992370605,-1.4756611585617065
9621,2.5121374130249023,-1.550574541091919
9622,2.2345283031463623,-1.355400800704956
9623,2.3039140701293945,-1.243385672569275
9624,2.216616153717041,-1.374355435371399
9625,2.393779754638672,-1.3979421854019165
9626,2.3721446990966797,-1.4353346824645996
9627,2.4614181518554688,-1.4235740900039673
9628,2.0660462379455566,-1.2418618202209473
9629,2.439436435699463,-1.2665066719055176
9630,2.296264410018921,-1.3075453042984009
9631,2.1634087562561035,-1.2082715034484863
9632,2.399585008621216,-1.2174686193466187
9633,2.2418813705444336,-1.4682998657226562
9634,2.171931028366089,-1.24067223072052
9635,2.006373167037964,-1.2200405597686768
9636,2.0592775344848633,-1.3828181028366089
9637,2.2592482566833496,-1.2919200658798218
9638,2.1921849250793457,-1.2599395513534546
9639,1.886066198348999,-1.2819721698760986
9640,2.019674301147461,-1.2752305269241333
9641,2.1440229415893555,-1.360892653465271
9642,2.1413495540618896,-1.2075101137161255
9643,2.266007900238037,-1.2523248195648193
9644,2.1037416458129883,-1.299473762512207
9645,2.2502312660217285,-1.3351807594299316
9646,2.34655499458313,-1.3392996788024902
9647,2.2855677604675293,-1.548570990562439
9648,2.0874385833740234,-1.278020977973938
9649,2.3176960945129395,-1.2364647388458252
9650,2.4916937351226807,-1.2701700925827026
9651,1.9718952178955078,-1.1541645526885986
9652,2.4525933265686035,-1.5418884754180908
9653,2.2203598022460938,-1.3170139789581299
9654,1.8923143148422241,-1.1339101791381836
9655,2.1525769233703613,-1.2686418294906616
9656,2.17861008644104,-1.2954795360565186
9657,2.2280025482177734,-1.0290271043777466
9658,2.1987695693969727,-1.4030619859695435
9659,2.368299961090088,-1.4471157789230347
9660,2.249631881713867,-1.2366069555282593
9661,2.338707208633423,-1.460779070854187
9662,2.2608680725097656,-1.2845834493637085
9663,2.0693607330322266,-1.3466262817382812
9664,2.0743825435638428,-1.2073956727981567
9665,2.2949471473693848,-1.327425241470337
9666,2.247781753540039,-1.3507252931594849
9667,2.08838152885437,-1.3835643529891968
9668,2.3991951942443848,-1.2907487154006958
9669,2.0242843627929688,-1.287543535232544
9670,2.3688888549804688,-1.3865704536437988
9671,2.278024673461914,-1.2673563957214355
9672,2.2488136291503906,-1.2290043830871582
9673,2.643951892852783,-1.2910076379776
9674,2.526235818862915,-1.5307632684707642
9675,2.6010727882385254,-1.2959465980529785
9676,2.392918586730957,-1.151787281036377
9677,2.254256248474121,-1.0850040912628174
9678,2.3439202308654785,-1.3655390739440918
9679,2.373136043548584,-1.552167534828186
9680,2.1571106910705566,-1.1945480108261108
9681,2.28853702545166,-1.4797558784484863
9682,2.205622434616089,-1.3248142004013062
9683,2.1521174907684326,-1.175848126411438
9684,2.164637565612793,-1.3255555629730225
9685,2.427461624145508,-1.3235158920288086
9686,2.412574529647827,-1.2917863130569458
9687,2.2285685539245605,-1.2617243528366089
9688,2.221312999725342,-1.2986183166503906
9689,1.96323561668396,-1.343482255935669
9690,2.060875177383423,-1.1394355297088623
9691,2.256620407104492,-1.4128351211547852
9692,2.246950387954712,-1.3167568445205688
9693,2.2510910034179688,-1.4592597484588623
9694,2.0353026390075684,-1.3108221292495728
9695,2.1442322731018066,-1.4946943521499634
9696,2.023581027984619,-1.2114578485488892
9697,2.2764296531677246,-1.3380454778671265
9698,1.972815752029419,-1.2645870447158813
9699,2.289715051651001,-1.2207627296447754
9700,2.2967119216918945,-1.2142720222473145
9701,2.2925209999084473,-1.3066208362579346
9702,2.0700204372406006,-1.3201687335968018
9703,1.883803129196167,-1.425349473953247
9704,1.8988738059997559,-1.2458903789520264
9705,2.07535457611084,-1.2949446439743042
9706,2.186081886291504,-1.3275692462921143
9707,2.0097999572753906,-1.3556727170944214
9708,2.1620254516601562,-1.2152599096298218
9709,2.3553223609924316,-1.365085482597351
9710,2.244710922241211,-1.1125075817108154
9711,1.9896023273468018,-1.268308162689209
9712,2.162813663482666,-1.2541065216064453
9713,2.1746132373809814,-1.3364216089248657
9714,2.3393282890319824,-1.58701753616333
9715,2.1936402320861816,-1.406531810760498
9716,2.1975278854370117,-1.3870713710784912
9717,2.475903034210205,-1.1797748804092407
9718,2.1823747158050537,-1.368155837059021
9719,2.3549399375915527,-1.1691038608551025
9720,2.2893707752227783,-1.1789227724075317
9721,2.19901180267334,-1.2669641971588135
9722,2.1919326782226562,-1.207858920097351
9723,2.672832489013672,-1.3558926582336426
9724,2.2003681659698486,-1.4201500415802002
9725,2.5146830081939697,-1.1866183280944824
9726,2.315704345703125,-1.2190114259719849
9727,2.575174331665039,-1.2875189781188965
9728,2.252866268157959,-1.3525906801223755
9729,2.148404598236084,-1.4921250343322754
9730,2.1945900917053223,-1.1874881982803345
9731,2.3343758583068848,-1.3116928339004517
9732,2.3187665939331055,-1.1456140279769897
9733,2.3391213417053223,-1.369339942932129
9734,2.8755078315734863,-1.2038518190383911
9735,2.205601692199707,-1.1656081676483154
9736,2.4195685386657715,-1.2789071798324585
9737,2.365588665008545,-1.251198410987854
9738,2.1590418815612793,-1.3490523099899292
9739,2.225140333175659,-1.199827790260315
9740,2.427846670150757,-0.9684622287750244
9741,2.266824245452881,-1.1918998956680298
9742,2.4429893493652344,-1.4935753345489502
9743,2.0816807746887207,-1.090417504310608
9744,2.234044075012207,-1.3971444368362427
9745,2.3268537521362305,-1.5735722780227661
9746,2.323611259460449,-1.4690277576446533
9747,2.292055130004883,-1.2797051668167114
9748,2.326035976409912,-1.2449012994766235
9749,2.0492653846740723,-1.3006585836410522
9750,2.0185279846191406,-1.2825076580047607
9751,2.5033674240112305,-1.3086345195770264
9752,2.08720064163208,-1.3680838346481323
9753,2.2851078510284424,-1.404658317565918
9754,2.1377644538879395,-1.4263306856155396
9755,1.8581900596618652,-1.318098783493042
9756,1.8950488567352295,-1.3067004680633545
9757,2.2296407222747803,-1.1528408527374268
9758,2.0311994552612305,-1.3841350078582764
9759,2.284250259399414,-1.31486177444458
9760,2.205112934112549,-1.4391766786575317
9761,2.0034799575805664,-1.3657780885696411
9762,2.174959421157837,-1.3009735345840454
9763,2.38496732711792,-1.636562466621399
9764,2.112884283065796,-1.5475780963897705
9765,2.187699317932129,-1.374868631362915
9766,2.3604865074157715,-1.3157786130905151
9767,2.2292137145996094,-1.4220366477966309
9768,2.251911163330078,-1.5389424562454224
9769,2.351529836654663,-1.435767650604248
9770,2.1990013122558594,-1.1538220643997192
9771,1.7022842168807983,-1.487288475036621
9772,2.320632219314575,-1.3872196674346924
9773,2.610579490661621,-1.317295789718628
9774,2.4086737632751465,-1.379263162612915
9775,2.043766736984253,-1.2182296514511108
9776,2.0400776863098145,-1.1759483814239502
9777,2.395493984222412,-1.4369698762893677
9778,2.130378007888794,-1.1689622402191162
9779,1.9897085428237915,-1.2699273824691772
9780,2.0831286907196045,-1.2940846681594849
9781,1.8960762023925781,-1.1344540119171143
9782,1.9918216466903687,-1.1161233186721802
9783,2.217653274536133,-1.209205150604248
9784,2.0649003982543945,-1.3609833717346191
9785,2.339568853378296,-1.421272873878479
9786,2.2598588466644287,-1.3464034795761108
9787,2.4221649169921875,-1.2528815269470215
9788,2.6005544662475586,-1.1453280448913574
9789,2.2906577587127686,-1.109848141670227
9790,2.019742012023926,-1.3242058753967285
9791,1.90372896194458,-1.2026894092559814
9792,1.9789719581604004,-1.464665174484253
9793,2.257471799850464,-1.3001608848571777
9794,2.1238903999328613,-1.5090646743774414
9795,2.4609451293945312,-1.3410989046096802
9796,2.168497323989868,-1.5094408988952637
9797,2.379687786102295,-1.3281869888305664
9798,2.307121992111206,-1.2047836780548096
9799,1.9883637428283691,-1.3106579780578613
9800,2.5120701789855957,-1.487648367881775
9801,2.1361889839172363,-1.3096377849578857
9802,1.8324830532073975,-1.5037217140197754
9803,2.017305850982666,-1.4326308965682983
9804,2.2083637714385986,-1.112971305847168
9805,2.1536622047424316,-1.4347871541976929
9806,2.196101665496826,-1.5078892707824707
9807,2.1478869915008545,-1.4125550985336304
9808,2.384890556335449,-1.203320860862732
9809,2.3291354179382324,-1.594722032546997
9810,2.4505414962768555,-1.300926685333252
9811,2.449653148651123,-1.2249685525894165
9812,2.188291549682617,-1.1865719556808472
9813,2.218763828277588,-1.444106101989746
9814,2.20119571685791,-1.4489909410476685
9815,2.3502063751220703,-1.2207694053649902
9816,2.2242932319641113,-1.3215779066085815
9817,2.2331347465515137,-1.4949696063995361
9818,2.307715892791748,-1.3905044794082642
9819,1.9132580757141113,-1.1630473136901855
9820,2.6397385597229004,-1.176344394683838
9821,2.348888874053955,-1.265456199645996
9822,2.132556676864624,-1.2977585792541504
9823,2.457930088043213,-1.3304046392440796
9824,2.5619397163391113,-1.3122004270553589
9825,2.289374351501465,-1.3868813514709473
9826,1.932558298110962,-1.2747182846069336
9827,2.0739240646362305,-1.2300865650177002
9828,2.0615763664245605,-1.4468889236450195
9829,2.0789682865142822,-1.220094919204712
9830,2.037027359008789,-1.4256094694137573
9831,2.1813223361968994,-1.2541226148605347
9832,2.3317971229553223,-1.022178053855896
9833,2.473637580871582,-1.392287015914917
9834,2.408249855041504,-1.5637730360031128
9835,1.9891453981399536,-1.2287033796310425
9836,2.4151391983032227,-1.2575236558914185
9837,2.367131233215332,-1.1988654136657715
9838,2.1980490684509277,-1.2252310514450073
9839,2.2957682609558105,-1.3634824752807617
9840,2.206901788711548,-1.1471480131149292
9841,2.6549272537231445,-1.0198206901550293
9842,2.62078595161438,-1.427873969078064
9843,2.228862762451172,-1.3951878547668457
9844,2.666473388671875,-1.168177843093872
9845,2.8984627723693848,-1.2504180669784546
9846,2.4739017486572266,-1.1777753829956055
9847,2.3678271770477295,-1.3504271507263184
9848,2.1671195030212402,-1.1656266450881958
9849,2.2164595127105713,-1.3463678359985352
9850,2.361825466156006,-1.2775681018829346
9851,2.298473358154297,-1.5385578870773315
9852,2.1076316833496094,-1.5476973056793213
9853,2.294680118560791,-1.417643427848816
9854,2.2415223121643066,-1.3046815395355225
9855,2.39084792137146,-1.2155386209487915
9856,2.410275936126709,-1.3445287942886353
9857,2.2181339263916016,-1.6380800008773804
9858,1.9016132354736328,-1.2518423795700073
9859,2.074061393737793,-1.3835134506225586
9860,2.1321120262145996,-1.2144490480422974
9861,2.1543760299682617,-1.4471054077148438
9862,2.657413959503174,-1.0500239133834839
9863,2.141026020050049,-1.2062634229660034
9864,2.4736242294311523,-1.1506943702697754
9865,1.9758127927780151,-1.3545184135437012
9866,2.1963274478912354,-1.2835732698440552
9867,2.2465744018554688,-1.2468067407608032
9868,2.057652473449707,-1.3733513355255127
9869,2.39107346534729,-1.3183048963546753
9870,2.148066997528076,-1.256686806678772
9871,2.165952444076538,-1.396679401397705
9872,2.343111515045166,-1.092494010925293
9873,2.388202667236328,-1.221564531326294
9874,2.171509265899658,-1.2469894886016846
9875,2.0883302688598633,-1.2945284843444824
9876,2.2239346504211426,-1.1158666610717773
9877,2.3859310150146484,-1.2878626585006714
9878,2.149855613708496,-1.1271841526031494
9879,2.235337257385254,-1.2905828952789307
9880,2.2118706703186035,-1.1005147695541382
9881,2.202573299407959,-1.308272123336792
9882,2.3009371757507324,-1.183658242225647
9883,2.263646125793457,-1.258621335029602
9884,1.929398536682129,-1.2207123041152954
9885,1.905714988708496,-1.1253859996795654
9886,1.9371697902679443,-1.3283218145370483
9887,2.3107380867004395,-1.2690438032150269
9888,2.021071434020996,-1.3603183031082153
9889,2.471057891845703,-1.404599905014038
9890,2.528597354888916,-1.2379618883132935
9891,2.293236255645752,-1.1198118925094604
9892,2.386981964111328,-1.0340174436569214
9893,2.0354418754577637,-1.1758145093917847
9894,1.9625053405761719,-1.3652472496032715
9895,2.3444480895996094,-1.124729871749878
9896,2.2723896503448486,-1.3224706649780273
9897,2.317819118499756,-1.3974460363388062
9898,2.9441046714782715,-1.3811829090118408
9899,2.305696725845337,-1.3708785772323608
9900,2.205615997314453,-1.4699620008468628
9901,2.283773422241211,-1.2007293701171875
9902,2.169965982437134,-1.4394718408584595
9903,2.581878423690796,-1.1629196405410767
9904,2.3132944107055664,-1.2681193351745605
9905,2.1289005279541016,-1.3757609128952026
9906,2.5363121032714844,-1.3271958827972412
9907,2.4396629333496094,-1.1817072629928589
9908,2.097039222717285,-1.2949986457824707
9909,2.7662506103515625,-1.3547930717468262
9910,2.5593390464782715,-0.9999151825904846
9911,2.506319522857666,-1.3439750671386719
9912,2.1776833534240723,-1.3472049236297607
9913,2.070631504058838,-1.3254668712615967
9914,2.49509596824646,-1.1911884546279907
9915,2.345454692840576,-1.3313792943954468
9916,2.4657952785491943,-1.233168363571167
9917,2.598864793777466,-1.4679218530654907
9918,2.7522542476654053,-1.249152660369873
9919,2.1790714263916016,-1.2842174768447876
9920,2.242506504058838,-0.9644461274147034
9921,2.177778482437134,-1.5465847253799438
9922,2.515331506729126,-1.447270154953003
9923,2.3388803005218506,-1.0165131092071533
9924,2.227243185043335,-1.01705002784729
9925,2.385002613067627,-1.4931740760803223
9926,2.02730655670166,-1.155235767364502
9927,2.3797314167022705,-1.1925153732299805
9928,2.2525033950805664,-1.2266509532928467
9929,2.0646867752075195,-1.317030668258667
9930,2.4576492309570312,-1.3278204202651978
9931,2.1919565200805664,-1.1792799234390259
9932,2.191927909851074,-1.3344711065292358
9933,2.2483577728271484,-1.590205430984497
9934,2.438292980194092,-0.9816240668296814
9935,2.8246259689331055,-1.2370805740356445
9936,2.1055567264556885,-1.409908652305603
9937,2.4230055809020996,-1.340859055519104
9938,2.2479751110076904,-1.2659754753112793
9939,2.0676493644714355,-1.3653085231781006
9940,2.3386952877044678,-1.2555826902389526
9941,2.075161933898926,-1.5306190252304077
9942,2.2713675498962402,-1.3726428747177124
9943,2.4035120010375977,-1.3487473726272583
9944,1.934845209121704,-1.5048644542694092
9945,2.4334802627563477,-1.1989922523498535
9946,2.0779452323913574,-1.2976608276367188
9947,2.1715712547302246,-1.4172325134277344
9948,1.963791847229004,-1.1188353300094604
9949,2.452638626098633,-1.2583155632019043
9950,2.2251548767089844,-1.3888211250305176
9951,2.3247506618499756,-1.0819380283355713
9952,2.090951919555664,-1.4750075340270996
9953,2.2453813552856445,-1.4148451089859009
9954,2.2437996864318848,-1.304983377456665
9955,1.9882702827453613,-1.1596922874450684
9956,2.0563759803771973,-1.395604133605957
9957,2.2706618309020996,-1.366312861442566
9958,2.3484859466552734,-1.300287127494812
9959,2.122553586959839,-1.2471767663955688
9960,2.2687416076660156,-1.06192946434021
9961,2.2796578407287598,-1.4306282997131348
9962,2.359173059463501,-1.204692006111145
9963,2.3021624088287354,-1.2731009721755981
9964,2.170666217803955,-1.199365496635437
9965,2.1986446380615234,-1.1764825582504272
9966,2.272991180419922,-1.4927273988723755
9967,2.337106227874756,-1.2247711420059204
9968,2.061183452606201,-1.2945698499679565
9969,2.4166369438171387,-1.2181408405303955
9970,2.352893114089966,-1.3471145629882812
9971,2.715768575668335,-1.4471220970153809
9972,2.1975185871124268,-1.266241192817688
9973,2.095308542251587,-1.3438180685043335
9974,2.4540324211120605,-1.4217034578323364
9975,2.604696035385132,-1.2395873069763184
9976,2.012585163116455,-1.360508680343628
9977,2.4794743061065674,-1.2963838577270508
9978,2.3966832160949707,-1.2746543884277344
9979,2.3913521766662598,-1.292248249053955
9980,2.085397958755493,-0.9732747673988342
9981,2.100306987762451,-1.2063082456588745
9982,2.302180767059326,-1.0906009674072266
9983,2.181598663330078,-1.2261738777160645
9984,2.1953864097595215,-1.1690115928649902
9985,2.2453651428222656,-1.2302730083465576
9986,2.4901537895202637,-1.3980995416641235
9987,2.5035898685455322,-1.2473753690719604
9988,2.2401957511901855,-1.0835283994674683
9989,2.8172547817230225,-1.1677032709121704
9990,2.0551414489746094,-1.0244694948196411
9991,2.36704158782959,-1.3354823589324951
9992,1.9770667552947998,-1.3645598888397217
9993,2.1448543071746826,-1.3846194744110107
9994,2.462519407272339,-1.3371926546096802
9995,2.289370059967041,-1.1819688081741333
9996,2.397329330444336,-1.4807368516921997
9997,2.014519214630127,-1.2180280685424805
9998,2.305668592453003,-1.2072807550430298
9999,2.378988027572632,-1.1854647397994995
10000,2.047990322113037,-1.3449714183807373
10001,2.4720559120178223,-1.240899682044983
10002,2.1646482944488525,-1.1808807849884033
10003,2.432987928390503,-1.2942086458206177
10004,2.1851775646209717,-1.0864009857177734
10005,2.0772154331207275,-1.2357814311981201
10006,2.2146501541137695,-1.1924350261688232
10007,2.174743413925171,-1.382909893989563
10008,2.1736655235290527,-1.3268307447433472
10009,2.3014626502990723,-1.2530323266983032
10010,1.8720550537109375,-1.2208755016326904
10011,2.3323516845703125,-1.2163283824920654
10012,1.938621997833252,-1.1959304809570312
10013,2.5099611282348633,-1.3420143127441406
10014,2.2164480686187744,-1.2863850593566895
10015,2.3262746334075928,-1.2398462295532227
10016,2.23437237739563,-1.485228419303894
10017,2.0822691917419434,-1.2010927200317383
10018,2.4482529163360596,-1.211398720741272
10019,2.1084537506103516,-1.2561110258102417
10020,2.46980357170105,-1.1116516590118408
10021,2.322845458984375,-1.0220087766647339
10022,2.2953882217407227,-1.0574157238006592
10023,1.951000690460205,-0.9750159382820129
10024,2.4486937522888184,-1.0573142766952515
10025,2.0384786128997803,-1.309868574142456
10026,2.134089469909668,-1.283260703086853
10027,2.4780101776123047,-1.3532732725143433
10028,1.990090012550354,-1.128645896911621
10029,1.9920761585235596,-1.2056183815002441
10030,2.7605502605438232,-1.0834559202194214
10031,1.7666332721710205,-1.4808233976364136
10032,2.233607769012451,-1.3975926637649536
10033,2.5751092433929443,-1.2633904218673706
10034,2.2855923175811768,-1.2911980152130127
10035,2.1762914657592773,-1.2210304737091064
10036,2.431790351867676,-0.9848909974098206
10037,1.9630861282348633,-1.1250571012496948
10038,2.0527195930480957,-1.180318832397461
10039,2.111386299133301,-1.147667407989502
10040,2.2367634773254395,-1.271285891532898
10041,2.3094303607940674,-1.1225929260253906
10042,1.9509698152542114,-1.2674328088760376
10043,2.301307439804077,-1.4807310104370117
10044,2.011369228363037,-1.1296950578689575
10045,2.5183444023132324,-1.3815019130706787
10046,2.198953151702881,-1.1663413047790527
10047,2.347095489501953,-1.1959418058395386
10048,2.1911349296569824,-1.2113595008850098
10049,2.5398805141448975,-1.2420614957809448
10050,2.040614604949951,-1.2835997343063354
10051,2.203242540359497,-0.983752965927124
10052,2.2802181243896484,-1.3213891983032227
10053,2.032193183898926,-1.2072691917419434
10054,2.0584559440612793,-0.957406222820282
10055,2.3841538429260254,-1.3106547594070435
10056,2.062920093536377,-1.263248324394226
10057,2.4836575984954834,-1.3446522951126099
10058,2.3845555782318115,-1.2874263525009155
10059,2.620788097381592,-1.2784812450408936
10060,2.5778234004974365,-1.3684905767440796
10061,2.1690621376037598,-1.1400402784347534
10062,2.5006628036499023,-1.2270710468292236
10063,2.4119949340820312,-1.249087929725647
10064,2.2266573905944824,-1.4308395385742188
10065,2.3690574169158936,-1.1953132152557373
10066,2.3389029502868652,-1.129870891571045
10067,2.45259690284729,-0.9988186359405518
10068,2.1971395015716553,-1.1976944208145142
10069,2.251671314239502,-1.210048794746399
10070,2.1412320137023926,-1.1896830797195435
10071,2.5064663887023926,-1.2666730880737305
10072,2.4255447387695312,-1.2786991596221924
10073,2.2667880058288574,-1.2061632871627808
10074,2.2255139350891113,-1.4687182903289795
10075,2.2384870052337646,-1.1407041549682617
10076,2.2010438442230225,-1.1248915195465088
10077,2.3898391723632812,-1.4926261901855469
10078,2.2397243976593018,-1.2923229932785034
10079,2.0850963592529297,-1.223609209060669
10080,2.1048636436462402,-1.164630651473999
10081,1.8592259883880615,-1.0454388856887817
10082,2.551659345626831,-1.1619329452514648
10083,2.4194252490997314,-1.08004629611969
10084,2.187868595123291,-1.4085077047348022
10085,2.4430723190307617,-1.3038843870162964
10086,2.099853992462158,-1.2412551641464233
10087,2.3925580978393555,-1.0211446285247803
10088,2.6067018508911133,-1.1422812938690186
10089,2.1569011211395264,-1.3624768257141113
10090,2.275243043899536,-1.1925935745239258
10091,2.306175708770752,-0.9615301489830017
10092,2.153156042098999,-1.3244481086730957
10093,2.5448741912841797,-0.9787880182266235
10094,2.1793053150177,-1.1555559635162354
10095,2.1158626079559326,-1.3016598224639893
10096,2.073676109313965,-1.0904302597045898
10097,2.124701976776123,-1.2520827054977417
10098,2.260744094848633,-1.1271731853485107
10099,2.153964042663574,-1.0702846050262451
10100,2.3416764736175537,-1.1680089235305786
10101,2.5792133808135986,-1.2776261568069458
10102,2.3913912773132324,-1.4164162874221802
10103,2.4932918548583984,-1.219657063484192
10104,2.392913818359375,-1.0885345935821533
10105,2.2967796325683594,-1.14291250705719
10106,2.0831713676452637,-1.0271310806274414
10107,2.419013261795044,-1.4910050630569458
10108,2.240751266479492,-1.0795292854309082
10109,1.9210114479064941,-1.284523367881775
10110,2.2945313453674316,-1.205856442451477
10111,2.1608266830444336,-1.3204632997512817
10112,2.197355031967163,-1.2676458358764648
10113,2.3095598220825195,-1.2298884391784668
10114,2.226210594177246,-1.2353899478912354
10115,2.3431737422943115,-1.1392790079116821
10116,2.137524366378784,-1.1247400045394897
10117,2.0295066833496094,-1.2200177907943726
10118,1.9519058465957642,-1.2093324661254883
10119,2.1371264457702637,-1.10015869140625
10120,2.4043874740600586,-0.9895010590553284
10121,2.1760854721069336,-0.902819812297821
10122,2.242830991744995,-1.3277270793914795
10123,2.3378376960754395,-1.4278448820114136
10124,2.3594918251037598,-1.1635109186172485
10125,2.269993305206299,-1.0498656034469604
10126,2.3667237758636475,-1.3000952005386353
10127,2.4344606399536133,-1.0603797435760498
10128,2.2898659706115723,-1.061363697052002
10129,2.047229528427124,-1.0328809022903442
10130,2.288936138153076,-1.2657264471054077
10131,2.169501543045044,-1.3651034832000732
10132,2.177548885345459,-1.2875075340270996
10133,2.3356828689575195,-1.131441354751587
10134,2.161808490753174,-1.137542724609375
10135,2.5965213775634766,-1.28151273727417
10136,2.308102607727051,-1.2742235660552979
10137,2.4582595825195312,-1.3461182117462158
10138,2.117201328277588,-1.142680048942566
10139,2.2134690284729004,-1.213749647140503
10140,2.3786888122558594,-0.9953086972236633
10141,2.426546096801758,-1.0354267358779907
10142,2.5203967094421387,-1.1623003482818604
10143,2.0760819911956787,-1.0516372919082642
10144,2.5056166648864746,-1.323543906211853
10145,2.1808688640594482,-1.2118617296218872
10146,2.308523416519165,-1.0782045125961304
10147,2.3336331844329834,-1.1542128324508667
10148,1.89219331741333,-1.0711897611618042
10149,2.13950777053833,-1.1630727052688599
10150,2.285189151763916,-1.2723673582077026
10151,2.4636659622192383,-1.3738888502120972
10152,2.536268711090088,-1.1927921772003174
10153,2.3522307872772217,-1.2105811834335327
10154,2.5421767234802246,-1.2945541143417358
10155,2.4718241691589355,-1.2347564697265625
10156,2.2383151054382324,-1.2551394701004028
10157,2.2855470180511475,-1.0251773595809937
10158,2.132418632507324,-1.215667724609375
10159,1.8892946243286133,-1.1825778484344482
10160,2.0706241130828857,-1.3218514919281006
10161,2.3330025672912598,-1.371217966079712
10162,2.1616382598876953,-1.305420994758606
10163,2.1505675315856934,-1.2144068479537964
10164,2.0722174644470215,-1.17189359664917
10165,2.368307590484619,-0.9955934882164001
10166,2.1474223136901855,-1.230173945426941
10167,2.3459553718566895,-1.2250173091888428
10168,2.116440773010254,-1.4276412725448608
10169,2.2900986671447754,-1.2214685678482056
10170,2.3257431983947754,-1.2784810066223145
10171,2.143982172012329,-1.1051894426345825
10172,2.8051860332489014,-1.1582430601119995
10173,2.4705028533935547,-1.1463823318481445
10174,2.314969539642334,-1.2530107498168945
10175,2.579397678375244,-1.1832095384597778
10176,2.408407688140869,-1.2559232711791992
10177,2.920166254043579,-1.1926262378692627
10178,2.194516658782959,-1.3441463708877563
10179,2.218764305114746,-1.3798117637634277
10180,2.3691418170928955,-1.168898344039917
10181,2.117961883544922,-1.1906243562698364
10182,2.2345261573791504,-1.1275826692581177
10183,2.096362352371216,-1.3743314743041992
10184,2.394958257675171,-1.0318198204040527
10185,2.433887481689453,-1.1203420162200928
10186,2.354559898376465,-1.0656192302703857
10187,2.526571273803711,-0.8975512981414795
10188,2.5556864738464355,-1.323140263557434
10189,2.2789535522460938,-1.153024673461914
10190,2.867715835571289,-1.283564805984497
10191,2.3122305870056152,-1.0905771255493164
10192,2.3905680179595947,-1.2882670164108276
10193,2.1327362060546875,-1.2357847690582275
10194,2.2458603382110596,-1.3596919775009155
10195,2.64894437789917,-1.1574113368988037
10196,2.3026490211486816,-1.3025484085083008
10197,2.5402235984802246,-0.9826482534408569
10198,2.7442517280578613,-1.1179462671279907
10199,2.3238778114318848,-1.32845139503479
10200,2.290593147277832,-1.2716354131698608
10201,2.293644428253174,-1.2227981090545654
10202,2.0091423988342285,-1.114027738571167
10203,2.4474740028381348,-1.173702359199524
10204,2.3823719024658203,-1.459963321685791
10205,1.929795742034912,-1.4629108905792236
10206,2.2545294761657715,-1.3150444030761719
10207,2.346031665802002,-1.3467124700546265
10208,2.477078437805176,-1.1535956859588623
10209,2.0748517513275146,-1.2695329189300537
10210,2.0536112785339355,-1.3615081310272217
10211,1.8018202781677246,-1.2931147813796997
10212,2.1927731037139893,-1.1001838445663452
10213,2.29565691947937,-0.9502809047698975
10214,2.284224033355713,-0.936439037322998
10215,2.237395763397217,-1.1616908311843872
10216,1.8938531875610352,-1.2156025171279907
10217,2.3108901977539062,-1.1215264797210693
10218,2.194692611694336,-1.0262361764907837
10219,2.1156585216522217,-1.1318548917770386
10220,2.3431897163391113,-1.154874324798584
10221,2.283064842224121,-1.1545383930206299
10222,2.2938332557678223,-1.1701178550720215
10223,1.978754997253418,-1.4365500211715698
10224,2.528115749359131,-1.326500415802002
10225,2.0031168460845947,-1.1672228574752808
10226,2.18734073638916,-1.0134239196777344
10227,1.9646143913269043,-1.0820345878601074
10228,2.381587505340576,-1.1118699312210083
10229,2.2029881477355957,-1.268198013305664
10230,2.7564568519592285,-1.2773749828338623
10231,2.2044873237609863,-1.0888786315917969
10232,2.0980262756347656,-1.2401074171066284
10233,2.1470298767089844,-1.1927433013916016
10234,2.341423988342285,-1.044288158416748
10235,2.41874361038208,-1.1159977912902832
10236,2.2520527839660645,-1.2701213359832764
10237,2.1080198287963867,-1.241956114768982
10238,2.420999050140381,-1.1756925582885742
10239,2.4517745971679688,-1.0409196615219116
10240,2.357919692993164,-1.1271858215332031
10241,2.2027320861816406,-1.3358345031738281
10242,2.2426772117614746,-1.19574773311615
10243,2.2145519256591797,-1.1245090961456299
10244,2.1028828620910645,-1.1026897430419922
10245,2.540513038635254,-1.1756304502487183
10246,2.1535260677337646,-1.088560938835144
10247,2.012965202331543,-1.1328104734420776
10248,2.2796812057495117,-1.3583165407180786
10249,2.0796384811401367,-1.1570863723754883
10250,1.7163963317871094,-1.1099801063537598
10251,2.2136363983154297,-1.2041904926300049
10252,2.46256685256958,-1.1011096239089966
10253,2.232478141784668,-1.118944525718689
10254,2.3070380687713623,-1.0601699352264404
10255,2.26560115814209,-1.0728847980499268
10256,2.7319788932800293,-1.037162184715271
10257,2.342869281768799,-1.2047291994094849
10258,1.957055687904358,-1.1845500469207764
10259,1.8558225631713867,-1.3081573247909546
10260,2.3453805446624756,-0.997661828994751
10261,2.400364398956299,-1.0582952499389648
10262,2.488907814025879,-1.1619558334350586
10263,2.269237995147705,-1.1249511241912842
10264,2.107410192489624,-1.2046599388122559
10265,2.204500436782837,-1.075943112373352
10266,2.3887922763824463,-1.074037790298462
10267,2.2224831581115723,-1.117801308631897
10268,2.2773091793060303,-1.1546285152435303
10269,2.215198278427124,-1.208691120147705
10270,2.3958358764648438,-0.9562181830406189
10271,2.4086456298828125,-1.0087929964065552
10272,2.02712345123291,-1.1062805652618408
10273,2.1824588775634766,-1.2063523530960083
10274,2.1524298191070557,-1.1103850603103638
10275,2.074932813644409,-1.1124200820922852
10276,2.3177576065063477,-1.2367351055145264
10277,2.0694634914398193,-1.052666187286377
10278,1.9083812236785889,-1.046074628829956
10279,2.2292027473449707,-1.1199032068252563
10280,2.2652535438537598,-1.388698697090149
10281,2.456765651702881,-1.0622295141220093
10282,2.035273551940918,-1.1796212196350098
10283,2.2886619567871094,-1.1951826810836792
10284,2.25376033782959,-1.1169028282165527
10285,2.19364070892334,-1.1278318166732788
10286,2.1675124168395996,-1.1812912225723267
10287,2.092236042022705,-1.192570447921753
10288,2.2333080768585205,-1.2324036359786987
10289,2.422295093536377,-1.2266430854797363
10290,1.93953537940979,-1.2178689241409302
10291,1.933401346206665,-1.0768603086471558
10292,2.7104406356811523,-1.3075865507125854
10293,2.581761598587036,-1.1284610033035278
10294,2.4500012397766113,-1.4204198122024536
10295,2.380197286605835,-1.0812562704086304
10296,2.1891908645629883,-1.2248082160949707
10297,2.2020792961120605,-1.2655738592147827
10298,2.155546188354492,-1.011602759361267
10299,2.5751380920410156,-1.1975177526474
10300,2.0483720302581787,-1.0870646238327026
10301,1.9969050884246826,-1.214158296585083
10302,2.011385917663574,-1.1714162826538086
10303,2.489198684692383,-1.055008053779602
10304,1.9328359365463257,-1.2281122207641602
10305,2.158529281616211,-1.199131965637207
10306,2.5355067253112793,-1.136508822441101
10307,2.2446370124816895,-1.158490538597107
10308,1.9795303344726562,-1.068006157875061
10309,2.1783862113952637,-1.1122783422470093
10310,2.0754685401916504,-1.1834665536880493
10311,2.237886905670166,-1.3509219884872437
10312,2.1028263568878174,-1.1332459449768066
10313,1.7622040510177612,-1.1870678663253784
10314,2.0405819416046143,-1.301996111869812
10315,2.2530531883239746,-1.1384834051132202
10316,2.2866930961608887,-1.2486851215362549
10317,2.2443766593933105,-1.118298888206482
10318,2.134730815887451,-1.361628770828247
10319,2.2269701957702637,-1.1725484132766724
10320,2.188033103942871,-1.1394753456115723
10321,2.268237590789795,-1.1170039176940918
10322,2.2596797943115234,-1.0466222763061523
10323,2.0953850746154785,-1.214756727218628
10324,1.9376693964004517,-1.2391494512557983
10325,2.249150037765503,-0.9595467448234558
10326,2.0949902534484863,-1.1473344564437866
10327,2.112420082092285,-1.1363232135772705
10328,1.9252761602401733,-1.2859410047531128
10329,2.132610321044922,-1.123491644859314
10330,2.472747325897217,-1.086806297302246
10331,2.1932005882263184,-1.1538316011428833
10332,2.1900644302368164,-1.159722924232483
10333,2.108795166015625,-1.6094878911972046
10334,2.1614809036254883,-1.1320676803588867
10335,2.551506519317627,-1.0775476694107056
10336,2.354252815246582,-1.0302629470825195
10337,2.0617103576660156,-1.123030662536621
10338,2.520437240600586,-1.3100650310516357
10339,2.2974634170532227,-1.267366886138916
10340,2.1005969047546387,-0.9253608584403992
10341,2.367227554321289,-1.3598195314407349
10342,2.2111992835998535,-1.2054274082183838
10343,2.496377468109131,-1.234076976776123
10344,2.186058759689331,-1.0774128437042236
10345,2.247793674468994,-1.057591438293457
10346,2.263892412185669,-1.1101363897323608
10347,2.5318603515625,-1.100839376449585
10348,2.126692056655884,-1.2448385953903198
10349,2.1421287059783936,-1.3730844259262085
10350,2.2438607215881348,-1.4216029644012451
10351,2.102945566177368,-1.1698498725891113
10352,2.232530117034912,-1.1421400308609009
10353,1.9947564601898193,-1.0021424293518066
10354,2.373690366744995,-1.093470811843872
10355,2.149658679962158,-1.0172847509384155
10356,2.5695817470550537,-1.085383415222168
10357,2.387098789215088,-1.156708836555481
10358,2.406222343444824,-1.0779850482940674
10359,2.320310115814209,-1.1336208581924438
10360,2.1970720291137695,-1.3640720844268799
10361,2.1987574100494385,-1.1094895601272583
10362,2.21282958984375,-1.04874587059021
10363,2.086043357849121,-1.0791586637496948
10364,2.386089324951172,-1.029552936553955
10365,1.9803502559661865,-1.1152682304382324
10366,2.1741232872009277,-1.047520637512207
10367,2.038094997406006,-1.244908094406128
10368,2.1653037071228027,-1.1937907934188843
10369,1.972090244293213,-1.091117262840271
10370,1.9132091999053955,-1.2100569009780884
10371,2.494708299636841,-1.2633148431777954
10372,2.247101306915283,-1.2357438802719116
10373,1.9200541973114014,-0.957668662071228
10374,2.3354997634887695,-1.2768043279647827
10375,2.1615424156188965,-1.0747551918029785
10376,2.2690813541412354,-1.088706374168396
10377,2.257920265197754,-1.1657676696777344
10378,2.354835271835327,-1.2477775812149048
10379,2.145120620727539,-1.191528558731079
10380,2.464724540710449,-1.0388027429580688
10381,2.0861215591430664,-1.0540359020233154
10382,2.110745429992676,-0.9724889993667603
10383,2.227705240249634,-1.1225210428237915
10384,2.1599366664886475,-0.9921005368232727
10385,2.730943202972412,-1.2218726873397827
10386,2.625495433807373,-1.2562549114227295
10387,2.528153657913208,-1.3335574865341187
10388,2.1535110473632812,-1.0539358854293823
10389,2.0918772220611572,-1.078282117843628
10390,2.3013992309570312,-0.9809030890464783
10391,2.6021535396575928,-1.2889584302902222
10392,2.652160167694092,-1.2004578113555908
10393,2.312124729156494,-1.0565311908721924
10394,2.569702386856079,-1.0603128671646118
10395,2.116478443145752,-0.9911619424819946
10396,2.268585443496704,-1.1937642097473145
10397,2.258636951446533,-1.0280407667160034
10398,2.329824447631836,-1.1447612047195435
10399,2.327108860015869,-1.094184160232544
10400,2.2151269912719727,-1.301682710647583
10401,2.1557435989379883,-1.221994161605835
10402,2.2049717903137207,-1.0415440797805786
10403,2.336543560028076,-1.0874210596084595
10404,1.9245927333831787,-0.9967836737632751
10405,2.1130921840667725,-1.078354001045227
10406,2.1359341144561768,-1.362520694732666
10407,2.131192922592163,-1.1664457321166992
10408,2.281531810760498,-1.1357280015945435
10409,1.9540431499481201,-1.2367440462112427
10410,2.298562526702881,-1.2718816995620728
10411,2.197701930999756,-0.7995063662528992
10412,2.2091524600982666,-1.1135410070419312
10413,2.1393771171569824,-1.1161308288574219
10414,1.8787317276000977,-1.0712069272994995
10415,2.3435416221618652,-1.0157703161239624
10416,2.3735649585723877,-1.2263667583465576
10417,2.2651259899139404,-1.0667234659194946
10418,2.240372657775879,-0.9701571464538574
10419,2.0981812477111816,-1.1207939386367798
10420,2.518092155456543,-1.1517986059188843
10421,2.454008102416992,-1.146236538887024
10422,1.9893405437469482,-1.0545954704284668
10423,2.403007984161377,-1.1688898801803589
10424,2.40214204788208,-1.1588640213012695
10425,2.4935290813446045,-1.0507200956344604
10426,2.119050979614258,-1.1093683242797852
10427,2.6538519859313965,-0.8171904683113098
10428,2.2413573265075684,-1.2012609243392944
10429,2.158367872238159,-1.052466630935669
10430,2.178675651550293,-1.1155773401260376
10431,2.191324234008789,-1.1251366138458252
10432,2.2778868675231934,-1.101193904876709
10433,2.299048900604248,-1.2198584079742432
10434,2.1376705169677734,-1.264758586883545
10435,2.5606839656829834,-1.1605700254440308
10436,2.277620792388916,-1.0174559354782104
10437,2.4780149459838867,-1.2542214393615723
10438,2.6553564071655273,-1.1732394695281982
10439,2.21640682220459,-1.023767113685608
10440,2.7075047492980957,-1.2171745300292969
10441,2.1423821449279785,-1.217429280281067
10442,2.6967971324920654,-1.0407673120498657
10443,2.535175085067749,-1.2839508056640625
10444,2.1808955669403076,-0.736532986164093
10445,2.471721887588501,-1.1649943590164185
10446,2.4070687294006348,-1.0576168298721313
10447,2.10762882232666,-1.285314917564392
10448,2.1249608993530273,-1.1441047191619873
10449,2.2996506690979004,-1.0830674171447754
10450,2.4236555099487305,-1.1098487377166748
10451,2.1981797218322754,-1.1049590110778809
10452,2.080289602279663,-1.1088601350784302
10453,2.485102653503418,-1.0975370407104492
10454,2.257021427154541,-1.3449041843414307
10455,2.2385857105255127,-1.0704724788665771
10456,2.353229522705078,-1.0566781759262085
10457,2.1568148136138916,-1.1440907716751099
10458,2.182063579559326,-1.1358754634857178
10459,2.0990219116210938,-1.0229743719100952
10460,2.256554126739502,-1.045841932296753
10461,2.257420539855957,-0.8656070828437805
10462,2.5536446571350098,-1.0897507667541504
10463,2.437781810760498,-1.16342294216156
10464,2.300208806991577,-1.2277803421020508
10465,2.458721160888672,-1.1188396215438843
10466,2.509798049926758,-1.0834382772445679
10467,2.281017780303955,-1.0228922367095947
10468,2.315688371658325,-1.1963897943496704
10469,2.1473917961120605,-1.0940883159637451
10470,2.3608343601226807,-1.177463412284851
10471,2.4417972564697266,-1.0099613666534424
10472,2.151944637298584,-1.063539981842041
10473,2.1262032985687256,-1.1503727436065674
10474,2.432849407196045,-1.1689640283584595
10475,2.2002317905426025,-1.1959352493286133
10476,2.3587918281555176,-1.2712477445602417
10477,2.1841492652893066,-0.8745476603507996
10478,2.2089478969573975,-0.9577755928039551
10479,2.2112693786621094,-0.8823049068450928
10480,2.328335762023926,-1.2893086671829224
10481,2.16420578956604,-1.0420293807983398
10482,2.473536491394043,-1.0725634098052979
10483,2.203230381011963,-1.0881632566452026
10484,1.9353413581848145,-1.1605359315872192
10485,2.0684609413146973,-1.1023362874984741
10486,2.780791759490967,-1.129337191581726
10487,2.3075265884399414,-0.9288663268089294
10488,2.025379180908203,-1.2352876663208008
10489,2.3058557510375977,-1.2597339153289795
10490,2.402920961380005,-0.9888938665390015
10491,2.039875030517578,-1.0223640203475952
10492,2.445925235748291,-1.2253735065460205
10493,2.355844497680664,-1.0320245027542114
10494,2.1193220615386963,-1.198104739189148
10495,2.18461275100708,-1.1350970268249512
10496,1.9810069799423218,-0.9457656145095825
10497,2.385814666748047,-1.0399500131607056
10498,2.5078563690185547,-1.1148079633712769
10499,2.3487353324890137,-1.1197509765625
10500,2.106302499771118,-1.1134198904037476
10501,2.273458242416382,-0.9671200513839722
10502,1.9980050325393677,-1.1656830310821533
10503,1.9782335758209229,-1.3040252923965454
10504,1.9539375305175781,-1.2111353874206543
10505,2.2434680461883545,-1.1315611600875854
10506,2.2438771724700928,-0.9470891356468201
10507,2.427398681640625,-1.158292531967163
10508,2.2966148853302,-1.1337910890579224
10509,2.3106374740600586,-1.023789405822754
10510,2.2294442653656006,-1.1129066944122314
10511,2.0548415184020996,-1.0630722045898438
10512,2.5059194564819336,-1.1628495454788208
10513,2.3293957710266113,-1.0585170984268188
10514,1.962658405303955,-1.0214879512786865
10515,2.0826334953308105,-1.1395983695983887
10516,2.2616682052612305,-1.1723793745040894
10517,2.4950103759765625,-1.0197422504425049
10518,2.3497471809387207,-1.1166338920593262
10519,1.9578981399536133,-1.1250224113464355
10520,2.1269936561584473,-1.0816314220428467
10521,1.9030827283859253,-1.2676036357879639
10522,2.3289706707000732,-1.2419323921203613
10523,1.9429668188095093,-1.321597695350647
10524,2.389616012573242,-1.099063754081726
10525,2.230013370513916,-1.052221655845642
10526,2.3000245094299316,-0.8680335283279419
10527,2.4821372032165527,-1.0994912385940552
10528,2.028386116027832,-0.8604986667633057
10529,2.4338319301605225,-1.0818841457366943
10530,2.012648105621338,-1.3149206638336182
10531,2.5144102573394775,-1.2579907178878784
10532,2.554063320159912,-1.1580091714859009
10533,1.9380701780319214,-0.9875161647796631
10534,2.369935989379883,-1.2424827814102173
10535,2.404571533203125,-1.0268890857696533
10536,2.218899726867676,-1.0844687223434448
10537,2.2124533653259277,-1.134223461151123
10538,2.1268038749694824,-0.9972684383392334
10539,2.0396833419799805,-1.25923490524292
10540,1.9920322895050049,-0.9551808834075928
10541,2.2042341232299805,-1.073135256767273
10542,2.192699670791626,-1.2263554334640503
10543,2.2357888221740723,-1.0194945335388184
10544,2.3099794387817383,-1.1203551292419434
10545,2.2922568321228027,-1.1427297592163086
10546,2.133265972137451,-1.0475064516067505
10547,2.3963489532470703,-1.0549296140670776
10548,2.105102062225342,-1.014013409614563
10549,2.4191653728485107,-1.0221501588821411
10550,2.1589696407318115,-1.1750794649124146
10551,2.187826633453369,-0.9596782922744751
10552,2.231398105621338,-1.0483239889144897
10553,2.4483590126037598,-1.084789752960205
10554,2.252239942550659,-1.0412285327911377
10555,2.1768527030944824,-1.08516526222229
10556,2.1837873458862305,-1.0461077690124512
10557,2.323378086090088,-1.2066044807434082
10558,1.9090244770050049,-1.0735126733779907
10559,2.3925678730010986,-1.1035043001174927
10560,2.342434883117676,-1.105229377746582
10561,1.9000699520111084,-1.142360806465149
10562,2.14516544342041,-0.9713665246963501
10563,2.0692262649536133,-0.9904728531837463
10564,2.0843992233276367,-1.243359088897705
10565,2.100255012512207,-1.079450249671936
10566,2.0780811309814453,-0.920513927936554
10567,2.0922718048095703,-0.9114692807197571
10568,2.19211483001709,-0.99601149559021
10569,1.8473129272460938,-1.200882077217102
10570,2.4550576210021973,-1.2228519916534424
10571,2.3805747032165527,-1.1268088817596436
10572,2.3574318885803223,-1.120180368423462
10573,2.1272740364074707,-1.1700077056884766
10574,2.0946335792541504,-1.1769006252288818
10575,2.1976358890533447,-1.0379141569137573
10576,1.812159776687622,-0.9952371716499329
10577,2.562173843383789,-1.2275980710983276
10578,2.4597344398498535,-0.9835769534111023
10579,2.21144962310791,-1.1694327592849731
10580,2.045198917388916,-1.157141089439392
10581,2.2776923179626465,-1.296718955039978
10582,2.392930507659912,-1.3742234706878662
10583,2.0444681644439697,-1.195451259613037
10584,2.073418617248535,-1.1081974506378174
10585,2.490530490875244,-1.141385793685913
10586,2.2837414741516113,-1.0290725231170654
10587,1.9642255306243896,-1.2573415040969849
10588,2.0329113006591797,-1.1423704624176025
10589,2.7456214427948,-1.294918179512024
10590,2.259272575378418,-1.0162867307662964
10591,2.4133739471435547,-1.0035244226455688
10592,2.5549802780151367,-1.1848019361495972
10593,2.369823932647705,-1.01658034324646
10594,2.318449020385742,-1.1235289573669434
10595,2.1844239234924316,-1.105100154876709
10596,2.5025620460510254,-1.0188430547714233
10597,2.0735247135162354,-1.0464094877243042
10598,2.0928730964660645,-1.1218451261520386
10599,2.3357725143432617,-1.015323519706726
10600,2.05410099029541,-1.2093058824539185
10601,2.582507610321045,-1.147995114326477
10602,2.253661632537842,-1.2220901250839233
10603,2.131852149963379,-1.0466530323028564
10604,2.338705539703369,-1.0016411542892456
10605,2.2242188453674316,-1.0894567966461182
10606,2.4907541275024414,-0.996521532535553
10607,2.1079261302948,-1.2020277976989746
10608,2.052178144454956,-1.0138633251190186
10609,2.3340864181518555,-1.039609432220459
10610,2.1080498695373535,-1.0856642723083496
10611,2.318915605545044,-1.125741720199585
10612,2.221930980682373,-1.1225244998931885
10613,2.1685566902160645,-0.9870444536209106
10614,2.2725958824157715,-1.0989668369293213
10615,2.237183094024658,-0.9019593596458435
10616,2.0068445205688477,-0.9015365839004517
10617,2.198925018310547,-1.149949550628662
10618,2.439634084701538,-0.9746125936508179
10619,2.199430227279663,-0.9497851729393005
10620,2.363960027694702,-1.0716687440872192
10621,2.4160194396972656,-1.2523624897003174
10622,2.2119193077087402,-1.064050555229187
10623,1.8373217582702637,-0.8747514486312866
10624,2.1944432258605957,-1.0014697313308716
10625,2.1066951751708984,-1.0315974950790405
10626,2.2396039962768555,-1.0202960968017578
10627,2.1392405033111572,-1.0919584035873413
10628,2.1321139335632324,-1.0040383338928223
10629,2.413020133972168,-1.037811279296875
10630,2.363394260406494,-1.0080851316452026
10631,2.414501190185547,-1.10990571975708
10632,2.4843344688415527,-1.1128815412521362
10633,2.426083564758301,-1.1999746561050415
10634,2.3429417610168457,-1.0787023305892944
10635,2.234696388244629,-0.7890923023223877
10636,2.2681026458740234,-1.083409309387207
10637,2.3355932235717773,-1.054099678993225
10638,2.3728601932525635,-1.2200305461883545
10639,2.2691097259521484,-1.1073088645935059
10640,2.35426926612854,-0.8233522772789001
10641,2.5051932334899902,-0.9516588449478149
10642,2.282902240753174,-1.1529203653335571
10643,2.2052927017211914,-1.0496209859848022
10644,2.2723662853240967,-1.1464653015136719
10645,1.846592903137207,-1.0335428714752197
10646,2.210716962814331,-0.8335655927658081
10647,1.9073898792266846,-1.0571892261505127
10648,2.207728862762451,-1.1308718919754028
10649,2.1929593086242676,-1.1627408266067505
10650,2.3953962326049805,-1.0932835340499878
10651,2.405060291290283,-1.151071310043335
10652,2.1456356048583984,-0.9702630639076233
10653,2.1276769638061523,-1.1762582063674927
10654,2.544215679168701,-0.9920117855072021
10655,2.2375905513763428,-1.1403024196624756
10656,2.099768877029419,-1.022850751876831
10657,2.35386061668396,-1.1471790075302124
10658,2.246300220489502,-1.0705112218856812
10659,2.3210015296936035,-1.042540431022644
10660,2.056539535522461,-1.042270302772522
10661,2.492445945739746,-1.051456332206726
10662,1.9866915941238403,-1.0278881788253784
10663,1.985807180404663,-0.9880919456481934
10664,2.1004552841186523,-0.9231111407279968
10665,2.4343819618225098,-1.0406348705291748
10666,2.4372470378875732,-0.9821946024894714
10667,2.3924026489257812,-1.2287734746932983
10668,2.323066473007202,-1.1467981338500977
10669,2.2298240661621094,-1.063178539276123
10670,2.0984230041503906,-1.1047921180725098
10671,2.0252058506011963,-0.9874294400215149
10672,2.2076964378356934,-1.1182126998901367
10673,2.153719902038574,-1.1984589099884033
10674,2.189661979675293,-1.1249912977218628
10675,2.4020583629608154,-1.1101897954940796
10676,2.0492541790008545,-1.2822178602218628
10677,2.094066619873047,-1.2128738164901733
10678,2.1584701538085938,-1.1351325511932373
10679,2.4707531929016113,-0.900082528591156
10680,2.315340042114258,-1.176561713218689
10681,2.4225196838378906,-0.9031712412834167
10682,2.3592019081115723,-1.137465238571167
10683,2.3544270992279053,-1.1727943420410156
10684,2.2868475914001465,-1.0950303077697754
10685,2.011716365814209,-1.0945532321929932
10686,2.2696475982666016,-1.0152482986450195
10687,2.1573402881622314,-1.310755729675293
10688,2.562221050262451,-1.0742344856262207
10689,2.187532901763916,-1.0865299701690674
10690,2.400156259536743,-1.2700690031051636
10691,2.212310314178467,-1.0469914674758911
10692,2.370302200317383,-1.0617367029190063
10693,2.397662401199341,-1.1804217100143433
10694,1.9293465614318848,-1.1653553247451782
10695,2.4757981300354004,-1.0189642906188965
10696,2.0262396335601807,-0.9691510796546936
10697,2.3002939224243164,-1.0906178951263428
10698,2.3677186965942383,-1.0830944776535034
10699,2.430367946624756,-0.9689934253692627
10700,2.1678237915039062,-1.020830750465393
10701,2.3399994373321533,-0.9907484650611877
10702,2.153820753097534,-0.9532217979431152
10703,2.3517279624938965,-0.9893543124198914
10704,2.385291814804077,-1.1107454299926758
10705,2.4470458030700684,-0.9749305844306946
10706,2.428412914276123,-0.885951817035675
10707,2.6551260948181152,-1.0274932384490967
10708,2.3196420669555664,-0.8163658380508423
10709,2.281496524810791,-1.1191576719284058
10710,2.1719813346862793,-1.1554768085479736
10711,2.130697250366211,-1.0553524494171143
10712,2.213367462158203,-0.9306877851486206
10713,2.1222238540649414,-1.0914692878723145
10714,2.3278377056121826,-1.1560238599777222
10715,2.3640522956848145,-1.2534643411636353
10716,2.064850091934204,-0.973869800567627
10717,2.151289701461792,-1.0305182933807373
10718,2.2323527336120605,-0.8743624091148376
10719,2.41375732421875,-0.9274756908416748
10720,2.229372501373291,-1.0167804956436157
10721,2.028498649597168,-1.0218758583068848
10722,2.2028119564056396,-0.967598557472229
10723,2.1760926246643066,-1.0630165338516235
10724,2.1480226516723633,-1.0180995464324951
10725,2.1450753211975098,-1.3980408906936646
10726,2.086979389190674,-1.3232645988464355
10727,2.2911345958709717,-0.9977258443832397
10728,2.3428544998168945,-1.1450430154800415
10729,2.4791064262390137,-1.0117707252502441
10730,2.3200197219848633,-0.9698988199234009
10731,2.154209852218628,-1.2620418071746826
10732,2.450148820877075,-1.1979812383651733
10733,2.677381992340088,-1.0083940029144287
10734,2.1370468139648438,-1.0451507568359375
10735,2.60115909576416,-1.0621989965438843
10736,2.2962632179260254,-1.0806841850280762
10737,2.3899712562561035,-1.1180723905563354
10738,2.128434181213379,-1.2161643505096436
10739,2.1024444103240967,-0.9798943996429443
10740,2.5591413974761963,-0.8719631433486938
10741,2.517693519592285,-1.2271422147750854
10742,2.301847457885742,-1.063012719154358
10743,2.298218250274658,-0.9892712235450745
10744,2.3822407722473145,-1.0801392793655396
10745,2.3654847145080566,-1.0291786193847656
10746,2.2178590297698975,-1.0598900318145752
10747,2.156869888305664,-0.9008352160453796
10748,2.305257797241211,-1.118779182434082
10749,2.4367177486419678,-1.0455409288406372
10750,2.1740670204162598,-0.9942874908447266
10751,2.2793002128601074,-1.0178825855255127
10752,2.2280373573303223,-1.1273857355117798
10753,2.4022774696350098,-0.8201547265052795
10754,2.6662216186523438,-1.056185245513916
10755,2.2365164756774902,-1.1301358938217163
10756,2.0701186656951904,-1.106347918510437
10757,2.026975393295288,-0.9068063497543335
10758,2.349219799041748,-1.2299965620040894
10759,2.315145492553711,-1.1347036361694336
10760,2.427067279815674,-0.9778773784637451
10761,2.3647704124450684,-1.1096374988555908
10762,2.2649600505828857,-0.9715307354927063
10763,2.1458630561828613,-1.1521730422973633
10764,2.3036227226257324,-0.9244735240936279
10765,1.7692203521728516,-1.0699862241744995
10766,2.272707939147949,-1.0781350135803223
10767,2.0478343963623047,-1.030906319618225
10768,1.9092144966125488,-1.0928951501846313
10769,2.214374303817749,-0.9237322807312012
10770,2.1940340995788574,-0.9515913128852844
10771,2.3287670612335205,-1.1395175457000732
10772,2.282414197921753,-1.1231911182403564
10773,2.2595229148864746,-1.113702654838562
10774,2.1810779571533203,-0.9485507011413574
10775,2.4931094646453857,-0.9364302158355713
10776,2.1672067642211914,-1.172450304031372
10777,2.3224754333496094,-1.019921064376831
10778,2.352304458618164,-0.8960816264152527
10779,2.39791202545166,-1.1724636554718018
10780,2.207721710205078,-0.9918507933616638
10781,2.103027582168579,-0.9085312485694885
10782,2.010896682739258,-1.1022456884384155
10783,2.78533673286438,-1.0840562582015991
10784,2.5978758335113525,-1.0013763904571533
10785,2.335145950317383,-1.1132235527038574
10786,1.9825127124786377,-1.0296754837036133
10787,2.4640915393829346,-0.8837953805923462
10788,2.759722948074341,-1.0761419534683228
10789,2.1944990158081055,-1.093134880065918
10790,1.9691200256347656,-1.124465823173523
10791,2.313167095184326,-1.078665018081665
10792,2.2595319747924805,-0.9894212484359741
10793,2.3838839530944824,-1.0729992389678955
10794,2.386270523071289,-1.118180274963379
10795,2.6188249588012695,-0.8768196702003479
10796,2.0183041095733643,-0.9039130210876465
10797,2.3844263553619385,-0.9924548268318176
10798,2.4157328605651855,-1.0185601711273193
10799,2.089597702026367,-1.165015459060669
10800,2.1717991828918457,-1.2439217567443848
10801,2.2328906059265137,-1.070681095123291
10802,2.046485424041748,-0.9954708218574524
10803,2.0633020401000977,-1.0726609230041504
10804,2.303968906402588,-1.0807766914367676
10805,2.393362045288086,-0.9492865204811096
10806,2.374786853790283,-0.973232090473175
10807,2.389021635055542,-0.986560583114624
10808,2.1271443367004395,-1.051416277885437
10809,2.319093704223633,-1.0554267168045044
10810,2.1689062118530273,-0.9927771687507629
10811,2.1013541221618652,-0.9236385822296143
10812,2.9668002128601074,-0.9941161870956421
10813,2.7124338150024414,-1.0939651727676392
10814,2.116703510284424,-1.0523371696472168
10815,2.333113193511963,-1.0226235389709473
10816,2.6466193199157715,-0.9887380003929138
10817,2.399768352508545,-0.8678334951400757
10818,2.590116500854492,-0.8185821771621704
10819,2.5410690307617188,-1.0695233345031738
10820,2.269871473312378,-0.9901840090751648
10821,2.388032913208008,-0.968860387802124
10822,2.314648151397705,-1.0067747831344604
10823,2.4267005920410156,-0.9378187656402588
10824,2.201354503631592,-1.179003119468689
10825,2.2255403995513916,-1.0592066049575806
10826,2.492849111557007,-0.9832061529159546
10827,2.247664451599121,-0.9779321551322937
10828,2.196937322616577,-0.8653301000595093
10829,2.2155580520629883,-0.8880713582038879
10830,2.4982733726501465,-1.1941425800323486
10831,2.2065505981445312,-1.0543979406356812
10832,2.24633526802063,-0.9852825403213501
10833,2.408634901046753,-0.9354749917984009
10834,2.5556135177612305,-0.8493019342422485
10835,2.115119218826294,-0.9278143048286438
10836,2.3429126739501953,-0.943796694278717
10837,2.4548425674438477,-1.068241000175476
10838,2.3513894081115723,-0.8535465002059937
10839,2.249756097793579,-0.9657700061798096
10840,2.4307656288146973,-1.0138205289840698
10841,2.39605450630188,-1.0459532737731934
10842,2.1237173080444336,-1.0503065586090088
10843,2.4555606842041016,-0.9901888370513916
10844,2.7406160831451416,-1.0526365041732788
10845,2.6364009380340576,-0.9654802680015564
10846,2.545680522918701,-1.0817787647247314
10847,2.222010612487793,-1.1532692909240723
10848,2.287121295928955,-1.0910122394561768
10849,2.305203914642334,-1.1661841869354248
10850,2.5505199432373047,-0.9112491011619568
10851,2.3392345905303955,-1.0699944496154785
10852,2.756617307662964,-1.0896117687225342
10853,2.3679428100585938,-1.0741252899169922
10854,2.3476366996765137,-1.1645054817199707
10855,2.4680495262145996,-1.1443175077438354
10856,2.8635809421539307,-1.0863996744155884
10857,2.6348371505737305,-1.0711007118225098
10858,3.0803327560424805,-1.2130765914916992
10859,2.327728271484375,-0.8511075377464294
10860,2.524024486541748,-0.9866979122161865
10861,2.2544686794281006,-1.2291232347488403
10862,2.7358953952789307,-0.9447860717773438
10863,2.7030928134918213,-1.111569881439209
10864,3.082113265991211,-1.0578606128692627
10865,2.0719351768493652,-1.0971364974975586
10866,2.2785964012145996,-0.9742902517318726
10867,1.9398744106292725,-0.9917153120040894
10868,2.4248046875,-0.9042837619781494
10869,2.7980380058288574,-1.0103058815002441
10870,2.486393451690674,-0.8691419959068298
10871,2.202444076538086,-1.0903509855270386
10872,2.5668861865997314,-1.1085437536239624
10873,2.442582607269287,-1.0554227828979492
10874,2.7206451892852783,-0.9936057925224304
10875,2.5696358680725098,-0.9783480167388916
10876,2.3557019233703613,-0.9222117066383362
10877,2.11157488822937,-0.8433444499969482
10878,2.71944260597229,-0.9282480478286743
10879,2.428009510040283,-1.144538402557373
10880,2.2264652252197266,-0.8560804128646851
10881,2.3145062923431396,-1.0618571043014526
10882,2.3577771186828613,-0.8016468286514282
10883,2.7141642570495605,-1.0073853731155396
10884,2.3197169303894043,-1.0874923467636108
10885,2.236766815185547,-0.9704298973083496
10886,2.5295066833496094,-1.004151701927185
10887,2.465423583984375,-0.9534791707992554
10888,2.4046850204467773,-1.007206916809082
10889,2.32623291015625,-1.0972284078598022
10890,2.358616352081299,-1.2225782871246338
10891,2.569540500640869,-1.0446099042892456
10892,2.337355613708496,-1.048484444618225
10893,2.098560094833374,-1.0880093574523926
10894,2.1713175773620605,-1.0792126655578613
10895,2.3209455013275146,-0.9158869981765747
10896,2.4092297554016113,-1.0022391080856323
10897,2.6899075508117676,-1.1256022453308105
10898,2.434048652648926,-1.1368430852890015
10899,2.2243409156799316,-1.002946138381958
10900,2.439541816711426,-1.0677897930145264
10901,2.322958469390869,-1.0536584854125977
10902,2.5021655559539795,-1.025913953781128
10903,2.5724778175354004,-1.0731775760650635
10904,2.4858205318450928,-0.9843804836273193
10905,2.607910394668579,-0.9198616743087769
10906,2.506326198577881,-1.2150651216506958
10907,2.167473077774048,-1.1077443361282349
10908,2.0581772327423096,-1.0411611795425415
10909,2.35365629196167,-0.9257292151451111
10910,2.331087112426758,-1.0093655586242676
10911,2.6283931732177734,-0.853675901889801
10912,2.300461769104004,-0.8702738285064697
10913,1.8264882564544678,-0.9791606068611145
10914,2.3495936393737793,-1.035833716392517
10915,2.2551631927490234,-1.0325199365615845
10916,2.051852226257324,-0.9166423678398132
10917,2.33525013923645,-0.8067139387130737
10918,2.2507758140563965,-0.9679334163665771
10919,2.5570802688598633,-1.1767230033874512
10920,2.395650625228882,-1.0984963178634644
10921,2.313072681427002,-0.965381920337677
10922,2.2945656776428223,-0.8521748185157776
10923,2.612247943878174,-0.8845936059951782
10924,2.3416316509246826,-1.084439754486084
10925,2.0078787803649902,-0.9702145457267761
10926,2.2739434242248535,-0.9942039251327515
10927,2.693047285079956,-1.0981676578521729
10928,2.433687210083008,-0.9845764636993408
10929,2.3501060009002686,-1.0782240629196167
10930,2.224698781967163,-0.9648822546005249
10931,2.4603142738342285,-0.9591611623764038
10932,2.273183822631836,-1.0745068788528442
10933,2.4492406845092773,-0.8303897380828857
10934,2.5266361236572266,-0.9773774743080139
10935,2.258244752883911,-0.9709039330482483
10936,2.4998984336853027,-1.0232967138290405
10937,1.9405887126922607,-1.1114726066589355
10938,2.2386512756347656,-1.0383226871490479
10939,2.504974365234375,-1.0638511180877686
10940,2.3797450065612793,-0.9800678491592407
10941,2.2116665840148926,-0.9406965374946594
10942,2.283353328704834,-0.9376828670501709
10943,2.1988275051116943,-1.014156699180603
10944,2.019935131072998,-0.888787031173706
10945,2.2948131561279297,-0.9197162389755249
10946,2.068547248840332,-0.9944689869880676
10947,2.210258960723877,-1.060593605041504
10948,2.4855828285217285,-1.1255382299423218
10949,2.083493709564209,-1.1165274381637573
10950,2.2448880672454834,-1.0038295984268188
10951,2.0386924743652344,-1.1045317649841309
10952,2.7152767181396484,-1.0188548564910889
10953,2.2515053749084473,-1.2339274883270264
10954,2.155385971069336,-1.153659462928772
10955,2.2336292266845703,-0.9077810645103455
10956,2.118459463119507,-0.9663450717926025
10957,2.251218795776367,-0.9898079037666321
10958,2.1036007404327393,-1.218407392501831
10959,2.6144602298736572,-0.8906822800636292
10960,2.409186840057373,-0.9051271677017212
10961,2.2767891883850098,-1.224301815032959
10962,2.2265985012054443,-1.0797497034072876
10963,2.2887797355651855,-0.9848445653915405
10964,2.2406606674194336,-1.0828182697296143
10965,2.5259108543395996,-1.0443440675735474
10966,2.385201930999756,-0.9112908244132996
10967,2.5553245544433594,-0.9979696869850159
10968,2.5319976806640625,-0.9705390930175781
10969,2.757169485092163,-1.0671900510787964
10970,2.205259323120117,-0.9940359592437744
10971,2.5655853748321533,-1.1024054288864136
10972,2.181427478790283,-1.0552825927734375
10973,2.555311679840088,-1.078640341758728
10974,2.2032814025878906,-0.9184849262237549
10975,2.2131433486938477,-1.3675014972686768
10976,2.2371139526367188,-1.0266554355621338
10977,2.675149917602539,-0.9013472199440002
10978,2.344834566116333,-0.9477255344390869
10979,2.142636299133301,-1.0464054346084595
10980,2.082990884780884,-0.8724608421325684
10981,2.1514601707458496,-1.1209012269973755
10982,2.4212207794189453,-1.053052544593811
10983,2.454115867614746,-1.0086464881896973
10984,2.3720412254333496,-1.0194816589355469
10985,2.0447826385498047,-0.976956844329834
10986,2.3219571113586426,-1.1515142917633057
10987,2.1589808464050293,-1.094484806060791
10988,2.1648707389831543,-1.126375675201416
10989,2.434295177459717,-0.9434835314750671
10990,2.5814146995544434,-0.9680024981498718
10991,2.2619125843048096,-1.0757142305374146
10992,2.4366466999053955,-0.9248199462890625
10993,2.1694302558898926,-1.128525733947754
10994,2.0027947425842285,-0.800382137298584
10995,2.216503143310547,-1.035149097442627
10996,2.3033828735351562,-1.067630410194397
10997,2.4186434745788574,-1.0601521730422974
10998,2.0481748580932617,-1.028417944908142
10999,2.1524226665496826,-1.1434468030929565
11000,2.297024726867676,-0.9857131242752075
11001,2.378474712371826,-0.8852133750915527
11002,2.3475399017333984,-1.1382945775985718
11003,2.2023441791534424,-0.8962356448173523
11004,2.181948661804199,-1.007448434829712
11005,2.22253155708313,-1.0474668741226196
11006,1.969934344291687,-1.0964112281799316
11007,2.567671775817871,-0.9190298318862915
11008,2.3183438777923584,-1.0730254650115967
11009,2.150815725326538,-1.1190181970596313
11010,2.2172837257385254,-0.9301202297210693
11011,2.1604762077331543,-0.9079421758651733
11012,2.5448122024536133,-0.8380467891693115
11013,2.465592384338379,-0.8890315890312195
11014,2.267488479614258,-0.9834457635879517
11015,2.313429832458496,-0.9399474263191223
11016,2.197798252105713,-0.9527479410171509
11017,2.3996477127075195,-1.0492212772369385
11018,2.406437873840332,-0.9643582701683044
11019,2.4021904468536377,-0.9228148460388184
11020,2.306602716445923,-1.087591528892517
11021,2.5459299087524414,-0.8875389099121094
11022,1.896477460861206,-1.2828872203826904
11023,2.349313735961914,-1.1141009330749512
11024,2.201420783996582,-1.0418033599853516
11025,2.3169384002685547,-1.0031535625457764
11026,2.0170788764953613,-0.9700947403907776
11027,2.2734124660491943,-1.0191129446029663
11028,2.3500325679779053,-0.9564694166183472
11029,2.2489352226257324,-0.904331386089325
11030,2.4661669731140137,-0.9546756148338318
11031,2.600955009460449,-1.060968041419983
11032,2.3006787300109863,-0.8196201920509338
11033,2.2008204460144043,-1.0056437253952026
11034,2.251082420349121,-1.0179799795150757
11035,2.392399787902832,-0.9836512207984924
11036,2.1878626346588135,-0.8610749244689941
11037,2.124309539794922,-1.0423190593719482
11038,2.4693245887756348,-0.9271485805511475
11039,2.5396461486816406,-0.8591758608818054
11040,2.5339672565460205,-1.010829210281372
11041,2.6054649353027344,-0.9288554191589355
11042,2.119380474090576,-0.9201843738555908
11043,2.350241184234619,-1.0852984189987183
11044,2.477384090423584,-1.024996280670166
11045,2.231508255004883,-0.8400405645370483
11046,2.1425321102142334,-1.043928861618042
11047,2.207517385482788,-0.8602569699287415
11048,2.448843479156494,-0.9679162502288818
11049,1.9592101573944092,-0.9694639444351196
11050,2.368971347808838,-1.0618406534194946
11051,2.6104753017425537,-1.1591875553131104
11052,2.4173877239227295,-1.075523018836975
11053,2.3991994857788086,-0.8182255029678345
11054,2.323091983795166,-1.2310681343078613
11055,2.2977139949798584,-1.0228691101074219
11056,2.421231269836426,-0.963866651058197
11057,2.195742130279541,-0.8725038766860962
11058,2.446320056915283,-1.0802159309387207
11059,2.389510154724121,-0.9557574391365051
11060,2.3202216625213623,-0.9423683881759644
11061,2.4585328102111816,-0.855731725692749
11062,2.4520697593688965,-0.8286693692207336
11063,2.204824924468994,-1.1161866188049316
11064,2.3419251441955566,-1.1181786060333252
11065,3.047764301300049,-1.0076981782913208
11066,2.243356227874756,-0.949263334274292
11067,2.1804585456848145,-0.942124605178833
11068,2.6412391662597656,-0.9669407606124878
11069,2.1585426330566406,-1.29587721824646
11070,2.815938949584961,-1.0202559232711792
11071,2.3590452671051025,-1.0194340944290161
11072,2.6030173301696777,-0.9541884064674377
11073,2.5815041065216064,-0.9901341199874878
11074,2.07267165184021,-1.0479780435562134
11075,2.7858994007110596,-1.0675311088562012
11076,2.3962619304656982,-1.067202091217041
11077,2.404873847961426,-0.9139527082443237
11078,2.4525790214538574,-1.1135268211364746
11079,2.551175355911255,-0.9130300879478455
11080,2.429548740386963,-1.1186813116073608
11081,2.4658656120300293,-0.9981188178062439
11082,2.2302732467651367,-1.0634171962738037
11083,2.652881145477295,-1.0629382133483887
11084,2.891498565673828,-0.9433543682098389
11085,2.350152015686035,-1.230717420578003
11086,2.233180046081543,-1.1562708616256714
11087,2.7345027923583984,-0.8787814974784851
11088,2.555954694747925,-1.1255230903625488
11089,2.2468180656433105,-0.8987179398536682
11090,2.3564796447753906,-0.9157044887542725
11091,2.342315673828125,-0.8185043334960938
11092,2.113093852996826,-1.0317362546920776
11093,2.328735113143921,-0.9951293468475342
11094,2.367866277694702,-1.0050104856491089
11095,2.169248580932617,-1.0224350690841675
11096,2.1062843799591064,-1.0970336198806763
11097,2.2549009323120117,-1.0709407329559326
11098,2.316659927368164,-0.8084108233451843
11099,2.3699772357940674,-0.822367787361145
11100,2.5556511878967285,-1.060041069984436
11101,2.077122926712036,-1.0756888389587402
11102,2.5420589447021484,-1.1652531623840332
11103,2.3277101516723633,-1.165022611618042
11104,2.464592695236206,-0.8543519377708435
11105,2.685302257537842,-0.9298586249351501
11106,2.575260639190674,-1.0578134059906006
11107,2.3483023643493652,-1.0286616086959839
11108,2.3142616748809814,-0.9696025252342224
11109,2.429077386856079,-0.8770483136177063
11110,2.5321826934814453,-0.9909501075744629
11111,2.516296148300171,-1.010098934173584
11112,2.5080795288085938,-1.02116858959198
11113,2.261904001235962,-1.0700420141220093
11114,2.481597423553467,-0.9769260883331299
11115,2.152622699737549,-1.1405956745147705
11116,2.386979103088379,-1.020297884941101
11117,2.490023136138916,-0.888824462890625
11118,2.344045877456665,-0.9266582727432251
11119,2.5459818840026855,-0.9201264977455139
11120,2.4051380157470703,-0.8510335683822632
11121,2.0165855884552,-0.9397656917572021
11122,2.507451057434082,-0.9896204471588135
11123,2.2525880336761475,-1.0633927583694458
11124,2.186069965362549,-1.0654196739196777
11125,2.2580277919769287,-0.898181140422821
11126,2.807483673095703,-0.9146000742912292
11127,2.1725730895996094,-0.9396517872810364
11128,2.1220250129699707,-0.8261459469795227
11129,2.793379545211792,-0.9113243222236633
11130,2.286689519882202,-0.9219017028808594
11131,2.6519765853881836,-1.0441532135009766
11132,2.354257106781006,-1.0060290098190308
11133,2.147765636444092,-0.9126036763191223
11134,2.2593765258789062,-0.9823803901672363
11135,2.3364038467407227,-1.0447181463241577
11136,2.211047410964966,-0.8440305590629578
11137,2.3865013122558594,-1.072892427444458
11138,2.440535545349121,-0.9982147216796875
11139,2.3447484970092773,-1.0155233144760132
11140,2.5263607501983643,-0.9755094647407532
11141,2.349757671356201,-0.9914259910583496
11142,2.3363449573516846,-0.9875404238700867
11143,2.4363436698913574,-1.0501813888549805
11144,2.230599880218506,-0.8267386555671692
11145,2.7225914001464844,-1.0222498178482056
11146,2.217273235321045,-0.832017719745636
11147,2.281252861022949,-0.9567056894302368
11148,2.47776460647583,-0.9675969481468201
11149,2.3858695030212402,-1.1167714595794678
11150,2.418039321899414,-0.8420544266700745
11151,2.6660776138305664,-1.0525660514831543
11152,2.0559048652648926,-0.8231223821640015
11153,2.746485710144043,-0.8941306471824646
11154,2.5124669075012207,-0.9186508059501648
11155,2.2107748985290527,-1.1105165481567383
11156,2.631589651107788,-0.8166212439537048
11157,2.4234108924865723,-0.9635090827941895
11158,2.2603116035461426,-0.9536430239677429
11159,2.3488879203796387,-0.921013593673706
11160,2.746107578277588,-0.9610103368759155
11161,2.78458309173584,-1.0404727458953857
11162,2.358304023742676,-1.052933692932129
11163,2.4285972118377686,-1.0617245435714722
11164,2.5444231033325195,-0.9642366766929626
11165,2.525057792663574,-0.9207978844642639
11166,2.139509677886963,-0.8148256540298462
11167,2.457155227661133,-1.0071592330932617
11168,2.5624756813049316,-0.9005069732666016
11169,2.399768352508545,-0.7994993329048157
11170,2.459928274154663,-0.9901888370513916
11171,2.0901541709899902,-0.8124426007270813
11172,2.11631441116333,-0.9935939311981201
11173,2.125904083251953,-0.9459471106529236
11174,2.4115214347839355,-0.9896867275238037
11175,2.372096538543701,-1.0808134078979492
11176,2.437793254852295,-0.8734679222106934
11177,2.1541478633880615,-0.9341492652893066
11178,2.149117946624756,-1.0457465648651123
11179,2.2900938987731934,-0.9441065788269043
11180,2.18593168258667,-0.8979149460792542
11181,2.4905712604522705,-1.0105297565460205
11182,2.386317253112793,-0.6236274242401123
11183,2.0769095420837402,-1.021167278289795
11184,2.4423396587371826,-0.930402398109436
11185,1.9392893314361572,-0.9404246807098389
11186,2.6161282062530518,-0.9178398847579956
11187,2.7407312393188477,-0.900428831577301
11188,2.1385183334350586,-0.896503746509552
11189,2.338928699493408,-0.9247574806213379
11190,2.163681983947754,-0.89827561378479
11191,2.120795726776123,-0.8020853400230408
11192,2.2572388648986816,-1.157370686531067
11193,2.52919864654541,-1.082468867301941
11194,2.5156707763671875,-0.9011313915252686
11195,2.0889530181884766,-1.019195795059204
11196,2.345991373062134,-1.0263839960098267
11197,2.5358352661132812,-1.140296459197998
11198,2.1372249126434326,-0.9179843068122864
11199,2.53767991065979,-0.9112527966499329
11200,2.00557279586792,-0.872235119342804
11201,2.362001419067383,-1.0146546363830566
11202,2.5039877891540527,-1.1114890575408936
11203,2.5564074516296387,-1.0189871788024902
11204,1.9915752410888672,-0.9756482839584351
11205,2.4630298614501953,-0.9609905481338501
11206,2.055124282836914,-0.8564338088035583
11207,2.193364143371582,-0.8756163716316223
11208,2.2789793014526367,-0.811433732509613
11209,2.1247057914733887,-0.8564886450767517
11210,2.3263731002807617,-0.8595456480979919
11211,2.3995370864868164,-0.9829545021057129
11212,2.3773882389068604,-0.9833908081054688
11213,2.1616158485412598,-0.8302319049835205
11214,2.177926540374756,-0.9555184245109558
11215,2.381592273712158,-1.077642560005188
11216,2.1397695541381836,-0.8342347741127014
11217,2.308311939239502,-0.8030990362167358
11218,2.0755615234375,-0.9334472417831421
11219,2.346055030822754,-0.9613296389579773
11220,2.5075759887695312,-0.8543102741241455
11221,2.0444626808166504,-1.0485466718673706
11222,2.461369514465332,-0.9831341505050659
11223,2.361769199371338,-0.8623074293136597
11224,2.417919158935547,-0.9292319416999817
11225,2.678783416748047,-1.0999858379364014
11226,2.21730375289917,-0.8926483988761902
11227,2.426589012145996,-0.932140052318573
11228,2.3082799911499023,-0.8327389359474182
11229,2.6142873764038086,-0.9425906538963318
11230,2.099332332611084,-0.9838649034500122
11231,2.343553066253662,-0.9054797291755676
11232,2.384556770324707,-0.9451884627342224
11233,2.3572750091552734,-1.0345131158828735
11234,3.0058908462524414,-1.0920445919036865
11235,2.248156785964966,-0.9317214488983154
11236,2.4040465354919434,-0.9725949764251709
11237,2.214724540710449,-0.9247430562973022
11238,2.355264663696289,-0.9316633343696594
11239,2.620115280151367,-1.044674038887024
11240,2.4625232219696045,-0.9824325442314148
11241,2.312471866607666,-0.9641811847686768
11242,2.139758825302124,-1.086607813835144
11243,2.497692584991455,-0.9052189588546753
11244,2.135328769683838,-1.0600019693374634
11245,2.301243782043457,-1.0594674348831177
11246,2.0222983360290527,-1.0294711589813232
11247,2.8827261924743652,-0.9249774217605591
11248,2.3263673782348633,-1.0874556303024292
11249,2.411350727081299,-0.7690345048904419
11250,2.4059791564941406,-0.9639229774475098
11251,2.168569564819336,-0.818514347076416
11252,2.525024890899658,-0.9406852722167969
11253,2.288015365600586,-0.9384586215019226
11254,2.17238450050354,-0.9688859581947327
11255,2.3686211109161377,-1.0175185203552246
11256,2.052852153778076,-0.9130744934082031
11257,2.2283406257629395,-0.9975378513336182
11258,2.3161871433258057,-0.8562828302383423
11259,2.0535340309143066,-1.037967562675476
11260,2.140695571899414,-0.8276397585868835
11261,2.511847972869873,-0.8671407103538513
11262,2.6397042274475098,-0.7733156085014343
11263,2.1950368881225586,-1.0020077228546143
11264,2.392673969268799,-1.0152791738510132
11265,2.368802547454834,-0.9162017703056335
11266,1.9601666927337646,-0.8842241168022156
11267,2.0731444358825684,-1.0075651407241821
11268,1.992860198020935,-0.8590632081031799
11269,2.7017297744750977,-0.855624258518219
11270,2.038393020629883,-1.0673549175262451
11271,2.0071420669555664,-1.0800906419754028
11272,2.3703341484069824,-0.7825556993484497
11273,2.1497108936309814,-0.9806641936302185
11274,2.199094295501709,-0.9787684082984924
11275,2.4438915252685547,-0.9787490963935852
11276,2.4278125762939453,-0.9325423240661621
11277,2.1938891410827637,-1.1138415336608887
11278,2.371218204498291,-1.009892463684082
11279,2.7177224159240723,-1.011059045791626
11280,2.581604480743408,-1.188035488128662
11281,2.4275026321411133,-1.0051777362823486
11282,2.2214136123657227,-0.727375864982605
11283,2.2970166206359863,-0.8971531391143799
11284,2.811807632446289,-0.8317770957946777
11285,2.5904312133789062,-0.9430773854255676
11286,2.07254695892334,-1.132330060005188
11287,2.431316375732422,-0.9283621311187744
11288,2.4789857864379883,-1.034142255783081
11289,2.1382052898406982,-0.8090875148773193
11290,2.558055877685547,-0.9260312914848328
11291,2.5046122074127197,-1.0720840692520142
11292,2.563845634460449,-0.7855632901191711
11293,1.9865946769714355,-0.9382275938987732
11294,2.133392095565796,-1.005495548248291
11295,2.365186929702759,-1.0075995922088623
11296,2.565814971923828,-0.9032831788063049
11297,2.212557554244995,-0.9895694255828857
11298,2.3435349464416504,-0.9651519060134888
11299,2.2207865715026855,-0.9321171641349792
11300,2.351457357406616,-0.9606307744979858
11301,2.214949607849121,-1.0956040620803833
11302,2.0132510662078857,-0.9423954486846924
11303,2.1925878524780273,-0.9593563079833984
11304,2.529985189437866,-0.8979315757751465
11305,2.101916790008545,-1.0340089797973633
11306,2.5407395362854004,-0.947205662727356
11307,2.3517332077026367,-0.913737416267395
11308,2.2335567474365234,-0.9556486010551453
11309,2.15258526802063,-0.8945130109786987
11310,2.265385150909424,-0.852333664894104
11311,2.1183366775512695,-1.0096352100372314
11312,2.1180882453918457,-1.040014386177063
11313,2.392211675643921,-0.8740705847740173
11314,2.4705612659454346,-0.817572832107544
11315,2.1622586250305176,-0.9204769134521484
11316,2.3751513957977295,-0.8573329448699951
11317,1.9253329038619995,-0.8907310366630554
11318,2.1639299392700195,-0.966999888420105
11319,2.391519069671631,-0.9983543157577515
11320,2.175687551498413,-0.9855851531028748
11321,2.7198734283447266,-0.8740977644920349
11322,1.9502664804458618,-0.9765658378601074
11323,2.408623218536377,-0.8282546401023865
11324,2.0553483963012695,-0.9866324067115784
11325,2.261350631713867,-0.8228638172149658
11326,2.308583974838257,-0.9418147206306458
11327,2.5179808139801025,-0.9584739804267883
11328,2.0282933712005615,-1.019155740737915
11329,2.3750803470611572,-0.9947381615638733
11330,2.2093288898468018,-0.9898003339767456
11331,2.4406466484069824,-0.9921545386314392
11332,2.2339656352996826,-0.8302589654922485
11333,2.1698250770568848,-1.0061335563659668
11334,2.008985996246338,-0.8061591982841492
11335,2.236196756362915,-1.0890213251113892
11336,2.30222749710083,-0.908912181854248
11337,2.4190149307250977,-1.042637825012207
11338,2.047640085220337,-0.90278160572052
11339,2.1709816455841064,-1.0120750665664673
11340,2.2016093730926514,-0.8414381146430969
11341,2.19238543510437,-0.94317626953125
11342,2.0659258365631104,-0.9757807850837708
11343,2.3874928951263428,-1.0074543952941895
11344,2.231363534927368,-1.0369778871536255
11345,2.149456024169922,-0.8814192414283752
11346,2.449871778488159,-0.8218141198158264
11347,2.4845151901245117,-0.8121528029441833
11348,2.4581034183502197,-0.9660336375236511
11349,2.0356671810150146,-0.9159194827079773
11350,2.208965539932251,-0.993289053440094
11351,2.197375774383545,-0.8752986788749695
11352,2.562635660171509,-0.922199010848999
11353,2.2703394889831543,-0.8808490633964539
11354,2.526547908782959,-0.9113448858261108
11355,2.6000616550445557,-1.0508806705474854
11356,2.2468137741088867,-0.9789502024650574
11357,2.326268196105957,-0.882453441619873
11358,2.1459498405456543,-0.8328571915626526
11359,1.9682786464691162,-0.907090425491333
11360,2.4522271156311035,-1.017399549484253
11361,2.230945348739624,-1.0932860374450684
11362,2.499447822570801,-0.9127153754234314
11363,2.350033760070801,-0.8874816298484802
11364,2.4053986072540283,-0.9930360317230225
11365,2.6252598762512207,-0.9883335828781128
11366,2.2335805892944336,-0.9391151666641235
11367,2.4956820011138916,-0.8435733318328857
11368,2.3646998405456543,-0.9229181408882141
11369,2.039058208465576,-0.9105181097984314
11370,2.1471076011657715,-0.9052949547767639
11371,2.168614387512207,-0.8427124619483948
11372,2.395224094390869,-0.910251796245575
11373,2.4246230125427246,-0.9148979187011719
11374,1.9495868682861328,-0.9025608897209167
11375,2.2366583347320557,-1.068737506866455
11376,2.750361919403076,-0.978691816329956
11377,2.128469944000244,-0.7994823455810547
11378,2.426168918609619,-0.8767130970954895
11379,2.6107635498046875,-0.9453586339950562
11380,2.449032783508301,-1.0249844789505005
11381,2.415177822113037,-0.8165566325187683
11382,2.2253665924072266,-1.007603406906128
11383,2.231450080871582,-0.9343913793563843
11384,2.0840229988098145,-0.9940656423568726
11385,2.179689884185791,-1.0163367986679077
11386,2.1713967323303223,-0.8309996128082275
11387,2.305910587310791,-0.8356902599334717
11388,2.322340488433838,-1.0054718255996704
11389,2.303083896636963,-1.0107684135437012
11390,2.32521915435791,-0.7600435614585876
11391,2.1782140731811523,-0.900165855884552
11392,2.2366812229156494,-0.9370009899139404
11393,2.135344982147217,-1.0150485038757324
11394,2.0983362197875977,-0.8777408599853516
11395,2.316533088684082,-0.832411527633667
11396,2.2537999153137207,-0.8987553119659424
11397,2.672417163848877,-0.9957324862480164
11398,2.3152644634246826,-0.8081061840057373
11399,2.5287418365478516,-1.0382195711135864
11400,2.2859692573547363,-0.9285807013511658
11401,2.3046445846557617,-0.9281132221221924
11402,2.3290743827819824,-0.9064292907714844
11403,2.4913735389709473,-0.7810391187667847
11404,2.417140483856201,-0.9428620338439941
11405,2.6698665618896484,-0.9226975440979004
11406,2.2336502075195312,-1.101912021636963
11407,2.2162623405456543,-0.8335145711898804
11408,2.456103801727295,-0.857316255569458
11409,2.4837920665740967,-0.8679025173187256
11410,2.0661144256591797,-0.903973400592804
11411,2.654888153076172,-0.9715398550033569
11412,2.4396860599517822,-0.9736919403076172
11413,2.2109713554382324,-0.9500530362129211
11414,2.4886603355407715,-0.8333178758621216
11415,2.2114291191101074,-0.9081661105155945
11416,2.2104039192199707,-0.9424984455108643
11417,2.268444061279297,-0.8895877003669739
11418,2.154930830001831,-1.042270541191101
11419,2.577826499938965,-1.0293720960617065
11420,2.4227375984191895,-0.8921165466308594
11421,2.1324095726013184,-0.922548770904541
11422,2.3474740982055664,-0.9184536933898926
11423,2.492863178253174,-0.798798680305481
11424,2.4346346855163574,-0.978220522403717
11425,2.335545539855957,-1.0281254053115845
11426,2.337857723236084,-0.9918872714042664
11427,2.104196071624756,-1.0083562135696411
11428,2.1931231021881104,-0.8895537853240967
11429,2.262125253677368,-0.9699769020080566
11430,2.8161447048187256,-1.0406614542007446
11431,2.239567518234253,-0.9230185151100159
11432,2.2525033950805664,-0.9699251055717468
11433,2.47939395904541,-0.8710771203041077
11434,2.2937557697296143,-0.974315345287323
11435,2.2841439247131348,-0.9285814166069031
11436,2.317213535308838,-1.0434691905975342
11437,2.2740285396575928,-0.8442434072494507
11438,2.7401695251464844,-0.9761609435081482
11439,2.448151111602783,-0.9193623065948486
11440,2.1327621936798096,-1.1383376121520996
11441,2.9001574516296387,-0.7759628295898438
11442,2.3486905097961426,-0.8738754391670227
11443,2.263293743133545,-0.9305861592292786
11444,2.682307481765747,-0.7820804119110107
11445,2.197877883911133,-1.0407601594924927
11446,2.0867347717285156,-0.7553065419197083
11447,2.8274407386779785,-1.0072810649871826
11448,2.202284336090088,-0.8867549300193787
11449,2.460667610168457,-0.9736671447753906
11450,2.4317994117736816,-0.9871346950531006
11451,2.299314498901367,-0.921912670135498
11452,2.2760605812072754,-0.9963281750679016
11453,2.3812835216522217,-0.8993351459503174
11454,2.6243209838867188,-0.8340156674385071
11455,2.556727647781372,-0.8170634508132935
11456,2.0798587799072266,-0.9006264209747314
11457,2.2102158069610596,-0.9818625450134277
11458,2.359626293182373,-0.8771065473556519
11459,2.481569528579712,-0.9932143688201904
11460,2.2366199493408203,-0.9877126812934875
11461,1.9972636699676514,-0.8286964893341064
11462,2.090954303741455,-0.9312847852706909
11463,2.39487886428833,-0.916964054107666
11464,2.5961780548095703,-0.8874137997627258
11465,2.385700225830078,-0.8018874526023865
11466,2.1108145713806152,-0.8891204595565796
11467,2.578432083129883,-0.9369692206382751
11468,2.2470831871032715,-0.8436710834503174
11469,2.67611026763916,-0.841605544090271
11470,2.387580156326294,-0.9310855865478516
11471,2.2220993041992188,-0.8079632520675659
11472,2.310176372528076,-0.9736987352371216
11473,2.4660022258758545,-0.9295384287834167
11474,2.2275149822235107,-0.9186302423477173
11475,2.4006333351135254,-1.0350979566574097
11476,2.273796319961548,-0.8928776383399963
11477,2.470773696899414,-0.856468677520752
11478,2.5553159713745117,-0.9538023471832275
11479,2.472515106201172,-0.8856151700019836
11480,2.2248406410217285,-0.9052785634994507
11481,2.358816623687744,-0.849275529384613
11482,2.376650333404541,-0.9050986766815186
11483,2.218616485595703,-1.0053019523620605
11484,2.347440719604492,-0.8340118527412415
11485,2.001554012298584,-0.9144335389137268
11486,2.249966621398926,-0.928755521774292
11487,2.128877639770508,-0.9664512872695923
11488,2.032836675643921,-0.8367803692817688
11489,2.3588671684265137,-0.8267999291419983
11490,2.261445999145508,-1.06326162815094
11491,2.361351251602173,-0.8193920850753784
11492,2.372572660446167,-0.909191906452179
11493,2.288813352584839,-0.9757256507873535
11494,2.483058452606201,-1.040623664855957
11495,2.0024526119232178,-0.9470564126968384
11496,1.974284291267395,-0.7900710105895996
11497,2.448284149169922,-0.9587964415550232
11498,2.229515552520752,-1.054175853729248
11499,2.1092357635498047,-0.9071115851402283
11500,2.3496274948120117,-0.9372947216033936
11501,2.3794498443603516,-0.8681649565696716
11502,2.2809038162231445,-0.8999862670898438
11503,2.360167980194092,-0.856934130191803
11504,2.339992046356201,-0.920491099357605
11505,2.5927481651306152,-0.8412864208221436
11506,2.6069746017456055,-0.994804859161377
11507,2.0055484771728516,-1.0289310216903687
11508,2.4066123962402344,-0.880174458026886
11509,1.8697683811187744,-1.0080472230911255
11510,2.0626566410064697,-0.8372093439102173
11511,2.7538745403289795,-0.8477069735527039
11512,2.188957691192627,-0.9103142619132996
11513,2.4823803901672363,-0.9586397409439087
11514,2.1805481910705566,-1.0339744091033936
11515,2.479978322982788,-0.8472369313240051
11516,2.930905818939209,-0.9088959693908691
11517,2.257308006286621,-1.0231760740280151
11518,2.4695019721984863,-0.9327818155288696
11519,2.1429083347320557,-0.7629791498184204
11520,2.245757579803467,-0.830964207649231
11521,2.4958505630493164,-0.8683223724365234
11522,2.9092016220092773,-0.8491292595863342
11523,2.3208885192871094,-0.8609772324562073
11524,2.39841890335083,-0.7864687442779541
11525,2.3536412715911865,-0.8989142775535583
11526,2.2720093727111816,-0.9317150115966797
11527,2.5393519401550293,-0.8852748274803162
11528,2.330578327178955,-0.9400239586830139
11529,2.192387342453003,-0.8282315135002136
11530,2.4994301795959473,-0.9017366766929626
11531,2.079545259475708,-0.9493262767791748
11532,2.1912031173706055,-0.8487311005592346
11533,2.0755436420440674,-0.8787137866020203
11534,2.127135753631592,-0.882760763168335
11535,2.45535945892334,-0.8466804623603821
11536,2.3260819911956787,-1.0445114374160767
11537,2.161801338195801,-0.9764829874038696
11538,3.0365099906921387,-0.9167619943618774
11539,2.570406436920166,-0.7820479869842529
11540,2.346993923187256,-0.9088875651359558
11541,2.1040196418762207,-1.1868138313293457
11542,2.066161632537842,-0.6806321144104004
11543,2.3601856231689453,-0.8251789808273315
11544,1.8853144645690918,-0.910193681716919
11545,2.2148447036743164,-0.9861109256744385
11546,2.539407730102539,-0.842599093914032
11547,2.137692928314209,-0.9808746576309204
11548,2.352121114730835,-0.8549690246582031
11549,2.4434454441070557,-0.9690502882003784
11550,2.3768534660339355,-0.896535336971283
11551,2.1924781799316406,-0.8882205486297607
11552,2.4429984092712402,-1.0212481021881104
11553,2.0909900665283203,-0.8488292098045349
11554,2.50689959526062,-0.722399890422821
11555,2.1455583572387695,-0.9537190198898315
11556,2.2755589485168457,-1.0224782228469849
11557,2.2791452407836914,-1.0500750541687012
11558,2.1760191917419434,-0.7332824468612671
11559,2.0573418140411377,-0.8758119344711304
11560,2.3998138904571533,-0.9429261088371277
11561,2.738112449645996,-0.9381743669509888
11562,2.4265449047088623,-0.9832370281219482
11563,2.1988964080810547,-0.956827700138092
11564,2.1427016258239746,-0.7907512187957764
11565,2.1684446334838867,-0.907299816608429
11566,2.4203109741210938,-0.779676079750061
11567,2.6470119953155518,-0.7789952158927917
11568,1.8570573329925537,-0.8382968306541443
11569,2.2422046661376953,-0.9117118716239929
11570,2.479278326034546,-0.8534097075462341
11571,2.2062206268310547,-1.0264776945114136
11572,2.8782105445861816,-0.8801501989364624
11573,2.350773811340332,-0.940765380859375
11574,2.2198984622955322,-0.979133665561676
11575,2.2930691242218018,-0.8288969397544861
11576,2.6364102363586426,-0.8219761848449707
11577,2.611394166946411,-0.9134581089019775
11578,2.367208480834961,-0.8437614440917969
11579,2.4484992027282715,-0.9422452449798584
11580,2.213282823562622,-0.8681981563568115
11581,2.6222195625305176,-0.7725528478622437
11582,2.197970390319824,-0.8293154239654541
11583,2.465867280960083,-1.044827938079834
11584,2.471024751663208,-0.9659461379051208
11585,2.813300609588623,-0.9410740733146667
11586,2.2961721420288086,-0.884467363357544
11587,2.339722156524658,-0.7063513994216919
11588,3.1972031593322754,-0.9549567699432373
11589,2.245640754699707,-0.9483767747879028
11590,2.507894515991211,-0.8825471997261047
11591,2.3518967628479004,-0.9177011251449585
11592,2.770155906677246,-0.7714831829071045
11593,2.751657485961914,-0.9174981713294983
11594,2.5116305351257324,-0.8138296604156494
11595,2.202232837677002,-0.9598925113677979
11596,2.1191744804382324,-0.8604071736335754
11597,2.499650239944458,-0.8411495089530945
11598,2.3688580989837646,-0.772239089012146
11599,2.326936960220337,-0.9839289784431458
11600,2.504610538482666,-0.9431634545326233
11601,2.4277305603027344,-0.7377052903175354
11602,2.191246747970581,-0.8965549468994141
11603,2.113112449645996,-0.7849102020263672
11604,2.2741596698760986,-0.6993269920349121
11605,2.57708740234375,-0.9691699743270874
11606,2.4405717849731445,-0.9414862990379333
11607,2.817870616912842,-0.8722400069236755
11608,2.341099262237549,-0.9506586194038391
11609,2.165132761001587,-0.7733157873153687
11610,2.1877708435058594,-0.7963603138923645
11611,1.995116949081421,-0.9788673520088196
11612,2.062553882598877,-0.7480373978614807
11613,2.145020008087158,-0.8675681352615356
11614,2.235323429107666,-0.8217647075653076
11615,2.3289883136749268,-0.8872231245040894
11616,2.765204906463623,-0.7668436169624329
11617,2.110243320465088,-1.0658924579620361
11618,2.3065619468688965,-0.9496277570724487
11619,2.0760397911071777,-0.8983392119407654
11620,2.3022656440734863,-1.0192201137542725
11621,2.1364972591400146,-0.9559464454650879
11622,2.338012218475342,-1.0469970703125
11623,3.270665168762207,-0.9189938902854919
11624,2.4315056800842285,-0.8784626126289368
11625,2.115647315979004,-0.859620988368988
11626,2.509626865386963,-0.8422644138336182
11627,2.1746902465820312,-0.8107119798660278
11628,2.1900854110717773,-0.9019811153411865
11629,2.2191214561462402,-0.7886693477630615
11630,2.4830267429351807,-0.9570149183273315
11631,2.29198956489563,-0.7720434665679932
11632,2.3322396278381348,-0.780121386051178
11633,3.013051748275757,-0.9887784719467163
11634,2.325833559036255,-0.8058090806007385
11635,2.603667736053467,-1.0092196464538574
11636,2.4688615798950195,-0.9246559143066406
11637,2.234834909439087,-0.8458830118179321
11638,2.693730592727661,-0.7788535356521606
11639,2.3079681396484375,-0.8008683919906616
11640,2.427638053894043,-0.9563453197479248
11641,2.638040065765381,-0.8938549757003784
11642,2.7534470558166504,-0.8164041638374329
11643,2.254556655883789,-0.9028188586235046
11644,2.5557875633239746,-0.8730868697166443
11645,2.564582586288452,-0.8221489191055298
11646,2.3442811965942383,-0.9792182445526123
11647,2.0602376461029053,-0.7003057599067688
11648,2.5493390560150146,-0.7874112129211426
11649,2.360065460205078,-0.7910481095314026
11650,2.1959118843078613,-0.7692832946777344
11651,2.2612133026123047,-0.7643043994903564
11652,2.232675552368164,-0.8895694613456726
11653,2.3686447143554688,-0.8818092942237854
11654,2.590935230255127,-0.9020675420761108
11655,1.994636058807373,-0.8263781666755676
11656,2.0506386756896973,-0.918144702911377
11657,2.3165760040283203,-0.9552869200706482
11658,2.640679359436035,-0.8708497881889343
11659,2.3148508071899414,-0.908211886882782
11660,2.424560070037842,-0.8499665856361389
11661,2.06901216506958,-0.7691401839256287
11662,2.316120147705078,-0.9963371753692627
11663,2.1472396850585938,-0.7799920439720154
11664,2.7547214031219482,-0.8344027996063232
11665,2.3693108558654785,-0.8123397827148438
11666,2.948129415512085,-0.8271443247795105
11667,2.109837532043457,-0.9715526103973389
11668,2.554804801940918,-0.8749967217445374
11669,2.220090627670288,-0.8887324333190918
11670,2.2509841918945312,-0.8603270053863525
11671,2.373995304107666,-0.7959066033363342
11672,2.3990793228149414,-0.9525598287582397
11673,2.1042048931121826,-0.8501901030540466
11674,2.2073962688446045,-0.960995614528656
11675,2.131288766860962,-0.9428970217704773
11676,2.5227012634277344,-0.8129084706306458
11677,2.1181507110595703,-0.8525865077972412
11678,2.092909812927246,-0.6686205863952637
11679,2.513733386993408,-0.8981249332427979
11680,2.4665446281433105,-0.9653710722923279
11681,2.034426212310791,-0.8468047380447388
11682,2.3305857181549072,-1.0494470596313477
11683,2.149412155151367,-0.957385241985321
11684,2.080953598022461,-0.8593753576278687
11685,2.9064087867736816,-0.8678929209709167
11686,2.369147777557373,-1.0420770645141602
11687,2.555467128753662,-0.9168665409088135
11688,1.998802661895752,-0.867881715297699
11689,2.2258763313293457,-0.9407849311828613
11690,2.3322250843048096,-0.744551420211792
11691,2.749711751937866,-0.8722583055496216
11692,2.3106677532196045,-0.8105396032333374
11693,2.484868288040161,-0.8469110727310181
11694,2.6475863456726074,-0.965731680393219
11695,2.3066606521606445,-0.9659603834152222
11696,2.476914405822754,-0.8349443078041077
11697,3.1865506172180176,-0.9310851097106934
11698,2.28214168548584,-1.0586034059524536
11699,2.6455087661743164,-0.9771751165390015
11700,2.4028706550598145,-0.811125636100769
11701,2.515812873840332,-0.793283224105835
11702,2.650986671447754,-0.9054627418518066
11703,2.4055027961730957,-0.9819549322128296
11704,2.276543140411377,-0.9900332689285278
11705,1.9785730838775635,-0.8144824504852295
11706,2.349417209625244,-0.9422531723976135
11707,2.252990245819092,-0.8054009079933167
11708,2.1889872550964355,-0.9176621437072754
11709,2.4905476570129395,-0.9379923939704895
11710,2.1377410888671875,-0.7806928753852844
11711,2.4175312519073486,-0.7704800963401794
11712,2.4344124794006348,-0.8075988292694092
11713,2.428342580795288,-0.7384990453720093
11714,2.7318477630615234,-0.9584271907806396
11715,2.223184823989868,-0.8684454560279846
11716,2.421970844268799,-0.9256108999252319
11717,2.351943254470825,-0.838935136795044
11718,2.4188437461853027,-0.7348805069923401
11719,2.6533517837524414,-0.8701421618461609
11720,2.1537129878997803,-0.8392723798751831
11721,2.3772192001342773,-0.9579753875732422
11722,2.3229076862335205,-0.6804521679878235
11723,2.4368815422058105,-0.8043714761734009
11724,2.1770715713500977,-0.9014832377433777
11725,2.16317081451416,-0.8909147381782532
11726,2.341677665710449,-0.8477388024330139
11727,2.261867046356201,-0.6310433745384216
11728,2.3684592247009277,-0.8277251720428467
11729,2.1394779682159424,-0.8016076683998108
11730,2.0649614334106445,-0.682261049747467
11731,2.449075222015381,-0.8647094964981079
11732,2.2698287963867188,-0.6298720836639404
11733,2.303285837173462,-0.8297331929206848
11734,2.1110007762908936,-0.7863965034484863
11735,2.492525577545166,-0.8658908605575562
11736,2.3468334674835205,-0.80995774269104
11737,2.3055384159088135,-0.7451344132423401
11738,2.3516998291015625,-0.717826247215271
11739,2.3147172927856445,-0.8432522416114807
11740,2.2341318130493164,-0.8363215923309326
11741,2.2904908657073975,-0.9047263860702515
11742,2.274603843688965,-0.8684064745903015
11743,1.9445018768310547,-0.9223068952560425
11744,2.317030429840088,-0.6949493885040283
11745,2.7707576751708984,-0.8770801424980164
11746,2.4619040489196777,-0.9249475002288818
11747,2.20662260055542,-0.9188461899757385
11748,2.457102060317993,-0.9331544637680054
11749,2.4984898567199707,-0.7844401597976685
11750,2.381993293762207,-0.8026904463768005
11751,2.0035271644592285,-0.9699033498764038
11752,2.4320316314697266,-0.8579375743865967
11753,2.2289137840270996,-0.8795280456542969
11754,2.3231914043426514,-0.8578016757965088
11755,2.346080780029297,-0.8715419173240662
11756,2.0027804374694824,-0.8432934284210205
11757,2.0372719764709473,-0.7906455397605896
11758,2.3173303604125977,-0.7746603488922119
11759,2.383410930633545,-0.9048349261283875
11760,2.662736415863037,-0.7782268524169922
11761,2.3235514163970947,-0.7389874458312988
11762,2.4463353157043457,-0.9069406390190125
11763,2.46012544631958,-0.8311775326728821
11764,2.6467666625976562,-0.8339727520942688
11765,2.008997917175293,-0.878597617149353
11766,2.6125223636627197,-0.9044154286384583
11767,2.5180697441101074,-0.9025527834892273
11768,2.3221993446350098,-0.8836512565612793
11769,2.2855350971221924,-0.9488492012023926
11770,2.3253166675567627,-0.9663764834403992
11771,2.285407543182373,-0.9544056057929993
11772,2.5965096950531006,-0.8988942503929138
11773,2.5185132026672363,-0.914615273475647
11774,2.361701011657715,-0.7316164374351501
11775,2.060561180114746,-0.9373737573623657
11776,2.499972343444824,-0.845533013343811
11777,2.03934907913208,-0.9037616848945618
11778,2.594874858856201,-0.8619357347488403
11779,2.5060572624206543,-0.7454941272735596
11780,2.219226837158203,-0.8807730674743652
11781,2.6804826259613037,-0.8577584624290466
11782,2.2540857791900635,-0.9185196161270142
11783,2.368216037750244,-1.032265067100525
11784,2.345886707305908,-0.863207995891571
11785,2.420980453491211,-0.7799031138420105
11786,2.2473807334899902,-0.7929966449737549
11787,2.141915798187256,-0.7620397806167603
11788,2.3401403427124023,-0.918368399143219
11789,2.7180471420288086,-0.7345709800720215
11790,2.4671072959899902,-0.9328967928886414
11791,2.9313344955444336,-0.8102635741233826
11792,2.0201876163482666,-0.9364063143730164
11793,2.4435176849365234,-0.9656963348388672
11794,2.0933055877685547,-0.8538326025009155
11795,2.07418155670166,-0.7968659996986389
11796,2.154557943344116,-0.8179114460945129
11797,2.4567971229553223,-0.8134763836860657
11798,2.64737868309021,-0.7801845669746399
11799,2.1135408878326416,-0.8350751399993896
11800,2.4591357707977295,-0.9004001617431641
11801,2.156045913696289,-0.7938306927680969
11802,2.5292882919311523,-0.9038392901420593
11803,2.407348394393921,-0.7639079093933105
11804,2.194276809692383,-0.9993526339530945
11805,2.6366069316864014,-0.8813318014144897
11806,2.4279637336730957,-0.7948997020721436
11807,2.5990419387817383,-0.8268718719482422
11808,2.5293807983398438,-0.7848728895187378
11809,2.221522569656372,-0.8845868110656738
11810,2.3791258335113525,-0.9158763885498047
11811,2.1057896614074707,-0.7571138143539429
11812,2.672002077102661,-0.7437384724617004
11813,2.525569200515747,-0.8529326915740967
11814,2.303189754486084,-0.8295461535453796
11815,2.1960182189941406,-0.9086222052574158
11816,2.4231395721435547,-0.8707895874977112
11817,2.0958340167999268,-0.8591052889823914
11818,2.2619338035583496,-0.7931370735168457
11819,2.7900490760803223,-0.9531539678573608
11820,2.767756938934326,-0.8774828910827637
11821,2.653214454650879,-0.7690975666046143
11822,2.0706334114074707,-0.7247774600982666
11823,2.678499460220337,-0.9479977488517761
11824,2.205214023590088,-0.9284732341766357
11825,2.2910046577453613,-0.8968080282211304
11826,2.245150089263916,-0.8522428870201111
11827,2.2424159049987793,-0.7499238848686218
11828,2.1158905029296875,-0.8290541172027588
11829,2.227911949157715,-0.7738115787506104
11830,2.2236478328704834,-0.8901222348213196
11831,2.6557393074035645,-0.9279028177261353
11832,2.761603355407715,-0.8933509588241577
11833,2.6128573417663574,-0.7165903449058533
11834,2.242888927459717,-0.7703503370285034
11835,2.1856608390808105,-0.9374106526374817
11836,2.1790614128112793,-0.7707802057266235
11837,2.5049827098846436,-0.8754870891571045
11838,2.163059949874878,-0.851168692111969
11839,2.7005388736724854,-0.8790760636329651
11840,2.0983688831329346,-0.8672285676002502
11841,2.3209071159362793,-0.7994958758354187
11842,2.32841157913208,-0.9338643550872803
11843,1.9679621458053589,-0.8442171216011047
11844,2.2847070693969727,-0.6958048939704895
11845,2.3338215351104736,-0.8845665454864502
11846,2.3909802436828613,-0.8864884972572327
11847,2.462108612060547,-0.9788616895675659
11848,2.4574532508850098,-0.9440717101097107
11849,2.3645811080932617,-0.9117526412010193
11850,2.507081985473633,-0.7674827575683594
11851,2.0863027572631836,-0.8063656091690063
11852,2.205587387084961,-0.9210363626480103
11853,2.4182982444763184,-0.7206013202667236
11854,2.5160088539123535,-0.8558213710784912
11855,1.9542572498321533,-0.9012873768806458
11856,2.5703413486480713,-0.8833323121070862
11857,2.3952860832214355,-0.8347899913787842
11858,2.4163293838500977,-0.9757872819900513
11859,2.2540063858032227,-0.8540951609611511
11860,2.587402820587158,-0.8850209712982178
11861,2.1914453506469727,-0.9177467823028564
11862,2.0391507148742676,-0.8229383826255798
11863,2.5593838691711426,-0.7625713348388672
11864,2.244879722595215,-0.9417335987091064
11865,2.3752450942993164,-0.8609325289726257
11866,2.1421303749084473,-0.8496350049972534
11867,2.2153382301330566,-0.8812910318374634
11868,2.1904027462005615,-0.9350184798240662
11869,2.265944480895996,-0.7533043622970581
11870,2.536868095397949,-0.8454466462135315
11871,2.331861972808838,-0.7815974354743958
11872,2.3556251525878906,-0.9445108771324158
11873,2.2346696853637695,-0.8459146022796631
11874,2.4543702602386475,-0.6814817786216736
11875,2.315304756164551,-0.841484785079956
11876,2.3579907417297363,-0.86326003074646
11877,2.333031177520752,-0.7299574017524719
11878,2.2463793754577637,-0.8396783471107483
11879,2.487088918685913,-0.8414448499679565
11880,2.2993662357330322,-0.8309366703033447
11881,2.4591193199157715,-0.8716723918914795
11882,2.2628581523895264,-0.7639329433441162
11883,2.347784996032715,-0.8406944870948792
11884,2.00034761428833,-0.8150200843811035
11885,2.250349998474121,-0.8291008472442627
11886,2.256974220275879,-0.8294013142585754
11887,2.092496395111084,-0.9027894735336304
11888,2.146034002304077,-0.8312405347824097
11889,2.3484764099121094,-0.848452091217041
11890,2.4829940795898438,-0.9822880625724792
11891,2.3113956451416016,-0.9167073965072632
11892,2.0029520988464355,-0.9013039469718933
11893,2.5035691261291504,-0.915834903717041
11894,2.392559766769409,-0.8635976910591125
11895,2.3397014141082764,-0.859669029712677
11896,2.1750240325927734,-0.8352740406990051
11897,2.3235278129577637,-0.7899723649024963
11898,2.3665707111358643,-0.7904110550880432
11899,2.0379347801208496,-0.7910234928131104
11900,2.3323259353637695,-0.8652322888374329
11901,2.418637752532959,-0.8458645343780518
11902,2.037851333618164,-0.7445787191390991
11903,2.0891528129577637,-0.8090071082115173
11904,2.1724703311920166,-0.9745741486549377
11905,2.68131685256958,-0.8362269401550293
11906,2.6726267337799072,-0.7368316650390625
11907,2.2873377799987793,-0.8436374068260193
11908,2.4775137901306152,-0.7086140513420105
11909,1.9930204153060913,-0.8268135786056519
11910,2.0468976497650146,-0.9002702832221985
11911,2.3869290351867676,-0.723980724811554
11912,1.940227746963501,-0.7551433444023132
11913,2.4085512161254883,-0.8226215839385986
11914,2.5007734298706055,-0.8963892459869385
11915,2.623734951019287,-0.7525917887687683
11916,2.1223225593566895,-0.8501126170158386
11917,2.5007877349853516,-0.7419419288635254
11918,2.2418370246887207,-0.8394944667816162
11919,2.643472194671631,-0.7657625079154968
11920,2.8407235145568848,-0.8212893009185791
11921,2.274435520172119,-0.7726156115531921
11922,2.4972362518310547,-0.8286400437355042
11923,2.2997097969055176,-0.8452330827713013
11924,2.6444149017333984,-0.7389951348304749
11925,2.355614185333252,-0.9988027215003967
11926,2.595215320587158,-0.8781251311302185
11927,3.1789469718933105,-0.7872626781463623
11928,1.9776922464370728,-0.861664354801178
11929,2.464350938796997,-0.8133242726325989
11930,2.4870424270629883,-0.8644883036613464
11931,2.5837841033935547,-0.8566087484359741
11932,2.3991639614105225,-0.8247148394584656
11933,2.359788417816162,-0.8135797381401062
11934,2.3438332080841064,-0.7842995524406433
11935,2.8288822174072266,-0.7845768928527832
11936,2.420804023742676,-0.8122106790542603
11937,2.565971612930298,-0.8959333300590515
11938,2.3705952167510986,-0.8061337471008301
11939,2.077259063720703,-0.7098380923271179
11940,2.3585872650146484,-0.8243263959884644
11941,2.166497230529785,-0.7861842513084412
11942,2.3747332096099854,-0.8369108438491821
11943,2.177286386489868,-0.830585777759552
11944,2.270503520965576,-0.7812603712081909
11945,2.4696645736694336,-0.7227854132652283
11946,2.165100574493408,-0.7458391785621643
11947,2.6204590797424316,-0.7449340224266052
11948,2.157879114151001,-0.8855991363525391
11949,2.5175182819366455,-0.7897180914878845
11950,2.3464179039001465,-0.804413914680481
11951,2.7727551460266113,-0.7490752935409546
11952,2.9532670974731445,-0.8137522339820862
11953,2.3115432262420654,-0.7570604085922241
11954,2.569446563720703,-0.7848684787750244
11955,2.096463203430176,-0.8369439840316772
11956,2.7300028800964355,-0.8724349141120911
11957,2.4068527221679688,-0.7708298563957214
11958,2.0434858798980713,-0.8300344347953796
11959,2.2396492958068848,-0.8095011711120605
11960,2.6736137866973877,-0.8429204821586609
11961,2.218881368637085,-0.7933436632156372
11962,2.683176279067993,-0.7464871406555176
11963,2.026195526123047,-0.8467976450920105
11964,2.2768566608428955,-0.7829725742340088
11965,2.4220328330993652,-0.9262863397598267
11966,2.241818904876709,-0.824809193611145
11967,2.2736992835998535,-0.9627606868743896
11968,2.444157123565674,-0.6423044800758362
11969,2.139695405960083,-0.8172799944877625
11970,2.058166742324829,-0.8148108124732971
11971,2.6081488132476807,-0.8995532393455505
11972,2.370220184326172,-0.6840879321098328
11973,2.597543478012085,-0.8592877984046936
11974,2.4970452785491943,-0.9165824055671692
11975,2.6795473098754883,-0.8752973675727844
11976,2.3649487495422363,-0.8747513294219971
11977,2.2546043395996094,-0.7476295232772827
11978,2.229281187057495,-0.8135166764259338
11979,2.280773639678955,-0.8230884075164795
11980,2.694899559020996,-0.788338303565979
11981,2.358337640762329,-0.7842611074447632
11982,2.49277400970459,-0.9265469312667847
11983,2.535440683364868,-0.7887192368507385
11984,2.803009033203125,-1.058469533920288
11985,2.466123580932617,-0.89849853515625
11986,2.560568332672119,-0.8015368580818176
11987,2.40061616897583,-0.7892471551895142
11988,2.468207836151123,-0.7840024828910828
11989,2.2967653274536133,-0.8133858442306519
11990,2.398500442504883,-1.0318100452423096
11991,2.418233871459961,-0.8381902575492859
11992,2.4603447914123535,-0.8010683655738831
11993,2.7011382579803467,-0.8725558519363403
11994,3.00009822845459,-0.7119396924972534
11995,2.6997008323669434,-0.8298534154891968
11996,2.438718795776367,-0.9676365852355957
11997,2.7896761894226074,-0.9955031871795654
11998,2.6176252365112305,-0.8182523250579834
11999,2.471038341522217,-0.8224419951438904
12000,2.4561948776245117,-0.7745593786239624
12001,2.1543877124786377,-0.7774481177330017
12002,2.1406912803649902,-0.7654720544815063
12003,2.4641873836517334,-0.9217504262924194
12004,2.099010944366455,-0.7524993419647217
12005,2.452632427215576,-0.7078085541725159
12006,2.188884735107422,-0.8501469492912292
12007,2.5264878273010254,-0.8453352451324463
12008,2.396939992904663,-0.9642325043678284
12009,2.433744430541992,-0.8036415576934814
12010,2.5367910861968994,-0.8008877635002136
12011,2.3660433292388916,-0.8441284894943237
12012,2.409532308578491,-0.7295249700546265
12013,2.198371410369873,-0.7833573818206787
12014,2.4306106567382812,-0.7987971305847168
12015,2.2454426288604736,-0.762460470199585
12016,2.21457576751709,-0.7468888163566589
12017,2.380730628967285,-0.8906009793281555
12018,2.4947519302368164,-0.8438244462013245
12019,2.0504891872406006,-0.92554771900177
12020,2.3525476455688477,-0.8725087642669678
12021,2.593855857849121,-0.7178184390068054
12022,2.8691883087158203,-0.9918506145477295
12023,2.492246627807617,-0.7604049444198608
12024,2.532602310180664,-0.7190698385238647
12025,2.042280673980713,-0.9672917127609253
12026,2.1461315155029297,-0.6322178840637207
12027,2.4298205375671387,-0.7938772439956665
12028,2.6733858585357666,-0.7629106044769287
12029,2.270078182220459,-0.8460703492164612
12030,2.168516159057617,-0.8633970618247986
12031,2.2965569496154785,-0.7205073833465576
12032,2.3822789192199707,-0.8785778880119324
12033,2.3105907440185547,-0.8217636346817017
12034,2.257606267929077,-0.8497548699378967
12035,2.3427810668945312,-0.7456907629966736
12036,2.363149642944336,-0.8616065979003906
12037,2.7621612548828125,-0.7305870652198792
12038,2.6423542499542236,-0.7847292423248291
12039,2.676680564880371,-0.9835425019264221
12040,2.669019937515259,-0.9372683763504028
12041,2.473517894744873,-0.8692006468772888
12042,2.30914306640625,-0.6577382683753967
12043,2.2837228775024414,-0.6681223511695862
12044,2.569530963897705,-0.8838964104652405
12045,2.2056891918182373,-0.9267365336418152
12046,2.0780553817749023,-0.7739803791046143
12047,2.6766738891601562,-0.775565505027771
12048,2.460357427597046,-0.8961707353591919
12049,2.4043221473693848,-0.8083264231681824
12050,2.332737684249878,-0.7671424746513367
12051,2.7569923400878906,-0.8641999959945679
12052,2.9279417991638184,-0.9189687967300415
12053,2.1201257705688477,-0.7394297122955322
12054,2.0136356353759766,-0.7980929613113403
12055,2.767021894454956,-0.8427335619926453
12056,2.502101421356201,-0.8644120693206787
12057,2.752535104751587,-0.6948816180229187
12058,2.0687685012817383,-0.7513315081596375
12059,2.3307406902313232,-0.664577841758728
12060,2.395829200744629,-0.7811048030853271
12061,2.54307222366333,-0.6711585521697998
12062,2.480379581451416,-0.8695937395095825
12063,2.299692153930664,-0.9362751245498657
12064,2.3922171592712402,-0.7965829372406006
12065,2.624133348464966,-0.8652766942977905
12066,2.5148377418518066,-0.7764223217964172
12067,2.727776288986206,-0.7893126010894775
12068,2.4463953971862793,-0.9273083209991455
12069,2.311074733734131,-0.869947075843811
12070,2.366178035736084,-0.6510434746742249
12071,2.359327793121338,-0.860515832901001
12072,2.6136178970336914,-0.8342143297195435
12073,2.4488844871520996,-0.7724475264549255
12074,2.5725982189178467,-0.9276120066642761
12075,2.3990259170532227,-0.729479193687439
12076,2.7722434997558594,-0.929120659828186
12077,2.885448455810547,-0.8655324578285217
12078,2.702709197998047,-0.8212329149246216
12079,2.230928421020508,-0.9875820279121399
12080,2.3983068466186523,-0.8344740867614746
12081,2.3721530437469482,-0.8670803308486938
12082,2.653998851776123,-0.8353821635246277
12083,2.586831569671631,-0.729989767074585
12084,2.904794931411743,-0.7797834873199463
12085,2.4950952529907227,-0.8354593515396118
12086,2.5747125148773193,-0.8754152059555054
12087,2.745638608932495,-0.7416839003562927
12088,2.400209426879883,-0.699007511138916
12089,2.778703212738037,-0.7242646217346191
12090,2.522022247314453,-0.7265216112136841
12091,2.438032865524292,-0.786257803440094
12092,2.597519636154175,-0.9157598614692688
12093,2.5900180339813232,-0.8641329407691956
12094,2.919461727142334,-0.7170748114585876
12095,3.2121634483337402,-0.8189214468002319
12096,2.7783608436584473,-0.9684814214706421
12097,2.748366355895996,-0.7783873677253723
12098,2.418405771255493,-0.8815955519676208
12099,2.6886329650878906,-0.7931410074234009
12100,2.017923593521118,-0.622852087020874
12101,2.482226610183716,-0.7264542579650879
12102,2.724334239959717,-0.8440664410591125
12103,2.6919004917144775,-0.9358962178230286
12104,2.7527360916137695,-0.8387849926948547
12105,2.464686870574951,-0.7923979759216309
12106,2.5410757064819336,-0.9133471846580505
12107,2.6150612831115723,-0.7646893262863159
12108,2.4242453575134277,-0.8741371631622314
12109,2.201723337173462,-0.8354406952857971
12110,2.2710494995117188,-0.7586751580238342
12111,2.4401941299438477,-0.7473816871643066
12112,2.5407280921936035,-0.6902263760566711
12113,2.213827610015869,-0.7316960692405701
12114,2.460786819458008,-0.8599144220352173
12115,2.04213285446167,-0.808153510093689
12116,2.5518248081207275,-0.8787285089492798
12117,2.4652204513549805,-0.9186082482337952
12118,2.4766979217529297,-0.8258630633354187
12119,2.7032127380371094,-0.8940005302429199
12120,2.215909957885742,-0.8394166827201843
12121,2.3210887908935547,-0.9068357348442078
12122,2.2250237464904785,-0.8585782647132874
12123,2.2065281867980957,-0.6528602838516235
12124,2.3486857414245605,-0.7555840015411377
12125,2.741056442260742,-0.7714693546295166
12126,2.1479458808898926,-0.7039410471916199
12127,2.4220123291015625,-0.8508861064910889
12128,2.220466136932373,-0.7347907423973083
12129,2.2866551876068115,-0.7554924488067627
12130,2.4127979278564453,-0.7010343074798584
12131,2.499223232269287,-0.7732740640640259
12132,2.3723204135894775,-0.8744937181472778
12133,2.3545596599578857,-0.831876814365387
12134,2.536115884780884,-0.7621113657951355
12135,2.422351837158203,-0.804206132888794
12136,2.814441442489624,-0.7919426560401917
12137,2.356265068054199,-0.8279849886894226
12138,2.1506166458129883,-0.626970648765564
12139,2.167598009109497,-0.7847223877906799
12140,2.365264415740967,-0.7666691541671753
12141,2.425416946411133,-0.9160997867584229
12142,2.375824213027954,-0.8826618194580078
12143,2.226527690887451,-0.9063450694084167
12144,2.5095794200897217,-0.8584081530570984
12145,2.133993148803711,-0.8172470331192017
12146,2.358149290084839,-0.8230119943618774
12147,2.306103229522705,-0.8025270104408264
12148,2.7777533531188965,-0.6866472363471985
12149,2.092291831970215,-0.7772647142410278
12150,3.068513870239258,-0.7204151749610901
12151,2.4493250846862793,-0.9013371467590332
12152,2.265867233276367,-0.7738922238349915
12153,2.725818395614624,-0.853141188621521
12154,2.2544991970062256,-0.8247392177581787
12155,2.4653801918029785,-0.7160738110542297
12156,2.3502309322357178,-0.9062119126319885
12157,2.587646722793579,-0.8222149610519409
12158,2.6023669242858887,-0.707356870174408
12159,2.223893404006958,-0.8934252858161926
12160,2.598738670349121,-0.7109251618385315
12161,2.38034725189209,-0.6081624031066895
12162,2.3724732398986816,-0.737769603729248
12163,1.9710979461669922,-0.7018669843673706
12164,2.471048355102539,-0.9243338108062744
12165,2.4014601707458496,-0.8277824521064758
12166,2.4852871894836426,-0.7480912804603577
12167,2.3985447883605957,-0.8000863790512085
12168,2.508519172668457,-0.8337142467498779
12169,2.7966859340667725,-0.8568613529205322
12170,2.4839377403259277,-0.8428107500076294
12171,2.27675724029541,-0.7670893669128418
12172,2.787707567214966,-0.7935919165611267
12173,2.632606029510498,-0.6255604028701782
12174,2.408174514770508,-0.9288945198059082
12175,2.329375743865967,-0.8958310484886169
12176,1.9760549068450928,-0.747627854347229
12177,2.5174059867858887,-0.8184335827827454
12178,2.604948043823242,-0.8274374604225159
12179,2.3360023498535156,-0.7179334163665771
12180,2.359466552734375,-0.950985848903656
12181,2.264163017272949,-0.9167591333389282
12182,2.803959369659424,-0.8677578568458557
12183,2.5139198303222656,-0.7188186645507812
12184,2.5593605041503906,-0.7262988090515137
12185,2.244860887527466,-0.8869448304176331
12186,2.605025291442871,-0.725115954875946
12187,2.911726951599121,-0.9031213521957397
12188,2.2656259536743164,-0.6668373346328735
12189,2.3788421154022217,-0.975114643573761
12190,2.324847936630249,-0.9027445316314697
12191,2.242255687713623,-0.818501353263855
12192,2.2187387943267822,-0.7525289058685303
12193,2.17445969581604,-0.6922410726547241
12194,2.2470860481262207,-0.7841938734054565
12195,2.4508798122406006,-0.8689144849777222
12196,2.2150609493255615,-0.7553007006645203
12197,2.313478946685791,-0.8077552914619446
12198,2.464407444000244,-0.8479208946228027
12199,2.705631732940674,-0.7487099170684814
12200,2.2981455326080322,-0.7137353420257568
12201,2.3240809440612793,-0.7563117146492004
12202,2.4286632537841797,-0.8869664072990417
12203,2.202040672302246,-0.9450950026512146
12204,2.365325689315796,-0.7731881141662598
12205,2.2859530448913574,-0.9858687520027161
12206,2.4623818397521973,-0.8331605792045593
12207,2.481966257095337,-0.6953275799751282
12208,2.3802003860473633,-0.9582759737968445
12209,2.277704954147339,-0.7642574310302734
12210,2.309232473373413,-0.77970290184021
12211,2.424487352371216,-0.6963673233985901
12212,2.14682674407959,-0.7077628970146179
12213,2.5765199661254883,-0.7443559765815735
12214,2.463090181350708,-0.9607282280921936
12215,2.2747867107391357,-0.8672381043434143
12216,2.5577878952026367,-0.8660337328910828
12217,2.5550947189331055,-0.6767225861549377
12218,2.3176655769348145,-0.8187523484230042
12219,2.492591619491577,-0.8139795064926147
12220,2.1579959392547607,-0.6911203861236572
12221,2.48958683013916,-0.792826235294342
12222,2.4045166969299316,-0.8389191627502441
12223,2.30417537689209,-0.7877053618431091
12224,2.4250216484069824,-0.8222768306732178
12225,1.908203125,-0.7456897497177124
12226,2.1844325065612793,-0.7541319131851196
12227,2.399571180343628,-0.8417856097221375
12228,2.118077278137207,-0.7367632389068604
12229,2.25919246673584,-0.8094127178192139
12230,2.2350921630859375,-0.7688291668891907
12231,2.348409652709961,-0.7768791913986206
12232,2.441211223602295,-0.8642966747283936
12233,2.0120999813079834,-0.6665897965431213
12234,2.3760039806365967,-0.8564276695251465
12235,2.324540615081787,-0.6863136887550354
12236,2.3236734867095947,-0.8555877208709717
12237,2.223629951477051,-0.7632977962493896
12238,2.375572681427002,-0.7824439406394958
12239,2.2809367179870605,-0.8771440982818604
12240,2.002110004425049,-0.7790316939353943
12241,2.478762149810791,-0.8199231028556824
12242,2.074493408203125,-0.7825437188148499
12243,1.9153454303741455,-0.7335989475250244
12244,2.044735908508301,-0.871269702911377
12245,2.346050262451172,-0.780545711517334
12246,2.4859838485717773,-0.7933387160301208
12247,2.7105841636657715,-0.7047789096832275
12248,2.3650732040405273,-0.7987287044525146
12249,2.3361830711364746,-0.8989265561103821
12250,2.906233787536621,-0.7890567183494568
12251,2.577519416809082,-0.8577246069908142
12252,2.1685428619384766,-0.819490373134613
12253,2.297456741333008,-0.8029417991638184
12254,2.609529495239258,-0.7736213803291321
12255,2.622103452682495,-0.7867968678474426
12256,2.3181819915771484,-0.7124812602996826
12257,2.229250907897949,-0.8465470671653748
12258,2.3792614936828613,-0.8137795925140381
12259,2.4978599548339844,-0.7189135551452637
12260,2.3017187118530273,-0.771648108959198
12261,2.6222050189971924,-0.8403544425964355
12262,2.1688313484191895,-0.8529777526855469
12263,2.2102982997894287,-0.7880365252494812
12264,2.4139037132263184,-0.8152410387992859
12265,2.529691219329834,-0.7557314038276672
12266,2.209385871887207,-0.6791050434112549
12267,2.440005302429199,-0.6810107231140137
12268,2.2399144172668457,-0.8211599588394165
12269,2.191311836242676,-0.8193122148513794
12270,2.3933897018432617,-0.8181372284889221
12271,2.6040425300598145,-0.706554651260376
12272,2.0660252571105957,-0.6654667854309082
12273,1.9412992000579834,-0.8106673955917358
12274,2.1817221641540527,-0.7284090518951416
12275,2.120169162750244,-0.8322905898094177
12276,2.0905332565307617,-0.826111912727356
12277,2.4988150596618652,-0.829409122467041
12278,2.537681818008423,-0.7932237386703491
12279,2.4761300086975098,-0.7264906167984009
12280,2.630139112472534,-0.8664448261260986
12281,2.2806406021118164,-0.7384673953056335
12282,2.2910895347595215,-0.8466498851776123
12283,2.5542023181915283,-0.7608686685562134
12284,2.598545551300049,-0.7023663520812988
12285,2.3115081787109375,-0.6169826984405518
12286,2.226320266723633,-0.807026743888855
12287,2.276698589324951,-0.7740418314933777
12288,2.5297980308532715,-0.8322984576225281
12289,2.1621999740600586,-0.7052351236343384
12290,2.3316309452056885,-0.9046356678009033
12291,2.3162729740142822,-0.8395518660545349
12292,2.2755863666534424,-0.8414119482040405
12293,2.3977468013763428,-0.7899458408355713
12294,2.1403470039367676,-0.8098739385604858
12295,2.3891756534576416,-0.7186828851699829
12296,2.344906806945801,-0.8768313527107239
12297,2.3103480339050293,-0.7197911143302917
12298,2.0890936851501465,-0.9190523028373718
12299,2.394460916519165,-0.7364964485168457
12300,2.604644298553467,-0.7644235491752625
12301,2.023439645767212,-0.7907000780105591
12302,2.4131126403808594,-0.7985554337501526
12303,2.1968884468078613,-0.6801937222480774
12304,2.385906457901001,-0.7384856343269348
12305,2.182875633239746,-0.8210346102714539
12306,2.689443349838257,-0.7402883172035217
12307,2.340865135192871,-0.7976780533790588
12308,2.3244223594665527,-0.7999938130378723
12309,1.94477117061615,-0.7817907929420471
12310,2.53535532951355,-0.8300421237945557
12311,2.459125518798828,-0.7690029144287109
12312,2.0944628715515137,-0.8223585486412048
12313,2.685972213745117,-0.7074867486953735
12314,2.110994577407837,-0.788748562335968
12315,2.977667808532715,-0.7359189391136169
12316,2.413336753845215,-0.850510835647583
12317,2.121204376220703,-0.6336260437965393
12318,2.277724027633667,-0.7670807838439941
12319,2.3002676963806152,-0.7402973771095276
12320,2.369443416595459,-0.7516816854476929
12321,2.5679712295532227,-0.7965545654296875
12322,2.3699464797973633,-0.7567222714424133
12323,2.2179136276245117,-0.6663888692855835
12324,2.401700496673584,-0.9872226715087891
12325,2.3484277725219727,-0.923622190952301
12326,2.480177402496338,-0.8362849950790405
12327,2.704890251159668,-0.8120315670967102
12328,2.1504926681518555,-0.8154872059822083
12329,2.051269769668579,-0.7775456309318542
12330,2.0881567001342773,-0.7579241394996643
12331,2.5370333194732666,-0.7862235903739929
12332,2.15051007270813,-0.8248273730278015
12333,2.2810864448547363,-0.8443719744682312
12334,2.428720235824585,-0.7644389271736145
12335,2.417955160140991,-0.8232747912406921
12336,2.352809190750122,-0.9238355755805969
12337,1.9797285795211792,-0.7185853719711304
12338,2.1134743690490723,-0.7930896878242493
12339,2.1052517890930176,-0.8131563067436218
12340,2.0612576007843018,-0.8019858002662659
12341,2.4069082736968994,-0.8262251019477844
12342,2.3827626705169678,-0.8177611827850342
12343,2.455702781677246,-0.6367124915122986
12344,2.337009906768799,-0.8122894763946533
12345,2.1103644371032715,-0.830295741558075
12346,2.7289538383483887,-0.7668462991714478
12347,2.9279935359954834,-0.6597451567649841
12348,2.346147298812866,-0.8717691898345947
12349,2.33725643157959,-0.6890159845352173
12350,3.0105183124542236,-0.6975016593933105
12351,2.9088711738586426,-0.7586400508880615
12352,2.0761630535125732,-0.7496851086616516
12353,2.250835418701172,-0.7768123745918274
12354,2.622403383255005,-0.8104696869850159
12355,2.624238967895508,-0.9438784122467041
12356,3.029886245727539,-0.6508691310882568
12357,2.931173324584961,-0.701393187046051
12358,2.3589704036712646,-0.8091699481010437
12359,2.350670099258423,-0.8228915929794312
12360,1.9341509342193604,-0.8098487854003906
12361,2.455230236053467,-0.8735477924346924
12362,2.326988697052002,-0.7244909405708313
12363,2.370961904525757,-0.7951288819313049
12364,2.4617502689361572,-0.7168070077896118
12365,2.7451839447021484,-0.761719822883606
12366,2.406198024749756,-0.9511749148368835
12367,2.410984754562378,-0.7557308673858643
12368,2.387587547302246,-0.7843608856201172
12369,2.4989206790924072,-0.7558740377426147
12370,2.1180663108825684,-0.8030571937561035
12371,2.281013011932373,-0.8177781105041504
12372,2.417100667953491,-0.7697873711585999
12373,2.283353805541992,-0.8065444827079773
12374,2.258692741394043,-0.8736228942871094
12375,2.290343999862671,-0.7777739763259888
12376,2.021324872970581,-0.7887294292449951
12377,2.6511361598968506,-0.8343149423599243
12378,2.265089511871338,-0.7338308691978455
12379,2.404796600341797,-0.7114745378494263
12380,2.7034401893615723,-0.7868289947509766
12381,2.2184720039367676,-0.8292715549468994
12382,2.3423852920532227,-0.73187655210495
12383,2.3256688117980957,-0.7067371606826782
12384,2.426791191101074,-0.7930920124053955
12385,2.604557514190674,-0.7972531318664551
12386,2.5419533252716064,-0.8612701892852783
12387,2.1763291358947754,-0.7674712538719177
12388,2.3308017253875732,-0.6863642334938049
12389,2.313140869140625,-0.705460786819458
12390,1.9433435201644897,-0.7826439738273621
12391,2.0070722103118896,-0.7369354367256165
12392,2.5305185317993164,-0.764620840549469
12393,2.3357534408569336,-0.8662559390068054
12394,2.386807441711426,-0.7409161329269409
12395,2.338667631149292,-0.7419323921203613
12396,2.2827765941619873,-0.7633587718009949
12397,2.3540406227111816,-0.7494581341743469
12398,2.289888381958008,-0.851539671421051
12399,2.496403694152832,-0.6581478714942932
12400,1.970778226852417,-0.7750556468963623
12401,2.463975429534912,-0.6382205486297607
12402,2.5427002906799316,-0.8473629951477051
12403,2.464773178100586,-0.7704353928565979
12404,2.6546969413757324,-0.7686810493469238
12405,2.29451847076416,-0.674328625202179
12406,2.491550922393799,-0.7632640600204468
12407,2.4823591709136963,-0.8068904280662537
12408,2.375047206878662,-0.8265225887298584
12409,2.3369598388671875,-0.8732240200042725
12410,2.327270269393921,-0.7145726084709167
12411,2.1706793308258057,-0.6956904530525208
12412,2.352142095565796,-0.8019020557403564
12413,2.318178176879883,-0.6534263491630554
12414,1.8615537881851196,-0.6890485882759094
12415,2.297400951385498,-0.7453715801239014
12416,2.0875654220581055,-0.7313569784164429
12417,3.012402057647705,-0.8353617787361145
12418,2.261359453201294,-0.7060209512710571
12419,2.568485736846924,-0.7772615551948547
12420,2.5587997436523438,-0.8591371774673462
12421,2.543914794921875,-0.8450436592102051
12422,2.3586573600769043,-0.7501187324523926
12423,2.424290180206299,-0.6415362358093262
12424,2.13454532623291,-0.6274365782737732
12425,2.382204532623291,-0.7661921977996826
12426,2.715860605239868,-0.7720686197280884
12427,2.0519888401031494,-0.8610161542892456
12428,2.7257795333862305,-0.7549504041671753
12429,2.2416281700134277,-0.8355279564857483
12430,2.592586040496826,-0.7269821763038635
12431,2.4954702854156494,-0.7209264636039734
12432,2.2888293266296387,-0.7734553813934326
12433,2.6479368209838867,-0.7153986096382141
12434,2.090333938598633,-0.7254826426506042
12435,2.5608363151550293,-0.6751570105552673
12436,2.260850191116333,-0.7940430641174316
12437,2.5907084941864014,-0.697450578212738
12438,2.21781587600708,-0.6338098645210266
12439,2.6058759689331055,-0.7283106446266174
12440,2.4972877502441406,-0.719805121421814
12441,2.503129720687866,-0.759137749671936
12442,2.3218235969543457,-0.8346126675605774
12443,2.248610496520996,-0.7484967112541199
12444,2.211905002593994,-0.8374835848808289
12445,2.1703500747680664,-0.7172420024871826
12446,2.2809910774230957,-0.7659778594970703
12447,2.226682662963867,-0.7063132524490356
12448,2.372891426086426,-0.7853409051895142
12449,2.2287633419036865,-0.730476438999176
12450,2.225658893585205,-0.7553327083587646
12451,2.5893845558166504,-0.8172623515129089
12452,2.337832450866699,-0.7638903856277466
12453,2.4991860389709473,-0.7386959791183472
12454,2.193596839904785,-0.8192446827888489
12455,1.9435244798660278,-0.7477483153343201
12456,2.310939311981201,-0.6474282145500183
12457,2.1282219886779785,-0.8087431192398071
12458,2.370948314666748,-0.8721305131912231
12459,2.2898550033569336,-0.771613597869873
12460,2.2219700813293457,-0.8621872663497925
12461,2.2237300872802734,-0.8030111193656921
12462,2.6235690116882324,-0.7125347256660461
12463,2.0823071002960205,-0.8013593554496765
12464,2.804081916809082,-0.6929822564125061
12465,2.2767233848571777,-0.7287049293518066
12466,2.363825798034668,-0.7752039432525635
12467,2.5344560146331787,-0.7291180491447449
12468,2.2160167694091797,-0.7546645998954773
12469,2.249217987060547,-0.6595909595489502
12470,2.4787845611572266,-0.7303556799888611
12471,2.3505542278289795,-0.8351410627365112
12472,2.3805956840515137,-0.6698946952819824
12473,2.4068689346313477,-0.7154501080513
12474,2.7804818153381348,-0.6700280904769897
12475,2.5537569522857666,-0.7810628414154053
12476,2.3946564197540283,-0.669944167137146
12477,2.5335073471069336,-0.7895123362541199
12478,2.1967358589172363,-0.8234487771987915
12479,2.0125551223754883,-0.6818016171455383
12480,2.4959964752197266,-0.7399073839187622
12481,2.4681220054626465,-0.627928614616394
12482,2.057981014251709,-0.6180881857872009
12483,2.3893308639526367,-0.7535776495933533
12484,2.569071054458618,-0.8260513544082642
12485,2.326569080352783,-0.8528066277503967
12486,2.3794283866882324,-0.7155551314353943
12487,2.4307453632354736,-0.7873989343643188
12488,2.3640522956848145,-0.8185256719589233
12489,2.522249221801758,-0.7326989769935608
12490,2.26973819732666,-0.682390034198761
12491,2.5243144035339355,-0.7262671589851379
12492,2.3778598308563232,-0.658006489276886
12493,2.6647095680236816,-0.7718427777290344
12494,2.234614372253418,-0.810009777545929
12495,2.659574031829834,-0.8334289789199829
12496,2.1719765663146973,-0.8424729108810425
12497,2.783942461013794,-0.9093464612960815
12498,2.208367347717285,-0.6287145614624023
12499,2.478015184402466,-0.6620913147926331
12500,2.261143207550049,-0.8181135058403015
12501,2.183755397796631,-0.7446812391281128
12502,2.502831220626831,-0.7465053796768188
12503,2.4328484535217285,-0.6933906674385071
12504,2.1298911571502686,-0.713667631149292
12505,2.4155654907226562,-0.6469066143035889
12506,2.2302322387695312,-0.6349012851715088
12507,2.4520046710968018,-0.7911302447319031
12508,2.5164294242858887,-0.7763023972511292
12509,2.418256998062134,-0.739829957485199
12510,2.3024232387542725,-0.6488320231437683
12511,2.34189772605896,-0.8021799325942993
12512,2.4977903366088867,-0.8267896175384521
12513,2.377747058868408,-0.6502310037612915
12514,3.0181868076324463,-0.8890266418457031
12515,2.086284637451172,-0.7821080088615417
12516,2.2872154712677,-0.8672983050346375
12517,2.779853105545044,-0.7436972856521606
12518,2.204739570617676,-0.8779070973396301
12519,2.139824867248535,-0.6836353540420532
12520,2.4394173622131348,-0.8007163405418396
12521,2.054091453552246,-0.7608432769775391
12522,2.5941810607910156,-0.7105701565742493
12523,2.610926628112793,-0.718587338924408
12524,2.4969232082366943,-0.7694157361984253
12525,2.4506168365478516,-0.8352022767066956
12526,2.68271541595459,-0.7433852553367615
12527,2.12111234664917,-0.769744873046875
12528,2.6846635341644287,-0.7406825423240662
12529,2.219761371612549,-0.7363163828849792
12530,2.1348936557769775,-0.8594087958335876
12531,2.3539836406707764,-0.6899204850196838
12532,2.534322738647461,-0.7808164358139038
12533,2.303126335144043,-0.6770104765892029
12534,2.5245251655578613,-0.6928642392158508
12535,2.8147878646850586,-0.7707491517066956
12536,2.3502299785614014,-0.6979349255561829
12537,2.2256417274475098,-0.7367467284202576
12538,2.560556411743164,-0.6589243412017822
12539,2.1747608184814453,-0.7442353963851929
12540,2.3957691192626953,-0.7109102010726929
12541,2.605754852294922,-0.7084153890609741
12542,2.5947978496551514,-0.7168990969657898
12543,2.3928141593933105,-0.8550616502761841
12544,2.4143388271331787,-0.7405933141708374
12545,2.767611503601074,-0.7852603197097778
12546,2.419264793395996,-0.678676426410675
12547,2.3496363162994385,-0.6109853982925415
12548,2.994194269180298,-0.808653712272644
12549,2.2836806774139404,-0.6547250151634216
12550,2.5423097610473633,-0.7893349528312683
12551,2.7357654571533203,-0.7408604621887207
12552,2.2265045642852783,-0.7381352186203003
12553,2.880856513977051,-0.5908241868019104
12554,2.3034157752990723,-0.7755889296531677
12555,2.426351547241211,-0.7996258735656738
12556,2.5945682525634766,-0.8234738707542419
12557,2.252507209777832,-0.7830709218978882
12558,2.2846622467041016,-0.7761187553405762
12559,2.676403045654297,-0.7065051198005676
12560,2.3581771850585938,-0.7687303423881531
12561,2.340099811553955,-0.7772951722145081
12562,2.3474369049072266,-0.7715683579444885
12563,2.558295249938965,-0.6269645094871521
12564,2.4920408725738525,-0.7565381526947021
12565,2.234320878982544,-0.7120949029922485
12566,2.5433273315429688,-0.6766021847724915
12567,2.7260873317718506,-0.7327430248260498
12568,2.2391581535339355,-0.788222074508667
12569,2.5592732429504395,-0.7901445031166077
12570,2.3524909019470215,-0.703192949295044
12571,2.2566046714782715,-0.6972536444664001
12572,2.5739169120788574,-0.6994677186012268
12573,2.3190598487854004,-0.7183098793029785
12574,1.983087182044983,-0.8239024877548218
12575,2.464531183242798,-0.7761031985282898
12576,2.304323673248291,-0.7375236749649048
12577,2.3355536460876465,-0.7396758794784546
12578,2.2380542755126953,-0.6572114825248718
12579,2.480304002761841,-0.767589271068573
12580,2.4276371002197266,-0.7989826202392578
12581,2.234365940093994,-0.7322519421577454
12582,2.425431966781616,-0.7594597339630127
12583,2.3533616065979004,-0.7970877289772034
12584,2.5023207664489746,-0.8029623627662659
12585,2.1437110900878906,-0.6662468910217285
12586,2.4270098209381104,-0.8028486371040344
12587,2.3449344635009766,-0.8018396496772766
12588,2.146390438079834,-0.6807597875595093
12589,2.5121848583221436,-0.6364985108375549
12590,2.4081099033355713,-0.7157298922538757
12591,2.16381573677063,-0.7394692301750183
12592,2.4209859371185303,-0.7312557101249695
12593,2.501708745956421,-0.7558925151824951
12594,2.1895227432250977,-0.7113889455795288
12595,2.282390594482422,-0.7048380374908447
12596,2.3036880493164062,-0.7531073093414307
12597,2.4568099975585938,-0.7270810008049011
12598,2.3771350383758545,-0.7156162858009338
12599,2.443167209625244,-0.6929729580879211
12600,2.650407314300537,-0.7239202260971069
12601,2.142484188079834,-0.7542629241943359
12602,2.195760726928711,-0.7140385508537292
12603,2.2791452407836914,-0.8212944269180298
12604,2.1347508430480957,-0.7688820362091064
12605,2.1660966873168945,-0.735880970954895
12606,2.339782238006592,-0.5956606268882751
12607,2.38185977935791,-0.8254828453063965
12608,2.208789110183716,-0.6578490734100342
12609,2.090244770050049,-0.8381193280220032
12610,2.586237907409668,-0.6936830878257751
12611,2.4608688354492188,-0.7311776876449585
12612,2.743441581726074,-0.737294614315033
12613,2.3233187198638916,-0.7459785342216492
12614,2.2359981536865234,-0.7271440625190735
12615,2.575016498565674,-0.816592276096344
12616,2.2892298698425293,-0.7876210808753967
12617,2.2566184997558594,-0.7599713802337646
12618,2.3710460662841797,-0.7543129920959473
12619,2.340498447418213,-0.7123152017593384
12620,2.327731132507324,-0.7706075310707092
12621,2.3139777183532715,-0.7685990333557129
12622,2.3097519874572754,-0.7605152726173401
12623,2.257934093475342,-0.7714025378227234
12624,2.289717197418213,-0.7540450096130371
12625,2.3452537059783936,-0.7390041351318359
12626,2.582401752471924,-0.7413302659988403
12627,2.794792890548706,-0.7727536559104919
12628,2.717055559158325,-0.690419614315033
12629,2.183379650115967,-0.7000936269760132
12630,2.4982171058654785,-0.8192792534828186
12631,2.46577787399292,-0.760083019733429
12632,2.7502593994140625,-0.6658349633216858
12633,2.361844778060913,-0.7270344495773315
12634,2.1505355834960938,-0.7810333967208862
12635,2.3522119522094727,-0.7005115747451782
12636,2.4782910346984863,-0.798665463924408
12637,2.7828879356384277,-0.8380791544914246
12638,2.4073193073272705,-0.7719492316246033
12639,2.6455001831054688,-0.6494104266166687
12640,2.2426812648773193,-0.6619137525558472
12641,2.3908886909484863,-0.676373302936554
12642,1.978877067565918,-0.7004603743553162
12643,2.554471015930176,-0.7537269592285156
12644,2.353750467300415,-0.8299415111541748
12645,2.2237164974212646,-0.6659845113754272
12646,2.8194079399108887,-0.7907745838165283
12647,2.2650632858276367,-0.7501299977302551
12648,1.8989596366882324,-0.6557084918022156
12649,2.263451099395752,-0.7044910192489624
12650,2.332366466522217,-0.7674659490585327
12651,2.219024181365967,-0.7617002725601196
12652,2.4644627571105957,-0.7301158308982849
12653,2.3514022827148438,-0.7175578474998474
12654,2.5846757888793945,-0.7712388634681702
12655,2.3656787872314453,-0.7703825235366821
12656,2.410430431365967,-0.8278438448905945
12657,2.4636611938476562,-0.8174235820770264
12658,2.3403244018554688,-0.6264799237251282
12659,2.7610583305358887,-0.635109007358551
12660,2.3141963481903076,-0.870720386505127
12661,2.21925687789917,-0.7919977307319641
12662,2.417367696762085,-0.8948232531547546
12663,2.4879164695739746,-0.6220874190330505
12664,2.443039894104004,-0.7946505546569824
12665,2.5698423385620117,-0.7497097253799438
12666,2.300522565841675,-0.7626288533210754
12667,2.3378732204437256,-0.8033879995346069
12668,2.276514768600464,-0.8268094062805176
12669,2.6599106788635254,-0.6746615767478943
12670,2.607404947280884,-0.8336775898933411
12671,2.5159828662872314,-0.7580007910728455
12672,2.2983298301696777,-0.773262619972229
12673,2.317875862121582,-0.7219805121421814
12674,2.453348398208618,-0.6144677400588989
12675,2.865952253341675,-0.8881733417510986
12676,2.3409883975982666,-0.7203781604766846
12677,2.2666542530059814,-0.7447667717933655
12678,2.249295234680176,-0.755312442779541
12679,2.3583827018737793,-0.7300832867622375
12680,2.170253276824951,-0.6825692653656006
12681,2.536679983139038,-0.813744306564331
12682,2.5318026542663574,-0.8581628203392029
12683,2.357408046722412,-0.7964975833892822
12684,2.400568962097168,-0.8187782764434814
12685,2.0974254608154297,-0.7572798728942871
12686,2.232987880706787,-0.7551427483558655
12687,2.1759226322174072,-0.7413629293441772
12688,2.118013381958008,-0.701460063457489
12689,2.75394868850708,-0.7162269353866577
12690,2.418421745300293,-0.6901511549949646
12691,2.300071954727173,-0.8161792159080505
12692,2.5502383708953857,-0.6246979236602783
12693,2.3520541191101074,-0.7840621471405029
12694,2.251925468444824,-0.7874866724014282
12695,2.2336483001708984,-0.717357873916626
12696,2.3898282051086426,-0.7259716987609863
12697,2.167543888092041,-0.631057620048523
12698,2.2749390602111816,-0.6881019473075867
12699,2.3606410026550293,-0.7272428870201111
12700,2.585275173187256,-0.7458130121231079
12701,2.3062169551849365,-0.8068536520004272
12702,2.7628774642944336,-0.6062795519828796
12703,2.375450611114502,-0.7159376740455627
12704,2.3084940910339355,-0.6561388373374939
12705,2.470931053161621,-0.762264609336853
12706,2.2402875423431396,-0.663149893283844
12707,2.7054879665374756,-0.7496790885925293
12708,2.3308753967285156,-0.6566987037658691
12709,2.4358201026916504,-0.7008998394012451
12710,2.4144082069396973,-0.7406022548675537
12711,2.531458854675293,-0.7764912247657776
12712,2.435025215148926,-0.7427913546562195
12713,2.5128328800201416,-0.7065345644950867
12714,2.173388957977295,-0.7134314179420471
12715,2.345522880554199,-0.6923066973686218
12716,2.325469493865967,-0.7572408318519592
12717,2.3387949466705322,-0.7515358924865723
12718,2.5447707176208496,-0.7744444012641907
12719,2.1913700103759766,-0.7476793527603149
12720,2.2289252281188965,-0.833910346031189
12721,2.2062764167785645,-0.7032703161239624
12722,2.2833776473999023,-0.7494508624076843
12723,2.017101526260376,-0.6844702959060669
12724,2.12489914894104,-0.7370641231536865
12725,2.5914077758789062,-0.7730653285980225
12726,2.125176429748535,-0.6387978196144104
12727,2.18074893951416,-0.8450666666030884
12728,2.284600257873535,-0.74962317943573
12729,2.386590003967285,-0.7631603479385376
12730,2.593493938446045,-0.764161229133606
12731,2.662966251373291,-0.7138052582740784
12732,2.477010488510132,-0.8458858728408813
12733,2.3960752487182617,-0.6779850125312805
12734,2.5852408409118652,-0.716834545135498
12735,2.598972797393799,-0.7729402184486389
12736,2.6502461433410645,-0.6468119621276855
12737,2.195922613143921,-0.7229730486869812
12738,2.471925735473633,-0.7467052936553955
12739,2.000906467437744,-0.7130215167999268
12740,2.071889638900757,-0.6680458784103394
12741,2.5997061729431152,-0.7075033783912659
12742,2.4331207275390625,-0.7857512831687927
12743,2.497971773147583,-0.7527746558189392
12744,1.9752206802368164,-0.5493615865707397
12745,2.3874552249908447,-0.6522433757781982
12746,2.1059513092041016,-0.6908580660820007
12747,2.214221477508545,-0.7176004648208618
12748,2.157742977142334,-0.6449758410453796
12749,2.420058250427246,-0.717186450958252
12750,2.376368999481201,-0.7429027557373047
12751,2.471541404724121,-0.7435185313224792
12752,2.1725549697875977,-0.7240718603134155
12753,2.3693952560424805,-0.7490626573562622
12754,2.394643545150757,-0.7839102745056152
12755,2.1681532859802246,-0.7517544627189636
12756,2.338252544403076,-0.6325532793998718
12757,2.322113513946533,-0.6577202677726746
12758,2.67794132232666,-0.7360104918479919
12759,2.331179141998291,-0.796334981918335
12760,2.575077772140503,-0.6755668520927429
12761,2.702465534210205,-0.7774641513824463
12762,2.593507766723633,-0.7359635233879089
12763,2.2929539680480957,-0.6933838725090027
12764,2.412531852722168,-0.7725085616111755
12765,2.455829381942749,-0.7499501705169678
12766,2.406865119934082,-0.8369755744934082
12767,2.403329372406006,-0.6956182718276978
12768,2.0991644859313965,-0.6787132024765015
12769,2.529191493988037,-0.8095512390136719
12770,2.1086816787719727,-0.7452932000160217
12771,2.0540084838867188,-0.775614321231842
12772,2.36397385597229,-0.7528963685035706
12773,2.526862144470215,-0.7859796285629272
12774,2.7829747200012207,-0.7997732758522034
12775,2.5615599155426025,-0.8008957505226135
12776,2.528184413909912,-0.7581400871276855
12777,2.5107550621032715,-0.8242076635360718
12778,2.334007740020752,-0.6383521556854248
12779,2.1121110916137695,-0.6591262221336365
12780,2.269460678100586,-0.7887211441993713
12781,2.3105885982513428,-0.6585861444473267
12782,2.4007787704467773,-0.652762234210968
12783,2.2267212867736816,-0.7345529198646545
12784,2.2319657802581787,-0.7825113534927368
12785,2.2953691482543945,-0.6063730120658875
12786,2.259275436401367,-0.6961710453033447
12787,2.7060017585754395,-0.8331239223480225
12788,2.5317630767822266,-0.7271251678466797
12789,3.2792725563049316,-0.7960952520370483
12790,2.4356882572174072,-0.69780433177948
12791,2.381655693054199,-0.7440521121025085
12792,2.2993807792663574,-0.6872416734695435
12793,2.3883371353149414,-0.7742975354194641
12794,2.3349385261535645,-0.9498603343963623
12795,2.3559350967407227,-0.642262876033783
12796,2.5063869953155518,-0.7941548228263855
12797,2.3451755046844482,-0.7163622975349426
12798,2.213223457336426,-0.6942285895347595
12799,2.3626151084899902,-0.7929559946060181
12800,2.517988681793213,-0.6730469465255737
12801,2.484262466430664,-0.7733385562896729
12802,2.260389804840088,-0.6801965832710266
12803,2.495952606201172,-0.7392251491546631
12804,2.3873400688171387,-0.7047839164733887
12805,2.417224645614624,-0.7676317691802979
12806,2.244169235229492,-0.7113310098648071
12807,2.331468105316162,-0.7228516936302185
12808,2.452204465866089,-0.7010915279388428
12809,2.697575569152832,-0.7222878932952881
12810,2.6598892211914062,-0.9066056609153748
12811,2.3359451293945312,-0.671515703201294
12812,2.310317277908325,-0.7474644184112549
12813,1.9836097955703735,-0.7106001377105713
12814,2.243126392364502,-0.6763179898262024
12815,2.4821934700012207,-0.7396652102470398
12816,2.217935085296631,-0.7606620192527771
12817,2.555372476577759,-0.7342265248298645
12818,2.3804359436035156,-0.6929435729980469
12819,2.291560173034668,-0.6572480201721191
12820,2.6293249130249023,-0.7649502754211426
12821,2.366957187652588,-0.8072450160980225
12822,2.5369930267333984,-0.7104660272598267
12823,2.462792158126831,-0.6590539813041687
12824,2.492652416229248,-0.659760594367981
12825,2.310248851776123,-0.7864946126937866
12826,2.2193331718444824,-0.7738937139511108
12827,2.3615798950195312,-0.7745243310928345
12828,2.3662662506103516,-0.6904339790344238
12829,2.241858959197998,-0.6237958669662476
12830,2.7537755966186523,-0.7728238105773926
12831,2.210472583770752,-0.706697404384613
12832,2.1982531547546387,-0.7357090711593628
12833,2.516753673553467,-0.7316518425941467
12834,2.269678831100464,-0.7474392056465149
12835,2.349274158477783,-0.7940540909767151
12836,2.380064010620117,-0.7645028829574585
12837,2.5253798961639404,-0.678714394569397
12838,2.744676113128662,-0.7475398778915405
12839,2.5595345497131348,-0.7761303782463074
12840,2.318258285522461,-0.7304520606994629
12841,2.494283676147461,-0.7078092098236084
12842,2.245482921600342,-0.7772536277770996
12843,2.1159729957580566,-0.719035804271698
12844,2.775726556777954,-0.571506679058075
12845,2.4311037063598633,-0.768858790397644
12846,2.5386857986450195,-0.773044228553772
12847,2.342789649963379,-0.6294068694114685
12848,2.0046706199645996,-0.7686706781387329
12849,2.452756404876709,-0.842470109462738
12850,2.414548397064209,-0.7097299695014954
12851,2.508862018585205,-0.653829038143158
12852,2.2920517921447754,-0.6169798374176025
12853,2.5210626125335693,-0.6388007998466492
12854,2.2493698596954346,-0.7679834961891174
12855,2.397639751434326,-0.7276644706726074
12856,2.2513861656188965,-0.7080249190330505
12857,2.337806224822998,-0.6708077788352966
12858,2.218876361846924,-0.6702461838722229
12859,2.4053614139556885,-0.7099484205245972
12860,2.1610405445098877,-0.6991546750068665
12861,2.1610074043273926,-0.6775056719779968
12862,2.471881866455078,-0.7327070832252502
12863,2.256514549255371,-0.6841460466384888
12864,2.2570910453796387,-0.7640435099601746
12865,2.35465669631958,-0.6619873642921448
12866,1.9818488359451294,-0.6507202386856079
12867,2.4712445735931396,-0.6834109425544739
12868,2.375065803527832,-0.6669992804527283
12869,2.2697582244873047,-0.6375600099563599
12870,2.1400585174560547,-0.7489759922027588
12871,2.400930404663086,-0.7047712802886963
12872,2.3863396644592285,-0.659148633480072
12873,2.1946568489074707,-0.6748126149177551
12874,2.202976703643799,-0.7220718264579773
12875,3.005303382873535,-0.6222932934761047
12876,2.1981797218322754,-0.769833505153656
12877,2.0068037509918213,-0.6209810376167297
12878,2.702423572540283,-0.6815109848976135
12879,2.1483945846557617,-0.7130418419837952
12880,2.0047035217285156,-0.7498029470443726
12881,2.6642227172851562,-0.7448185682296753
12882,2.4723000526428223,-0.6464434266090393
12883,2.6026217937469482,-0.7121606469154358
12884,2.477245807647705,-0.6921130418777466
12885,2.3509137630462646,-0.6320075988769531
12886,2.202719211578369,-0.7141649127006531
12887,2.870396852493286,-0.6643106937408447
12888,2.2798495292663574,-0.7233366966247559
12889,2.362353801727295,-0.6945767402648926
12890,2.769723892211914,-0.659548819065094
12891,1.9666357040405273,-0.6278605461120605
12892,2.361384868621826,-0.6592578291893005
12893,2.4493675231933594,-0.7599034905433655
12894,2.3471107482910156,-0.675106942653656
12895,2.072741746902466,-0.7334948778152466
12896,2.6072845458984375,-0.6370033621788025
12897,2.526796340942383,-0.7071437835693359
12898,2.0842795372009277,-0.7443265318870544
12899,2.113314151763916,-0.6512858867645264
12900,2.4130659103393555,-0.6437896490097046
12901,2.2069814205169678,-0.652819812297821
12902,2.733503818511963,-0.7793787121772766
12903,2.3077521324157715,-0.6993111968040466
12904,2.1170268058776855,-0.7027746438980103
12905,2.3063182830810547,-0.7300350666046143
12906,2.6361331939697266,-0.7366806268692017
12907,2.192582368850708,-0.6956974864006042
12908,2.2300381660461426,-0.8024763464927673
12909,2.690593719482422,-0.8749973773956299
12910,2.2737674713134766,-0.7863914370536804
12911,2.7744030952453613,-0.6299372315406799
12912,2.4196648597717285,-0.7748361229896545
12913,2.358100414276123,-0.6702942848205566
12914,2.663543462753296,-0.7776249647140503
12915,2.5293264389038086,-0.6841465830802917
12916,2.4360833168029785,-0.6878266930580139
12917,2.631554365158081,-0.7160078287124634
12918,2.4201579093933105,-0.7072564959526062
12919,2.112212896347046,-0.6606478095054626
12920,2.576051712036133,-0.7024211883544922
12921,2.472238302230835,-0.7064048051834106
12922,2.190636157989502,-0.653827965259552
12923,2.0693674087524414,-0.7029367089271545
12924,2.2958059310913086,-0.7389525771141052
12925,2.1430397033691406,-0.731966495513916
12926,2.380354404449463,-0.7845271229743958
12927,2.4453752040863037,-0.6252721548080444
12928,2.6425743103027344,-0.6635183691978455
12929,2.339682102203369,-0.7226841449737549
12930,2.451291084289551,-0.7100193500518799
12931,2.1482293605804443,-0.6378787755966187
12932,2.3630614280700684,-0.7444084286689758
12933,2.6106624603271484,-0.6636184453964233
12934,2.6516189575195312,-0.6858104467391968
12935,2.666867733001709,-0.6825818419456482
12936,2.473658561706543,-0.7508640289306641
12937,2.6754190921783447,-0.786246657371521
12938,2.4112062454223633,-0.6798705458641052
12939,2.444021463394165,-0.5431292653083801
12940,2.2281746864318848,-0.7218270897865295
12941,2.5871591567993164,-0.7839361429214478
12942,2.32777738571167,-0.7193741798400879
12943,2.602940797805786,-0.6898882389068604
12944,2.1525611877441406,-0.6670504808425903
12945,2.5416691303253174,-0.66454017162323
12946,2.089082717895508,-0.6764194965362549
12947,2.3011231422424316,-0.6638368368148804
12948,2.649510383605957,-0.7149179577827454
12949,2.294309139251709,-0.7883262038230896
12950,2.4025206565856934,-0.6909587383270264
12951,2.2784759998321533,-0.6770455837249756
12952,2.469369411468506,-0.7440862059593201
12953,2.273609161376953,-0.7611253261566162
12954,2.4737548828125,-0.78338623046875
12955,2.4670968055725098,-0.7331137657165527
12956,2.2791852951049805,-0.6628414392471313
12957,2.1139116287231445,-0.6835935115814209
12958,2.4649462699890137,-0.7250120639801025
12959,2.0245702266693115,-0.6150173544883728
12960,2.2745237350463867,-0.6135134100914001
12961,2.9514694213867188,-0.6854479312896729
12962,2.6662845611572266,-0.7620463371276855
12963,2.7311935424804688,-0.7247268557548523
12964,2.1951494216918945,-0.7325469255447388
12965,3.0401158332824707,-0.635123610496521
12966,2.182258367538452,-0.7285722494125366
12967,2.6403250694274902,-0.6826397776603699
12968,2.180694818496704,-0.8334531188011169
12969,2.402339458465576,-0.8032072186470032
12970,2.4501936435699463,-0.6001193523406982
12971,2.538621425628662,-0.6446958780288696
12972,2.3215744495391846,-0.7458330392837524
12973,2.641422748565674,-0.712614119052887
12974,2.3858819007873535,-0.7756657600402832
12975,2.345552444458008,-0.6937457919120789
12976,2.3265209197998047,-0.7341930270195007
12977,2.1886701583862305,-0.7292277812957764
12978,2.442294120788574,-0.6982510089874268
12979,2.2625608444213867,-0.7141626477241516
12980,2.4401721954345703,-0.6903681755065918
12981,2.810903549194336,-0.7193132042884827
12982,2.34197998046875,-0.6355064511299133
12983,2.2840981483459473,-0.6602926850318909
12984,2.8789916038513184,-0.665092945098877
12985,2.439802646636963,-0.6312021017074585
12986,2.600985288619995,-0.6798834800720215
12987,2.3455724716186523,-0.659913182258606
12988,2.6189818382263184,-0.6446903347969055
12989,2.279308795928955,-0.6697409152984619
12990,2.7291884422302246,-0.7826292514801025
12991,2.7282867431640625,-0.835509181022644
12992,2.3358654975891113,-0.7304155826568604
12993,2.0680153369903564,-0.6332135200500488
12994,2.4362032413482666,-0.6291425824165344
12995,2.218515396118164,-0.690196692943573
12996,2.306220769882202,-0.6312988996505737
12997,2.5720605850219727,-0.7336289882659912
12998,2.5097475051879883,-0.6384762525558472
12999,2.9145166873931885,-0.7184506058692932
13000,2.7144181728363037,-0.7534153461456299
13001,2.447913646697998,-0.7726933360099792
13002,2.349881410598755,-0.7209083437919617
13003,2.5268936157226562,-0.7282199263572693
13004,2.251650094985962,-0.6782116889953613
13005,2.5199174880981445,-0.6952417492866516
13006,2.3259479999542236,-0.6681559681892395
13007,2.8178391456604004,-0.6358921527862549
13008,2.636265277862549,-0.7482507228851318
13009,2.4511547088623047,-0.7119991779327393
13010,2.5303800106048584,-0.6331038475036621
13011,2.2728002071380615,-0.6507408618927002
13012,2.1975083351135254,-0.5927819609642029
13013,2.4161500930786133,-0.7141153216362
13014,2.6596579551696777,-0.7533521056175232
13015,2.295473098754883,-0.6905730962753296
13016,2.2897303104400635,-0.6774680614471436
13017,2.1205005645751953,-0.7246549725532532
13018,2.4544334411621094,-0.7575709819793701
13019,2.3215279579162598,-0.6297313570976257
13020,2.513117790222168,-0.6827213168144226
13021,2.1130757331848145,-0.6087124943733215
13022,2.5760016441345215,-0.6273905038833618
13023,2.182696580886841,-0.6758621335029602
13024,2.6896438598632812,-0.7304491400718689
13025,2.527388334274292,-0.6924207806587219
13026,2.5535171031951904,-0.6851122975349426
13027,2.5613389015197754,-0.6055791974067688
13028,2.6347413063049316,-0.7075459957122803
13029,2.3770108222961426,-0.6900485754013062
13030,2.4682369232177734,-0.7290703654289246
13031,2.3680996894836426,-0.7176862359046936
13032,2.3824386596679688,-0.7104558348655701
13033,2.6546530723571777,-0.6662142276763916
13034,2.7125909328460693,-0.7760774493217468
13035,2.2461013793945312,-0.7239223718643188
13036,2.2842092514038086,-0.6574655175209045
13037,2.3534414768218994,-0.5791120529174805
13038,2.3952159881591797,-0.7016516327857971
13039,2.5380477905273438,-0.6805893778800964
13040,2.447006940841675,-0.7132132649421692
13041,2.221470832824707,-0.6485628485679626
13042,2.0550060272216797,-0.7184836864471436
13043,2.343012809753418,-0.6859090328216553
13044,1.841543436050415,-0.5600793361663818
13045,2.462848663330078,-0.6392589807510376
13046,2.3488314151763916,-0.7273156046867371
13047,2.1622414588928223,-0.7389770746231079
13048,2.4084532260894775,-0.8377344608306885
13049,2.459494113922119,-0.7012786865234375
13050,2.7330830097198486,-0.6682496666908264
13051,2.344730854034424,-0.6590254306793213
13052,2.1577954292297363,-0.6124780774116516
13053,2.456554889678955,-0.703276515007019
13054,2.0295279026031494,-0.7305867075920105
13055,2.666086435317993,-0.6977561712265015
13056,2.8792569637298584,-0.6532943844795227
13057,2.488372802734375,-0.7064345479011536
13058,2.77258038520813,-0.6094209551811218
13059,2.6633243560791016,-0.8703786730766296
13060,2.5510501861572266,-0.6554093360900879
13061,2.6162445545196533,-0.7450439929962158
13062,2.1980955600738525,-0.6416085958480835
13063,2.710233211517334,-0.6450873613357544
13064,2.990602493286133,-0.6861022114753723
13065,1.9723083972930908,-0.7339605689048767
13066,2.326181411743164,-0.6807845830917358
13067,2.4078369140625,-0.6850412487983704
13068,2.3809618949890137,-0.6594611406326294
13069,2.1437342166900635,-0.6082853078842163
13070,2.1233248710632324,-0.6491983532905579
13071,2.544004440307617,-0.7064359784126282
13072,2.38749098777771,-0.7619765400886536
13073,2.293262481689453,-0.6994535326957703
13074,2.313843011856079,-0.627709150314331
13075,2.7528092861175537,-0.7190296649932861
13076,2.412381649017334,-0.5790066123008728
13077,2.2637858390808105,-0.7955209612846375
13078,2.456552505493164,-0.707611083984375
13079,2.020557165145874,-0.5833590626716614
13080,2.5438425540924072,-0.7388193607330322
13081,2.2096590995788574,-0.609794020652771
13082,2.482001781463623,-0.6586900353431702
13083,2.523468017578125,-0.6661856174468994
13084,2.031813383102417,-0.7648599743843079
13085,2.3611900806427,-0.7183631658554077
13086,2.2711198329925537,-0.5868062376976013
13087,2.108826160430908,-0.6744864583015442
13088,2.6865882873535156,-0.6763746738433838
13089,2.099196672439575,-0.7816016674041748
13090,2.324179172515869,-0.7994416952133179
13091,2.5994906425476074,-0.6871315836906433
13092,2.537790060043335,-0.7320349216461182
13093,2.168304681777954,-0.6737617254257202
13094,2.7089529037475586,-0.706796407699585
13095,2.7263007164001465,-0.783855676651001
13096,2.2779154777526855,-0.6867806911468506
13097,2.3016128540039062,-0.6939223408699036
13098,2.4142661094665527,-0.7107559442520142
13099,2.281907558441162,-0.7446708083152771
13100,2.874919891357422,-0.7587866187095642
13101,2.424410581588745,-0.5719705820083618
13102,2.391080856323242,-0.707082211971283
13103,2.234703540802002,-0.6880804300308228
13104,2.3833065032958984,-0.643484890460968
13105,2.598548173904419,-0.7179925441741943
13106,2.1343722343444824,-0.7164315581321716
13107,2.3264832496643066,-0.7125474810600281
13108,2.2512998580932617,-0.7830050587654114
13109,2.320004940032959,-0.6292155385017395
13110,2.383232593536377,-0.6906639337539673
13111,2.390223503112793,-0.5537480115890503
13112,2.596224308013916,-0.6312575340270996
13113,2.2626302242279053,-0.613281786441803
13114,2.3936939239501953,-0.6548049449920654
13115,2.3599560260772705,-0.5831835269927979
13116,2.6106977462768555,-0.7461990118026733
13117,2.3280017375946045,-0.6762599349021912
13118,2.493567943572998,-0.669466495513916
13119,2.555731773376465,-0.7151136994361877
13120,2.342428207397461,-0.73614102602005
13121,2.297009229660034,-0.7458549737930298
13122,2.2160730361938477,-0.7165766954421997
13123,2.464202404022217,-0.693260908126831
13124,2.554725170135498,-0.5721092820167542
13125,2.5266222953796387,-0.8013733625411987
13126,2.314126491546631,-0.7756066918373108
13127,2.4230384826660156,-0.7887647747993469
13128,2.175743818283081,-0.5696776509284973
13129,2.4876184463500977,-0.7215414643287659
13130,2.6624703407287598,-0.6793748736381531
13131,2.583515167236328,-0.6285539865493774
13132,2.259450912475586,-0.7785459160804749
13133,2.5631461143493652,-0.6988293528556824
13134,2.4297776222229004,-0.7315300107002258
13135,2.0938730239868164,-0.6772134304046631
13136,2.323296546936035,-0.653873085975647
13137,2.4865469932556152,-0.5968738198280334
13138,2.666973114013672,-0.7623146176338196
13139,2.7356419563293457,-0.6870985627174377
13140,2.7817835807800293,-0.7590159773826599
13141,2.4797003269195557,-0.7568443417549133
13142,2.4073266983032227,-0.739362895488739
13143,2.015760898590088,-0.768707275390625
13144,2.4178316593170166,-0.6607329845428467
13145,2.3170151710510254,-0.5995038747787476
13146,2.7232062816619873,-0.6503121256828308
13147,2.496609926223755,-0.728679895401001
13148,2.4396753311157227,-0.696891188621521
13149,2.4043538570404053,-0.6222224235534668
13150,2.1787033081054688,-0.7133967876434326
13151,2.443573474884033,-0.7580413818359375
13152,2.460202217102051,-0.7262852191925049
13153,2.345928192138672,-0.8217241764068604
13154,2.4295849800109863,-0.7993632555007935
13155,1.9261293411254883,-0.6845853328704834
13156,2.2456212043762207,-0.7054972052574158
13157,2.680600166320801,-0.7270764112472534
13158,2.437593936920166,-0.6953696608543396
13159,2.5796923637390137,-0.6640992760658264
13160,2.2893948554992676,-0.6023213267326355
13161,2.8045105934143066,-0.7272862195968628
13162,2.128363609313965,-0.7439216375350952
13163,2.466041088104248,-0.6931471228599548
13164,2.3571300506591797,-0.6428707242012024
13165,2.1854138374328613,-0.6094834804534912
13166,2.2839903831481934,-0.7380902767181396
13167,2.5969834327697754,-0.6124505400657654
13168,2.522768497467041,-0.7265382409095764
13169,2.372110605239868,-0.636108934879303
13170,2.7629079818725586,-0.7195957899093628
13171,2.1132655143737793,-0.5642704367637634
13172,2.271294116973877,-0.7272451519966125
13173,2.561354875564575,-0.7943128943443298
13174,2.296794891357422,-0.6534385085105896
13175,2.4819045066833496,-0.710318922996521
13176,2.3651862144470215,-0.6689314246177673
13177,2.322150230407715,-0.6990483999252319
13178,2.4959349632263184,-0.7290489673614502
13179,2.1306095123291016,-0.654060959815979
13180,2.5076963901519775,-0.7830051183700562
13181,2.47403621673584,-0.6212980151176453
13182,2.188494920730591,-0.6433569192886353
13183,2.3264832496643066,-0.6895405650138855
13184,2.2718467712402344,-0.6620727777481079
13185,2.4147114753723145,-0.7196541428565979
13186,2.2051618099212646,-0.6410415768623352
13187,2.607853412628174,-0.768328845500946
13188,2.207314968109131,-0.7085495591163635
13189,2.5312561988830566,-0.7730377316474915
13190,2.121579170227051,-0.6845550537109375
13191,2.1809117794036865,-0.5811652541160583
13192,2.8234949111938477,-0.7174805402755737
13193,2.632295608520508,-0.6898792386054993
13194,2.370163917541504,-0.6414005160331726
13195,2.3496341705322266,-0.6608055830001831
13196,2.247497081756592,-0.6356212496757507
13197,2.5183377265930176,-0.669647216796875
13198,2.347217559814453,-0.7136481404304504
13199,2.6500558853149414,-0.6900018453598022
13200,2.290665626525879,-0.6966317892074585
13201,2.378906726837158,-0.6805487871170044
13202,2.0163774490356445,-0.7047464847564697
13203,2.415046215057373,-0.655273973941803
13204,2.1767666339874268,-0.7948238253593445
13205,2.577000141143799,-0.7495909333229065
13206,2.3989977836608887,-0.7029195427894592
13207,2.277132511138916,-0.7301504611968994
13208,2.838895797729492,-0.6451488733291626
13209,2.474684238433838,-0.7341693639755249
13210,2.5022401809692383,-0.8365476131439209
13211,2.6512575149536133,-0.7007145881652832
13212,2.1974310874938965,-0.5640680193901062
13213,2.297900676727295,-0.6096771359443665
13214,2.0689566135406494,-0.5929704904556274
13215,2.3973774909973145,-0.7218052744865417
13216,2.2357442378997803,-0.7727159261703491
13217,2.181178569793701,-0.6266969442367554
13218,2.316657066345215,-0.646780252456665
13219,2.4302101135253906,-0.6582207679748535
13220,2.521658420562744,-0.7468645572662354
13221,2.6509721279144287,-0.6971685290336609
13222,2.2674646377563477,-0.720215380191803
13223,2.0690078735351562,-0.6249586939811707
13224,2.5350565910339355,-0.6543367505073547
13225,2.142160415649414,-0.744505763053894
13226,2.1480369567871094,-0.7445577383041382
13227,2.38816499710083,-0.6973512172698975
13228,2.4039599895477295,-0.672132134437561
13229,2.6223244667053223,-0.6705142259597778
13230,2.628815174102783,-0.5780317187309265
13231,2.8783187866210938,-0.7542819380760193
13232,2.4511330127716064,-0.7663007974624634
13233,2.299363136291504,-0.6180515289306641
13234,2.199085235595703,-0.6796559691429138
13235,2.424553871154785,-0.6324378848075867
13236,2.324582815170288,-0.6127815842628479
13237,2.4514284133911133,-0.6374273896217346
13238,2.484926700592041,-0.6575965881347656
13239,2.4436826705932617,-0.5946463942527771
13240,2.648128032684326,-0.7024617195129395
13241,2.5893666744232178,-0.751177966594696
13242,2.6893677711486816,-0.6485838890075684
13243,2.3500773906707764,-0.6931013464927673
13244,2.4144513607025146,-0.7611076831817627
13245,2.466785430908203,-0.6392344832420349
13246,2.3024067878723145,-0.7843060493469238
13247,2.1694064140319824,-0.730378270149231
13248,2.4254679679870605,-0.7272120118141174
13249,2.453256368637085,-0.6115211844444275
13250,2.96116304397583,-0.6937344074249268
13251,2.0062081813812256,-0.6312098503112793
13252,2.235598564147949,-0.6686645746231079
13253,2.0413079261779785,-0.6665461659431458
13254,2.70466947555542,-0.7384073734283447
13255,2.3818440437316895,-0.7203487157821655
13256,2.178225517272949,-0.6928828358650208
13257,2.161419630050659,-0.7179529070854187
13258,2.7302770614624023,-0.639604389667511
13259,2.5121026039123535,-0.6241552829742432
13260,2.2347846031188965,-0.7195935845375061
13261,2.120497465133667,-0.7580308318138123
13262,2.3715882301330566,-0.6771663427352905
13263,2.4202311038970947,-0.7108443975448608
13264,2.715473175048828,-0.6718825697898865
13265,2.149315118789673,-0.6331790089607239
13266,2.259228229522705,-0.6245448589324951
13267,2.3851754665374756,-0.7166902422904968
13268,2.524986982345581,-0.7323466539382935
13269,2.3286235332489014,-0.7105298042297363
13270,2.2925291061401367,-0.5902817249298096
13271,2.5825817584991455,-0.6797244548797607
13272,2.4941647052764893,-0.6321353912353516
13273,2.4973061084747314,-0.7133429646492004
13274,2.1643519401550293,-0.7876429557800293
13275,2.2158102989196777,-0.7701484560966492
13276,2.407918691635132,-0.6355207562446594
13277,2.0022993087768555,-0.6034047603607178
13278,2.5775046348571777,-0.6327182650566101
13279,2.4307355880737305,-0.7036947011947632
13280,2.141016960144043,-0.7610412836074829
13281,2.3383870124816895,-0.7308408617973328
13282,2.438760757446289,-0.7323006987571716
13283,2.7497239112854004,-0.7104164958000183
13284,2.6878814697265625,-0.7095949649810791
13285,2.171935558319092,-0.6221280097961426
13286,2.316372871398926,-0.6412146687507629
13287,2.085782527923584,-0.698793888092041
13288,2.258314609527588,-0.650560200214386
13289,2.3031558990478516,-0.6577417850494385
13290,2.4476208686828613,-0.7533190846443176
13291,2.164776086807251,-0.6430140137672424
13292,2.2384514808654785,-0.6353322863578796
13293,2.21868634223938,-0.6500047445297241
13294,2.485612392425537,-0.602745771408081
13295,2.4622385501861572,-0.7243615984916687
13296,2.6194043159484863,-0.675144374370575
13297,2.626330852508545,-0.713819146156311
13298,2.8583145141601562,-0.6655071377754211
13299,2.2031335830688477,-0.7702840566635132
13300,2.2992048263549805,-0.7207081317901611
13301,2.4253976345062256,-0.687237560749054
13302,2.337980270385742,-0.7633170485496521
13303,2.3597559928894043,-0.7033746242523193
13304,2.884455680847168,-0.7058369517326355
13305,2.1413655281066895,-0.6803185939788818
13306,2.35158371925354,-0.7069063782691956
13307,2.48420786857605,-0.7081738114356995
13308,2.130699634552002,-0.5833607316017151
13309,1.7548809051513672,-0.7207286357879639
13310,2.7509570121765137,-0.7319115400314331
13311,2.2890162467956543,-0.6590945720672607
13312,2.278596878051758,-0.7404939532279968
13313,2.155972957611084,-0.5411370396614075
13314,2.1569008827209473,-0.6584262251853943
13315,2.2884345054626465,-0.7227543592453003
13316,2.314610481262207,-0.5938878059387207
13317,2.5078115463256836,-0.6259929537773132
13318,2.3467016220092773,-0.6101400852203369
13319,2.3003597259521484,-0.7090873122215271
13320,2.515084743499756,-0.6952834129333496
13321,2.045362949371338,-0.6865055561065674
13322,2.4293758869171143,-0.6340400576591492
13323,2.7486863136291504,-0.7547274827957153
13324,2.4724249839782715,-0.7238067388534546
13325,2.1594419479370117,-0.7327834963798523
13326,2.288708209991455,-0.6339861154556274
13327,2.443729877471924,-0.7013921141624451
13328,2.3425495624542236,-0.6668121814727783
13329,2.8938486576080322,-0.6400410532951355
13330,2.266414165496826,-0.6693522930145264
13331,2.5113472938537598,-0.6378421783447266
13332,2.7687549591064453,-0.6420351266860962
13333,2.252654552459717,-0.6968244910240173
13334,2.489180088043213,-0.6064039468765259
13335,2.134298324584961,-0.6938448548316956
13336,2.8643689155578613,-0.6572617888450623
13337,2.630638599395752,-0.6485306024551392
13338,2.394320011138916,-0.6240501999855042
13339,2.6687114238739014,-0.5601491928100586
13340,2.328786849975586,-0.6696891784667969
13341,2.3099355697631836,-0.7285197973251343
13342,2.371429443359375,-0.5526522994041443
13343,2.4530858993530273,-0.7135480642318726
13344,2.2122182846069336,-0.7289823293685913
13345,2.4201745986938477,-0.5674125552177429
13346,2.1046111583709717,-0.6187820434570312
13347,2.2614026069641113,-0.6961005926132202
13348,2.0448660850524902,-0.6697032451629639
13349,2.575934648513794,-0.7828317880630493
13350,2.5650758743286133,-0.6335311532020569
13351,2.2129886150360107,-0.5918514132499695
13352,2.4313507080078125,-0.7314207553863525
13353,2.2227683067321777,-0.6464353203773499
13354,2.2987189292907715,-0.6944444179534912
13355,2.456772804260254,-0.7909953594207764
13356,2.0938727855682373,-0.6073079705238342
13357,2.0690865516662598,-0.6809090971946716
13358,2.737943649291992,-0.6847867369651794
13359,2.021291494369507,-0.600196123123169
13360,2.5266776084899902,-0.6328566074371338
13361,2.591240882873535,-0.6523010730743408
13362,2.446641445159912,-0.696065366268158
13363,2.3213696479797363,-0.7030351758003235
13364,2.79128098487854,-0.6516771912574768
13365,2.2421388626098633,-0.6432251930236816
13366,2.274158000946045,-0.6205164790153503
13367,2.3636107444763184,-0.5952621102333069
13368,2.6680374145507812,-0.7097876667976379
13369,2.7191338539123535,-0.7573902010917664
13370,2.8136420249938965,-0.7047216892242432
13371,2.2939727306365967,-0.5876328945159912
13372,2.6668930053710938,-0.6495922803878784
13373,2.5197548866271973,-0.6231838464736938
13374,2.2559614181518555,-0.846767246723175
13375,2.81900691986084,-0.6859991550445557
13376,2.7893810272216797,-0.7331892251968384
13377,2.423823833465576,-0.6249449849128723
13378,2.6666274070739746,-0.6032964587211609
13379,3.0613081455230713,-0.6911726593971252
13380,2.545083999633789,-0.7144178748130798
13381,2.831977128982544,-0.6570805311203003
13382,2.4837732315063477,-0.5969998836517334
13383,2.4210398197174072,-0.6162921786308289
13384,2.4163005352020264,-0.6779892444610596
13385,2.7706098556518555,-0.6861204504966736
13386,2.3977272510528564,-0.7571801543235779
13387,2.5471267700195312,-0.7663636803627014
13388,2.992323875427246,-0.7585838437080383
13389,2.419210433959961,-0.6546604037284851
13390,3.2675724029541016,-0.6864576935768127
13391,2.5729286670684814,-0.6071065664291382
13392,2.2471299171447754,-0.7379730343818665
13393,2.8226749897003174,-0.8322334289550781
13394,2.8395538330078125,-0.7192034125328064
13395,2.4172472953796387,-0.6459404826164246
13396,2.6928017139434814,-0.7349870204925537
13397,2.668919801712036,-0.7118653655052185
13398,2.4690260887145996,-0.6618492603302002
13399,2.538071870803833,-0.6683508157730103
13400,2.139333724975586,-0.6229589581489563
13401,2.5579395294189453,-0.6122856736183167
13402,2.318706512451172,-0.6446133255958557
13403,2.410618782043457,-0.7054181694984436
13404,2.4636476039886475,-0.6874316930770874
13405,2.362886428833008,-0.7193238735198975
13406,2.483337163925171,-0.6196727156639099
13407,2.59053111076355,-0.6909742951393127
13408,2.0412068367004395,-0.6388185024261475
13409,2.5720531940460205,-0.7628923058509827
13410,2.4240190982818604,-0.6674135327339172
13411,2.3063292503356934,-0.7247767448425293
13412,2.680318832397461,-0.6472247242927551
13413,2.252659797668457,-0.6362462043762207
13414,2.4593894481658936,-0.6195151805877686
13415,2.5874390602111816,-0.698566734790802
13416,2.5667672157287598,-0.6476491689682007
13417,2.4059159755706787,-0.6278173327445984
13418,2.3854846954345703,-0.7373975515365601
13419,2.7379002571105957,-0.7061111330986023
13420,2.466041326522827,-0.774502694606781
13421,2.3148441314697266,-0.6788157820701599
13422,2.4705867767333984,-0.6992548108100891
13423,2.7520089149475098,-0.6847481727600098
13424,2.4550461769104004,-0.5792909264564514
13425,2.4037821292877197,-0.6777340173721313
13426,2.414788246154785,-0.6588286757469177
13427,2.2892167568206787,-0.7269391417503357
13428,2.2721714973449707,-0.6731918454170227
13429,2.6922357082366943,-0.6388580799102783
13430,2.384154796600342,-0.6624566912651062
13431,2.452202320098877,-0.62236487865448
13432,2.3496901988983154,-0.6162360906600952
13433,2.442913055419922,-0.678031861782074
13434,2.4783198833465576,-0.6293795108795166
13435,2.4493613243103027,-0.652170717716217
13436,2.247676134109497,-0.6711777448654175
13437,2.7265398502349854,-0.7117816209793091
13438,2.6759395599365234,-0.6647028923034668
13439,2.4820003509521484,-0.5826468467712402
13440,2.2461318969726562,-0.6132098436355591
13441,2.955855131149292,-0.7010642886161804
13442,2.385336399078369,-0.6803205609321594
13443,2.616171360015869,-0.6984512209892273
13444,2.4660210609436035,-0.6595709919929504
13445,2.329226493835449,-0.603391170501709
13446,2.3218772411346436,-0.6729556322097778
13447,2.4157938957214355,-0.6897470951080322
13448,2.265597105026245,-0.6079561710357666
13449,2.3720004558563232,-0.6652458310127258
13450,2.197192430496216,-0.622161865234375
13451,2.5229406356811523,-0.6356745362281799
13452,2.6123745441436768,-0.6689373850822449
13453,2.409907102584839,-0.6567635536193848
13454,2.2837085723876953,-0.6530455946922302
13455,3.0580897331237793,-0.6716254353523254
13456,2.5943474769592285,-0.7528160214424133
13457,2.3762354850769043,-0.6925163269042969
13458,2.8230605125427246,-0.6146119832992554
13459,2.305011749267578,-0.7702338695526123
13460,2.301955223083496,-0.6056423783302307
13461,2.337932586669922,-0.606815755367279
13462,2.479926586151123,-0.6209813952445984
13463,2.3657352924346924,-0.6138685345649719
13464,2.3877792358398438,-0.6780998706817627
13465,2.7677183151245117,-0.7248156666755676
13466,2.3753814697265625,-0.5972914099693298
13467,2.489333152770996,-0.6677194237709045
13468,2.2892684936523438,-0.6276840567588806
13469,2.3991265296936035,-0.5936524868011475
13470,2.2298712730407715,-0.7403296828269958
13471,2.457099676132202,-0.6253297924995422
13472,2.029139518737793,-0.5967288017272949
13473,2.2808990478515625,-0.5720819234848022
13474,2.4018595218658447,-0.6506442427635193
13475,2.527775764465332,-0.8000643849372864
13476,2.024813652038574,-0.6051459312438965
13477,2.4003500938415527,-0.6373635530471802
13478,2.5009679794311523,-0.6047490835189819
13479,2.3638880252838135,-0.7149823904037476
13480,2.1363351345062256,-0.6480001211166382
13481,2.2472662925720215,-0.6585260033607483
13482,2.540867805480957,-0.7678257822990417
13483,2.6805758476257324,-0.6538006067276001
13484,2.7119064331054688,-0.6410588622093201
13485,2.419527053833008,-0.6584540009498596
13486,2.4050631523132324,-0.6578747034072876
13487,2.7007927894592285,-0.6773159503936768
13488,2.6114909648895264,-0.7493501901626587
13489,2.8071184158325195,-0.7294834852218628
13490,2.364342451095581,-0.6520603895187378
13491,2.469660520553589,-0.6040921807289124
13492,2.5564677715301514,-0.695590615272522
13493,2.7061076164245605,-0.7265474200248718
13494,2.6103291511535645,-0.5791921019554138
13495,2.5356199741363525,-0.5844429731369019
13496,2.4486708641052246,-0.669857919216156
13497,2.4838719367980957,-0.6482142806053162
13498,2.5667991638183594,-0.7720908522605896
13499,2.091290235519409,-0.6973234415054321
13500,2.2469797134399414,-0.6249581575393677
13501,2.3421707153320312,-0.5757236480712891
13502,2.48142147064209,-0.6569973230361938
13503,2.5171828269958496,-0.7398890852928162
13504,2.218552827835083,-0.7129212021827698
13505,2.4631407260894775,-0.7176698446273804
13506,2.3966829776763916,-0.66656893491745
13507,2.4117870330810547,-0.6581170558929443
13508,2.4702019691467285,-0.6705510020256042
13509,2.589369297027588,-0.6900272369384766
13510,2.1484336853027344,-0.6846590638160706
13511,2.2281904220581055,-0.601144552230835
13512,2.5264875888824463,-0.7565782070159912
13513,2.235513210296631,-0.6914294362068176
13514,2.6609816551208496,-0.7724456787109375
13515,2.235438823699951,-0.6551104784011841
13516,2.265204429626465,-0.7323997020721436
13517,2.1957616806030273,-0.6654788851737976
13518,2.342331886291504,-0.6842092871665955
13519,2.230762481689453,-0.6110312938690186
13520,2.322770595550537,-0.6422064900398254
13521,2.4021737575531006,-0.6741079688072205
13522,2.243896961212158,-0.71403968334198
13523,2.6214041709899902,-0.7323204278945923
13524,2.314253807067871,-0.6152241230010986
13525,2.5684170722961426,-0.6818119883537292
13526,2.475464105606079,-0.6597074270248413
13527,2.1063108444213867,-0.6587569713592529
13528,2.5836973190307617,-0.7198880910873413
13529,2.414442539215088,-0.7005252242088318
13530,2.7514257431030273,-0.6600218415260315
13531,2.177414894104004,-0.6011659502983093
13532,2.524394989013672,-0.6322135925292969
13533,2.427396774291992,-0.6733620166778564
13534,2.3184406757354736,-0.6152807474136353
13535,2.83314847946167,-0.6775689721107483
13536,2.4997363090515137,-0.6563718318939209
13537,2.6070556640625,-0.6459036469459534
13538,2.64890193939209,-0.6835981011390686
13539,2.239269256591797,-0.6946858763694763
13540,2.371340751647949,-0.6405408978462219
13541,1.9450688362121582,-0.613044798374176
13542,2.4398434162139893,-0.6865561604499817
13543,2.365680694580078,-0.6664682030677795
13544,2.3692827224731445,-0.6752965450286865
13545,2.4683122634887695,-0.6760163903236389
13546,2.6102466583251953,-0.7174317240715027
13547,2.4983115196228027,-0.6745730638504028
13548,2.521925449371338,-0.6605520844459534
13549,2.397372007369995,-0.6971893906593323
13550,2.462371826171875,-0.6671741604804993
13551,2.3255698680877686,-0.6239078044891357
13552,2.651675224304199,-0.6485590934753418
13553,2.2858164310455322,-0.6332069635391235
13554,2.263917922973633,-0.5956042408943176
13555,2.2870540618896484,-0.6645949482917786
13556,2.3756208419799805,-0.6505742073059082
13557,2.7807810306549072,-0.7411976456642151
13558,2.341520309448242,-0.5835889577865601
13559,2.22214937210083,-0.6769644021987915
13560,2.2648096084594727,-0.6743766665458679
13561,2.651156187057495,-0.7172415256500244
13562,2.2871766090393066,-0.6453620791435242
13563,2.6550328731536865,-0.7175896167755127
13564,2.2438511848449707,-0.6730863451957703
13565,2.3547234535217285,-0.6207907199859619
13566,2.216731071472168,-0.6773262023925781
13567,2.6712331771850586,-0.6786518096923828
13568,2.7749414443969727,-0.7284982800483704
13569,2.757686138153076,-0.7499370574951172
13570,2.6274642944335938,-0.6554486155509949
13571,2.4601128101348877,-0.5338153839111328
13572,2.276998996734619,-0.7048131823539734
13573,2.480839252471924,-0.7450874447822571
13574,2.5501675605773926,-0.6735984683036804
13575,2.083308219909668,-0.6041032075881958
13576,2.293276309967041,-0.7698574662208557
13577,2.5582003593444824,-0.6555160284042358
13578,2.502303123474121,-0.6084123849868774
13579,2.292100191116333,-0.6434553265571594
13580,2.8580315113067627,-0.7642938494682312
13581,2.5289502143859863,-0.6249138116836548
13582,2.4725356101989746,-0.6358788013458252
13583,2.5760498046875,-0.6854013800621033
13584,2.4536290168762207,-0.7123070359230042
13585,2.9900527000427246,-0.6150590777397156
13586,2.4349637031555176,-0.642423689365387
13587,2.205040454864502,-0.709727942943573
13588,2.54555606842041,-0.6062747240066528
13589,2.5887773036956787,-0.599058985710144
13590,2.1726279258728027,-0.6452287435531616
13591,2.439530372619629,-0.7261648774147034
13592,2.522908926010132,-0.731158435344696
13593,2.343593120574951,-0.6614540219306946
13594,2.1750617027282715,-0.5719336867332458
13595,2.109215259552002,-0.5661534667015076
13596,2.3311948776245117,-0.6966922879219055
13597,2.4196629524230957,-0.7667672038078308
13598,2.2807369232177734,-0.6515693664550781
13599,2.5407724380493164,-0.6464258432388306
13600,2.2235279083251953,-0.6131008267402649
13601,2.4311017990112305,-0.6849421858787537
13602,2.5319814682006836,-0.6552148461341858
13603,2.092684745788574,-0.7386515736579895
13604,2.3838629722595215,-0.7052903771400452
13605,2.362891674041748,-0.5783314108848572
13606,2.4579854011535645,-0.5973052978515625
13607,2.3311729431152344,-0.5839060544967651
13608,2.4449362754821777,-0.6716403961181641
13609,2.3350038528442383,-0.7039370536804199
13610,2.1690478324890137,-0.6711292266845703
13611,2.7866196632385254,-0.6614428758621216
13612,2.385427951812744,-0.6618650555610657
13613,2.0662529468536377,-0.5333110690116882
13614,2.3429946899414062,-0.5998095870018005
13615,2.184446334838867,-0.6609668731689453
13616,2.379042148590088,-0.7901358008384705
13617,2.5340185165405273,-0.6058315634727478
13618,2.2030563354492188,-0.5984084010124207
13619,2.348025321960449,-0.5461812615394592
13620,2.464728355407715,-0.6675143241882324
13621,2.0063674449920654,-0.6338105201721191
13622,2.264570951461792,-0.6056463122367859
13623,2.2887682914733887,-0.619138777256012
13624,2.444728374481201,-0.5840023159980774
13625,2.360959053039551,-0.7351813316345215
13626,2.549222469329834,-0.696533203125
13627,2.462646007537842,-0.6537417769432068
13628,2.200286865234375,-0.598368763923645
13629,2.354114055633545,-0.5697214603424072
13630,2.511590003967285,-0.6541680693626404
13631,2.389364004135132,-0.671857476234436
13632,2.671844482421875,-0.6500861644744873
13633,2.4730701446533203,-0.6352201700210571
13634,2.5377397537231445,-0.6722980737686157
13635,2.4002435207366943,-0.5917957425117493
13636,2.518815040588379,-0.6878755688667297
13637,2.0193252563476562,-0.6991462111473083
13638,3.008345127105713,-0.6983193755149841
13639,2.2329206466674805,-0.6039423942565918
13640,2.33541202545166,-0.7044246196746826
13641,2.3990767002105713,-0.7895434498786926
13642,2.279496192932129,-0.73096764087677
13643,2.6122331619262695,-0.6003273129463196
13644,2.3717806339263916,-0.5937619209289551
13645,2.1545209884643555,-0.7039245367050171
13646,2.349444627761841,-0.7295252084732056
13647,2.388308525085449,-0.6487104892730713
13648,2.545194625854492,-0.6307386159896851
13649,2.288954734802246,-0.60776287317276
13650,2.40910005569458,-0.6540660858154297
13651,2.460930347442627,-0.6646836996078491
13652,2.755819082260132,-0.7259973883628845
13653,2.479160785675049,-0.66753751039505
13654,2.5354864597320557,-0.6113759875297546
13655,2.2930753231048584,-0.6332688927650452
13656,2.400531768798828,-0.5826524496078491
13657,2.501150608062744,-0.6748438477516174
13658,2.378883123397827,-0.6521545648574829
13659,2.578324317932129,-0.6276735067367554
13660,2.3701186180114746,-0.6171610355377197
13661,2.4900641441345215,-0.6021929383277893
13662,2.2224040031433105,-0.6724215745925903
13663,2.3674542903900146,-0.6821452379226685
13664,2.7057151794433594,-0.6855683922767639
13665,2.2603683471679688,-0.740627110004425
13666,2.304588794708252,-0.6060377955436707
13667,2.5949745178222656,-0.6106646060943604
13668,2.7090725898742676,-0.6139382123947144
13669,2.496344566345215,-0.6931297183036804
13670,2.2390143871307373,-0.6196286678314209
13671,2.29018497467041,-0.6110315918922424
13672,2.27426815032959,-0.6277201175689697
13673,2.1344728469848633,-0.6092703938484192
13674,2.0019545555114746,-0.5366578698158264
13675,2.3132336139678955,-0.6246781349182129
13676,2.5114095211029053,-0.6484779119491577
13677,2.7828528881073,-0.5938073992729187
13678,2.6499204635620117,-0.6646969318389893
13679,2.536252021789551,-0.6877744197845459
13680,2.2076010704040527,-0.6484968662261963
13681,2.460336446762085,-0.5939363241195679
13682,2.196345329284668,-0.6148147583007812
13683,2.051316738128662,-0.6204648613929749
13684,2.515018939971924,-0.6921607851982117
13685,2.2432851791381836,-0.7026380300521851
13686,2.280562400817871,-0.766883909702301
13687,2.2189459800720215,-0.6361461281776428
13688,2.7021052837371826,-0.6473900079727173
13689,2.4003801345825195,-0.6487077474594116
13690,2.17795467376709,-0.610550045967102
13691,1.7035871744155884,-0.54970383644104
13692,2.6449661254882812,-0.6716905236244202
13693,2.4915218353271484,-0.6219844818115234
13694,2.3609089851379395,-0.6120297312736511
13695,2.4695162773132324,-0.547791063785553
13696,1.995223879814148,-0.6488440632820129
13697,2.7786431312561035,-0.5803270936012268
13698,2.2841572761535645,-0.6935171484947205
13699,2.307312488555908,-0.6674717664718628
13700,2.450688362121582,-0.6018946170806885
13701,2.2442140579223633,-0.5945252180099487
13702,2.377957344055176,-0.5876451134681702
13703,2.438504695892334,-0.6635892391204834
13704,2.2335548400878906,-0.7431219220161438
13705,2.4729695320129395,-0.6597990393638611
13706,2.600318431854248,-0.6328631043434143
13707,2.6657614707946777,-0.620715320110321
13708,2.427138328552246,-0.6967834234237671
13709,2.6878647804260254,-0.6872369647026062
13710,2.2537455558776855,-0.714383602142334
13711,2.5083980560302734,-0.6418220400810242
13712,2.603055000305176,-0.6774123311042786
13713,2.5937180519104004,-0.6366897821426392
13714,2.7593655586242676,-0.6452940106391907
13715,2.3295984268188477,-0.641007661819458
13716,2.3131089210510254,-0.7073609828948975
13717,2.6240668296813965,-0.6837812066078186
13718,2.240633487701416,-0.630561888217926
13719,2.247776508331299,-0.6542487144470215
13720,2.047976016998291,-0.6138990521430969
13721,2.2827227115631104,-0.6611780524253845
13722,2.5130579471588135,-0.6501145958900452
13723,2.4869632720947266,-0.5736333131790161
13724,2.0492796897888184,-0.6270962357521057
13725,2.491657018661499,-0.6892315149307251
13726,3.1658568382263184,-0.673981785774231
13727,2.3888750076293945,-0.633753776550293
13728,2.501775026321411,-0.6032732725143433
13729,2.352238416671753,-0.5981037020683289
13730,2.557645320892334,-0.6483654975891113
13731,2.517188549041748,-0.7105911374092102
13732,2.469088077545166,-0.6873010396957397
13733,2.1276464462280273,-0.6696131825447083
13734,2.645427942276001,-0.6205520629882812
13735,2.3581881523132324,-0.6400696039199829
13736,2.363807439804077,-0.5907007455825806
13737,2.3577704429626465,-0.68218594789505
13738,2.388881206512451,-0.6414701342582703
13739,2.2324490547180176,-0.6401844620704651
13740,2.2640321254730225,-0.697669506072998
13741,2.9444432258605957,-0.6116102337837219
13742,2.5254673957824707,-0.640836238861084
13743,2.1080026626586914,-0.6215276122093201
13744,2.297147035598755,-0.7131731510162354
13745,2.526564121246338,-0.6730904579162598
13746,2.2136142253875732,-0.6332219243049622
13747,2.51279354095459,-0.6072902083396912
13748,2.5375657081604004,-0.7388337850570679
13749,2.398073673248291,-0.6719775199890137
13750,2.6886072158813477,-0.7005760669708252
13751,2.217555522918701,-0.5358291864395142
13752,2.3124778270721436,-0.6134020090103149
13753,2.397932767868042,-0.7049146294593811
13754,2.34212064743042,-0.5518973469734192
13755,2.6434173583984375,-0.7652998566627502
13756,2.5204973220825195,-0.5922168493270874
13757,2.1762208938598633,-0.6726967096328735
13758,2.868582248687744,-0.6415356397628784
13759,2.5543479919433594,-0.6779463887214661
13760,2.8052568435668945,-0.7799335718154907
13761,2.530916690826416,-0.614581823348999
13762,2.3778223991394043,-0.6167071461677551
13763,2.173321485519409,-0.6396045684814453
13764,2.5005784034729004,-0.6408206224441528
13765,2.3788866996765137,-0.7503026723861694
13766,2.506071090698242,-0.6295057535171509
13767,2.5548524856567383,-0.612281084060669
13768,2.3930506706237793,-0.6270856857299805
13769,2.3748552799224854,-0.6495744585990906
13770,2.24129056930542,-0.608638346195221
13771,2.3554041385650635,-0.6713182926177979
13772,2.6899056434631348,-0.623033344745636
13773,2.637810707092285,-0.6724397540092468
13774,2.393385887145996,-0.612769603729248
13775,2.5700581073760986,-0.6349819898605347
13776,2.2251088619232178,-0.62298583984375
13777,2.844677448272705,-0.6079073548316956
13778,2.574542284011841,-0.6336308121681213
13779,2.4310996532440186,-0.6188223361968994
13780,2.272704839706421,-0.6066335439682007
13781,2.4642622470855713,-0.6244648098945618
13782,2.2147207260131836,-0.6157417893409729
13783,2.510833501815796,-0.5936307311058044
13784,2.2793054580688477,-0.5875191688537598
13785,2.414170980453491,-0.6393051743507385
13786,2.634692430496216,-0.6403329968452454
13787,2.4460458755493164,-0.6325826048851013
13788,2.4464011192321777,-0.7280162572860718
13789,2.525348663330078,-0.6197231411933899
13790,2.509617805480957,-0.688661515712738
13791,2.1909680366516113,-0.6900589466094971
13792,2.3164849281311035,-0.6344221234321594
13793,2.418138027191162,-0.5623819231987
13794,2.623116970062256,-0.6336116194725037
13795,2.181941509246826,-0.7027679681777954
13796,2.44980788230896,-0.6907467842102051
13797,2.3632538318634033,-0.556705892086029
13798,2.3506758213043213,-0.7050734162330627
13799,2.3477957248687744,-0.6989394426345825
13800,2.9307212829589844,-0.6341552734375
13801,2.6628732681274414,-0.6185965538024902
13802,2.188992738723755,-0.6475257873535156
13803,2.4658782482147217,-0.6365486979484558
13804,2.1968882083892822,-0.6933593153953552
13805,2.819091558456421,-0.6567933559417725
13806,2.3675389289855957,-0.5438504815101624
13807,2.450406074523926,-0.6654208898544312
13808,2.1945486068725586,-0.6210492253303528
13809,2.4934639930725098,-0.6005488634109497
13810,2.9992809295654297,-0.6098361611366272
13811,2.4934542179107666,-0.6864219903945923
13812,2.353576183319092,-0.7422322034835815
13813,2.5254669189453125,-0.6446775197982788
13814,2.4356157779693604,-0.6255993843078613
13815,2.6712374687194824,-0.6274951696395874
13816,2.984027862548828,-0.6663017868995667
13817,2.5754570960998535,-0.6704967021942139
13818,2.6042580604553223,-0.6958250403404236
13819,2.251392364501953,-0.6038529276847839
13820,2.428424835205078,-0.536081850528717
13821,2.4550652503967285,-0.6393417119979858
13822,2.175102710723877,-0.5710803270339966
13823,2.410641670227051,-0.6091151237487793
13824,2.2172131538391113,-0.6496412754058838
13825,2.0299973487854004,-0.5683668851852417
13826,2.27799654006958,-0.6120069026947021
13827,2.9502010345458984,-0.7576188445091248
13828,2.2232656478881836,-0.6499816179275513
13829,2.3338427543640137,-0.6125761270523071
13830,2.5561485290527344,-0.6762117147445679
13831,2.375030517578125,-0.5822049379348755
13832,2.445650815963745,-0.5964382290840149
13833,2.265026569366455,-0.631693959236145
13834,2.58573317527771,-0.6580718755722046
13835,2.2407844066619873,-0.6919278502464294
13836,2.15370512008667,-0.6328360438346863
13837,2.3867383003234863,-0.7042031288146973
13838,2.4963431358337402,-0.6129448413848877
13839,2.319972276687622,-0.6075344085693359
13840,2.3548855781555176,-0.7096884846687317
13841,2.4578170776367188,-0.6532614827156067
13842,2.7058143615722656,-0.5510822534561157
13843,2.3112616539001465,-0.6040042638778687
13844,2.5964574813842773,-0.6343538165092468
13845,2.404853343963623,-0.7167233824729919
13846,2.705125331878662,-0.6165267825126648
13847,2.1853742599487305,-0.6373133659362793
13848,2.48626708984375,-0.6580116152763367
13849,2.1887693405151367,-0.6393532752990723
13850,2.5158772468566895,-0.6370922923088074
13851,2.5056726932525635,-0.6875511407852173
13852,2.735161781311035,-0.5838931202888489
13853,2.3517799377441406,-0.6114214062690735
13854,2.200942039489746,-0.5580560564994812
13855,2.3125159740448,-0.7153835892677307
13856,2.269287109375,-0.6031420230865479
13857,2.606691360473633,-0.5635637044906616
13858,2.2644309997558594,-0.5573133230209351
13859,2.4441304206848145,-0.5841420888900757
13860,2.334942102432251,-0.6903831362724304
13861,2.5875749588012695,-0.600010097026825
13862,2.519443988800049,-0.6160436868667603
13863,2.206665277481079,-0.6657773852348328
13864,2.6315908432006836,-0.5930872559547424
13865,2.1666579246520996,-0.632864236831665
13866,2.4298501014709473,-0.6439189314842224
13867,2.525214195251465,-0.6685946583747864
13868,2.729550361633301,-0.7410725355148315
13869,2.2928788661956787,-0.6262199878692627
13870,2.377737045288086,-0.6661783456802368
13871,2.4914426803588867,-0.694480836391449
13872,2.2331762313842773,-0.7257363200187683
13873,2.5608065128326416,-0.6386802196502686
13874,2.6509690284729004,-0.6349672675132751
13875,2.4861319065093994,-0.6321009397506714
13876,2.397000312805176,-0.6056099534034729
13877,2.1375699043273926,-0.656569242477417
13878,2.3817667961120605,-0.668213427066803
13879,2.0997471809387207,-0.68535315990448
13880,2.7429542541503906,-0.573427677154541
13881,2.458012580871582,-0.6888057589530945
13882,2.767787456512451,-0.6452046036720276
13883,2.4846034049987793,-0.6152340769767761
13884,2.589245319366455,-0.6758432984352112
13885,2.171125650405884,-0.5521886348724365
13886,2.7521700859069824,-0.6537818312644958
13887,2.4269661903381348,-0.7453817129135132
13888,2.4740793704986572,-0.7055796980857849
13889,2.558833122253418,-0.7283873558044434
13890,2.6398427486419678,-0.5430202484130859
13891,2.806018352508545,-0.5615708827972412
13892,2.8860316276550293,-0.6038981676101685
13893,2.5220792293548584,-0.6250618100166321
13894,2.290926456451416,-0.6889021992683411
13895,2.292914628982544,-0.6502123475074768
13896,2.4587957859039307,-0.654025137424469
13897,2.5372581481933594,-0.6156985759735107
13898,2.298765182495117,-0.5477550029754639
13899,2.4010252952575684,-0.7407574653625488
13900,2.7276768684387207,-0.642815351486206
13901,2.2364187240600586,-0.6328566074371338
13902,2.34033203125,-0.662377119064331
13903,2.7806410789489746,-0.5785650610923767
13904,2.6802399158477783,-0.6909166574478149
13905,2.1799707412719727,-0.6725540161132812
13906,2.286661386489868,-0.6810060143470764
13907,2.1925671100616455,-0.5996417999267578
13908,2.3423118591308594,-0.5575062036514282
13909,2.6130621433258057,-0.6159666180610657
13910,2.568081855773926,-0.6280381679534912
13911,2.3815951347351074,-0.6268942356109619
13912,2.60569167137146,-0.6025116443634033
13913,2.524099349975586,-0.613923966884613
13914,2.586362838745117,-0.5953720211982727
13915,2.5442891120910645,-0.587115466594696
13916,2.551150321960449,-0.6843145489692688
13917,2.695683479309082,-0.6697023510932922
13918,2.480980157852173,-0.6395823955535889
13919,2.2098608016967773,-0.6918019652366638
13920,2.090548038482666,-0.5203363299369812
13921,2.600679397583008,-0.5807712078094482
13922,2.1561331748962402,-0.610614001750946
13923,2.1300530433654785,-0.5214483737945557
13924,2.516380786895752,-0.7024334073066711
13925,2.4107894897460938,-0.6187451481819153
13926,2.6357505321502686,-0.614649772644043
13927,2.510964870452881,-0.6151635050773621
13928,2.197991132736206,-0.5784885883331299
13929,2.4703493118286133,-0.6221455931663513
13930,2.097480297088623,-0.6298645734786987
13931,2.4688820838928223,-0.7189636826515198
13932,2.3200161457061768,-0.5702343583106995
13933,2.357454776763916,-0.6459898352622986
13934,2.396855354309082,-0.7355750799179077
13935,2.4029085636138916,-0.6374459266662598
13936,2.3318095207214355,-0.6077898144721985
13937,2.3032875061035156,-0.6586514115333557
13938,2.373018503189087,-0.6433966159820557
13939,2.2994441986083984,-0.6503137350082397
13940,2.577725887298584,-0.7138747572898865
13941,2.3199963569641113,-0.5849371552467346
13942,2.427394390106201,-0.6174083352088928
13943,2.3532819747924805,-0.6301475763320923
13944,2.4880270957946777,-0.6710972785949707
13945,2.387091636657715,-0.6007601022720337
13946,2.811797618865967,-0.608018159866333
13947,2.5989933013916016,-0.6802964806556702
13948,2.5482990741729736,-0.6680363416671753
13949,2.4370784759521484,-0.644561767578125
13950,2.574113607406616,-0.6930422186851501
13951,2.23380184173584,-0.5475559830665588
13952,2.5503201484680176,-0.5712034702301025
13953,2.46205997467041,-0.6580859422683716
13954,2.1649322509765625,-0.6715466380119324
13955,2.1442508697509766,-0.652240514755249
13956,2.305418014526367,-0.5730032920837402
13957,2.473231315612793,-0.6666526198387146
13958,2.250999689102173,-0.698391854763031
13959,2.593782901763916,-0.6184931397438049
13960,2.5057907104492188,-0.6973152160644531
13961,2.543045997619629,-0.5873344540596008
13962,2.5577855110168457,-0.7127319574356079
13963,2.4538352489471436,-0.5964945554733276
13964,2.2726492881774902,-0.5733828544616699
13965,2.5605359077453613,-0.6381189823150635
13966,2.475520133972168,-0.586283802986145
13967,2.1224701404571533,-0.6523429155349731
13968,3.2653369903564453,-0.6291989088058472
13969,2.5461277961730957,-0.6311673521995544
13970,2.3888654708862305,-0.5881614685058594
13971,2.544721841812134,-0.6757308840751648
13972,2.267737865447998,-0.6601305603981018
13973,2.910243511199951,-0.7222944498062134
13974,2.194758892059326,-0.708781898021698
13975,2.1766128540039062,-0.5734501481056213
13976,2.152158260345459,-0.617280900478363
13977,2.5276451110839844,-0.6028379201889038
13978,1.9910447597503662,-0.6123046278953552
13979,2.744413375854492,-0.707490086555481
13980,2.7156190872192383,-0.6943037509918213
13981,2.541144371032715,-0.6183783411979675
13982,2.284236192703247,-0.5876232385635376
13983,2.278402328491211,-0.6627587080001831
13984,2.538454532623291,-0.5737062692642212
13985,2.6736412048339844,-0.6282879710197449
13986,2.188455104827881,-0.6092168688774109
13987,2.124283790588379,-0.7273744940757751
13988,2.309838056564331,-0.6433276534080505
13989,2.387671709060669,-0.7342779636383057
13990,2.829885244369507,-0.658925473690033
13991,2.876258611679077,-0.660169780254364
13992,2.3030738830566406,-0.5605773329734802
13993,1.9969406127929688,-0.5823482871055603
13994,2.4606523513793945,-0.6615508794784546
13995,2.0576250553131104,-0.627991259098053
13996,2.8999791145324707,-0.7139291167259216
13997,2.5019426345825195,-0.7046545147895813
13998,2.8918962478637695,-0.6629208922386169
13999,2.508430004119873,-0.6171373128890991
14000,2.1721091270446777,-0.5765547752380371
14001,2.5799551010131836,-0.7233631610870361
14002,2.680762767791748,-0.607162594795227
14003,2.6382689476013184,-0.7275497913360596
14004,2.5535638332366943,-0.6170104742050171
14005,2.2680530548095703,-0.5404622554779053
14006,2.394528388977051,-0.5821599960327148
14007,2.8896663188934326,-0.7264635562896729
14008,2.2747397422790527,-0.7274796962738037
14009,2.5017504692077637,-0.6230695247650146
14010,2.5895495414733887,-0.5708062648773193
14011,2.1738109588623047,-0.5912139415740967
14012,2.4966859817504883,-0.5934782028198242
14013,2.456725597381592,-0.5840696096420288
14014,2.684128761291504,-0.7149128913879395
14015,2.4674792289733887,-0.6169341206550598
14016,2.469757556915283,-0.5551777482032776
14017,2.21281361579895,-0.5445801019668579
14018,2.368013858795166,-0.5951915383338928
14019,2.5962624549865723,-0.6265374422073364
14020,2.1855883598327637,-0.6909939646720886
14021,2.7782082557678223,-0.6586031913757324
14022,2.625577449798584,-0.5740146636962891
14023,2.4954237937927246,-0.6945849061012268
14024,2.405416488647461,-0.6123085618019104
14025,2.3389668464660645,-0.6365169882774353
14026,2.133601665496826,-0.6049968600273132
14027,2.3915560245513916,-0.643544614315033
14028,2.452355146408081,-0.604739785194397
14029,2.434753179550171,-0.6656345129013062
14030,2.2686808109283447,-0.5889787077903748
14031,2.3903331756591797,-0.6220113635063171
14032,2.4903273582458496,-0.6448977589607239
14033,2.4241485595703125,-0.7354370355606079
14034,2.5787200927734375,-0.578661322593689
14035,2.568695545196533,-0.6650817394256592
14036,2.4315543174743652,-0.6162433624267578
14037,2.347484588623047,-0.6220744848251343
14038,2.6778199672698975,-0.7196829915046692
14039,2.5651357173919678,-0.6953675746917725
14040,2.119844436645508,-0.6551035046577454
14041,2.680306911468506,-0.6023884415626526
14042,2.22239351272583,-0.5921542048454285
14043,2.745976448059082,-0.6321325898170471
14044,2.310209035873413,-0.7081320881843567
14045,2.334622383117676,-0.7120653390884399
14046,2.4539856910705566,-0.6715578436851501
14047,2.4514272212982178,-0.6603171825408936
14048,2.1382486820220947,-0.6539278626441956
14049,2.142812490463257,-0.6189867258071899
14050,2.2297353744506836,-0.6039730906486511
14051,2.0658679008483887,-0.5390651822090149
14052,2.404043674468994,-0.6212372183799744
14053,2.377554416656494,-0.6328437924385071
14054,2.1788601875305176,-0.5968553423881531
14055,2.3613076210021973,-0.7344117760658264
14056,2.619058132171631,-0.6180195808410645
14057,2.3487372398376465,-0.6378876566886902
14058,2.465296745300293,-0.6673600077629089
14059,2.300339698791504,-0.6544435620307922
14060,2.188908338546753,-0.6361837983131409
14061,2.295959949493408,-0.6105096936225891
14062,2.3542699813842773,-0.5388654470443726
14063,2.4741005897521973,-0.6037023067474365
14064,2.581264019012451,-0.655996561050415
14065,2.4525742530822754,-0.6499665975570679
14066,2.613865375518799,-0.6869212985038757
14067,2.391679286956787,-0.644406259059906
14068,2.092080593109131,-0.5769565105438232
14069,2.3388559818267822,-0.6061587333679199
14070,2.550952196121216,-0.6721567511558533
14071,2.220294952392578,-0.6540822386741638
14072,2.2247066497802734,-0.6372942328453064
14073,2.202657699584961,-0.6307797431945801
14074,2.480332851409912,-0.5646549463272095
14075,2.4363622665405273,-0.6394718289375305
14076,2.191814422607422,-0.5795081257820129
14077,2.8340418338775635,-0.6509390473365784
14078,2.114811897277832,-0.666195273399353
14079,2.2296953201293945,-0.6041598320007324
14080,2.222522497177124,-0.623584508895874
14081,2.528881788253784,-0.6501886248588562
14082,2.3478894233703613,-0.6899866461753845
14083,2.1469717025756836,-0.6657393574714661
14084,2.2902145385742188,-0.5960845351219177
14085,2.6633243560791016,-0.633470356464386
14086,2.5017151832580566,-0.7073443531990051
14087,2.485745906829834,-0.6117427349090576
14088,2.216196060180664,-0.6816003322601318
14089,2.1526241302490234,-0.5817598104476929
14090,2.3607916831970215,-0.6468508243560791
14091,2.6018013954162598,-0.6447028517723083
14092,2.1904916763305664,-0.5492120385169983
14093,2.276780843734741,-0.6132713556289673
14094,2.7918453216552734,-0.6669766902923584
14095,2.655700206756592,-0.6264117360115051
14096,2.449329376220703,-0.698906421661377
14097,2.0674197673797607,-0.6348880529403687
14098,2.163550853729248,-0.6335715651512146
14099,2.1393837928771973,-0.5498892664909363
14100,2.6575660705566406,-0.6969798803329468
14101,2.1766085624694824,-0.631044328212738
14102,2.653864860534668,-0.6804686188697815
14103,2.9053945541381836,-0.6880399584770203
14104,2.7425315380096436,-0.6018366813659668
14105,2.498667001724243,-0.6290902495384216
14106,3.099851608276367,-0.6121919751167297
14107,2.717517852783203,-0.6612878441810608
14108,2.2198877334594727,-0.6623840928077698
14109,2.4766900539398193,-0.5969922542572021
14110,2.1870977878570557,-0.6362135410308838
14111,2.419802188873291,-0.599541425704956
14112,2.557347297668457,-0.5155372023582458
14113,2.5427403450012207,-0.6143165230751038
14114,2.2959256172180176,-0.6588504910469055
14115,2.4105634689331055,-0.5583072304725647
14116,2.632261276245117,-0.6820887923240662
14117,2.316796064376831,-0.6721166968345642
14118,2.593541383743286,-0.6361402869224548
14119,2.529144287109375,-0.5926796197891235
14120,2.170875072479248,-0.6276075839996338
14121,2.5815086364746094,-0.6519100069999695
14122,2.193695068359375,-0.6320281028747559
14123,2.5387144088745117,-0.6039180755615234
14124,2.4055986404418945,-0.6289898157119751
14125,2.262216091156006,-0.6964290142059326
14126,2.5058083534240723,-0.6645001769065857
14127,2.2800991535186768,-0.5506097674369812
14128,2.599940776824951,-0.6288610696792603
14129,2.395775079727173,-0.6177865266799927
14130,2.0566959381103516,-0.5906975865364075
14131,2.5797934532165527,-0.5516427755355835
14132,2.398408889770508,-0.6451660990715027
14133,2.614814281463623,-0.6868350505828857
14134,2.2845847606658936,-0.6114444732666016
14135,2.486581802368164,-0.6633655428886414
14136,1.8732898235321045,-0.5129983425140381
14137,2.4812653064727783,-0.6297239065170288
14138,2.401242733001709,-0.6484975218772888
14139,2.2513082027435303,-0.6292684078216553
14140,2.2170212268829346,-0.6573775410652161
14141,2.5732192993164062,-0.5902407765388489
14142,2.257087230682373,-0.5424134135246277
14143,2.524895191192627,-0.6212497353553772
14144,2.5537853240966797,-0.6626301407814026
14145,2.190713405609131,-0.678378701210022
14146,2.598306655883789,-0.6420440673828125
14147,2.7641215324401855,-0.6832506060600281
14148,2.650920867919922,-0.6256374716758728
14149,2.771404266357422,-0.5956699252128601
14150,2.4266462326049805,-0.6258181929588318
14151,2.4783596992492676,-0.6866702437400818
14152,2.666545867919922,-0.6332199573516846
14153,2.5446934700012207,-0.6283986568450928
14154,2.061253547668457,-0.5924279689788818
14155,2.203784465789795,-0.5741504430770874
14156,2.2560882568359375,-0.5688626766204834
14157,2.4919843673706055,-0.6355020999908447
14158,2.5537471771240234,-0.6412419080734253
14159,2.521484613418579,-0.5346153378486633
14160,2.246307373046875,-0.6215497851371765
14161,1.9064180850982666,-0.5694313049316406
14162,3.0659101009368896,-0.5938040018081665
14163,2.4548771381378174,-0.635539174079895
14164,2.819366455078125,-0.757386326789856
14165,2.8136391639709473,-0.6530025005340576
14166,2.5806031227111816,-0.5761828422546387
14167,2.539827823638916,-0.6634613275527954
14168,2.5038905143737793,-0.5696940422058105
14169,2.421360492706299,-0.6844711303710938
14170,2.2879316806793213,-0.7837586998939514
14171,2.6448051929473877,-0.6710137724876404
14172,2.9174952507019043,-0.6988925337791443
14173,2.1504592895507812,-0.592275083065033
14174,2.222257614135742,-0.6640390157699585
14175,2.4340009689331055,-0.6034741401672363
14176,2.4764068126678467,-0.6938685774803162
14177,2.5917177200317383,-0.6747087240219116
14178,2.212270498275757,-0.6648992300033569
14179,2.3159756660461426,-0.6203266382217407
14180,2.4046106338500977,-0.6496581435203552
14181,2.661592483520508,-0.6412542462348938
14182,2.659529447555542,-0.7016476392745972
14183,2.540862560272217,-0.7665274143218994
14184,2.7132530212402344,-0.6307939887046814
14185,2.7095651626586914,-0.6111911535263062
14186,2.092007875442505,-0.6347211599349976
14187,2.5635986328125,-0.6592743396759033
14188,2.554318428039551,-0.5629780292510986
14189,2.4325613975524902,-0.7047167420387268
14190,2.4686477184295654,-0.6557247638702393
14191,2.376497745513916,-0.618313193321228
14192,2.1978840827941895,-0.545295000076294
14193,2.676790952682495,-0.6331132650375366
14194,2.489790916442871,-0.6979978084564209
14195,2.3447704315185547,-0.5811449885368347
14196,2.9177181720733643,-0.6687626838684082
14197,2.363395929336548,-0.5411807894706726
14198,2.4114503860473633,-0.5927581191062927
14199,2.5010123252868652,-0.6215053796768188
14200,2.633105754852295,-0.6654780507087708
14201,2.297868490219116,-0.5865557789802551
14202,2.376232624053955,-0.6406497955322266
14203,2.3357560634613037,-0.6201226711273193
14204,2.685426712036133,-0.5827893018722534
14205,2.3658859729766846,-0.6787374019622803
14206,2.4832441806793213,-0.6197887659072876
14207,2.6985011100769043,-0.6651425361633301
14208,2.403701066970825,-0.568019688129425
14209,2.556581497192383,-0.6085942983627319
14210,2.1520776748657227,-0.5683527588844299
14211,2.9099154472351074,-0.6030662059783936
14212,2.59397554397583,-0.6996020674705505
14213,2.42257022857666,-0.7304800152778625
14214,2.467055320739746,-0.7133936882019043
14215,2.6754050254821777,-0.5954562425613403
14216,2.23734712600708,-0.5883771777153015
14217,2.3513481616973877,-0.5720573663711548
14218,2.706848621368408,-0.5774717926979065
14219,2.2222721576690674,-0.6704800128936768
14220,2.0365614891052246,-0.6520164012908936
14221,2.5868349075317383,-0.6017588376998901
14222,2.6648077964782715,-0.6598280072212219
14223,2.5875773429870605,-0.5958747863769531
14224,2.543492078781128,-0.629265308380127
14225,2.256009578704834,-0.6368316411972046
14226,2.899270534515381,-0.7484673261642456
14227,2.1932921409606934,-0.6795820593833923
14228,2.259474754333496,-0.6033154129981995
14229,2.2022817134857178,-0.5867840647697449
14230,2.346771717071533,-0.6403148770332336
14231,2.3874592781066895,-0.6862708330154419
14232,2.3527982234954834,-0.6220918893814087
14233,2.300924777984619,-0.6295545697212219
14234,2.571866512298584,-0.6061846613883972
14235,2.532543182373047,-0.590609610080719
14236,2.538997173309326,-0.6456517577171326
14237,2.4488017559051514,-0.6209375858306885
14238,2.134697914123535,-0.6054016351699829
14239,2.234774112701416,-0.531506359577179
14240,2.517449140548706,-0.6513710618019104
14241,2.304522752761841,-0.6242220997810364
14242,2.3225183486938477,-0.6208365559577942
14243,2.305360794067383,-0.6323450207710266
14244,2.3019182682037354,-0.6100468635559082
14245,2.048008918762207,-0.6189273595809937
14246,2.1393418312072754,-0.6260330677032471
14247,2.1442766189575195,-0.6277918815612793
14248,2.1096324920654297,-0.6089114546775818
14249,2.1089158058166504,-0.6234517097473145
14250,2.52675199508667,-0.6476123929023743
14251,2.2695717811584473,-0.6590282320976257
14252,2.463559627532959,-0.638120710849762
14253,2.2288594245910645,-0.5950990915298462
14254,2.236375570297241,-0.6395463943481445
14255,2.627206802368164,-0.6691826581954956
14256,2.4406991004943848,-0.6898223757743835
14257,2.6351046562194824,-0.6125384569168091
14258,2.259467601776123,-0.564047634601593
14259,2.1705989837646484,-0.539580225944519
14260,2.2850866317749023,-0.6246559023857117
14261,2.351361036300659,-0.6480209231376648
14262,2.241363763809204,-0.6510816216468811
14263,2.3991494178771973,-0.6235193014144897
14264,2.436453104019165,-0.5952358841896057
14265,2.1995253562927246,-0.49376988410949707
14266,2.3110196590423584,-0.5645900964736938
14267,2.481419086456299,-0.6024330258369446
14268,2.2858548164367676,-0.6749751567840576
14269,2.230161666870117,-0.6038373708724976
14270,2.2852039337158203,-0.5772949457168579
14271,2.4161911010742188,-0.662250816822052
14272,2.010695219039917,-0.5749369263648987
14273,2.535902976989746,-0.6478870511054993
14274,2.3631556034088135,-0.6276116371154785
14275,2.09674072265625,-0.5937236547470093
14276,2.4100852012634277,-0.678346574306488
14277,2.304537773132324,-0.5919509530067444
14278,2.7042441368103027,-0.6840546131134033
14279,2.1349377632141113,-0.6099648475646973
14280,2.1301493644714355,-0.6284006237983704
14281,2.427377223968506,-0.5146873593330383
14282,2.411241054534912,-0.6517581343650818
14283,2.5340664386749268,-0.7032637596130371
14284,2.7091832160949707,-0.7051111459732056
14285,2.516007661819458,-0.628354549407959
14286,2.3081984519958496,-0.5469411611557007
14287,2.237205982208252,-0.61669921875
14288,2.3249456882476807,-0.5850479006767273
14289,2.37870717048645,-0.7131311893463135
14290,2.3978447914123535,-0.7309949398040771
14291,2.3977749347686768,-0.5835006237030029
14292,2.6943202018737793,-0.5930575132369995
14293,2.250835418701172,-0.5382625460624695
14294,2.5010528564453125,-0.6515615582466125
14295,2.285550594329834,-0.6147813200950623
14296,2.250366449356079,-0.6351161003112793
14297,2.4325993061065674,-0.58626788854599
14298,2.7876391410827637,-0.6244735717773438
14299,2.2267417907714844,-0.558005690574646
14300,2.368006706237793,-0.6132526993751526
14301,1.9608514308929443,-0.5787146687507629
14302,2.3448362350463867,-0.6657264232635498
14303,2.522958993911743,-0.6773619055747986
14304,2.2466440200805664,-0.570178747177124
14305,2.415280342102051,-0.6351358294487
14306,2.6353578567504883,-0.5723320245742798
14307,2.352743625640869,-0.6009321808815002
14308,2.151577949523926,-0.5403218865394592
14309,2.464859962463379,-0.6148350238800049
14310,2.395876884460449,-0.6348677277565002
14311,2.646838665008545,-0.6671761274337769
14312,2.4220082759857178,-0.5439702868461609
14313,2.4261271953582764,-0.5236387848854065
14314,2.3461194038391113,-0.6711751818656921
14315,2.2785351276397705,-0.5857337117195129
14316,3.1354260444641113,-0.6920955181121826
14317,2.282362461090088,-0.6515498161315918
14318,2.011420488357544,-0.613847553730011
14319,2.2819695472717285,-0.5750988721847534
14320,2.4178247451782227,-0.5234466791152954
14321,2.339621067047119,-0.6879452466964722
14322,2.526655673980713,-0.656247615814209
14323,2.4940695762634277,-0.6265501976013184
14324,2.477872133255005,-0.6197176575660706
14325,2.4579126834869385,-0.5993101000785828
14326,2.3920202255249023,-0.681205153465271
14327,1.9432346820831299,-0.6239298582077026
14328,2.6904525756835938,-0.684497594833374
14329,2.1349239349365234,-0.6524508595466614
14330,2.6115379333496094,-0.6036973595619202
14331,2.44710636138916,-0.5646217465400696
14332,2.2104806900024414,-0.6398937702178955
14333,2.556652069091797,-0.6324796676635742
14334,2.520618438720703,-0.638084888458252
14335,2.263849973678589,-0.5715023279190063
14336,2.223335027694702,-0.5740950107574463
14337,2.46855092048645,-0.6831961274147034
14338,2.379237174987793,-0.6025516986846924
14339,2.3108742237091064,-0.5955257415771484
14340,2.2041709423065186,-0.5810561180114746
14341,2.237823009490967,-0.6136381030082703
14342,2.612304210662842,-0.6083490252494812
14343,2.650857925415039,-0.675305187702179
14344,2.6054606437683105,-0.5535200834274292
14345,2.563075065612793,-0.6840043663978577
14346,2.3151516914367676,-0.5612441301345825
14347,2.4005699157714844,-0.5785448551177979
14348,2.3316049575805664,-0.6190268993377686
14349,2.2138774394989014,-0.6426405310630798
14350,2.3117666244506836,-0.6085854172706604
14351,2.680114269256592,-0.6643215417861938
14352,2.413835287094116,-0.669353187084198
14353,2.6131691932678223,-0.6318027377128601
14354,2.3244099617004395,-0.7314234972000122
14355,2.3807997703552246,-0.6366152167320251
14356,2.3217053413391113,-0.6833811402320862
14357,2.106961250305176,-0.5395433306694031
14358,2.3750972747802734,-0.5955342054367065
14359,2.6728897094726562,-0.6441223621368408
14360,2.7272448539733887,-0.6873338222503662
14361,2.4899041652679443,-0.605746865272522
14362,2.421020984649658,-0.5981053709983826
14363,2.185854196548462,-0.6428257822990417
14364,2.5212349891662598,-0.6556569933891296
14365,2.6121320724487305,-0.6742169857025146
14366,2.53759765625,-0.6718113422393799
14367,2.3546249866485596,-0.6768668293952942
14368,2.1164193153381348,-0.5998151302337646
14369,2.335895538330078,-0.6338534951210022
14370,2.219916343688965,-0.5882904529571533
14371,2.138667583465576,-0.7034527063369751
14372,2.318638801574707,-0.5518587231636047
14373,2.49766206741333,-0.6080217361450195
14374,2.729172706604004,-0.5798149108886719
14375,2.2724974155426025,-0.5753397941589355
14376,2.2231688499450684,-0.6625105142593384
14377,2.9325993061065674,-0.6732537746429443
14378,2.5270543098449707,-0.708621621131897
14379,2.1168935298919678,-0.6291003227233887
14380,2.4390811920166016,-0.6351836919784546
14381,2.460063934326172,-0.6142285466194153
14382,2.506877899169922,-0.6229444146156311
14383,2.4746031761169434,-0.5892643928527832
14384,2.2202987670898438,-0.6167018413543701
14385,2.130615234375,-0.6179599761962891
14386,2.347119092941284,-0.5881195664405823
14387,2.5780444145202637,-0.6600298881530762
14388,2.3862738609313965,-0.6639000177383423
14389,2.1823384761810303,-0.5848766565322876
14390,2.524658679962158,-0.5805872082710266
14391,2.3773086071014404,-0.6020744442939758
14392,2.6019411087036133,-0.6172301173210144
14393,2.200064182281494,-0.5987359881401062
14394,2.7797765731811523,-0.596449613571167
14395,2.408127546310425,-0.6155290007591248
14396,2.579049587249756,-0.6450145840644836
14397,2.5436134338378906,-0.6584174633026123
14398,2.5328612327575684,-0.5988389253616333
14399,2.7258293628692627,-0.6959343552589417
14400,2.578502655029297,-0.6841000318527222
14401,2.4977593421936035,-0.6327042579650879
14402,2.33974552154541,-0.5798853039741516
14403,2.2248644828796387,-0.556303858757019
14404,2.4200668334960938,-0.5429592728614807
14405,2.449306011199951,-0.5363253951072693
14406,2.351602792739868,-0.6473658680915833
14407,2.6224875450134277,-0.7073037624359131
14408,2.566861152648926,-0.5946146249771118
14409,2.944427251815796,-0.6240764856338501
14410,2.356628894805908,-0.6038892865180969
14411,2.2948737144470215,-0.6094837188720703
14412,2.360529899597168,-0.6136110424995422
14413,2.161303997039795,-0.5656952857971191
14414,2.531538486480713,-0.5851537585258484
14415,2.222316265106201,-0.5810980796813965
14416,2.4974207878112793,-0.619620144367218
14417,2.0653276443481445,-0.6330397129058838
14418,2.239198923110962,-0.5786777138710022
14419,2.3525443077087402,-0.5787034630775452
14420,2.500138759613037,-0.6089850068092346
14421,2.4168953895568848,-0.6317738890647888
14422,2.2607715129852295,-0.5536566972732544
14423,2.32206654548645,-0.6288406252861023
14424,2.380518913269043,-0.561561644077301
14425,2.4093551635742188,-0.635215699672699
14426,2.3055145740509033,-0.6030449271202087
14427,2.387554168701172,-0.6317999362945557
14428,2.3649802207946777,-0.665452241897583
14429,2.3618626594543457,-0.5753128528594971
14430,2.121938705444336,-0.5746228098869324
14431,2.623143196105957,-0.5669248700141907
14432,2.209733724594116,-0.6048843860626221
14433,2.4458837509155273,-0.5698063969612122
14434,2.4359145164489746,-0.669677197933197
14435,2.2216053009033203,-0.6270332932472229
14436,2.525768280029297,-0.5531246066093445
14437,2.460160732269287,-0.6118193864822388
14438,2.7287724018096924,-0.6514663100242615
14439,2.2668423652648926,-0.5739284157752991
14440,2.4195265769958496,-0.6402388215065002
14441,2.5138680934906006,-0.581393837928772
14442,2.70400333404541,-0.6239700317382812
14443,2.312164545059204,-0.6313123106956482
14444,2.573720932006836,-0.7340368628501892
14445,2.626953601837158,-0.6337559223175049
14446,2.365626811981201,-0.6083753705024719
14447,2.258005380630493,-0.6522315740585327
14448,2.2593276500701904,-0.613700270652771
14449,2.272526741027832,-0.6350652575492859
14450,2.199209451675415,-0.5414267182350159
14451,2.3599486351013184,-0.5947021245956421
14452,2.8967928886413574,-0.6597893238067627
14453,2.177487850189209,-0.6440591216087341
14454,2.177701950073242,-0.6220992803573608
14455,2.358229160308838,-0.6291875243186951
14456,2.3530755043029785,-0.579152524471283
14457,2.4902758598327637,-0.6719127893447876
14458,2.443552017211914,-0.6395357251167297
14459,2.180783271789551,-0.5437795519828796
14460,2.2462759017944336,-0.5636727213859558
14461,2.4768617153167725,-0.5954518914222717
14462,2.329230308532715,-0.6547489166259766
14463,2.144310474395752,-0.5773716568946838
14464,2.0828914642333984,-0.646547794342041
14465,2.7154550552368164,-0.6897081136703491
14466,2.1475777626037598,-0.6329914331436157
14467,2.249284267425537,-0.6709038019180298
14468,2.185681104660034,-0.5886018872261047
14469,2.3673839569091797,-0.6780798435211182
14470,2.0110628604888916,-0.5610262155532837
14471,2.610154628753662,-0.6475031971931458
14472,2.396763324737549,-0.6283518075942993
14473,2.0788676738739014,-0.6433765292167664
14474,2.841355323791504,-0.6386123895645142
14475,2.574442148208618,-0.5555148124694824
14476,2.470177173614502,-0.677137017250061
14477,2.663428783416748,-0.625744640827179
14478,2.606964588165283,-0.6321192383766174
14479,2.4975719451904297,-0.6774687767028809
14480,2.0679378509521484,-0.6511439681053162
14481,2.1299593448638916,-0.5797682404518127
14482,2.2487010955810547,-0.6318191289901733
14483,2.2406699657440186,-0.6614428758621216
14484,2.351588010787964,-0.6082829236984253
14485,2.3769941329956055,-0.5555948615074158
14486,2.280975341796875,-0.6405083537101746
14487,2.403151273727417,-0.5695234537124634
14488,2.550006866455078,-0.6217002272605896
14489,2.328843116760254,-0.6084603071212769
14490,2.264068603515625,-0.6877762675285339
14491,2.1631860733032227,-0.5897765159606934
14492,2.411585807800293,-0.5445669293403625
14493,2.3087406158447266,-0.5966734886169434
14494,2.5209572315216064,-0.6175346374511719
14495,2.4877705574035645,-0.6895375847816467
14496,2.5176892280578613,-0.6978923678398132
14497,2.432072877883911,-0.6811290979385376
14498,2.133106231689453,-0.5519249439239502
14499,2.3855271339416504,-0.566301167011261
14500,2.408592700958252,-0.6626936197280884
14501,2.2600903511047363,-0.5951591730117798
14502,2.7028260231018066,-0.5813103914260864
14503,2.1753504276275635,-0.6161056756973267
14504,2.6680054664611816,-0.5710489153862
14505,2.428657054901123,-0.6744202375411987
14506,2.9100122451782227,-0.5644716024398804
14507,2.216085910797119,-0.6553491353988647
14508,2.081787109375,-0.6480021476745605
14509,2.2848315238952637,-0.655662477016449
14510,2.4520087242126465,-0.5231636166572571
14511,2.376908302307129,-0.5922398567199707
14512,2.3261733055114746,-0.5796087384223938
14513,2.214554786682129,-0.6047646403312683
14514,2.1850099563598633,-0.5935956239700317
14515,2.8706789016723633,-0.553487241268158
14516,2.2589457035064697,-0.6226414442062378
14517,2.28830885887146,-0.5617527961730957
14518,2.737642526626587,-0.690234363079071
14519,2.164808750152588,-0.5936117768287659
14520,2.5585832595825195,-0.5627639293670654
14521,2.204073905944824,-0.6352463960647583
14522,2.289254665374756,-0.6715213060379028
14523,2.439420223236084,-0.6920375823974609
14524,2.619231700897217,-0.5973407626152039
14525,2.7708473205566406,-0.5887153148651123
14526,2.4454023838043213,-0.6280191540718079
14527,2.4927077293395996,-0.6120423674583435
14528,2.2685976028442383,-0.6041958332061768
14529,2.3382184505462646,-0.5127972364425659
14530,2.4226672649383545,-0.5335030555725098
14531,2.472034454345703,-0.6681739687919617
14532,2.2982606887817383,-0.6393523216247559
14533,2.5217666625976562,-0.6013060212135315
14534,2.5278053283691406,-0.6008049249649048
14535,2.278639316558838,-0.6657313704490662
14536,2.3900997638702393,-0.6460157632827759
14537,2.299863815307617,-0.6272996068000793
14538,2.1255459785461426,-0.6291537284851074
14539,2.3608758449554443,-0.5896607041358948
14540,2.419405937194824,-0.5776126980781555
14541,2.5696611404418945,-0.6203759908676147
14542,2.198052406311035,-0.6456485986709595
14543,2.3566837310791016,-0.7209173440933228
14544,2.3316855430603027,-0.6385090351104736
14545,2.69842529296875,-0.636451005935669
14546,2.153390407562256,-0.5437243580818176
14547,2.4015045166015625,-0.6969445943832397
14548,2.6717023849487305,-0.6727327704429626
14549,2.306947708129883,-0.5684220790863037
14550,2.6015443801879883,-0.636635422706604
14551,2.355504035949707,-0.6240057349205017
14552,2.0465686321258545,-0.6006194353103638
14553,2.218092441558838,-0.5683960914611816
14554,2.6810858249664307,-0.6844662427902222
14555,2.202901840209961,-0.658164918422699
14556,2.4426889419555664,-0.6497284173965454
14557,2.3303356170654297,-0.6290193200111389
14558,2.4181101322174072,-0.6418993473052979
14559,2.3787126541137695,-0.6045107245445251
14560,2.7205095291137695,-0.6636815071105957
14561,2.0732665061950684,-0.606227695941925
14562,2.286496639251709,-0.5328929424285889
14563,2.3548407554626465,-0.6566493511199951
14564,2.3509154319763184,-0.5644256472587585
14565,2.1218762397766113,-0.6409843564033508
14566,2.134438991546631,-0.6771861910820007
14567,2.373945713043213,-0.6445331573486328
14568,2.3215694427490234,-0.7432377338409424
14569,2.3858847618103027,-0.621971607208252
14570,2.114652633666992,-0.5600222945213318
14571,2.08815860748291,-0.5653928518295288
14572,2.09363055229187,-0.5028336048126221
14573,2.2269344329833984,-0.6048529148101807
14574,2.421168804168701,-0.6209047436714172
14575,2.182328224182129,-0.6684141755104065
14576,2.424781322479248,-0.6166219115257263
14577,2.2709574699401855,-0.5420632362365723
14578,2.1417183876037598,-0.5717384815216064
14579,2.492205858230591,-0.5324645042419434
14580,2.537217617034912,-0.6320451498031616
14581,2.2250356674194336,-0.5811917185783386
14582,2.675314426422119,-0.63429194688797
14583,2.43928861618042,-0.6210600137710571
14584,2.4979257583618164,-0.572819173336029
14585,2.7003488540649414,-0.5443741083145142
14586,2.4812827110290527,-0.5941280722618103
14587,2.2458627223968506,-0.5941891670227051
14588,2.495244026184082,-0.6080033183097839
14589,2.524322509765625,-0.623119592666626
14590,2.3755390644073486,-0.5095778703689575
14591,2.7111752033233643,-0.6323750019073486
14592,2.49112606048584,-0.6631855964660645
14593,2.356834888458252,-0.6714500188827515
14594,2.2050867080688477,-0.542930543422699
14595,2.103999137878418,-0.6165634393692017
14596,2.994553327560425,-0.6708720326423645
14597,2.059556484222412,-0.6174335479736328
14598,2.3036386966705322,-0.5896759033203125
14599,2.5928473472595215,-0.6283167600631714
14600,2.5320563316345215,-0.6438333988189697
14601,1.9848713874816895,-0.6005665063858032
14602,2.197842597961426,-0.6532161235809326
14603,2.670985698699951,-0.6537710428237915
14604,2.3950817584991455,-0.6035230159759521
14605,2.150628089904785,-0.6195112466812134
14606,2.312021255493164,-0.6134331822395325
14607,2.2503976821899414,-0.5918430685997009
14608,2.563730239868164,-0.6212815046310425
14609,2.3066108226776123,-0.5933059453964233
14610,2.0214388370513916,-0.606181800365448
14611,2.619016170501709,-0.6126486659049988
14612,2.1296091079711914,-0.5706572532653809
14613,2.4621853828430176,-0.6767505407333374
14614,2.2794017791748047,-0.7112745642662048
14615,2.494537353515625,-0.5382697582244873
14616,3.287013530731201,-0.6206851005554199
14617,2.638289451599121,-0.5272799730300903
14618,2.8922767639160156,-0.6034965515136719
14619,2.9971535205841064,-0.6052947044372559
14620,2.2229225635528564,-0.5678525567054749
14621,2.7620668411254883,-0.7379392981529236
14622,2.46658992767334,-0.5838587284088135
14623,2.329026222229004,-0.6550734043121338
14624,2.6544687747955322,-0.6785327792167664
14625,2.0315394401550293,-0.6291658282279968
14626,2.499210834503174,-0.6708197593688965
14627,2.251997232437134,-0.6082208752632141
14628,2.3848836421966553,-0.6258609294891357
14629,2.4176478385925293,-0.6154717206954956
14630,2.1509647369384766,-0.5975193977355957
14631,2.5277953147888184,-0.5595009326934814
14632,2.5658228397369385,-0.707048773765564
14633,2.1848835945129395,-0.6623304486274719
14634,2.0040860176086426,-0.6235095858573914
14635,2.4579052925109863,-0.6559036374092102
14636,2.2902050018310547,-0.5800066590309143
14637,2.271392345428467,-0.6139479875564575
14638,2.2782909870147705,-0.635434627532959
14639,2.361539840698242,-0.7136935591697693
14640,1.7879114151000977,-0.6046306490898132
14641,2.203267812728882,-0.5746808648109436
14642,2.155444383621216,-0.549471914768219
14643,2.5269291400909424,-0.6585882306098938
14644,2.308727502822876,-0.6492450833320618
14645,2.2714295387268066,-0.5958278179168701
14646,2.4393310546875,-0.6024952530860901
14647,2.3507237434387207,-0.6071287393569946
14648,2.485105037689209,-0.6852781772613525
14649,2.4216389656066895,-0.6601670980453491
14650,2.581117868423462,-0.6936370730400085
14651,2.446042537689209,-0.6477141380310059
14652,2.5267562866210938,-0.5643767714500427
14653,2.4207348823547363,-0.6207798719406128
14654,2.1700868606567383,-0.6224179267883301
14655,2.7143993377685547,-0.6633256673812866
14656,2.2726216316223145,-0.6610948443412781
14657,2.303689956665039,-0.6278669834136963
14658,1.9340894222259521,-0.5677063465118408
14659,2.2024073600769043,-0.5789451599121094
14660,2.1194841861724854,-0.5712635517120361
14661,2.4759624004364014,-0.5650266408920288
14662,2.448622465133667,-0.6866384148597717
14663,2.7981648445129395,-0.6466260552406311
14664,2.1950719356536865,-0.5681895613670349
14665,2.540605068206787,-0.5465310215950012
14666,2.1025705337524414,-0.5964787006378174
14667,2.298189163208008,-0.597307026386261
14668,2.437042713165283,-0.5709089636802673
14669,2.6891865730285645,-0.722644031047821
14670,2.3063552379608154,-0.5601223707199097
14671,2.50994873046875,-0.612224817276001
14672,2.2044639587402344,-0.640425443649292
14673,2.5416946411132812,-0.591906726360321
14674,2.373786687850952,-0.5692710876464844
14675,2.1721081733703613,-0.573005735874176
14676,2.135759115219116,-0.5918763875961304
14677,2.6805107593536377,-0.6231651306152344
14678,2.174654483795166,-0.6003786325454712
14679,2.344404697418213,-0.6510434150695801
14680,2.252103805541992,-0.6713725328445435
14681,2.324878215789795,-0.6062431931495667
14682,2.4572317600250244,-0.5792496204376221
14683,2.5383729934692383,-0.6119121313095093
14684,2.737069606781006,-0.5793975591659546
14685,2.3283238410949707,-0.6157131195068359
14686,2.538997173309326,-0.6486338973045349
14687,2.216376781463623,-0.5738314986228943
14688,1.9208828210830688,-0.5789838433265686
14689,2.395321846008301,-0.5733190178871155
14690,1.9514954090118408,-0.6109704375267029
14691,2.4739584922790527,-0.6235811114311218
14692,2.857405662536621,-0.6933455467224121
14693,2.7098350524902344,-0.617181122303009
14694,2.1002554893493652,-0.5889326333999634
14695,2.4415903091430664,-0.6537244915962219
14696,2.306749105453491,-0.6068166494369507
14697,2.3544418811798096,-0.7532706260681152
14698,2.390979766845703,-0.6139920353889465
14699,2.355320930480957,-0.5836491584777832
14700,2.3949122428894043,-0.6318427920341492
14701,2.527355909347534,-0.6003117561340332
14702,2.469252586364746,-0.5852095484733582
14703,2.4347567558288574,-0.6473987698554993
14704,2.4944303035736084,-0.641829252243042
14705,2.5302155017852783,-0.6462005376815796
14706,2.6858835220336914,-0.5706639289855957
14707,2.2842674255371094,-0.5451789498329163
14708,2.8846936225891113,-0.6428718566894531
14709,2.3820266723632812,-0.6801071763038635
14710,2.197324275970459,-0.6085638999938965
14711,2.709944248199463,-0.6701720952987671
14712,2.7182655334472656,-0.6189044713973999
14713,2.9459924697875977,-0.6296127438545227
14714,2.4425206184387207,-0.6482523083686829
14715,2.4359073638916016,-0.6430251598358154
14716,2.211458683013916,-0.6401214003562927
14717,2.35715389251709,-0.6787015795707703
14718,2.563081979751587,-0.6133102774620056
14719,2.2304039001464844,-0.5880544781684875
14720,2.6313695907592773,-0.572731614112854
14721,2.0504863262176514,-0.5988865494728088
14722,2.5482802391052246,-0.7021727561950684
14723,2.076341152191162,-0.6351832747459412
14724,2.275212287902832,-0.6980843544006348
14725,2.701779365539551,-0.5851705074310303
14726,2.245903968811035,-0.6066417694091797
14727,2.2080111503601074,-0.5618727207183838
14728,2.2923831939697266,-0.5864483118057251
14729,2.279846429824829,-0.682651698589325
14730,2.239903450012207,-0.5667571425437927
14731,2.6684041023254395,-0.5918540358543396
14732,2.223463773727417,-0.515654444694519
14733,2.6181130409240723,-0.6165724992752075
14734,2.623795986175537,-0.6918339729309082
14735,2.543354034423828,-0.608208179473877
14736,2.313142776489258,-0.6032143831253052
14737,2.4939303398132324,-0.5769851207733154
14738,2.3991992473602295,-0.5381883382797241
14739,2.721858501434326,-0.6885259747505188
14740,2.6846818923950195,-0.6292008757591248
14741,2.2223377227783203,-0.6351809501647949
14742,2.324212074279785,-0.6711968779563904
14743,2.4956517219543457,-0.5915485620498657
14744,2.1981849670410156,-0.5871418118476868
14745,2.1300253868103027,-0.5851342678070068
14746,2.9138832092285156,-0.5952411890029907
14747,2.1869051456451416,-0.6647851467132568
14748,3.0936179161071777,-0.6582927107810974
14749,2.40907883644104,-0.5653991103172302
14750,2.348633289337158,-0.5855409502983093
14751,2.567781448364258,-0.5595123171806335
14752,1.9668151140213013,-0.5291286706924438
14753,2.1625094413757324,-0.6266537308692932
14754,2.33396577835083,-0.599134624004364
14755,2.4422285556793213,-0.6705546379089355
14756,2.0761547088623047,-0.5087313055992126
14757,2.383760452270508,-0.6199992299079895
14758,2.3419840335845947,-0.5646051168441772
14759,2.2785849571228027,-0.6099547743797302
14760,2.2214953899383545,-0.5965450406074524
14761,2.440014600753784,-0.5730595588684082
14762,2.3825883865356445,-0.5668326020240784
14763,2.2964820861816406,-0.6546658277511597
14764,1.9179461002349854,-0.6062889695167542
14765,2.671077013015747,-0.6180323958396912
14766,2.3741159439086914,-0.6150651574134827
14767,2.2094414234161377,-0.6456135511398315
14768,2.340944766998291,-0.6165614128112793
14769,2.2318742275238037,-0.6654856204986572
14770,2.3439955711364746,-0.6171787977218628
14771,2.112262010574341,-0.5634036064147949
14772,2.160182476043701,-0.6078439354896545
14773,2.348741054534912,-0.6289546489715576
14774,2.3729755878448486,-0.5978079438209534
14775,2.115279197692871,-0.6322280168533325
14776,2.2113382816314697,-0.5836490988731384
14777,2.409982919692993,-0.5404601693153381
14778,2.2920069694519043,-0.5933395624160767
14779,2.0225820541381836,-0.571321427822113
14780,2.3676869869232178,-0.5811042189598083
14781,2.014570474624634,-0.6154766082763672
14782,2.435683250427246,-0.681194007396698
14783,2.564110279083252,-0.6514445543289185
14784,2.167603015899658,-0.54007887840271
14785,2.314573287963867,-0.6182734966278076
14786,2.3942646980285645,-0.6494285464286804
14787,2.778287172317505,-0.5499148964881897
14788,2.7509517669677734,-0.5707665085792542
14789,2.454836368560791,-0.6797133088111877
14790,2.3192145824432373,-0.5991901159286499
14791,2.328190326690674,-0.6173064112663269
14792,2.080617666244507,-0.6396386027336121
14793,2.1915879249572754,-0.6244480013847351
14794,2.402496337890625,-0.6396636366844177
14795,2.5714004039764404,-0.6339572072029114
14796,1.9987497329711914,-0.5878538489341736
14797,2.213768482208252,-0.6143608689308167
14798,2.734138011932373,-0.6242287158966064
14799,2.4402217864990234,-0.7389010787010193
14800,2.290372133255005,-0.6009989380836487
14801,2.493558883666992,-0.6228325366973877
14802,2.589956760406494,-0.655472993850708
14803,2.220370292663574,-0.5779959559440613
14804,2.3325443267822266,-0.6655521392822266
14805,2.2128231525421143,-0.5952494740486145
14806,2.288464069366455,-0.6967031359672546
14807,2.332026243209839,-0.6269463300704956
14808,2.698371648788452,-0.6398051381111145
14809,2.2130637168884277,-0.6209220290184021
14810,2.3134584426879883,-0.6116467714309692
14811,2.509159564971924,-0.633280873298645
14812,2.320580005645752,-0.6682248115539551
14813,2.2065629959106445,-0.6813541650772095
14814,2.175778865814209,-0.5713614225387573
14815,2.528073310852051,-0.5797691941261292
14816,2.250783920288086,-0.5896924734115601
14817,2.6335883140563965,-0.666648805141449
14818,2.2175025939941406,-0.6894411444664001
14819,2.152769088745117,-0.6623598337173462
14820,2.7224485874176025,-0.6824769377708435
14821,2.875401020050049,-0.6550924777984619
14822,2.612070083618164,-0.557895302772522
14823,2.6340222358703613,-0.6362993717193604
14824,2.536407947540283,-0.665541410446167
14825,2.5797243118286133,-0.7210847735404968
14826,2.4015960693359375,-0.6537402272224426
14827,2.7537267208099365,-0.5754647850990295
14828,2.7909421920776367,-0.6336708664894104
14829,2.5911948680877686,-0.5490227937698364
14830,2.550147771835327,-0.574835479259491
14831,2.404717445373535,-0.6673294305801392
14832,2.2483346462249756,-0.678345263004303
14833,2.257089138031006,-0.6056615114212036
14834,2.2667784690856934,-0.6345677375793457
14835,2.736957550048828,-0.6793007850646973
14836,2.206408739089966,-0.6288135051727295
14837,2.390021324157715,-0.5470389127731323
14838,2.456869602203369,-0.6031032800674438
14839,2.4405131340026855,-0.607841432094574
14840,2.4955804347991943,-0.5708220601081848
14841,2.590195417404175,-0.6023121476173401
14842,2.503321647644043,-0.589547336101532
14843,2.52742862701416,-0.5979967713356018
14844,2.317657947540283,-0.6285656094551086
14845,2.5527944564819336,-0.6555647850036621
14846,2.585078716278076,-0.6074270009994507
14847,2.315068006515503,-0.6198933124542236
14848,2.661780834197998,-0.6084158420562744
14849,2.6479432582855225,-0.5919487476348877
14850,2.451995849609375,-0.6295869946479797
14851,2.4123339653015137,-0.6510143280029297
14852,2.1851906776428223,-0.6331824660301208
14853,2.3363215923309326,-0.7287722826004028
14854,2.2959818840026855,-0.592325747013092
14855,2.427842378616333,-0.6214435696601868
14856,2.5223546028137207,-0.6040830016136169
14857,2.329763650894165,-0.6496743559837341
14858,1.9788880348205566,-0.5956483483314514
14859,2.093661308288574,-0.6105249524116516
14860,2.114039897918701,-0.5943192839622498
14861,2.2114529609680176,-0.6380738019943237
14862,2.162625312805176,-0.5636796355247498
14863,2.138756036758423,-0.6105471253395081
14864,2.5351033210754395,-0.6221200823783875
14865,2.3351387977600098,-0.6638320684432983
14866,2.4084885120391846,-0.6228970885276794
14867,2.5218210220336914,-0.6171270608901978
14868,2.2259316444396973,-0.5374202132225037
14869,2.572458267211914,-0.529065728187561
14870,2.521848678588867,-0.6130846738815308
14871,2.594527006149292,-0.7023263573646545
14872,2.3840625286102295,-0.7003204226493835
14873,2.2745494842529297,-0.545320987701416
14874,2.6212358474731445,-0.6267802119255066
14875,2.4126250743865967,-0.5766663551330566
14876,2.305034875869751,-0.5986675024032593
14877,2.1404333114624023,-0.6210492849349976
14878,2.1793947219848633,-0.5263180732727051
14879,2.549253463745117,-0.6474592089653015
14880,1.958765983581543,-0.617046594619751
14881,2.280073642730713,-0.7169701457023621
14882,2.0648818016052246,-0.561787486076355
14883,2.181577682495117,-0.6409977674484253
14884,2.218341827392578,-0.6295970678329468
14885,2.82675838470459,-0.6231420040130615
14886,2.2609596252441406,-0.5451101660728455
14887,2.7208003997802734,-0.6185015439987183
14888,2.4250612258911133,-0.6714985370635986
14889,2.646634578704834,-0.5431330800056458
14890,2.1039252281188965,-0.5856616497039795
14891,2.199697494506836,-0.644229531288147
14892,2.307935953140259,-0.5923654437065125
14893,1.9131287336349487,-0.5952611565589905
14894,2.6129512786865234,-0.6568979620933533
14895,2.6286537647247314,-0.6739851236343384
14896,2.2761802673339844,-0.6125575304031372
14897,2.446157455444336,-0.6638193726539612
14898,2.7025253772735596,-0.678834080696106
14899,2.151425838470459,-0.5956664681434631
14900,2.2921295166015625,-0.5672065615653992
14901,2.3040051460266113,-0.6663622260093689
14902,2.3211851119995117,-0.5643059015274048
14903,2.3604135513305664,-0.5777818560600281
14904,2.302950859069824,-0.6472254991531372
14905,2.4081671237945557,-0.6269376277923584
14906,2.1403231620788574,-0.6565020680427551
14907,2.0331430435180664,-0.6026877164840698
14908,2.4412996768951416,-0.5784615278244019
14909,2.691594362258911,-0.597612738609314
14910,2.410719871520996,-0.6300951242446899
14911,2.356180429458618,-0.6147943139076233
14912,2.132422924041748,-0.6379544734954834
14913,2.6769518852233887,-0.5859414935112
14914,2.3835196495056152,-0.6286262273788452
14915,2.3707268238067627,-0.6444959044456482
14916,2.3621792793273926,-0.6017845273017883
14917,2.1749699115753174,-0.5786163806915283
14918,2.5879039764404297,-0.6119284629821777
14919,2.642177104949951,-0.6520387530326843
14920,2.355593681335449,-0.6908865571022034
14921,2.304422378540039,-0.6054883003234863
14922,2.4670143127441406,-0.700721263885498
14923,2.1773388385772705,-0.5698134899139404
14924,2.2896790504455566,-0.5814179182052612
14925,2.4862313270568848,-0.583219051361084
14926,2.9613728523254395,-0.6342087388038635
14927,2.4137346744537354,-0.6267539262771606
14928,2.386241912841797,-0.6504389047622681
14929,2.0979740619659424,-0.5689038634300232
14930,2.5564026832580566,-0.5766580104827881
14931,2.39532470703125,-0.7097604274749756
14932,2.542711019515991,-0.6408277153968811
14933,2.550079107284546,-0.6122556924819946
14934,2.57340669631958,-0.6157453656196594
14935,2.171449899673462,-0.5842207074165344
14936,3.0716826915740967,-0.6285128593444824
14937,2.420750379562378,-0.688213050365448
14938,2.106816053390503,-0.6717091202735901
14939,2.560411214828491,-0.6247859597206116
14940,2.9175405502319336,-0.6316962242126465
14941,2.5983076095581055,-0.6603027582168579
14942,2.1693732738494873,-0.5866992473602295
14943,2.099123954772949,-0.6458936929702759
14944,2.341600179672241,-0.643995463848114
14945,2.315349817276001,-0.563850462436676
14946,2.2333755493164062,-0.5941338539123535
14947,2.2418277263641357,-0.5655744075775146
14948,1.9744551181793213,-0.5482006669044495
14949,2.5542397499084473,-0.6052148938179016
14950,2.50347900390625,-0.6388112306594849
14951,2.278350353240967,-0.6018857359886169
14952,2.14695405960083,-0.6078183650970459
14953,2.424788236618042,-0.6688173413276672
14954,2.4539527893066406,-0.6176702976226807
14955,2.2633109092712402,-0.5914784073829651
14956,2.3586084842681885,-0.6254890561103821
14957,2.167438507080078,-0.5735809206962585
14958,2.4940781593322754,-0.6211593747138977
14959,2.177107334136963,-0.5925583839416504
14960,2.256101131439209,-0.5716757774353027
14961,2.3294506072998047,-0.5849277973175049
14962,2.2336666584014893,-0.5933645963668823
14963,2.5107712745666504,-0.5881854891777039
14964,2.5589630603790283,-0.5632660388946533
14965,2.635329246520996,-0.6214169859886169
14966,2.4982056617736816,-0.610910177230835
14967,2.549919366836548,-0.5385637283325195
14968,2.0764412879943848,-0.6200905442237854
14969,2.1083359718322754,-0.5782337188720703
14970,2.4975621700286865,-0.603579044342041
14971,2.307839870452881,-0.6444844007492065
14972,1.9848954677581787,-0.6267383694648743
14973,2.6255264282226562,-0.6355849504470825
14974,2.4160680770874023,-0.607683002948761
14975,2.7492434978485107,-0.7396565079689026
14976,2.251615285873413,-0.5603853464126587
14977,2.3596584796905518,-0.5548653602600098
14978,2.321173906326294,-0.5930457711219788
14979,2.1735153198242188,-0.5831668376922607
14980,2.4301233291625977,-0.6574186086654663
14981,2.3546860218048096,-0.6666278839111328
14982,2.133434772491455,-0.6073005199432373
14983,2.3841190338134766,-0.6129503846168518
14984,2.4290127754211426,-0.5705256462097168
14985,2.123715400695801,-0.6248628497123718
14986,2.0073728561401367,-0.5666834712028503
14987,2.195920944213867,-0.6634266376495361
14988,2.3489108085632324,-0.6253277063369751
14989,2.4720911979675293,-0.6074762940406799
14990,2.7269036769866943,-0.6282920241355896
14991,2.3937602043151855,-0.7047454118728638
14992,2.2213945388793945,-0.6568090319633484
14993,2.4983294010162354,-0.5881892442703247
14994,2.402979850769043,-0.6070801019668579
14995,2.037503242492676,-0.621677577495575
14996,2.1959946155548096,-0.5712404847145081
14997,2.5424959659576416,-0.5869755744934082
14998,2.287416934967041,-0.656923770904541
14999,2.0055696964263916,-0.5539377927780151
15000,2.539684772491455,-0.6269541382789612
15001,2.727710723876953,-0.6919419765472412
15002,2.42343807220459,-0.6373693943023682
15003,2.326568841934204,-0.6508364677429199
15004,2.3355159759521484,-0.6364489197731018
15005,2.1591033935546875,-0.5459867715835571
15006,2.45927357673645,-0.5992045402526855
15007,2.134768486022949,-0.6085519790649414
15008,2.2567057609558105,-0.5950574278831482
15009,2.214539051055908,-0.6151282787322998
15010,2.2178335189819336,-0.6457476615905762
15011,2.181039333343506,-0.5579283237457275
15012,2.727289915084839,-0.6407442688941956
15013,2.581099033355713,-0.6813457608222961
15014,2.30086088180542,-0.6677682399749756
15015,2.409790277481079,-0.5327249765396118
15016,2.435938596725464,-0.63548344373703
15017,2.189919948577881,-0.6157621145248413
15018,2.2211055755615234,-0.6213419437408447
15019,2.201139450073242,-0.5648988485336304
15020,2.120382308959961,-0.5691042542457581
15021,2.482496738433838,-0.5927081108093262
15022,2.273514747619629,-0.7045077681541443
15023,2.698631763458252,-0.634963870048523
15024,2.72213077545166,-0.6997920870780945
15025,2.3238048553466797,-0.5789753794670105
15026,2.491628646850586,-0.5923099517822266
15027,2.117133378982544,-0.5697583556175232
15028,2.314218282699585,-0.6738319396972656
15029,2.4903464317321777,-0.5549930334091187
15030,2.745547294616699,-0.5913189649581909
15031,2.646442413330078,-0.5719025731086731
15032,2.2044060230255127,-0.5867988467216492
15033,2.348992347717285,-0.5823380351066589
15034,2.063293695449829,-0.6186173558235168
15035,2.6073250770568848,-0.648764431476593
15036,2.130873918533325,-0.6338629126548767
15037,2.7588613033294678,-0.6027958393096924
15038,2.2191271781921387,-0.6464332342147827
15039,2.2575526237487793,-0.5745055079460144
15040,2.239307403564453,-0.5730280876159668
15041,2.8829383850097656,-0.6689080595970154
15042,1.9997305870056152,-0.6460882425308228
15043,2.2160725593566895,-0.6009533405303955
15044,2.606748580932617,-0.6184205412864685
15045,2.161466598510742,-0.6299833655357361
15046,2.6163411140441895,-0.6106300354003906
15047,2.362091064453125,-0.6441189646720886
15048,1.9024438858032227,-0.5506971478462219
15049,2.4176783561706543,-0.6258474588394165
15050,2.310342311859131,-0.550618052482605
15051,2.3230013847351074,-0.6307458281517029
15052,2.5988335609436035,-0.649208128452301
15053,2.368260383605957,-0.6289309859275818
15054,2.4520556926727295,-0.6810674071311951
15055,2.281975746154785,-0.722361147403717
15056,2.3613972663879395,-0.5921258330345154
15057,2.1495742797851562,-0.52931809425354
15058,2.175957202911377,-0.5974938869476318
15059,2.3607804775238037,-0.6404023766517639
15060,2.107511520385742,-0.6196610927581787
15061,2.4045989513397217,-0.6494576930999756
15062,2.2172141075134277,-0.6461015939712524
15063,2.4272408485412598,-0.6182572841644287
15064,2.393298864364624,-0.5515526533126831
15065,2.8444206714630127,-0.6460394859313965
15066,2.27119517326355,-0.5965166687965393
15067,2.5378499031066895,-0.6758530139923096
15068,2.3892059326171875,-0.6665835380554199
15069,2.2325844764709473,-0.639165997505188
15070,2.4778127670288086,-0.6042704582214355
15071,2.082169771194458,-0.6553317308425903
15072,2.7635905742645264,-0.5973411798477173
15073,2.347720146179199,-0.6204313635826111
15074,2.1734719276428223,-0.6750805377960205
15075,2.239816904067993,-0.5912533402442932
15076,2.432063579559326,-0.59653639793396
15077,2.760128974914551,-0.6026036739349365
15078,2.9524431228637695,-0.7037143707275391
15079,2.300598621368408,-0.6394797563552856
15080,2.4261813163757324,-0.6279964447021484
15081,2.771864891052246,-0.6000574231147766
15082,2.6796765327453613,-0.5996883511543274
15083,2.5175459384918213,-0.5549706816673279
15084,2.2581706047058105,-0.5249912738800049
15085,2.3239541053771973,-0.615577757358551
15086,2.3340237140655518,-0.6352351903915405
15087,2.3367958068847656,-0.6451067924499512
15088,2.3117544651031494,-0.6053125262260437
15089,2.286062479019165,-0.5990622043609619
15090,2.5999088287353516,-0.6098671555519104
15091,2.3566365242004395,-0.5998101234436035
15092,2.5585696697235107,-0.6045224666595459
15093,2.2373547554016113,-0.5928066968917847
15094,2.260585308074951,-0.6269086599349976
15095,2.365593910217285,-0.6770644187927246
15096,1.9413812160491943,-0.5907330513000488
15097,2.456610679626465,-0.6210525035858154
15098,2.679656505584717,-0.6567791700363159
15099,2.4790821075439453,-0.6129471659660339
15100,2.4415946006774902,-0.6363536715507507
15101,2.1957058906555176,-0.6089648008346558
15102,2.343514919281006,-0.6223960518836975
15103,2.1813902854919434,-0.6129699349403381
15104,2.5190532207489014,-0.6240831017494202
15105,2.3443989753723145,-0.6249294877052307
15106,2.2762882709503174,-0.6261857748031616
15107,2.283804178237915,-0.5605295300483704
15108,2.213747024536133,-0.6558398604393005
15109,2.1586098670959473,-0.6599670648574829
15110,2.474041223526001,-0.5970726609230042
15111,2.6839499473571777,-0.6031866669654846
15112,2.3626022338867188,-0.6330341100692749
15113,2.618544578552246,-0.7322509288787842
15114,2.337195873260498,-0.6047403216362
15115,2.323453903198242,-0.630218505859375
15116,2.2068698406219482,-0.5657619833946228
15117,2.347215175628662,-0.6017764806747437
15118,2.2603416442871094,-0.658641517162323
15119,2.295407295227051,-0.6314446926116943
15120,2.6630964279174805,-0.6722771525382996
15121,2.5664074420928955,-0.6241414546966553
15122,2.1556344032287598,-0.5665686726570129
15123,2.377717971801758,-0.5974946022033691
15124,2.1783385276794434,-0.5416781306266785
15125,2.6969404220581055,-0.6933773159980774
15126,2.4443860054016113,-0.6060088872909546
15127,2.8851065635681152,-0.6871137022972107
15128,2.740483522415161,-0.639793872833252
15129,2.6904001235961914,-0.5484438538551331
15130,2.6924593448638916,-0.5148738026618958
15131,2.1817662715911865,-0.608713686466217
15132,2.6593165397644043,-0.6890482306480408
15133,2.434385299682617,-0.6335660219192505
15134,2.577702760696411,-0.5904660224914551
15135,2.546957015991211,-0.5658159255981445
15136,2.3635430335998535,-0.7333412766456604
15137,2.0955214500427246,-0.637673556804657
15138,2.502347469329834,-0.6618038415908813
15139,2.1121411323547363,-0.5269928574562073
15140,2.6199469566345215,-0.6125648021697998
15141,2.241676092147827,-0.6379077434539795
15142,2.383493423461914,-0.538800060749054
15143,2.6317408084869385,-0.6173760890960693
15144,2.2647318840026855,-0.6534045338630676
15145,2.3207921981811523,-0.6093696355819702
15146,2.29634165763855,-0.6987292766571045
15147,2.338742733001709,-0.6214557886123657
15148,2.5027101039886475,-0.5756019353866577
15149,2.305675745010376,-0.678600013256073
15150,2.151982069015503,-0.6746043562889099
15151,2.107851505279541,-0.658644437789917
15152,2.501248836517334,-0.6689954400062561
15153,2.335297107696533,-0.5583575963973999
15154,2.212778091430664,-0.6077378988265991
15155,2.642393112182617,-0.5663339495658875
15156,2.2868480682373047,-0.6220935583114624
15157,2.459442138671875,-0.6519263982772827
15158,2.18812894821167,-0.5624875426292419
15159,2.549948215484619,-0.6293513774871826
15160,2.5309031009674072,-0.5914456248283386
15161,2.466702938079834,-0.6406873464584351
15162,2.59381103515625,-0.5859115123748779
15163,2.2219114303588867,-0.6285803318023682
15164,2.30637264251709,-0.6885585188865662
15165,2.375180959701538,-0.6240983009338379
15166,2.316206693649292,-0.5864778161048889
15167,2.338588237762451,-0.6046253442764282
15168,2.7021729946136475,-0.6290938258171082
15169,2.282233238220215,-0.6080090999603271
15170,2.3508427143096924,-0.569168746471405
15171,2.028529644012451,-0.6017471551895142
15172,2.383345127105713,-0.5822290182113647
15173,2.0039114952087402,-0.6053475141525269
15174,2.147676944732666,-0.5721362829208374
15175,2.6369028091430664,-0.5932732224464417
15176,2.1207656860351562,-0.6874995231628418
15177,2.764688014984131,-0.6025030612945557
15178,2.462402582168579,-0.631596028804779
15179,2.356483221054077,-0.5770115256309509
15180,2.224534511566162,-0.6136126518249512
15181,2.2436435222625732,-0.6421635150909424
15182,2.4604079723358154,-0.6173030138015747
15183,2.166440963745117,-0.5782448053359985
15184,2.1367859840393066,-0.5778343677520752
15185,2.370965003967285,-0.6294174194335938
15186,2.325282096862793,-0.6084445118904114
15187,2.564521074295044,-0.5779877305030823
15188,2.198941707611084,-0.5459065437316895
15189,2.525545120239258,-0.6269375085830688
15190,2.4547832012176514,-0.6042386889457703
15191,2.311948299407959,-0.6303370594978333
15192,2.7209815979003906,-0.5451472997665405
15193,2.572737693786621,-0.6019814014434814
15194,2.4808831214904785,-0.6736943125724792
15195,1.9726133346557617,-0.5435805320739746
15196,2.530116081237793,-0.6188955903053284
15197,2.4119348526000977,-0.6353552341461182
15198,2.0908477306365967,-0.5581360459327698
15199,2.534355401992798,-0.6515265107154846
15200,2.3129677772521973,-0.610119640827179
15201,2.038908004760742,-0.5156315565109253
15202,2.3689637184143066,-0.6455172896385193
15203,2.2726821899414062,-0.5893809199333191
15204,2.0857667922973633,-0.5998626351356506
15205,2.0594210624694824,-0.6163325905799866
15206,2.4810831546783447,-0.6640172004699707
15207,2.6209523677825928,-0.5804634690284729
15208,2.4897584915161133,-0.6425706744194031
15209,2.2656521797180176,-0.6864688992500305
15210,2.2424654960632324,-0.6183333396911621
15211,2.0782265663146973,-0.5683681964874268
15212,2.232161521911621,-0.5948072671890259
15213,2.4389076232910156,-0.5445711016654968
15214,2.707618236541748,-0.5751298069953918
15215,2.4632840156555176,-0.7113690376281738
15216,2.315218448638916,-0.6012770533561707
15217,2.386894702911377,-0.6706199049949646
15218,2.6130361557006836,-0.5572636127471924
15219,2.674851417541504,-0.6061816811561584
15220,2.4377856254577637,-0.6091769337654114
15221,2.305429458618164,-0.7403645515441895
15222,2.765669345855713,-0.7150010466575623
15223,2.4011123180389404,-0.6461712121963501
15224,2.483938455581665,-0.5487121343612671
15225,2.6144602298736572,-0.5545841455459595
15226,2.6161928176879883,-0.6231667995452881
15227,2.2229766845703125,-0.5919883251190186
15228,2.278111696243286,-0.6016824245452881
15229,2.319218873977661,-0.6212726831436157
15230,2.567720413208008,-0.6229655742645264
15231,2.1062607765197754,-0.6422241926193237
15232,2.1160335540771484,-0.648682177066803
15233,2.60884428024292,-0.6035642027854919
15234,2.1599273681640625,-0.5795021653175354
15235,2.515789031982422,-0.6351228356361389
15236,1.9936774969100952,-0.5940693020820618
15237,2.3336808681488037,-0.6034137606620789
15238,2.4818875789642334,-0.6435222625732422
15239,2.2544174194335938,-0.6157602071762085
15240,2.229257106781006,-0.5579612255096436
15241,2.7785885334014893,-0.6086409687995911
15242,2.379810333251953,-0.5978343486785889
15243,2.352590322494507,-0.6428560018539429
15244,2.6114068031311035,-0.6149742007255554
15245,2.4803967475891113,-0.6154138445854187
15246,2.31722354888916,-0.5681365728378296
15247,2.541572093963623,-0.5848732590675354
15248,2.2515039443969727,-0.6575058102607727
15249,2.719454526901245,-0.6269626617431641
15250,2.939394950866699,-0.6552265286445618
15251,2.297846555709839,-0.5520256161689758
15252,2.532519578933716,-0.5509517788887024
15253,2.4789748191833496,-0.5436086058616638
15254,2.496952533721924,-0.6102508306503296
15255,2.425510883331299,-0.6553354859352112
15256,2.6619186401367188,-0.618721604347229
15257,2.467503786087036,-0.5232925415039062
15258,2.50286865234375,-0.6306527853012085
15259,2.5930850505828857,-0.5372810959815979
15260,2.427431106567383,-0.5900596380233765
15261,2.441969394683838,-0.5689809918403625
15262,2.6499438285827637,-0.6730749011039734
15263,2.260449171066284,-0.7012184262275696
15264,2.240893840789795,-0.653765857219696
15265,2.754223346710205,-0.6591023802757263
15266,2.056764602661133,-0.5456406474113464
15267,2.288560390472412,-0.649766206741333
15268,2.637265920639038,-0.6715276837348938
15269,2.4328761100769043,-0.643500566482544
15270,2.409390926361084,-0.6152804493904114
15271,2.098919630050659,-0.6237686276435852
15272,2.2035598754882812,-0.629979133605957
15273,2.1634347438812256,-0.5409742593765259
15274,2.3189966678619385,-0.6209986805915833
15275,2.44337797164917,-0.5965033769607544
15276,2.0978846549987793,-0.5960383415222168
15277,2.352606773376465,-0.6186687350273132
15278,2.525017023086548,-0.5201780200004578
15279,2.293365478515625,-0.5662626028060913
15280,2.360800266265869,-0.6255970001220703
15281,2.2458693981170654,-0.5902965068817139
15282,2.44724178314209,-0.6668676137924194
15283,2.367521286010742,-0.6265504360198975
15284,2.4149928092956543,-0.6619312763214111
15285,2.3402864933013916,-0.5531830191612244
15286,2.1980130672454834,-0.5682893991470337
15287,2.570927619934082,-0.5825775265693665
15288,2.202361583709717,-0.6321832537651062
15289,2.6526718139648438,-0.6847357749938965
15290,2.595120906829834,-0.6557818055152893
15291,2.230839967727661,-0.5803391933441162
15292,2.399850368499756,-0.5780219435691833
15293,2.979489326477051,-0.5423689484596252
15294,3.2063961029052734,-0.6665249466896057
15295,2.2970809936523438,-0.6118958592414856
15296,2.4457221031188965,-0.7244371175765991
15297,2.0686450004577637,-0.6083307266235352
15298,2.2543725967407227,-0.6373600959777832
15299,2.213761806488037,-0.555747926235199
15300,2.2038285732269287,-0.5724615454673767
15301,2.7342348098754883,-0.5667745471000671
15302,2.2125935554504395,-0.6041992902755737
15303,2.4163663387298584,-0.6178954243659973
15304,2.354875326156616,-0.5833033919334412
15305,2.534959077835083,-0.6864629983901978
15306,2.303893804550171,-0.6091406345367432
15307,2.562777519226074,-0.5660446882247925
15308,2.603625774383545,-0.6761016845703125
15309,2.155012845993042,-0.6367713212966919
15310,2.2386746406555176,-0.6533557772636414
15311,2.1843786239624023,-0.6007928252220154
15312,2.6316933631896973,-0.639584481716156
15313,2.347161293029785,-0.6212265491485596
15314,2.420924663543701,-0.5542829632759094
15315,2.2824411392211914,-0.6279191374778748
15316,2.407062530517578,-0.6039584279060364
15317,2.2201433181762695,-0.6415745615959167
15318,2.2270307540893555,-0.6069326996803284
15319,2.6376571655273438,-0.5675137042999268
15320,2.2193892002105713,-0.5442506074905396
15321,2.448460578918457,-0.6465521454811096
15322,2.4108777046203613,-0.6225247979164124
15323,2.1781623363494873,-0.5402141213417053
15324,2.4605579376220703,-0.6016789078712463
15325,2.3498525619506836,-0.6476797461509705
15326,2.05228328704834,-0.5318074226379395
15327,2.342428207397461,-0.5926795601844788
15328,2.579288959503174,-0.6384479403495789
15329,2.2099812030792236,-0.6944332122802734
15330,2.2529900074005127,-0.6432226300239563
15331,2.6136035919189453,-0.5535824298858643
15332,2.5979318618774414,-0.6485281586647034
15333,2.4314486980438232,-0.5561544895172119
15334,2.2600669860839844,-0.6865318417549133
15335,2.337221384048462,-0.596433162689209
15336,2.5509982109069824,-0.6461129188537598
15337,2.4397354125976562,-0.6151283383369446
15338,2.304395914077759,-0.6620868444442749
15339,2.050048828125,-0.6548900604248047
15340,2.8308825492858887,-0.6368095278739929
15341,2.2417609691619873,-0.5014690160751343
15342,1.9441359043121338,-0.5660212635993958
15343,2.285186529159546,-0.543135404586792
15344,2.4903714656829834,-0.5944815278053284
15345,2.430729389190674,-0.634233295917511
15346,2.2824366092681885,-0.6290767192840576
15347,2.1961865425109863,-0.6313236355781555
15348,2.1758322715759277,-0.5896036624908447
15349,2.329165458679199,-0.6581039428710938
15350,2.531613826751709,-0.6063182353973389
15351,2.2251694202423096,-0.5877426862716675
15352,2.80903959274292,-0.6877013444900513
15353,2.3149640560150146,-0.6205662488937378
15354,2.2352142333984375,-0.6403568983078003
15355,2.054065704345703,-0.6537729501724243
15356,2.7640390396118164,-0.5788915753364563
15357,2.4499266147613525,-0.6580015420913696
15358,2.2731151580810547,-0.5922924280166626
15359,2.6164913177490234,-0.6397473812103271
15360,2.4348223209381104,-0.6088268160820007
15361,2.173020839691162,-0.5719144344329834
15362,2.58186674118042,-0.5348049998283386
15363,2.0408987998962402,-0.6608760952949524
15364,2.0605227947235107,-0.5475550293922424
15365,2.129483461380005,-0.5318199396133423
15366,2.379175901412964,-0.5526777505874634
15367,2.329470634460449,-0.5555701851844788
15368,2.4732744693756104,-0.5925112962722778
15369,2.8952245712280273,-0.6449033617973328
15370,2.4579615592956543,-0.6325165629386902
15371,2.517620325088501,-0.5502833127975464
15372,2.0803258419036865,-0.5471237897872925
15373,2.238724946975708,-0.588552713394165
15374,2.411640167236328,-0.609303891658783
15375,2.479799270629883,-0.6668272614479065
15376,2.1205296516418457,-0.5849485993385315
15377,2.2688097953796387,-0.5558904409408569
15378,2.699849843978882,-0.6615550518035889
15379,2.4200921058654785,-0.6232025623321533
15380,2.344714641571045,-0.6276949048042297
15381,2.1814515590667725,-0.6227395534515381
15382,1.9277920722961426,-0.6093632578849792
15383,2.3006112575531006,-0.6272849440574646
15384,2.56950044631958,-0.5589579939842224
15385,2.690866470336914,-0.607964813709259
15386,2.4440817832946777,-0.6117767095565796
15387,2.1836745738983154,-0.6565884351730347
15388,2.320730209350586,-0.660042941570282
15389,2.379026412963867,-0.6197519302368164
15390,2.3258094787597656,-0.6004546880722046
15391,2.54691219329834,-0.6496292352676392
15392,2.371817111968994,-0.6256923079490662
15393,2.475205898284912,-0.674984872341156
15394,2.638303756713867,-0.6363807320594788
15395,2.2923874855041504,-0.5498690009117126
15396,2.3171801567077637,-0.5634984970092773
15397,2.6362857818603516,-0.7057472467422485
15398,2.24330472946167,-0.6084263920783997
15399,2.818571090698242,-0.587844729423523
15400,2.093857526779175,-0.624785840511322
15401,2.4541101455688477,-0.5940660238265991
15402,2.3529844284057617,-0.6856452822685242
15403,2.397340774536133,-0.6625300049781799
15404,1.8913917541503906,-0.6193618774414062
15405,2.1293134689331055,-0.5603432655334473
15406,2.205866813659668,-0.6169115304946899
15407,2.6671996116638184,-0.6454328894615173
15408,2.4422857761383057,-0.6657816171646118
15409,2.5575966835021973,-0.5950685739517212
15410,2.1975202560424805,-0.6472639441490173
15411,1.9844303131103516,-0.575965940952301
15412,2.171513795852661,-0.5405600070953369
15413,2.431088447570801,-0.6232199668884277
15414,2.3045754432678223,-0.6537008881568909
15415,2.481268882751465,-0.6895570158958435
15416,2.0389578342437744,-0.5971180200576782
15417,2.184864044189453,-0.5478740930557251
15418,2.339653730392456,-0.5751151442527771
15419,2.276965856552124,-0.5610335469245911
15420,2.3204126358032227,-0.5534421801567078
15421,2.159355640411377,-0.6404473781585693
15422,2.461336851119995,-0.6772262454032898
15423,2.2520151138305664,-0.6670969128608704
15424,2.4595792293548584,-0.581246554851532
15425,2.016428232192993,-0.5967885851860046
15426,2.7160747051239014,-0.5970069766044617
15427,2.48097562789917,-0.6308072209358215
15428,2.6416640281677246,-0.6610767841339111
15429,2.498744487762451,-0.603062093257904
15430,2.498664379119873,-0.5891809463500977
15431,2.495495319366455,-0.5693074464797974
15432,2.707603931427002,-0.5858671069145203
15433,2.206610918045044,-0.5833497047424316
15434,2.2037744522094727,-0.6187414526939392
15435,2.1362528800964355,-0.6566078662872314
15436,2.1563000679016113,-0.6162862181663513
15437,2.359551191329956,-0.6284852027893066
15438,2.416482925415039,-0.6328117251396179
15439,2.769979953765869,-0.6436870098114014
15440,2.4716110229492188,-0.7123345136642456
15441,2.3849849700927734,-0.5804882049560547
15442,2.460935115814209,-0.5923246145248413
15443,2.543484687805176,-0.5532066822052002
15444,2.1022047996520996,-0.6010046005249023
15445,2.386857509613037,-0.5328248739242554
15446,2.2425332069396973,-0.5921251773834229
15447,2.344747543334961,-0.6269428730010986
15448,2.4607114791870117,-0.6430246233940125
15449,1.916033387184143,-0.5822935700416565
15450,2.3852663040161133,-0.6148273348808289
15451,2.144270420074463,-0.6136289834976196
15452,2.2492434978485107,-0.6393029689788818
15453,2.233829975128174,-0.5997467637062073
15454,2.185495376586914,-0.612885594367981
15455,2.348391532897949,-0.5440324544906616
15456,2.232072353363037,-0.5306903123855591
15457,2.648864269256592,-0.5291712284088135
15458,2.451533079147339,-0.5611324906349182
15459,2.5610451698303223,-0.6139962077140808
15460,2.327573776245117,-0.6871989369392395
15461,2.4429993629455566,-0.5768545269966125
15462,2.203155517578125,-0.5763007998466492
15463,2.3360016345977783,-0.5259863138198853
15464,2.0767459869384766,-0.6273071765899658
15465,2.3838186264038086,-0.6464938521385193
15466,2.1773548126220703,-0.5914242267608643
15467,2.1744627952575684,-0.6716134548187256
15468,2.404646873474121,-0.628653347492218
15469,2.5691514015197754,-0.6212978363037109
15470,2.149434804916382,-0.5630099773406982
15471,2.4620418548583984,-0.665880024433136
15472,2.5417513847351074,-0.5926091074943542
15473,1.936292290687561,-0.49708083271980286
15474,2.196518898010254,-0.6690160632133484
15475,2.4044106006622314,-0.6328973174095154
15476,2.3946585655212402,-0.5837579965591431
15477,2.4576563835144043,-0.6283769011497498
15478,2.6045591831207275,-0.6159040331840515
15479,2.6449170112609863,-0.6265965700149536
15480,2.3333446979522705,-0.6513470411300659
15481,2.434398651123047,-0.669292688369751
15482,2.3520123958587646,-0.5847746729850769
15483,2.4180538654327393,-0.526948094367981
15484,2.351165533065796,-0.5722666382789612
15485,2.3883779048919678,-0.6434285640716553
15486,2.3264122009277344,-0.6580150127410889
15487,2.105524778366089,-0.61883145570755
15488,2.346273899078369,-0.6074848771095276
15489,2.418044090270996,-0.6274431943893433
15490,2.125192165374756,-0.5186017751693726
15491,2.4117560386657715,-0.581942081451416
15492,2.3269970417022705,-0.5535182952880859
15493,2.443230628967285,-0.599119246006012
15494,2.358309268951416,-0.6813343167304993
15495,2.48187518119812,-0.5560628175735474
15496,2.495701313018799,-0.5336660742759705
15497,2.1130173206329346,-0.6160688400268555
15498,2.38065767288208,-0.6291544437408447
15499,2.851935386657715,-0.6504897475242615
15500,2.411508321762085,-0.530004620552063
15501,2.4193532466888428,-0.5602594614028931
15502,2.3878917694091797,-0.5773347616195679
15503,2.0919435024261475,-0.6131002306938171
15504,2.53702974319458,-0.619342029094696
15505,2.6729655265808105,-0.6143024563789368
15506,2.351195812225342,-0.5710750818252563
15507,2.1742982864379883,-0.5505238175392151
15508,2.5868067741394043,-0.6170810461044312
15509,2.062178134918213,-0.5958732962608337
15510,3.0972952842712402,-0.6269161701202393
15511,2.3720951080322266,-0.6888182759284973
15512,2.2483577728271484,-0.6662982106208801
15513,2.460233211517334,-0.695241391658783
15514,2.3478164672851562,-0.5714501738548279
15515,2.7089943885803223,-0.5825911164283752
15516,2.2927956581115723,-0.6504169702529907
15517,2.71661114692688,-0.5899219512939453
15518,2.1596713066101074,-0.6254419088363647
15519,2.2546777725219727,-0.6259104013442993
15520,1.9746079444885254,-0.6135287284851074
15521,2.247791290283203,-0.590930163860321
15522,2.3182709217071533,-0.6470059156417847
15523,2.119793653488159,-0.6348307728767395
15524,2.300050973892212,-0.5972252488136292
15525,2.4198055267333984,-0.5745702981948853
15526,2.423765182495117,-0.6404517292976379
15527,2.164337635040283,-0.6487483978271484
15528,2.321682929992676,-0.6113183498382568
15529,2.2496941089630127,-0.6033922433853149
15530,2.694167137145996,-0.6679012775421143
15531,2.155210256576538,-0.659646213054657
15532,2.4108164310455322,-0.6088330745697021
15533,2.402050733566284,-0.6253650188446045
15534,2.4486804008483887,-0.6178693175315857
15535,2.0022573471069336,-0.6148428916931152
15536,2.501451253890991,-0.649586021900177
15537,2.3359458446502686,-0.5903661251068115
15538,2.36948561668396,-0.5796396732330322
15539,2.4723246097564697,-0.5957601070404053
15540,2.2074546813964844,-0.682658314704895
15541,2.302276134490967,-0.6662867665290833
15542,2.341844081878662,-0.639394223690033
15543,2.355877637863159,-0.5706329941749573
15544,2.303175210952759,-0.5843824744224548
15545,2.202016592025757,-0.560049831867218
15546,2.5057969093322754,-0.7117987275123596
15547,2.444162368774414,-0.6627928018569946
15548,2.2617788314819336,-0.6052825450897217
15549,2.847864866256714,-0.6022732257843018
15550,2.554438352584839,-0.5255658030509949
15551,2.68558931350708,-0.6160182356834412
15552,2.6023948192596436,-0.582932710647583
15553,2.2015891075134277,-0.5686628222465515
15554,2.5832226276397705,-0.6144753098487854
15555,2.3096017837524414,-0.5908980369567871
15556,2.7624807357788086,-0.5960845351219177
15557,2.123541831970215,-0.5706408023834229
15558,2.226548194885254,-0.6128070950508118
15559,2.457538366317749,-0.6515634655952454
15560,2.6962475776672363,-0.6486556529998779
15561,2.4533486366271973,-0.6449249386787415
15562,2.432558059692383,-0.5678331255912781
15563,2.4894938468933105,-0.6020024418830872
15564,2.401796817779541,-0.5850599408149719
15565,2.2535877227783203,-0.5656687021255493
15566,2.4291391372680664,-0.6105863451957703
15567,1.9887652397155762,-0.5296971201896667
15568,2.4721293449401855,-0.5521914958953857
15569,2.9036476612091064,-0.6178521513938904
15570,2.406327486038208,-0.6683434844017029
15571,2.6240992546081543,-0.7712896466255188
15572,2.230947971343994,-0.6281657218933105
15573,2.388172149658203,-0.6174460649490356
15574,2.2498297691345215,-0.568215012550354
15575,2.5116236209869385,-0.6155695915222168
15576,2.3736572265625,-0.6295148730278015
15577,2.6346993446350098,-0.6643170714378357
15578,2.139281749725342,-0.6231287121772766
15579,2.499110698699951,-0.5968046188354492
15580,2.2691874504089355,-0.5825345516204834
15581,2.827850341796875,-0.5683098435401917
15582,2.3692166805267334,-0.6195852756500244
15583,2.44199800491333,-0.6270301342010498
15584,2.394134998321533,-0.6340984106063843
15585,2.2777581214904785,-0.6653106212615967
15586,2.3768413066864014,-0.6215078234672546
15587,2.107168436050415,-0.6250991225242615
15588,2.462278366088867,-0.594307541847229
15589,2.346855878829956,-0.636172890663147
15590,2.347567081451416,-0.5799162983894348
15591,2.3503642082214355,-0.6146023273468018
15592,2.504408121109009,-0.6821370720863342
15593,2.3395800590515137,-0.5592552423477173
15594,2.4316837787628174,-0.5561699867248535
15595,2.7654075622558594,-0.5802504420280457
15596,2.562652826309204,-0.544654905796051
15597,2.156069040298462,-0.58493971824646
15598,2.395991802215576,-0.48015716671943665
15599,2.273859977722168,-0.6052370667457581
15600,2.3155274391174316,-0.6251322031021118
15601,2.459557056427002,-0.6138980984687805
15602,2.122390031814575,-0.6720651388168335
15603,2.137084722518921,-0.5324519872665405
15604,2.306443452835083,-0.652300238609314
15605,2.688687801361084,-0.6703748106956482
15606,2.105502128601074,-0.6094990372657776
15607,2.199915885925293,-0.6228792667388916
15608,2.388014793395996,-0.645630955696106
15609,2.061039924621582,-0.6473873257637024
15610,2.233035087585449,-0.6220824122428894
15611,2.289557695388794,-0.5565968155860901
15612,2.429783344268799,-0.5747737288475037
15613,2.4870691299438477,-0.6795102953910828
15614,2.479431629180908,-0.6305208802223206
15615,2.31710147857666,-0.632479190826416
15616,2.296781539916992,-0.6853015422821045
15617,2.420969009399414,-0.7242669463157654
15618,2.243281364440918,-0.601422905921936
15619,2.498678684234619,-0.5772088766098022
15620,2.7337660789489746,-0.6283935308456421
15621,2.270594835281372,-0.5363187789916992
15622,3.1013236045837402,-0.6667528748512268
15623,2.1862220764160156,-0.6216644048690796
15624,2.527970790863037,-0.6831640005111694
15625,2.2440195083618164,-0.601621150970459
15626,2.6096434593200684,-0.6150096654891968
15627,2.4398574829101562,-0.651542603969574
15628,2.3405332565307617,-0.5736356973648071
15629,2.3316049575805664,-0.6119840145111084
15630,2.2436890602111816,-0.6278801560401917
15631,2.4085493087768555,-0.564362645149231
15632,2.5492799282073975,-0.5964788198471069
15633,2.4364891052246094,-0.6221805810928345
15634,2.2666265964508057,-0.5835840702056885
15635,2.3387057781219482,-0.6544303894042969
15636,2.2069931030273438,-0.6308732032775879
15637,2.7832236289978027,-0.6588861346244812
15638,1.9896597862243652,-0.640981137752533
15639,2.357412576675415,-0.7198494076728821
15640,2.709725856781006,-0.5788393616676331
15641,2.3403024673461914,-0.6131397485733032
15642,2.1381571292877197,-0.6164432764053345
15643,2.479687452316284,-0.5707908868789673
15644,2.2459707260131836,-0.6026621460914612
15645,2.1507606506347656,-0.5819401144981384
15646,2.189821720123291,-0.5595688819885254
15647,2.2430405616760254,-0.6535495519638062
15648,2.2580947875976562,-0.6339778900146484
15649,2.6977479457855225,-0.628200888633728
15650,2.3076252937316895,-0.6359917521476746
15651,2.4138693809509277,-0.6361944675445557
15652,2.755854606628418,-0.6559167504310608
15653,2.4816513061523438,-0.6483842730522156
15654,2.3357431888580322,-0.5716269612312317
15655,2.4387500286102295,-0.5609189867973328
15656,2.4269425868988037,-0.6053093671798706
15657,2.3834891319274902,-0.641764223575592
15658,2.3085365295410156,-0.7151570916175842
15659,2.5137391090393066,-0.6147534847259521
15660,2.462195873260498,-0.6274392604827881
15661,2.240673542022705,-0.6174309253692627
15662,2.2366058826446533,-0.5855129957199097
15663,2.5189590454101562,-0.6302897930145264
15664,2.6350150108337402,-0.6372308731079102
15665,2.624185085296631,-0.7259429693222046
15666,2.6423892974853516,-0.6132367849349976
15667,2.2384586334228516,-0.6024191379547119
15668,2.6927428245544434,-0.5985302329063416
15669,2.132981300354004,-0.6466857194900513
15670,2.637763500213623,-0.6758476495742798
15671,2.791271209716797,-0.6636218428611755
15672,2.5529255867004395,-0.6456001400947571
15673,2.529453992843628,-0.6603735089302063
15674,2.729264736175537,-0.6075174808502197
15675,2.2643070220947266,-0.6048986315727234
15676,2.4076781272888184,-0.6452054381370544
15677,2.578129291534424,-0.6949145793914795
15678,2.185887575149536,-0.6480836272239685
15679,2.485489845275879,-0.6227311491966248
15680,2.7059428691864014,-0.554940402507782
15681,2.4599523544311523,-0.6002335548400879
15682,2.663729667663574,-0.61109459400177
15683,2.3215765953063965,-0.7385272979736328
15684,2.3213629722595215,-0.6481226086616516
15685,2.530104160308838,-0.6088146567344666
15686,2.103846311569214,-0.5452227592468262
15687,2.2167937755584717,-0.6115565299987793
15688,2.2940196990966797,-0.6092931032180786
15689,2.210585117340088,-0.5772662162780762
15690,2.180854320526123,-0.6602100133895874
15691,2.725023031234741,-0.6497326493263245
15692,2.056818962097168,-0.605080246925354
15693,2.4494943618774414,-0.6872303485870361
15694,2.0616295337677,-0.6593312621116638
15695,2.015469551086426,-0.6072651743888855
15696,2.135841131210327,-0.6289046406745911
15697,2.273513078689575,-0.5472785830497742
15698,2.4716432094573975,-0.537423312664032
15699,2.372622489929199,-0.5893996357917786
15700,2.1207070350646973,-0.6258463263511658
15701,2.110691547393799,-0.5579707622528076
15702,2.248283863067627,-0.5910740494728088
15703,2.293010711669922,-0.638317883014679
15704,2.261664867401123,-0.6020374298095703
15705,2.190072536468506,-0.5814083814620972
15706,2.3610239028930664,-0.5577443838119507
15707,2.436434745788574,-0.6194759011268616
15708,2.427194118499756,-0.6960329413414001
15709,2.4377503395080566,-0.5853558778762817
15710,2.295762538909912,-0.608754575252533
15711,2.3551788330078125,-0.5288851261138916
15712,2.442225456237793,-0.5938360095024109
15713,2.2401692867279053,-0.6409249305725098
15714,2.7344541549682617,-0.6986963748931885
15715,2.2630820274353027,-0.6650034189224243
15716,2.297297477722168,-0.528836190700531
15717,2.2610719203948975,-0.6296402215957642
15718,2.155872106552124,-0.49712875485420227
15719,2.9711833000183105,-0.650223970413208
15720,2.32869815826416,-0.650351345539093
15721,2.5161280632019043,-0.7013709545135498
15722,2.280235767364502,-0.6277087926864624
15723,2.2636616230010986,-0.5824785828590393
15724,2.565229892730713,-0.6288021802902222
15725,2.2611405849456787,-0.6005449891090393
15726,2.500689744949341,-0.5778693556785583
15727,2.1812915802001953,-0.6061896681785583
15728,1.967611312866211,-0.5340539813041687
15729,2.153583526611328,-0.6237346529960632
15730,2.2809455394744873,-0.6394074559211731
15731,2.1717140674591064,-0.5121662020683289
15732,1.906934380531311,-0.5948396921157837
15733,2.461850881576538,-0.5775003433227539
15734,2.4143683910369873,-0.6314502358436584
15735,2.055123805999756,-0.6382783651351929
15736,2.067195415496826,-0.5728861689567566
15737,2.312023639678955,-0.5881369113922119
15738,2.3687570095062256,-0.604097306728363
15739,2.0923032760620117,-0.6376121640205383
15740,2.4599924087524414,-0.5958189368247986
15741,2.2409965991973877,-0.6477363705635071
15742,2.2556138038635254,-0.6378145813941956
15743,2.6884853839874268,-0.6902354955673218
15744,2.5868804454803467,-0.6064897775650024
15745,2.2532267570495605,-0.5953385829925537
15746,2.3440322875976562,-0.6601640582084656
15747,2.7026009559631348,-0.5581105947494507
15748,2.442789077758789,-0.6238535642623901
15749,2.2740697860717773,-0.5535508394241333
15750,2.5056042671203613,-0.6759636402130127
15751,2.2683496475219727,-0.6667284965515137
15752,2.633179187774658,-0.6323251128196716
15753,2.2299208641052246,-0.6312968730926514
15754,2.495133876800537,-0.6281640529632568
15755,2.079573392868042,-0.6105368137359619
15756,1.9406037330627441,-0.5418198108673096
15757,1.9915025234222412,-0.6237102746963501
15758,2.6143009662628174,-0.6017709374427795
15759,2.124924659729004,-0.5825634598731995
15760,1.9207980632781982,-0.5754666328430176
15761,2.667067766189575,-0.6497778296470642
15762,2.297485589981079,-0.5974771976470947
15763,2.4399757385253906,-0.6914161443710327
15764,2.0626814365386963,-0.5266736149787903
15765,2.4891648292541504,-0.6204004883766174
15766,1.9707098007202148,-0.5564144849777222
15767,2.175999164581299,-0.6523382067680359
15768,2.9128127098083496,-0.6529721021652222
15769,2.2456109523773193,-0.6806567907333374
15770,2.4458131790161133,-0.6437966823577881
15771,2.3031721115112305,-0.6504952907562256
15772,2.342710018157959,-0.5619354248046875
15773,2.920374870300293,-0.6384340524673462
15774,2.4413065910339355,-0.5301775336265564
15775,2.4941439628601074,-0.618789553642273
15776,2.5371456146240234,-0.6728593707084656
15777,2.716411590576172,-0.6861045956611633
15778,2.5518717765808105,-0.5751979351043701
15779,1.9896962642669678,-0.47286510467529297
15780,2.3442795276641846,-0.6328133940696716
15781,2.5220181941986084,-0.5339666604995728
15782,2.075413703918457,-0.5934616327285767
15783,2.4248602390289307,-0.6052640676498413
15784,2.401505947113037,-0.6834475994110107
15785,2.483391761779785,-0.6488129496574402
15786,2.3606815338134766,-0.5767977237701416
15787,2.1161012649536133,-0.5774927735328674
15788,2.1555018424987793,-0.6016857624053955
15789,2.5717825889587402,-0.6452890634536743
15790,2.4596691131591797,-0.649813175201416
15791,2.342374324798584,-0.624750554561615
15792,2.5598034858703613,-0.5859744548797607
15793,2.3036017417907715,-0.5672004222869873
15794,2.2212977409362793,-0.5128623247146606
15795,2.1689486503601074,-0.7174350023269653
15796,2.3626022338867188,-0.643781840801239
15797,2.3235414028167725,-0.6064208149909973
15798,2.515251636505127,-0.6738752126693726
15799,2.6458184719085693,-0.6790313720703125
15800,2.7014384269714355,-0.696428120136261
15801,2.3614559173583984,-0.625407338142395
15802,1.9853367805480957,-0.6319139003753662
15803,2.407467842102051,-0.6086073517799377
15804,2.227252960205078,-0.5628083944320679
15805,2.293428897857666,-0.5668061971664429
15806,2.597109794616699,-0.6094580292701721
15807,2.4068562984466553,-0.5922713279724121
15808,2.309318780899048,-0.6119016408920288
15809,2.3834171295166016,-0.6598044633865356
15810,2.3736252784729004,-0.6268470287322998
15811,2.4009625911712646,-0.6657212972640991
15812,2.439307689666748,-0.6152456402778625
15813,2.6195895671844482,-0.5781236290931702
15814,2.664295196533203,-0.6537142992019653
15815,2.472935199737549,-0.6546995639801025
15816,2.093611240386963,-0.5261167287826538
15817,2.562368631362915,-0.5993205904960632
15818,2.2726922035217285,-0.601894199848175
15819,2.1200778484344482,-0.6258935332298279
15820,2.4907846450805664,-0.5964646339416504
15821,2.6477713584899902,-0.6310381889343262
15822,2.2411508560180664,-0.7104902863502502
15823,2.4782607555389404,-0.6968820691108704
15824,2.6580305099487305,-0.6592080593109131
15825,2.1744070053100586,-0.5249735116958618
15826,2.5354790687561035,-0.6152583956718445
15827,2.5539908409118652,-0.5765506625175476
15828,2.0821619033813477,-0.6289972066879272
15829,2.2175421714782715,-0.6161545515060425
15830,2.609584331512451,-0.648576021194458
15831,2.38262939453125,-0.6302644610404968
15832,2.3933141231536865,-0.7496601939201355
15833,2.074312686920166,-0.5693702697753906
15834,2.3065433502197266,-0.5478857159614563
15835,2.1091666221618652,-0.561881422996521
15836,2.4655003547668457,-0.6805956363677979
15837,2.325314521789551,-0.6854583621025085
15838,2.35469913482666,-0.6155696511268616
15839,2.4639835357666016,-0.5976948738098145
15840,2.5093750953674316,-0.6201671361923218
15841,2.7964274883270264,-0.6463028788566589
15842,2.432746648788452,-0.6184676885604858
15843,2.6108644008636475,-0.6330292224884033
15844,2.2213454246520996,-0.5415701866149902
15845,2.641113758087158,-0.5659188032150269
15846,2.9016995429992676,-0.5861589312553406
15847,2.413735866546631,-0.5505281686782837
15848,2.3677022457122803,-0.6646208763122559
15849,2.548607587814331,-0.6780608892440796
15850,2.117216110229492,-0.5831181406974792
15851,2.3226230144500732,-0.5838454365730286
15852,2.284851551055908,-0.6386876106262207
15853,2.447652816772461,-0.6238717436790466
15854,2.54025936126709,-0.6182241439819336
15855,2.3780863285064697,-0.5922244191169739
15856,2.2078726291656494,-0.6044898629188538
15857,2.0661630630493164,-0.513760507106781
15858,2.4440221786499023,-0.5831888318061829
15859,2.6476988792419434,-0.6600017547607422
15860,2.3216335773468018,-0.7101213335990906
15861,2.1939315795898438,-0.554793119430542
15862,2.7517356872558594,-0.5828986167907715
15863,2.5826854705810547,-0.6773318648338318
15864,2.220219612121582,-0.5454463362693787
15865,2.630855083465576,-0.7274956703186035
15866,2.749692440032959,-0.640146791934967
15867,2.4000084400177,-0.6738671064376831
15868,1.987699270248413,-0.4770113229751587
15869,2.922553777694702,-0.5958318114280701
15870,2.5160813331604004,-0.5820710062980652
15871,2.3567733764648438,-0.6058211326599121
15872,2.4274802207946777,-0.5625733733177185
15873,2.9839699268341064,-0.6821125149726868
15874,2.2777817249298096,-0.6556994915008545
15875,2.2654545307159424,-0.5919548869132996
15876,2.2788896560668945,-0.628210186958313
15877,2.3828048706054688,-0.5875629186630249
15878,2.401069402694702,-0.6209967136383057
15879,2.3384199142456055,-0.661652684211731
15880,2.472123146057129,-0.651587724685669
15881,2.404512882232666,-0.6090537905693054
15882,2.518320083618164,-0.647207498550415
15883,2.5092737674713135,-0.5273071527481079
15884,2.5734848976135254,-0.5920566320419312
15885,2.5547966957092285,-0.6738234162330627
15886,2.2492079734802246,-0.6535657644271851
15887,1.9908509254455566,-0.612511396408081
15888,2.32731556892395,-0.549501359462738
15889,2.334360122680664,-0.640318751335144
15890,2.199995279312134,-0.6849017143249512
15891,2.3389315605163574,-0.6287366151809692
15892,2.0729403495788574,-0.5836367607116699
15893,1.9870152473449707,-0.6517969369888306
15894,2.8260586261749268,-0.577609658241272
15895,2.5878095626831055,-0.6175158619880676
15896,2.5441527366638184,-0.6397798657417297
15897,2.1803736686706543,-0.6280845403671265
15898,2.230186939239502,-0.6932692527770996
15899,2.3981552124023438,-0.5757319927215576
15900,2.366398334503174,-0.6361361145973206
15901,2.282012701034546,-0.633956789970398
15902,2.322148561477661,-0.6006592512130737
15903,2.3767476081848145,-0.651134729385376
15904,2.2976930141448975,-0.5754907727241516
15905,2.1400911808013916,-0.6147335767745972
15906,2.172369956970215,-0.618303656578064
15907,2.292666435241699,-0.6178207993507385
15908,2.190305709838867,-0.6517164707183838
15909,2.2486608028411865,-0.6300994157791138
15910,2.380908489227295,-0.6022117137908936
15911,2.4639930725097656,-0.6138434410095215
15912,2.6119980812072754,-0.5505076050758362
15913,2.052283763885498,-0.569111704826355
15914,2.3178982734680176,-0.5801095366477966
15915,2.4201650619506836,-0.6545800566673279
15916,2.426490306854248,-0.6254607439041138
15917,2.3739867210388184,-0.6794588565826416
15918,2.448686122894287,-0.603871762752533
15919,2.6648941040039062,-0.6738982200622559
15920,2.2884297370910645,-0.5951210856437683
15921,2.1518335342407227,-0.6708749532699585
15922,2.324889659881592,-0.620790421962738
15923,2.279015064239502,-0.5916759967803955
15924,2.229186773300171,-0.5844197273254395
15925,2.2753372192382812,-0.5411094427108765
15926,2.2651591300964355,-0.645026683807373
15927,2.2187294960021973,-0.637907087802887
15928,2.206104040145874,-0.693061888217926
15929,2.278446674346924,-0.6511770486831665
15930,2.2232327461242676,-0.6223351955413818
15931,2.1815383434295654,-0.5850526690483093
15932,2.497920036315918,-0.5992311239242554
15933,2.020784378051758,-0.680754542350769
15934,2.253960132598877,-0.6196439266204834
15935,2.395460605621338,-0.5825594067573547
15936,2.1329007148742676,-0.5738112926483154
15937,2.35219669342041,-0.6805158853530884
15938,2.6236844062805176,-0.6143307685852051
15939,2.084716558456421,-0.6465960144996643
15940,2.2785897254943848,-0.6649224758148193
15941,2.061063766479492,-0.5433467030525208
15942,2.447725296020508,-0.6066734194755554
15943,2.3209261894226074,-0.5516573190689087
15944,2.5432634353637695,-0.6678333282470703
15945,2.35414981842041,-0.6111918091773987
15946,2.4342856407165527,-0.6125229597091675
15947,2.39932918548584,-0.6501761078834534
15948,2.2841100692749023,-0.5966718792915344
15949,2.2171878814697266,-0.6379209756851196
15950,2.4619340896606445,-0.6196497082710266
15951,2.3811964988708496,-0.6698281764984131
15952,2.561511516571045,-0.6041061282157898
15953,2.071957588195801,-0.5681278109550476
15954,2.177323341369629,-0.6534554958343506
15955,2.039775848388672,-0.590726375579834
15956,2.1307716369628906,-0.6252244710922241
15957,2.3417162895202637,-0.564713716506958
15958,2.518552780151367,-0.6101086735725403
15959,2.3005568981170654,-0.5994889140129089
15960,2.3767685890197754,-0.6343494653701782
15961,2.1665992736816406,-0.6063920855522156
15962,2.344850540161133,-0.6451478004455566
15963,2.2629318237304688,-0.6160051226615906
15964,2.4736199378967285,-0.631435751914978
15965,2.3878817558288574,-0.6815907955169678
15966,2.160287618637085,-0.6456524729728699
15967,1.978502631187439,-0.5524831414222717
15968,2.5505757331848145,-0.6551572680473328
15969,2.2707438468933105,-0.590971052646637
15970,2.4180781841278076,-0.5978397130966187
15971,2.518296718597412,-0.6296241283416748
15972,2.1302218437194824,-0.643614649772644
15973,2.410207509994507,-0.6434001326560974
15974,2.066114902496338,-0.5552578568458557
15975,2.657579183578491,-0.6438977122306824
15976,2.4320411682128906,-0.671983003616333
15977,2.606961250305176,-0.6564903855323792
15978,2.116178035736084,-0.6409692168235779
15979,2.642806053161621,-0.6435604095458984
15980,2.3194446563720703,-0.5292125344276428
15981,2.0076611042022705,-0.6555622220039368
15982,2.294947862625122,-0.6765501499176025
15983,2.4190995693206787,-0.6393995881080627
15984,2.347217082977295,-0.5874376893043518
15985,2.138781785964966,-0.6057419776916504
15986,2.4272336959838867,-0.6398546099662781
15987,2.4313695430755615,-0.6205874681472778
15988,2.126397132873535,-0.6966444253921509
15989,2.4459915161132812,-0.611599862575531
15990,2.337728977203369,-0.6084341406822205
15991,2.690000534057617,-0.5557695031166077
15992,2.2430264949798584,-0.6116331219673157
15993,2.1394567489624023,-0.6704956293106079
15994,2.086261749267578,-0.6639643907546997
15995,2.1529321670532227,-0.6492219567298889
15996,2.1539573669433594,-0.5586163401603699
15997,2.336855411529541,-0.5553045868873596
15998,2.526000499725342,-0.6722085475921631
15999,2.4753479957580566,-0.7176191806793213
16000,2.3390512466430664,-0.597960889339447
16001,2.2312135696411133,-0.5936593413352966
16002,2.209057331085205,-0.6214029788970947
16003,2.6197381019592285,-0.5577370524406433
16004,2.610698699951172,-0.6509132385253906
16005,2.606546401977539,-0.5806446671485901
16006,2.5315728187561035,-0.5711252689361572
16007,2.2770559787750244,-0.6869357824325562
16008,2.377232313156128,-0.6213079690933228
16009,2.5141210556030273,-0.6427766680717468
16010,2.172398805618286,-0.6205374002456665
16011,2.3488545417785645,-0.6499674916267395
16012,2.279463768005371,-0.6548187732696533
16013,2.4638724327087402,-0.5831421613693237
16014,2.4584317207336426,-0.603142261505127
16015,2.425698757171631,-0.6073592305183411
16016,2.3927698135375977,-0.6534394025802612
16017,2.072324514389038,-0.613776683807373
16018,2.494452714920044,-0.575776219367981
16019,2.266808271408081,-0.5648247003555298
16020,2.5949878692626953,-0.5401069521903992
16021,2.341402053833008,-0.6482527852058411
16022,2.630699634552002,-0.7120762467384338
16023,2.865969657897949,-0.6858906745910645
16024,2.443070411682129,-0.6425954699516296
16025,2.562228202819824,-0.4829300045967102
16026,1.917248249053955,-0.558141827583313
16027,2.6052865982055664,-0.6131535768508911
16028,2.5169529914855957,-0.6122987866401672
16029,2.4844863414764404,-0.6649031639099121
16030,2.501220226287842,-0.6068075299263
16031,2.748103618621826,-0.6784015893936157
16032,2.320211887359619,-0.6008743047714233
16033,2.9374380111694336,-0.5908112525939941
16034,2.3529138565063477,-0.6242114901542664
16035,2.0046448707580566,-0.7088407278060913
16036,2.3944520950317383,-0.7240748405456543
16037,2.342055559158325,-0.6945459842681885
16038,2.1887495517730713,-0.6811967492103577
16039,2.5997331142425537,-0.555412232875824
16040,2.6394667625427246,-0.5584784150123596
16041,2.5760865211486816,-0.5841984748840332
16042,1.8247631788253784,-0.5496706366539001
16043,2.368256092071533,-0.5222212672233582
16044,2.3463473320007324,-0.5926827192306519
16045,2.6407155990600586,-0.5870584845542908
16046,2.5595951080322266,-0.6323280334472656
16047,2.6990461349487305,-0.6690200567245483
16048,2.362614154815674,-0.5900774002075195
16049,2.6323862075805664,-0.697206437587738
16050,2.4904732704162598,-0.5861003398895264
16051,2.6422038078308105,-0.682191789150238
16052,2.552844524383545,-0.6208004951477051
16053,2.7788615226745605,-0.6615816354751587
16054,2.1846556663513184,-0.6644801497459412
16055,2.5142784118652344,-0.7008844614028931
16056,2.227252721786499,-0.6274941563606262
16057,1.9758594036102295,-0.5555889010429382
16058,2.5696475505828857,-0.5528795719146729
16059,2.3686983585357666,-0.5568097829818726
16060,2.4369754791259766,-0.5871739983558655
16061,2.308859348297119,-0.6039265990257263
16062,2.4809868335723877,-0.721555233001709
16063,2.394497871398926,-0.6740762591362
16064,2.0015249252319336,-0.5395870804786682
16065,2.996664524078369,-0.5794119834899902
16066,2.2934365272521973,-0.5526387691497803
16067,2.513688325881958,-0.6271256804466248
16068,2.603790760040283,-0.6285064816474915
16069,2.30130672454834,-0.5884422063827515
16070,2.8020901679992676,-0.6431073546409607
16071,2.0311388969421387,-0.554334819316864
16072,2.1130783557891846,-0.5587860941886902
16073,2.519256591796875,-0.5790683627128601
16074,2.4968581199645996,-0.5920400023460388
16075,2.347487449645996,-0.6550442576408386
16076,2.36653995513916,-0.6777349710464478
16077,2.1869606971740723,-0.6357099413871765
16078,2.4515554904937744,-0.6001664996147156
16079,2.3229453563690186,-0.5951836705207825
16080,2.6574699878692627,-0.5839332342147827
16081,2.3639490604400635,-0.6534342169761658
16082,2.4768028259277344,-0.6404908895492554
16083,2.4697494506835938,-0.7127717733383179
16084,2.5521647930145264,-0.6068151593208313
16085,2.1174936294555664,-0.5494722723960876
16086,1.8779226541519165,-0.5770862102508545
16087,2.445236921310425,-0.6165527105331421
16088,2.7113118171691895,-0.5788100957870483
16089,2.2370495796203613,-0.716094434261322
16090,2.3287768363952637,-0.6724268198013306
16091,2.2895822525024414,-0.6333276629447937
16092,2.0489983558654785,-0.6027102470397949
16093,2.3771963119506836,-0.6721217632293701
16094,2.2452096939086914,-0.5923856496810913
16095,2.7707605361938477,-0.6977052092552185
16096,2.210141181945801,-0.6828334927558899
16097,2.0638718605041504,-0.661668062210083
16098,2.3124308586120605,-0.6617417931556702
16099,2.2418510913848877,-0.5972405076026917
16100,2.7341341972351074,-0.6678340435028076
16101,2.5229275226593018,-0.7382750511169434
16102,2.2489662170410156,-0.6223846673965454
16103,2.5009751319885254,-0.5984595417976379
16104,2.490971565246582,-0.6192705631256104
16105,2.257617473602295,-0.6441428661346436
16106,2.266709566116333,-0.6069473028182983
16107,2.046459436416626,-0.5828603506088257
16108,2.3481197357177734,-0.6879293918609619
16109,1.906295657157898,-0.6231077313423157
16110,2.717465877532959,-0.6214542388916016
16111,2.1982855796813965,-0.6588939428329468
16112,2.4992082118988037,-0.6121201515197754
16113,2.7156941890716553,-0.622744619846344
16114,2.1300344467163086,-0.6260374188423157
16115,2.2261574268341064,-0.6282787322998047
16116,2.5615429878234863,-0.6576518416404724
16117,2.312544822692871,-0.6178127527236938
16118,2.2764930725097656,-0.6440410017967224
16119,2.120269775390625,-0.6050002574920654
16120,2.2226920127868652,-0.5783684253692627
16121,2.2889676094055176,-0.7063872814178467
16122,2.41329288482666,-0.6386055946350098
16123,2.0861284732818604,-0.5432885885238647
16124,2.0174925327301025,-0.6133207082748413
16125,2.350356340408325,-0.676296591758728
16126,2.000251054763794,-0.5526866912841797
16127,2.61366605758667,-0.7310903668403625
16128,2.0442991256713867,-0.6349482536315918
16129,2.400642156600952,-0.5585669875144958
16130,2.310225009918213,-0.5429900884628296
16131,2.259669303894043,-0.6330612301826477
16132,2.282933473587036,-0.6046573519706726
16133,2.600609302520752,-0.6265518069267273
16134,2.2564144134521484,-0.5105463266372681
16135,2.0369110107421875,-0.5931026339530945
16136,2.4360780715942383,-0.5764610767364502
16137,2.46954083442688,-0.5862938165664673
16138,2.1863527297973633,-0.6100215911865234
16139,2.139101982116699,-0.5930548906326294
16140,2.1225905418395996,-0.6216590404510498
16141,2.746379852294922,-0.5899063348770142
16142,2.442445993423462,-0.6097906231880188
16143,2.1384530067443848,-0.6232545971870422
16144,2.154527425765991,-0.5359067320823669
16145,2.5360307693481445,-0.5727481245994568
16146,2.5040483474731445,-0.5560720562934875
16147,2.4912829399108887,-0.6145385503768921
16148,2.237823486328125,-0.6451221704483032
16149,2.4044485092163086,-0.5481908917427063
16150,2.5590832233428955,-0.6834676861763
16151,2.3363072872161865,-0.6623499393463135
16152,2.4424712657928467,-0.6303248405456543
16153,2.4459376335144043,-0.5982289910316467
16154,2.484783172607422,-0.6398172974586487
16155,2.077526807785034,-0.6149098873138428
16156,2.0769705772399902,-0.6165463924407959
16157,2.139065742492676,-0.6357548236846924
16158,2.2288308143615723,-0.6751633286476135
16159,1.982102632522583,-0.6286101341247559
16160,2.2316365242004395,-0.652463972568512
16161,2.201368808746338,-0.5924981832504272
16162,2.401489734649658,-0.71826171875
16163,2.382059097290039,-0.6972997784614563
16164,2.2234978675842285,-0.7071805596351624
16165,2.1555304527282715,-0.5912466645240784
16166,2.1556859016418457,-0.6316209435462952
16167,2.1825435161590576,-0.6827188730239868
16168,2.226106882095337,-0.6133819818496704
16169,2.5190160274505615,-0.6140342950820923
16170,1.8640121221542358,-0.6079462170600891
16171,2.272879123687744,-0.5627583265304565
16172,1.8272013664245605,-0.526594877243042
16173,2.7798547744750977,-0.7118964195251465
16174,2.427577257156372,-0.6788393259048462
16175,2.453603744506836,-0.6900690197944641
16176,2.2522077560424805,-0.6063429117202759
16177,2.688425064086914,-0.6417423486709595
16178,2.0991837978363037,-0.5181419849395752
16179,2.619072914123535,-0.6322181820869446
16180,2.4397692680358887,-0.6605036854743958
16181,2.078153371810913,-0.7263009548187256
16182,2.3458356857299805,-0.6544377207756042
16183,2.2496676445007324,-0.6050387024879456
16184,2.3214921951293945,-0.6692066192626953
16185,2.394643783569336,-0.6126443147659302
16186,2.385091781616211,-0.7132325768470764
16187,2.1102256774902344,-0.6008903980255127
16188,2.4025683403015137,-0.7056111693382263
16189,2.3719563484191895,-0.6436561346054077
16190,2.4301323890686035,-0.5360803008079529
16191,2.5034940242767334,-0.586026132106781
16192,2.4824790954589844,-0.590568482875824
16193,2.1179003715515137,-0.5488070845603943
16194,2.0971741676330566,-0.6386393308639526
16195,2.3549423217773438,-0.6206029653549194
16196,2.081568479537964,-0.5989797711372375
16197,2.173128843307495,-0.5448110103607178
16198,2.328312397003174,-0.6635246276855469
16199,2.1091833114624023,-0.5840747356414795
16200,2.1261708736419678,-0.6033228039741516
16201,2.5253639221191406,-0.6916386485099792
16202,1.990250587463379,-0.5940715074539185
16203,2.6507701873779297,-0.616963267326355
16204,2.61059832572937,-0.7004945278167725
16205,2.3864831924438477,-0.6521740555763245
16206,2.107886791229248,-0.5731756687164307
16207,2.153231620788574,-0.6468797922134399
16208,2.3172683715820312,-0.5510294437408447
16209,2.134032726287842,-0.5928637981414795
16210,2.143124580383301,-0.6866195201873779
16211,2.3877944946289062,-0.6736396551132202
16212,2.1935720443725586,-0.5689758062362671
16213,2.132412910461426,-0.6272953152656555
16214,2.282546281814575,-0.5866367816925049
16215,2.5706186294555664,-0.672896146774292
16216,2.3231277465820312,-0.630588710308075
16217,2.270784616470337,-0.7014106512069702
16218,1.9549715518951416,-0.6544841527938843
16219,2.6212103366851807,-0.7231224775314331
16220,2.378105401992798,-0.5670624375343323
16221,2.2424397468566895,-0.669424295425415
16222,2.1270132064819336,-0.6449875831604004
16223,2.3511507511138916,-0.6862285733222961
16224,2.516836643218994,-0.6683319807052612
16225,2.468531608581543,-0.6331482529640198
16226,2.309431552886963,-0.6246663331985474
16227,2.9026260375976562,-0.6431788802146912
16228,2.308926582336426,-0.6072525978088379
16229,2.6350722312927246,-0.6322196125984192
16230,2.596921682357788,-0.531014621257782
16231,2.3004825115203857,-0.5752312541007996
16232,2.5559661388397217,-0.5191699266433716
16233,2.9429965019226074,-0.6270334720611572
16234,2.5635576248168945,-0.6338679194450378
16235,2.352705955505371,-0.6453421711921692
16236,2.5738115310668945,-0.5916247367858887
16237,2.204930067062378,-0.6012964844703674
16238,2.53413724899292,-0.6007912158966064
16239,2.252704620361328,-0.5732276439666748
16240,2.4317479133605957,-0.6395304203033447
16241,2.5345664024353027,-0.6404436230659485
16242,2.3544318675994873,-0.6064710021018982
16243,2.061835289001465,-0.6195784211158752
16244,2.2352304458618164,-0.6140217781066895
16245,2.5393123626708984,-0.5691662430763245
16246,2.6348276138305664,-0.7294485569000244
16247,2.1394052505493164,-0.6251825094223022
16248,2.1725244522094727,-0.6273812651634216
16249,2.0826058387756348,-0.6320846676826477
16250,2.352773666381836,-0.6029714345932007
16251,2.1917200088500977,-0.6051918864250183
16252,2.4384982585906982,-0.5271309614181519
16253,2.643087863922119,-0.6799752712249756
16254,2.5470473766326904,-0.6725488305091858
16255,2.2578296661376953,-0.7103822231292725
16256,2.7468764781951904,-0.645926296710968
16257,2.379129409790039,-0.6412173509597778
16258,2.3974647521972656,-0.6003613471984863
16259,2.454677104949951,-0.7212972044944763
16260,2.3560166358947754,-0.6481546759605408
16261,2.5638654232025146,-0.7040126323699951
16262,2.275419235229492,-0.644274890422821
16263,2.231996536254883,-0.6062266230583191
16264,2.1905665397644043,-0.5772362947463989
16265,2.0619122982025146,-0.612714946269989
16266,2.500417470932007,-0.6761807203292847
16267,2.497854232788086,-0.590133547782898
16268,2.128239870071411,-0.6103940010070801
16269,2.404951572418213,-0.5821278691291809
16270,2.2142467498779297,-0.508583664894104
16271,2.233353614807129,-0.5666029453277588
16272,2.4934282302856445,-0.6510642766952515
16273,2.2277982234954834,-0.6355859041213989
16274,2.3630404472351074,-0.6915827393531799
16275,1.9722387790679932,-0.4942207336425781
16276,2.3833091259002686,-0.6119291186332703
16277,2.0671253204345703,-0.6851280331611633
16278,2.1215381622314453,-0.616583526134491
16279,2.5003910064697266,-0.6875642538070679
16280,2.2681150436401367,-0.5950417518615723
16281,2.2981204986572266,-0.5813283920288086
16282,2.351081371307373,-0.586887776851654
16283,2.627399444580078,-0.6868070960044861
16284,2.393080472946167,-0.637800395488739
16285,2.3786935806274414,-0.6488315463066101
16286,2.4233243465423584,-0.6138257384300232
16287,2.6693029403686523,-0.5563217401504517
16288,2.8504128456115723,-0.6224321722984314
16289,2.1635942459106445,-0.6077111959457397
16290,2.243978500366211,-0.5461646914482117
16291,2.341597080230713,-0.7192270755767822
16292,2.568556308746338,-0.6378243565559387
16293,2.164118766784668,-0.5755454897880554
16294,2.1791164875030518,-0.620955228805542
16295,2.664355754852295,-0.6300857067108154
16296,2.260298252105713,-0.6663112640380859
16297,2.353175640106201,-0.6199923157691956
16298,2.3937437534332275,-0.6236924529075623
16299,2.23976993560791,-0.5848998427391052
16300,2.969999313354492,-0.6420265436172485
16301,2.3126332759857178,-0.6634700298309326
16302,2.318481922149658,-0.6438519954681396
16303,2.103743553161621,-0.6525493860244751
16304,2.625887155532837,-0.6331966519355774
16305,2.2919921875,-0.5665117502212524
16306,2.029195785522461,-0.5870818495750427
16307,2.3871800899505615,-0.599007785320282
16308,2.4822540283203125,-0.6012290716171265
16309,2.4057891368865967,-0.5928285121917725
16310,2.445385694503784,-0.6990596652030945
16311,2.352076530456543,-0.6008059978485107
16312,2.4558281898498535,-0.6565027832984924
16313,2.5102415084838867,-0.6690594553947449
16314,2.5107781887054443,-0.5816226601600647
16315,2.5676822662353516,-0.5448082685470581
16316,2.164262294769287,-0.6091637015342712
16317,2.133673906326294,-0.6614314317703247
16318,2.6454031467437744,-0.6207141876220703
16319,2.3981680870056152,-0.6395872235298157
16320,2.386847496032715,-0.6088554263114929
16321,2.2479095458984375,-0.56681227684021
16322,2.1450719833374023,-0.6806659698486328
16323,2.5450515747070312,-0.538414478302002
16324,2.1713881492614746,-0.5811562538146973
16325,2.4313764572143555,-0.6122884154319763
16326,2.3053390979766846,-0.6725687384605408
16327,2.508159637451172,-0.6681516766548157
16328,2.0852904319763184,-0.5704050064086914
16329,2.369218587875366,-0.5302906036376953
16330,2.8841679096221924,-0.6268091201782227
16331,2.353127956390381,-0.5681813955307007
16332,2.2932851314544678,-0.696028470993042
16333,2.5389747619628906,-0.6728373765945435
16334,2.3718152046203613,-0.5920854210853577
16335,2.233025074005127,-0.6070723533630371
16336,2.1149792671203613,-0.5772969722747803
16337,2.416755437850952,-0.6855112314224243
16338,2.1802666187286377,-0.5421877503395081
16339,2.134279727935791,-0.6048546433448792
16340,2.274784803390503,-0.6827736496925354
16341,2.8369226455688477,-0.6107600927352905
16342,2.8035802841186523,-0.5995831489562988
16343,2.6243510246276855,-0.585966944694519
16344,1.9273133277893066,-0.6744129061698914
16345,2.3808484077453613,-0.6914699077606201
16346,2.2522382736206055,-0.6319282054901123
16347,2.7077529430389404,-0.6188004612922668
16348,2.321415662765503,-0.6373765468597412
16349,2.3121724128723145,-0.5748233795166016
16350,2.0603208541870117,-0.5715696215629578
16351,2.4184165000915527,-0.5595118999481201
16352,1.9444023370742798,-0.6304858922958374
16353,2.1685938835144043,-0.6711525917053223
16354,2.112107753753662,-0.6138082146644592
16355,2.396540403366089,-0.6381884217262268
16356,2.4050865173339844,-0.6917797923088074
16357,2.4448421001434326,-0.6835461258888245
16358,1.9571490287780762,-0.6115639805793762
16359,2.0110158920288086,-0.5439215302467346
16360,2.2918190956115723,-0.5955145359039307
16361,2.4550557136535645,-0.6135146617889404
16362,2.283869743347168,-0.7034152746200562
16363,2.228492259979248,-0.652944803237915
16364,2.124856472015381,-0.5906891822814941
16365,2.4572293758392334,-0.6870133876800537
16366,2.505136489868164,-0.6481198668479919
16367,2.344974994659424,-0.6106613874435425
16368,2.318943977355957,-0.5846704244613647
16369,2.4139723777770996,-0.627131998538971
16370,2.1339664459228516,-0.5863426923751831
16371,1.9292848110198975,-0.567624032497406
16372,2.3628954887390137,-0.5960156917572021
16373,2.3849546909332275,-0.6851503252983093
16374,2.4667391777038574,-0.5780525207519531
16375,2.329434871673584,-0.663043200969696
16376,2.5150904655456543,-0.6680794358253479
16377,2.5932672023773193,-0.5946862697601318
16378,2.4801113605499268,-0.6083614230155945
16379,2.305103302001953,-0.5576828718185425
16380,2.2957961559295654,-0.6656750440597534
16381,2.2429261207580566,-0.6452786922454834
16382,2.179637908935547,-0.6476321220397949
16383,2.107550621032715,-0.6186814904212952
16384,2.338350772857666,-0.6356800198554993
16385,2.1761698722839355,-0.6007307171821594
16386,1.8815531730651855,-0.5088806748390198
16387,2.337902069091797,-0.611210286617279
16388,2.6005492210388184,-0.7067655324935913
16389,3.063389301300049,-0.6884453296661377
16390,2.5411601066589355,-0.7521705031394958
16391,2.5486459732055664,-0.5894792675971985
16392,2.598752975463867,-0.6079302430152893
16393,2.611053943634033,-0.6154062747955322
16394,2.0270235538482666,-0.6321406960487366
16395,2.0856361389160156,-0.6413041949272156
16396,2.1949563026428223,-0.5611655116081238
16397,2.369239091873169,-0.666188657283783
16398,2.002656936645508,-0.5035399198532104
16399,2.4645981788635254,-0.6818159222602844
16400,2.2066941261291504,-0.6124570369720459
16401,2.382265090942383,-0.6054928302764893
16402,2.7082767486572266,-0.6409022808074951
16403,1.99193274974823,-0.5920304656028748
16404,2.728588342666626,-0.6719250679016113
16405,2.2199978828430176,-0.5988981127738953
16406,1.9267818927764893,-0.6110240817070007
16407,2.3186495304107666,-0.555112898349762
16408,2.576781749725342,-0.6564684510231018
16409,2.820997714996338,-0.5910154581069946
16410,2.295846462249756,-0.5971934199333191
16411,2.403244972229004,-0.6868709325790405
16412,2.145780563354492,-0.5777801275253296
16413,2.258521556854248,-0.6193792223930359
16414,2.4390671253204346,-0.48007065057754517
16415,1.9729548692703247,-0.6261955499649048
16416,2.547903537750244,-0.6347347497940063
16417,2.3558759689331055,-0.5837117433547974
16418,2.1878457069396973,-0.6764747500419617
16419,2.223283290863037,-0.5486515760421753
16420,2.2578983306884766,-0.5495863556861877
16421,2.30918550491333,-0.6607850790023804
16422,2.2614645957946777,-0.6994529962539673
16423,2.0919580459594727,-0.6408718824386597
16424,2.2619993686676025,-0.6287872791290283
16425,2.1923346519470215,-0.5962904095649719
16426,2.203389883041382,-0.5792510509490967
16427,2.4174461364746094,-0.7008211612701416
16428,2.380708694458008,-0.6358880400657654
16429,2.471874237060547,-0.700782299041748
16430,2.1529226303100586,-0.6411550045013428
16431,2.200796127319336,-0.5589378476142883
16432,2.5747952461242676,-0.6744014620780945
16433,1.9793705940246582,-0.5683484077453613
16434,2.1175379753112793,-0.6889017224311829
16435,2.373429775238037,-0.5539514422416687
16436,2.310006618499756,-0.6126213669776917
16437,2.469862461090088,-0.682628870010376
16438,2.17305326461792,-0.6022013425827026
16439,2.466623067855835,-0.6311260461807251
16440,2.4086642265319824,-0.602562427520752
16441,2.282958507537842,-0.5979981422424316
16442,2.2318601608276367,-0.5987131595611572
16443,2.17686128616333,-0.6374256610870361
16444,2.1174752712249756,-0.6010677218437195
16445,2.3333921432495117,-0.6050941348075867
16446,2.3945984840393066,-0.6525601744651794
16447,2.281379461288452,-0.5914053320884705
16448,2.460374355316162,-0.6542282104492188
16449,2.185346841812134,-0.5688968896865845
16450,2.012129545211792,-0.6148073077201843
16451,2.6882894039154053,-0.5884532332420349
16452,2.390611410140991,-0.5593119263648987
16453,2.2392735481262207,-0.6334149241447449
16454,2.0414462089538574,-0.6511277556419373
16455,2.4766154289245605,-0.5897029638290405
16456,2.3685293197631836,-0.5672228932380676
16457,2.471169948577881,-0.6295917630195618
16458,2.3490633964538574,-0.6579694151878357
16459,2.3731212615966797,-0.6155515313148499
16460,2.460817337036133,-0.6116364598274231
16461,2.10921311378479,-0.6277570128440857
16462,1.870510458946228,-0.5985692739486694
16463,2.305835723876953,-0.6206167340278625
16464,2.240093469619751,-0.5850810408592224
16465,2.0893969535827637,-0.6102015972137451
16466,2.3264293670654297,-0.5766863226890564
16467,2.4937987327575684,-0.6458287835121155
16468,2.312089681625366,-0.6284752488136292
16469,2.1445651054382324,-0.6129615306854248
16470,2.560051441192627,-0.680419921875
16471,2.2752959728240967,-0.5832522511482239
16472,2.35129451751709,-0.636410653591156
16473,2.164276123046875,-0.5763739943504333
16474,2.4036130905151367,-0.5831074714660645
16475,2.010641574859619,-0.6998483538627625
16476,2.062389373779297,-0.6463928818702698
16477,2.2029612064361572,-0.5592728853225708
16478,3.0430908203125,-0.6826897263526917
16479,2.953366994857788,-0.6895290613174438
16480,2.363769054412842,-0.6747799515724182
16481,2.4616782665252686,-0.7133780717849731
16482,2.1099700927734375,-0.6125179529190063
16483,2.4608120918273926,-0.6328721642494202
16484,2.742668628692627,-0.6410391926765442
16485,2.7470006942749023,-0.7387599349021912
16486,2.348695755004883,-0.6468974351882935
16487,2.7488999366760254,-0.6343034505844116
16488,2.3777546882629395,-0.5946509838104248
16489,2.2527756690979004,-0.5712241530418396
16490,2.1179909706115723,-0.6730718016624451
16491,2.342653751373291,-0.6726675629615784
16492,2.699033498764038,-0.6302729249000549
16493,2.5637431144714355,-0.5956881046295166
16494,2.5684335231781006,-0.7432883381843567
16495,2.3234734535217285,-0.6533012390136719
16496,2.217160701751709,-0.6116987466812134
16497,2.346613883972168,-0.686438798904419
16498,2.4665350914001465,-0.6535412073135376
16499,2.4103634357452393,-0.595967710018158
16500,2.367527961730957,-0.6746534109115601
16501,2.4242396354675293,-0.6505720615386963
16502,2.2544100284576416,-0.6796567440032959
16503,2.426945209503174,-0.6566075682640076
16504,2.329904794692993,-0.6432983875274658
16505,2.120790481567383,-0.5613447427749634
16506,2.515005350112915,-0.6149130463600159
16507,2.4277470111846924,-0.6252774596214294
16508,2.0917513370513916,-0.5925245881080627
16509,2.335813045501709,-0.6152588725090027
16510,2.199247360229492,-0.6840705871582031
16511,2.3194315433502197,-0.5285316705703735
16512,2.491489887237549,-0.646323561668396
16513,2.7773756980895996,-0.5295442342758179
16514,2.2546911239624023,-0.5793818831443787
16515,2.274674892425537,-0.6947422027587891
16516,2.383230209350586,-0.5758033990859985
16517,2.4716391563415527,-0.602790355682373
16518,2.502708911895752,-0.5507845878601074
16519,2.3876588344573975,-0.6101117134094238
16520,2.2450180053710938,-0.6332116723060608
16521,2.3735318183898926,-0.6702109575271606
16522,1.9975475072860718,-0.693905234336853
16523,2.3993122577667236,-0.6409277319908142
16524,2.2452869415283203,-0.6675772070884705
16525,2.201699733734131,-0.6327168941497803
16526,2.4730684757232666,-0.7180560231208801
16527,2.182960033416748,-0.6877292394638062
16528,2.5180678367614746,-0.6210888624191284
16529,3.1534805297851562,-0.5954570770263672
16530,2.1886448860168457,-0.5801939964294434
16531,2.209404468536377,-0.626763105392456
16532,2.4860877990722656,-0.6578763723373413
16533,2.363633155822754,-0.6064139604568481
16534,2.618210554122925,-0.6189455986022949
16535,2.608276844024658,-0.6566084027290344
16536,2.1229372024536133,-0.6495477557182312
16537,2.2882258892059326,-0.6132885217666626
16538,2.4347639083862305,-0.6341575384140015
16539,2.542715311050415,-0.5507804751396179
16540,2.3602328300476074,-0.6673614382743835
16541,2.1413073539733887,-0.6811716556549072
16542,2.033557415008545,-0.6741794347763062
16543,2.434447765350342,-0.6305849552154541
16544,2.1117684841156006,-0.5691681504249573
16545,2.6745336055755615,-0.578288197517395
16546,2.340764045715332,-0.7091830968856812
16547,2.325103282928467,-0.6483919024467468
16548,2.3780176639556885,-0.6319229602813721
16549,2.1955785751342773,-0.5948140621185303
16550,2.0578768253326416,-0.5985056161880493
16551,2.162203311920166,-0.5853806138038635
16552,2.183849573135376,-0.641022264957428
16553,2.6271588802337646,-0.6579927802085876
16554,2.298999309539795,-0.6315425038337708
16555,2.332850694656372,-0.5406527519226074
16556,2.8599910736083984,-0.635530948638916
16557,2.756234645843506,-0.6946407556533813
16558,2.342437744140625,-0.6547017693519592
16559,2.291457176208496,-0.6295719742774963
16560,2.2575998306274414,-0.596717894077301
16561,2.0955662727355957,-0.6060073375701904
16562,2.0504469871520996,-0.588065505027771
16563,2.2263927459716797,-0.6641247272491455
16564,2.298823833465576,-0.6730295419692993
16565,2.4270129203796387,-0.6677797436714172
16566,2.258188247680664,-0.6150607466697693
16567,2.428793430328369,-0.6858242154121399
16568,2.426344871520996,-0.627555251121521
16569,2.234057903289795,-0.6719725131988525
16570,2.1115846633911133,-0.6654098033905029
16571,2.2007012367248535,-0.6834269762039185
16572,2.3315281867980957,-0.6353728175163269
16573,2.054591178894043,-0.5923091769218445
16574,2.2341432571411133,-0.6684501767158508
16575,2.1333396434783936,-0.5710210204124451
16576,2.120459794998169,-0.5755959153175354
16577,2.069611072540283,-0.6419906616210938
16578,2.2806129455566406,-0.6123338341712952
16579,2.494560718536377,-0.672580361366272
16580,2.0564188957214355,-0.6477323174476624
16581,2.5122780799865723,-0.5781737565994263
16582,2.4325039386749268,-0.6132301688194275
16583,1.8806350231170654,-0.5886189937591553
16584,2.411111831665039,-0.6697562336921692
16585,2.6948509216308594,-0.661669909954071
16586,2.377718925476074,-0.5890448093414307
16587,2.261990547180176,-0.5366274118423462
16588,2.216283082962036,-0.5707873702049255
16589,2.363711357116699,-0.6516805291175842
16590,2.617539644241333,-0.7094271779060364
16591,2.4773173332214355,-0.6317453384399414
16592,2.576514720916748,-0.6711146831512451
16593,2.296731948852539,-0.6024653315544128
16594,2.1891098022460938,-0.6321458220481873
16595,2.4195616245269775,-0.5323147177696228
16596,1.9053401947021484,-0.572746217250824
16597,2.2399206161499023,-0.6323485970497131
16598,2.1760337352752686,-0.5921974778175354
16599,2.2570745944976807,-0.624070942401886
16600,2.0877888202667236,-0.5475763082504272
16601,2.303558349609375,-0.5889753699302673
16602,2.521800994873047,-0.6669780015945435
16603,2.0239810943603516,-0.5798417925834656
16604,2.4844162464141846,-0.6627459526062012
16605,2.0266926288604736,-0.6234633922576904
16606,2.1438021659851074,-0.6104776859283447
16607,2.5788416862487793,-0.6204289197921753
16608,2.2580173015594482,-0.5951621532440186
16609,2.6032891273498535,-0.5594304800033569
16610,2.0180301666259766,-0.6343979239463806
16611,2.6034016609191895,-0.617704451084137
16612,2.4202985763549805,-0.5861012935638428
16613,2.236194133758545,-0.6558948755264282
16614,2.3019399642944336,-0.6186569333076477
16615,1.9407272338867188,-0.5713098049163818
16616,2.0440521240234375,-0.5775666236877441
16617,2.847822666168213,-0.6240479946136475
16618,2.14028000831604,-0.632290780544281
16619,2.50655460357666,-0.6507903933525085
16620,2.449751377105713,-0.6450442671775818
16621,2.125321388244629,-0.5828106999397278
16622,2.0918169021606445,-0.5337164402008057
16623,2.5740625858306885,-0.6184655427932739
16624,2.4904017448425293,-0.7094573974609375
16625,2.188222885131836,-0.6230778694152832
16626,2.1309382915496826,-0.5400576591491699
16627,2.161975383758545,-0.5833452343940735
16628,2.208571195602417,-0.5614354610443115
16629,2.338554859161377,-0.5828633308410645
16630,2.3800923824310303,-0.6108554601669312
16631,2.6014833450317383,-0.7291852831840515
16632,2.6004700660705566,-0.5688602924346924
16633,2.428011894226074,-0.6621577739715576
16634,2.04514217376709,-0.5715340971946716
16635,1.9554595947265625,-0.5713277459144592
16636,2.540095806121826,-0.6824578046798706
16637,2.4030723571777344,-0.6326684355735779
16638,2.4069669246673584,-0.632903516292572
16639,2.1058602333068848,-0.5884109139442444
16640,2.226168155670166,-0.597262978553772
16641,2.2241153717041016,-0.6473326086997986
16642,2.215360641479492,-0.6187382936477661
16643,2.232771396636963,-0.5897428393363953
16644,2.5764870643615723,-0.6227368712425232
16645,2.7478814125061035,-0.6897891163825989
16646,2.2745862007141113,-0.609178900718689
16647,2.442885398864746,-0.6110228896141052
16648,2.533982753753662,-0.6363020539283752
16649,2.17567777633667,-0.5671582221984863
16650,3.081686019897461,-0.6439832448959351
16651,2.6708617210388184,-0.6344479322433472
16652,2.862461566925049,-0.7149973511695862
16653,2.654386520385742,-0.6932784914970398
16654,2.650209426879883,-0.578632116317749
16655,2.315093517303467,-0.5389844179153442
16656,2.5437331199645996,-0.6103647351264954
16657,2.394869327545166,-0.5935260653495789
16658,2.422281265258789,-0.5865299701690674
16659,2.8358371257781982,-0.6897125244140625
16660,2.282139539718628,-0.6144671440124512
16661,2.2053442001342773,-0.5522460341453552
16662,2.9478516578674316,-0.5764013528823853
16663,2.538820266723633,-0.77369225025177
16664,2.5074117183685303,-0.6277402639389038
16665,2.6897435188293457,-0.6257259249687195
16666,2.161202907562256,-0.5232114791870117
16667,2.525778293609619,-0.5644068121910095
16668,2.029268264770508,-0.6359865069389343
16669,2.1677136421203613,-0.5820896625518799
16670,2.399766683578491,-0.6454606652259827
16671,2.49362850189209,-0.6072216629981995
16672,2.441519260406494,-0.6473209261894226
16673,2.425589084625244,-0.5450167655944824
16674,2.44224214553833,-0.5709517002105713
16675,2.8035597801208496,-0.5983481407165527
16676,2.782773494720459,-0.6082189679145813
16677,2.3187732696533203,-0.6212002038955688
16678,2.383085250854492,-0.6598867774009705
16679,2.7427706718444824,-0.6207576394081116
16680,2.4687349796295166,-0.5732874274253845
16681,2.679224729537964,-0.6070369482040405
16682,2.1210579872131348,-0.5908213257789612
16683,2.510793447494507,-0.6304805874824524
16684,2.620950222015381,-0.5277232527732849
16685,2.2122063636779785,-0.5674529075622559
16686,2.3961615562438965,-0.6202824711799622
16687,2.3269224166870117,-0.670298159122467
16688,2.032198429107666,-0.5811737179756165
16689,2.476165533065796,-0.6200056672096252
16690,2.745748996734619,-0.6038199663162231
16691,2.451072931289673,-0.6842167377471924
16692,2.350719451904297,-0.6270943880081177
16693,2.9412126541137695,-0.6257051229476929
16694,2.3327689170837402,-0.6719779968261719
16695,2.4287257194519043,-0.6109929084777832
16696,2.3185477256774902,-0.5951177477836609
16697,2.45369815826416,-0.6115323305130005
16698,2.160978317260742,-0.6339614391326904
16699,2.408543348312378,-0.6744372844696045
16700,2.2403621673583984,-0.5789164304733276
16701,2.3635764122009277,-0.5696613192558289
16702,2.5335304737091064,-0.6706060767173767
16703,2.149721622467041,-0.6158958673477173
16704,2.5961878299713135,-0.709967851638794
16705,2.429950475692749,-0.706315279006958
16706,2.460439682006836,-0.6229878067970276
16707,2.427180767059326,-0.5523738265037537
16708,2.2521743774414062,-0.6392900347709656
16709,2.2508466243743896,-0.6282784938812256
16710,2.6145920753479004,-0.5702539682388306
16711,2.8751277923583984,-0.7328948378562927
16712,2.317904472351074,-0.6766340732574463
16713,2.373138904571533,-0.6780946254730225
16714,2.1258504390716553,-0.6141150593757629
16715,2.300795078277588,-0.5895262360572815
16716,2.3179478645324707,-0.5598533749580383
16717,2.0207581520080566,-0.6099892258644104
16718,2.6486687660217285,-0.6412821412086487
16719,2.3357419967651367,-0.6305210590362549
16720,2.6882262229919434,-0.6277826428413391
16721,2.130931854248047,-0.5686753988265991
16722,2.219684362411499,-0.6209359169006348
16723,2.4112908840179443,-0.6607211828231812
16724,1.9925971031188965,-0.5981758832931519
16725,2.5268664360046387,-0.6195558309555054
16726,2.381552219390869,-0.6423014998435974
16727,2.271012783050537,-0.6146047711372375
16728,2.3139443397521973,-0.5584724545478821
16729,2.111255168914795,-0.6930386424064636
16730,2.593656301498413,-0.5628049373626709
16731,1.9913159608840942,-0.596482515335083
16732,2.188978672027588,-0.576031506061554
16733,2.319490909576416,-0.5295715928077698
16734,2.3582868576049805,-0.5841843485832214
16735,2.0431063175201416,-0.5897117853164673
16736,2.4256069660186768,-0.6090943813323975
16737,2.4861345291137695,-0.6043288111686707
16738,2.379696846008301,-0.6073957681655884
16739,2.704596757888794,-0.6554145812988281
16740,2.1728100776672363,-0.651119589805603
16741,2.3873438835144043,-0.6475055813789368
16742,2.5558958053588867,-0.6258904337882996
16743,2.5057053565979004,-0.6155962944030762
16744,2.4585800170898438,-0.5860841274261475
16745,1.999119520187378,-0.6258485913276672
16746,2.2534008026123047,-0.6225929856300354
16747,2.5041284561157227,-0.7037193775177002
16748,2.0930042266845703,-0.643220841884613
16749,2.4395833015441895,-0.6029635071754456
16750,2.9283714294433594,-0.6585860252380371
16751,2.1611788272857666,-0.6550956964492798
16752,2.180976629257202,-0.6027429699897766
16753,2.2914233207702637,-0.644634485244751
16754,2.7187013626098633,-0.670559823513031
16755,1.995889663696289,-0.6081559062004089
16756,2.4158458709716797,-0.616101861000061
16757,2.2223424911499023,-0.5787893533706665
16758,2.2603044509887695,-0.6621391177177429
16759,2.3576698303222656,-0.6637012958526611
16760,1.9565801620483398,-0.6008275151252747
16761,2.6337218284606934,-0.669524610042572
16762,2.337674140930176,-0.6701457500457764
16763,2.2869210243225098,-0.6090506315231323
16764,2.2000980377197266,-0.6103256940841675
16765,2.334681749343872,-0.6180044412612915
16766,2.1036486625671387,-0.6197144985198975
16767,2.35032320022583,-0.632017970085144
16768,2.9072370529174805,-0.6668539643287659
16769,2.8722338676452637,-0.767539381980896
16770,2.2240798473358154,-0.6016475558280945
16771,2.756575107574463,-0.6764787435531616
16772,2.3944122791290283,-0.5938536524772644
16773,2.560019016265869,-0.6378325819969177
16774,2.5572280883789062,-0.6519857048988342
16775,2.325774669647217,-0.6856542825698853
16776,2.6428287029266357,-0.6726224422454834
16777,2.5736494064331055,-0.6363743543624878
16778,2.324477434158325,-0.6233884692192078
16779,2.3316712379455566,-0.627316415309906
16780,2.3368029594421387,-0.6643356084823608
16781,2.0455873012542725,-0.6125461459159851
16782,2.416985034942627,-0.6185051798820496
16783,2.3917365074157715,-0.629001259803772
16784,2.101595640182495,-0.6546540856361389
16785,2.3932385444641113,-0.6466965675354004
16786,2.1438159942626953,-0.5241949558258057
16787,2.5438826084136963,-0.6631057262420654
16788,2.2858667373657227,-0.6157214641571045
16789,2.7579164505004883,-0.7089641094207764
16790,2.2803802490234375,-0.6646988391876221
16791,2.3268041610717773,-0.6823357939720154
16792,2.1579666137695312,-0.592723548412323
16793,2.054818630218506,-0.5962321758270264
16794,2.4228439331054688,-0.5244913697242737
16795,2.434847593307495,-0.6233404278755188
16796,2.6415960788726807,-0.7419746518135071
16797,2.338322877883911,-0.5242205262184143
16798,2.4792027473449707,-0.6411451697349548
16799,2.1742146015167236,-0.5900694131851196
16800,2.834467887878418,-0.6403898596763611
16801,2.4730772972106934,-0.6883654594421387
16802,2.6137852668762207,-0.7178979516029358
16803,2.2952327728271484,-0.6529791355133057
16804,2.260350465774536,-0.5581904649734497
16805,2.1821393966674805,-0.5782656669616699
16806,2.458423376083374,-0.6251270771026611
16807,2.4953675270080566,-0.5993825197219849
16808,2.322693109512329,-0.6710229516029358
16809,2.7268147468566895,-0.6657911539077759
16810,2.284672498703003,-0.5717824101448059
16811,1.9521992206573486,-0.5912112593650818
16812,2.363905906677246,-0.5585792064666748
16813,2.450913906097412,-0.6089295148849487
16814,2.4874074459075928,-0.6472839117050171
16815,2.490126371383667,-0.5973976254463196
16816,2.296666145324707,-0.6245710253715515
16817,2.2775824069976807,-0.5585846900939941
16818,2.244615077972412,-0.5991658568382263
16819,2.328686237335205,-0.5594877600669861
16820,2.262054920196533,-0.5570001006126404
16821,2.618696451187134,-0.6416956186294556
16822,2.0709850788116455,-0.6394660472869873
16823,2.4362759590148926,-0.627701997756958
16824,2.3123860359191895,-0.636526882648468
16825,2.6761486530303955,-0.6038260459899902
16826,2.565049171447754,-0.6591556668281555
16827,2.024200439453125,-0.5976158380508423
16828,2.2107365131378174,-0.6265897154808044
16829,2.2834348678588867,-0.653410792350769
16830,2.196458339691162,-0.6185907125473022
16831,2.313613176345825,-0.7107048034667969
16832,2.4432497024536133,-0.6798123121261597
16833,2.7550976276397705,-0.6311302781105042
16834,2.1869776248931885,-0.6432597637176514
16835,2.491992950439453,-0.5852106213569641
16836,2.1926963329315186,-0.6170668601989746
16837,2.1878604888916016,-0.6885138154029846
16838,2.352452278137207,-0.6075752377510071
16839,2.8300814628601074,-0.7243965268135071
16840,2.3799848556518555,-0.6494808793067932
16841,2.3750133514404297,-0.6268948912620544
16842,2.4491145610809326,-0.6039917469024658
16843,2.576984405517578,-0.6792464256286621
16844,2.0257816314697266,-0.6352845430374146
16845,2.279231309890747,-0.6676892042160034
16846,2.277147054672241,-0.7218285202980042
16847,2.0518317222595215,-0.6280573010444641
16848,2.7736430168151855,-0.6144821047782898
16849,2.539501667022705,-0.6703101396560669
16850,2.505747079849243,-0.6304669976234436
16851,2.070918083190918,-0.702239453792572
16852,2.327664852142334,-0.6209176778793335
16853,2.2746877670288086,-0.562769889831543
16854,2.534897804260254,-0.6235203742980957
16855,2.366441249847412,-0.7157489657402039
16856,2.487276554107666,-0.6697255969047546
16857,2.397736072540283,-0.6042520403862
16858,2.6212213039398193,-0.572823166847229
16859,2.819188117980957,-0.6156098246574402
16860,2.2755117416381836,-0.6425254940986633
16861,2.4019775390625,-0.6816681623458862
16862,2.569409132003784,-0.7124988436698914
16863,2.4897971153259277,-0.5940128564834595
16864,2.455996513366699,-0.6579515337944031
16865,2.68239688873291,-0.6436237096786499
16866,2.4128522872924805,-0.6005752682685852
16867,2.234917402267456,-0.526777982711792
16868,2.3794174194335938,-0.6171835064888
16869,2.1604185104370117,-0.5506801009178162
16870,2.501462936401367,-0.6863204836845398
16871,2.885444164276123,-0.6629486680030823
16872,2.25679349899292,-0.7015466094017029
16873,2.4402449131011963,-0.6157668232917786
16874,2.403224468231201,-0.6267561316490173
16875,2.2202916145324707,-0.5805189609527588
16876,2.3560781478881836,-0.6120491623878479
16877,1.944568395614624,-0.5533589720726013
16878,2.0939130783081055,-0.6729843616485596
16879,2.2754859924316406,-0.6119574904441833
16880,2.2598981857299805,-0.5555644631385803
16881,2.0251619815826416,-0.5425517559051514
16882,2.2811172008514404,-0.5876665711402893
16883,2.2715916633605957,-0.6338018178939819
16884,2.1783862113952637,-0.7277818322181702
16885,2.5549721717834473,-0.7091672420501709
16886,2.224935531616211,-0.5888665318489075
16887,2.394883632659912,-0.6024602651596069
16888,2.2538974285125732,-0.5478286743164062
16889,2.1859278678894043,-0.6161291599273682
16890,2.252689838409424,-0.6196573972702026
16891,2.5962271690368652,-0.7068315744400024
16892,2.37453556060791,-0.6348319053649902
16893,2.3142335414886475,-0.6204687356948853
16894,2.401874542236328,-0.5655560493469238
16895,2.491692066192627,-0.6465106010437012
16896,2.267261505126953,-0.7095140814781189
16897,2.30137300491333,-0.6537942290306091
16898,2.052717685699463,-0.5987815260887146
16899,2.5299787521362305,-0.6996910572052002
16900,2.4300572872161865,-0.6326479315757751
16901,2.562432289123535,-0.7125686407089233
16902,3.0222229957580566,-0.6261339783668518
16903,2.1892104148864746,-0.5322977304458618
16904,2.1636195182800293,-0.5746282339096069
16905,2.370504856109619,-0.5751065611839294
16906,2.2645938396453857,-0.5777266621589661
16907,2.2092018127441406,-0.5795027017593384
16908,2.4179158210754395,-0.634053111076355
16909,2.4080810546875,-0.7222268581390381
16910,2.3861427307128906,-0.5386546850204468
16911,2.1508805751800537,-0.647769570350647
16912,2.2495670318603516,-0.6198596358299255
16913,2.331541061401367,-0.5869248509407043
16914,2.813671588897705,-0.6062382459640503
16915,2.6581530570983887,-0.6193352341651917
16916,2.4905827045440674,-0.6610674262046814
16917,2.2214231491088867,-0.6433453559875488
16918,2.0205941200256348,-0.5663328766822815
16919,2.4055845737457275,-0.5987460613250732
16920,2.356438159942627,-0.5946458578109741
16921,2.197249412536621,-0.6288195252418518
16922,2.488241195678711,-0.6545929908752441
16923,2.4380252361297607,-0.5725650191307068
16924,2.172497272491455,-0.5365970134735107
16925,2.6909706592559814,-0.6015668511390686
16926,2.2331459522247314,-0.6140637993812561
16927,2.1939589977264404,-0.667527437210083
16928,2.7189090251922607,-0.6348646283149719
16929,2.6365509033203125,-0.6044415831565857
16930,2.4288887977600098,-0.5846949219703674
16931,2.2206850051879883,-0.5908834338188171
16932,2.115229606628418,-0.6945266127586365
16933,2.2195935249328613,-0.6855275630950928
16934,2.5285582542419434,-0.6182678937911987
16935,2.1142706871032715,-0.6359729170799255
16936,2.461845874786377,-0.6067996025085449
16937,2.454052448272705,-0.585575520992279
16938,2.4527478218078613,-0.6662120223045349
16939,2.4610955715179443,-0.6942567229270935
16940,2.387584924697876,-0.6978726387023926
16941,2.2445333003997803,-0.5694372057914734
16942,2.0747759342193604,-0.5644333958625793
16943,2.257415533065796,-0.6282017230987549
16944,2.3608920574188232,-0.6554650068283081
16945,2.5472304821014404,-0.7105563282966614
16946,2.5354838371276855,-0.6157203912734985
16947,2.290536880493164,-0.5587765574455261
16948,2.522062301635742,-0.6326271295547485
16949,2.4034223556518555,-0.695629894733429
16950,2.097878932952881,-0.6675502061843872
16951,2.0764272212982178,-0.682711124420166
16952,2.0310111045837402,-0.6136234402656555
16953,2.098778247833252,-0.637344241142273
16954,2.471123218536377,-0.687583863735199
16955,2.366313934326172,-0.736940860748291
16956,2.537109613418579,-0.7255640625953674
16957,2.3506834506988525,-0.62227463722229
16958,2.4892685413360596,-0.6241099238395691
16959,2.3441829681396484,-0.6780930161476135
16960,2.112750768661499,-0.6395907998085022
16961,2.33512020111084,-0.5867330431938171
16962,2.579490900039673,-0.623049259185791
16963,2.230560779571533,-0.630541980266571
16964,2.1687004566192627,-0.603710949420929
16965,2.5057897567749023,-0.5961452722549438
16966,2.4426398277282715,-0.6727213859558105
16967,2.1278433799743652,-0.630319356918335
16968,2.351991891860962,-0.615127682685852
16969,2.264024019241333,-0.6162758469581604
16970,2.561947822570801,-0.5867530107498169
16971,2.5235843658447266,-0.668192446231842
16972,2.184171438217163,-0.6419333815574646
16973,2.4286417961120605,-0.6459322571754456
16974,2.446089744567871,-0.6239041686058044
16975,2.2358880043029785,-0.6035250425338745
16976,2.204437255859375,-0.6155131459236145
16977,2.545182704925537,-0.5203437209129333
16978,2.371598243713379,-0.6718788743019104
16979,2.2777020931243896,-0.5493041276931763
16980,2.349170684814453,-0.6203587651252747
16981,2.4626216888427734,-0.6079258918762207
16982,2.0612833499908447,-0.6120645999908447
16983,2.471804618835449,-0.5979701280593872
16984,2.5846662521362305,-0.587351381778717
16985,2.231612205505371,-0.6009920239448547
16986,2.152266502380371,-0.6342662572860718
16987,2.620847225189209,-0.6503187417984009
16988,2.5102124214172363,-0.6332418322563171
16989,2.4863314628601074,-0.6423967480659485
16990,2.563507556915283,-0.5890522599220276
16991,2.4703996181488037,-0.5900404453277588
16992,2.235556125640869,-0.5565634369850159
16993,2.1229565143585205,-0.6708066463470459
16994,2.26287841796875,-0.6439434885978699
16995,2.2145485877990723,-0.5645198225975037
16996,2.7417094707489014,-0.7490718960762024
16997,2.354160785675049,-0.6413419246673584
16998,2.326880693435669,-0.657667875289917
16999,2.123581886291504,-0.5806406140327454
17000,2.2555668354034424,-0.6172158718109131
17001,2.168025016784668,-0.5894643664360046
17002,2.2513437271118164,-0.6447996497154236
17003,2.2872133255004883,-0.6514756679534912
17004,2.144770860671997,-0.600458562374115
17005,2.661710739135742,-0.6604954600334167
17006,2.1761951446533203,-0.6420021057128906
17007,2.430694580078125,-0.5666744709014893
17008,2.5073304176330566,-0.5501477718353271
17009,2.467348575592041,-0.6365001201629639
17010,2.206765651702881,-0.6984792351722717
17011,2.3123207092285156,-0.6924762725830078
17012,2.295999526977539,-0.6488149762153625
17013,2.312868356704712,-0.653358519077301
17014,2.340094804763794,-0.687286376953125
17015,2.469532012939453,-0.5958632230758667
17016,2.5541954040527344,-0.6887450218200684
17017,2.007089376449585,-0.5701884031295776
17018,2.568244695663452,-0.6809014081954956
17019,2.5194485187530518,-0.5901595950126648
17020,2.4425206184387207,-0.56410813331604
17021,2.169480800628662,-0.6091940999031067
17022,2.2468018531799316,-0.6354939937591553
17023,1.947176218032837,-0.5621683597564697
17024,2.2360191345214844,-0.5541946887969971
17025,2.2702183723449707,-0.6716258525848389
17026,2.121095657348633,-0.5585510730743408
17027,2.28413724899292,-0.5194936990737915
17028,2.5717968940734863,-0.6472032070159912
17029,2.496708631515503,-0.7157658934593201
17030,2.4418764114379883,-0.6307393908500671
17031,2.387094020843506,-0.5588617324829102
17032,2.1914753913879395,-0.6562972068786621
17033,2.4026174545288086,-0.5496071577072144
17034,2.760718822479248,-0.652005672454834
17035,2.148622512817383,-0.6212198734283447
17036,2.1791634559631348,-0.6439411640167236
17037,2.5713307857513428,-0.6377618908882141
17038,2.5318171977996826,-0.6926246881484985
17039,2.625016450881958,-0.5581112504005432
17040,2.7150115966796875,-0.6885977387428284
17041,2.2185778617858887,-0.6862512230873108
17042,2.1378486156463623,-0.6226544380187988
17043,2.425142288208008,-0.5713548064231873
17044,2.554300308227539,-0.6311988234519958
17045,2.3172378540039062,-0.6647900342941284
17046,2.1103806495666504,-0.6446845531463623
17047,2.1151957511901855,-0.5443407297134399
17048,2.5660359859466553,-0.6557233929634094
17049,2.3214616775512695,-0.6497640013694763
17050,2.335057258605957,-0.6416367292404175
17051,2.4701948165893555,-0.5836294293403625
17052,2.163440227508545,-0.6521652340888977
17053,2.1555638313293457,-0.6604556441307068
17054,2.4403204917907715,-0.6468448042869568
17055,2.316948890686035,-0.5730221271514893
17056,2.347041130065918,-0.5821182131767273
17057,2.6384620666503906,-0.6551145911216736
17058,2.2012996673583984,-0.5245078802108765
17059,2.1520485877990723,-0.6028639674186707
17060,2.218538522720337,-0.583899974822998
17061,2.152523994445801,-0.6407737135887146
17062,2.026045322418213,-0.5855483412742615
17063,2.1990365982055664,-0.5927852392196655
17064,2.1544346809387207,-0.6337934136390686
17065,2.4481334686279297,-0.5616340041160583
17066,2.3725452423095703,-0.8025124073028564
17067,2.4764041900634766,-0.6822677850723267
17068,2.5932579040527344,-0.5948494076728821
17069,2.6269631385803223,-0.5733886361122131
17070,2.1225481033325195,-0.5761996507644653
17071,2.3579790592193604,-0.573529839515686
17072,2.33377742767334,-0.600826621055603
17073,2.4310784339904785,-0.6250016093254089
17074,1.9995121955871582,-0.6385852098464966
17075,2.5715391635894775,-0.6704716682434082
17076,2.6638619899749756,-0.6012434363365173
17077,2.53127384185791,-0.6040400862693787
17078,2.0976810455322266,-0.6083855628967285
17079,2.1694130897521973,-0.6118013858795166
17080,2.080538272857666,-0.647514283657074
17081,1.9961472749710083,-0.65444016456604
17082,2.09981107711792,-0.6437559723854065
17083,2.4785518646240234,-0.6187853217124939
17084,2.8841097354888916,-0.5951829552650452
17085,2.4049954414367676,-0.6075870394706726
17086,2.241798162460327,-0.606799840927124
17087,2.1135709285736084,-0.6211065053939819
17088,2.647836208343506,-0.6712188720703125
17089,2.389169216156006,-0.6931248307228088
17090,2.46881103515625,-0.649271547794342
17091,2.588667869567871,-0.5699025392532349
17092,1.9904112815856934,-0.6231023669242859
17093,2.413710594177246,-0.5920434594154358
17094,2.100320816040039,-0.7056340575218201
17095,2.2123258113861084,-0.6178207993507385
17096,2.353588104248047,-0.6266258955001831
17097,2.3628745079040527,-0.5576297640800476
17098,2.3816919326782227,-0.647756040096283
17099,2.362297773361206,-0.6253259778022766
17100,2.7068238258361816,-0.6284559965133667
17101,2.369600296020508,-0.5957767367362976
17102,2.1152966022491455,-0.5287604331970215
17103,2.4519288539886475,-0.5671196579933167
17104,2.220470428466797,-0.6202560067176819
17105,2.7068867683410645,-0.7038062214851379
17106,2.365445375442505,-0.6528021097183228
17107,2.3217387199401855,-0.6517379283905029
17108,2.007479190826416,-0.563666820526123
17109,2.3452367782592773,-0.6505460143089294
17110,2.4396162033081055,-0.6565294861793518
17111,2.432929754257202,-0.6778742074966431
17112,2.264446258544922,-0.5586125254631042
17113,2.4455459117889404,-0.5556682348251343
17114,2.4418811798095703,-0.6074054837226868
17115,2.305479049682617,-0.6073343753814697
17116,2.402458667755127,-0.6195807456970215
17117,2.2098097801208496,-0.6592162847518921
17118,2.4607644081115723,-0.6254741549491882
17119,2.2121338844299316,-0.6626670360565186
17120,2.632976531982422,-0.5921745896339417
17121,2.62459135055542,-0.6880996823310852
17122,2.360835075378418,-0.6685090065002441
17123,1.948024868965149,-0.6040511131286621
17124,2.3421871662139893,-0.5899077653884888
17125,1.9948866367340088,-0.5880545973777771
17126,2.221421241760254,-0.5930203199386597
17127,2.6413652896881104,-0.6530254483222961
17128,2.2362308502197266,-0.6253076791763306
17129,2.2066149711608887,-0.5530710816383362
17130,2.7010889053344727,-0.6262325048446655
17131,2.4525938034057617,-0.6400750875473022
17132,2.0766825675964355,-0.6133856773376465
17133,2.6321401596069336,-0.7064262628555298
17134,2.1462159156799316,-0.6177523136138916
17135,2.573906183242798,-0.6101688146591187
17136,2.3800294399261475,-0.62396639585495
17137,2.691593647003174,-0.589266836643219
17138,2.389740467071533,-0.6187565922737122
17139,2.224531650543213,-0.5975009799003601
17140,2.542295217514038,-0.6931741833686829
17141,2.8036303520202637,-0.7119271159172058
17142,2.0808591842651367,-0.5726644992828369
17143,2.264497756958008,-0.5787550806999207
17144,2.3290233612060547,-0.6141577959060669
17145,2.5570836067199707,-0.6773092746734619
17146,2.6478123664855957,-0.691284716129303
17147,2.497126817703247,-0.7225837707519531
17148,2.3635406494140625,-0.6019437313079834
17149,2.6506147384643555,-0.5860437750816345
17150,2.5309243202209473,-0.5497601628303528
17151,2.3564791679382324,-0.6178825497627258
17152,2.073330879211426,-0.586068332195282
17153,2.2918639183044434,-0.6646522283554077
17154,2.4607701301574707,-0.6160877346992493
17155,2.4280307292938232,-0.5920260548591614
17156,2.4203665256500244,-0.6197277903556824
17157,2.204535961151123,-0.6473758816719055
17158,2.4718456268310547,-0.602653980255127
17159,2.39184832572937,-0.7362202405929565
17160,2.624861717224121,-0.6530787944793701
17161,3.085761547088623,-0.6580404043197632
17162,2.2120749950408936,-0.678964376449585
17163,2.423731803894043,-0.6155586838722229
17164,2.4749269485473633,-0.6149410009384155
17165,2.597837209701538,-0.679341197013855
17166,2.503777503967285,-0.5715892314910889
17167,2.6660077571868896,-0.6002753973007202
17168,2.507905960083008,-0.6692069172859192
17169,2.488837242126465,-0.6317487955093384
17170,2.291311264038086,-0.5922293663024902
17171,2.3425655364990234,-0.5723532438278198
17172,2.659750461578369,-0.6907615065574646
17173,2.432783365249634,-0.6356553435325623
17174,2.5459632873535156,-0.6288533806800842
17175,2.364189624786377,-0.656848669052124
17176,2.35897159576416,-0.6396217942237854
17177,2.411313533782959,-0.6090399026870728
17178,2.4793949127197266,-0.6491619348526001
17179,2.2239110469818115,-0.6168015003204346
17180,2.5130085945129395,-0.6959778070449829
17181,2.319838047027588,-0.662070631980896
17182,2.705435276031494,-0.6166223883628845
17183,2.3347277641296387,-0.6267679929733276
17184,2.0943408012390137,-0.6180534362792969
17185,2.2345733642578125,-0.6283973455429077
17186,2.1587400436401367,-0.6116419434547424
17187,2.1746511459350586,-0.6003164052963257
17188,1.7811793088912964,-0.5727313756942749
17189,2.254685401916504,-0.6300500631332397
17190,2.038999557495117,-0.5292991399765015
17191,2.348593235015869,-0.6759250164031982
17192,2.351778030395508,-0.624449610710144
17193,2.3966126441955566,-0.616865336894989
17194,2.6277668476104736,-0.721972644329071
17195,2.387019634246826,-0.6488092541694641
17196,2.357830762863159,-0.6113234162330627
17197,2.5732641220092773,-0.5979714393615723
17198,2.010740280151367,-0.6822429895401001
17199,1.9201699495315552,-0.586264431476593
17200,2.256697654724121,-0.613634467124939
17201,2.780076026916504,-0.6481589674949646
17202,2.116724967956543,-0.6496968269348145
17203,2.337125301361084,-0.6284995079040527
17204,2.3349642753601074,-0.6726523041725159
17205,2.4432601928710938,-0.5658581256866455
17206,2.0957961082458496,-0.5586177706718445
17207,2.2307991981506348,-0.6765970587730408
17208,2.374410629272461,-0.5844934582710266
17209,2.5375332832336426,-0.6428919434547424
17210,2.2520809173583984,-0.7367966175079346
17211,2.6566364765167236,-0.6231316328048706
17212,2.7509407997131348,-0.621140718460083
17213,2.9356932640075684,-0.7134860754013062
17214,2.979879140853882,-0.6563725471496582
17215,2.630439281463623,-0.6283174157142639
17216,2.115692377090454,-0.6078360080718994
17217,1.8682467937469482,-0.5733346343040466
17218,2.2592227458953857,-0.5506386160850525
17219,2.059119462966919,-0.6338075995445251
17220,2.3760786056518555,-0.6553761959075928
17221,2.432487726211548,-0.6572631001472473
17222,2.665708541870117,-0.6054655313491821
17223,2.7561450004577637,-0.5968453288078308
17224,2.522566795349121,-0.6698700785636902
17225,2.0299060344696045,-0.6771163940429688
17226,2.4854817390441895,-0.6649119853973389
17227,2.4785990715026855,-0.6440002918243408
17228,2.001631021499634,-0.5834468603134155
17229,2.19775128364563,-0.5891605615615845
17230,2.34022855758667,-0.6458561420440674
17231,2.1364688873291016,-0.598410964012146
17232,2.1469368934631348,-0.5826606154441833
17233,2.331987142562866,-0.6230489611625671
17234,2.4896059036254883,-0.6170733571052551
17235,2.224172592163086,-0.6099336743354797
17236,2.2547707557678223,-0.557507336139679
17237,2.1579198837280273,-0.6078924536705017
17238,2.3664581775665283,-0.6152926683425903
17239,2.129518508911133,-0.6060459017753601
17240,2.3649845123291016,-0.7014337778091431
17241,2.267885684967041,-0.6576635241508484
17242,3.014507293701172,-0.6003713011741638
17243,2.1202340126037598,-0.6420120000839233
17244,2.394287109375,-0.6136617064476013
17245,2.2240397930145264,-0.6768995523452759
17246,2.2696642875671387,-0.5814775228500366
17247,2.489619255065918,-0.6294162273406982
17248,2.7201380729675293,-0.60338294506073
17249,2.6895501613616943,-0.6245850920677185
17250,2.385967254638672,-0.6424139142036438
17251,2.464503288269043,-0.6022896766662598
17252,2.145416259765625,-0.6102985143661499
17253,2.804622173309326,-0.6547890305519104
17254,2.3254103660583496,-0.6504039764404297
17255,2.453885078430176,-0.7103639841079712
17256,2.0140492916107178,-0.5436034798622131
17257,2.440176010131836,-0.5886136293411255
17258,2.4375710487365723,-0.5823684334754944
17259,2.2645959854125977,-0.5995105504989624
17260,2.5698206424713135,-0.5731653571128845
17261,2.683835983276367,-0.5790169835090637
17262,2.737140655517578,-0.6514719128608704
17263,2.759481906890869,-0.608069896697998
17264,2.4821813106536865,-0.6121600866317749
17265,2.4760982990264893,-0.5894386768341064
17266,2.151346206665039,-0.6317883133888245
17267,2.3732731342315674,-0.611278772354126
17268,2.403181552886963,-0.5834726095199585
17269,2.204577684402466,-0.6583324670791626
17270,2.400987148284912,-0.5674221515655518
17271,2.714297294616699,-0.6815414428710938
17272,2.2032735347747803,-0.663125216960907
17273,2.326545238494873,-0.6729504466056824
17274,2.518188953399658,-0.6269263625144958
17275,2.2552027702331543,-0.568290650844574
17276,2.276336193084717,-0.6265419125556946
17277,2.5926804542541504,-0.6072551012039185
17278,2.2058870792388916,-0.5934310555458069
17279,2.3829479217529297,-0.6897130012512207
17280,2.2972159385681152,-0.597308874130249
17281,2.3245153427124023,-0.7012235522270203
17282,2.4561634063720703,-0.5878344774246216
17283,2.1342082023620605,-0.6396969556808472
17284,2.072835922241211,-0.6543503403663635
17285,2.276846408843994,-0.6468454599380493
17286,2.5837807655334473,-0.6467522382736206
17287,2.465494155883789,-0.5610082149505615
17288,2.658900022506714,-0.6923695206642151
17289,2.2388813495635986,-0.6593508720397949
17290,2.369304895401001,-0.6911953687667847
17291,2.3774423599243164,-0.7149356007575989
17292,2.5438129901885986,-0.6240482330322266
17293,2.5239977836608887,-0.6054019927978516
17294,2.414219379425049,-0.5894327163696289
17295,2.1542015075683594,-0.7259619235992432
17296,2.2727341651916504,-0.6336238384246826
17297,2.384221076965332,-0.6449675559997559
17298,2.400317668914795,-0.6304265856742859
17299,2.310284376144409,-0.5658331513404846
17300,2.180016040802002,-0.5204054117202759
17301,2.5536084175109863,-0.6088988780975342
17302,2.0798697471618652,-0.6921312808990479
17303,2.7790796756744385,-0.7382153868675232
17304,1.9405401945114136,-0.5458295941352844
17305,2.8255019187927246,-0.5554119348526001
17306,2.115346908569336,-0.5722789764404297
17307,2.287325859069824,-0.657469630241394
17308,2.3220763206481934,-0.5753712058067322
17309,2.3004465103149414,-0.6695736646652222
17310,2.4796576499938965,-0.7346126437187195
17311,2.2498934268951416,-0.5807483792304993
17312,2.378237247467041,-0.5319846868515015
17313,2.3118276596069336,-0.5708332657814026
17314,2.444119453430176,-0.6961163282394409
17315,2.6743476390838623,-0.7123035192489624
17316,2.529378652572632,-0.6415165066719055
17317,2.3935763835906982,-0.6461250185966492
17318,2.6126742362976074,-0.595456600189209
17319,2.302076816558838,-0.6551030874252319
17320,2.412259578704834,-0.6272059679031372
17321,2.57875657081604,-0.6127599477767944
17322,2.2957277297973633,-0.6207806468009949
17323,2.1923935413360596,-0.5561766624450684
17324,2.299630641937256,-0.540910005569458
17325,2.467068672180176,-0.5786173343658447
17326,2.4629197120666504,-0.5918731689453125
17327,2.3655033111572266,-0.6867774128913879
17328,2.4819488525390625,-0.6650267243385315
17329,2.296713352203369,-0.6043360233306885
17330,1.8761956691741943,-0.5650993585586548
17331,2.6348648071289062,-0.5153800249099731
17332,2.2714624404907227,-0.6339833736419678
17333,2.223402261734009,-0.6937339305877686
17334,2.30745792388916,-0.5965824723243713
17335,2.25069260597229,-0.6141679883003235
17336,2.23474383354187,-0.6165696978569031
17337,2.3989813327789307,-0.6921537518501282
17338,2.407109260559082,-0.6302806735038757
17339,2.218224048614502,-0.553470253944397
17340,2.4905197620391846,-0.6114921569824219
17341,2.360456943511963,-0.5953154563903809
17342,2.243464469909668,-0.6979860663414001
17343,2.1760218143463135,-0.5731233358383179
17344,2.65720534324646,-0.5697903037071228
17345,2.3562397956848145,-0.6378850340843201
17346,2.2819766998291016,-0.6428404450416565
17347,2.2676544189453125,-0.5476069450378418
17348,2.273630142211914,-0.6076436042785645
17349,3.160750150680542,-0.6844534873962402
17350,2.1845078468322754,-0.6719013452529907
17351,2.6130948066711426,-0.6617723107337952
17352,2.697219133377075,-0.6101793050765991
17353,2.645352840423584,-0.6373733878135681
17354,2.1989521980285645,-0.5424547791481018
17355,2.190033435821533,-0.6057195067405701
17356,2.1142654418945312,-0.590538501739502
17357,2.1634130477905273,-0.5773153901100159
17358,2.812675952911377,-0.7093279957771301
17359,2.3888916969299316,-0.6613282561302185
17360,2.600980281829834,-0.656079113483429
17361,2.342255115509033,-0.5860375761985779
17362,2.665257453918457,-0.6455039381980896
17363,2.2367475032806396,-0.5682575106620789
17364,2.253211498260498,-0.6657128930091858
17365,2.2024083137512207,-0.6105656027793884
17366,2.445253372192383,-0.6345146298408508
17367,2.2233569622039795,-0.6096179485321045
17368,2.748868465423584,-0.5620720386505127
17369,2.346357583999634,-0.6499440670013428
17370,2.372952699661255,-0.6262806057929993
17371,2.3326358795166016,-0.6759535074234009
17372,2.451420307159424,-0.6880925893783569
17373,2.1184499263763428,-0.5715784430503845
17374,2.2009105682373047,-0.6178153157234192
17375,2.562356472015381,-0.6659709215164185
17376,2.167099952697754,-0.6500222086906433
17377,2.24178409576416,-0.6207089424133301
17378,2.4468088150024414,-0.6546459794044495
17379,2.3156204223632812,-0.6710608005523682
17380,2.543199062347412,-0.6924209594726562
17381,2.1340043544769287,-0.642474889755249
17382,2.58290433883667,-0.6237916946411133
17383,2.487942934036255,-0.6545334458351135
17384,2.125530958175659,-0.6831926703453064
17385,2.2174289226531982,-0.6143002510070801
17386,2.304826259613037,-0.6431389451026917
17387,2.2857937812805176,-0.6189525127410889
17388,2.0771918296813965,-0.585476815700531
17389,2.7760698795318604,-0.6187530755996704
17390,2.0738894939422607,-0.6616532206535339
17391,2.231684684753418,-0.6463669538497925
17392,2.5671963691711426,-0.5394578576087952
17393,2.240640640258789,-0.580869734287262
17394,2.482400894165039,-0.6318121552467346
17395,2.491722583770752,-0.576090395450592
17396,2.57104229927063,-0.6953378915786743
17397,2.3282852172851562,-0.6308977603912354
17398,2.1782939434051514,-0.47236883640289307
17399,2.8442230224609375,-0.6745492815971375
17400,2.7326560020446777,-0.63422691822052
17401,2.5496342182159424,-0.6887519359588623
17402,2.534987449645996,-0.6219763159751892
17403,2.3625454902648926,-0.6341186761856079
17404,2.379718065261841,-0.5769591331481934
17405,2.24545955657959,-0.5945305228233337
17406,2.257511615753174,-0.6448767781257629
17407,2.5331830978393555,-0.6187048554420471
17408,2.1481308937072754,-0.6124860644340515
17409,2.3793039321899414,-0.6503974199295044
17410,2.5807199478149414,-0.657179594039917
17411,2.302731513977051,-0.7078907489776611
17412,2.5439329147338867,-0.6593477129936218
17413,2.184265613555908,-0.6309097409248352
17414,2.1626129150390625,-0.5812787413597107
17415,2.3016891479492188,-0.591500461101532
17416,2.264657497406006,-0.6371641755104065
17417,2.5813472270965576,-0.6218886375427246
17418,2.1163926124572754,-0.6857651472091675
17419,2.3638815879821777,-0.6206060647964478
17420,2.1625075340270996,-0.6111772060394287
17421,2.3937790393829346,-0.6977038383483887
17422,2.0257182121276855,-0.5599172711372375
17423,2.0159144401550293,-0.6484620571136475
17424,2.421186923980713,-0.6293474435806274
17425,2.06626558303833,-0.6166780591011047
17426,2.381354570388794,-0.6139108538627625
17427,2.087273597717285,-0.627099335193634
17428,2.377260446548462,-0.586226224899292
17429,2.259336471557617,-0.6529849767684937
17430,1.9965591430664062,-0.5511435866355896
17431,2.54142427444458,-0.6546777486801147
17432,2.7130305767059326,-0.6385501027107239
17433,2.0893800258636475,-0.5570723414421082
17434,2.1393580436706543,-0.6523691415786743
17435,2.471226692199707,-0.5466790795326233
17436,2.3790860176086426,-0.5844942927360535
17437,2.330613613128662,-0.6905329823493958
17438,2.377260684967041,-0.7541493773460388
17439,2.098569393157959,-0.5996851921081543
17440,2.108039617538452,-0.5935570597648621
17441,2.1089839935302734,-0.6172162890434265
17442,2.4391226768493652,-0.6003396511077881
17443,2.1973683834075928,-0.6372563242912292
17444,2.6146273612976074,-0.5933052897453308
17445,2.445868968963623,-0.7036868333816528
17446,2.4583096504211426,-0.664842963218689
17447,2.3239684104919434,-0.5447766780853271
17448,2.330578565597534,-0.5531555414199829
17449,2.684391975402832,-0.6451034545898438
17450,2.6203227043151855,-0.6992396712303162
17451,2.49522066116333,-0.7396417856216431
17452,2.4162697792053223,-0.6416404843330383
17453,2.1452877521514893,-0.6233551502227783
17454,2.4265646934509277,-0.6065674424171448
17455,2.1944663524627686,-0.6842477917671204
17456,2.340973377227783,-0.5252869129180908
17457,2.3623127937316895,-0.6688235998153687
17458,2.395786762237549,-0.6355327367782593
17459,2.361483573913574,-0.5985927581787109
17460,2.6859054565429688,-0.5631250143051147
17461,2.294109344482422,-0.6099020838737488
17462,2.464064121246338,-0.7043861150741577
17463,2.4365406036376953,-0.6732392907142639
17464,2.494764804840088,-0.6358661651611328
17465,2.041929006576538,-0.5481266975402832
17466,2.619506359100342,-0.5713916420936584
17467,2.4814293384552,-0.5927916169166565
17468,2.3564436435699463,-0.6552274823188782
17469,2.268889904022217,-0.6556627154350281
17470,2.6196212768554688,-0.674044668674469
17471,2.5411269664764404,-0.6360035538673401
17472,2.600752830505371,-0.5384179949760437
17473,2.8224000930786133,-0.625420868396759
17474,2.207702159881592,-0.604400634765625
17475,2.1254024505615234,-0.6014707684516907
17476,2.3498854637145996,-0.7186647057533264
17477,2.265901803970337,-0.7500504851341248
17478,2.497046709060669,-0.660744309425354
17479,2.511342763900757,-0.6177953481674194
17480,2.446450710296631,-0.613679051399231
17481,2.389237642288208,-0.6561760902404785
17482,2.4152331352233887,-0.6675238609313965
17483,2.1756694316864014,-0.6358532309532166
17484,2.295897960662842,-0.5643638968467712
17485,2.608086109161377,-0.6177199482917786
17486,2.300414562225342,-0.5821817517280579
17487,2.6290299892425537,-0.6496826410293579
17488,2.2037336826324463,-0.645114004611969
17489,2.2948391437530518,-0.621441662311554
17490,2.3187355995178223,-0.6322534680366516
17491,2.72101092338562,-0.6225427389144897
17492,2.405735731124878,-0.6582246422767639
17493,2.4564151763916016,-0.6078586578369141
17494,2.58191180229187,-0.5812491774559021
17495,2.4074454307556152,-0.6611139178276062
17496,2.3676087856292725,-0.6783186197280884
17497,2.3451175689697266,-0.6635597348213196
17498,2.2827401161193848,-0.6428859233856201
17499,2.327517032623291,-0.6083004474639893
17500,2.549427032470703,-0.6330354809761047
17501,2.5690720081329346,-0.5682131052017212
17502,2.2939319610595703,-0.6490066051483154
17503,2.40299391746521,-0.6501330733299255
17504,1.897212266921997,-0.6144796013832092
17505,2.1555023193359375,-0.5615799427032471
17506,2.1274142265319824,-0.5924041867256165
17507,2.317737579345703,-0.5955813527107239
17508,2.8714261054992676,-0.6207162737846375
17509,2.294520378112793,-0.637033224105835
17510,2.2413268089294434,-0.6487667560577393
17511,2.3358154296875,-0.6483051180839539
17512,2.23931884765625,-0.6451641917228699
17513,2.2761693000793457,-0.64353346824646
17514,2.2081542015075684,-0.599551796913147
17515,2.4020462036132812,-0.7137303352355957
17516,2.7153115272521973,-0.7185758352279663
17517,2.6623687744140625,-0.6850495934486389
17518,2.10783052444458,-0.617484986782074
17519,2.1054115295410156,-0.5970528721809387
17520,2.196881055831909,-0.5398831963539124
17521,2.618321180343628,-0.5665004253387451
17522,2.1106791496276855,-0.5907344222068787
17523,2.5306496620178223,-0.613709032535553
17524,2.3358540534973145,-0.6073817610740662
17525,2.2612524032592773,-0.5963742136955261
17526,2.6409173011779785,-0.5793341398239136
17527,2.2307934761047363,-0.615935742855072
17528,2.422959089279175,-0.6127062439918518
17529,2.5194053649902344,-0.6848323345184326
17530,2.8790876865386963,-0.6109459400177002
17531,2.390570640563965,-0.6130742430686951
17532,2.0681169033050537,-0.5603201985359192
17533,2.4477241039276123,-0.5842547416687012
17534,2.439329147338867,-0.6314187049865723
17535,2.0709314346313477,-0.618279218673706
17536,2.4987826347351074,-0.7141955494880676
17537,2.4666905403137207,-0.6405964493751526
17538,2.653139591217041,-0.6840031147003174
17539,2.5422887802124023,-0.6990523338317871
17540,2.061591863632202,-0.5490818023681641
17541,2.17785382270813,-0.6329204440116882
17542,2.4011383056640625,-0.7005086541175842
17543,2.2396655082702637,-0.6380241513252258
17544,2.401132822036743,-0.653045117855072
17545,2.479165554046631,-0.5669162273406982
17546,2.2885611057281494,-0.6240566372871399
17547,2.8595774173736572,-0.6084589958190918
17548,2.279555320739746,-0.6119543313980103
17549,2.430576801300049,-0.6411511898040771
17550,2.562351703643799,-0.6046183705329895
17551,2.531968593597412,-0.6288354992866516
17552,2.4567971229553223,-0.6223428845405579
17553,2.3784115314483643,-0.6014625430107117
17554,2.6539182662963867,-0.6653527617454529
17555,2.436357021331787,-0.6782864332199097
17556,2.343914747238159,-0.6926372051239014
17557,2.399357318878174,-0.6978169083595276
17558,2.596897602081299,-0.6338134407997131
17559,2.4189813137054443,-0.675208330154419
17560,2.619220733642578,-0.5883641242980957
17561,2.1674022674560547,-0.6541382074356079
17562,2.566234827041626,-0.7161620855331421
17563,2.652212381362915,-0.6433410048484802
17564,2.5804262161254883,-0.5398479104042053
17565,2.551751136779785,-0.6318700313568115
17566,2.4724507331848145,-0.6384758353233337
17567,2.4717257022857666,-0.5773695111274719
17568,2.4092931747436523,-0.6815260052680969
17569,2.4468984603881836,-0.6677559018135071
17570,2.286041736602783,-0.6280529499053955
17571,2.5222725868225098,-0.634340226650238
17572,2.336674451828003,-0.6246447563171387
17573,2.161290168762207,-0.519030749797821
17574,2.193699836730957,-0.6068356037139893
17575,2.3068337440490723,-0.6669834852218628
17576,2.1343274116516113,-0.5758846402168274
17577,2.1810693740844727,-0.6151280403137207
17578,2.3781375885009766,-0.6950858235359192
17579,2.1012766361236572,-0.6251614093780518
17580,2.58624267578125,-0.6388524770736694
17581,2.3910045623779297,-0.6324028968811035
17582,2.5292465686798096,-0.6504737734794617
17583,2.6619367599487305,-0.6107115149497986
17584,2.678893566131592,-0.5305607318878174
17585,2.238783121109009,-0.628349781036377
17586,2.4154815673828125,-0.6404345035552979
17587,2.4066457748413086,-0.623541533946991
17588,2.3318653106689453,-0.6710384488105774
17589,2.2053675651550293,-0.5935842990875244
17590,2.2417540550231934,-0.6597500443458557
17591,2.0089035034179688,-0.6407231092453003
17592,2.2762415409088135,-0.6126581430435181
17593,2.733125925064087,-0.6402420997619629
17594,2.249809980392456,-0.6186766028404236
17595,2.585937023162842,-0.7384856939315796
17596,2.3367972373962402,-0.6520909070968628
17597,2.6119768619537354,-0.6044102311134338
17598,2.2614359855651855,-0.5352913737297058
17599,2.5213518142700195,-0.6081522703170776
17600,2.221889019012451,-0.5866913795471191
17601,2.2684669494628906,-0.6528153419494629
17602,2.2163290977478027,-0.6264601349830627
17603,2.2380285263061523,-0.6145517826080322
17604,2.2524852752685547,-0.6225788593292236
17605,2.5475454330444336,-0.6444492340087891
17606,2.2719264030456543,-0.7145079970359802
17607,2.3707923889160156,-0.6206894516944885
17608,2.3774924278259277,-0.6207210421562195
17609,2.5972766876220703,-0.6634289622306824
17610,2.022500991821289,-0.5802275538444519
17611,2.0867955684661865,-0.5736899375915527
17612,1.9995684623718262,-0.6072746515274048
17613,2.6117191314697266,-0.6486883759498596
17614,2.602682590484619,-0.6858890056610107
17615,2.2906103134155273,-0.6387333869934082
17616,2.1224727630615234,-0.5928647518157959
17617,2.1053273677825928,-0.6042283773422241
17618,2.4809346199035645,-0.5949932932853699
17619,2.325112819671631,-0.5847570896148682
17620,2.5885188579559326,-0.6417925357818604
17621,2.178741216659546,-0.6476233601570129
17622,2.4517650604248047,-0.7314057350158691
17623,2.3112564086914062,-0.6260801553726196
17624,2.56663179397583,-0.5850536823272705
17625,1.9951927661895752,-0.6412813067436218
17626,2.4101438522338867,-0.6414429545402527
17627,2.175632953643799,-0.6406604051589966
17628,2.3010830879211426,-0.6550851464271545
17629,2.2770328521728516,-0.6753043532371521
17630,2.1421854496002197,-0.6404606699943542
17631,2.4150166511535645,-0.5654776096343994
17632,2.32936429977417,-0.6169782876968384
17633,2.767293691635132,-0.7016920447349548
17634,2.339505195617676,-0.6009110808372498
17635,2.4947609901428223,-0.6523322463035583
17636,2.7503604888916016,-0.6313412189483643
17637,2.430908203125,-0.6492072939872742
17638,2.0870156288146973,-0.7154562473297119
17639,2.1155076026916504,-0.6227027773857117
17640,2.3732314109802246,-0.6935516595840454
17641,2.462510108947754,-0.6455085873603821
17642,2.333690643310547,-0.7061394453048706
17643,2.4047632217407227,-0.5805625319480896
17644,2.5455501079559326,-0.5851281881332397
17645,2.765364170074463,-0.622707188129425
17646,2.4685239791870117,-0.6574791669845581
17647,2.587296962738037,-0.681364119052887
17648,2.6017751693725586,-0.6457531452178955
17649,1.8463236093521118,-0.5924504995346069
17650,2.465043544769287,-0.5877833366394043
17651,2.3573758602142334,-0.649208128452301
17652,2.1183266639709473,-0.6469553112983704
17653,2.1570277214050293,-0.6386328339576721
17654,2.3787293434143066,-0.6110416650772095
17655,2.323334217071533,-0.6627826690673828
17656,2.309500217437744,-0.6374695301055908
17657,2.262637138366699,-0.5883215665817261
17658,2.5651841163635254,-0.6728510856628418
17659,2.675327777862549,-0.6518710851669312
17660,2.127786874771118,-0.6423535943031311
17661,2.833202838897705,-0.6580055952072144
17662,2.6273107528686523,-0.7437514662742615
17663,2.518099546432495,-0.6598432064056396
17664,2.2382278442382812,-0.6676889061927795
17665,2.276200294494629,-0.6182416081428528
17666,2.459712505340576,-0.6556505560874939
17667,2.48705792427063,-0.6136216521263123
17668,2.1510415077209473,-0.6903027296066284
17669,2.2867236137390137,-0.572700023651123
17670,2.6278061866760254,-0.6590937972068787
17671,2.402256488800049,-0.6088290214538574
17672,2.452507495880127,-0.6047585010528564
17673,2.2402939796447754,-0.6083900928497314
17674,2.509289264678955,-0.6789677143096924
17675,2.059452772140503,-0.6291908621788025
17676,2.2474424839019775,-0.6149491667747498
17677,2.6023385524749756,-0.6682980060577393
17678,2.385960578918457,-0.7265293598175049
17679,2.2244865894317627,-0.7042324542999268
17680,2.4508590698242188,-0.563896894454956
17681,2.0549912452697754,-0.6324813365936279
17682,2.497962236404419,-0.680895984172821
17683,2.342247486114502,-0.6316009759902954
17684,2.4393348693847656,-0.664214551448822
17685,2.543867588043213,-0.6144232749938965
17686,2.495074510574341,-0.6306948065757751
17687,2.2364213466644287,-0.5771068930625916
17688,2.0290920734405518,-0.5762320160865784
17689,2.338163375854492,-0.5875146985054016
17690,2.419632911682129,-0.6751920580863953
17691,1.9256582260131836,-0.5783470273017883
17692,2.342857837677002,-0.6370604038238525
17693,2.1905922889709473,-0.628195583820343
17694,2.155484676361084,-0.6924903988838196
17695,2.3399972915649414,-0.7010682821273804
17696,2.9425129890441895,-0.714957594871521
17697,2.3013057708740234,-0.6364085078239441
17698,2.096003293991089,-0.5874871015548706
17699,2.342392921447754,-0.6378317475318909
17700,2.552061080932617,-0.6634579300880432
17701,2.126377582550049,-0.6183619499206543
17702,2.4459261894226074,-0.713772177696228
17703,2.1610636711120605,-0.6496607065200806
17704,2.350630760192871,-0.6272141933441162
17705,2.098026752471924,-0.6128135919570923
17706,2.449899673461914,-0.6525336503982544
17707,2.179581642150879,-0.6657173037528992
17708,2.2520341873168945,-0.5929862856864929
17709,2.1677699089050293,-0.5925268530845642
17710,2.364187479019165,-0.5563759803771973
17711,2.559624433517456,-0.7395352125167847
17712,2.3655147552490234,-0.5508586764335632
17713,2.157597541809082,-0.624464213848114
17714,2.16037654876709,-0.6585803031921387
17715,2.815884590148926,-0.6248559355735779
17716,2.4418911933898926,-0.6338139772415161
17717,2.678466796875,-0.6481502652168274
17718,2.3359131813049316,-0.60904860496521
17719,2.5978856086730957,-0.5803169012069702
17720,2.226158618927002,-0.6152653694152832
17721,2.4170444011688232,-0.6463541984558105
17722,2.54310941696167,-0.7247622609138489
17723,2.3489928245544434,-0.6684232950210571
17724,2.3876264095306396,-0.6446974873542786
17725,2.3087148666381836,-0.6059736013412476
17726,2.342524528503418,-0.6477159261703491
17727,2.722766399383545,-0.6530676484107971
17728,2.2898921966552734,-0.6415971517562866
17729,2.388352394104004,-0.6976425647735596
17730,2.4831383228302,-0.6520230174064636
17731,2.260599136352539,-0.6336628198623657
17732,2.2615718841552734,-0.6249270439147949
17733,2.160493850708008,-0.5706369876861572
17734,2.5738909244537354,-0.6740032434463501
17735,2.344764471054077,-0.6762785315513611
17736,2.433915853500366,-0.6276713013648987
17737,2.4655957221984863,-0.5959387421607971
17738,2.2488808631896973,-0.5693904757499695
17739,2.390082597732544,-0.6166923642158508
17740,2.307375192642212,-0.691620409488678
17741,2.6965856552124023,-0.6750577688217163
17742,2.2142958641052246,-0.6397359371185303
17743,2.43329119682312,-0.6691634654998779
17744,2.2267889976501465,-0.6112701892852783
17745,2.4274544715881348,-0.7079493999481201
17746,2.3406481742858887,-0.667385995388031
17747,2.6001672744750977,-0.6407229900360107
17748,2.3506698608398438,-0.692262589931488
17749,2.031686305999756,-0.5865902900695801
17750,2.627535820007324,-0.6734046339988708
17751,2.4506676197052,-0.6185924410820007
17752,2.1491456031799316,-0.5420401096343994
17753,2.329812526702881,-0.6695742607116699
17754,2.5195164680480957,-0.6023820638656616
17755,2.424103260040283,-0.6112615466117859
17756,2.449871063232422,-0.5778666138648987
17757,2.4519448280334473,-0.5789834856987
17758,2.4045357704162598,-0.6288992166519165
17759,2.1346778869628906,-0.6518481969833374
17760,2.2147340774536133,-0.5797343254089355
17761,2.455732822418213,-0.6535694003105164
17762,2.4485840797424316,-0.6074882745742798
17763,2.025618553161621,-0.610319972038269
17764,2.5667266845703125,-0.6707246899604797
17765,2.542912006378174,-0.6394315361976624
17766,2.373671054840088,-0.7360402941703796
17767,2.8455982208251953,-0.6003308892250061
17768,2.2404837608337402,-0.6078081727027893
17769,2.34112548828125,-0.5665202140808105
17770,2.072464942932129,-0.6645060777664185
17771,2.288273811340332,-0.7037249207496643
17772,2.293586254119873,-0.6780000329017639
17773,2.6157732009887695,-0.6111014485359192
17774,2.277242660522461,-0.583772599697113
17775,2.102212905883789,-0.5509703159332275
17776,2.3712024688720703,-0.6215355396270752
17777,2.7894816398620605,-0.6303196549415588
17778,2.3619420528411865,-0.5488327145576477
17779,2.7892236709594727,-0.6577556729316711
17780,2.534092903137207,-0.7019580602645874
17781,2.1739749908447266,-0.602530837059021
17782,2.37581729888916,-0.5548842549324036
17783,2.5953145027160645,-0.6793923377990723
17784,2.3380815982818604,-0.7327014803886414
17785,2.622692584991455,-0.6170604825019836
17786,2.754138469696045,-0.6280820369720459
17787,2.3600945472717285,-0.6022520661354065
17788,2.3547768592834473,-0.5450941324234009
17789,2.1530447006225586,-0.5540075898170471
17790,2.263461112976074,-0.651915967464447
17791,2.31691575050354,-0.7593914866447449
17792,2.351560592651367,-0.6611918807029724
17793,2.313142776489258,-0.5875610113143921
17794,2.700469732284546,-0.6039502024650574
17795,2.4055752754211426,-0.5499681234359741
17796,2.450164794921875,-0.654909074306488
17797,2.3420491218566895,-0.6204209327697754
17798,2.6522865295410156,-0.7295916080474854
17799,2.7551846504211426,-0.5822059512138367
17800,2.4353408813476562,-0.5642576813697815
17801,2.3971896171569824,-0.5928579568862915
17802,2.491091251373291,-0.6234250068664551
17803,2.7998087406158447,-0.6261687874794006
17804,2.0487372875213623,-0.6677629947662354
17805,2.6668012142181396,-0.6901113986968994
17806,2.4068734645843506,-0.5910664200782776
17807,2.38430118560791,-0.5957952737808228
17808,2.0583748817443848,-0.5457110404968262
17809,2.3341636657714844,-0.6853492259979248
17810,2.198638439178467,-0.6393793225288391
17811,2.310370922088623,-0.6249480247497559
17812,2.431147336959839,-0.664110541343689
17813,2.690150022506714,-0.6256884336471558
17814,2.1972732543945312,-0.5940978527069092
17815,2.330514669418335,-0.6910858750343323
17816,2.3858609199523926,-0.6271605491638184
17817,1.9968817234039307,-0.5861965417861938
17818,2.6434504985809326,-0.6447612047195435
17819,2.601433753967285,-0.6359354257583618
17820,2.169142723083496,-0.7196003794670105
17821,2.5000696182250977,-0.5931922793388367
17822,2.3366172313690186,-0.651225745677948
17823,2.4280028343200684,-0.6670276522636414
17824,2.270735263824463,-0.660908579826355
17825,2.241250514984131,-0.5328598618507385
17826,2.426297187805176,-0.6727409958839417
17827,2.4780120849609375,-0.6214634776115417
17828,2.9273715019226074,-0.6385012865066528
17829,2.265414237976074,-0.6060685515403748
17830,2.6857547760009766,-0.6855400800704956
17831,2.482633113861084,-0.661622941493988
17832,2.480280876159668,-0.5962536334991455
17833,2.2949881553649902,-0.6268568634986877
17834,2.055058479309082,-0.6172195672988892
17835,2.2321114540100098,-0.6565439105033875
17836,2.416776180267334,-0.6308887600898743
17837,2.3415722846984863,-0.6529586911201477
17838,2.316561222076416,-0.6481571197509766
17839,2.4045119285583496,-0.7180039286613464
17840,2.5551023483276367,-0.6344980597496033
17841,2.6677212715148926,-0.6248747110366821
17842,2.5121378898620605,-0.5947399735450745
17843,2.2076635360717773,-0.687650740146637
17844,2.639854907989502,-0.7190910577774048
17845,2.3885393142700195,-0.6118289232254028
17846,2.319502592086792,-0.7300894260406494
17847,1.9658594131469727,-0.6013278961181641
17848,2.5837020874023438,-0.6594050526618958
17849,2.4401001930236816,-0.665678083896637
17850,2.6637277603149414,-0.6518042683601379
17851,2.6817986965179443,-0.7047896385192871
17852,2.391242742538452,-0.6902474164962769
17853,2.3121225833892822,-0.6506057977676392
17854,2.4163827896118164,-0.6202718019485474
17855,2.719029426574707,-0.6708463430404663
17856,2.281127452850342,-0.6327988505363464
17857,2.5047767162323,-0.5941867232322693
17858,2.449660301208496,-0.6408399939537048
17859,2.100949764251709,-0.6191100478172302
17860,2.4591562747955322,-0.6804606914520264
17861,2.322965621948242,-0.6551715731620789
17862,2.6564512252807617,-0.7297482490539551
17863,2.230611801147461,-0.6695373058319092
17864,2.3908462524414062,-0.5979651808738708
17865,2.853795051574707,-0.5616819858551025
17866,2.297346591949463,-0.6186797022819519
17867,2.3154382705688477,-0.6482324004173279
17868,2.4027161598205566,-0.6900579333305359
17869,2.374561309814453,-0.5849857926368713
17870,2.252535820007324,-0.65386962890625
17871,2.6973350048065186,-0.5798255205154419
17872,2.5867843627929688,-0.6314484477043152
17873,2.3634135723114014,-0.6504051089286804
17874,2.2871649265289307,-0.5914022922515869
17875,2.1784887313842773,-0.6251213550567627
17876,2.267866849899292,-0.6158502101898193
17877,2.7977757453918457,-0.7121118307113647
17878,2.2811594009399414,-0.6097313165664673
17879,2.3045778274536133,-0.7223090529441833
17880,2.2885818481445312,-0.5076111555099487
17881,2.216803550720215,-0.643623948097229
17882,2.603910207748413,-0.6996476054191589
17883,2.3495991230010986,-0.6609190106391907
17884,2.1606321334838867,-0.6309583187103271
17885,2.2459444999694824,-0.6862420439720154
17886,2.0667238235473633,-0.5572856664657593
17887,2.3147387504577637,-0.6033208966255188
17888,2.4767277240753174,-0.6305267214775085
17889,2.174294948577881,-0.5814831256866455
17890,2.6119778156280518,-0.6228031516075134
17891,2.436511754989624,-0.6197315454483032
17892,2.304961681365967,-0.7303085327148438
17893,2.381443977355957,-0.6247069835662842
17894,2.301206350326538,-0.6659795641899109
17895,2.407510280609131,-0.7180229425430298
17896,2.1815621852874756,-0.6240919232368469
17897,2.420497417449951,-0.6097872257232666
17898,2.331671953201294,-0.6940959692001343
17899,2.5550427436828613,-0.714311957359314
17900,2.4464540481567383,-0.7027426362037659
17901,2.449374198913574,-0.6563094258308411
17902,2.0735411643981934,-0.5849077701568604
17903,2.180325984954834,-0.6109127998352051
17904,2.3468666076660156,-0.5847837924957275
17905,2.259371757507324,-0.5760854482650757
17906,2.2632622718811035,-0.7167300581932068
17907,2.3568267822265625,-0.5473147034645081
17908,2.4009389877319336,-0.6305062770843506
17909,2.5853872299194336,-0.5526019334793091
17910,2.447650909423828,-0.6239153146743774
17911,2.266510486602783,-0.6636794209480286
17912,2.1393957138061523,-0.7071631550788879
17913,2.4675238132476807,-0.5871645212173462
17914,2.139263868331909,-0.6188613176345825
17915,2.3386497497558594,-0.6441745758056641
17916,2.343644142150879,-0.6341772079467773
17917,2.3303537368774414,-0.6421761512756348
17918,2.194960117340088,-0.5708591341972351
17919,2.22158145904541,-0.6172946691513062
17920,2.361820697784424,-0.609748363494873
17921,2.5818557739257812,-0.66417396068573
17922,2.2652587890625,-0.685373067855835
17923,2.465973377227783,-0.7323379516601562
17924,2.2211034297943115,-0.5996546149253845
17925,2.535524368286133,-0.6529222130775452
17926,2.241044521331787,-0.6649754047393799
17927,2.4847960472106934,-0.6589903235435486
17928,2.3027007579803467,-0.6648410558700562
17929,2.6389524936676025,-0.611530065536499
17930,2.0685043334960938,-0.5679035186767578
17931,2.14003324508667,-0.6331884264945984
17932,2.2300219535827637,-0.6965233087539673
17933,2.5727291107177734,-0.6003785729408264
17934,2.401296615600586,-0.6465552449226379
17935,2.2429256439208984,-0.6612496376037598
17936,2.201828956604004,-0.6518374085426331
17937,2.334639072418213,-0.619737982749939
17938,2.192183494567871,-0.607655942440033
17939,2.302441358566284,-0.6225904822349548
17940,2.521757125854492,-0.720094621181488
17941,2.3245344161987305,-0.6000083684921265
17942,2.6263906955718994,-0.639085054397583
17943,2.6011695861816406,-0.6523095965385437
17944,2.435271739959717,-0.5692466497421265
17945,2.2609670162200928,-0.6807547211647034
17946,2.422194719314575,-0.7568355798721313
17947,2.44989013671875,-0.7010374665260315
17948,2.3668441772460938,-0.6231659650802612
17949,2.5405771732330322,-0.6518058180809021
17950,2.225074529647827,-0.6331315040588379
17951,2.3291711807250977,-0.6641790270805359
17952,1.9890347719192505,-0.6348469257354736
17953,2.240354299545288,-0.6061258912086487
17954,2.457059860229492,-0.5958934426307678
17955,2.589139461517334,-0.6272484064102173
17956,2.2812442779541016,-0.6266068816184998
17957,2.2468762397766113,-0.7116671204566956
17958,2.421046733856201,-0.7005736827850342
17959,2.431516170501709,-0.6311778426170349
17960,2.147817850112915,-0.5973238945007324
17961,2.558521270751953,-0.6077281832695007
17962,2.509634494781494,-0.6623654365539551
17963,2.1373884677886963,-0.6635444164276123
17964,2.4134626388549805,-0.5986735820770264
17965,2.464891195297241,-0.7089444994926453
17966,2.118155002593994,-0.5828343629837036
17967,2.3358073234558105,-0.7009484767913818
17968,2.6720991134643555,-0.6813914775848389
17969,2.441852569580078,-0.6747279167175293
17970,2.2378501892089844,-0.6520451307296753
17971,2.3140978813171387,-0.6688502430915833
17972,2.193066120147705,-0.5604321956634521
17973,2.1088829040527344,-0.5853869915008545
17974,2.312882900238037,-0.6235708594322205
17975,2.346705913543701,-0.6751999855041504
17976,2.3002517223358154,-0.6147564649581909
17977,2.3522462844848633,-0.5714459419250488
17978,2.169107437133789,-0.5971021056175232
17979,2.4454259872436523,-0.6936215162277222
17980,2.2304601669311523,-0.650910496711731
17981,2.427680015563965,-0.5771272778511047
17982,2.1381497383117676,-0.5642089247703552
17983,2.539473295211792,-0.6517470479011536
17984,2.678833246231079,-0.60225510597229
17985,2.3636698722839355,-0.5678166151046753
17986,2.252920150756836,-0.6332182884216309
17987,2.4387454986572266,-0.6513597369194031
17988,2.1724538803100586,-0.6252400875091553
17989,2.30941104888916,-0.6052110195159912
17990,2.30288028717041,-0.648013710975647
17991,2.2197065353393555,-0.6135671138763428
17992,2.3976964950561523,-0.6664229035377502
17993,2.018570899963379,-0.6415004730224609
17994,2.266765832901001,-0.5985791087150574
17995,2.1669809818267822,-0.6202232241630554
17996,2.4531590938568115,-0.5612996816635132
17997,2.2065505981445312,-0.6622281074523926
17998,2.5997629165649414,-0.6204939484596252
17999,2.253208875656128,-0.5293362140655518
18000,2.7075793743133545,-0.6914750933647156
18001,2.622562885284424,-0.6774963140487671
18002,2.3900704383850098,-0.6168858408927917
18003,2.198221206665039,-0.5823209881782532
18004,2.5073049068450928,-0.619123637676239
18005,2.2419919967651367,-0.6304647326469421
18006,2.8482227325439453,-0.7061079144477844
18007,2.330811023712158,-0.6276465654373169
18008,2.047320604324341,-0.5763983130455017
18009,2.412400245666504,-0.6099746823310852
18010,2.6318256855010986,-0.6508373022079468
18011,2.241758346557617,-0.6828758120536804
18012,2.480544090270996,-0.5658237934112549
18013,2.2417826652526855,-0.7347837686538696
18014,2.51265287399292,-0.6571464538574219
18015,2.45497465133667,-0.607133686542511
18016,2.5118765830993652,-0.7642923593521118
18017,2.413292407989502,-0.6607401371002197
18018,2.355149030685425,-0.6841503381729126
18019,2.619375467300415,-0.6658776998519897
18020,2.2928013801574707,-0.5642994046211243
18021,2.423100471496582,-0.6424369812011719
18022,2.890231132507324,-0.6394294500350952
18023,2.184156656265259,-0.6334075331687927
18024,2.4189987182617188,-0.658433198928833
18025,2.412816286087036,-0.7006770372390747
18026,2.0640580654144287,-0.6454155445098877
18027,2.4543986320495605,-0.5964394211769104
18028,2.3009045124053955,-0.5377167463302612
18029,2.2826414108276367,-0.5825030207633972
18030,1.8907320499420166,-0.6148354411125183
18031,2.66349458694458,-0.6641305685043335
18032,2.0443148612976074,-0.5876754522323608
18033,2.3806874752044678,-0.7270765900611877
18034,2.1347689628601074,-0.513620913028717
18035,2.4679646492004395,-0.647339940071106
18036,2.624743700027466,-0.7011774182319641
18037,2.1859617233276367,-0.6984182596206665
18038,2.2233269214630127,-0.6281916499137878
18039,2.4393653869628906,-0.6354602575302124
18040,2.4676690101623535,-0.5858364701271057
18041,2.8017239570617676,-0.6332012414932251
18042,2.398909091949463,-0.7536574006080627
18043,2.3932864665985107,-0.6919353604316711
18044,2.4687445163726807,-0.699662446975708
18045,2.5034070014953613,-0.6559589505195618
18046,2.3607282638549805,-0.560213029384613
18047,2.559142589569092,-0.6463742852210999
18048,2.430410861968994,-0.6786789894104004
18049,2.6112728118896484,-0.7183573246002197
18050,1.9888852834701538,-0.6261188983917236
18051,2.027735948562622,-0.6971321105957031
18052,2.3674662113189697,-0.6420841217041016
18053,2.059955596923828,-0.6363990306854248
18054,2.190556764602661,-0.6330986022949219
18055,2.54022479057312,-0.6074346303939819
18056,2.361248254776001,-0.680939793586731
18057,2.261820077896118,-0.5566437244415283
18058,2.3119778633117676,-0.6825649738311768
18059,2.380059242248535,-0.6902107000350952
18060,2.3382883071899414,-0.6114097833633423
18061,2.344665050506592,-0.6385090351104736
18062,2.497382164001465,-0.6556606292724609
18063,2.76838755607605,-0.6635591387748718
18064,2.1581618785858154,-0.6765442490577698
18065,2.3501992225646973,-0.5884369015693665
18066,2.3202462196350098,-0.6140934228897095
18067,2.8814194202423096,-0.7374842166900635
18068,2.4540724754333496,-0.6583707928657532
18069,2.7139792442321777,-0.6646159291267395
18070,2.5239062309265137,-0.6828565001487732
18071,2.5663299560546875,-0.6018263101577759
18072,2.4835405349731445,-0.6426780819892883
18073,2.0079870223999023,-0.6542503237724304
18074,2.547663688659668,-0.7153005003929138
18075,2.1973910331726074,-0.6540336608886719
18076,2.3280653953552246,-0.6448593735694885
18077,2.253659725189209,-0.5598782300949097
18078,2.250727891921997,-0.5953679084777832
18079,2.0571136474609375,-0.6506831645965576
18080,2.272432327270508,-0.6881101131439209
18081,2.7009429931640625,-0.7088207006454468
18082,2.6247010231018066,-0.5977234840393066
18083,2.1989331245422363,-0.6472840309143066
18084,2.465097665786743,-0.6261559724807739
18085,2.6484158039093018,-0.6195087432861328
18086,2.4412848949432373,-0.6358184814453125
18087,2.7115976810455322,-0.6710184216499329
18088,2.5248537063598633,-0.639843761920929
18089,2.4099316596984863,-0.6530791521072388
18090,2.6242852210998535,-0.5809879899024963
18091,2.5602259635925293,-0.7309888601303101
18092,1.999305248260498,-0.6312525868415833
18093,2.2720470428466797,-0.5964050889015198
18094,2.2904841899871826,-0.590246319770813
18095,2.4428296089172363,-0.6828356981277466
18096,2.1818933486938477,-0.6940971612930298
18097,2.7250938415527344,-0.6947051882743835
18098,2.0976414680480957,-0.6284586191177368
18099,2.203319549560547,-0.594001829624176
18100,2.35420560836792,-0.6227373480796814
18101,2.7667179107666016,-0.641054630279541
18102,2.43068790435791,-0.6744852662086487
18103,2.4028406143188477,-0.6765052676200867
18104,2.305420398712158,-0.6828930377960205
18105,2.317685127258301,-0.6462304592132568
18106,2.2304344177246094,-0.6295849084854126
18107,2.0441980361938477,-0.5456268191337585
18108,2.2971105575561523,-0.6242446899414062
18109,2.217149257659912,-0.678835391998291
18110,2.192234992980957,-0.6412807703018188
18111,2.3551740646362305,-0.6161710619926453
18112,2.3566224575042725,-0.6493346691131592
18113,2.299384355545044,-0.6672139167785645
18114,2.165456771850586,-0.5610783696174622
18115,2.092839479446411,-0.5960208177566528
18116,2.1376357078552246,-0.5939119458198547
18117,2.3196167945861816,-0.682117223739624
18118,2.619391441345215,-0.6216800808906555
18119,2.497893810272217,-0.654320240020752
18120,2.846503496170044,-0.6211809515953064
18121,2.1418416500091553,-0.669312596321106
18122,2.729434013366699,-0.7280327081680298
18123,2.1169142723083496,-0.6244422197341919
18124,2.371195077896118,-0.7129685878753662
18125,2.135444402694702,-0.6584742069244385
18126,2.3242132663726807,-0.6770017147064209
18127,2.2153539657592773,-0.647367000579834
18128,2.566852569580078,-0.6040911674499512
18129,2.0258941650390625,-0.5305240154266357
18130,2.6139183044433594,-0.6629827618598938
18131,2.29715895652771,-0.6530431509017944
18132,1.9632937908172607,-0.6277168393135071
18133,2.232125759124756,-0.5771267414093018
18134,2.0933737754821777,-0.6332184672355652
18135,2.3576266765594482,-0.7070475220680237
18136,2.293341875076294,-0.6263853311538696
18137,2.3129684925079346,-0.6180199980735779
18138,2.3893396854400635,-0.6285903453826904
18139,2.113156318664551,-0.6355779767036438
18140,2.3718466758728027,-0.641615629196167
18141,2.305788993835449,-0.5952677726745605
18142,2.3424630165100098,-0.6457339525222778
18143,2.4985365867614746,-0.6381540298461914
18144,2.2726316452026367,-0.6732546091079712
18145,2.2593910694122314,-0.6124856472015381
18146,2.1140851974487305,-0.5621768236160278
18147,2.359241247177124,-0.6139711141586304
18148,2.270184278488159,-0.632057785987854
18149,2.101606845855713,-0.5916818976402283
18150,2.1944077014923096,-0.6564029455184937
18151,2.550570011138916,-0.7226755023002625
18152,2.521205425262451,-0.6333634853363037
18153,2.3962550163269043,-0.603666365146637
18154,2.216479539871216,-0.5810731649398804
18155,2.759326696395874,-0.6992354393005371
18156,2.3482840061187744,-0.6416440010070801
18157,2.524580478668213,-0.6698740124702454
18158,2.4826765060424805,-0.5983977317810059
18159,2.4777369499206543,-0.7047986388206482
18160,2.334559440612793,-0.6368726491928101
18161,2.395061492919922,-0.635474443435669
18162,2.8338122367858887,-0.6551429629325867
18163,2.1873257160186768,-0.6407338976860046
18164,2.403000593185425,-0.5971482992172241
18165,2.392637014389038,-0.7065819501876831
18166,2.3207523822784424,-0.6897640228271484
18167,2.10894513130188,-0.5837536454200745
18168,2.3034002780914307,-0.5869874358177185
18169,2.3391175270080566,-0.6315656900405884
18170,2.2080888748168945,-0.6208553910255432
18171,2.4952468872070312,-0.6923152208328247
18172,2.401479959487915,-0.7093576788902283
18173,2.3363943099975586,-0.6376222968101501
18174,2.5108718872070312,-0.660895824432373
18175,2.2901155948638916,-0.6504631042480469
18176,2.0967671871185303,-0.6041419506072998
18177,2.2530694007873535,-0.5938541293144226
18178,2.975681781768799,-0.6386885643005371
18179,2.5379092693328857,-0.6080858111381531
18180,2.3355300426483154,-0.6389932036399841
18181,2.622377872467041,-0.6356117725372314
18182,2.3094606399536133,-0.6330095529556274
18183,2.2567696571350098,-0.6296553015708923
18184,2.2940423488616943,-0.6888576745986938
18185,2.8211822509765625,-0.6521080136299133
18186,2.663853645324707,-0.7426935434341431
18187,2.9247922897338867,-0.7231388688087463
18188,2.472822904586792,-0.6923729777336121
18189,2.264845371246338,-0.6298640966415405
18190,2.6101317405700684,-0.521409809589386
18191,2.174532413482666,-0.6109079122543335
18192,2.4260921478271484,-0.616152822971344
18193,2.7103538513183594,-0.6658965945243835
18194,2.4708328247070312,-0.6418124437332153
18195,2.321683645248413,-0.7009080648422241
18196,2.339445114135742,-0.6218284368515015
18197,2.174652576446533,-0.5457395911216736
18198,2.583843231201172,-0.5946967005729675
18199,2.2572126388549805,-0.6456996202468872
18200,2.411977767944336,-0.5969789624214172
18201,2.0603723526000977,-0.6575382351875305
18202,2.7499990463256836,-0.6064237952232361
18203,2.35172700881958,-0.6145688891410828
18204,2.1411948204040527,-0.5490803718566895
18205,2.766829013824463,-0.7131519913673401
18206,2.542238235473633,-0.5997644662857056
18207,2.538182497024536,-0.7338798642158508
18208,2.3389925956726074,-0.6053895950317383
18209,2.3653512001037598,-0.608528196811676
18210,2.2625045776367188,-0.5754783153533936
18211,2.089987277984619,-0.6294119954109192
18212,2.111032009124756,-0.6843481659889221
18213,2.1679136753082275,-0.6806773543357849
18214,2.5031380653381348,-0.6383900046348572
18215,2.4774668216705322,-0.6822469234466553
18216,2.507385730743408,-0.7004404664039612
18217,2.1946873664855957,-0.6702412962913513
18218,2.0884861946105957,-0.557802677154541
18219,2.709698438644409,-0.6716400384902954
18220,2.488830089569092,-0.6668028831481934
18221,2.600518226623535,-0.7093340158462524
18222,2.6851470470428467,-0.6528273224830627
18223,2.44087290763855,-0.603429913520813
18224,2.098402976989746,-0.604186475276947
18225,2.654414176940918,-0.6242498159408569
18226,2.1621203422546387,-0.6803405284881592
18227,2.229771614074707,-0.6825105547904968
18228,2.5694613456726074,-0.5628131628036499
18229,2.580148696899414,-0.7247971892356873
18230,2.503190040588379,-0.6920042634010315
18231,2.3578662872314453,-0.6459261178970337
18232,2.4257586002349854,-0.6861618757247925
18233,2.442657232284546,-0.6969634294509888
18234,2.2150235176086426,-0.6367056369781494
18235,2.6112723350524902,-0.677939236164093
18236,2.0199337005615234,-0.6026884317398071
18237,2.1740124225616455,-0.6024353504180908
18238,2.2315104007720947,-0.5929290056228638
18239,2.473649024963379,-0.6497284173965454
18240,2.367088556289673,-0.7615328431129456
18241,2.3534181118011475,-0.5901878476142883
18242,2.348992347717285,-0.6285267472267151
18243,2.545362710952759,-0.6368198394775391
18244,2.076323986053467,-0.583993673324585
18245,2.4049768447875977,-0.5954760909080505
18246,2.1573643684387207,-0.6199153065681458
18247,1.956904411315918,-0.6860209703445435
18248,2.269005537033081,-0.6729109883308411
18249,2.156437397003174,-0.6019905805587769
18250,2.38313627243042,-0.6477689146995544
18251,2.7612810134887695,-0.5649898648262024
18252,2.252589225769043,-0.6482363939285278
18253,2.4005017280578613,-0.6543183326721191
18254,2.247711181640625,-0.6267504096031189
18255,2.4600086212158203,-0.6170855164527893
18256,2.276096820831299,-0.6890400052070618
18257,2.484109878540039,-0.5759755969047546
18258,2.030057191848755,-0.6708959341049194
18259,2.104428768157959,-0.6847531795501709
18260,2.4728455543518066,-0.5739015340805054
18261,2.2374496459960938,-0.5745026469230652
18262,2.4760212898254395,-0.6494767665863037
18263,2.287996292114258,-0.6194574236869812
18264,2.317439556121826,-0.6096171140670776
18265,2.2778680324554443,-0.7090865969657898
18266,2.5881502628326416,-0.6551758646965027
18267,2.309640884399414,-0.6579767465591431
18268,2.378180503845215,-0.5578629374504089
18269,2.5696170330047607,-0.628542959690094
18270,2.4312353134155273,-0.5854989886283875
18271,2.2908477783203125,-0.6725982427597046
18272,2.4803385734558105,-0.6697132587432861
18273,2.3199620246887207,-0.6493113040924072
18274,2.2658255100250244,-0.6445000171661377
18275,2.3994617462158203,-0.6214271783828735
18276,2.1504788398742676,-0.5671619176864624
18277,2.4107754230499268,-0.5945303440093994
18278,2.4632415771484375,-0.7067976593971252
18279,2.374917507171631,-0.610609769821167
18280,2.034735679626465,-0.6303079128265381
18281,2.297548770904541,-0.6654295325279236
18282,2.193305015563965,-0.6149805188179016
18283,2.7557291984558105,-0.6322425603866577
18284,2.481199264526367,-0.6855021119117737
18285,2.2713024616241455,-0.6271746158599854
18286,2.447628974914551,-0.6243812441825867
18287,2.185368061065674,-0.6231037378311157
18288,2.5316152572631836,-0.6522628664970398
18289,2.650709629058838,-0.5848243236541748
18290,2.383082389831543,-0.6525698900222778
18291,2.344648838043213,-0.6471980214118958
18292,2.4227101802825928,-0.5564523339271545
18293,2.4115071296691895,-0.6346422433853149
18294,2.3315038681030273,-0.6069019436836243
18295,2.1854681968688965,-0.6799213290214539
18296,2.359095573425293,-0.6098201870918274
18297,2.2498557567596436,-0.646342933177948
18298,2.4061269760131836,-0.6477165222167969
18299,2.353762626647949,-0.5979035496711731
18300,2.3439197540283203,-0.6444238424301147
18301,2.2127583026885986,-0.6789677143096924
18302,2.418797016143799,-0.6552246809005737
18303,2.595552921295166,-0.6723952293395996
18304,2.7553181648254395,-0.672305166721344
18305,2.266744375228882,-0.593671977519989
18306,2.5551981925964355,-0.6335754990577698
18307,2.540647029876709,-0.6493075489997864
18308,2.209317207336426,-0.6210538744926453
18309,2.088599681854248,-0.6850444078445435
18310,2.184781074523926,-0.65496826171875
18311,2.3912549018859863,-0.624027669429779
18312,2.33817195892334,-0.6344066262245178
18313,2.5390872955322266,-0.6351844668388367
18314,2.40677547454834,-0.6460182666778564
18315,2.3596436977386475,-0.6132489442825317
18316,2.121516227722168,-0.6462070941925049
18317,2.244218587875366,-0.6439311504364014
18318,2.302680492401123,-0.6343261003494263
18319,2.4142208099365234,-0.645460844039917
18320,2.1274685859680176,-0.6702316403388977
18321,2.285752534866333,-0.5986775755882263
18322,2.2933902740478516,-0.7067291736602783
18323,2.4549243450164795,-0.6523682475090027
18324,2.255120277404785,-0.6494213938713074
18325,1.7592512369155884,-0.5181664228439331
18326,2.0233888626098633,-0.5902324318885803
18327,2.3334813117980957,-0.6942585706710815
18328,2.0643951892852783,-0.6167079210281372
18329,2.817225456237793,-0.6841220855712891
18330,2.220973014831543,-0.6729338765144348
18331,2.538198947906494,-0.5944240093231201
18332,2.614041805267334,-0.6196491122245789
18333,2.1061930656433105,-0.6035436391830444
18334,2.2800517082214355,-0.619347095489502
18335,2.601398229598999,-0.5220073461532593
18336,2.172745704650879,-0.6538942456245422
18337,2.769749641418457,-0.6889656186103821
18338,2.286423683166504,-0.6743915677070618
18339,2.581320285797119,-0.6969650983810425
18340,2.312563419342041,-0.5963342785835266
18341,2.6875429153442383,-0.6043649911880493
18342,2.4150137901306152,-0.6055425405502319
18343,2.395158290863037,-0.7051548957824707
18344,2.298520088195801,-0.6009818911552429
18345,2.0513553619384766,-0.6455187201499939
18346,2.2352328300476074,-0.6165419816970825
18347,2.5431814193725586,-0.6538573503494263
18348,2.3543589115142822,-0.6946616172790527
18349,2.1650876998901367,-0.7061820030212402
18350,2.4531922340393066,-0.6320816874504089
18351,2.077345848083496,-0.6305670142173767
18352,2.1353812217712402,-0.6211423277854919
18353,2.1625208854675293,-0.6169929504394531
18354,2.145862579345703,-0.6159338355064392
18355,2.032817840576172,-0.6243353486061096
18356,2.5918164253234863,-0.6136307716369629
18357,2.2429685592651367,-0.6426514983177185
18358,2.0273656845092773,-0.5642105340957642
18359,2.428278923034668,-0.53577721118927
18360,2.2793984413146973,-0.6131360530853271
18361,2.606966495513916,-0.561323344707489
18362,2.403242588043213,-0.7387527227401733
18363,2.8705716133117676,-0.705056369304657
18364,2.3092074394226074,-0.6509595513343811
18365,2.2666125297546387,-0.5613797903060913
18366,2.563723087310791,-0.6807474493980408
18367,2.4231410026550293,-0.6982793211936951
18368,2.2646727561950684,-0.642831027507782
18369,2.5237960815429688,-0.6026155352592468
18370,2.249877452850342,-0.6282556653022766
18371,2.7520155906677246,-0.6070264577865601
18372,2.2814226150512695,-0.6558729410171509
18373,2.0850391387939453,-0.6196937561035156
18374,2.4496212005615234,-0.6541701555252075
18375,2.6104397773742676,-0.6724607348442078
18376,2.340094566345215,-0.6186246275901794
18377,2.1827125549316406,-0.6179141998291016
18378,2.3958349227905273,-0.6823294162750244
18379,2.320613384246826,-0.7356064319610596
18380,2.2364087104797363,-0.6390420794487
18381,2.205986738204956,-0.6655128598213196
18382,2.653691291809082,-0.5470659136772156
18383,2.2670648097991943,-0.5879573822021484
18384,2.054628849029541,-0.5916323661804199
18385,2.3690929412841797,-0.6510791778564453
18386,2.345093250274658,-0.6600871086120605
18387,2.380805730819702,-0.6856115460395813
18388,2.227102279663086,-0.6652572154998779
18389,2.305274724960327,-0.6841691732406616
18390,2.1592113971710205,-0.6373943090438843
18391,2.2479472160339355,-0.6732779145240784
18392,2.131916046142578,-0.6985803246498108
18393,2.184708833694458,-0.6385878920555115
18394,2.1752710342407227,-0.6427573561668396
18395,2.291832447052002,-0.6476345658302307
18396,2.216249704360962,-0.6864560842514038
18397,2.810293197631836,-0.7047548890113831
18398,2.5342519283294678,-0.721086323261261
18399,2.4975433349609375,-0.6448456048965454
18400,2.462656259536743,-0.522013783454895
18401,2.246079206466675,-0.6841936707496643
18402,2.144805908203125,-0.7560198903083801
18403,2.1691346168518066,-0.5853015780448914
18404,2.6661007404327393,-0.6624828577041626
18405,2.3486578464508057,-0.6017239093780518
18406,2.2675344944000244,-0.6414197683334351
18407,1.9607203006744385,-0.5502594709396362
18408,2.313401222229004,-0.5803943872451782
18409,2.295790195465088,-0.6759727597236633
18410,2.3741068840026855,-0.6299842596054077
18411,2.124558448791504,-0.6630324721336365
18412,2.3176164627075195,-0.583454966545105
18413,2.285531997680664,-0.6863710880279541
18414,2.3891007900238037,-0.6247443556785583
18415,2.2193922996520996,-0.6279260516166687
18416,1.998408555984497,-0.5834769606590271
18417,2.562166213989258,-0.6301819086074829
18418,2.088008165359497,-0.6467919945716858
18419,2.7223610877990723,-0.6270118951797485
18420,2.2424607276916504,-0.6202634572982788
18421,2.2627670764923096,-0.6304252743721008
18422,2.423414468765259,-0.6053701043128967
18423,2.2852139472961426,-0.5654385089874268
18424,2.2715492248535156,-0.6316778659820557
18425,2.8091886043548584,-0.6182812452316284
18426,2.247375249862671,-0.6078372001647949
18427,2.264038562774658,-0.6851005554199219
18428,2.2909631729125977,-0.6631014347076416
18429,2.1660709381103516,-0.5843732357025146
18430,2.2482447624206543,-0.659650981426239
18431,2.4656500816345215,-0.6635229587554932
18432,2.5360348224639893,-0.7563558220863342
18433,2.4926915168762207,-0.5692172050476074
18434,2.4457671642303467,-0.6043459177017212
18435,2.038137912750244,-0.6308858394622803
18436,2.324406385421753,-0.6665742993354797
18437,2.325606107711792,-0.6626269817352295
18438,2.6220321655273438,-0.6493521332740784
18439,2.2903475761413574,-0.6593532562255859
18440,2.466078758239746,-0.6381022930145264
18441,2.5676376819610596,-0.683077871799469
18442,2.2571208477020264,-0.6313969492912292
18443,2.521392345428467,-0.6821392774581909
18444,2.4125027656555176,-0.6569501757621765
18445,2.464899778366089,-0.6025820374488831
18446,2.419419288635254,-0.6598183512687683
18447,2.2028346061706543,-0.6917200684547424
18448,2.3481807708740234,-0.7011238932609558
18449,2.3064262866973877,-0.6596866846084595
18450,2.4597787857055664,-0.6456626057624817
18451,2.3245363235473633,-0.5914394855499268
18452,2.432682514190674,-0.5967429280281067
18453,2.4878249168395996,-0.5935384631156921
18454,2.285417079925537,-0.6911801099777222
18455,2.510148048400879,-0.5949079394340515
18456,2.377350330352783,-0.6680709719657898
18457,2.291167736053467,-0.6120057106018066
18458,2.2368741035461426,-0.5815650820732117
18459,2.481032371520996,-0.6643992066383362
18460,2.3328585624694824,-0.745847225189209
18461,2.188108444213867,-0.6246978044509888
18462,2.2201719284057617,-0.5748335123062134
18463,2.524045944213867,-0.6080589890480042
18464,2.1123030185699463,-0.6826352477073669
18465,2.385373115539551,-0.6630076766014099
18466,2.544097900390625,-0.6367990374565125
18467,2.399864673614502,-0.6455563306808472
18468,2.725512981414795,-0.6241243481636047
18469,2.2088851928710938,-0.642707884311676
18470,2.129725456237793,-0.6186012625694275
18471,2.555403709411621,-0.7044327259063721
18472,2.616365432739258,-0.6706138849258423
18473,2.4529225826263428,-0.6798644065856934
18474,2.6843600273132324,-0.6337700486183167
18475,2.213106393814087,-0.666553795337677
18476,2.347461700439453,-0.6381433606147766
18477,2.1727709770202637,-0.6588414907455444
18478,2.161984920501709,-0.6908369660377502
18479,2.5938031673431396,-0.7112990617752075
18480,2.135932207107544,-0.6753703951835632
18481,2.7607507705688477,-0.7294080257415771
18482,2.0990304946899414,-0.5186852812767029
18483,2.4123358726501465,-0.6809263825416565
18484,2.2183616161346436,-0.646024227142334
18485,2.296860933303833,-0.643248975276947
18486,2.414027690887451,-0.604435920715332
18487,2.1510825157165527,-0.6596170663833618
18488,2.1831812858581543,-0.5328711867332458
18489,2.3939602375030518,-0.6210305690765381
18490,2.2620139122009277,-0.6458886861801147
18491,2.5967159271240234,-0.6102468371391296
18492,2.3187060356140137,-0.6260479092597961
18493,2.41312837600708,-0.6260526180267334
18494,2.3131237030029297,-0.7001626491546631
18495,2.1745567321777344,-0.590416431427002
18496,2.5159311294555664,-0.6425159573554993
18497,2.6777708530426025,-0.757687509059906
18498,2.473433256149292,-0.6105691194534302
18499,2.134462356567383,-0.6131620407104492
18500,2.25079345703125,-0.5902528166770935
18501,2.0949597358703613,-0.6643021106719971
18502,2.3646316528320312,-0.7168334722518921
18503,2.7633275985717773,-0.6247036457061768
18504,2.1484992504119873,-0.6029155850410461
18505,2.0843892097473145,-0.5860593914985657
18506,2.423429489135742,-0.574242115020752
18507,2.5041370391845703,-0.6627551317214966
18508,2.5152201652526855,-0.6007108092308044
18509,2.2049641609191895,-0.6334558129310608
18510,2.16204571723938,-0.6103050112724304
18511,2.1652235984802246,-0.6991467475891113
18512,2.569946050643921,-0.661244809627533
18513,3.1215696334838867,-0.6757237315177917
18514,2.056687355041504,-0.7371750473976135
18515,2.537522315979004,-0.7091522216796875
18516,2.478250503540039,-0.6946001648902893
18517,2.451791286468506,-0.6493515968322754
18518,2.600170135498047,-0.665956974029541
18519,2.781461715698242,-0.6829411387443542
18520,2.355173110961914,-0.6359694600105286
18521,2.687256336212158,-0.6984677910804749
18522,2.3354365825653076,-0.6339643001556396
18523,2.2743282318115234,-0.6005306243896484
18524,2.240971565246582,-0.5135250687599182
18525,2.481095790863037,-0.6733756065368652
18526,2.3406715393066406,-0.6517138481140137
18527,2.1642489433288574,-0.6330766081809998
18528,2.076979160308838,-0.6634433269500732
18529,2.1171679496765137,-0.6212601065635681
18530,2.187669277191162,-0.6378723978996277
18531,2.2245826721191406,-0.6608007550239563
18532,2.4653306007385254,-0.6940351724624634
18533,2.41723895072937,-0.6883482933044434
18534,2.209533452987671,-0.6429759860038757
18535,2.3497910499572754,-0.6215495467185974
18536,2.7531661987304688,-0.7149248719215393
18537,2.273543357849121,-0.7004290223121643
18538,2.248450756072998,-0.6111213564872742
18539,2.124776840209961,-0.5882876515388489
18540,2.415814161300659,-0.602785587310791
18541,2.260286331176758,-0.6345242857933044
18542,2.5034375190734863,-0.6181130409240723
18543,2.5272979736328125,-0.6632987856864929
18544,2.3077750205993652,-0.6052978038787842
18545,2.417062282562256,-0.7230837941169739
18546,2.21136474609375,-0.6218781471252441
18547,2.487661838531494,-0.648811399936676
18548,2.630560874938965,-0.721610963344574
18549,2.4023876190185547,-0.6346749663352966
18550,2.394436836242676,-0.6040171980857849
18551,2.267716884613037,-0.6477562189102173
18552,2.341881275177002,-0.570806086063385
18553,2.393435478210449,-0.5782932639122009
18554,2.1838483810424805,-0.644605815410614
18555,2.6284937858581543,-0.6501794457435608
18556,2.0830907821655273,-0.6124470829963684
18557,2.599884510040283,-0.6600977182388306
18558,2.453277587890625,-0.6219143867492676
18559,2.3457722663879395,-0.6533010005950928
18560,2.373645782470703,-0.697037935256958
18561,2.419088363647461,-0.6750704050064087
18562,2.40301513671875,-0.5399884581565857
18563,2.1378817558288574,-0.5488288402557373
18564,2.383591890335083,-0.6157953143119812
18565,2.30764102935791,-0.6250762343406677
18566,2.2433865070343018,-0.6779876947402954
18567,2.659451723098755,-0.6553232073783875
18568,2.5264968872070312,-0.6050581336021423
18569,2.306627035140991,-0.586220920085907
18570,2.4871952533721924,-0.5861318707466125
18571,2.318185329437256,-0.6865237951278687
18572,2.3840198516845703,-0.5862152576446533
18573,2.7397871017456055,-0.6106522083282471
18574,2.387632131576538,-0.6911203861236572
18575,2.045038938522339,-0.5673560500144958
18576,2.628481388092041,-0.5968143939971924
18577,2.6630043983459473,-0.6891740560531616
18578,2.31790828704834,-0.728489100933075
18579,2.220794439315796,-0.6326597332954407
18580,2.280022621154785,-0.6548973321914673
18581,2.3765993118286133,-0.6550709009170532
18582,2.4408984184265137,-0.6537624597549438
18583,2.247823715209961,-0.5772948265075684
18584,2.580260753631592,-0.6326667666435242
18585,2.302985668182373,-0.5259395837783813
18586,2.444206714630127,-0.7164375185966492
18587,2.2099339962005615,-0.6953799724578857
18588,2.195021629333496,-0.6268774271011353
18589,2.830554723739624,-0.6554563045501709
18590,2.271061897277832,-0.5813648700714111
18591,2.3212172985076904,-0.6363821625709534
18592,2.326889991760254,-0.686114490032196
18593,2.4297690391540527,-0.7133459448814392
18594,2.4257659912109375,-0.6185750365257263
18595,2.8236451148986816,-0.6876934766769409
18596,2.0753352642059326,-0.5847827792167664
18597,2.1738507747650146,-0.6067622900009155
18598,2.30108380317688,-0.6888166666030884
18599,2.192605972290039,-0.6677170395851135
18600,2.2582969665527344,-0.5716931819915771
18601,2.8585174083709717,-0.6828188300132751
18602,2.3965377807617188,-0.6173962950706482
18603,2.134373664855957,-0.6342527866363525
18604,2.152316093444824,-0.5732601881027222
18605,2.6699557304382324,-0.7811710834503174
18606,2.2762136459350586,-0.6021696925163269
18607,2.426823139190674,-0.6133328676223755
18608,2.2503585815429688,-0.5818355679512024
18609,2.2587177753448486,-0.5893950462341309
18610,2.3588662147521973,-0.7761592864990234
18611,2.407080888748169,-0.5672470331192017
18612,2.5413436889648438,-0.6884384751319885
18613,2.2600908279418945,-0.5682369470596313
18614,2.3113162517547607,-0.6115016341209412
18615,2.628654956817627,-0.5762895345687866
18616,2.6474037170410156,-0.6217504739761353
18617,2.578000545501709,-0.645933210849762
18618,2.5764431953430176,-0.6676265597343445
18619,2.545722484588623,-0.6195043921470642
18620,2.5545854568481445,-0.5832012295722961
18621,2.3344192504882812,-0.6315209269523621
18622,1.9855833053588867,-0.6288550496101379
18623,2.0022354125976562,-0.6128283143043518
18624,2.1534721851348877,-0.6841910481452942
18625,2.359203338623047,-0.650543212890625
18626,2.220677375793457,-0.5588198900222778
18627,2.4482688903808594,-0.6329261660575867
18628,2.400880813598633,-0.6115210652351379
18629,2.4303395748138428,-0.6645054817199707
18630,2.538820266723633,-0.6571977734565735
18631,2.3735971450805664,-0.6078091263771057
18632,2.0482497215270996,-0.5946096181869507
18633,2.105164051055908,-0.5818887948989868
18634,2.817274570465088,-0.6572176218032837
18635,2.113471508026123,-0.6269577145576477
18636,2.4888243675231934,-0.7863357067108154
18637,2.4729738235473633,-0.707282543182373
18638,1.9632514715194702,-0.5427041053771973
18639,2.3580474853515625,-0.6389925479888916
18640,2.408684730529785,-0.6353959441184998
18641,2.306673526763916,-0.8038465976715088
18642,2.497443675994873,-0.6892850399017334
18643,2.3234920501708984,-0.5899016261100769
18644,2.341859817504883,-0.6157417297363281
18645,2.3495519161224365,-0.5288803577423096
18646,2.543851375579834,-0.7004907131195068
18647,2.1952223777770996,-0.7020261287689209
18648,2.3876564502716064,-0.6153283715248108
18649,2.4019832611083984,-0.6651281714439392
18650,2.7088985443115234,-0.623019814491272
18651,2.271268844604492,-0.6224557757377625
18652,2.144784688949585,-0.606562077999115
18653,2.6101691722869873,-0.6644119024276733
18654,2.395113468170166,-0.6449565887451172
18655,2.3586249351501465,-0.6871913075447083
18656,2.5177130699157715,-0.6371038556098938
18657,2.2881195545196533,-0.6432989239692688
18658,2.3539419174194336,-0.6412367224693298
18659,2.447234630584717,-0.6624739170074463
18660,2.216325283050537,-0.6363000273704529
18661,2.543267250061035,-0.6612568497657776
18662,2.241591691970825,-0.6599567532539368
18663,2.3569445610046387,-0.7126026749610901
18664,2.5731844902038574,-0.6637309789657593
18665,2.663007974624634,-0.7340842485427856
18666,2.089442729949951,-0.5621324777603149
18667,2.519798755645752,-0.6543788313865662
18668,2.3240649700164795,-0.6793821454048157
18669,2.209407329559326,-0.6225957274436951
18670,2.650134325027466,-0.6134504079818726
18671,2.2641139030456543,-0.641887366771698
18672,2.234954833984375,-0.6159088611602783
18673,2.406749725341797,-0.7077367901802063
18674,2.3912816047668457,-0.622181236743927
18675,2.1097662448883057,-0.6093353033065796
18676,2.03460955619812,-0.5980496406555176
18677,2.388054847717285,-0.6315961480140686
18678,2.2835826873779297,-0.6729318499565125
18679,2.175978660583496,-0.5949419140815735
18680,2.5855159759521484,-0.7192338705062866
18681,2.3147807121276855,-0.5931260585784912
18682,2.697835922241211,-0.6891816854476929
18683,2.348597764968872,-0.5678789615631104
18684,2.397111177444458,-0.6597216725349426
18685,2.3346214294433594,-0.6304189562797546
18686,2.2215652465820312,-0.6000936031341553
18687,2.126767158508301,-0.6050119996070862
18688,2.4088258743286133,-0.6056673526763916
18689,2.190308094024658,-0.6317403316497803
18690,2.555851936340332,-0.6150957942008972
18691,2.073090076446533,-0.6135046482086182
18692,2.2793076038360596,-0.6414422392845154
18693,2.3895981311798096,-0.646223783493042
18694,2.2671761512756348,-0.7147682905197144
18695,2.415766477584839,-0.61424320936203
18696,2.3135955333709717,-0.6267659664154053
18697,2.107896566390991,-0.6732063889503479
18698,2.3798656463623047,-0.7211868166923523
18699,2.3688173294067383,-0.5836679935455322
18700,2.439561128616333,-0.6256105899810791
18701,2.4942984580993652,-0.5732578039169312
18702,1.9264448881149292,-0.6075628399848938
18703,2.2898082733154297,-0.6710191369056702
18704,2.086231231689453,-0.5450538396835327
18705,2.5500786304473877,-0.6666576862335205
18706,2.4616098403930664,-0.6318016052246094
18707,2.6180734634399414,-0.6379814743995667
18708,2.606855869293213,-0.656212568283081
18709,2.2334060668945312,-0.725416362285614
18710,2.5401053428649902,-0.712901771068573
18711,2.389832019805908,-0.6505165696144104
18712,2.351702928543091,-0.6504791975021362
18713,2.3757317066192627,-0.5940224528312683
18714,2.4309945106506348,-0.7546215653419495
18715,2.2297463417053223,-0.6620010137557983
18716,2.321199893951416,-0.5736092925071716
18717,2.13326358795166,-0.6223356127738953
18718,2.0120763778686523,-0.5708624124526978
18719,2.486912965774536,-0.6807620525360107
18720,1.9996912479400635,-0.6345032453536987
18721,2.380039691925049,-0.6864024996757507
18722,2.824061393737793,-0.6769005060195923
18723,2.3974313735961914,-0.6458563208580017
18724,2.481328010559082,-0.5982827544212341
18725,2.3159451484680176,-0.7032364010810852
18726,2.1399497985839844,-0.6179697513580322
18727,2.6586451530456543,-0.6869798302650452
18728,2.0674102306365967,-0.6135023236274719
18729,2.135171890258789,-0.5929151773452759
18730,2.0076351165771484,-0.5177546143531799
18731,2.5818819999694824,-0.6124236583709717
18732,2.262633800506592,-0.6218552589416504
18733,2.2513513565063477,-0.5936869978904724
18734,2.50588059425354,-0.6163395047187805
18735,2.1592979431152344,-0.5890093445777893
18736,2.397099018096924,-0.5725950598716736
18737,2.331907272338867,-0.7245131731033325
18738,2.7223191261291504,-0.6339641809463501
18739,2.2870187759399414,-0.6010094285011292
18740,2.48408842086792,-0.6303055882453918
18741,2.3734817504882812,-0.5847084522247314
18742,2.0573341846466064,-0.6294468641281128
18743,2.0596327781677246,-0.5558328032493591
18744,2.1380271911621094,-0.6117842197418213
18745,2.2513861656188965,-0.664644718170166
18746,2.3757457733154297,-0.624315619468689
18747,2.229828357696533,-0.6133639216423035
18748,2.4628350734710693,-0.6412036418914795
18749,2.3732872009277344,-0.678723931312561
18750,2.490182876586914,-0.6111747622489929
18751,2.388662815093994,-0.682236909866333
18752,2.338792324066162,-0.6021162271499634
18753,2.1532979011535645,-0.6271250247955322
18754,2.500150203704834,-0.6301952004432678
18755,1.9802138805389404,-0.5944433808326721
18756,2.3430285453796387,-0.5776689648628235
18757,2.43273663520813,-0.630979061126709
18758,2.45166015625,-0.676018238067627
18759,2.3639039993286133,-0.7175917029380798
18760,2.85684871673584,-0.7060814499855042
18761,2.3996667861938477,-0.5817756652832031
18762,2.18839693069458,-0.5673137307167053
18763,2.814760684967041,-0.6638324856758118
18764,2.1903762817382812,-0.5879882574081421
18765,2.294045925140381,-0.7121884226799011
18766,2.0885050296783447,-0.6945270299911499
18767,2.1237969398498535,-0.6815098524093628
18768,2.443087339401245,-0.5996460318565369
18769,2.4294514656066895,-0.7051560878753662
18770,2.3767008781433105,-0.6610665321350098
18771,2.6408591270446777,-0.7601847648620605
18772,2.088486671447754,-0.6883090138435364
18773,2.2552337646484375,-0.5978367328643799
18774,2.343580722808838,-0.6100021600723267
18775,2.174952507019043,-0.6130988597869873
18776,2.3408424854278564,-0.7261675000190735
18777,2.0958914756774902,-0.5480465292930603
18778,2.0959813594818115,-0.6869869828224182
18779,2.1017613410949707,-0.5812026262283325
18780,2.727879047393799,-0.659135103225708
18781,2.4856338500976562,-0.6593570709228516
18782,2.4294962882995605,-0.6553423404693604
18783,2.2796850204467773,-0.6624003052711487
18784,2.0206477642059326,-0.5752179622650146
18785,2.5691871643066406,-0.6334953904151917
18786,2.309971332550049,-0.665503978729248
18787,2.4514641761779785,-0.6817501187324524
18788,2.5931129455566406,-0.6185486316680908
18789,2.303812026977539,-0.5733060836791992
18790,2.4695119857788086,-0.6065924763679504
18791,2.9333925247192383,-0.6279987692832947
18792,2.610672950744629,-0.686255931854248
18793,2.2592475414276123,-0.6635543704032898
18794,2.3432791233062744,-0.6434631943702698
18795,2.074895143508911,-0.6539474725723267
18796,2.580024480819702,-0.5938243865966797
18797,2.2913334369659424,-0.6311401128768921
18798,2.5643880367279053,-0.7144615054130554
18799,2.7578601837158203,-0.7098742723464966
18800,2.436814785003662,-0.6470855474472046
18801,2.0938832759857178,-0.6082837581634521
18802,2.5609817504882812,-0.6514777541160583
18803,2.252584457397461,-0.6027107834815979
18804,2.2691869735717773,-0.6616768836975098
18805,2.2961413860321045,-0.6386332511901855
18806,2.6069743633270264,-0.6384928822517395
18807,2.433347225189209,-0.6528204083442688
18808,2.3743371963500977,-0.5922766327857971
18809,2.2246222496032715,-0.6487858295440674
18810,2.301456928253174,-0.6839964985847473
18811,2.375619888305664,-0.6371291875839233
18812,2.1586928367614746,-0.5422300696372986
18813,2.789055109024048,-0.6875767707824707
18814,2.3248047828674316,-0.6382432579994202
18815,2.162785291671753,-0.5579214692115784
18816,1.9840919971466064,-0.6237255334854126
18817,2.622015953063965,-0.7137519121170044
18818,2.283475875854492,-0.6994715929031372
18819,2.693732976913452,-0.6090098023414612
18820,2.2330312728881836,-0.6686248183250427
18821,2.432297468185425,-0.6019871234893799
18822,2.721907615661621,-0.6797017455101013
18823,2.2633490562438965,-0.6673391461372375
18824,2.2855780124664307,-0.7164003252983093
18825,2.4977543354034424,-0.6010437607765198
18826,2.2333405017852783,-0.6220951080322266
18827,2.439067840576172,-0.6115930080413818
18828,2.390767812728882,-0.5701465010643005
18829,2.2898612022399902,-0.6081657409667969
18830,2.0953445434570312,-0.6561501026153564
18831,1.9602487087249756,-0.6270495057106018
18832,2.2331972122192383,-0.6146008968353271
18833,2.331763744354248,-0.6827433109283447
18834,2.2692136764526367,-0.732414722442627
18835,2.3926467895507812,-0.6666734218597412
18836,2.0616416931152344,-0.6649870872497559
18837,2.026366949081421,-0.5629473328590393
18838,2.083209753036499,-0.5136934518814087
18839,2.5373644828796387,-0.695740818977356
18840,2.4207706451416016,-0.6269692778587341
18841,2.216339588165283,-0.581229031085968
18842,2.2724413871765137,-0.6043457984924316
18843,2.2253270149230957,-0.5250059366226196
18844,2.036508083343506,-0.6061705946922302
18845,2.3824105262756348,-0.6181315779685974
18846,2.08394718170166,-0.7186045050621033
18847,2.6645708084106445,-0.619376540184021
18848,2.36527156829834,-0.5655512809753418
18849,2.4205803871154785,-0.6227277517318726
18850,2.270995616912842,-0.6993111371994019
18851,2.4263386726379395,-0.6168785095214844
18852,2.2981207370758057,-0.714179515838623
18853,2.633997917175293,-0.6245637536048889
18854,2.3940649032592773,-0.6649670600891113
18855,2.2486534118652344,-0.6743457317352295
18856,1.8501384258270264,-0.628375232219696
18857,2.1655516624450684,-0.6454470157623291
18858,2.144326686859131,-0.6898974776268005
18859,2.121885061264038,-0.5780977010726929
18860,2.247313976287842,-0.6199679970741272
18861,2.41432523727417,-0.6728401184082031
18862,2.4360384941101074,-0.6743698120117188
18863,2.58538818359375,-0.6502685546875
18864,2.6774845123291016,-0.6942272782325745
18865,2.1681528091430664,-0.6063538193702698
18866,2.4097886085510254,-0.7608517408370972
18867,2.132643699645996,-0.5633047223091125
18868,2.311305522918701,-0.6719821691513062
18869,2.329575777053833,-0.6649673581123352
18870,2.288698196411133,-0.5547144412994385
18871,2.381654739379883,-0.5290167331695557
18872,2.5369133949279785,-0.6635004281997681
18873,2.1268410682678223,-0.6675407886505127
18874,2.19741153717041,-0.6510432958602905
18875,2.358494758605957,-0.6621560454368591
18876,2.3480262756347656,-0.6302083730697632
18877,2.3223071098327637,-0.6940315961837769
18878,2.0998411178588867,-0.5913571715354919
18879,2.1469602584838867,-0.6040611267089844
18880,2.2503676414489746,-0.6176769733428955
18881,2.3822576999664307,-0.6591465473175049
18882,2.2910265922546387,-0.6707029938697815
18883,2.2620651721954346,-0.663399875164032
18884,2.537703514099121,-0.6346328258514404
18885,2.1999526023864746,-0.5763689279556274
18886,2.183281421661377,-0.6493206024169922
18887,2.2734925746917725,-0.6144044399261475
18888,2.305703639984131,-0.7163228392601013
18889,2.1049249172210693,-0.714040219783783
18890,2.5874338150024414,-0.6183399558067322
18891,2.3284080028533936,-0.5834396481513977
18892,2.287169933319092,-0.6803562045097351
18893,2.226792812347412,-0.6269686222076416
18894,2.5867180824279785,-0.6928533911705017
18895,2.098803997039795,-0.6630118489265442
18896,2.09773588180542,-0.6414157748222351
18897,2.7273144721984863,-0.689476490020752
18898,2.330507755279541,-0.7003068327903748
18899,2.3336310386657715,-0.677127480506897
18900,2.4277496337890625,-0.592097818851471
18901,2.356987953186035,-0.7221359014511108
18902,2.9635276794433594,-0.7475253939628601
18903,2.604713201522827,-0.677290678024292
18904,2.1305761337280273,-0.618039071559906
18905,2.2602157592773438,-0.5880326628684998
18906,2.514583110809326,-0.6247677803039551
18907,2.372640609741211,-0.6593026518821716
18908,2.428694248199463,-0.6746852993965149
18909,2.581719398498535,-0.6509566307067871
18910,2.295318603515625,-0.5718188285827637
18911,2.912869930267334,-0.5975521802902222
18912,2.6614553928375244,-0.5302988886833191
18913,2.6344552040100098,-0.7379711866378784
18914,2.4369187355041504,-0.664719820022583
18915,2.4668283462524414,-0.6445598006248474
18916,2.0439305305480957,-0.5656757950782776
18917,2.447969436645508,-0.616604745388031
18918,1.995863914489746,-0.6096557378768921
18919,2.2436037063598633,-0.7040753364562988
18920,2.080059766769409,-0.6657016277313232
18921,2.3157715797424316,-0.6622995138168335
18922,2.518383026123047,-0.6721933484077454
18923,2.1794300079345703,-0.6074264645576477
18924,2.1509652137756348,-0.6739534735679626
18925,2.2048428058624268,-0.6069563031196594
18926,2.1379547119140625,-0.6306409239768982
18927,2.225630521774292,-0.6362190842628479
18928,2.4512712955474854,-0.6018878817558289
18929,2.374793529510498,-0.6398073434829712
18930,2.412147045135498,-0.671171247959137
18931,2.5085368156433105,-0.6858064532279968
18932,2.38401460647583,-0.6502819657325745
18933,2.459627866744995,-0.6636964678764343
18934,2.355012893676758,-0.601176381111145
18935,2.149779796600342,-0.5830397605895996
18936,2.2601027488708496,-0.5460253953933716
18937,2.3776001930236816,-0.6364549398422241
18938,3.090939998626709,-0.6058865189552307
18939,2.3196678161621094,-0.6951045989990234
18940,2.6959493160247803,-0.6481577157974243
18941,2.7649803161621094,-0.6259713172912598
18942,2.1124024391174316,-0.5642585754394531
18943,2.6467976570129395,-0.6425426006317139
18944,2.5959835052490234,-0.6265001893043518
18945,2.227710485458374,-0.6651614904403687
18946,2.2490406036376953,-0.6512420773506165
18947,2.3819315433502197,-0.5490155220031738
18948,2.351346969604492,-0.6017236113548279
18949,3.076728105545044,-0.627741277217865
18950,2.3511147499084473,-0.7148146033287048
18951,2.1294894218444824,-0.6206234693527222
18952,2.296806812286377,-0.6585647463798523
18953,2.2888431549072266,-0.5121591091156006
18954,2.1966047286987305,-0.6039527654647827
18955,2.6663451194763184,-0.619872510433197
18956,2.3221001625061035,-0.6403160691261292
18957,2.3338570594787598,-0.7264810800552368
18958,2.077205181121826,-0.6137371063232422
18959,2.235994338989258,-0.6570876836776733
18960,2.4306297302246094,-0.5836279988288879
18961,2.537583827972412,-0.7011004090309143
18962,2.327495574951172,-0.6765150427818298
18963,2.019207239151001,-0.6303632259368896
18964,2.13173508644104,-0.5964277386665344
18965,2.1026413440704346,-0.6203380823135376
18966,1.9907759428024292,-0.54579758644104
18967,2.498932361602783,-0.6444277763366699
18968,2.279837131500244,-0.6615970730781555
18969,2.346892833709717,-0.6593099236488342
18970,2.447437047958374,-0.6230241656303406
18971,2.241302013397217,-0.5832728743553162
18972,2.461338996887207,-0.6611750721931458
18973,2.761969804763794,-0.678587019443512
18974,2.417966842651367,-0.6592682003974915
18975,2.4386024475097656,-0.6926207542419434
18976,2.510592460632324,-0.6673076748847961
18977,2.3966150283813477,-0.5966141223907471
18978,2.52242112159729,-0.7501522302627563
18979,2.283844232559204,-0.6551614999771118
18980,2.3958959579467773,-0.6387747526168823
18981,2.075674295425415,-0.5560038089752197
18982,2.554863452911377,-0.640718400478363
18983,2.3778796195983887,-0.6381725072860718
18984,2.0019736289978027,-0.6321719884872437
18985,2.091226100921631,-0.6241710186004639
18986,2.4112987518310547,-0.5841624140739441
18987,2.440384864807129,-0.697275698184967
18988,2.3099515438079834,-0.6679739952087402
18989,2.6862401962280273,-0.6656869649887085
18990,2.1971988677978516,-0.5736088156700134
18991,2.377257823944092,-0.7022683024406433
18992,2.209216833114624,-0.6427944898605347
18993,2.1434450149536133,-0.5939331650733948
18994,2.5114970207214355,-0.7070568799972534
18995,2.6827220916748047,-0.6700711250305176
18996,2.3705544471740723,-0.5984897017478943
18997,2.18501615524292,-0.6102299690246582
18998,2.7441649436950684,-0.7113059759140015
18999,2.063201904296875,-0.7425689101219177
19000,2.170151710510254,-0.6796972751617432
19001,2.3544673919677734,-0.6054309010505676
19002,2.2018237113952637,-0.5797936916351318
19003,2.178586006164551,-0.5807763934135437
19004,2.069899082183838,-0.6191530823707581
19005,2.586637020111084,-0.638821005821228
19006,2.1604437828063965,-0.6691412329673767
19007,2.633327007293701,-0.5952918529510498
19008,2.360564708709717,-0.6310029029846191
19009,2.4730277061462402,-0.6353669762611389
19010,2.167631149291992,-0.5611900091171265
19011,1.9534175395965576,-0.6516276597976685
19012,2.141592025756836,-0.626349925994873
19013,2.4312801361083984,-0.566406786441803
19014,2.237321376800537,-0.6544381976127625
19015,2.26728892326355,-0.5640985369682312
19016,2.3282833099365234,-0.5919803380966187
19017,2.325517177581787,-0.6931365728378296
19018,2.2324602603912354,-0.6527758836746216
19019,2.186537742614746,-0.6005155444145203
19020,2.290724039077759,-0.564693808555603
19021,2.4797027111053467,-0.6749295592308044
19022,2.2415552139282227,-0.6354302763938904
19023,2.3534889221191406,-0.6656032800674438
19024,2.2573018074035645,-0.5740675926208496
19025,2.144268035888672,-0.6144500374794006
19026,2.401916027069092,-0.524808943271637
19027,2.668003559112549,-0.7150151133537292
19028,2.457779884338379,-0.7422149181365967
19029,2.4155352115631104,-0.6856691241264343
19030,2.560826301574707,-0.6562784314155579
19031,2.288036823272705,-0.6152430176734924
19032,2.664353847503662,-0.654395580291748
19033,2.2621498107910156,-0.6791958808898926
19034,2.437278985977173,-0.6404542326927185
19035,2.3242931365966797,-0.6534382104873657
19036,2.6523478031158447,-0.6317265033721924
19037,2.19612979888916,-0.5631009936332703
19038,2.334238290786743,-0.5713459253311157
19039,2.641470193862915,-0.6474584937095642
19040,2.129182815551758,-0.6940038800239563
19041,2.551499366760254,-0.6948968768119812
19042,2.2880852222442627,-0.4759916663169861
19043,2.384261131286621,-0.6277387738227844
19044,2.4201807975769043,-0.5547662973403931
19045,2.723145008087158,-0.6262932419776917
19046,2.5223302841186523,-0.5924412608146667
19047,2.334608554840088,-0.629570484161377
19048,2.7975988388061523,-0.6538385152816772
19049,2.5159831047058105,-0.6857180595397949
19050,2.4404215812683105,-0.659440279006958
19051,2.2155261039733887,-0.5583904385566711
19052,3.0333659648895264,-0.5453714728355408
19053,2.3149871826171875,-0.7002749443054199
19054,2.3401942253112793,-0.660183310508728
19055,2.8486061096191406,-0.6879744529724121
19056,2.3928141593933105,-0.6402902007102966
19057,2.167412042617798,-0.6215434074401855
19058,2.5175721645355225,-0.5716539025306702
19059,2.2477846145629883,-0.6194100379943848
19060,2.0694823265075684,-0.6010889410972595
19061,2.1882948875427246,-0.6767812371253967
19062,2.3087759017944336,-0.6643731594085693
19063,2.04463529586792,-0.5986135601997375
19064,2.5046377182006836,-0.6648970246315002
19065,2.3472156524658203,-0.6434498429298401
19066,2.2841861248016357,-0.6070030331611633
19067,2.265519142150879,-0.6337711215019226
19068,2.372000217437744,-0.5821102261543274
19069,2.1710638999938965,-0.6126583814620972
19070,2.6483192443847656,-0.5937995910644531
19071,2.27939772605896,-0.5890727043151855
19072,2.331745147705078,-0.6667125821113586
19073,2.388615608215332,-0.6577744483947754
19074,2.2205328941345215,-0.6117207407951355
19075,2.538274049758911,-0.6068031191825867
19076,2.3674144744873047,-0.6278700232505798
19077,2.111330270767212,-0.6736635565757751
19078,2.398374080657959,-0.6923916339874268
19079,2.7382073402404785,-0.590554416179657
19080,2.337681293487549,-0.6338664293289185
19081,2.1019582748413086,-0.6004347801208496
19082,1.9456506967544556,-0.6528521776199341
19083,2.4040660858154297,-0.7038748860359192
19084,2.019402265548706,-0.6435911059379578
19085,2.26090669631958,-0.6559638977050781
19086,2.5828752517700195,-0.7261374592781067
19087,2.5672335624694824,-0.6364172697067261
19088,2.452937126159668,-0.5813604593276978
19089,2.415973663330078,-0.5396782159805298
19090,2.3332595825195312,-0.5546112060546875
19091,2.226243019104004,-0.5799415111541748
19092,2.34027099609375,-0.6801235675811768
19093,2.1486947536468506,-0.640977680683136
19094,2.309319019317627,-0.5589077472686768
19095,2.0138556957244873,-0.508308470249176
19096,2.4755053520202637,-0.5695039629936218
19097,2.6953864097595215,-0.5851969718933105
19098,2.0570149421691895,-0.6260800361633301
19099,2.2000732421875,-0.6552401781082153
19100,2.2837517261505127,-0.5574251413345337
19101,2.6706137657165527,-0.6137125492095947
19102,2.39851713180542,-0.6969942450523376
19103,2.3984808921813965,-0.7393993139266968
19104,2.401581287384033,-0.6845262050628662
19105,2.4588451385498047,-0.6138160824775696
19106,2.560291290283203,-0.6287342309951782
19107,2.4245781898498535,-0.6689907908439636
19108,2.7045059204101562,-0.7413865923881531
19109,2.4379210472106934,-0.7336578369140625
19110,2.120007038116455,-0.6575500965118408
19111,2.115001678466797,-0.6349737048149109
19112,2.276998519897461,-0.6715177297592163
19113,2.439636707305908,-0.6108693480491638
19114,2.0246851444244385,-0.6520067453384399
19115,2.102076768875122,-0.6737203001976013
19116,2.171935558319092,-0.7068990468978882
19117,1.993042230606079,-0.6690347790718079
19118,2.0042953491210938,-0.6055583953857422
19119,2.37576961517334,-0.6263369917869568
19120,2.383819580078125,-0.5830832719802856
19121,2.44008731842041,-0.7119112610816956
19122,2.1579229831695557,-0.6303293108940125
19123,2.0328288078308105,-0.6328848004341125
19124,2.2857284545898438,-0.6360955834388733
19125,2.465738296508789,-0.725426435470581
19126,2.4696741104125977,-0.6123395562171936
19127,2.6878340244293213,-0.5991614460945129
19128,2.3606650829315186,-0.6150769591331482
19129,2.311213493347168,-0.6159400939941406
19130,2.3481197357177734,-0.6355410218238831
19131,2.1768274307250977,-0.6741927266120911
19132,2.5526387691497803,-0.6615121364593506
19133,2.3074545860290527,-0.6994607448577881
19134,2.3198843002319336,-0.6067638993263245
19135,2.4996824264526367,-0.6094281673431396
19136,2.5057616233825684,-0.5961608290672302
19137,2.380988121032715,-0.5640138983726501
19138,2.2258806228637695,-0.6161613464355469
19139,2.1825695037841797,-0.6153426170349121
19140,2.176671028137207,-0.641369640827179
19141,2.4226527214050293,-0.661398708820343
19142,2.290789842605591,-0.6584168076515198
19143,2.3594400882720947,-0.6999432444572449
19144,1.9608678817749023,-0.6834113597869873
19145,2.217489242553711,-0.6555440425872803
19146,2.0595946311950684,-0.6314049959182739
19147,2.42921781539917,-0.5932683348655701
19148,2.323453664779663,-0.5998371243476868
19149,2.0201544761657715,-0.7537369728088379
19150,2.4156177043914795,-0.7295558452606201
19151,2.4648733139038086,-0.6401547789573669
19152,2.4262773990631104,-0.6875569820404053
19153,2.47175931930542,-0.6827235221862793
19154,2.2017929553985596,-0.673234760761261
19155,2.2940030097961426,-0.6561625003814697
19156,2.5330896377563477,-0.7074437141418457
19157,2.2196147441864014,-0.6201352477073669
19158,2.2579963207244873,-0.6965630054473877
19159,2.6076927185058594,-0.7121058106422424
19160,2.147411346435547,-0.6380674242973328
19161,2.285550117492676,-0.6807166337966919
19162,2.014617443084717,-0.6275380849838257
19163,2.2419865131378174,-0.6048398017883301
19164,2.738081693649292,-0.5937953591346741
19165,2.3831377029418945,-0.6629411578178406
19166,2.1762099266052246,-0.6650485992431641
19167,2.3943514823913574,-0.6343486309051514
19168,2.5772712230682373,-0.592938244342804
19169,2.4431896209716797,-0.5686618685722351
19170,2.2344307899475098,-0.6057091951370239
19171,2.2190823554992676,-0.6967353820800781
19172,2.1205453872680664,-0.5865563750267029
19173,2.253359794616699,-0.7329695224761963
19174,2.359672784805298,-0.6324695348739624
19175,2.306358814239502,-0.6397770047187805
19176,2.3854172229766846,-0.5628421306610107
19177,2.1059699058532715,-0.6141827702522278
19178,2.5529022216796875,-0.6928711533546448
19179,1.9925013780593872,-0.6043379306793213
19180,2.7039709091186523,-0.6717858910560608
19181,2.53889799118042,-0.6203616261482239
19182,2.3059732913970947,-0.6765357255935669
19183,2.4223384857177734,-0.6390535235404968
19184,2.171236515045166,-0.7195502519607544
19185,2.5152103900909424,-0.6149519681930542
19186,2.5969595909118652,-0.657301664352417
19187,2.414191722869873,-0.68202805519104
19188,2.315589427947998,-0.6775009632110596
19189,2.368753433227539,-0.6968154311180115
19190,2.145733118057251,-0.6420364379882812
19191,2.225135326385498,-0.6408370137214661
19192,2.649052619934082,-0.6460182666778564
19193,2.310260534286499,-0.6279069781303406
19194,2.7257332801818848,-0.7228401303291321
19195,2.3573732376098633,-0.6879599690437317
19196,2.6111974716186523,-0.66461580991745
19197,2.1746201515197754,-0.6860511302947998
19198,2.213432788848877,-0.5969579815864563
19199,2.173917770385742,-0.6298359036445618
19200,2.1472811698913574,-0.6523984670639038
19201,2.1704277992248535,-0.6624491810798645
19202,2.3178305625915527,-0.657585620880127
19203,2.2774648666381836,-0.6462656259536743
19204,2.378990650177002,-0.6115143299102783
19205,2.1780762672424316,-0.641735851764679
19206,2.1445977687835693,-0.6352135539054871
19207,2.35689640045166,-0.7546125054359436
19208,2.2749452590942383,-0.7018989324569702
19209,2.1191213130950928,-0.6613420844078064
19210,2.3832736015319824,-0.6952217817306519
19211,2.324209213256836,-0.5871319770812988
19212,2.5105865001678467,-0.5427548885345459
19213,1.9219400882720947,-0.6307709813117981
19214,2.2944235801696777,-0.6556638479232788
19215,2.3897976875305176,-0.6931629776954651
19216,2.2937233448028564,-0.6445529460906982
19217,2.4222307205200195,-0.7127444744110107
19218,2.334627389907837,-0.6273874640464783
19219,2.302396297454834,-0.617504358291626
19220,2.656637668609619,-0.6966403126716614
19221,2.1982154846191406,-0.6693751811981201
19222,2.379624366760254,-0.6352709531784058
19223,2.435734748840332,-0.6295062899589539
19224,2.400391101837158,-0.7111889719963074
19225,2.0846238136291504,-0.6782141327857971
19226,2.3302364349365234,-0.708264946937561
19227,2.340749740600586,-0.7484035491943359
19228,2.4240832328796387,-0.6776295304298401
19229,2.4012339115142822,-0.7016792297363281
19230,2.4911270141601562,-0.7236412763595581
19231,2.061370372772217,-0.6517293453216553
19232,2.333244562149048,-0.6196357607841492
19233,2.3588385581970215,-0.6448403000831604
19234,2.190056324005127,-0.6826523542404175
19235,2.154658555984497,-0.6453760266304016
19236,2.445690155029297,-0.696437656879425
19237,2.0615973472595215,-0.618258535861969
19238,2.3179287910461426,-0.6835898756980896
19239,2.5042858123779297,-0.6436399221420288
19240,2.351484775543213,-0.6225757598876953
19241,2.011064052581787,-0.6794055104255676
19242,2.4975950717926025,-0.6036435961723328
19243,2.6154561042785645,-0.6353566646575928
19244,2.3008782863616943,-0.7143635749816895
19245,2.0952348709106445,-0.6335513591766357
19246,2.0774197578430176,-0.674629271030426
19247,2.181187391281128,-0.6595069766044617
19248,2.3262853622436523,-0.6424287557601929
19249,2.5006275177001953,-0.6037107110023499
19250,2.1527371406555176,-0.6290582418441772
19251,2.112429618835449,-0.6220153570175171
19252,2.217184543609619,-0.6737197637557983
19253,2.0407803058624268,-0.534701406955719
19254,2.266878366470337,-0.6074692606925964
19255,2.1690120697021484,-0.6373396515846252
19256,2.2674388885498047,-0.6272374391555786
19257,2.126880645751953,-0.6943292021751404
19258,2.2510452270507812,-0.5993232131004333
19259,2.0494589805603027,-0.5960652828216553
19260,2.3506152629852295,-0.6732024550437927
19261,2.5147624015808105,-0.5839292407035828
19262,2.0802478790283203,-0.6843686699867249
19263,2.151214361190796,-0.5964083671569824
19264,1.9602519273757935,-0.6292791366577148
19265,2.240767240524292,-0.6152036786079407
19266,2.073678970336914,-0.5753650665283203
19267,2.1033072471618652,-0.6624100208282471
19268,2.2038042545318604,-0.7120680212974548
19269,2.0906405448913574,-0.6590755581855774
19270,2.068301200866699,-0.6368553638458252
19271,2.4472920894622803,-0.6926432847976685
19272,2.3463945388793945,-0.6097407937049866
19273,2.107163429260254,-0.6584004759788513
19274,2.709460496902466,-0.7023099660873413
19275,2.1497912406921387,-0.6518364548683167
19276,2.1324386596679688,-0.6362518668174744
19277,2.1760411262512207,-0.6372120380401611
19278,1.95824134349823,-0.621548593044281
19279,2.435060501098633,-0.6153167486190796
19280,2.345553159713745,-0.6150221824645996
19281,1.9879056215286255,-0.6484530568122864
19282,2.35500431060791,-0.6790727376937866
19283,2.170482635498047,-0.7112843990325928
19284,2.2223825454711914,-0.6420369148254395
19285,2.3339099884033203,-0.6029878258705139
19286,2.539186954498291,-0.7064404487609863
19287,2.466236114501953,-0.6985360980033875
19288,2.517179250717163,-0.5751734972000122
19289,2.151197910308838,-0.6120234131813049
19290,2.7817630767822266,-0.6252965927124023
19291,2.65079665184021,-0.613966703414917
19292,2.039550542831421,-0.7114391922950745
19293,2.4917256832122803,-0.6225143671035767
19294,2.422713041305542,-0.689930260181427
19295,2.5023269653320312,-0.7018954753875732
19296,2.0520076751708984,-0.6367385387420654
19297,2.2369790077209473,-0.678565502166748
19298,2.2237095832824707,-0.6724551916122437
19299,2.0731911659240723,-0.5886960029602051
19300,2.527301788330078,-0.6235661506652832
19301,2.0629262924194336,-0.5849519968032837
19302,2.405451774597168,-0.6670265793800354
19303,2.2564191818237305,-0.6516870856285095
19304,2.798189640045166,-0.6683885455131531
19305,2.233389139175415,-0.6657639145851135
19306,2.2481818199157715,-0.5542336106300354
19307,2.169139862060547,-0.6780616641044617
19308,2.1284756660461426,-0.6045547723770142
19309,2.2993383407592773,-0.681591272354126
19310,2.3696436882019043,-0.6493135690689087
19311,2.422088384628296,-0.5906343460083008
19312,2.4115827083587646,-0.6202476620674133
19313,2.353139638900757,-0.6306984424591064
19314,2.1307473182678223,-0.658826470375061
19315,2.402710437774658,-0.6426994204521179
19316,2.241518497467041,-0.709990382194519
19317,2.4548466205596924,-0.6307815909385681
19318,2.4396162033081055,-0.5531313419342041
19319,2.2840590476989746,-0.6019681692123413
19320,2.3555431365966797,-0.6584951877593994
19321,2.3805527687072754,-0.6704593896865845
19322,2.4876298904418945,-0.6261863112449646
19323,2.569174289703369,-0.6533187031745911
19324,2.559565544128418,-0.5942419171333313
19325,2.379207134246826,-0.6461044549942017
19326,2.175429105758667,-0.5889182090759277
19327,2.4155330657958984,-0.6154715418815613
19328,2.1757311820983887,-0.6792182922363281
19329,2.2225115299224854,-0.6884628534317017
19330,2.308711051940918,-0.6914076209068298
19331,2.365764617919922,-0.6962957978248596
19332,2.4270401000976562,-0.6274505257606506
19333,2.189800500869751,-0.6362461447715759
19334,2.329007148742676,-0.6780690550804138
19335,2.0809485912323,-0.6502780318260193
19336,2.3008718490600586,-0.662964403629303
19337,2.5419037342071533,-0.5890859961509705
19338,2.242856979370117,-0.6859136819839478
19339,2.3153903484344482,-0.6159608364105225
19340,2.3569083213806152,-0.5828495025634766
19341,1.8770681619644165,-0.6025063991546631
19342,2.265002727508545,-0.642803430557251
19343,2.101630687713623,-0.6850483417510986
19344,2.277656078338623,-0.6984387040138245
19345,2.2949323654174805,-0.6084854006767273
19346,2.0360469818115234,-0.6729193329811096
19347,2.547255516052246,-0.6237735152244568
19348,2.3650403022766113,-0.6248303651809692
19349,2.25054931640625,-0.6487017273902893
19350,2.4950923919677734,-0.6370649933815002
19351,2.563422441482544,-0.5950185656547546
19352,2.10337233543396,-0.606712281703949
19353,2.1929268836975098,-0.605701744556427
19354,2.0804643630981445,-0.5891456007957458
19355,2.3914542198181152,-0.6831372976303101
19356,2.23976993560791,-0.6638256311416626
19357,2.462480068206787,-0.6762728691101074
19358,2.3466272354125977,-0.6389443874359131
19359,2.556826591491699,-0.6175345182418823
19360,2.3869776725769043,-0.686948835849762
19361,2.306628704071045,-0.6503904461860657
19362,2.244192600250244,-0.6807013750076294
19363,2.3253045082092285,-0.6336425542831421
19364,2.5977630615234375,-0.6700689196586609
19365,2.0363929271698,-0.6712744832038879
19366,2.6392645835876465,-0.6567472219467163
19367,2.2875287532806396,-0.622509777545929
19368,2.3661210536956787,-0.6525012254714966
19369,2.0317187309265137,-0.5376694202423096
19370,2.2937793731689453,-0.5773472785949707
19371,2.510608196258545,-0.6242612600326538
19372,2.4518752098083496,-0.6070812344551086
19373,2.152336597442627,-0.7035396695137024
19374,2.644165515899658,-0.651081919670105
19375,2.0807769298553467,-0.6158607006072998
19376,2.188640594482422,-0.5142446160316467
19377,2.2658777236938477,-0.6313395500183105
19378,2.369663715362549,-0.6553409099578857
19379,2.519033193588257,-0.6908925771713257
19380,2.3330085277557373,-0.6728599071502686
19381,2.165858268737793,-0.5429133772850037
19382,2.4278879165649414,-0.5967487096786499
19383,2.677359104156494,-0.6707921624183655
19384,2.167015552520752,-0.7001460194587708
19385,2.8160810470581055,-0.7633489966392517
19386,2.5415687561035156,-0.7129722833633423
19387,2.4638009071350098,-0.5947466492652893
19388,2.3837947845458984,-0.6444775462150574
19389,2.2966175079345703,-0.6970750689506531
19390,2.1344337463378906,-0.6980664134025574
19391,2.3870277404785156,-0.6359134316444397
19392,2.50239896774292,-0.6564563512802124
19393,2.2579751014709473,-0.5827804803848267
19394,2.801208734512329,-0.669554591178894
19395,2.3984146118164062,-0.7244812846183777
19396,2.1832175254821777,-0.6213240623474121
19397,2.5948286056518555,-0.7096804976463318
19398,2.3302762508392334,-0.6173362731933594
19399,2.21811842918396,-0.6168347001075745
19400,2.6960272789001465,-0.653546154499054
19401,2.272265672683716,-0.7465215921401978
19402,2.1545701026916504,-0.7735864520072937
19403,2.492842197418213,-0.6267045736312866
19404,2.176781415939331,-0.5826454758644104
19405,2.3105151653289795,-0.5907023549079895
19406,2.3764567375183105,-0.5978613495826721
19407,2.284492015838623,-0.6956408619880676
19408,2.650165557861328,-0.728110671043396
19409,2.3211612701416016,-0.6800128221511841
19410,2.2823023796081543,-0.6128303408622742
19411,2.5257415771484375,-0.5841551423072815
19412,2.4309515953063965,-0.6438102126121521
19413,2.509188175201416,-0.7378017902374268
19414,2.2451562881469727,-0.7041866183280945
19415,2.182990550994873,-0.6266112327575684
19416,2.098280906677246,-0.6478379964828491
19417,2.5530879497528076,-0.5751827359199524
19418,1.89406156539917,-0.6557571887969971
19419,1.8130948543548584,-0.5663729906082153
19420,2.614715337753296,-0.6721052527427673
19421,2.3751368522644043,-0.6117077469825745
19422,2.2981457710266113,-0.6422849893569946
19423,2.2394301891326904,-0.647011399269104
19424,2.137136936187744,-0.6631355881690979
19425,2.4662563800811768,-0.68574059009552
19426,2.234910488128662,-0.6515516638755798
19427,2.6295905113220215,-0.6768979430198669
19428,2.0017776489257812,-0.6402828693389893
19429,1.910111427307129,-0.5800735354423523
19430,2.033752679824829,-0.6867274641990662
19431,2.171257257461548,-0.6439507007598877
19432,2.195199966430664,-0.6496440172195435
19433,2.5311288833618164,-0.5703504681587219
19434,2.259195566177368,-0.6339771151542664
19435,2.049015998840332,-0.6450436115264893
19436,2.527474880218506,-0.6101762652397156
19437,2.184360980987549,-0.6453235745429993
19438,2.2989583015441895,-0.6273602247238159
19439,2.4982352256774902,-0.6978551745414734
19440,2.4631872177124023,-0.6353514194488525
19441,2.281452178955078,-0.6448103189468384
19442,1.9036736488342285,-0.6563459038734436
19443,2.3895838260650635,-0.6669349074363708
19444,2.3529577255249023,-0.6604090929031372
19445,2.246185541152954,-0.6225388050079346
19446,1.9134521484375,-0.6123088002204895
19447,1.8786364793777466,-0.6153937578201294
19448,2.4522793292999268,-0.61180579662323
19449,2.5127768516540527,-0.6134722232818604
19450,2.267503023147583,-0.6858401298522949
19451,2.671628475189209,-0.6791348457336426
19452,2.511291027069092,-0.6430743932723999
19453,2.930257797241211,-0.6617854237556458
19454,2.902357578277588,-0.715015172958374
19455,2.117949962615967,-0.6603360772132874
19456,2.438079595565796,-0.646198034286499
19457,2.0969796180725098,-0.6369869112968445
19458,2.263242721557617,-0.5868757367134094
19459,2.240899085998535,-0.58463454246521
19460,2.294966697692871,-0.6896183490753174
19461,1.9460363388061523,-0.7388484477996826
19462,2.2454001903533936,-0.6263967156410217
19463,2.2032504081726074,-0.5625126957893372
19464,1.9686129093170166,-0.6392631530761719
19465,2.558685064315796,-0.6284447312355042
19466,2.3180131912231445,-0.7540283203125
19467,2.3420944213867188,-0.7474809288978577
19468,1.9796745777130127,-0.6755669116973877
19469,2.728724479675293,-0.712878942489624
19470,2.29725980758667,-0.6159053444862366
19471,2.335968017578125,-0.6587908864021301
19472,2.28859806060791,-0.6881717443466187
19473,2.3369410037994385,-0.6710280776023865
19474,2.3177623748779297,-0.6955349445343018
19475,2.0355775356292725,-0.530302882194519
19476,2.555018901824951,-0.6541354656219482
19477,2.1093554496765137,-0.6443594098091125
19478,2.662773609161377,-0.6653076410293579
19479,2.357710361480713,-0.6154231429100037
19480,2.363581657409668,-0.6329445838928223
19481,2.1044790744781494,-0.5644360780715942
19482,2.2313168048858643,-0.6910042762756348
19483,2.047523260116577,-0.6591729521751404
19484,2.0837080478668213,-0.6728999614715576
19485,2.5378544330596924,-0.5577004551887512
19486,1.8762435913085938,-0.6542371511459351
19487,2.046976089477539,-0.6456775069236755
19488,2.1317644119262695,-0.7081965804100037
19489,2.291998863220215,-0.6337880492210388
19490,2.1128082275390625,-0.5537298917770386
19491,2.603584051132202,-0.6225982904434204
19492,2.3404788970947266,-0.6340422630310059
19493,2.1732873916625977,-0.6998528242111206
19494,1.9912747144699097,-0.5744776129722595
19495,2.305837631225586,-0.5696060657501221
19496,2.191117763519287,-0.5395851731300354
19497,2.651156425476074,-0.7447654008865356
19498,2.04693603515625,-0.6278645992279053
19499,2.2826786041259766,-0.6242387890815735
19500,2.8198137283325195,-0.6690148711204529
19501,2.1385982036590576,-0.5792607665061951
19502,2.2413992881774902,-0.5149692296981812
19503,2.396705150604248,-0.5905372500419617
19504,2.234816551208496,-0.6367253661155701
19505,2.268244981765747,-0.6463189125061035
19506,2.2575831413269043,-0.6474223136901855
19507,2.401857852935791,-0.5504128932952881
19508,1.6571441888809204,-0.5081773996353149
19509,2.3898026943206787,-0.6165282130241394
19510,2.476534843444824,-0.7144744992256165
19511,2.1739439964294434,-0.6866295337677002
19512,2.4537158012390137,-0.6344643831253052
19513,2.405965805053711,-0.5586267113685608
19514,2.364609956741333,-0.7200679779052734
19515,2.338778018951416,-0.6634826064109802
19516,2.179868698120117,-0.6356790661811829
19517,2.1629912853240967,-0.6664103865623474
19518,2.2560033798217773,-0.6268748641014099
19519,2.1590285301208496,-0.5541276335716248
19520,2.247755289077759,-0.5549991130828857
19521,2.412992477416992,-0.6555601358413696
19522,2.0871992111206055,-0.6091585755348206
19523,2.439823627471924,-0.8111995458602905
19524,2.447659730911255,-0.6414443254470825
19525,2.193378448486328,-0.5813265442848206
19526,2.7678017616271973,-0.6792963147163391
19527,2.376434803009033,-0.7234965562820435
19528,2.006342887878418,-0.6428470611572266
19529,2.2697932720184326,-0.6120398044586182
19530,1.9702931642532349,-0.5921282768249512
19531,2.5906291007995605,-0.6289844512939453
19532,2.1439223289489746,-0.6644736528396606
19533,2.3618435859680176,-0.707624077796936
19534,2.2240424156188965,-0.6653238534927368
19535,2.337913990020752,-0.6038179993629456
19536,2.3101277351379395,-0.7521994113922119
19537,2.1318187713623047,-0.6394819021224976
19538,2.506643533706665,-0.6800767779350281
19539,2.5544872283935547,-0.646780788898468
19540,2.231069564819336,-0.6925507187843323
19541,2.2331347465515137,-0.6483826637268066
19542,2.2915849685668945,-0.616097092628479
19543,2.013108253479004,-0.5364229083061218
19544,2.4871230125427246,-0.7197648882865906
19545,2.255046844482422,-0.6390678882598877
19546,2.141892194747925,-0.6882520318031311
19547,2.335993766784668,-0.6314775347709656
19548,2.173768997192383,-0.6992320418357849
19549,2.0288729667663574,-0.5746173858642578
19550,2.288512706756592,-0.6326925754547119
19551,2.389671802520752,-0.603519856929779
19552,2.0165982246398926,-0.609946072101593
19553,2.327770709991455,-0.6568624973297119
19554,2.2165298461914062,-0.6016618609428406
19555,2.16036319732666,-0.6333051919937134
19556,1.9875237941741943,-0.675662636756897
19557,1.7623571157455444,-0.6059779524803162
19558,2.045346736907959,-0.5779605507850647
19559,2.313178539276123,-0.6456298828125
19560,2.343656539916992,-0.678955614566803
19561,2.0951850414276123,-0.6373668909072876
19562,2.1337857246398926,-0.6227704882621765
19563,1.9375364780426025,-0.5706612467765808
19564,2.2161412239074707,-0.582835853099823
19565,2.404111862182617,-0.6391707062721252
19566,2.8062572479248047,-0.6258833408355713
19567,2.1063594818115234,-0.6338775753974915
19568,2.2234749794006348,-0.6165375113487244
19569,2.4757673740386963,-0.6119602918624878
19570,2.534909248352051,-0.7514163851737976
19571,2.386495590209961,-0.737529993057251
19572,2.307976722717285,-0.6644395589828491
19573,2.2341980934143066,-0.5322628617286682
19574,2.535153388977051,-0.6251713037490845
19575,2.2674546241760254,-0.6903435587882996
19576,2.387586832046509,-0.5896292328834534
19577,2.1845407485961914,-0.6522359251976013
19578,2.4652609825134277,-0.7254589200019836
19579,2.092013359069824,-0.6175406575202942
19580,2.0380449295043945,-0.5337772965431213
19581,2.7046046257019043,-0.6742786169052124
19582,2.0332469940185547,-0.7472817301750183
19583,2.2284011840820312,-0.6655510663986206
19584,2.784165620803833,-0.6870608329772949
19585,2.320247173309326,-0.6715705990791321
19586,2.65177583694458,-0.6155465841293335
19587,2.2906219959259033,-0.6243693232536316
19588,2.5619845390319824,-0.6875972747802734
19589,2.392070770263672,-0.730302631855011
19590,2.4357895851135254,-0.6611913442611694
19591,2.1605870723724365,-0.6046944260597229
19592,2.6382641792297363,-0.5806323885917664
19593,2.4783997535705566,-0.7567358613014221
19594,2.290665626525879,-0.6707760095596313
19595,2.45211124420166,-0.6844282746315002
19596,2.1253490447998047,-0.7264205813407898
19597,2.6168463230133057,-0.6031984686851501
19598,2.5662240982055664,-0.6161671876907349
19599,2.3829336166381836,-0.5426551699638367
19600,2.089142322540283,-0.5759407877922058
19601,2.3546385765075684,-0.5993438959121704
19602,2.577859401702881,-0.7399926781654358
19603,2.35617733001709,-0.6339188814163208
19604,2.3860044479370117,-0.65351402759552
19605,2.7651329040527344,-0.6615737676620483
19606,2.519991636276245,-0.6340368390083313
19607,2.440335750579834,-0.6952012777328491
19608,2.338839530944824,-0.6160567998886108
19609,1.9052729606628418,-0.6651749610900879
19610,2.030106544494629,-0.6318827867507935
19611,2.142751932144165,-0.6171789169311523
19612,2.213219404220581,-0.6430628299713135
19613,2.319821357727051,-0.6490759253501892
19614,2.4711737632751465,-0.6675523519515991
19615,2.2894446849823,-0.6213075518608093
19616,2.14437198638916,-0.6329816579818726
19617,2.247631549835205,-0.5842784643173218
19618,2.15396785736084,-0.6296666860580444
19619,2.5794267654418945,-0.6557943224906921
19620,2.396017074584961,-0.6407140493392944
19621,2.4068989753723145,-0.5882075428962708
19622,2.358205556869507,-0.5942400097846985
19623,2.495190382003784,-0.6206743121147156
19624,2.431703567504883,-0.6808717250823975
19625,2.1521739959716797,-0.6931695342063904
19626,2.192729949951172,-0.5890257954597473
19627,2.193169116973877,-0.6242271661758423
19628,2.208556652069092,-0.5908471345901489
19629,2.11683988571167,-0.6570909023284912
19630,2.1855616569519043,-0.6127254366874695
19631,2.484630584716797,-0.6934155225753784
19632,2.6005802154541016,-0.7204179167747498
19633,2.176365375518799,-0.6051029562950134
19634,2.3543543815612793,-0.6074636578559875
19635,2.25876522064209,-0.6341519355773926
19636,2.3055787086486816,-0.6308430433273315
19637,2.26489520072937,-0.6129544973373413
19638,2.22257661819458,-0.5432281494140625
19639,2.5267155170440674,-0.7298063039779663
19640,2.2174477577209473,-0.6662084460258484
19641,2.327709197998047,-0.6667879223823547
19642,2.304056167602539,-0.6547192335128784
19643,2.259373664855957,-0.6382625699043274
19644,2.188366413116455,-0.6853125095367432
19645,2.331270933151245,-0.6441187858581543
19646,2.511524200439453,-0.621289849281311
19647,2.3559980392456055,-0.6382830739021301
19648,1.844275951385498,-0.6432700157165527
19649,2.3343873023986816,-0.6176417469978333
19650,2.587315559387207,-0.596382737159729
19651,2.2728004455566406,-0.6097432971000671
19652,2.6248114109039307,-0.5634181499481201
19653,2.259904384613037,-0.5612918734550476
19654,2.1887011528015137,-0.697318971157074
19655,2.0579543113708496,-0.5420690774917603
19656,2.2186622619628906,-0.5744042992591858
19657,2.175485610961914,-0.5585670471191406
19658,2.3845295906066895,-0.5906029343605042
19659,2.16953706741333,-0.6444634199142456
19660,2.430635929107666,-0.6661101579666138
19661,2.4276559352874756,-0.6236190795898438
19662,2.360229015350342,-0.6351914405822754
19663,2.560584545135498,-0.7061142921447754
19664,2.2617125511169434,-0.6254339218139648
19665,2.5952086448669434,-0.7100358605384827
19666,2.616706371307373,-0.6556864380836487
19667,2.294297218322754,-0.6751998066902161
19668,2.617398977279663,-0.6707600951194763
19669,2.6124439239501953,-0.6106160879135132
19670,2.3960187435150146,-0.6897842288017273
19671,2.323754072189331,-0.6629940271377563
19672,2.437878131866455,-0.6727855205535889
19673,2.2275123596191406,-0.6510906219482422
19674,2.2584657669067383,-0.715427577495575
19675,2.7269086837768555,-0.6736347675323486
19676,2.50679874420166,-0.6687060594558716
19677,2.2249975204467773,-0.617859959602356
19678,2.181793212890625,-0.6628364324569702
19679,2.11684513092041,-0.7149639129638672
19680,2.4554920196533203,-0.5438611507415771
19681,2.084557056427002,-0.6313695311546326
19682,2.0807995796203613,-0.5928639769554138
19683,2.3175811767578125,-0.6256342530250549
19684,2.4467244148254395,-0.6053342223167419
19685,2.1010289192199707,-0.645631730556488
19686,2.0388576984405518,-0.6685917377471924
19687,2.341329336166382,-0.577410876750946
19688,2.2833709716796875,-0.6880737543106079
19689,2.1572275161743164,-0.6639022827148438
19690,2.1101245880126953,-0.564920961856842
19691,2.007669448852539,-0.5637696385383606
19692,2.841618061065674,-0.6336416006088257
19693,2.2320315837860107,-0.7077742218971252
19694,2.610470771789551,-0.5221592783927917
19695,2.2121620178222656,-0.6337904930114746
19696,2.26535701751709,-0.6208027005195618
19697,2.2272186279296875,-0.6182532906532288
19698,2.084084987640381,-0.5697342157363892
19699,1.929103136062622,-0.6638153195381165
19700,2.60575008392334,-0.6560161113739014
19701,2.424046516418457,-0.6458492279052734
19702,2.061218738555908,-0.5873194932937622
19703,2.461907148361206,-0.7317657470703125
19704,2.540233850479126,-0.7281802296638489
19705,2.3668251037597656,-0.5826327800750732
19706,2.6033241748809814,-0.6629220843315125
19707,2.6624574661254883,-0.593038022518158
19708,2.2358312606811523,-0.6227932572364807
19709,2.661586284637451,-0.6149960160255432
19710,2.115945339202881,-0.534133791923523
19711,2.0366125106811523,-0.554355263710022
19712,2.5069262981414795,-0.6280035972595215
19713,2.0336966514587402,-0.6611855030059814
19714,2.2940096855163574,-0.7182263135910034
19715,2.128603458404541,-0.5624268054962158
19716,2.272160291671753,-0.6206104755401611
19717,2.0441014766693115,-0.6194316744804382
19718,2.2499587535858154,-0.6818373799324036
19719,2.3052921295166016,-0.7238357067108154
19720,2.416541337966919,-0.6258015632629395
19721,2.601592779159546,-0.6931682825088501
19722,1.9781867265701294,-0.5535702705383301
19723,2.7566070556640625,-0.6323449611663818
19724,2.474545478820801,-0.7277722954750061
19725,2.376669406890869,-0.664788007736206
19726,2.5213122367858887,-0.6478317379951477
19727,2.2545223236083984,-0.6512371897697449
19728,2.392702102661133,-0.6746732592582703
19729,2.2645909786224365,-0.6877161264419556
19730,2.187558650970459,-0.6416015625
19731,2.1078572273254395,-0.5697239637374878
19732,2.2527592182159424,-0.6555688977241516
19733,2.36745285987854,-0.6457147002220154
19734,2.214297294616699,-0.6487734317779541
19735,2.2882461547851562,-0.5937380790710449
19736,2.518892288208008,-0.672414243221283
19737,2.3605287075042725,-0.7058221697807312
19738,2.2776288986206055,-0.6340579986572266
19739,2.3574037551879883,-0.6672869920730591
19740,2.4194393157958984,-0.6423537731170654
19741,2.3878166675567627,-0.6443086266517639
19742,2.0377843379974365,-0.6033936142921448
19743,2.175924777984619,-0.703830897808075
19744,2.419949531555176,-0.6788000464439392
19745,2.4844088554382324,-0.6415285468101501
19746,2.5259993076324463,-0.7253839373588562
19747,2.483407497406006,-0.631755530834198
19748,2.086318254470825,-0.6052172183990479
19749,2.5228848457336426,-0.625076174736023
19750,2.027256965637207,-0.6903356909751892
19751,2.2751145362854004,-0.6617319583892822
19752,2.339999198913574,-0.617875337600708
19753,2.273970603942871,-0.6778526306152344
19754,2.630064010620117,-0.6728619337081909
19755,2.320377826690674,-0.6618891954421997
19756,2.47817063331604,-0.7600659132003784
19757,2.333278179168701,-0.6499987244606018
19758,1.8449949026107788,-0.6482759714126587
19759,2.094507932662964,-0.6228557825088501
19760,2.2219581604003906,-0.6421682238578796
19761,2.2648730278015137,-0.611118495464325
19762,2.3871076107025146,-0.6611998677253723
19763,2.583707332611084,-0.5994316935539246
19764,2.408895969390869,-0.7129544615745544
19765,2.1584110260009766,-0.6667806506156921
19766,2.4245553016662598,-0.5911703705787659
19767,2.085441827774048,-0.6526048183441162
19768,2.1650047302246094,-0.6417527794837952
19769,2.507249593734741,-0.5635970830917358
19770,2.4844372272491455,-0.6361982822418213
19771,2.187108039855957,-0.6307849884033203
19772,2.4561829566955566,-0.6628897786140442
19773,2.5311219692230225,-0.6586855053901672
19774,2.0865018367767334,-0.6291899681091309
19775,2.4811434745788574,-0.6645877361297607
19776,2.48268985748291,-0.5849037766456604
19777,2.5963752269744873,-0.6706738471984863
19778,2.453845739364624,-0.6440725922584534
19779,2.1853885650634766,-0.7092831134796143
19780,2.195657253265381,-0.606658399105072
19781,2.443690299987793,-0.6789129376411438
19782,2.481433391571045,-0.6801081895828247
19783,2.0169858932495117,-0.6523248553276062
19784,2.4356179237365723,-0.6176453232765198
19785,2.690993547439575,-0.6471631526947021
19786,2.5449960231781006,-0.6431921124458313
19787,2.444260835647583,-0.6410413384437561
19788,2.5148558616638184,-0.6752139925956726
19789,2.2121167182922363,-0.630984902381897
19790,2.2109251022338867,-0.6913477182388306
19791,2.1490578651428223,-0.5881476402282715
19792,2.305983543395996,-0.6135452389717102
19793,2.339954137802124,-0.5722655653953552
19794,2.216221809387207,-0.6953059434890747
19795,2.086332321166992,-0.6554366946220398
19796,1.9543673992156982,-0.6624147295951843
19797,2.151073932647705,-0.6181905269622803
19798,2.424686908721924,-0.5670971870422363
19799,2.186074733734131,-0.6383891701698303
19800,2.0882816314697266,-0.6783989071846008
19801,2.3421804904937744,-0.7497048377990723
19802,2.310023307800293,-0.5869821906089783
19803,2.5053043365478516,-0.6165518760681152
19804,2.004918098449707,-0.5429556369781494
19805,2.360128879547119,-0.6098546385765076
19806,2.064481735229492,-0.7125030755996704
19807,2.74578857421875,-0.6969186663627625
19808,2.190730094909668,-0.6949315667152405
19809,2.0719375610351562,-0.6709107756614685
19810,2.334838390350342,-0.6922455430030823
19811,2.795243740081787,-0.70615553855896
19812,2.3900394439697266,-0.6073746681213379
19813,2.411020278930664,-0.7233020663261414
19814,2.0695924758911133,-0.6771458983421326
19815,2.0564420223236084,-0.7216458320617676
19816,2.4704794883728027,-0.6179531812667847
19817,2.163787364959717,-0.653047502040863
19818,2.1129801273345947,-0.714282214641571
19819,2.098964214324951,-0.6144294142723083
19820,2.1772499084472656,-0.661405086517334
19821,2.242624282836914,-0.6622937917709351
19822,2.5526082515716553,-0.6740216016769409
19823,2.220992088317871,-0.6524231433868408
19824,2.4210448265075684,-0.7411593794822693
19825,2.1664938926696777,-0.6452503800392151
19826,2.410933017730713,-0.6911156177520752
19827,2.4154441356658936,-0.6384003162384033
19828,2.4213979244232178,-0.6101206541061401
19829,2.0837182998657227,-0.5503751039505005
19830,2.3269715309143066,-0.6348624229431152
19831,2.373532295227051,-0.7220767140388489
19832,2.281196355819702,-0.6396026611328125
19833,2.1148600578308105,-0.6650245785713196
19834,2.1272294521331787,-0.6261847019195557
19835,2.165987014770508,-0.6482994556427002
19836,2.6501283645629883,-0.5833439230918884
19837,2.1280784606933594,-0.6457772850990295
19838,2.4006118774414062,-0.5985796451568604
19839,2.1836798191070557,-0.6667527556419373
19840,2.2537124156951904,-0.5617526769638062
19841,2.15665340423584,-0.6520753502845764
19842,2.23579740524292,-0.6059486865997314
19843,1.9375989437103271,-0.6287679076194763
19844,2.510552167892456,-0.7898865342140198
19845,2.1411938667297363,-0.6516014933586121
19846,2.160252571105957,-0.6440176367759705
19847,2.2518439292907715,-0.6744104027748108
19848,2.521820068359375,-0.6402407884597778
19849,2.4896769523620605,-0.6271925568580627
19850,2.3800597190856934,-0.6380353569984436
19851,2.0618109703063965,-0.6933795213699341
19852,2.26423716545105,-0.6664039492607117
19853,2.3288474082946777,-0.6554854512214661
19854,2.746340274810791,-0.6511459350585938
19855,2.3866100311279297,-0.6373825669288635
19856,2.2758078575134277,-0.5602714419364929
19857,1.9466259479522705,-0.6374511122703552
19858,2.8764662742614746,-0.6241459250450134
19859,2.6471152305603027,-0.673624575138092
19860,1.9975428581237793,-0.6390539407730103
19861,2.328321933746338,-0.6859077215194702
19862,2.230937957763672,-0.6358518004417419
19863,2.3598012924194336,-0.6224426031112671
19864,2.195636510848999,-0.5761997103691101
19865,2.2458629608154297,-0.6082133650779724
19866,1.9944112300872803,-0.5556037425994873
19867,2.274646282196045,-0.5552521347999573
19868,2.321481227874756,-0.6009237766265869
19869,2.1414732933044434,-0.6499418020248413
19870,2.8537447452545166,-0.6888781785964966
19871,2.4802141189575195,-0.5895363092422485
19872,2.155050277709961,-0.5787540078163147
19873,2.559933662414551,-0.6529508829116821
19874,2.546006202697754,-0.6861537098884583
19875,2.0303072929382324,-0.6069521903991699
19876,2.4605154991149902,-0.6601605415344238
19877,2.1990723609924316,-0.7218883037567139
19878,2.123577117919922,-0.6779202818870544
19879,2.3943119049072266,-0.6745108962059021
19880,2.3494882583618164,-0.6197268962860107
19881,2.5556771755218506,-0.6717783212661743
19882,2.9039218425750732,-0.6109398603439331
19883,2.453274726867676,-0.7211969494819641
19884,2.387972831726074,-0.6616575121879578
19885,2.0381569862365723,-0.538087785243988
19886,2.4035959243774414,-0.584865391254425
19887,2.1077632904052734,-0.5930263996124268
19888,2.6087779998779297,-0.6872043609619141
19889,2.1104025840759277,-0.6516091227531433
19890,2.473233222961426,-0.7136405110359192
19891,2.1401724815368652,-0.6957719922065735
19892,2.4244160652160645,-0.6501466631889343
19893,2.129034996032715,-0.6092046499252319
19894,2.550471305847168,-0.6313346028327942
19895,2.322543144226074,-0.6576849222183228
19896,2.2926814556121826,-0.7132011651992798
19897,2.363903045654297,-0.6004546880722046
19898,2.4427459239959717,-0.5661575794219971
19899,2.3410353660583496,-0.5860651135444641
19900,2.317457675933838,-0.6800506711006165
19901,2.1212379932403564,-0.6955456733703613
19902,2.5260813236236572,-0.686343789100647
19903,2.4054644107818604,-0.6196328997612
19904,2.1585373878479004,-0.5755934119224548
19905,2.5893969535827637,-0.6441100835800171
19906,2.4686856269836426,-0.6791964173316956
19907,2.422684907913208,-0.6501563787460327
19908,2.580392360687256,-0.6642357707023621
19909,1.8904790878295898,-0.6218125820159912
19910,2.8256993293762207,-0.6122092604637146
19911,2.3665802478790283,-0.6531320214271545
19912,2.45680570602417,-0.6549559235572815
19913,2.4559333324432373,-0.7338780164718628
19914,2.2985100746154785,-0.6825272440910339
19915,2.395988941192627,-0.6891931891441345
19916,2.255232095718384,-0.66327965259552
19917,2.4089112281799316,-0.6709542870521545
19918,2.4494705200195312,-0.7193580865859985
19919,2.317763328552246,-0.6258366703987122
19920,2.5418543815612793,-0.6744793653488159
19921,2.3043212890625,-0.6907994151115417
19922,2.4436421394348145,-0.6330360174179077
19923,2.449827194213867,-0.7096598148345947
19924,2.158322811126709,-0.6613422632217407
19925,2.5094919204711914,-0.6063176989555359
19926,1.9660499095916748,-0.662046492099762
19927,2.1634535789489746,-0.6340255737304688
19928,2.0035595893859863,-0.5473740100860596
19929,2.290414810180664,-0.7247723340988159
19930,2.4721179008483887,-0.6589653491973877
19931,2.02955961227417,-0.6205850839614868
19932,2.4777884483337402,-0.6493048667907715
19933,2.4137043952941895,-0.5900115370750427
19934,2.321444272994995,-0.7242068648338318
19935,2.131344795227051,-0.6177253127098083
19936,2.096212387084961,-0.6437190175056458
19937,1.9111804962158203,-0.6882067918777466
19938,2.3522439002990723,-0.6603044271469116
19939,1.9237065315246582,-0.6566478610038757
19940,2.3910422325134277,-0.6931862831115723
19941,2.284031391143799,-0.5872576236724854
19942,2.177640438079834,-0.5743486285209656
19943,2.711716651916504,-0.6880694627761841
19944,2.616833209991455,-0.651282787322998
19945,2.0831375122070312,-0.6407271027565002
19946,2.2613391876220703,-0.6420247554779053
19947,2.04306960105896,-0.7095445990562439
19948,2.316549301147461,-0.6388078927993774
19949,2.152125358581543,-0.6929237246513367
19950,2.670133590698242,-0.588366687297821
19951,2.2522430419921875,-0.6666374206542969
19952,2.2362499237060547,-0.554952085018158
19953,2.2088184356689453,-0.6734395623207092
19954,1.9615325927734375,-0.6166760921478271
19955,2.118748664855957,-0.6064587235450745
19956,2.1339399814605713,-0.5991113185882568
19957,2.241701602935791,-0.6933454275131226
19958,2.5153491497039795,-0.6041053533554077
19959,2.4684019088745117,-0.7187730669975281
19960,2.2507805824279785,-0.5507228374481201
19961,2.5818629264831543,-0.6035237312316895
19962,2.1951794624328613,-0.6399135589599609
19963,2.2930402755737305,-0.5974218249320984
19964,2.2874703407287598,-0.6954387426376343
19965,2.3657188415527344,-0.656582772731781
19966,1.9596694707870483,-0.5492504239082336
19967,2.214949607849121,-0.5579315423965454
19968,2.252476930618286,-0.6576604247093201
19969,2.042080879211426,-0.73099684715271
19970,2.356710433959961,-0.5935319662094116
19971,2.4171013832092285,-0.5741249918937683
19972,2.2428815364837646,-0.5950876474380493
19973,2.391784191131592,-0.5655504465103149
19974,2.4389278888702393,-0.622736930847168
19975,1.850719928741455,-0.7499364614486694
19976,2.1803174018859863,-0.6549178957939148
19977,2.3113205432891846,-0.6199641227722168
19978,2.121635913848877,-0.6712973117828369
19979,2.323364496231079,-0.6908722519874573
19980,2.3080942630767822,-0.6804297566413879
19981,2.2082390785217285,-0.6621112823486328
19982,2.2506613731384277,-0.6507846117019653
19983,2.298396587371826,-0.6279698014259338
19984,2.149077892303467,-0.676558256149292
19985,2.36217999458313,-0.7422072887420654
19986,2.289799213409424,-0.6614105105400085
19987,2.6788487434387207,-0.6582316756248474
19988,2.201991081237793,-0.6536211371421814
19989,2.1836094856262207,-0.6286571025848389
19990,2.431802749633789,-0.6213053464889526
19991,2.260606288909912,-0.6258800625801086
19992,2.069340705871582,-0.6980410218238831
19993,2.2497661113739014,-0.6828451752662659
19994,2.688035726547241,-0.6852420568466187
19995,2.078974962234497,-0.6784977912902832
19996,2.2397384643554688,-0.685762345790863
19997,2.107982635498047,-0.6642501950263977
19998,1.9089062213897705,-0.6007819175720215
19999,2.5709643363952637,-0.6381998062133789
