step,Q_loss,A_loss
0,13.380348205566406,-8.600592613220215
1,32.861446380615234,-8.161827087402344
2,22.608503341674805,-6.821043491363525
3,21.847553253173828,-6.5472869873046875
4,46.44692611694336,-7.719218730926514
5,71.50096130371094,-10.180039405822754
6,75.34606170654297,-8.574193954467773
7,62.21999740600586,-10.567975044250488
8,57.895572662353516,-8.557765007019043
9,54.743560791015625,-7.407289505004883
10,71.97246551513672,-6.366450309753418
11,53.52039337158203,-6.72675895690918
12,53.61292266845703,-5.6813201904296875
13,51.592227935791016,-1.8760523796081543
14,44.40397644042969,-8.151885032653809
15,57.04594421386719,-6.621172904968262
16,53.975067138671875,-7.8761677742004395
17,45.82765197753906,-7.117854595184326
18,36.298133850097656,-7.985857963562012
19,37.07497787475586,-6.866559982299805
20,29.093597412109375,-6.176701068878174
21,23.423507690429688,-6.4172844886779785
22,12.061647415161133,-6.826797008514404
23,5.337309837341309,-6.086005687713623
24,9.32075309753418,-6.3377766609191895
25,13.46951675415039,-6.51876163482666
26,13.768659591674805,-6.580073833465576
27,14.412479400634766,-6.821371078491211
28,9.215117454528809,-7.036910533905029
29,5.15363883972168,-7.1230645179748535
30,7.013825416564941,-6.424859046936035
31,6.97849702835083,-6.618850231170654
32,7.151920795440674,-6.6187262535095215
33,5.306811809539795,-5.599771022796631
34,5.733473300933838,-6.714251518249512
35,3.493124485015869,-7.44559383392334
36,4.068638801574707,-7.450103282928467
37,6.384362697601318,-7.3603386878967285
38,5.472503662109375,-6.911915302276611
39,4.896676063537598,-6.484104633331299
40,4.232233047485352,-5.946221828460693
41,3.568619966506958,-6.191925525665283
42,4.507890701293945,-5.8506269454956055
43,3.634640693664551,-6.406892776489258
44,4.461840629577637,-6.287352085113525
45,4.228622913360596,-6.801331043243408
46,2.9317874908447266,-7.289600372314453
47,4.102260589599609,-6.669818878173828
48,2.469060182571411,-7.162126064300537
49,2.6911487579345703,-7.175493240356445
50,3.1312942504882812,-6.934023380279541
51,2.511934757232666,-6.851229667663574
52,4.0901665687561035,-7.039618492126465
53,3.6484899520874023,-7.410609245300293
54,3.1608285903930664,-7.40585994720459
55,3.4159750938415527,-7.773945331573486
56,2.9118664264678955,-7.711809158325195
57,3.2494945526123047,-7.1851959228515625
58,3.400822639465332,-6.686479568481445
59,3.1246581077575684,-6.861222743988037
60,3.3313281536102295,-6.25290060043335
61,3.0498220920562744,-6.786093235015869
62,3.423083543777466,-6.300906181335449
63,3.2214770317077637,-7.249086856842041
64,3.2859244346618652,-7.739865303039551
65,3.644090414047241,-8.311755180358887
66,3.5192582607269287,-7.658807754516602
67,3.023869514465332,-5.465157508850098
68,3.362973928451538,-3.994093656539917
69,2.6372270584106445,-4.249967575073242
70,2.3204939365386963,-4.209733009338379
71,2.3242461681365967,-4.215663433074951
72,2.197197198867798,-3.739229202270508
73,3.0220537185668945,-3.6098930835723877
74,3.412235736846924,-3.787541151046753
75,3.0395007133483887,-3.821035146713257
76,3.3130528926849365,-4.073169231414795
77,2.8954644203186035,-3.3088595867156982
78,3.2128148078918457,-3.086836576461792
79,2.656092405319214,-3.4878921508789062
80,2.8718180656433105,-4.099726676940918
81,2.8841238021850586,-3.2543344497680664
82,2.795389175415039,-3.429194927215576
83,2.741779327392578,-4.371445655822754
84,3.693880558013916,-4.015544891357422
85,2.8692803382873535,-3.5487146377563477
86,2.453519344329834,-3.5029773712158203
87,2.1551613807678223,-3.7536513805389404
88,2.2999701499938965,-4.171830654144287
89,2.542473793029785,-3.552490234375
90,2.7677488327026367,-3.6755220890045166
91,2.178330421447754,-4.035170078277588
92,2.0418169498443604,-3.9031457901000977
93,2.5766232013702393,-4.041009426116943
94,2.463466167449951,-3.9443392753601074
95,2.692265033721924,-4.2349748611450195
96,3.010525941848755,-4.093754768371582
97,3.561387062072754,-4.900042533874512
98,2.716447353363037,-4.641788482666016
99,3.3814821243286133,-4.315240383148193
100,2.5569729804992676,-5.16584587097168
101,2.407536506652832,-4.559706211090088
102,2.755181312561035,-4.5847368240356445
103,2.888685703277588,-4.092372417449951
104,2.620758056640625,-4.510116100311279
105,2.058605194091797,-3.5954418182373047
106,2.0326147079467773,-4.519629955291748
107,2.1744489669799805,-4.8757147789001465
108,1.9750127792358398,-4.188333511352539
109,2.775301694869995,-4.741633415222168
110,2.263002872467041,-4.317822456359863
111,2.476959705352783,-4.985828876495361
112,2.6515676975250244,-4.63353157043457
113,3.1299195289611816,-5.820750713348389
114,3.0504508018493652,-5.618444442749023
115,2.7573442459106445,-7.133432388305664
116,3.0255415439605713,-6.37784481048584
117,2.8827829360961914,-6.235194683074951
118,2.7901554107666016,-5.803365707397461
119,3.093473434448242,-6.4961748123168945
120,2.70011305809021,-5.837563514709473
121,2.8524317741394043,-5.784486293792725
122,2.5420303344726562,-6.285235404968262
123,2.69023060798645,-6.467154502868652
124,2.320016860961914,-6.648514270782471
125,2.1993942260742188,-7.099679470062256
126,2.362673759460449,-6.709084987640381
127,2.147062063217163,-6.977382183074951
128,2.633080005645752,-6.440931797027588
129,2.008298873901367,-6.436354160308838
130,2.1873602867126465,-6.940489292144775
131,2.860034465789795,-6.801173210144043
132,2.424436092376709,-6.055709362030029
133,2.023521900177002,-6.288689613342285
134,2.48341703414917,-7.346252918243408
135,2.187248468399048,-6.974426746368408
136,2.2724857330322266,-7.155990123748779
137,2.395261764526367,-6.25629997253418
138,2.0896453857421875,-7.397762298583984
139,2.0610976219177246,-6.899846076965332
140,2.4063777923583984,-7.176481246948242
141,1.8294646739959717,-7.082777500152588
142,2.3972201347351074,-7.281362533569336
143,2.0824966430664062,-6.713278293609619
144,2.1162571907043457,-7.391486644744873
145,2.301304340362549,-6.8405442237854
146,2.355713367462158,-6.77116584777832
147,2.3946444988250732,-7.569606304168701
148,2.270888328552246,-6.8367533683776855
149,2.4783496856689453,-6.949386119842529
150,2.1087470054626465,-7.565141677856445
151,2.217726469039917,-6.877333164215088
152,2.3650259971618652,-6.929848670959473
153,1.9222347736358643,-7.090074062347412
154,2.1452136039733887,-7.398664474487305
155,1.966461181640625,-6.83151388168335
156,2.3847851753234863,-7.916568756103516
157,1.8818564414978027,-7.112675189971924
158,1.684819221496582,-7.273090839385986
159,1.7500717639923096,-7.283859729766846
160,1.9265739917755127,-7.2533416748046875
161,2.0622334480285645,-7.04736328125
162,1.660846471786499,-7.598541736602783
163,2.1631250381469727,-7.160429000854492
164,1.6189454793930054,-7.449563026428223
165,1.6060458421707153,-7.212493896484375
166,1.6217471361160278,-7.489866733551025
167,1.495867371559143,-7.126317024230957
168,1.611384391784668,-7.597289562225342
169,1.5906014442443848,-7.470393657684326
170,2.125505208969116,-7.632730484008789
171,1.6374760866165161,-7.691705226898193
172,1.5569729804992676,-6.863708019256592
173,1.496409296989441,-7.167295932769775
174,1.7012258768081665,-7.86728572845459
175,1.772786021232605,-8.068337440490723
176,1.411880373954773,-7.285090446472168
177,1.7865331172943115,-7.127674579620361
178,1.3986506462097168,-7.1332292556762695
179,1.5645411014556885,-7.27060604095459
180,1.7135101556777954,-7.3538899421691895
181,1.240708827972412,-7.204333305358887
182,1.5726609230041504,-7.771832466125488
183,1.3605563640594482,-7.323752403259277
184,1.421163558959961,-7.782542705535889
185,1.2612178325653076,-7.305964946746826
186,1.4808337688446045,-7.520351409912109
187,1.4313113689422607,-7.699357986450195
188,1.7863689661026,-7.4343414306640625
189,1.3311083316802979,-7.223333358764648
190,1.3959593772888184,-7.208844184875488
191,1.3810110092163086,-6.970757007598877
192,1.3570902347564697,-7.417083263397217
193,1.3796672821044922,-7.706171989440918
194,1.8655612468719482,-7.881927013397217
195,1.5383739471435547,-7.4038777351379395
196,1.504962682723999,-7.505033016204834
197,1.388296365737915,-7.143618583679199
198,1.6287899017333984,-7.278536319732666
199,1.5606294870376587,-6.5045576095581055
200,1.3042271137237549,-6.668748378753662
201,1.541293740272522,-6.825546741485596
202,1.9516513347625732,-7.3034162521362305
203,1.4746389389038086,-7.274313449859619
204,1.3238379955291748,-6.563641548156738
205,1.5036412477493286,-7.163102626800537
206,1.6609079837799072,-6.878066539764404
207,1.544308066368103,-6.9415812492370605
208,1.427579641342163,-7.353027820587158
209,1.6422306299209595,-6.6261091232299805
210,1.4883904457092285,-6.412764072418213
211,1.3860185146331787,-6.949000835418701
212,1.3179291486740112,-6.762882709503174
213,1.5990025997161865,-6.824554920196533
214,1.2909960746765137,-6.965334415435791
215,1.446935772895813,-7.142653942108154
216,1.387932300567627,-6.3715620040893555
217,1.6376445293426514,-7.17043399810791
218,1.525110125541687,-6.173177719116211
219,1.639301061630249,-6.964385509490967
220,1.7224910259246826,-6.640395641326904
221,1.3397778272628784,-7.1465277671813965
222,1.5319535732269287,-7.096270561218262
223,1.361109733581543,-7.27313232421875
224,1.448248267173767,-7.180587291717529
225,1.4600317478179932,-6.285872936248779
226,1.3564162254333496,-6.613138198852539
227,1.318347692489624,-7.0859832763671875
228,1.289806842803955,-7.420291900634766
229,1.5043144226074219,-8.213452339172363
230,1.480832576751709,-8.299059867858887
231,1.3401525020599365,-8.175034523010254
232,1.3751493692398071,-8.365413665771484
233,1.7204159498214722,-8.127242088317871
234,1.7293097972869873,-8.399621963500977
235,1.377962589263916,-7.460378646850586
236,1.3214011192321777,-7.485571384429932
237,1.304395079612732,-7.776118278503418
238,1.4434480667114258,-7.785634994506836
239,1.5056538581848145,-8.315649032592773
240,1.3819059133529663,-7.545313835144043
241,1.8272253274917603,-7.731682300567627
242,1.3624789714813232,-7.418368339538574
243,1.6340737342834473,-7.095722198486328
244,1.2253150939941406,-7.298810958862305
245,1.2687318325042725,-7.57583475112915
246,1.402233362197876,-8.083698272705078
247,1.4046657085418701,-8.129195213317871
248,1.3112375736236572,-8.014684677124023
249,1.3566036224365234,-6.756139755249023
250,1.2212402820587158,-8.771296501159668
251,1.4348050355911255,-8.56406307220459
252,1.2472350597381592,-8.031455039978027
253,1.798110842704773,-8.382467269897461
254,1.2557613849639893,-8.24201488494873
255,1.3687013387680054,-8.299456596374512
256,1.6266334056854248,-8.286591529846191
257,1.2591769695281982,-8.305143356323242
258,1.4423353672027588,-7.613544940948486
259,1.5561132431030273,-7.563934326171875
260,1.2388004064559937,-7.539553165435791
261,1.6386786699295044,-7.255434036254883
262,1.4186148643493652,-7.292946815490723
263,1.3848822116851807,-7.1909260749816895
264,1.5693206787109375,-8.090968132019043
265,1.3185226917266846,-8.278011322021484
266,1.5210826396942139,-8.182933807373047
267,1.496572732925415,-8.179930686950684
268,1.3482611179351807,-8.015852928161621
269,1.2157385349273682,-7.811223030090332
270,1.3240749835968018,-8.08591079711914
271,1.5318812131881714,-7.982182502746582
272,1.5522410869598389,-7.8353071212768555
273,1.2642185688018799,-7.545730113983154
274,1.500075101852417,-7.467623233795166
275,1.3858100175857544,-8.153342247009277
276,1.3979415893554688,-7.311269760131836
277,1.4874053001403809,-6.992635726928711
278,1.4031424522399902,-6.416538715362549
279,1.3033912181854248,-7.502480983734131
280,1.422447681427002,-6.387965679168701
281,1.7954726219177246,-6.784818649291992
282,1.2899606227874756,-6.302206516265869
283,1.4308712482452393,-5.569880485534668
284,1.4322940111160278,-4.831355094909668
285,1.355975866317749,-5.108471393585205
286,1.524324893951416,-5.867016792297363
287,1.4229915142059326,-6.090781211853027
288,1.2673680782318115,-6.085798740386963
289,1.3973749876022339,-5.283029079437256
290,1.2622692584991455,-7.393277645111084
291,1.3284261226654053,-6.364515781402588
292,1.401439905166626,-5.501785755157471
293,1.258759617805481,-5.987875938415527
294,1.3544442653656006,-5.540355205535889
295,1.434636116027832,-5.371641635894775
296,1.4158438444137573,-5.8657355308532715
297,1.337039589881897,-5.236462593078613
298,1.7511322498321533,-5.728231906890869
299,1.349231243133545,-4.712458610534668
300,1.5655286312103271,-5.620767593383789
301,1.4194996356964111,-6.550197601318359
302,1.398627758026123,-7.537106513977051
303,1.390568733215332,-7.940271377563477
304,1.436569333076477,-7.608348369598389
305,1.4236934185028076,-6.599976062774658
306,1.6262836456298828,-5.661071300506592
307,1.543317198753357,-6.079232692718506
308,2.857988119125366,-4.166987419128418
309,1.923357605934143,-3.798746347427368
310,1.8679273128509521,-2.4069693088531494
311,2.2918448448181152,-1.6222772598266602
312,2.440426826477051,-2.528308629989624
313,1.9699203968048096,-2.4951491355895996
314,1.703827142715454,-3.1311895847320557
315,2.4297611713409424,-3.0295591354370117
316,1.6061460971832275,-2.680312395095825
317,1.9933099746704102,-3.4234607219696045
318,2.028947114944458,-3.3818018436431885
319,1.9087953567504883,-2.958214044570923
320,1.794175148010254,-3.2698774337768555
321,1.6332380771636963,-3.5462920665740967
322,1.5282877683639526,-4.1577348709106445
323,1.5413851737976074,-3.2729175090789795
324,1.579376220703125,-3.2061145305633545
325,1.8794128894805908,-2.829677104949951
326,1.982067346572876,-3.9031643867492676
327,2.0495753288269043,-3.706249713897705
328,1.513817310333252,-4.430293083190918
329,1.5109846591949463,-3.5692670345306396
330,1.6605627536773682,-3.701529026031494
331,1.8865716457366943,-3.392151117324829
332,1.5939737558364868,-4.151852607727051
333,1.5559718608856201,-4.203079700469971
334,1.5304067134857178,-5.290187358856201
335,1.4081263542175293,-3.284128189086914
336,1.5405573844909668,-4.237114429473877
337,1.391745686531067,-4.077758312225342
338,1.4066493511199951,-4.957591533660889
339,1.460077166557312,-5.1383185386657715
340,1.903130292892456,-6.196069240570068
341,1.3249738216400146,-6.002073764801025
342,1.3265373706817627,-4.438607692718506
343,1.347618579864502,-4.493975639343262
344,1.6308443546295166,-4.494522571563721
345,1.5070915222167969,-4.904880046844482
346,1.4401118755340576,-5.908807754516602
347,1.537538766860962,-4.857507705688477
348,1.5297304391860962,-6.216587543487549
349,1.304534673690796,-5.3633551597595215
350,1.492527961730957,-5.355315685272217
351,1.7800498008728027,-5.126924514770508
352,1.5224556922912598,-5.742031097412109
353,1.5009427070617676,-6.339108467102051
354,1.305589199066162,-6.730524063110352
355,1.4844679832458496,-5.9885969161987305
356,1.527243733406067,-7.019369602203369
357,1.2914907932281494,-6.386831283569336
358,1.3101587295532227,-5.7909369468688965
359,1.3401609659194946,-5.56258487701416
360,1.4697868824005127,-5.807599067687988
361,1.5392930507659912,-5.9940690994262695
362,1.5287714004516602,-6.320751190185547
363,1.5377528667449951,-4.175128936767578
364,1.4975203275680542,-5.393859386444092
365,1.3078155517578125,-5.345653057098389
366,1.1657218933105469,-6.588095188140869
367,1.3026657104492188,-6.861696720123291
368,1.761984944343567,-6.521120548248291
369,1.408510446548462,-5.54032039642334
370,1.4609723091125488,-5.855546951293945
371,1.774857759475708,-5.788173198699951
372,1.4519758224487305,-6.0060577392578125
373,1.179600715637207,-6.234443187713623
374,1.1972357034683228,-6.616854190826416
375,1.4161207675933838,-4.730062007904053
376,1.2970499992370605,-6.262639045715332
377,1.299937129020691,-6.111413478851318
378,1.39990234375,-5.692584037780762
379,1.3013889789581299,-6.2138752937316895
380,1.3755340576171875,-6.504887104034424
381,1.557408094406128,-6.399233341217041
382,1.6019039154052734,-5.974015712738037
383,1.3312174081802368,-5.2981767654418945
384,1.760606288909912,-5.422738075256348
385,1.4318339824676514,-4.885993480682373
386,1.3280863761901855,-5.259082794189453
387,1.2854753732681274,-5.235661506652832
388,1.2273186445236206,-5.048241138458252
389,1.2869939804077148,-5.931865692138672
390,1.3702210187911987,-5.4944167137146
391,1.2649730443954468,-5.469595432281494
392,1.2475450038909912,-6.609851837158203
393,1.4575610160827637,-5.835505962371826
394,1.434025764465332,-5.973262786865234
395,1.3527145385742188,-5.8569440841674805
396,1.262893795967102,-6.059600353240967
397,1.5225551128387451,-5.102875232696533
398,1.3819069862365723,-3.5890724658966064
399,1.3382532596588135,-4.63935661315918
400,1.1934027671813965,-4.392266750335693
401,1.277761697769165,-3.897557020187378
402,1.1545627117156982,-6.107997417449951
403,1.1553707122802734,-6.503489971160889
404,1.4218084812164307,-6.587127685546875
405,1.1440739631652832,-6.2057647705078125
406,1.2216796875,-6.580121040344238
407,0.9932986497879028,-6.1497087478637695
408,1.4716038703918457,-7.706423282623291
409,1.2231650352478027,-7.721102237701416
410,1.2247968912124634,-8.527267456054688
411,1.2221012115478516,-8.235363006591797
412,1.0786242485046387,-7.838322162628174
413,1.12660551071167,-7.4390153884887695
414,1.320365071296692,-8.119986534118652
415,1.1914734840393066,-8.554654121398926
416,1.1342811584472656,-8.9537935256958
417,1.3266997337341309,-9.164299011230469
418,1.3105390071868896,-8.94613265991211
419,1.0399702787399292,-9.159337997436523
420,1.0961644649505615,-8.903809547424316
421,1.2264835834503174,-8.604528427124023
422,0.9618510603904724,-9.201122283935547
423,0.9248040914535522,-9.391582489013672
424,0.9293805360794067,-8.736115455627441
425,1.0986747741699219,-9.175490379333496
426,0.8970080614089966,-9.068470001220703
427,0.8088424205780029,-8.859111785888672
428,1.1794997453689575,-8.531608581542969
429,1.1658024787902832,-8.794474601745605
430,1.0868513584136963,-8.367396354675293
431,1.100687026977539,-7.690923690795898
432,1.1129379272460938,-7.028986930847168
433,1.0722202062606812,-6.974328994750977
434,0.8644629120826721,-7.903880596160889
435,0.9429861903190613,-9.032977104187012
436,0.801942765712738,-9.022052764892578
437,0.7012715339660645,-8.630048751831055
438,0.8103962540626526,-8.633979797363281
439,0.659441351890564,-8.635721206665039
440,0.858601450920105,-8.422673225402832
441,0.9479579329490662,-8.325896263122559
442,1.157747507095337,-7.7363600730896
443,0.727858304977417,-6.416070938110352
444,0.7294630408287048,-8.370322227478027
445,0.7522069811820984,-8.966788291931152
446,0.6424682140350342,-8.579994201660156
447,0.6520240306854248,-8.792315483093262
448,0.9736036062240601,-8.7942533493042
449,0.6581346988677979,-8.662858963012695
450,0.6396151781082153,-8.686203002929688
451,0.6004214882850647,-9.0709810256958
452,0.6580236554145813,-8.773902893066406
453,0.6734089255332947,-8.539231300354004
454,0.7909512519836426,-8.386065483093262
455,0.7476363778114319,-9.002345085144043
456,0.6875900030136108,-8.355161666870117
457,0.812176525592804,-7.864840507507324
458,0.9597450494766235,-6.973712921142578
459,1.18375563621521,-7.0079731941223145
460,1.0780926942825317,-5.102657318115234
461,1.0350654125213623,-4.935821533203125
462,1.2465486526489258,-6.149438381195068
463,1.0904195308685303,-5.564532279968262
464,1.0115563869476318,-4.4259209632873535
465,1.1805932521820068,-4.575815677642822
466,1.1732923984527588,-3.459259271621704
467,1.3923166990280151,-3.8256890773773193
468,1.7149996757507324,-4.254942417144775
469,1.256678819656372,-4.820044040679932
470,1.1659272909164429,-5.375642776489258
471,1.4165030717849731,-4.234081268310547
472,1.5668749809265137,-4.885977268218994
473,1.3041160106658936,-3.7565579414367676
474,1.2186369895935059,-3.5539417266845703
475,1.1998257637023926,-4.754671096801758
476,1.451030969619751,-4.6114630699157715
477,1.1585967540740967,-3.924107074737549
478,1.5802613496780396,-3.9587180614471436
479,1.5710035562515259,-3.6750476360321045
480,1.4491454362869263,-3.557906150817871
481,1.3531367778778076,-5.50932502746582
482,1.3170056343078613,-4.513388156890869
483,1.3078778982162476,-4.895781993865967
484,1.2985354661941528,-3.789480686187744
485,1.1527044773101807,-4.329966068267822
486,1.5416224002838135,-4.3348894119262695
487,1.3317468166351318,-4.966859340667725
488,1.2858009338378906,-5.162887096405029
489,1.090900182723999,-4.814241409301758
490,1.192652702331543,-4.049613952636719
491,1.4782823324203491,-3.7903149127960205
492,1.1772947311401367,-4.858285427093506
493,1.2759134769439697,-5.519027233123779
494,1.2475398778915405,-4.584057807922363
495,1.3551400899887085,-5.199726581573486
496,1.3653998374938965,-4.047306537628174
497,1.2110049724578857,-5.466467380523682
498,1.4370346069335938,-5.33416748046875
499,1.4071881771087646,-4.430461406707764
500,1.3144242763519287,-4.604092121124268
501,1.639345645904541,-4.358519077301025
502,1.327109694480896,-3.9917993545532227
503,1.3897228240966797,-4.2359514236450195
504,1.6155747175216675,-4.7008562088012695
505,1.4074740409851074,-4.947039604187012
506,1.3345749378204346,-4.248640060424805
507,1.2622990608215332,-4.013937950134277
508,1.231707215309143,-5.161131381988525
509,1.6950225830078125,-4.859180927276611
510,1.2694405317306519,-4.866245269775391
511,1.257901906967163,-5.0986528396606445
512,1.440779685974121,-5.035343170166016
513,1.1128654479980469,-4.2737603187561035
514,1.3073577880859375,-4.757009506225586
515,1.2438156604766846,-4.8416972160339355
516,1.4782953262329102,-5.403714656829834
517,1.20613694190979,-5.216259956359863
518,1.2289855480194092,-5.027932643890381
519,1.200118064880371,-5.203445911407471
520,1.5599720478057861,-4.599084854125977
521,1.2255144119262695,-5.529255390167236
522,1.466125249862671,-4.873795509338379
523,1.6586424112319946,-5.108471870422363
524,1.2841315269470215,-3.637660503387451
525,1.3358025550842285,-4.720043182373047
526,1.25254225730896,-4.581161022186279
527,1.2180695533752441,-4.78700590133667
528,1.3251392841339111,-4.553187847137451
529,1.2292851209640503,-5.981647968292236
530,1.3599228858947754,-5.294388294219971
531,1.261975884437561,-5.1652679443359375
532,1.2130367755889893,-5.538663387298584
533,1.4175832271575928,-5.285768508911133
534,1.50301194190979,-4.640838623046875
535,1.1718199253082275,-4.332383632659912
536,1.4537345170974731,-4.495830059051514
537,1.2583184242248535,-5.020967483520508
538,1.4249815940856934,-4.931598663330078
539,1.2353687286376953,-4.231468200683594
540,1.436960220336914,-4.195904731750488
541,1.3453831672668457,-4.171403884887695
542,1.1286702156066895,-5.103167533874512
543,1.2543821334838867,-3.7434144020080566
544,1.4991564750671387,-4.619009971618652
545,1.3047423362731934,-4.267323970794678
546,1.318953037261963,-4.837255477905273
547,1.128537893295288,-5.090317249298096
548,1.371286392211914,-4.9487433433532715
549,1.3974978923797607,-4.920392990112305
550,1.1828233003616333,-5.0720086097717285
551,1.2632838487625122,-4.18900203704834
552,1.4167113304138184,-4.185069561004639
553,1.139610767364502,-4.416024208068848
554,1.3923611640930176,-4.715785980224609
555,1.2773337364196777,-4.14584493637085
556,1.338609218597412,-3.3874197006225586
557,1.4791948795318604,-4.708697319030762
558,1.218912124633789,-4.4356207847595215
559,1.3705170154571533,-4.280828475952148
560,1.287886142730713,-4.203236103057861
561,1.478510856628418,-4.575295925140381
562,1.1213589906692505,-3.628021240234375
563,1.378563404083252,-3.515671491622925
564,1.1932661533355713,-4.597588062286377
565,1.3492534160614014,-5.224938869476318
566,1.3693068027496338,-3.683565139770508
567,1.2233613729476929,-4.669154167175293
568,1.5820510387420654,-4.690431118011475
569,1.3691723346710205,-4.7493815422058105
570,1.2802445888519287,-4.8109235763549805
571,1.3475619554519653,-3.913289785385132
572,1.1965546607971191,-3.1841211318969727
573,1.2403632402420044,-3.8646719455718994
574,1.1488282680511475,-4.0576491355896
575,1.1995441913604736,-4.193248271942139
576,1.4709765911102295,-3.252484083175659
577,1.275916576385498,-4.585620403289795
578,1.3846510648727417,-4.331562042236328
579,1.2182302474975586,-4.498176574707031
580,1.506919026374817,-3.656956195831299
581,1.1801378726959229,-3.698047399520874
582,1.28080415725708,-4.088784217834473
583,1.099928617477417,-4.016358852386475
584,1.2348064184188843,-4.942866802215576
585,1.2843635082244873,-5.456984996795654
586,1.0943107604980469,-5.042074680328369
587,1.150491714477539,-4.661417007446289
588,1.113451361656189,-4.569309711456299
589,1.0875270366668701,-5.170548915863037
590,1.4204611778259277,-4.984661102294922
591,1.2594664096832275,-5.0214738845825195
592,1.29195237159729,-3.838369846343994
593,1.3953033685684204,-5.574465274810791
594,1.1093392372131348,-4.705913543701172
595,1.3510689735412598,-4.928978443145752
596,1.1467647552490234,-5.39890193939209
597,1.3158185482025146,-4.5980634689331055
598,1.2131624221801758,-5.48969841003418
599,1.3280084133148193,-4.039512634277344
600,1.3830187320709229,-3.914078950881958
601,1.2275322675704956,-4.789713382720947
602,1.666853666305542,-3.8167660236358643
603,1.2200572490692139,-4.4651408195495605
604,1.1830158233642578,-4.723049163818359
605,1.2069790363311768,-3.829521417617798
606,1.3276417255401611,-3.585766315460205
607,1.3038151264190674,-3.7875149250030518
608,1.1693568229675293,-4.49131965637207
609,1.216017723083496,-4.099937915802002
610,1.3089065551757812,-4.13975715637207
611,1.2597788572311401,-4.692445278167725
612,1.2977604866027832,-4.478819370269775
613,1.503751516342163,-4.769412994384766
614,1.2830621004104614,-4.5968756675720215
615,1.1940267086029053,-5.220920562744141
616,1.313812017440796,-4.203375816345215
617,1.2123624086380005,-4.758627891540527
618,1.3748652935028076,-3.781900644302368
619,1.4798533916473389,-4.689058303833008
620,1.241312861442566,-4.541950225830078
621,1.2732445001602173,-4.542138576507568
622,1.3794926404953003,-4.609504699707031
623,1.1063005924224854,-4.629643440246582
624,1.1683659553527832,-4.020131587982178
625,1.1629581451416016,-4.125020503997803
626,1.3965599536895752,-5.2446489334106445
627,1.0869948863983154,-5.084173679351807
628,1.134061574935913,-3.716048002243042
629,1.1634912490844727,-4.730934143066406
630,1.1778910160064697,-4.897088527679443
631,1.4320634603500366,-3.666440963745117
632,1.3011648654937744,-4.403378486633301
633,1.163553237915039,-3.811523675918579
634,1.2655308246612549,-5.451128959655762
635,1.189650535583496,-4.911241054534912
636,1.4358018636703491,-4.872558116912842
637,1.447292447090149,-4.612716197967529
638,1.5273089408874512,-3.7563979625701904
639,1.2335023880004883,-4.5016889572143555
640,1.3495811223983765,-3.9924237728118896
641,1.187122106552124,-5.254166126251221
642,1.2978076934814453,-4.411930084228516
643,1.485459566116333,-4.234605312347412
644,1.1873209476470947,-4.7357401847839355
645,1.283406138420105,-4.556580066680908
646,1.1965328454971313,-4.506389141082764
647,1.3236262798309326,-4.924875259399414
648,1.2207727432250977,-4.648497104644775
649,1.2713699340820312,-3.3170318603515625
650,1.3446033000946045,-4.760786056518555
651,1.4818514585494995,-4.019207954406738
652,1.1950774192810059,-3.2910163402557373
653,1.3921642303466797,-3.653787136077881
654,1.3229689598083496,-4.161401748657227
655,1.253829836845398,-4.168762683868408
656,1.3548413515090942,-4.309359550476074
657,1.334328293800354,-4.994496822357178
658,1.4640166759490967,-4.53026008605957
659,1.269846796989441,-5.187336444854736
660,1.3487281799316406,-4.513452529907227
661,1.2105002403259277,-9.40640640258789
662,1.4658259153366089,-9.411585807800293
663,1.2782061100006104,-9.358287811279297
664,1.186448574066162,-9.296032905578613
665,1.3056111335754395,-9.226690292358398
666,1.2313690185546875,-9.351387977600098
667,1.2868049144744873,-9.457841873168945
668,1.2641582489013672,-9.503851890563965
669,1.2972280979156494,-8.990616798400879
670,1.2966203689575195,-8.348572731018066
671,1.320732593536377,-7.866525650024414
672,1.2503050565719604,-8.067377090454102
673,1.2320036888122559,-8.996092796325684
674,1.3594372272491455,-9.460988998413086
675,1.2309256792068481,-9.634791374206543
676,1.1900843381881714,-9.631141662597656
677,1.2384434938430786,-9.619536399841309
678,1.1748895645141602,-9.6658296585083
679,1.1590358018875122,-9.728741645812988
680,1.4599370956420898,-9.753902435302734
681,1.3206430673599243,-9.710860252380371
682,1.2530288696289062,-9.617831230163574
683,1.1719841957092285,-9.582710266113281
684,1.2469000816345215,-9.611732482910156
685,1.2419145107269287,-9.626482009887695
686,1.4235265254974365,-9.46947956085205
687,1.1555874347686768,-9.328424453735352
688,1.2321748733520508,-9.25710391998291
689,1.156005620956421,-9.427989959716797
690,1.2291417121887207,-9.54147720336914
691,1.2596807479858398,-9.611381530761719
692,1.2930163145065308,-9.7074613571167
693,1.2967545986175537,-9.732982635498047
694,1.2238831520080566,-9.72174072265625
695,1.1358911991119385,-9.716880798339844
696,1.536893367767334,-9.701859474182129
697,1.591496229171753,-9.579315185546875
698,1.2770448923110962,-8.767786026000977
699,1.3637752532958984,-6.621758460998535
700,1.3481290340423584,-5.308063507080078
701,1.379503607749939,-7.571983814239502
702,1.413741111755371,-7.79755973815918
703,1.1869056224822998,-8.937413215637207
704,1.254753828048706,-9.422212600708008
705,1.139974594116211,-9.59882640838623
706,1.327279806137085,-9.704460144042969
707,1.2942845821380615,-9.761124610900879
708,1.313453197479248,-9.720966339111328
709,1.3760173320770264,-9.637401580810547
710,1.2863609790802002,-9.603165626525879
711,1.1256747245788574,-9.61539363861084
712,1.4811732769012451,-9.582974433898926
713,1.304755687713623,-9.498741149902344
714,1.4124181270599365,-9.078784942626953
715,1.260665774345398,-7.982847690582275
716,1.2742915153503418,-7.3073320388793945
717,1.4127885103225708,-6.879173755645752
718,1.2486852407455444,-8.887828826904297
719,1.2589476108551025,-9.431490898132324
720,1.3163232803344727,-9.596495628356934
721,1.1251304149627686,-9.659025192260742
722,1.2722711563110352,-9.626745223999023
723,1.1896594762802124,-9.638031959533691
724,1.3484723567962646,-9.67901611328125
725,1.1495320796966553,-9.73790168762207
726,1.2938470840454102,-9.78500747680664
727,1.235534429550171,-9.728841781616211
728,1.1884583234786987,-9.625936508178711
729,1.2147375345230103,-9.564727783203125
730,1.307659387588501,-9.637519836425781
731,1.120305061340332,-9.749924659729004
732,1.1994130611419678,-9.768577575683594
733,1.3333042860031128,-9.719836235046387
734,1.2706772089004517,-9.6843843460083
735,1.2563867568969727,-9.690496444702148
736,1.3418819904327393,-9.703217506408691
737,1.5647692680358887,-9.733613014221191
738,1.3064665794372559,-9.72801685333252
739,1.179987907409668,-9.681432723999023
740,1.6349506378173828,-9.526557922363281
741,1.262637972831726,-9.154537200927734
742,1.254699468612671,-8.678757667541504
743,1.4282236099243164,-8.287403106689453
744,1.3029084205627441,-8.706547737121582
745,1.4943416118621826,-8.969002723693848
746,1.2796359062194824,-9.408241271972656
747,1.2237834930419922,-9.635639190673828
748,1.2941689491271973,-9.687108039855957
749,1.3047504425048828,-9.719696998596191
750,1.2242861986160278,-9.748507499694824
751,1.147783875465393,-9.771627426147461
752,1.2133708000183105,-9.759285926818848
753,1.3994591236114502,-9.720261573791504
754,1.2725677490234375,-9.727168083190918
755,1.4931458234786987,-9.744808197021484
756,1.2526907920837402,-9.745272636413574
757,1.2100844383239746,-9.743956565856934
758,1.483937382698059,-9.691285133361816
759,1.35312020778656,-9.632088661193848
760,1.3361186981201172,-9.542405128479004
761,1.2143442630767822,-9.235377311706543
762,1.218885898590088,-8.414390563964844
763,1.390547275543213,-8.504670143127441
764,1.222848892211914,-9.283769607543945
765,1.324012279510498,-9.473018646240234
766,1.2440063953399658,-9.602869033813477
767,1.3469048738479614,-9.666428565979004
768,1.3329843282699585,-9.679569244384766
769,1.148144245147705,-9.700106620788574
770,1.4528203010559082,-9.716849327087402
771,1.254784345626831,-9.71142864227295
772,1.2726503610610962,-9.669783592224121
773,1.4528536796569824,-9.540292739868164
774,1.4294137954711914,-8.70260238647461
775,1.358586311340332,-5.757022857666016
776,1.252716302871704,-6.0627360343933105
777,1.263932466506958,-8.187503814697266
778,1.331059455871582,-9.281554222106934
779,1.317954421043396,-9.62549877166748
780,1.3236726522445679,-9.73398208618164
781,1.7609002590179443,-9.757869720458984
782,1.2875266075134277,-9.720520973205566
783,1.3106573820114136,-9.348106384277344
784,1.4049782752990723,-8.593871116638184
785,1.3540127277374268,-6.687127590179443
786,1.2894566059112549,-5.34613037109375
787,1.2796088457107544,-5.879300594329834
788,1.3605152368545532,-7.652443885803223
789,1.368985891342163,-9.053126335144043
790,1.1829510927200317,-9.459988594055176
791,1.388431429862976,-9.604342460632324
792,1.272420048713684,-9.645511627197266
793,1.5761770009994507,-9.479414939880371
794,1.3164258003234863,-9.134195327758789
795,1.24782395362854,-8.811380386352539
796,1.3227550983428955,-8.772724151611328
797,1.2483969926834106,-9.147134780883789
798,1.3670663833618164,-9.470193862915039
799,1.4054882526397705,-9.663802146911621
800,1.4104777574539185,-9.694498062133789
801,1.315516471862793,-9.673345565795898
802,1.6715633869171143,-9.654351234436035
803,1.3391077518463135,-9.630489349365234
804,1.448703408241272,-8.757329940795898
805,1.3630949258804321,-7.549168109893799
806,1.3688019514083862,-8.551363945007324
807,1.2807132005691528,-9.523303985595703
808,1.4186820983886719,-9.74083423614502
809,1.3179383277893066,-9.767630577087402
810,1.2183096408843994,-9.772378921508789
811,1.2900073528289795,-9.775870323181152
812,1.3384568691253662,-9.783574104309082
813,1.6212830543518066,-9.778629302978516
814,1.333743691444397,-9.755635261535645
815,1.3646069765090942,-9.677702903747559
816,1.3217154741287231,-9.0118989944458
817,1.1916643381118774,-7.932743549346924
818,1.4012928009033203,-7.490339279174805
819,1.451695203781128,-8.512818336486816
820,1.4735467433929443,-9.465779304504395
821,1.4121792316436768,-9.737640380859375
822,1.2467186450958252,-9.790624618530273
823,1.2498040199279785,-9.72571086883545
824,1.1990489959716797,-9.72887897491455
825,1.3602638244628906,-9.759389877319336
826,1.3152906894683838,-9.776191711425781
827,1.5352654457092285,-9.770528793334961
828,1.3347140550613403,-9.75175666809082
829,1.2194099426269531,-9.751426696777344
830,1.3663145303726196,-9.732314109802246
831,1.3632895946502686,-9.586749076843262
832,1.3568555116653442,-9.273767471313477
833,1.2725962400436401,-8.858781814575195
834,1.2388708591461182,-8.76191234588623
835,1.2903077602386475,-8.813836097717285
836,1.4348523616790771,-9.279897689819336
837,1.3896833658218384,-9.513086318969727
838,1.2301621437072754,-9.688908576965332
839,1.187715768814087,-9.804645538330078
840,1.3568668365478516,-9.831082344055176
841,1.6285557746887207,-9.82086181640625
842,1.1871705055236816,-9.766085624694824
843,1.4654357433319092,-9.74234676361084
844,1.3332982063293457,-9.751282691955566
845,1.3454399108886719,-9.805882453918457
846,1.3097360134124756,-9.775805473327637
847,1.409529685974121,-9.359646797180176
848,1.5337475538253784,-8.481525421142578
849,1.3687936067581177,-7.361230373382568
850,1.4838160276412964,-6.922898769378662
851,1.378993272781372,-8.469133377075195
852,1.312138319015503,-9.515352249145508
853,1.3479773998260498,-9.725647926330566
854,1.4318652153015137,-9.716470718383789
855,1.2451918125152588,-9.773085594177246
856,1.250899076461792,-9.835210800170898
857,1.3345041275024414,-9.860487937927246
858,1.4925719499588013,-9.828841209411621
859,1.426548719406128,-9.7357816696167
860,1.3216471672058105,-9.657604217529297
861,1.3820271492004395,-9.6810941696167
862,1.3036072254180908,-9.686554908752441
863,1.2795495986938477,-9.5820894241333
864,1.348583459854126,-9.173846244812012
865,1.3156304359436035,-9.035866737365723
866,1.3299140930175781,-9.473069190979004
867,1.3645352125167847,-9.739021301269531
868,1.554884910583496,-9.679105758666992
869,1.2326631546020508,-9.6509428024292
870,1.2439067363739014,-9.609676361083984
871,1.2778706550598145,-9.630897521972656
872,1.1973845958709717,-9.730534553527832
873,1.383360505104065,-9.724102973937988
874,1.4607596397399902,-9.203381538391113
875,1.5637997388839722,-6.219305992126465
876,1.2957020998001099,-1.853166103363037
877,1.4093303680419922,-0.8994090557098389
878,1.5693879127502441,-8.75361156463623
879,1.2552413940429688,-9.87081527709961
880,1.3252716064453125,-9.8530855178833
881,1.2958247661590576,-9.791875839233398
882,1.5720564126968384,-9.783588409423828
883,1.3898093700408936,-9.864509582519531
884,1.2123639583587646,-9.910699844360352
885,1.2487767934799194,-9.914447784423828
886,1.4535186290740967,-9.839076042175293
887,1.2113654613494873,-9.747600555419922
888,1.14829421043396,-9.770917892456055
889,1.225630760192871,-9.83975887298584
890,1.583662748336792,-9.86413860321045
891,1.8565620183944702,-9.809515953063965
892,1.254490852355957,-9.702919006347656
893,1.2578425407409668,-9.507680892944336
894,1.3538899421691895,-9.144999504089355
895,1.432781457901001,-8.790556907653809
896,1.355408787727356,-9.008712768554688
897,1.521972417831421,-9.443108558654785
898,1.38358736038208,-9.667808532714844
899,1.274444818496704,-9.756745338439941
900,1.2535223960876465,-9.833919525146484
901,1.2978264093399048,-9.895130157470703
902,1.1980257034301758,-9.91836929321289
903,1.486438512802124,-9.90209674835205
904,1.1516368389129639,-9.895023345947266
905,1.3026416301727295,-9.881651878356934
906,1.1268231868743896,-9.899101257324219
907,1.4641141891479492,-9.915980339050293
908,1.2064517736434937,-9.920379638671875
909,1.3251657485961914,-9.953003883361816
910,1.1797242164611816,-9.790473937988281
911,1.2462363243103027,-9.736760139465332
912,1.3089568614959717,-9.790767669677734
913,1.668071985244751,-9.778005599975586
914,1.3049838542938232,-9.739450454711914
915,1.2827072143554688,-9.703463554382324
916,1.278786540031433,-9.674701690673828
917,1.3185346126556396,-9.705360412597656
918,1.3576736450195312,-9.696507453918457
919,1.330481767654419,-9.7639741897583
920,1.3265137672424316,-9.856260299682617
921,1.243503212928772,-9.923556327819824
922,1.464533805847168,-9.862236022949219
923,1.2144498825073242,-9.653446197509766
924,1.1816281080245972,-9.362798690795898
925,1.2065777778625488,-9.389875411987305
926,1.3400135040283203,-8.309229850769043
927,1.466336727142334,-5.537904262542725
928,1.140156626701355,-3.5335381031036377
929,1.3306246995925903,-6.6575093269348145
930,1.1960783004760742,-9.713939666748047
931,1.1991143226623535,-9.889165878295898
932,1.224440097808838,-9.847758293151855
933,1.232108473777771,-9.755270004272461
934,1.4476786851882935,-8.392086029052734
935,1.3254144191741943,-0.3707210123538971
936,1.2196106910705566,-7.1551008224487305
937,1.3570325374603271,-9.841460227966309
938,1.2141642570495605,-9.867273330688477
939,1.1708041429519653,-9.820905685424805
940,1.1738660335540771,-9.895191192626953
941,1.071134328842163,-9.962200164794922
942,1.4048384428024292,-9.941483497619629
943,1.346818208694458,-9.857335090637207
944,1.1497573852539062,-9.504975318908691
945,1.0572824478149414,-9.536959648132324
946,1.1636273860931396,-9.91454029083252
947,1.0466067790985107,-9.983226776123047
948,1.130622386932373,-9.965204238891602
949,1.033267617225647,-9.92379379272461
950,1.7220385074615479,-9.847782135009766
951,1.5501415729522705,-9.876241683959961
952,1.433180570602417,-9.971712112426758
953,1.1447606086730957,-10.026196479797363
954,1.1000075340270996,-9.893964767456055
955,1.0841412544250488,-9.610526084899902
956,1.0461280345916748,-9.5156888961792
957,1.1793341636657715,-9.676451683044434
958,1.0697178840637207,-9.831230163574219
959,1.2601484060287476,-9.871116638183594
960,1.0551741123199463,-9.903950691223145
961,1.2102611064910889,-9.923580169677734
962,1.265720248222351,-9.935415267944336
963,1.0413432121276855,-9.923056602478027
964,1.0335469245910645,-9.8827486038208
965,1.001889705657959,-9.642971992492676
966,1.309525489807129,-8.993385314941406
967,1.2062253952026367,-7.392881393432617
968,1.1613004207611084,-8.188413619995117
969,1.0591157674789429,-9.260088920593262
970,1.1233067512512207,-9.761606216430664
971,1.0242235660552979,-9.895763397216797
972,1.0242321491241455,-9.950085639953613
973,1.086507797241211,-9.957411766052246
974,0.9855554103851318,-9.974039077758789
975,1.0587471723556519,-9.997037887573242
976,1.2993149757385254,-10.004463195800781
977,0.8705401420593262,-10.005132675170898
978,0.9395599961280823,-9.984057426452637
979,1.065765142440796,-9.92365837097168
980,1.021803617477417,-9.875521659851074
981,0.8471195697784424,-9.917814254760742
982,0.9535419344902039,-9.973281860351562
983,0.8535149097442627,-9.980770111083984
984,0.890267014503479,-9.980486869812012
985,1.0255377292633057,-9.937161445617676
986,0.9954850673675537,-9.72958755493164
987,0.7970856428146362,-9.544635772705078
988,0.9514849185943604,-9.079991340637207
989,0.8175870180130005,-8.660439491271973
990,0.8859644532203674,-8.352428436279297
991,1.1260313987731934,-7.577641010284424
992,0.8186615705490112,-8.032922744750977
993,1.048031210899353,-9.035172462463379
994,0.8757419586181641,-9.517719268798828
995,0.6840156316757202,-9.926950454711914
996,0.8578980565071106,-9.9357328414917
997,0.7169333696365356,-9.937684059143066
998,0.6339906454086304,-9.95274543762207
999,0.7596283555030823,-9.965991020202637
1000,0.7418299913406372,-9.987257957458496
1001,0.7539019584655762,-9.988138198852539
1002,0.6876280307769775,-10.007266998291016
1003,0.8869568109512329,-9.893468856811523
1004,0.5843377709388733,-9.840897560119629
1005,0.6625434160232544,-9.478967666625977
1006,0.5500323176383972,-9.499564170837402
1007,0.4797152876853943,-9.624504089355469
1008,0.5617654323577881,-9.517467498779297
1009,0.7023760080337524,-8.933690071105957
1010,0.48752158880233765,-9.054871559143066
1011,0.7055869102478027,-9.437161445617676
1012,0.8791358470916748,-9.865205764770508
1013,0.918694019317627,-9.98405933380127
1014,0.8867150545120239,-9.937919616699219
1015,0.7601613402366638,-9.977609634399414
1016,0.843741238117218,-9.894593238830566
1017,0.793321967124939,-9.665569305419922
1018,1.1427586078643799,-8.349910736083984
1019,0.9166578054428101,-9.444671630859375
1020,1.052154779434204,-9.92445182800293
1021,1.0885038375854492,-9.96254825592041
1022,0.8948345184326172,-10.12987232208252
1023,1.1083557605743408,-10.349104881286621
1024,1.0996376276016235,-10.023808479309082
1025,0.9468345642089844,-10.018298149108887
1026,1.0258474349975586,-10.02105712890625
1027,1.3734312057495117,-9.76276683807373
1028,1.0352251529693604,-8.920654296875
1029,1.2646105289459229,-8.986540794372559
1030,1.213928461074829,-9.82215690612793
1031,1.0633695125579834,-9.968173027038574
1032,1.155531883239746,-9.995559692382812
1033,1.181228756904602,-9.580608367919922
1034,1.1176984310150146,-8.773898124694824
1035,1.2309731245040894,-4.605165481567383
1036,1.3139145374298096,-9.827895164489746
1037,1.1671631336212158,-10.005655288696289
1038,1.1683783531188965,-10.05781078338623
1039,0.9797018766403198,-10.261114120483398
1040,0.9876543283462524,-10.438366889953613
1041,1.32584547996521,-10.266733169555664
1042,1.1124507188796997,-10.0817232131958
1043,1.0976953506469727,-10.055889129638672
1044,1.7514288425445557,-10.126891136169434
1045,1.2245681285858154,-10.340923309326172
1046,1.2802687883377075,-10.18627643585205
1047,1.0866827964782715,-8.359021186828613
1048,1.085191249847412,-7.416170597076416
1049,1.2447741031646729,-6.998317241668701
1050,1.1163685321807861,-8.806321144104004
1051,1.121253490447998,-10.094611167907715
1052,1.161789059638977,-10.22067642211914
1053,1.2813204526901245,-10.13443374633789
1054,1.2209988832473755,-10.081500053405762
1055,1.2319674491882324,-10.07984733581543
1056,1.2678861618041992,-10.147686958312988
1057,1.0978199243545532,-10.111652374267578
1058,1.0438425540924072,-10.081958770751953
1059,1.0990121364593506,-10.051100730895996
1060,1.1415598392486572,-10.015586853027344
1061,1.1105289459228516,-10.035255432128906
1062,1.0834369659423828,-10.077186584472656
1063,1.1425397396087646,-10.115609169006348
1064,1.1923013925552368,-10.086274147033691
1065,1.3697363138198853,-9.949054718017578
1066,1.1593329906463623,-9.759001731872559
1067,1.0909734964370728,-9.603402137756348
1068,1.1581827402114868,-9.682300567626953
1069,1.0826027393341064,-9.711297988891602
1070,1.166151523590088,-9.6947603225708
1071,1.1530791521072388,-9.799304008483887
1072,1.3159682750701904,-9.639513969421387
1073,1.1869451999664307,-8.753320693969727
1074,1.1240243911743164,-8.88166618347168
1075,1.1159987449645996,-9.020885467529297
1076,1.133049726486206,-9.550032615661621
1077,1.0722935199737549,-9.966938018798828
1078,1.0234296321868896,-10.126280784606934
1079,1.0688694715499878,-10.184429168701172
1080,1.2051136493682861,-10.179400444030762
1081,1.2890279293060303,-10.192984580993652
1082,1.1755925416946411,-10.139542579650879
1083,1.0335203409194946,-10.148914337158203
1084,1.1013765335083008,-9.965221405029297
1085,1.137032389640808,-9.5846529006958
1086,1.0938984155654907,-9.207582473754883
1087,1.3281340599060059,-8.824755668640137
1088,1.134989619255066,-9.142033576965332
1089,1.2143356800079346,-9.497960090637207
1090,1.2150256633758545,-9.795101165771484
1091,1.095728874206543,-10.018335342407227
1092,1.195025086402893,-10.132316589355469
1093,1.1371588706970215,-10.191197395324707
1094,1.0640273094177246,-10.198431015014648
1095,1.3456525802612305,-10.17990779876709
1096,1.152266263961792,-10.189483642578125
1097,1.0904526710510254,-10.165470123291016
1098,1.155755639076233,-10.169037818908691
1099,1.1023962497711182,-10.135183334350586
1100,1.0523498058319092,-10.026195526123047
1101,1.31265389919281,-9.528263092041016
1102,1.1024503707885742,-8.997217178344727
1103,1.1693907976150513,-8.899744033813477
1104,1.22079598903656,-9.32467269897461
1105,1.1051441431045532,-9.827369689941406
1106,1.1986396312713623,-10.04637622833252
1107,1.3985737562179565,-9.542454719543457
1108,1.1570379734039307,-8.91225814819336
1109,1.0790762901306152,-8.339929580688477
1110,1.1964555978775024,-7.934557914733887
1111,1.1333396434783936,-8.996597290039062
1112,1.149411678314209,-9.763457298278809
1113,1.0686771869659424,-10.152120590209961
1114,1.0896215438842773,-10.163559913635254
1115,1.156609058380127,-10.116289138793945
1116,1.1024706363677979,-10.136824607849121
1117,1.0232899188995361,-10.183053970336914
1118,1.072265386581421,-10.196545600891113
1119,1.1231565475463867,-10.178674697875977
1120,1.3561711311340332,-10.167069435119629
1121,1.1223993301391602,-10.1307954788208
1122,1.2209265232086182,-10.066158294677734
1123,1.3875287771224976,-8.573026657104492
1124,1.05122971534729,-5.4586615562438965
1125,1.2248765230178833,-3.8014321327209473
1126,1.1918424367904663,-4.771911144256592
1127,1.443587303161621,-7.595827579498291
1128,1.112400770187378,-9.660455703735352
1129,1.1725945472717285,-10.0774507522583
1130,1.0088484287261963,-10.1472749710083
1131,1.1126151084899902,-10.187843322753906
1132,1.2247563600540161,-10.193116188049316
1133,1.13395357131958,-10.170940399169922
1134,1.0272729396820068,-10.139137268066406
1135,1.3592548370361328,-10.138383865356445
1136,1.0631928443908691,-10.187623977661133
1137,1.160539984703064,-10.224878311157227
1138,1.1809026002883911,-10.170995712280273
1139,1.2188465595245361,-10.01136589050293
1140,1.3811819553375244,-9.571313858032227
1141,1.0715339183807373,-8.794254302978516
1142,1.0994889736175537,-8.674446105957031
1143,1.418144702911377,-9.182583808898926
1144,1.313719630241394,-9.241140365600586
1145,1.062617540359497,-9.377264022827148
1146,0.990147054195404,-9.732834815979004
1147,1.1882141828536987,-9.833215713500977
1148,1.173725962638855,-9.999314308166504
1149,1.1435565948486328,-10.310439109802246
1150,1.2322872877120972,-10.166884422302246
1151,1.4115030765533447,-10.00655746459961
1152,1.208756446838379,-9.921141624450684
1153,1.4124358892440796,-9.236272811889648
1154,1.15683913230896,-8.093505859375
1155,1.0892062187194824,-8.257172584533691
1156,1.338090419769287,-9.083998680114746
1157,1.1997663974761963,-9.664138793945312
1158,1.2760918140411377,-9.910543441772461
1159,1.0981895923614502,-10.077136993408203
1160,1.054565668106079,-10.178749084472656
1161,1.2178113460540771,-10.142619132995605
1162,1.216759204864502,-10.099996566772461
1163,1.160388469696045,-10.081380844116211
1164,1.5080716609954834,-10.003917694091797
1165,1.0491939783096313,-9.163969993591309
1166,1.0375378131866455,-8.069130897521973
1167,1.2406666278839111,-8.003279685974121
1168,1.0716533660888672,-8.615203857421875
1169,1.2959861755371094,-9.703714370727539
1170,1.2181727886199951,-10.093181610107422
1171,1.1863361597061157,-10.208126068115234
1172,1.0911833047866821,-10.169678688049316
1173,1.3782286643981934,-10.117071151733398
1174,1.1553261280059814,-10.125049591064453
1175,1.2724647521972656,-10.16247272491455
1176,1.2811545133590698,-10.108248710632324
1177,1.1911721229553223,-9.857601165771484
1178,1.2830932140350342,-9.478531837463379
1179,1.1990017890930176,-9.570807456970215
1180,1.1096059083938599,-9.620794296264648
1181,1.2138779163360596,-10.026294708251953
1182,1.0991878509521484,-10.158801078796387
1183,1.31976318359375,-10.141693115234375
1184,1.0501859188079834,-10.102864265441895
1185,1.1321004629135132,-10.117258071899414
1186,1.1555328369140625,-10.167468070983887
1187,1.028629183769226,-10.203631401062012
1188,1.3461248874664307,-10.087911605834961
1189,1.1442714929580688,-9.896697044372559
1190,1.016647219657898,-9.31614875793457
1191,1.252976894378662,-8.552338600158691
1192,1.2234556674957275,-6.846383094787598
1193,1.1942102909088135,-7.46321964263916
1194,1.226691722869873,-9.239287376403809
1195,1.2118778228759766,-10.128274917602539
1196,1.2193844318389893,-10.177254676818848
1197,1.1357921361923218,-10.139788627624512
1198,0.9894698858261108,-10.11330795288086
1199,1.0115318298339844,-10.101110458374023
1200,1.4534213542938232,-10.163922309875488
1201,1.3248035907745361,-10.048761367797852
1202,1.2208622694015503,-8.088213920593262
1203,1.238444209098816,-6.545831203460693
1204,1.2080310583114624,-7.0116167068481445
1205,1.1411221027374268,-9.574810028076172
1206,1.2981979846954346,-9.975528717041016
1207,1.420772910118103,-10.003722190856934
1208,1.175679087638855,-10.027246475219727
1209,1.1998467445373535,-9.955850601196289
1210,1.4584314823150635,-9.784852981567383
1211,1.3727599382400513,-8.082616806030273
1212,1.3807637691497803,-5.4934983253479
1213,1.2177820205688477,-5.622419357299805
1214,1.2126362323760986,-8.318746566772461
1215,1.1956342458724976,-10.0755615234375
1216,1.1060230731964111,-10.242977142333984
1217,1.1770485639572144,-10.224618911743164
1218,1.184086799621582,-10.173501968383789
1219,1.2511037588119507,-10.128166198730469
1220,1.172412633895874,-10.159728050231934
1221,1.1282365322113037,-10.122882843017578
1222,1.208004355430603,-9.971844673156738
1223,1.0352855920791626,-9.755510330200195
1224,1.374165415763855,-9.679577827453613
1225,1.138369083404541,-9.993252754211426
1226,1.1546835899353027,-10.061795234680176
1227,1.2641412019729614,-10.17043685913086
1228,1.1194274425506592,-10.165871620178223
1229,1.251868724822998,-10.107303619384766
1230,1.14305579662323,-10.099384307861328
1231,1.2175102233886719,-10.136472702026367
1232,1.1973941326141357,-9.980180740356445
1233,1.175865888595581,-9.467873573303223
1234,1.17366623878479,-9.007526397705078
1235,1.1553382873535156,-9.316189765930176
1236,1.2351374626159668,-9.30383014678955
1237,1.3498731851577759,-9.48831558227539
1238,1.1991181373596191,-9.176839828491211
1239,1.180211067199707,-9.478021621704102
1240,1.126391887664795,-9.678009033203125
1241,1.0571942329406738,-9.786789894104004
1242,1.1463570594787598,-10.088099479675293
1243,1.0674293041229248,-10.187294960021973
1244,1.203331470489502,-10.106395721435547
1245,1.1511197090148926,-9.96297836303711
1246,1.1458947658538818,-9.899784088134766
1247,1.0420200824737549,-9.972811698913574
1248,1.2955880165100098,-10.217495918273926
1249,1.134467363357544,-10.241196632385254
1250,1.3301935195922852,-10.193639755249023
1251,1.9109066724777222,-9.78125
1252,1.4044241905212402,-9.5006103515625
1253,1.2635611295700073,-9.042099952697754
1254,1.191357135772705,-9.915124893188477
1255,1.209458827972412,-9.909392356872559
1256,1.29343843460083,-9.705265045166016
1257,1.208221435546875,-9.765247344970703
1258,1.2265874147415161,-9.934020042419434
1259,1.1904654502868652,-9.97852611541748
1260,1.3441197872161865,-9.324272155761719
1261,1.0749253034591675,-10.143893241882324
1262,1.4243054389953613,-7.824182033538818
1263,1.2594974040985107,-4.094271659851074
1264,1.167658805847168,-5.146378993988037
1265,1.2468470335006714,-7.575127124786377
1266,1.300095796585083,-9.834528923034668
1267,1.2026286125183105,-10.075425148010254
1268,1.158459186553955,-10.1157865524292
1269,1.4374504089355469,-10.073444366455078
1270,1.2905337810516357,-10.048973083496094
1271,1.2313627004623413,-8.771167755126953
1272,1.3000495433807373,-6.778924465179443
1273,1.1986379623413086,-5.302732467651367
1274,1.2846204042434692,-5.814758777618408
1275,1.4426870346069336,-7.629326343536377
1276,1.364562749862671,-9.143651962280273
1277,1.2913603782653809,-10.112834930419922
1278,1.137630820274353,-10.2048921585083
1279,1.2625889778137207,-10.126792907714844
1280,1.3054513931274414,-10.079955101013184
1281,1.2611651420593262,-10.03402042388916
1282,1.219630479812622,-10.018122673034668
1283,1.1210803985595703,-9.934905052185059
1284,1.2174506187438965,-9.985116958618164
1285,1.3472768068313599,-10.002989768981934
1286,1.201715111732483,-10.020746231079102
1287,1.1682007312774658,-10.061930656433105
1288,1.3461225032806396,-10.091666221618652
1289,1.0785319805145264,-10.10074234008789
1290,1.2321512699127197,-10.059459686279297
1291,1.0937495231628418,-9.97425651550293
1292,1.0574218034744263,-9.948987007141113
1293,1.165520191192627,-9.9745454788208
1294,1.199636459350586,-10.12831974029541
1295,1.1256382465362549,-10.156966209411621
1296,1.15570068359375,-10.138134002685547
1297,1.4818183183670044,-9.896756172180176
1298,1.1268030405044556,-9.793255805969238
1299,1.1991071701049805,-9.684638023376465
1300,1.0962774753570557,-9.89966106414795
1301,1.1948505640029907,-10.066133499145508
1302,1.0778837203979492,-9.999747276306152
1303,1.1748192310333252,-9.941183090209961
1304,1.1816376447677612,-9.7676420211792
1305,1.1149256229400635,-9.959593772888184
1306,1.1357569694519043,-10.090370178222656
1307,1.2824852466583252,-10.083895683288574
1308,1.2570228576660156,-9.96280288696289
1309,1.0475842952728271,-9.817139625549316
1310,1.134372591972351,-9.926779747009277
1311,1.0724960565567017,-10.054732322692871
1312,1.1244996786117554,-10.147356986999512
1313,1.1954987049102783,-10.119683265686035
1314,1.2418437004089355,-10.025808334350586
1315,1.0925540924072266,-9.978158950805664
1316,1.1839096546173096,-10.045544624328613
1317,1.204543113708496,-9.871779441833496
1318,1.2627325057983398,-9.835378646850586
1319,1.1874816417694092,-9.84985637664795
1320,1.0929436683654785,-9.925971984863281
1321,1.1502702236175537,-10.068706512451172
1322,1.2947115898132324,-10.019847869873047
1323,1.3887536525726318,-9.840293884277344
1324,1.2137973308563232,-9.319598197937012
1325,1.2854148149490356,-8.045748710632324
1326,1.243027687072754,-7.516615390777588
1327,1.273990273475647,-9.332450866699219
1328,1.236889362335205,-9.879546165466309
1329,1.124119520187378,-9.9627685546875
1330,1.3098504543304443,-9.903594017028809
1331,1.2033042907714844,-9.982368469238281
1332,1.2861342430114746,-9.613905906677246
1333,1.3494136333465576,-7.778073787689209
1334,1.3080503940582275,-5.914576530456543
1335,1.3503048419952393,-5.765537738800049
1336,1.2782435417175293,-6.283349514007568
1337,1.3002121448516846,-9.490499496459961
1338,1.2800188064575195,-10.250164031982422
1339,1.1915324926376343,-10.1825532913208
1340,1.4291954040527344,-10.054478645324707
1341,1.164872407913208,-9.680686950683594
1342,1.1591503620147705,-9.465386390686035
1343,1.2300910949707031,-9.267473220825195
1344,1.421567440032959,-9.203707695007324
1345,1.356248140335083,-9.01117992401123
1346,1.4519679546356201,-8.737268447875977
1347,1.2231563329696655,-8.627272605895996
1348,1.5200533866882324,-7.680539608001709
1349,1.286607265472412,-7.157849311828613
1350,1.3121212720870972,-6.4052042961120605
1351,1.2510740756988525,-8.590471267700195
1352,1.1895469427108765,-9.680002212524414
1353,1.2828176021575928,-9.788844108581543
1354,1.219804286956787,-10.014362335205078
1355,1.2257765531539917,-10.180333137512207
1356,1.3527519702911377,-9.817615509033203
1357,1.2759079933166504,-9.732141494750977
1358,1.4387844800949097,-9.893540382385254
1359,1.4360178709030151,-10.035987854003906
1360,1.121222734451294,-9.95205307006836
1361,1.3154866695404053,-9.688370704650879
1362,1.190565824508667,-9.466803550720215
1363,1.324333667755127,-9.100762367248535
1364,1.1149375438690186,-9.601129531860352
1365,1.4067307710647583,-9.529708862304688
1366,1.291409969329834,-9.184313774108887
1367,1.2062530517578125,-9.325104713439941
1368,1.28364896774292,-9.07016658782959
1369,1.1740106344223022,-8.862537384033203
1370,1.2323212623596191,-9.592395782470703
1371,1.2640795707702637,-9.808836936950684
1372,1.3354018926620483,-9.556251525878906
1373,1.2208092212677002,-9.86703109741211
1374,1.210909128189087,-9.906144142150879
1375,1.3044370412826538,-9.863373756408691
1376,1.3903590440750122,-9.816316604614258
1377,1.3482877016067505,-9.33163070678711
1378,1.2636935710906982,-9.491186141967773
1379,1.46903395652771,-9.09206485748291
1380,1.2983596324920654,-9.336094856262207
1381,1.280351161956787,-8.940710067749023
1382,1.2478598356246948,-8.465226173400879
1383,1.3191152811050415,-8.05646800994873
1384,1.292357087135315,-9.39301586151123
1385,1.4226231575012207,-9.695938110351562
1386,1.2575805187225342,-9.940196990966797
1387,1.1176674365997314,-10.146160125732422
1388,1.354970932006836,-9.116403579711914
1389,1.245988130569458,-8.867223739624023
1390,1.1362686157226562,-8.946083068847656
1391,1.1709096431732178,-9.471400260925293
1392,1.1676751375198364,-10.015315055847168
1393,1.380009412765503,-10.18759822845459
1394,1.3755502700805664,-10.205390930175781
1395,1.402225375175476,-9.09921646118164
1396,1.3725802898406982,-7.892229080200195
1397,1.4232738018035889,-8.342803955078125
1398,1.2992770671844482,-9.76129150390625
1399,1.3143751621246338,-10.158793449401855
1400,1.4597030878067017,-9.421053886413574
1401,1.4123642444610596,-7.381011486053467
1402,1.546109914779663,-7.516706943511963
1403,1.5079703330993652,-8.831975936889648
1404,1.4593925476074219,-9.954682350158691
1405,1.5859566926956177,-9.611674308776855
1406,1.3256436586380005,-9.21652603149414
1407,1.43806791305542,-9.136443138122559
1408,1.3690478801727295,-9.388973236083984
1409,1.1493217945098877,-10.029999732971191
1410,1.301236867904663,-10.02172565460205
1411,1.4892117977142334,-9.617899894714355
1412,1.4341070652008057,-9.43124008178711
1413,1.1657073497772217,-9.863354682922363
1414,1.387956142425537,-9.250624656677246
1415,1.245948076248169,-8.790026664733887
1416,1.5689845085144043,-8.281623840332031
1417,1.3556315898895264,-8.89676284790039
1418,1.359675645828247,-9.499321937561035
1419,1.2318065166473389,-9.892443656921387
1420,1.5878612995147705,-9.283529281616211
1421,1.3783278465270996,-9.183551788330078
1422,1.401867151260376,-9.078764915466309
1423,1.400360107421875,-9.254029273986816
1424,1.3666508197784424,-9.854784965515137
1425,1.453012228012085,-9.993817329406738
1426,1.2434172630310059,-10.03959846496582
1427,1.4518284797668457,-10.089373588562012
1428,1.5514891147613525,-10.148703575134277
1429,1.253293752670288,-10.109046936035156
1430,1.2904869318008423,-9.923077583312988
1431,1.4793343544006348,-9.64089584350586
1432,1.3906527757644653,-8.958724021911621
1433,1.4966456890106201,-9.721416473388672
1434,1.5539106130599976,-10.183058738708496
1435,1.414952039718628,-10.224482536315918
1436,1.5777473449707031,-9.446478843688965
1437,1.351511001586914,-8.572098731994629
1438,1.7140438556671143,-8.8834810256958
1439,1.3388676643371582,-9.859807014465332
1440,1.5237877368927002,-9.307052612304688
1441,1.4663045406341553,-8.968542098999023
1442,1.4828168153762817,-8.851723670959473
1443,1.5706744194030762,-9.229554176330566
1444,1.525036334991455,-9.761587142944336
1445,1.4472285509109497,-9.970093727111816
1446,1.587911605834961,-9.693099021911621
1447,1.4102027416229248,-9.07408332824707
1448,1.6860512495040894,-8.275343894958496
1449,1.5562490224838257,-8.837024688720703
1450,1.5147993564605713,-9.817614555358887
1451,1.4222986698150635,-10.237577438354492
1452,1.2924857139587402,-10.188142776489258
1453,1.4715454578399658,-9.928213119506836
1454,1.498758316040039,-9.523868560791016
1455,1.4059553146362305,-9.410876274108887
1456,1.5449094772338867,-9.745647430419922
1457,1.4280222654342651,-10.098306655883789
1458,1.4749504327774048,-9.996384620666504
1459,1.7085918188095093,-8.756767272949219
1460,1.4973880052566528,-8.248847007751465
1461,1.5030162334442139,-7.518929958343506
1462,1.5058627128601074,-8.793266296386719
1463,1.5073788166046143,-9.977835655212402
1464,1.6533942222595215,-8.776488304138184
1465,1.5590540170669556,-8.666299819946289
1466,1.4273276329040527,-9.299586296081543
1467,1.4475839138031006,-9.76740837097168
1468,1.4598267078399658,-10.219710350036621
1469,1.3569331169128418,-10.189510345458984
1470,1.4262287616729736,-10.072467803955078
1471,1.9623645544052124,-9.256926536560059
1472,1.5772640705108643,-8.727343559265137
1473,1.3289473056793213,-8.52356243133545
1474,1.4337308406829834,-9.451523780822754
1475,1.63474702835083,-10.05992603302002
1476,1.2674765586853027,-10.181732177734375
1477,1.51631498336792,-8.676487922668457
1478,1.6878862380981445,-6.905798435211182
1479,1.8180029392242432,-6.191456317901611
1480,1.464301586151123,-7.63873291015625
1481,1.514456868171692,-9.466925621032715
1482,1.5150657892227173,-10.033361434936523
1483,1.7454473972320557,-9.63737678527832
1484,1.7170839309692383,-8.896330833435059
1485,1.4722650051116943,-7.757705211639404
1486,1.52351713180542,-8.615042686462402
1487,1.4669958353042603,-9.676024436950684
1488,1.5970975160598755,-10.133477210998535
1489,1.6380172967910767,-9.920329093933105
1490,1.581829309463501,-9.491148948669434
1491,1.43638277053833,-9.390839576721191
1492,1.6238453388214111,-8.978728294372559
1493,1.6760303974151611,-9.423952102661133
1494,1.3692606687545776,-9.71752643585205
1495,1.470289945602417,-9.904699325561523
1496,1.7572818994522095,-9.785438537597656
1497,1.6125538349151611,-8.761058807373047
1498,1.4176772832870483,-8.761085510253906
1499,1.610260009765625,-8.401355743408203
1500,1.4768167734146118,-9.016260147094727
1501,1.7846263647079468,-8.66379165649414
1502,1.217345952987671,-9.458316802978516
1503,1.4675350189208984,-9.75754165649414
1504,1.5970406532287598,-9.226635932922363
1505,1.4811100959777832,-9.008685111999512
1506,1.4168171882629395,-9.192468643188477
1507,1.989579200744629,-5.747386455535889
1508,1.5043249130249023,-5.960330009460449
1509,2.1427078247070312,-8.247533798217773
1510,1.5151147842407227,-10.124109268188477
1511,1.8343591690063477,-10.120040893554688
1512,1.691090703010559,-9.827991485595703
1513,1.7280521392822266,-8.586546897888184
1514,1.7271504402160645,-6.996885776519775
1515,2.0029423236846924,-6.599729061126709
1516,1.7435171604156494,-7.940556526184082
1517,1.955580711364746,-8.735881805419922
1518,1.5438363552093506,-9.502087593078613
1519,1.5593314170837402,-9.535284042358398
1520,2.104135513305664,-8.730310440063477
1521,1.6323249340057373,-8.17253589630127
1522,2.0378684997558594,-7.951457500457764
1523,1.6783487796783447,-9.057247161865234
1524,1.6117093563079834,-10.030123710632324
1525,1.4756593704223633,-10.38575553894043
1526,1.680363655090332,-10.286417007446289
1527,1.8579696416854858,-9.814205169677734
1528,1.9757883548736572,-8.296743392944336
1529,2.056426763534546,-7.792730808258057
1530,2.202542543411255,-8.667728424072266
1531,1.5779868364334106,-9.874195098876953
1532,1.9200680255889893,-9.89280891418457
1533,1.626042366027832,-9.898338317871094
1534,1.5404078960418701,-9.308682441711426
1535,1.7945011854171753,-8.58358097076416
1536,1.6798250675201416,-8.733904838562012
1537,1.9413882493972778,-8.98902416229248
1538,1.9077305793762207,-9.346332550048828
1539,1.6164319515228271,-9.554439544677734
1540,1.62762451171875,-9.009679794311523
1541,1.9022207260131836,-8.664793968200684
1542,1.806694746017456,-9.167372703552246
1543,1.613403558731079,-9.875007629394531
1544,2.13218355178833,-9.661981582641602
1545,1.6858097314834595,-9.90188980102539
1546,2.2474472522735596,-9.408575057983398
1547,2.0495872497558594,-8.742364883422852
1548,1.8552272319793701,-9.097628593444824
1549,1.9289939403533936,-8.670299530029297
1550,1.500359296798706,-9.833301544189453
1551,2.193885564804077,-7.936049938201904
1552,1.9657785892486572,-8.535652160644531
1553,1.5766924619674683,-8.135690689086914
1554,1.7663018703460693,-8.269462585449219
1555,2.1186928749084473,-8.389052391052246
1556,1.8579368591308594,-8.385836601257324
1557,1.771781325340271,-8.247419357299805
1558,1.4379067420959473,-8.727543830871582
1559,1.7064141035079956,-8.662811279296875
1560,1.9626026153564453,-8.678786277770996
1561,1.7690341472625732,-8.672274589538574
1562,2.0799643993377686,-8.458429336547852
1563,2.001450777053833,-8.70681095123291
1564,1.8120501041412354,-8.855238914489746
1565,1.5696401596069336,-9.428467750549316
1566,1.9613302946090698,-8.237713813781738
1567,2.03580379486084,-7.693570137023926
1568,1.762357473373413,-7.017358779907227
1569,1.6265323162078857,-8.86928653717041
1570,1.5929548740386963,-8.702299118041992
1571,1.7363759279251099,-9.245774269104004
1572,1.698082447052002,-8.362813949584961
1573,1.642190933227539,-8.44433879852295
1574,1.9271910190582275,-8.253766059875488
1575,1.9512403011322021,-8.726587295532227
1576,1.5748971700668335,-8.623858451843262
1577,1.5001819133758545,-9.558401107788086
1578,1.9357815980911255,-8.724833488464355
1579,1.4766967296600342,-8.57071590423584
1580,1.6441551446914673,-9.061336517333984
1581,2.0029900074005127,-8.693191528320312
1582,1.4000921249389648,-8.772902488708496
1583,1.6621952056884766,-8.645286560058594
1584,1.8481110334396362,-8.32349967956543
1585,2.0137758255004883,-8.37582015991211
1586,1.7229313850402832,-8.434024810791016
1587,1.8472344875335693,-8.841692924499512
1588,2.1386351585388184,-9.012383460998535
1589,1.3968195915222168,-9.262093544006348
1590,1.4969062805175781,-8.587689399719238
1591,1.7033183574676514,-8.599581718444824
1592,1.6239380836486816,-9.611556053161621
1593,1.485650897026062,-9.680556297302246
1594,1.550368309020996,-8.827014923095703
1595,1.8562815189361572,-9.059212684631348
1596,1.831386685371399,-9.587124824523926
1597,1.966421127319336,-9.264350891113281
1598,2.0333921909332275,-8.928557395935059
1599,2.082615852355957,-6.462804794311523
1600,1.4309608936309814,-5.838709831237793
1601,1.7775063514709473,-8.189024925231934
1602,1.7415995597839355,-8.852666854858398
1603,1.626232385635376,-8.408252716064453
1604,1.5798683166503906,-8.158679962158203
1605,2.1118290424346924,-8.439733505249023
1606,1.5290518999099731,-9.831209182739258
1607,2.0131351947784424,-9.450450897216797
1608,1.704169511795044,-7.8397746086120605
1609,2.17264986038208,-7.935261249542236
1610,1.9485671520233154,-9.8102445602417
1611,1.8339204788208008,-10.37864875793457
1612,2.56986927986145,-8.488080978393555
1613,1.8706154823303223,-7.254158973693848
1614,1.7305409908294678,-7.974415302276611
1615,1.7574092149734497,-9.931538581848145
1616,1.5704439878463745,-10.484519958496094
1617,1.6890673637390137,-10.43344497680664
1618,2.115712881088257,-8.351914405822754
1619,2.1416473388671875,-6.863425254821777
1620,1.978819727897644,-8.248820304870605
1621,2.0271263122558594,-10.312976837158203
1622,1.84066641330719,-10.556164741516113
1623,2.5360255241394043,-10.067456245422363
1624,2.0630953311920166,-8.316436767578125
1625,2.2053728103637695,-7.541524887084961
1626,2.064194917678833,-9.35787582397461
1627,1.6580851078033447,-10.331918716430664
1628,1.733074426651001,-10.443157196044922
1629,2.4833335876464844,-9.058882713317871
1630,2.229876756668091,-7.0692973136901855
1631,2.4712955951690674,-6.597625732421875
1632,2.0789132118225098,-8.706892013549805
1633,1.7910823822021484,-10.204044342041016
1634,1.9500932693481445,-9.824036598205566
1635,1.9532800912857056,-8.447498321533203
1636,1.5464153289794922,-7.487537384033203
1637,2.3825581073760986,-7.526757717132568
1638,1.7925148010253906,-9.439406394958496
1639,1.8786959648132324,-9.76623249053955
1640,1.873764157295227,-9.395864486694336
1641,2.5922327041625977,-6.797456741333008
1642,2.2141661643981934,-5.890666484832764
1643,3.146280288696289,-8.517833709716797
1644,2.3805036544799805,-10.425817489624023
1645,3.691692352294922,-10.29686164855957
1646,2.1206846237182617,-9.364017486572266
1647,2.048285484313965,-7.862545013427734
1648,2.0982494354248047,-6.741620063781738
1649,2.3930840492248535,-7.332242965698242
1650,1.8809196949005127,-8.794319152832031
1651,2.1006522178649902,-9.729168891906738
1652,1.9507052898406982,-9.91213321685791
1653,2.3934624195098877,-8.671765327453613
1654,2.477518081665039,-6.423450469970703
1655,2.352872610092163,-7.07557487487793
1656,2.107473373413086,-8.433759689331055
1657,2.644314765930176,-8.816476821899414
1658,2.324093818664551,-8.316619873046875
1659,1.9985666275024414,-7.549028396606445
1660,2.4042716026306152,-6.2891926765441895
1661,2.244786024093628,-6.638160228729248
1662,2.3983235359191895,-6.829443454742432
1663,2.003920555114746,-7.382189750671387
1664,2.067495822906494,-7.569610118865967
1665,3.00948429107666,-6.0269575119018555
1666,2.083059072494507,-6.7318010330200195
1667,2.3478832244873047,-7.029972553253174
1668,1.7726631164550781,-7.930435657501221
1669,2.180260181427002,-8.67178726196289
1670,2.175734281539917,-8.507826805114746
1671,2.000309705734253,-7.651003360748291
1672,2.495800018310547,-7.242889881134033
1673,2.6174633502960205,-9.269857406616211
1674,2.7584891319274902,-9.495319366455078
1675,2.6091697216033936,-8.368618965148926
1676,2.25946044921875,-7.291031360626221
1677,2.470616340637207,-6.333154678344727
1678,2.590456485748291,-6.513923168182373
1679,2.241950511932373,-8.334368705749512
1680,2.5006814002990723,-9.050904273986816
1681,2.187459707260132,-8.55729866027832
1682,1.9490649700164795,-7.88201904296875
1683,2.491116762161255,-7.016843318939209
1684,2.0419421195983887,-8.565413475036621
1685,2.1720094680786133,-9.27098274230957
1686,2.0200490951538086,-9.655221939086914
1687,2.5803780555725098,-8.386009216308594
1688,2.114598035812378,-8.40939712524414
1689,2.147080898284912,-7.662779331207275
1690,2.2933902740478516,-8.021598815917969
1691,2.294189453125,-8.911859512329102
1692,2.319011688232422,-8.790323257446289
1693,2.2856247425079346,-7.412547588348389
1694,2.3202614784240723,-7.396406173706055
1695,2.043245315551758,-7.707334995269775
1696,2.10552978515625,-8.678701400756836
1697,2.2465405464172363,-9.379593849182129
1698,2.091557502746582,-8.928764343261719
1699,1.7292168140411377,-8.575791358947754
1700,2.195660352706909,-8.470128059387207
1701,1.865009069442749,-8.957508087158203
1702,1.9136545658111572,-9.239627838134766
1703,1.7921593189239502,-9.727812767028809
1704,2.027433395385742,-9.095861434936523
1705,2.2163021564483643,-8.234634399414062
1706,2.1736254692077637,-8.512770652770996
1707,2.3092610836029053,-8.6954984664917
1708,1.9305312633514404,-8.753116607666016
1709,2.299309730529785,-6.54655647277832
1710,1.884174108505249,-8.741992950439453
1711,1.884960651397705,-8.345788955688477
1712,2.1212663650512695,-8.830628395080566
1713,2.259812355041504,-9.169343948364258
1714,2.168010950088501,-8.965364456176758
1715,2.049426317214966,-8.094249725341797
1716,2.1842479705810547,-8.680813789367676
1717,1.5720679759979248,-8.988761901855469
1718,2.0819544792175293,-8.765491485595703
1719,2.2999603748321533,-8.125306129455566
1720,2.101517677307129,-8.552978515625
1721,2.2873716354370117,-8.35018539428711
1722,1.973111629486084,-9.015661239624023
1723,1.8038173913955688,-9.383625030517578
1724,2.251082420349121,-7.928460597991943
1725,2.294564723968506,-7.797911167144775
1726,2.1502737998962402,-8.183152198791504
1727,1.9617135524749756,-8.634973526000977
1728,2.2137527465820312,-8.987077713012695
1729,2.415560483932495,-8.713211059570312
1730,1.8679640293121338,-8.719740867614746
1731,1.9134366512298584,-8.747461318969727
1732,1.9457571506500244,-8.243485450744629
1733,2.1309313774108887,-8.496941566467285
1734,2.327322483062744,-8.2339448928833
1735,2.0317978858947754,-8.724466323852539
1736,1.854050636291504,-9.086228370666504
1737,2.2303102016448975,-7.654385566711426
1738,1.8240571022033691,-7.4696455001831055
1739,1.900559902191162,-8.185563087463379
1740,2.254591464996338,-7.899675369262695
1741,1.9598815441131592,-8.27661418914795
1742,1.8021903038024902,-8.585577964782715
1743,2.016235828399658,-8.36170768737793
1744,2.406717300415039,-8.113265037536621
1745,1.7621057033538818,-8.632523536682129
1746,1.8617850542068481,-8.82296371459961
1747,2.3262853622436523,-7.909339427947998
1748,1.9063793420791626,-8.492243766784668
1749,2.2059130668640137,-8.644919395446777
1750,1.9737592935562134,-8.511223793029785
1751,2.210092544555664,-8.38183879852295
1752,2.1586012840270996,-8.357134819030762
1753,2.059293270111084,-8.477315902709961
1754,1.972254991531372,-8.968605041503906
1755,1.8689402341842651,-9.160436630249023
1756,1.9792165756225586,-8.601130485534668
1757,2.383272171020508,-8.284631729125977
1758,1.8674818277359009,-8.533825874328613
1759,1.9544411897659302,-8.689927101135254
1760,2.251680374145508,-8.487462997436523
1761,2.020313262939453,-8.156241416931152
1762,2.0626351833343506,-8.085478782653809
1763,1.996138334274292,-8.371994972229004
1764,1.763049840927124,-8.373246192932129
1765,2.28696608543396,-8.72366714477539
1766,2.3790740966796875,-8.7007474899292
1767,2.4893345832824707,-8.569293022155762
1768,2.1589677333831787,-9.007381439208984
1769,2.5860772132873535,-8.137768745422363
1770,2.1765336990356445,-8.1265230178833
1771,2.0715675354003906,-9.181099891662598
1772,2.039182186126709,-9.60234260559082
1773,1.7990084886550903,-9.351970672607422
1774,1.9564330577850342,-8.38156509399414
1775,1.8819584846496582,-7.491440296173096
1776,2.1454973220825195,-8.463761329650879
1777,2.0909595489501953,-8.837409973144531
1778,1.8622232675552368,-9.263628005981445
1779,2.171365261077881,-8.256401062011719
1780,1.8069686889648438,-7.327355861663818
1781,2.223227024078369,-7.7600998878479
1782,2.9207401275634766,-9.014708518981934
1783,2.312352180480957,-9.85794448852539
1784,2.350372791290283,-8.471416473388672
1785,2.0905051231384277,-7.836577892303467
1786,2.1640617847442627,-7.7879638671875
1787,2.262753486633301,-8.617181777954102
1788,2.106719493865967,-9.680442810058594
1789,2.2469427585601807,-7.957709789276123
1790,2.019845724105835,-7.6303253173828125
1791,2.1558890342712402,-7.067615509033203
1792,2.2969253063201904,-7.7752814292907715
1793,2.2009189128875732,-8.475682258605957
1794,2.0640430450439453,-9.229811668395996
1795,1.8746585845947266,-9.462058067321777
1796,1.9796814918518066,-8.925891876220703
1797,2.2920639514923096,-7.845980167388916
1798,2.2050209045410156,-7.78641414642334
1799,2.3215012550354004,-8.086557388305664
1800,2.029421806335449,-9.21865463256836
1801,2.047255277633667,-9.427144050598145
1802,1.8774950504302979,-9.017674446105957
1803,1.849430799484253,-8.629799842834473
1804,1.8439786434173584,-7.794764518737793
1805,1.788494348526001,-8.851639747619629
1806,1.8661249876022339,-8.50771713256836
1807,1.9347487688064575,-8.695430755615234
1808,1.9443190097808838,-9.100711822509766
1809,1.9541614055633545,-9.156911849975586
1810,1.7135355472564697,-8.900160789489746
1811,1.862160563468933,-7.874080657958984
1812,2.0035600662231445,-7.796297550201416
1813,2.0248966217041016,-8.674761772155762
1814,1.7697049379348755,-9.377882957458496
1815,2.3416690826416016,-9.016925811767578
1816,1.942101240158081,-8.631629943847656
1817,1.9508121013641357,-8.20832347869873
1818,1.9768645763397217,-8.620580673217773
1819,1.5661900043487549,-8.935068130493164
1820,2.0014567375183105,-8.949830055236816
1821,2.0625016689300537,-8.417865753173828
1822,1.9223084449768066,-8.51793384552002
1823,1.8748070001602173,-8.698542594909668
1824,1.8355681896209717,-8.595595359802246
1825,2.1500179767608643,-7.7798171043396
1826,2.4512810707092285,-8.271976470947266
1827,1.8073508739471436,-8.971918106079102
1828,2.109804153442383,-8.661736488342285
1829,2.1187801361083984,-7.849115371704102
1830,1.9414981603622437,-8.355713844299316
1831,2.2120747566223145,-8.982181549072266
1832,1.9432309865951538,-9.052124977111816
1833,1.8843984603881836,-8.869492530822754
1834,2.0998189449310303,-8.069392204284668
1835,1.9221374988555908,-8.093206405639648
1836,2.362377405166626,-8.087409019470215
1837,1.8560532331466675,-9.595388412475586
1838,2.328404426574707,-8.573186874389648
1839,1.8927310705184937,-8.058440208435059
1840,1.779725193977356,-8.867461204528809
1841,1.8797237873077393,-9.262958526611328
1842,1.778591513633728,-8.849747657775879
1843,1.6145631074905396,-8.915870666503906
1844,2.3357479572296143,-7.652814865112305
1845,2.120818614959717,-8.23503303527832
1846,2.420675754547119,-8.290645599365234
1847,2.2420897483825684,-8.79068374633789
1848,2.2296276092529297,-8.04324722290039
1849,2.327603816986084,-8.381514549255371
1850,2.1545677185058594,-8.48276138305664
1851,2.7839818000793457,-8.142848014831543
1852,1.963046669960022,-8.327898979187012
1853,1.9545315504074097,-8.403158187866211
1854,1.8560611009597778,-8.273484230041504
1855,1.8140318393707275,-9.037347793579102
1856,1.991259217262268,-8.620305061340332
1857,1.927488923072815,-9.315155029296875
1858,1.7569174766540527,-9.268815040588379
1859,2.1478490829467773,-7.450155258178711
1860,2.0114431381225586,-8.540038108825684
1861,2.1926369667053223,-8.719775199890137
1862,1.8848986625671387,-9.531733512878418
1863,1.8557324409484863,-8.408855438232422
1864,1.7165436744689941,-8.580192565917969
1865,1.9964152574539185,-9.141776084899902
1866,2.039566993713379,-9.195208549499512
1867,2.1778900623321533,-8.681475639343262
1868,2.2084498405456543,-7.928144454956055
1869,2.0673139095306396,-7.85981559753418
1870,2.039177894592285,-8.39399242401123
1871,1.9299893379211426,-9.251136779785156
1872,2.2588205337524414,-8.68917465209961
1873,2.1616947650909424,-7.770392894744873
1874,1.7335357666015625,-7.840282440185547
1875,2.2716522216796875,-8.593640327453613
1876,2.0667643547058105,-8.916237831115723
1877,2.1335244178771973,-9.065340995788574
1878,1.6937130689620972,-8.824356079101562
1879,1.9159631729125977,-8.037185668945312
1880,2.017055034637451,-8.165117263793945
1881,2.2686870098114014,-8.964156150817871
1882,1.851963996887207,-9.563232421875
1883,1.9467660188674927,-9.369800567626953
1884,2.7012176513671875,-7.239866733551025
1885,2.093231678009033,-7.561907768249512
1886,2.1967227458953857,-8.377693176269531
1887,2.0104784965515137,-8.517714500427246
1888,2.2748284339904785,-7.968325138092041
1889,1.980513334274292,-7.821905612945557
1890,1.8067071437835693,-7.996797561645508
1891,2.0353665351867676,-8.52749252319336
1892,2.192326068878174,-8.556121826171875
1893,2.302250862121582,-7.541611194610596
1894,2.1118578910827637,-7.440245151519775
1895,2.0397582054138184,-8.391254425048828
1896,2.1586709022521973,-9.059955596923828
1897,2.500082492828369,-8.402515411376953
1898,1.6893682479858398,-8.5502290725708
1899,2.023470401763916,-8.779989242553711
1900,2.248769521713257,-8.454379081726074
1901,1.8316190242767334,-9.542757034301758
1902,1.7442560195922852,-9.464791297912598
1903,1.9119086265563965,-8.275912284851074
1904,2.191357374191284,-7.512323379516602
1905,2.245042562484741,-8.184202194213867
1906,1.8300831317901611,-8.4194917678833
1907,2.084313154220581,-8.96562671661377
1908,2.1214919090270996,-8.992951393127441
1909,2.0071380138397217,-8.252723693847656
1910,2.010962963104248,-7.93630838394165
1911,2.07417631149292,-8.16392707824707
1912,1.7694330215454102,-9.521668434143066
1913,1.9870089292526245,-8.488590240478516
1914,2.5839145183563232,-8.017013549804688
1915,2.005277633666992,-8.772789001464844
1916,2.0663297176361084,-8.060352325439453
1917,1.919900894165039,-8.784917831420898
1918,1.9943195581436157,-8.265693664550781
1919,1.9171544313430786,-8.86142349243164
1920,2.0205039978027344,-8.265068054199219
1921,2.127473831176758,-8.102712631225586
1922,1.8539272546768188,-8.043150901794434
1923,1.9277856349945068,-7.828639507293701
1924,2.073789119720459,-7.951546669006348
1925,2.2917559146881104,-7.75969123840332
1926,2.3204212188720703,-8.797005653381348
1927,2.6414709091186523,-8.645407676696777
1928,2.1990647315979004,-8.35042667388916
1929,2.1016311645507812,-7.095533847808838
1930,1.992715835571289,-7.663625717163086
1931,2.217146396636963,-8.667957305908203
1932,2.230252504348755,-8.60961627960205
1933,1.8789660930633545,-8.86984920501709
1934,2.076653003692627,-7.106041431427002
1935,2.1422176361083984,-7.338499546051025
1936,2.1325535774230957,-8.810449600219727
1937,2.0514349937438965,-9.725322723388672
1938,2.212559700012207,-9.412066459655762
1939,2.150014877319336,-8.843381881713867
1940,2.1898512840270996,-7.887918472290039
1941,2.3216552734375,-7.303898811340332
1942,2.048384189605713,-7.955496788024902
1943,1.8738970756530762,-8.97912883758545
1944,1.9902048110961914,-8.640242576599121
1945,2.196692943572998,-8.746284484863281
1946,2.1175429821014404,-7.0607476234436035
1947,2.0263280868530273,-7.387694835662842
1948,2.281339645385742,-8.8016996383667
1949,2.4175467491149902,-10.17583179473877
1950,2.095087766647339,-9.720514297485352
1951,2.0713582038879395,-9.442305564880371
1952,2.2075390815734863,-8.733453750610352
1953,2.2792727947235107,-8.873360633850098
1954,2.534736156463623,-8.479360580444336
1955,1.9001938104629517,-8.620745658874512
1956,2.2474918365478516,-8.671895980834961
1957,1.9863512516021729,-8.421185493469238
1958,1.90069580078125,-8.193835258483887
1959,2.223426580429077,-8.64415168762207
1960,1.839100956916809,-8.505516052246094
1961,2.3632678985595703,-7.318787097930908
1962,2.3744983673095703,-6.9849162101745605
1963,1.993074655532837,-8.399410247802734
1964,1.8975024223327637,-10.007935523986816
1965,2.2333149909973145,-8.807097434997559
1966,2.2377893924713135,-7.312414169311523
1967,2.4248602390289307,-7.202476978302002
1968,2.118720054626465,-8.006439208984375
1969,2.448729991912842,-8.661791801452637
1970,2.081942081451416,-9.137847900390625
1971,2.451169490814209,-8.463190078735352
1972,2.161888360977173,-7.787395000457764
1973,1.9139691591262817,-8.447521209716797
1974,2.202545642852783,-8.841004371643066
1975,2.440101146697998,-8.386893272399902
1976,2.13714599609375,-9.394556045532227
1977,2.2599730491638184,-8.226412773132324
1978,2.0810980796813965,-7.649167537689209
1979,2.174525737762451,-8.37265682220459
1980,2.153270721435547,-7.065460681915283
1981,1.9564841985702515,-8.356736183166504
1982,2.344215154647827,-7.50480842590332
1983,2.2245588302612305,-7.214712142944336
1984,2.0616631507873535,-8.224353790283203
1985,2.3822522163391113,-7.858822822570801
1986,1.910352349281311,-8.043512344360352
1987,1.929443597793579,-8.459678649902344
1988,1.9203472137451172,-7.997177600860596
1989,1.8686503171920776,-8.621771812438965
1990,1.7434070110321045,-8.040848731994629
1991,2.025519371032715,-8.167040824890137
1992,2.183162212371826,-8.579458236694336
1993,2.162519693374634,-9.211814880371094
1994,2.239473342895508,-8.339568138122559
1995,2.2434945106506348,-8.250858306884766
1996,2.1843042373657227,-7.990124702453613
1997,1.7983132600784302,-9.004558563232422
1998,2.107649326324463,-8.559189796447754
1999,2.131415843963623,-9.083523750305176
2000,2.01578426361084,-7.563070297241211
2001,2.4171996116638184,-7.645256519317627
2002,2.1394734382629395,-8.18880558013916
2003,2.1318464279174805,-8.458087921142578
2004,2.1535134315490723,-8.885457038879395
2005,2.2054295539855957,-8.010974884033203
2006,1.9142900705337524,-7.917672157287598
2007,2.4118895530700684,-7.881181716918945
2008,2.028275966644287,-8.854228973388672
2009,2.2470169067382812,-7.972440242767334
2010,2.169766426086426,-7.7595648765563965
2011,1.7724311351776123,-7.642017364501953
2012,1.9545193910598755,-7.998383045196533
2013,2.1198601722717285,-8.427578926086426
2014,2.292062759399414,-8.562756538391113
2015,2.0350897312164307,-7.723919868469238
2016,2.118903875350952,-8.0678071975708
2017,2.1948256492614746,-8.015259742736816
2018,1.77344810962677,-8.295843124389648
2019,2.0444512367248535,-8.296771049499512
2020,1.8572490215301514,-8.07138442993164
2021,1.7598953247070312,-8.501386642456055
2022,2.178948163986206,-7.93647575378418
2023,2.0249319076538086,-8.059039115905762
2024,2.1577396392822266,-7.829290390014648
2025,2.1106691360473633,-7.812849044799805
2026,1.9459600448608398,-7.922598838806152
2027,2.244034767150879,-7.498190402984619
2028,2.1206955909729004,-8.251840591430664
2029,2.047929525375366,-8.308707237243652
2030,2.14717173576355,-8.1980619430542
2031,2.2798352241516113,-6.3486433029174805
2032,2.2378692626953125,-7.116280555725098
2033,2.255781650543213,-7.862136363983154
2034,2.0313658714294434,-9.360017776489258
2035,2.291774272918701,-9.253557205200195
2036,2.3631510734558105,-8.420187950134277
2037,2.5426738262176514,-7.3677825927734375
2038,2.2171616554260254,-7.682043075561523
2039,1.9747669696807861,-8.128071784973145
2040,2.3068766593933105,-8.095752716064453
2041,2.1312596797943115,-8.965035438537598
2042,2.4118738174438477,-8.802127838134766
2043,2.093278408050537,-8.175190925598145
2044,2.1319704055786133,-6.700334548950195
2045,2.30460262298584,-7.546075344085693
2046,2.0644989013671875,-7.805779933929443
2047,2.360482931137085,-7.904274940490723
2048,2.0832607746124268,-7.556051731109619
2049,2.2144768238067627,-7.764671802520752
2050,2.094085216522217,-7.924203872680664
2051,2.1879758834838867,-8.359993934631348
2052,3.047482490539551,-8.232630729675293
2053,2.0408546924591064,-7.640480995178223
2054,2.218515157699585,-7.73521614074707
2055,2.147052764892578,-7.190251350402832
2056,2.2142744064331055,-8.45814037322998
2057,2.3327431678771973,-7.592952728271484
2058,2.0789458751678467,-7.955382823944092
2059,2.2275214195251465,-7.337734222412109
2060,1.942831039428711,-7.409235000610352
2061,2.443511962890625,-7.206930160522461
2062,2.358447313308716,-8.15829849243164
2063,1.8065335750579834,-7.6013569831848145
2064,2.233041524887085,-7.853226184844971
2065,1.8459019660949707,-7.766939640045166
2066,2.3901352882385254,-6.525608539581299
2067,2.1769537925720215,-7.256842613220215
2068,2.1764092445373535,-7.701448440551758
2069,2.1750004291534424,-7.606800079345703
2070,2.0774805545806885,-8.0636568069458
2071,2.0963943004608154,-8.083200454711914
2072,2.006211042404175,-8.078489303588867
2073,1.9816198348999023,-7.798338413238525
2074,1.9829084873199463,-8.867242813110352
2075,2.1937732696533203,-8.502073287963867
2076,2.2745871543884277,-7.591866493225098
2077,2.0422415733337402,-7.423511505126953
2078,1.982109546661377,-7.5417866706848145
2079,2.001988410949707,-8.011682510375977
2080,1.947056531906128,-8.349618911743164
2081,2.305853843688965,-7.5629472732543945
2082,2.5275824069976807,-7.505549430847168
2083,2.1886987686157227,-7.268360614776611
2084,2.2435190677642822,-8.428688049316406
2085,2.0693860054016113,-9.05382251739502
2086,2.018415927886963,-8.411148071289062
2087,1.9584271907806396,-7.173200607299805
2088,2.003474473953247,-7.860193252563477
2089,1.9065027236938477,-7.99912166595459
2090,2.0251269340515137,-7.837043285369873
2091,2.0390615463256836,-7.8675761222839355
2092,1.9265058040618896,-8.66356086730957
2093,2.109480619430542,-8.088129997253418
2094,2.400742530822754,-7.448033332824707
2095,2.3202943801879883,-7.147283554077148
2096,2.0068116188049316,-7.6396164894104
2097,2.1063694953918457,-7.7186503410339355
2098,2.1566829681396484,-7.5756964683532715
2099,1.90938138961792,-7.865843296051025
2100,1.9939143657684326,-7.939283847808838
2101,1.8284590244293213,-6.759844779968262
2102,1.8751325607299805,-7.86119270324707
2103,2.1040892601013184,-7.723005771636963
2104,2.2768778800964355,-7.486745834350586
2105,1.865724802017212,-7.398566246032715
2106,2.194483518600464,-7.9045820236206055
2107,2.0238847732543945,-7.604023456573486
2108,2.1673245429992676,-6.682900428771973
2109,1.9962852001190186,-6.732483386993408
2110,1.8024479150772095,-8.110530853271484
2111,2.169628620147705,-7.576239109039307
2112,2.04209566116333,-7.750611782073975
2113,2.1072299480438232,-8.261849403381348
2114,1.8067336082458496,-8.58110523223877
2115,2.150702953338623,-8.080336570739746
2116,2.0463433265686035,-7.819587230682373
2117,2.0041027069091797,-6.8367791175842285
2118,1.8910303115844727,-8.054130554199219
2119,2.1638150215148926,-7.948888778686523
2120,2.1182472705841064,-7.875168323516846
2121,2.155545234680176,-6.993305206298828
2122,1.971876859664917,-7.055795669555664
2123,1.9060022830963135,-7.714815616607666
2124,2.2727651596069336,-8.639521598815918
2125,2.2949721813201904,-8.111215591430664
2126,1.9816079139709473,-7.980253219604492
2127,2.236401081085205,-7.888270378112793
2128,2.093535900115967,-7.79587459564209
2129,1.9635584354400635,-8.226649284362793
2130,2.320277214050293,-8.38585376739502
2131,2.4629640579223633,-7.221084117889404
2132,1.9822185039520264,-6.918986797332764
2133,2.2621004581451416,-7.382872104644775
2134,2.2330384254455566,-7.163061618804932
2135,2.262448787689209,-8.061092376708984
2136,1.9780137538909912,-6.633968353271484
2137,2.0601754188537598,-7.950281143188477
2138,1.891188144683838,-8.500377655029297
2139,2.0682199001312256,-8.639470100402832
2140,2.1691198348999023,-7.238785266876221
2141,1.9290755987167358,-7.048274517059326
2142,1.9476127624511719,-7.2869367599487305
2143,1.8520007133483887,-8.497299194335938
2144,1.8391698598861694,-8.876102447509766
2145,1.8666672706604004,-7.56942081451416
2146,1.8601834774017334,-7.6189374923706055
2147,2.5236082077026367,-6.563657283782959
2148,2.043931484222412,-8.905774116516113
2149,1.6672723293304443,-8.835962295532227
2150,2.2609057426452637,-8.4347562789917
2151,2.0366649627685547,-7.074685573577881
2152,2.0088753700256348,-7.147680282592773
2153,1.833235740661621,-7.387144088745117
2154,2.0869944095611572,-8.759305000305176
2155,1.974419355392456,-8.742988586425781
2156,1.8882312774658203,-8.380398750305176
2157,1.7832945585250854,-8.145380020141602
2158,1.8942277431488037,-7.355421543121338
2159,2.1993463039398193,-7.879621982574463
2160,2.1304502487182617,-8.696270942687988
2161,2.004573345184326,-8.8113374710083
2162,1.9808404445648193,-7.793707847595215
2163,2.191652774810791,-7.131058216094971
2164,2.00765061378479,-7.686511039733887
2165,2.3326048851013184,-8.496581077575684
2166,1.9715938568115234,-8.283360481262207
2167,2.3502273559570312,-7.4918622970581055
2168,1.7895718812942505,-8.302278518676758
2169,1.8933991193771362,-7.836792469024658
2170,2.2452244758605957,-7.986011981964111
2171,1.8402796983718872,-8.461599349975586
2172,1.9853830337524414,-8.514822006225586
2173,1.725891351699829,-8.172802925109863
2174,1.9626085758209229,-7.429101467132568
2175,2.303678035736084,-7.4411940574646
2176,1.5998318195343018,-8.182075500488281
2177,1.9992882013320923,-8.000628471374512
2178,2.2078309059143066,-6.633544445037842
2179,2.4114532470703125,-6.541981220245361
2180,2.0880792140960693,-7.689963340759277
2181,2.036581516265869,-7.582974433898926
2182,2.412202835083008,-7.606077194213867
2183,2.1416139602661133,-7.078980922698975
2184,1.9670543670654297,-7.601194381713867
2185,2.0702028274536133,-7.848735332489014
2186,2.1968860626220703,-7.64919900894165
2187,2.170673370361328,-6.944681167602539
2188,1.8197903633117676,-7.084290027618408
2189,2.1617562770843506,-8.046121597290039
2190,2.1338272094726562,-7.373737812042236
2191,2.255567789077759,-7.623068332672119
2192,2.1412951946258545,-7.188331127166748
2193,2.1222333908081055,-8.226400375366211
2194,2.2203893661499023,-8.10659408569336
2195,2.0283613204956055,-8.028820991516113
2196,1.9805538654327393,-8.109142303466797
2197,2.0561962127685547,-7.0601091384887695
2198,1.8414154052734375,-8.392778396606445
2199,1.7218672037124634,-7.746013164520264
2200,2.1450154781341553,-7.671460151672363
2201,2.016592264175415,-6.948486328125
2202,2.082794427871704,-7.843444347381592
2203,1.9306087493896484,-7.980076789855957
2204,2.3159708976745605,-7.848733901977539
2205,2.053752899169922,-8.197440147399902
2206,2.1787948608398438,-7.834067344665527
2207,2.2109038829803467,-7.412517547607422
2208,2.170426845550537,-6.991881847381592
2209,1.9045437574386597,-7.831808090209961
2210,2.0742201805114746,-7.560552597045898
2211,2.1491611003875732,-7.944632053375244
2212,2.235964059829712,-6.983877658843994
2213,2.2134060859680176,-7.43684196472168
2214,2.0956292152404785,-7.371501445770264
2215,1.830783486366272,-7.3841681480407715
2216,2.3678112030029297,-6.808370590209961
2217,2.1440253257751465,-7.578175067901611
2218,1.7548741102218628,-8.575336456298828
2219,2.462919235229492,-7.149221420288086
2220,2.0592050552368164,-6.683475971221924
2221,2.2582502365112305,-7.096306324005127
2222,1.7561676502227783,-7.563319206237793
2223,2.2825968265533447,-6.905884265899658
2224,2.224882125854492,-7.41546630859375
2225,1.8180961608886719,-7.5658440589904785
2226,2.0992555618286133,-7.300537109375
2227,1.9393728971481323,-8.236629486083984
2228,1.8811557292938232,-7.662736415863037
2229,1.9934414625167847,-8.415493965148926
2230,1.9703842401504517,-7.295578479766846
2231,1.6801929473876953,-6.808427333831787
2232,2.033370018005371,-7.735408306121826
2233,2.2969632148742676,-8.364470481872559
2234,2.33343768119812,-7.480471134185791
2235,2.050748348236084,-7.585507869720459
2236,2.0577197074890137,-7.308392524719238
2237,2.077566623687744,-7.892516613006592
2238,2.05924391746521,-8.376384735107422
2239,2.282557249069214,-7.871710300445557
2240,2.147526264190674,-7.523521900177002
2241,2.157893657684326,-7.3656325340271
2242,2.2070889472961426,-7.162502288818359
2243,1.8925707340240479,-7.7612104415893555
2244,2.1700406074523926,-8.215922355651855
2245,2.150318145751953,-7.800806045532227
2246,2.0439302921295166,-7.643462657928467
2247,1.9905798435211182,-6.9484357833862305
2248,2.1734304428100586,-7.789481163024902
2249,2.259106159210205,-7.067986011505127
2250,2.266049385070801,-7.189177989959717
2251,2.070634603500366,-7.511325836181641
2252,2.121079444885254,-7.151756763458252
2253,1.9420441389083862,-7.878542423248291
2254,2.1220693588256836,-7.602924823760986
2255,2.0372118949890137,-7.548452377319336
2256,2.163221597671509,-6.895245552062988
2257,2.3610892295837402,-7.390196323394775
2258,1.671600580215454,-8.458539962768555
2259,1.8071131706237793,-7.696380615234375
2260,2.089604616165161,-6.905597686767578
2261,1.8135862350463867,-7.714531898498535
2262,2.1887612342834473,-7.968581676483154
2263,2.241795063018799,-7.912955284118652
2264,1.790623426437378,-7.59868049621582
2265,1.732834815979004,-6.955427169799805
2266,1.9418882131576538,-7.453837871551514
2267,2.1022863388061523,-7.877136707305908
2268,1.8492369651794434,-7.977336406707764
2269,1.8450862169265747,-7.298409938812256
2270,2.0596561431884766,-6.76678466796875
2271,2.113783359527588,-7.317617416381836
2272,1.8486480712890625,-7.543607234954834
2273,2.2160539627075195,-8.045062065124512
2274,2.154357433319092,-7.9756927490234375
2275,1.8118696212768555,-7.086331367492676
2276,1.6878705024719238,-7.435981273651123
2277,1.9721479415893555,-7.332564830780029
2278,2.3321444988250732,-6.926827430725098
2279,1.781153678894043,-7.395737171173096
2280,1.6949217319488525,-7.323512077331543
2281,1.7175873517990112,-7.536520957946777
2282,1.810877799987793,-6.985430717468262
2283,1.7385153770446777,-7.931176662445068
2284,2.619621515274048,-8.152777671813965
2285,1.971381425857544,-7.733014106750488
2286,1.883345603942871,-7.474244594573975
2287,1.9527366161346436,-6.542301177978516
2288,1.7243698835372925,-6.936830520629883
2289,1.9338352680206299,-8.03783893585205
2290,2.197908401489258,-7.808737754821777
2291,1.9799901247024536,-6.953298568725586
2292,2.019406318664551,-7.635275363922119
2293,1.9976842403411865,-7.5383076667785645
2294,2.0723743438720703,-6.942573070526123
2295,1.944652795791626,-7.125247955322266
2296,1.9206020832061768,-7.465487003326416
2297,1.8327113389968872,-7.6285400390625
2298,1.9161827564239502,-7.880555629730225
2299,1.6228058338165283,-8.287946701049805
2300,1.9617724418640137,-7.690708637237549
2301,2.146627902984619,-6.73042106628418
2302,2.086961269378662,-7.346775054931641
2303,2.0067946910858154,-8.208223342895508
2304,2.0037856101989746,-8.372692108154297
2305,2.401859760284424,-7.107874870300293
2306,1.9275623559951782,-6.213965892791748
2307,2.1100547313690186,-7.2373833656311035
2308,1.6597472429275513,-7.661067008972168
2309,2.1611475944519043,-7.40164852142334
2310,1.6800143718719482,-7.804452896118164
2311,1.9219025373458862,-7.079980373382568
2312,1.7159582376480103,-7.833437442779541
2313,1.9288394451141357,-7.007401943206787
2314,2.0120010375976562,-8.166851043701172
2315,1.8669040203094482,-7.483863353729248
2316,1.3894317150115967,-8.029861450195312
2317,1.905173659324646,-7.326289653778076
2318,1.8272480964660645,-7.1734209060668945
2319,2.0758094787597656,-6.6765971183776855
2320,1.742630958557129,-7.034672737121582
2321,1.9822965860366821,-6.345253944396973
2322,2.188114643096924,-6.9199676513671875
2323,1.8036346435546875,-8.27821159362793
2324,1.7570197582244873,-7.787108898162842
2325,1.9830853939056396,-6.430484771728516
2326,1.758414626121521,-6.729204177856445
2327,2.7731263637542725,-7.0430426597595215
2328,1.3583489656448364,-7.793097972869873
2329,1.681297779083252,-7.2413554191589355
2330,1.751045823097229,-7.211245059967041
2331,1.9692566394805908,-6.278956890106201
2332,1.556997537612915,-7.091951847076416
2333,1.881777286529541,-7.7883429527282715
2334,2.321040630340576,-7.1133928298950195
2335,1.722503423690796,-6.872621059417725
2336,1.29974365234375,-7.544320106506348
2337,2.031074047088623,-7.654367446899414
2338,1.641742467880249,-8.465019226074219
2339,1.5871987342834473,-8.520674705505371
2340,1.7939479351043701,-6.538270473480225
2341,1.9261603355407715,-6.349000453948975
2342,1.8646810054779053,-7.786342620849609
2343,1.3339091539382935,-8.013553619384766
2344,2.350152015686035,-8.095394134521484
2345,1.8684844970703125,-7.639423847198486
2346,1.6749980449676514,-7.775334358215332
2347,1.9712239503860474,-7.452028274536133
2348,1.7007758617401123,-8.355597496032715
2349,1.9089356660842896,-8.321844100952148
2350,1.664562463760376,-7.8940606117248535
2351,1.8996338844299316,-6.780050277709961
2352,1.4818344116210938,-7.461009502410889
2353,1.5682989358901978,-8.294609069824219
2354,1.7710554599761963,-7.9095048904418945
2355,1.648202657699585,-8.062792778015137
2356,1.755706548690796,-7.418938159942627
2357,1.7167069911956787,-7.33056640625
2358,1.8210577964782715,-6.6489577293396
2359,1.8783438205718994,-7.750741481781006
2360,1.8992455005645752,-7.966869354248047
2361,1.4605997800827026,-7.947055816650391
2362,1.588526725769043,-6.693470478057861
2363,2.1023714542388916,-7.0345845222473145
2364,1.6091158390045166,-8.11042594909668
2365,1.6274597644805908,-7.35811710357666
2366,1.6733450889587402,-7.26492166519165
2367,1.8156147003173828,-7.267439365386963
2368,2.0022356510162354,-6.664633750915527
2369,1.6159292459487915,-8.250256538391113
2370,2.1413192749023438,-8.096061706542969
2371,2.1001057624816895,-7.871789932250977
2372,1.7388160228729248,-7.30741024017334
2373,1.7999002933502197,-6.966015815734863
2374,1.7272735834121704,-7.030836582183838
2375,1.9875355958938599,-7.53653621673584
2376,1.8269286155700684,-7.563487529754639
2377,1.8483678102493286,-8.117475509643555
2378,2.0099925994873047,-7.165377616882324
2379,1.5205044746398926,-7.079075336456299
2380,2.067176103591919,-6.925239086151123
2381,1.7242369651794434,-6.819119453430176
2382,1.8096323013305664,-7.292940139770508
2383,1.6751611232757568,-7.8015007972717285
2384,1.9725651741027832,-7.388604640960693
2385,1.8685975074768066,-7.351208686828613
2386,2.1452298164367676,-7.4781694412231445
2387,1.8005685806274414,-7.797317981719971
2388,1.9799296855926514,-7.4739274978637695
2389,1.986901044845581,-6.829939365386963
2390,1.7168161869049072,-6.9551801681518555
2391,1.9227436780929565,-7.235528945922852
2392,2.0397791862487793,-7.161497116088867
2393,1.8780713081359863,-6.911411762237549
2394,1.7815749645233154,-6.905228137969971
2395,1.6684901714324951,-8.110777854919434
2396,1.6242015361785889,-7.2433061599731445
2397,1.8833098411560059,-7.367836952209473
2398,1.695007085800171,-7.49793815612793
2399,1.9190815687179565,-7.405213832855225
2400,1.8350900411605835,-7.140263080596924
2401,1.985813021659851,-6.949998378753662
2402,1.7873821258544922,-8.196850776672363
2403,2.0455703735351562,-7.942652702331543
2404,2.187623977661133,-6.842466831207275
2405,2.221334934234619,-6.647268772125244
2406,1.8907520771026611,-7.894632339477539
2407,1.9628595113754272,-7.9624176025390625
2408,2.1770687103271484,-7.442583084106445
2409,1.978991985321045,-6.385785102844238
2410,2.1003708839416504,-5.971062183380127
2411,2.0682172775268555,-7.214333534240723
2412,1.7848337888717651,-7.260380744934082
2413,1.9884023666381836,-7.784997940063477
2414,2.2227370738983154,-7.661440372467041
2415,1.8275511264801025,-6.643388271331787
2416,2.085890531539917,-6.576136589050293
2417,2.0445642471313477,-7.413253307342529
2418,1.8598575592041016,-8.387983322143555
2419,1.8375320434570312,-7.405640125274658
2420,2.0188546180725098,-6.272385120391846
2421,1.9078952074050903,-6.789185047149658
2422,1.9872000217437744,-7.627520561218262
2423,1.8581442832946777,-8.063684463500977
2424,1.9977226257324219,-7.580446243286133
2425,1.8129150867462158,-7.000270843505859
2426,1.9136486053466797,-6.339747428894043
2427,2.0610127449035645,-6.838578701019287
2428,1.9795392751693726,-8.30450439453125
2429,2.1768834590911865,-7.806913375854492
2430,1.850557565689087,-6.863758563995361
2431,1.9969391822814941,-7.266197681427002
2432,1.7465698719024658,-7.4551215171813965
2433,1.9890086650848389,-7.489885330200195
2434,1.8106458187103271,-7.5554022789001465
2435,1.8399016857147217,-7.302166938781738
2436,2.6012978553771973,-6.830873966217041
2437,2.031184673309326,-6.606387138366699
2438,2.0983591079711914,-8.073553085327148
2439,2.1507277488708496,-7.558108329772949
2440,2.0858314037323,-7.440547943115234
2441,2.0222373008728027,-7.014120101928711
2442,1.8095035552978516,-7.1239471435546875
2443,2.103529453277588,-7.7725911140441895
2444,1.9369807243347168,-7.647184371948242
2445,2.338040351867676,-7.04533576965332
2446,2.005635976791382,-6.872885227203369
2447,2.0083491802215576,-6.409125328063965
2448,2.1861672401428223,-6.668736457824707
2449,1.7801554203033447,-7.489181041717529
2450,2.056579113006592,-7.406559467315674
2451,1.6995360851287842,-7.154645919799805
2452,2.168978214263916,-7.1020073890686035
2453,1.7916877269744873,-7.560638904571533
2454,1.8908320665359497,-7.332075119018555
2455,1.8425244092941284,-7.537309169769287
2456,1.8586345911026,-7.383108139038086
2457,2.1584413051605225,-7.70594596862793
2458,1.9767980575561523,-7.340435028076172
2459,2.024196147918701,-7.415095806121826
2460,2.169178009033203,-7.040909290313721
2461,1.797136664390564,-7.185409069061279
2462,1.9572293758392334,-7.6166911125183105
2463,2.1001546382904053,-6.667425155639648
2464,1.896156907081604,-5.8516459465026855
2465,2.3720498085021973,-6.799099922180176
2466,1.9675536155700684,-7.527322769165039
2467,2.3446600437164307,-7.665189266204834
2468,2.083505153656006,-6.583751678466797
2469,2.2763726711273193,-6.430535793304443
2470,1.855005145072937,-7.394888877868652
2471,2.0735158920288086,-7.670736312866211
2472,1.976988673210144,-7.410541534423828
2473,2.746609687805176,-7.238523006439209
2474,2.046293258666992,-5.909945011138916
2475,2.22219181060791,-6.638795375823975
2476,2.027756690979004,-6.4311137199401855
2477,1.7987642288208008,-7.453596115112305
2478,1.9831010103225708,-6.438547134399414
2479,2.0492005348205566,-6.333731174468994
2480,2.1081933975219727,-6.859375
2481,1.910684585571289,-6.943655490875244
2482,2.0197696685791016,-7.7068562507629395
2483,1.84611177444458,-7.021466255187988
2484,2.0200366973876953,-6.926726818084717
2485,2.0067732334136963,-7.285360336303711
2486,2.0381174087524414,-6.004949569702148
2487,1.7741563320159912,-7.535275936126709
2488,2.0080513954162598,-6.71341609954834
2489,1.8711462020874023,-6.56370735168457
2490,2.612687349319458,-7.009494781494141
2491,1.7539291381835938,-6.637863636016846
2492,1.8625469207763672,-7.21617317199707
2493,1.913699984550476,-6.277716159820557
2494,1.8494322299957275,-7.319602012634277
2495,1.6752601861953735,-7.071389675140381
2496,1.7412010431289673,-7.622061729431152
2497,2.204455852508545,-8.009361267089844
2498,1.852013111114502,-8.655404090881348
2499,2.687899589538574,-6.697347640991211
2500,1.7485790252685547,-5.584496021270752
2501,1.9355545043945312,-5.503507614135742
2502,2.066206216812134,-7.136724948883057
2503,1.857316017150879,-7.38180685043335
2504,2.017690896987915,-8.17260456085205
2505,2.1372408866882324,-7.250881195068359
2506,1.924243688583374,-6.5935163497924805
2507,1.8303251266479492,-6.321709632873535
2508,1.8098695278167725,-7.3515214920043945
2509,1.6879150867462158,-7.474637031555176
2510,1.9201116561889648,-8.381404876708984
2511,2.3288302421569824,-7.598036289215088
2512,1.9550175666809082,-6.598840236663818
2513,2.143719434738159,-7.617671012878418
2514,2.2679529190063477,-7.78925895690918
2515,2.3149685859680176,-8.336544036865234
2516,1.7787888050079346,-8.608253479003906
2517,2.7106142044067383,-6.639665603637695
2518,2.362680435180664,-5.395900726318359
2519,2.6659841537475586,-6.525296688079834
2520,2.0578784942626953,-8.29466438293457
2521,2.4368972778320312,-8.10489559173584
2522,1.970550775527954,-6.806960582733154
2523,2.077775478363037,-6.183075428009033
2524,2.2730765342712402,-6.103531360626221
2525,2.225977659225464,-7.165387153625488
2526,1.7232749462127686,-8.09817123413086
2527,1.9178986549377441,-8.97195816040039
2528,2.1265039443969727,-7.517772197723389
2529,2.128390312194824,-6.475341320037842
2530,2.0639514923095703,-5.537032604217529
2531,1.9363527297973633,-6.2162699699401855
2532,2.627236843109131,-6.061021327972412
2533,1.8798425197601318,-8.009881973266602
2534,2.183673143386841,-8.163725852966309
2535,2.3379600048065186,-6.5442214012146
2536,1.8889226913452148,-5.845139026641846
2537,2.0208661556243896,-5.9403977394104
2538,2.2408437728881836,-5.849602222442627
2539,2.20914626121521,-7.0114288330078125
2540,1.9435985088348389,-7.640924453735352
2541,2.109743595123291,-8.201430320739746
2542,2.291571617126465,-7.236060619354248
2543,1.8556632995605469,-6.022943019866943
2544,2.2465500831604004,-6.23265266418457
2545,2.1585233211517334,-7.712460517883301
2546,2.1717519760131836,-8.327932357788086
2547,2.2490248680114746,-7.987130165100098
2548,2.1565074920654297,-6.607323169708252
2549,1.8011971712112427,-6.4390549659729
2550,1.9784936904907227,-6.694625377655029
2551,1.9683871269226074,-7.025333404541016
2552,2.190176486968994,-7.279179573059082
2553,1.8612490892410278,-8.087761878967285
2554,2.313840866088867,-7.403457164764404
2555,1.7185207605361938,-6.916699409484863
2556,1.8875579833984375,-6.917529106140137
2557,1.9226093292236328,-6.580032825469971
2558,2.07427716255188,-7.066030979156494
2559,2.139418601989746,-7.543391704559326
2560,1.8719937801361084,-7.496860980987549
2561,1.9993327856063843,-7.19460916519165
2562,1.755708932876587,-6.323488235473633
2563,1.9010250568389893,-5.8640947341918945
2564,2.240473747253418,-7.320202827453613
2565,1.9812695980072021,-7.922537326812744
2566,1.9723495244979858,-7.011934280395508
2567,2.648369789123535,-5.66661262512207
2568,2.2488276958465576,-6.647899627685547
2569,2.058711051940918,-7.0397629737854
2570,2.050723075866699,-7.5068182945251465
2571,1.8609284162521362,-7.598219394683838
2572,2.1374800205230713,-7.83168888092041
2573,2.2250356674194336,-6.776973247528076
2574,1.5874968767166138,-7.642080783843994
2575,1.984006643295288,-6.8866286277771
2576,1.9146960973739624,-7.317618370056152
2577,1.9606831073760986,-7.508305549621582
2578,2.170258045196533,-8.036770820617676
2579,1.7992624044418335,-7.3718647956848145
2580,2.1319808959960938,-6.731820583343506
2581,1.8877846002578735,-6.085576057434082
2582,2.1678786277770996,-6.11868143081665
2583,2.100404977798462,-6.768901824951172
2584,2.572721242904663,-7.107618808746338
2585,1.963653802871704,-7.871406078338623
2586,2.0668487548828125,-7.125833511352539
2587,2.1083412170410156,-6.3518242835998535
2588,1.9249887466430664,-6.902161121368408
2589,1.889723777770996,-7.106487274169922
2590,1.9484672546386719,-6.579492092132568
2591,2.056013584136963,-7.18234395980835
2592,2.4491796493530273,-6.3472700119018555
2593,1.7629517316818237,-7.0269775390625
2594,2.4353694915771484,-6.310355186462402
2595,2.0781772136688232,-7.0582098960876465
2596,2.4338157176971436,-6.774615287780762
2597,2.0146896839141846,-6.080452919006348
2598,1.6928555965423584,-6.148946762084961
2599,2.012665271759033,-6.605950832366943
2600,2.0255038738250732,-7.278993606567383
2601,2.0967135429382324,-6.768655300140381
2602,1.8396687507629395,-7.177599906921387
2603,1.9808976650238037,-6.866290092468262
2604,2.203232765197754,-6.612452507019043
2605,1.8041191101074219,-6.432732105255127
2606,2.043657064437866,-7.089205741882324
2607,1.967207670211792,-7.39404296875
2608,1.8768104314804077,-6.551252365112305
2609,1.8383240699768066,-7.037102222442627
2610,2.1262383460998535,-6.263364315032959
2611,2.0171432495117188,-7.011849880218506
2612,2.2056241035461426,-7.730059623718262
2613,1.915846824645996,-8.329429626464844
2614,2.031022071838379,-6.904575824737549
2615,1.9962526559829712,-6.508075714111328
2616,2.3037853240966797,-5.254761219024658
2617,2.547243118286133,-6.245400905609131
2618,2.1009044647216797,-6.8414716720581055
2619,1.9182255268096924,-7.790924072265625
2620,2.4609732627868652,-7.1381402015686035
2621,2.1692283153533936,-5.901292324066162
2622,2.101135492324829,-6.131602764129639
2623,2.552232265472412,-4.321917533874512
2624,2.821650505065918,-7.410930156707764
2625,2.115432024002075,-7.795677661895752
2626,2.7063632011413574,-7.250408172607422
2627,1.8376140594482422,-7.34190559387207
2628,2.328871011734009,-6.2838850021362305
2629,2.0383222103118896,-6.769136428833008
2630,2.007791519165039,-6.503369331359863
2631,2.216830253601074,-7.027945041656494
2632,2.4485535621643066,-6.463667392730713
2633,1.9794236421585083,-6.974799633026123
2634,2.4704833030700684,-7.504315376281738
2635,1.8991985321044922,-7.543389797210693
2636,2.4425015449523926,-7.400777816772461
2637,1.984039545059204,-6.527539253234863
2638,1.912062168121338,-7.144237518310547
2639,2.1224679946899414,-6.746540546417236
2640,2.549297332763672,-6.444924831390381
2641,2.3509409427642822,-6.519143581390381
2642,2.354085922241211,-5.957704544067383
2643,2.199796199798584,-6.710354804992676
2644,2.2066593170166016,-6.953166961669922
2645,1.9901882410049438,-6.648651123046875
2646,1.995039939880371,-7.7318949699401855
2647,2.2026314735412598,-6.652888298034668
2648,2.2293949127197266,-7.806241989135742
2649,2.195220947265625,-6.909497261047363
2650,2.5228397846221924,-5.797118663787842
2651,2.004077434539795,-5.829458236694336
2652,2.4435677528381348,-5.823990345001221
2653,3.133716344833374,-7.357831001281738
2654,1.949745535850525,-7.025148868560791
2655,2.2716593742370605,-6.451165676116943
2656,4.030029296875,-6.179079532623291
2657,2.161757707595825,-5.88175106048584
2658,2.5458791255950928,-6.265214443206787
2659,1.9668636322021484,-7.197004318237305
2660,2.1603493690490723,-7.285283088684082
2661,2.2122480869293213,-7.627851963043213
2662,2.074370861053467,-7.0814924240112305
2663,2.9168968200683594,-6.050325393676758
2664,2.550658702850342,-6.992684364318848
2665,1.9600129127502441,-7.646268367767334
2666,2.288334369659424,-7.013139247894287
2667,2.424708604812622,-7.545048713684082
2668,2.360734701156616,-6.943995475769043
2669,2.1440725326538086,-7.638033390045166
2670,2.4357686042785645,-6.657537460327148
2671,2.6002135276794434,-6.362712383270264
2672,2.2979893684387207,-6.784206390380859
2673,2.5051932334899902,-7.688760280609131
2674,2.2883031368255615,-6.416795253753662
2675,2.4731931686401367,-6.683253288269043
2676,2.582268714904785,-6.314336776733398
2677,2.138184070587158,-7.5494232177734375
2678,1.9241276979446411,-7.910858154296875
2679,2.4339044094085693,-8.0958251953125
2680,2.24542498588562,-7.343266487121582
2681,2.7102675437927246,-6.2712483406066895
2682,2.6828174591064453,-6.790105819702148
2683,2.049182176589966,-6.118565082550049
2684,3.2861154079437256,-6.939760208129883
2685,1.9455695152282715,-7.5412421226501465
2686,2.378298044204712,-7.388194561004639
2687,2.1415109634399414,-6.80274772644043
2688,2.1283717155456543,-7.098489284515381
2689,2.0914034843444824,-6.608457088470459
2690,3.736787796020508,-7.730157375335693
2691,2.545109748840332,-7.059334754943848
2692,2.327570915222168,-7.21235466003418
2693,2.0094685554504395,-6.627808094024658
2694,2.306894302368164,-5.976001739501953
2695,2.30018949508667,-6.701864242553711
2696,2.1312026977539062,-5.898430347442627
2697,2.1819567680358887,-7.226737022399902
2698,1.8953564167022705,-6.677644729614258
2699,2.4497435092926025,-7.130543231964111
2700,2.0452630519866943,-7.268640518188477
2701,2.146129608154297,-6.278985977172852
2702,2.37636137008667,-6.6024909019470215
2703,2.067002296447754,-6.558569431304932
2704,1.9664373397827148,-6.611934661865234
2705,2.1168062686920166,-6.667979717254639
2706,3.204167366027832,-6.502084732055664
2707,2.7435951232910156,-7.410771369934082
2708,2.0282771587371826,-6.939304351806641
2709,3.0135459899902344,-6.536503791809082
2710,2.0379281044006348,-6.345953941345215
2711,2.9906058311462402,-6.6988091468811035
2712,2.1759533882141113,-6.899239540100098
2713,4.24692440032959,-7.390521049499512
2714,2.5099568367004395,-7.210232734680176
2715,3.3258743286132812,-7.770038604736328
2716,2.099717140197754,-7.120626449584961
2717,2.722552537918091,-6.3164873123168945
2718,2.2723793983459473,-6.677422046661377
2719,1.8806917667388916,-7.897585391998291
2720,2.305438995361328,-7.466946601867676
2721,3.226266384124756,-7.4842963218688965
2722,3.567509174346924,-5.93325138092041
2723,1.7789418697357178,-6.046269416809082
2724,2.1952505111694336,-7.336610317230225
2725,2.394737720489502,-7.059227466583252
2726,2.380985975265503,-7.376176357269287
2727,3.678623676300049,-7.321695327758789
2728,2.567343235015869,-5.935409069061279
2729,2.8291397094726562,-6.441076755523682
2730,2.232436180114746,-6.751002311706543
2731,3.1079163551330566,-6.662362098693848
2732,3.2911720275878906,-7.067296981811523
2733,2.5057568550109863,-6.649934768676758
2734,3.0499281883239746,-7.556985855102539
2735,2.4205470085144043,-6.697330474853516
2736,2.322333812713623,-5.706658840179443
2737,2.0099456310272217,-6.394812107086182
2738,3.0228054523468018,-6.104398727416992
2739,2.1512255668640137,-6.7080488204956055
2740,2.6915907859802246,-8.323407173156738
2741,1.964268445968628,-8.093786239624023
2742,2.195582866668701,-7.524567127227783
2743,2.1872334480285645,-6.449767589569092
2744,2.3411662578582764,-6.418399810791016
2745,2.450991630554199,-6.658214569091797
2746,2.476867914199829,-7.498774528503418
2747,2.6505472660064697,-8.569622993469238
2748,2.436770439147949,-8.631085395812988
2749,2.293302536010742,-7.0802836418151855
2750,3.244142532348633,-5.982785224914551
2751,2.612027168273926,-5.771935939788818
2752,6.082135200500488,-6.520380020141602
2753,3.476445198059082,-8.94390869140625
2754,3.134401798248291,-9.773649215698242
2755,3.4523463249206543,-8.93777084350586
2756,3.6081037521362305,-7.654311656951904
2757,2.7221271991729736,-6.575217247009277
2758,2.378269672393799,-5.838710308074951
2759,3.9017601013183594,-5.208044052124023
2760,3.650707244873047,-5.8493266105651855
2761,2.7086758613586426,-7.586541652679443
2762,2.271770715713501,-8.055948257446289
2763,2.3172836303710938,-7.9832611083984375
2764,2.610208511352539,-6.689196586608887
2765,2.8592429161071777,-6.085030555725098
2766,2.970643997192383,-5.925976753234863
2767,2.366546154022217,-6.718565464019775
2768,3.0423669815063477,-7.318084716796875
2769,2.2377185821533203,-7.536252498626709
2770,2.360111713409424,-7.052670478820801
2771,2.4006869792938232,-7.076233386993408
2772,2.7671186923980713,-7.307758331298828
2773,2.579380989074707,-7.061429500579834
2774,2.3145580291748047,-6.404269218444824
2775,2.1711201667785645,-7.217037200927734
2776,2.283956289291382,-6.986193656921387
2777,3.0897727012634277,-6.632688522338867
2778,2.8419971466064453,-7.2162322998046875
2779,2.315361499786377,-6.997412204742432
2780,2.527599811553955,-6.8354082107543945
2781,2.503533363342285,-6.73175048828125
2782,2.0936036109924316,-6.250786304473877
2783,2.0753304958343506,-6.785406589508057
2784,2.552004098892212,-7.230323314666748
2785,2.357351541519165,-7.032405853271484
2786,2.8669447898864746,-6.332650661468506
2787,2.3928732872009277,-6.462404727935791
2788,2.4771409034729004,-6.170645236968994
2789,2.1896822452545166,-6.403244495391846
2790,1.9158685207366943,-6.7331862449646
2791,2.6265504360198975,-7.014495372772217
2792,2.174846649169922,-6.993043899536133
2793,2.8956856727600098,-6.0136213302612305
2794,2.4723501205444336,-6.2908148765563965
2795,2.474348545074463,-6.327139854431152
2796,1.8759938478469849,-6.685101509094238
2797,2.1324892044067383,-7.3290696144104
2798,2.0543887615203857,-6.456483840942383
2799,2.2481894493103027,-6.448919773101807
2800,2.229917287826538,-6.332403659820557
2801,2.1447958946228027,-6.7281646728515625
2802,1.8982007503509521,-6.814629077911377
2803,2.6734964847564697,-6.767104625701904
2804,2.4259419441223145,-7.277526378631592
2805,1.8487052917480469,-6.265903472900391
2806,2.2025375366210938,-6.486294746398926
2807,2.096160411834717,-6.9344353675842285
2808,2.485220432281494,-7.114358901977539
2809,2.7285666465759277,-6.8304548263549805
2810,2.4564223289489746,-7.4126152992248535
2811,2.2101757526397705,-6.7925238609313965
2812,2.436082124710083,-6.346078872680664
2813,2.4772326946258545,-6.770269393920898
2814,3.474276065826416,-6.951202869415283
2815,2.7196006774902344,-6.937016010284424
2816,2.195521354675293,-6.770456314086914
2817,2.3683531284332275,-5.715850830078125
2818,2.6818883419036865,-6.572345733642578
2819,2.2467398643493652,-6.814328670501709
2820,2.24661922454834,-6.534219264984131
2821,2.965770959854126,-5.9911041259765625
2822,2.328864097595215,-5.726740837097168
2823,2.529109239578247,-5.890995025634766
2824,2.432746648788452,-6.841404438018799
2825,2.3602726459503174,-6.232527256011963
2826,2.549818992614746,-6.807516574859619
2827,2.2714622020721436,-6.577432632446289
2828,2.3884778022766113,-6.78729248046875
2829,2.1272995471954346,-6.16653299331665
2830,2.8853373527526855,-6.306211948394775
2831,2.1985466480255127,-6.655887603759766
2832,2.3353843688964844,-7.547598838806152
2833,2.1730499267578125,-7.0833563804626465
2834,2.6210036277770996,-6.3430867195129395
2835,2.4176039695739746,-6.134955406188965
2836,2.1165435314178467,-7.952523231506348
2837,2.440699338912964,-6.884868621826172
2838,2.659127712249756,-6.8329033851623535
2839,2.6325881481170654,-6.085822105407715
2840,3.084031581878662,-6.3470778465271
2841,2.945960283279419,-6.626128673553467
2842,2.5503087043762207,-6.429718017578125
2843,2.512024164199829,-7.3225998878479
2844,2.426661968231201,-8.083683967590332
2845,2.1703009605407715,-6.2935309410095215
2846,2.5504889488220215,-5.118659973144531
2847,2.2495102882385254,-5.845973491668701
2848,2.5331928730010986,-6.111598491668701
2849,2.6206607818603516,-7.063884258270264
2850,2.45538067817688,-6.623626708984375
2851,2.419074535369873,-6.489398002624512
2852,2.012781858444214,-6.305349826812744
2853,2.4913930892944336,-5.526395797729492
2854,2.072533369064331,-6.0237274169921875
2855,2.521512746810913,-6.340904712677002
2856,2.0905847549438477,-7.149768829345703
2857,2.0532963275909424,-6.867666721343994
2858,2.3216075897216797,-5.533379077911377
2859,1.923181176185608,-6.4870285987854
2860,3.1038360595703125,-6.750335693359375
2861,2.626887798309326,-6.288399696350098
2862,2.625399589538574,-6.4358344078063965
2863,2.2282114028930664,-5.927148342132568
2864,2.6877236366271973,-6.273047924041748
2865,2.6261510848999023,-6.092483043670654
2866,2.097362995147705,-6.089210033416748
2867,2.166077136993408,-6.7307448387146
2868,2.683283567428589,-6.726695537567139
2869,2.2094385623931885,-6.128068447113037
2870,2.115140438079834,-6.213994026184082
2871,2.288813591003418,-6.502753257751465
2872,2.3161263465881348,-6.747677803039551
2873,2.956834316253662,-6.899960517883301
2874,2.2886641025543213,-6.637657642364502
2875,2.4674625396728516,-6.012706279754639
2876,2.3684074878692627,-5.93332576751709
2877,2.382478952407837,-6.477917671203613
2878,2.2431674003601074,-6.543398857116699
2879,2.328341484069824,-5.993035316467285
2880,2.3222784996032715,-5.444266319274902
2881,2.2221269607543945,-6.199636459350586
2882,2.3202919960021973,-5.962474822998047
2883,3.0952277183532715,-6.356557846069336
2884,2.385448694229126,-6.357034206390381
2885,2.5104455947875977,-6.187368392944336
2886,2.184638023376465,-5.670848846435547
2887,2.044477939605713,-6.607446670532227
2888,2.6043052673339844,-6.6218791007995605
2889,2.1635470390319824,-6.795878887176514
2890,2.6041955947875977,-6.5473103523254395
2891,2.1837806701660156,-7.038206577301025
2892,2.4070143699645996,-6.533442497253418
2893,2.099935293197632,-6.193647861480713
2894,2.4678425788879395,-6.691461086273193
2895,3.24314022064209,-6.888700008392334
2896,2.3557543754577637,-6.399433612823486
2897,2.879720687866211,-6.282774448394775
2898,2.7799196243286133,-6.480470657348633
2899,3.3175363540649414,-5.6863179206848145
2900,2.070993185043335,-6.660931587219238
2901,2.774956703186035,-6.2840895652771
2902,2.3543829917907715,-5.9978203773498535
2903,1.9699804782867432,-6.519537448883057
2904,2.104623317718506,-6.011941909790039
2905,2.074634313583374,-6.443098545074463
2906,2.2599525451660156,-6.2469305992126465
2907,2.4088969230651855,-6.445765495300293
2908,2.6176018714904785,-6.283545017242432
2909,2.389043092727661,-7.024614334106445
2910,2.3710837364196777,-6.007241249084473
2911,2.5993170738220215,-5.3607258796691895
2912,2.340345621109009,-6.388339996337891
2913,2.3402180671691895,-6.290878772735596
2914,2.3922314643859863,-6.591537952423096
2915,2.514094352722168,-7.0069732666015625
2916,2.3237526416778564,-5.942666053771973
2917,2.2374393939971924,-6.330078601837158
2918,2.7337095737457275,-6.212741851806641
2919,2.1575071811676025,-6.789422988891602
2920,2.4178786277770996,-6.977643013000488
2921,2.2218146324157715,-6.335940361022949
2922,2.2977404594421387,-4.86103630065918
2923,2.439631462097168,-5.68388557434082
2924,2.547873020172119,-6.36187744140625
2925,2.358578681945801,-6.317707538604736
2926,2.639118194580078,-6.681773662567139
2927,2.268622398376465,-5.538179874420166
2928,2.2073841094970703,-6.21336555480957
2929,2.3202056884765625,-5.886054515838623
2930,2.8708603382110596,-6.0049262046813965
2931,2.013057231903076,-6.488085746765137
2932,2.3591668605804443,-6.253605365753174
2933,1.8709534406661987,-6.015498161315918
2934,2.417654037475586,-6.346899509429932
2935,2.9315271377563477,-6.059838771820068
2936,2.258155584335327,-4.914312362670898
2937,2.741363525390625,-5.410048961639404
2938,2.132643222808838,-6.706656455993652
2939,2.1889429092407227,-7.447945594787598
2940,2.3148443698883057,-6.485593795776367
2941,2.688053607940674,-6.199782848358154
2942,2.2965612411499023,-6.298630237579346
2943,2.446528911590576,-5.515292167663574
2944,2.3150973320007324,-5.642458438873291
2945,2.3464252948760986,-5.724664688110352
2946,2.103074550628662,-6.389255523681641
2947,2.790893077850342,-6.744976997375488
2948,2.384652853012085,-5.995020866394043
2949,2.4827523231506348,-6.080631732940674
2950,2.2931742668151855,-6.031355381011963
2951,2.4848945140838623,-5.205420017242432
2952,2.816822052001953,-6.111361026763916
2953,2.470635414123535,-6.799133777618408
2954,2.944093704223633,-6.1505937576293945
2955,2.3214476108551025,-5.422112464904785
2956,2.4375274181365967,-4.990469932556152
2957,2.1830649375915527,-5.56387996673584
2958,2.3761582374572754,-5.92988395690918
2959,2.417293071746826,-7.2393717765808105
2960,2.5562188625335693,-6.8811845779418945
2961,2.200509548187256,-5.513944149017334
2962,2.5414044857025146,-5.658918857574463
2963,2.2865285873413086,-5.210240364074707
2964,2.7088875770568848,-5.924458026885986
2965,2.263526678085327,-6.639001846313477
2966,2.4969000816345215,-6.815586566925049
2967,2.551703691482544,-6.157651424407959
2968,2.633744239807129,-4.754651069641113
2969,2.6791276931762695,-5.155726909637451
2970,2.745150089263916,-5.939069747924805
2971,2.437138557434082,-6.65798282623291
2972,2.8227615356445312,-6.1266770362854
2973,2.306529998779297,-5.948720932006836
2974,2.235386610031128,-5.059381484985352
2975,2.3880820274353027,-5.457879543304443
2976,2.6093664169311523,-5.432457447052002
2977,2.1005563735961914,-6.0852508544921875
2978,2.553987503051758,-6.162023544311523
2979,2.4303529262542725,-6.465685844421387
2980,1.974518060684204,-5.900225639343262
2981,2.5495858192443848,-6.063024997711182
2982,3.1066927909851074,-5.262125015258789
2983,2.4257569313049316,-5.969323635101318
2984,2.2459850311279297,-6.524629592895508
2985,2.368154525756836,-6.489720344543457
2986,2.4811222553253174,-5.835390567779541
2987,2.616097927093506,-5.524528980255127
2988,2.5245375633239746,-5.898062705993652
2989,2.2477047443389893,-5.938759803771973
2990,2.529581308364868,-5.465728282928467
2991,2.5911974906921387,-6.106815338134766
2992,2.2286577224731445,-5.390059947967529
2993,1.9737210273742676,-5.961101055145264
2994,2.382580041885376,-6.517373561859131
2995,2.312163829803467,-5.656555652618408
2996,2.3513059616088867,-6.399497032165527
2997,2.5710060596466064,-6.213504791259766
2998,2.461756467819214,-6.452086925506592
2999,2.4290199279785156,-5.8575029373168945
