step,Action_loss
0,9079.7548828125
1,12156.3095703125
2,8891.8486328125
3,9595.5302734375
4,8131.80029296875
5,8491.433919270834
6,8316.695963541666
7,8734.471028645834
8,7496.65625
9,10314.234375
10,10029.042317708334
11,16137.087565104166
12,8646.25390625
13,9542.894205729166
14,7582.093424479167
15,10561.826171875
16,6792.4052734375
17,7457.312825520833
18,12411.4794921875
19,7408.48583984375
20,10812.692708333334
21,12046.685872395834
22,8570.407552083334
23,7177.4208984375
24,7860.558268229167
25,9729.006184895834
26,8775.180338541666
27,13856.6640625
28,8180.876790364583
29,8845.259765625
30,8816.540690104166
31,7971.9580078125
32,8639.569986979166
33,12691.414388020834
34,7774.99951171875
35,8265.513671875
36,8968.7978515625
37,8459.453125
38,7431.246419270833
39,13993.201497395834
40,7353.745930989583
41,10801.5380859375
42,9723.797200520834
43,10286.6171875
44,10068.583984375
45,11771.181640625
46,8587.261067708334
47,9555.594075520834
48,8216.641276041666
49,9731.758138020834
50,9039.175455729166
51,8044.400553385417
52,9991.765299479166
53,8902.440755208334
54,9521.484049479166
55,9864.043619791666
56,8205.0283203125
57,8232.2138671875
58,7992.654134114583
59,12129.069661458334
60,8527.1376953125
61,9978.118489583334
62,9610.3642578125
63,9854.834635416666
64,8595.5234375
65,8467.133138020834
66,7644.979166666667
67,8581.551432291666
68,7889.944010416667
69,7144.408528645833
70,8051.405598958333
71,7805.546712239583
72,8338.511393229166
73,7611.546712239583
74,9629.3583984375
75,7834.2548828125
76,7214.950520833333
77,7452.582845052083
78,7541.234049479167
79,7098.223470052083
80,9232.190104166666
81,9278.179036458334
82,6627.9990234375
83,10526.410807291666
84,8446.979817708334
85,12282.651692708334
86,6533.471842447917
87,7939.339518229167
88,8683.237955729166
89,6780.3271484375
90,8153.985188802083
91,8008.843587239583
92,7970.344563802083
93,13326.831380208334
94,7181.674479166667
95,10929.567708333334
96,7523.212239583333
97,11355.395182291666
98,8601.478841145834
99,8395.714192708334
100,6888.480143229167
101,9443.4560546875
102,8376.055989583334
103,8964.118489583334
104,8964.395833333334
105,7696.926432291667
106,10729.810546875
107,9598.324544270834
108,8354.901041666666
109,8025.460774739583
110,10387.370768229166
111,6360.872721354167
112,8465.3388671875
113,6693.594075520833
114,8886.8076171875
115,7406.949055989583
116,6982.583170572917
117,7994.360677083333
118,8910.865234375
119,9543.1513671875
120,8283.910481770834
121,6461.28125
122,7112.455240885417
123,10063.810221354166
124,9293.675130208334
125,10184.1494140625
126,6670.146158854167
127,9960.626302083334
128,8313.580403645834
129,9169.369791666666
130,6846.64306640625
131,9902.652018229166
132,7615.202799479167
133,6231.360514322917
134,8923.820963541666
135,6846.789388020833
136,12813.98046875
137,9082.597005208334
138,7456.884765625
139,8715.974934895834
140,6106.366373697917
141,8605.4072265625
142,5344.145833333333
143,9549.9912109375
144,11728.392903645834
145,6663.9541015625
146,6115.667317708333
147,8389.26171875
148,6360.153971354167
149,6149.6484375
150,6687.794596354167
151,5924.443033854167
152,5784.1357421875
153,6042.760904947917
154,7272.37353515625
155,7874.798665364583
156,5639.237141927083
157,5251.054361979167
158,5500.509114583333
159,5069.34423828125
160,5366.583821614583
161,5956.1416015625
162,8513.983072916666
163,6259.481770833333
164,10240.671875
165,4359.020833333333
166,7451.053385416667
167,5052.667154947917
168,6829.099934895833
169,7808.87451171875
170,6821.17822265625
171,5429.095377604167
172,7995.554850260417
173,7947.309407552083
174,7442.17431640625
175,5950.873860677083
176,4582.67919921875
177,5905.891438802083
178,5309.680989583333
179,4350.103352864583
180,4302.641927083333
181,7507.5888671875
182,5282.992350260417
183,7694.430338541667
184,4081.8499348958335
185,3793.8418782552085
186,11177.6884765625
187,4647.110026041667
188,5472.873046875
189,8391.725911458334
190,5257.958821614583
191,5427.732096354167
192,5631.632649739583
193,4033.4712727864585
194,4626.3935546875
195,3821.2169596354165
196,4449.688151041667
197,6354.428548177083
198,4649.590983072917
199,4900.3125
200,5203.362141927083
201,3643.20361328125
202,5550.080403645833
203,3620.8157552083335
204,5046.81201171875
205,9077.452799479166
206,3981.1486002604165
207,2746.3164876302085
208,5994.40185546875
209,3728.9326171875
210,4080.3714192708335
211,4737.723795572917
212,4040.410888671875
213,4095.88427734375
214,5882.644368489583
215,4105.333333333333
216,4478.043619791667
217,3112.0846354166665
218,5780.267252604167
219,6086.238606770833
220,3522.8565266927085
221,5454.1591796875
222,3530.9290364583335
223,2916.7715657552085
224,4620.215494791667
225,3760.2505696614585
226,2708.7749837239585
227,3470.4459635416665
228,5675.966471354167
229,3021.47607421875
230,2431.8570149739585
231,2882.9996744791665
232,9585.573893229166
233,4347.667154947917
234,4364.775553385417
235,2472.560302734375
236,3483.7491048177085
237,3528.1162923177085
238,2583.2976888020835
239,2639.2762858072915
240,2592.4466145833335
241,6038.014973958333
242,2311.9474283854165
243,2189.683837890625
244,1934.3921712239583
245,2474.077880859375
246,4596.922526041667
247,2619.17431640625
248,4924.955078125
249,3327.9893391927085
250,2738.930908203125
251,1988.637451171875
252,2340.3612467447915
253,3114.997314453125
254,1990.2392578125
255,3056.482666015625
256,2004.7293294270833
257,2803.269287109375
258,2196.5243326822915
259,1773.9326171875
260,3193.9613444010415
261,4443.74853515625
262,2547.7568359375
263,2083.7687174479165
264,1802.5527750651042
265,4757.363444010417
266,1772.5134684244792
267,3089.9339192708335
268,1868.7668863932292
269,2843.0997721354165
270,2298.586181640625
271,2710.1831868489585
272,1720.6391194661458
273,3076.3909505208335
274,4296.638834635417
275,2659.3351236979165
276,1725.1410725911458
277,1615.0537516276042
278,1533.9161783854167
279,2121.4122721354165
280,1387.280517578125
281,2546.486572265625
282,1954.6897786458333
283,4032.4720865885415
284,1146.7184244791667
285,4946.528157552083
286,5050.746744791667
287,3847.2626953125
288,2315.9413248697915
289,4617.702962239583
290,4525.501627604167
291,2843.1221516927085
292,2479.0555013020835
293,5184.1884765625
294,2730.7036946614585
295,1380.7822672526042
296,1920.9249267578125
297,2963.854736328125
298,1549.664306640625
299,1797.9104817708333
300,6132.913899739583
301,2608.7686360677085
302,2044.1237386067708
303,1523.8545328776042
304,1744.5942789713542
305,3947.79931640625
306,1492.2891438802083
307,1828.5267740885417
308,1622.1131184895833
309,1303.4562581380208
310,1428.3865152994792
311,2228.35693359375
312,3278.9307454427085
313,3654.6387532552085
314,5541.237467447917
315,1837.9658203125
316,2447.883544921875
317,2333.060302734375
318,2165.57568359375
319,4209.2177734375
320,1787.0888671875
321,3144.7786458333335
322,2703.1653645833335
323,1877.0330810546875
324,2814.9131673177085
325,1535.5176595052083
326,2987.0394694010415
327,2104.9737955729165
328,2042.0907389322917
329,2636.836181640625
330,3259.650634765625
331,2527.5037434895835
332,1541.8839518229167
333,1395.7930094401042
334,2918.5542805989585
335,2184.5874837239585
336,1711.2256673177083
337,1555.798583984375
338,1897.7526041666667
339,2353.2029622395835
340,5498.75390625
341,1434.8847249348958
342,4488.533365885417
343,1938.1636555989583
344,4196.541341145833
345,1819.756591796875
346,2759.457275390625
347,4353.62939453125
348,2026.4750162760417
349,1712.1640625
350,1500.0088297526042
351,1196.93505859375
352,3376.231689453125
353,4163.278645833333
354,1909.6116129557292
355,1943.91162109375
356,2008.5235188802083
357,1918.822021484375
358,1870.7958577473958
359,3613.0640462239585
360,2232.8402506510415
361,1929.08251953125
362,1257.3438720703125
363,2291.06884765625
364,1627.4578450520833
365,1584.3980305989583
366,1840.1143798828125
367,2457.9563802083335
368,1679.4297688802083
369,1246.586669921875
370,2069.423583984375
371,1325.6776123046875
372,1064.7047526041667
373,2023.1444498697917
374,2190.8230794270835
375,1676.3370768229167
376,1575.0354817708333
377,1878.9606119791667
378,1966.2533772786458
379,4052.1039225260415
380,1491.84619140625
381,3053.0235188802085
382,1160.518310546875
383,1087.6686197916667
384,2009.5060628255208
385,1617.6311442057292
386,1799.8933512369792
387,1487.4690348307292
388,1941.4071451822917
389,3205.16845703125
390,1272.8646647135417
391,4292.090657552083
392,2227.31298828125
393,1221.4866536458333
394,3799.23388671875
395,2229.1524251302085
396,2169.678955078125
397,1350.0263671875
398,1835.7193196614583
399,3466.8707682291665
400,1635.4563395182292
401,1598.4583740234375
402,984.5633951822916
403,3127.205078125
404,4963.6162109375
405,4282.699381510417
406,3043.8942057291665
407,2524.0598958333335
408,1095.8399658203125
409,1403.0958251953125
410,1904.1452229817708
411,1727.1670735677083
412,3948.7744954427085
413,998.90673828125
414,5337.10791015625
415,1298.0135091145833
416,1887.439208984375
417,4204.253255208333
418,2578.0721842447915
419,1966.5854085286458
420,1450.8824869791667
421,2539.3377278645835
422,1483.6791585286458
423,1700.1975911458333
424,1916.0527750651042
425,1955.3168131510417
426,1722.6252034505208
427,2321.3978678385415
428,2162.6669921875
429,1704.52880859375
430,2340.45556640625
431,1308.5687255859375
432,2703.05322265625
433,2172.99560546875
434,2103.6966145833335
435,3730.872314453125
436,3550.4829915364585
437,2510.5789388020835
438,3402.2838541666665
439,1145.1332194010417
440,2817.9365234375
441,2131.826904296875
442,1883.9617106119792
443,1870.5391438802083
444,1856.5753987630208
445,2809.8543294270835
446,3088.111328125
447,988.0291341145834
448,4445.760091145833
449,2169.0013834635415
450,1908.9819742838542
451,1697.6653645833333
452,2741.254638671875
453,1641.9817301432292
454,2180.386474609375
455,3946.7425944010415
456,5704.8583984375
457,1244.97705078125
458,1874.5811360677083
459,1335.9986572265625
460,2332.1907552083335
461,1403.1868896484375
462,1847.3210856119792
463,2127.4271647135415
464,1982.38818359375
465,1716.6443684895833
466,2331.6493326822915
467,1719.8723958333333
468,1746.2760823567708
469,1226.7410481770833
470,4173.769205729167
471,2432.212890625
472,3544.0382486979165
473,1522.8715006510417
474,1916.0978597005208
475,1615.482666015625
476,3626.2403157552085
477,1283.6435139973958
478,1354.4346923828125
479,1819.119873046875
480,1558.8600667317708
481,3975.1826171875
482,3295.577880859375
483,1928.5464274088542
484,3649.4296875
485,1935.5298258463542
486,4302.53369140625
487,1361.7184244791667
488,1303.5124918619792
489,2257.476318359375
490,4449.346028645833
491,2787.2740885416665
492,3201.99755859375
493,2148.8003743489585
494,1864.187255859375
495,1887.5340983072917
496,2314.5289713541665
497,1827.2516276041667
498,3150.5917154947915
499,3967.4424641927085
500,1577.5980631510417
501,1292.6705729166667
502,1640.2807210286458
503,1685.9412841796875
504,3371.80908203125
505,1553.3204752604167
506,2326.1533203125
507,1178.7091064453125
508,1376.8054606119792
509,1031.828369140625
510,1975.2001953125
511,3459.4894205729165
512,1328.5060628255208
513,1155.4858805338542
514,2233.6968587239585
515,1905.8804931640625
516,1552.3243815104167
517,3343.0642903645835
518,1182.343505859375
519,1731.76318359375
520,3479.2872721354165
521,1684.1706136067708
522,1757.1673583984375
523,2194.2290852864585
524,3812.1571451822915
525,2777.9160970052085
526,1747.82177734375
527,1816.5655924479167
528,2263.869140625
529,1540.204833984375
530,1014.9443155924479
531,1641.9600423177083
532,1123.4335123697917
533,1397.3824055989583
534,1696.6088460286458
535,2042.102783203125
536,2768.359375
537,3002.4647623697915
538,1910.411865234375
539,1652.1129150390625
540,2271.1798502604165
541,1136.1575113932292
542,3490.6637369791665
543,3949.0287272135415
544,1567.7371419270833
545,3787.4690755208335
546,1540.194580078125
547,1632.8079427083333
548,2440.1813151041665
549,2464.9204915364585
550,4649.30712890625
551,1310.1451009114583
552,1512.0317789713542
553,2103.6034342447915
554,2667.5944010416665
555,1948.9817708333333
556,1717.8561604817708
557,1103.7235921223958
558,2999.2443033854165
559,1310.0640462239583
560,2218.1803385416665
561,1680.1527099609375
562,1412.3457845052083
563,1407.3612874348958
564,2745.8385416666665
565,2684.7958170572915
566,1852.9060465494792
567,1341.982421875
568,2611.9749348958335
569,2584.2007649739585
570,2634.4889322916665
571,2359.58837890625
572,1206.2725423177083
573,1429.4393310546875
574,3441.416015625
575,927.1794230143229
576,3415.286376953125
577,3354.8857421875
578,1741.2787679036458
579,2863.6415201822915
580,1893.740478515625
581,3546.7998046875
582,3290.3106282552085
583,3429.969482421875
584,2418.571533203125
585,1202.7875162760417
586,1461.8308919270833
587,1269.2172444661458
588,1419.8839518229167
589,3239.6433919270835
590,1372.3390706380208
591,3393.3640950520835
592,1330.0724283854167
593,2546.8855794270835
594,2375.07666015625
595,1463.9471435546875
596,1245.8951822916667
597,2687.50732421875
598,1972.5224202473958
599,1332.9371337890625
600,1671.284423828125
601,2035.3600667317708
602,1852.2285970052083
603,2653.7254231770835
604,1810.4739990234375
605,3480.9911295572915
606,1097.1645914713542
607,1316.0621744791667
608,2486.61083984375
609,3557.4103190104165
610,1909.4051513671875
611,3678.45751953125
612,3454.5283203125
613,2593.0699055989585
614,3404.935546875
615,2371.079833984375
616,3947.3701171875
617,1258.6831868489583
618,2774.8272298177085
619,2248.11181640625
620,1513.1433512369792
621,1336.5139973958333
622,2186.3057454427085
623,3179.827880859375
624,1210.4063720703125
625,2687.9424641927085
626,4723.19189453125
627,2351.6400553385415
628,1782.7984619140625
629,4246.724772135417
630,2585.0323079427085
631,3017.595703125
632,1186.4046630859375
633,1060.9839680989583
634,5503.0546875
635,1728.0372314453125
636,1208.2302652994792
637,2097.5188802083335
638,1168.7669270833333
639,2230.4973958333335
640,1169.4482828776042
641,1169.7229817708333
642,2921.151123046875
643,2430.6875813802085
644,2786.03564453125
645,1787.5558268229167
646,3271.764892578125
647,1127.5821126302083
648,2149.7361653645835
649,1998.3996988932292
650,1252.873046875
651,2234.935791015625
652,1191.310302734375
653,1397.5820719401042
654,3289.4182942708335
655,2368.3963216145835
656,2267.4295247395835
657,1897.6129557291667
658,2513.9358723958335
659,2115.7936197916665
660,1320.7977294921875
661,2386.34814453125
662,2034.9707845052083
663,1098.7152913411458
664,2414.4956868489585
665,4373.102864583333
666,1045.6500244140625
667,1485.0762532552083
668,13853.116536458334
669,1177.2192789713542
670,2600.1078287760415
671,1237.4690755208333
672,1123.62451171875
673,3213.3362630208335
674,1482.5597330729167
675,1364.9146321614583
676,1909.9967854817708
677,1357.8795979817708
678,1206.3904622395833
679,7384.384602864583
680,2469.661865234375
681,1527.59228515625
682,2873.9715169270835
683,2984.62548828125
684,1944.2331136067708
685,1089.9835611979167
686,2716.8329264322915
687,3589.3711751302085
688,2583.1996256510415
689,2739.002685546875
690,1608.43359375
691,1993.8699544270833
692,1735.820556640625
693,1437.7081705729167
694,2236.4825032552085
695,1033.248046875
696,2251.9493815104165
697,1422.063232421875
698,2294.3362630208335
699,1250.3021647135417
700,1444.9287923177083
701,3491.8959147135415
702,2220.68212890625
703,1853.7627766927083
704,1375.5472005208333
705,2286.9156087239585
706,2678.922607421875
707,1861.9533284505208
708,1654.0314127604167
709,2585.4496256510415
710,2852.1415201822915
711,3083.9287923177085
712,1803.0011393229167
713,1576.1592203776042
714,4862.045572916667
715,1779.3507893880208
716,1560.5745849609375
717,2217.0286458333335
718,1853.0322265625
719,1253.8521321614583
720,3452.8133951822915
721,2420.3729654947915
722,1234.4167887369792
723,1374.7379557291667
724,3233.3902180989585
725,1722.0641276041667
726,2012.7456868489583
727,3473.1697591145835
728,2124.9363606770835
729,3397.2118326822915
730,1609.1121012369792
731,1983.7421875
732,935.1215616861979
733,2378.919189453125
734,1473.7239990234375
735,1524.099609375
736,1821.2488199869792
737,1881.369873046875
738,2653.093017578125
739,1686.9857177734375
740,3159.578125
741,1632.6682535807292
742,1675.6499430338542
743,1573.6907958984375
744,3847.5081380208335
745,5222.617024739583
746,2218.521484375
747,2079.603515625
748,1419.8767496744792
749,1664.41943359375
750,2550.1624348958335
751,1063.7735188802083
752,1421.4425048828125
753,1533.0017496744792
754,1312.1202392578125
755,922.8097534179688
756,1142.9837646484375
757,1971.4315185546875
758,2160.87548828125
759,2246.226806640625
760,1346.785888671875
761,1357.274658203125
762,5475.439290364583
763,2611.62939453125
764,3118.599853515625
765,1364.2203776041667
766,2726.3990071614585
767,1691.6227620442708
768,2251.2925618489585
769,1641.1697591145833
770,869.3051554361979
771,1485.2421875
772,1517.0384114583333
773,1504.9573974609375
774,2113.3114420572915
775,1317.1027425130208
776,1548.091064453125
777,2639.1424967447915
778,1216.6664632161458
779,2607.792724609375
780,2566.69482421875
781,1524.3932698567708
782,1568.4417317708333
783,1106.0601399739583
784,1839.3725992838542
785,3973.9693196614585
786,3257.66015625
787,1124.9095052083333
788,3184.0009765625
789,1939.978271484375
790,1648.5228678385417
791,4411.830729166667
792,2216.08740234375
793,1766.1615397135417
794,1063.7115071614583
795,1406.7673746744792
796,1242.7871907552083
797,1745.94873046875
798,13014.345377604166
799,1334.9297281901042
800,3785.576171875
801,1328.6786702473958
802,1344.6781819661458
803,3000.3589680989585
804,1470.263916015625
805,1057.5240071614583
806,1197.8906656901042
807,1308.7938232421875
808,1970.6446126302083
809,2034.47119140625
810,1137.5598958333333
811,3188.0786946614585
812,4233.73681640625
813,1356.8380940755208
814,1087.4742838541667
815,1680.00390625
816,1557.0135091145833
817,4058.3172200520835
818,2242.2557779947915
819,1720.3636067708333
820,1969.2652587890625
821,1633.95654296875
822,2253.9518229166665
823,1710.9375
824,1081.904052734375
825,2556.3819173177085
826,2125.515869140625
827,2816.897216796875
828,3096.668701171875
829,2102.0609537760415
830,1253.4163004557292
831,3546.8077799479165
832,1671.5826416015625
833,1990.4794514973958
834,1271.2874755859375
835,1787.431396484375
836,1847.4735107421875
837,1076.2300211588542
838,4008.45361328125
839,3637.9624837239585
840,2471.065185546875
841,3387.5039876302085
842,2473.9559733072915
843,1631.687255859375
844,1896.0337320963542
845,3263.7257486979165
846,1335.7332356770833
847,2729.0699055989585
848,1632.1645100911458
849,1178.2005208333333
850,1675.2822265625
851,1284.258544921875
852,1799.404296875
853,1516.4121907552083
854,2121.3213704427085
855,2091.7688802083335
856,1956.9695231119792
857,2023.4325358072917
858,1300.8358561197917
859,2161.4348958333335
860,2002.52685546875
861,1513.6283772786458
862,5556.489420572917
863,3537.9989420572915
864,2035.5304361979167
865,2405.266845703125
866,1406.3672688802083
867,1604.1083984375
868,3395.8789876302085
869,1909.0198160807292
870,1470.6905110677083
871,1477.2659098307292
872,1461.15576171875
873,1225.7362060546875
874,4262.966959635417
875,2521.5069173177085
876,5176.890950520833
877,1605.8710530598958
878,2537.4947102864585
879,1287.7119140625
880,1595.3268229166667
881,1900.6708984375
882,2091.8109537760415
883,2801.2900390625
884,2371.171142578125
885,2914.144287109375
886,1809.4450276692708
887,1316.0169677734375
888,2656.9539388020835
889,2217.8609212239585
890,1483.2221272786458
891,2328.6731770833335
892,1336.8201090494792
893,3458.5983072916665
894,2076.9867350260415
895,4206.17138671875
896,2600.86474609375
897,1546.8823649088542
898,3799.6295572916665
899,1509.4618326822917
900,1737.3774007161458
901,2173.1112467447915
902,2158.6184895833335
903,1248.0222981770833
904,1493.2401936848958
905,1564.8321940104167
906,1952.2202962239583
907,4487.7958984375
908,9057.906901041666
909,1346.197265625
910,1343.5807291666667
911,1518.8372802734375
912,4139.921712239583
913,1807.9610595703125
914,4317.576822916667
915,4663.672526041667
916,2251.136962890625
917,1489.065673828125
918,1660.8428548177083
919,3439.844482421875
920,1877.7205403645833
921,2755.482421875
922,1503.1765543619792
923,1245.5256754557292
924,1444.6500651041667
925,2271.71435546875
926,1616.4116617838542
927,1466.4796549479167
928,3043.5738932291665
929,1033.6980794270833
930,1290.49853515625
931,2666.7665201822915
932,1847.5990397135417
933,1296.2092692057292
934,4031.9027506510415
935,2598.9605305989585
936,1114.2960611979167
937,3349.33154296875
938,3440.377685546875
939,1614.9523518880208
940,1037.7237141927083
941,2143.644287109375
942,1162.8153483072917
943,2092.621826171875
944,1852.079345703125
945,2772.5913899739585
946,1424.4472249348958
947,1940.4095458984375
948,954.633056640625
949,1355.77392578125
950,1147.6032307942708
951,1101.4129231770833
952,1939.4427897135417
953,1589.3548990885417
954,1184.0033772786458
955,818.7944539388021
956,3682.1888834635415
957,3473.543212890625
958,1238.0279134114583
959,2558.7724609375
960,2687.4576009114585
961,1501.4732666015625
962,1329.184326171875
963,2495.5579427083335
964,2668.0667317708335
965,6466.553059895833
966,987.8040364583334
967,1318.5548095703125
968,2193.8487141927085
969,1039.1968994140625
970,1435.3754475911458
971,1028.1300048828125
972,2341.992431640625
973,2060.450439453125
974,1294.8201904296875
975,2459.6310221354165
976,2206.9140625
977,1406.777099609375
978,5196.982259114583
979,1364.6712646484375
980,1902.2234293619792
981,1754.4092203776042
982,2761.1140950520835
983,1551.5642496744792
984,1978.57080078125
985,1516.2456868489583
986,1281.6231689453125
987,1658.3346761067708
988,1419.356201171875
989,2489.01123046875
990,2031.7005208333333
991,2752.625
992,1652.5839029947917
993,1635.9521891276042
994,2304.87353515625
995,1995.2238362630208
996,1775.447509765625
997,1104.5304361979167
998,3180.5576985677085
999,1536.7211507161458
1000,3836.9536946614585
1001,1631.2277018229167
1002,1743.605224609375
1003,2057.8582356770835
1004,2398.9832356770835
1005,2847.5298665364585
1006,1581.650146484375
1007,1058.6153157552083
1008,1619.452880859375
1009,3657.119140625
1010,2129.39111328125
1011,1783.9132486979167
1012,2341.8866373697915
1013,1627.2161051432292
1014,1168.232421875
1015,1205.9725341796875
1016,3910.890869140625
1017,1516.9310709635417
1018,2621.1832682291665
1019,1790.0262451171875
1020,1237.662353515625
1021,1214.4038899739583
1022,1715.298583984375
1023,894.0226847330729
1024,1157.6889241536458
1025,1819.8369140625
1026,2638.0106608072915
1027,1321.0420328776042
1028,1499.4611002604167
1029,3590.4603678385415
1030,3035.4388020833335
1031,2343.3806966145835
1032,1123.252197265625
1033,1250.4805501302083
1034,1341.0750325520833
1035,1591.8541666666667
1036,5207.395833333333
1037,1267.2395833333333
1038,1585.0138753255208
1039,1271.1822102864583
1040,2080.2679036458335
1041,4359.853515625
1042,1799.6538899739583
1043,968.2145792643229
1044,1558.39990234375
1045,1463.628662109375
1046,1976.8849690755208
1047,2486.3850911458335
1048,1226.90380859375
1049,2996.8443196614585
1050,1780.7394205729167
1051,1459.8462320963542
1052,2097.7900390625
1053,1844.6337890625
1054,2608.8533528645835
1055,1451.3184407552083
1056,2172.1288248697915
1057,2091.3995768229165
1058,1670.8607584635417
1059,4400.622884114583
1060,1674.0741780598958
1061,1946.2781575520833
1062,1292.2914632161458
1063,1145.8087565104167
1064,1678.1341552734375
1065,2293.0213216145835
1066,2149.8095703125
1067,3745.184814453125
1068,2681.8556315104165
1069,1328.3472900390625
1070,3207.0577799479165
1071,1298.6507161458333
1072,2138.9287923177085
1073,2045.3201497395833
1074,4118.2373046875
1075,1522.6289876302083
1076,1358.1193033854167
1077,5249.27783203125
1078,2184.9646809895835
1079,1189.2222493489583
1080,2051.2352701822915
1081,1024.0928955078125
1082,1544.6293538411458
1083,2185.9951171875
1084,1433.7454833984375
1085,2147.6946614583335
1086,1688.4851888020833
1087,1794.5419514973958
1088,1272.60791015625
1089,1161.5849202473958
1090,1543.6331380208333
1091,1738.3294270833333
1092,2066.3707682291665
1093,1976.4131266276042
1094,1706.1417643229167
1095,1290.864990234375
1096,2302.7525227864585
1097,1256.5625
1098,1607.1949055989583
1099,1042.1179606119792
1100,1223.1385091145833
1101,2965.9454752604165
1102,2071.6143391927085
1103,1508.3889973958333
1104,1667.1113688151042
1105,3565.044677734375
1106,3250.5935872395835
1107,1055.1717122395833
1108,1177.3683675130208
1109,1213.6494140625
1110,1045.6320393880208
1111,1030.1068522135417
1112,1074.3790690104167
1113,1491.8496500651042
1114,800.91162109375
1115,1161.2050374348958
1116,3034.7378743489585
1117,3169.3838704427085
1118,1050.9825846354167
1119,1371.4728597005208
1120,1330.7084554036458
1121,1010.1708577473959
1122,2353.85595703125
1123,1234.5765380859375
1124,748.2686767578125
1125,2506.9818522135415
1126,2014.09814453125
1127,1070.4342041015625
1128,1297.8037923177083
1129,1166.9560546875
1130,1019.6802164713541
1131,1918.5318603515625
1132,982.9034830729166
1133,1065.6737467447917
1134,1632.494873046875
1135,1362.6973876953125
1136,1451.0741373697917
1137,1603.201904296875
1138,3022.328857421875
1139,4223.134440104167
1140,1599.7515869140625
1141,1105.1468912760417
1142,2797.3238932291665
1143,2837.353515625
1144,1199.9054768880208
1145,1028.5486246744792
1146,1344.1518147786458
1147,1189.2979329427083
1148,1337.3586018880208
1149,1506.8603108723958
1150,1059.9770914713542
1151,1016.1092325846354
1152,1504.2231852213542
1153,997.043701171875
1154,1824.6370035807292
1155,1615.4256591796875
1156,925.4508870442709
1157,2461.7239583333335
1158,888.2097574869791
1159,1044.8485514322917
1160,1442.0927327473958
1161,2049.2371419270835
1162,1732.2464599609375
1163,991.4758911132812
1164,1157.2415364583333
1165,1262.5270182291667
1166,1135.9739583333333
1167,3287.9132486979165
1168,1357.0993245442708
1169,1117.69921875
1170,3101.6393229166665
1171,1448.138671875
1172,840.3518880208334
1173,1773.4876708984375
1174,1540.3992513020833
1175,1570.2871500651042
1176,2221.4986979166665
1177,1213.0739339192708
1178,1074.0059407552083
1179,1082.63427734375
1180,964.8650716145834
1181,2367.2586263020835
1182,3152.2548828125
1183,2595.6575520833335
1184,791.1047159830729
1185,1667.5240071614583
1186,1295.6837158203125
1187,1646.2622477213542
1188,1992.578857421875
1189,2910.2770182291665
1190,2122.1888834635415
1191,1000.1399536132812
1192,2941.8631998697915
1193,1459.3629964192708
1194,1108.4182535807292
1195,1584.5176188151042
1196,1165.026611328125
1197,2643.56396484375
1198,1317.78515625
1199,2768.876220703125
1200,1185.713623046875
1201,1266.9539388020833
1202,1756.7678629557292
1203,2761.7169596354165
1204,2253.052734375
1205,1799.6890869140625
1206,1287.8367919921875
1207,1221.5840250651042
1208,1058.1729736328125
1209,3952.9803873697915
1210,1963.7410481770833
1211,3664.0174153645835
1212,2444.4601236979165
1213,2154.3567708333335
1214,1073.3483479817708
1215,1060.8299153645833
1216,1084.80322265625
1217,4412.548014322917
1218,1120.3872884114583
1219,1200.5787353515625
1220,1286.5928548177083
1221,2272.861328125
1222,1126.0621744791667
1223,2826.3140462239585
1224,982.9014485677084
1225,2132.1698404947915
1226,3869.55908203125
1227,2396.4522298177085
1228,2201.1839192708335
1229,3485.32958984375
1230,2102.2488606770835
1231,3220.23291015625
1232,821.4782511393229
1233,922.6675211588541
1234,1281.7963460286458
1235,1437.8085530598958
1236,2367.5952962239585
1237,1000.3079223632812
1238,1000.6443888346354
1239,2053.4419759114585
1240,1968.0968831380208
1241,1707.5993245442708
1242,993.406982421875
1243,2178.6300455729165
1244,2153.8988444010415
1245,722.8435262044271
1246,2575.1382649739585
1247,923.6263427734375
1248,1068.3102213541667
1249,1575.0702718098958
1250,2245.4239095052085
1251,2155.9212239583335
1252,1973.4251302083333
1253,3697.33544921875
1254,3283.5400390625
1255,1425.9906412760417
1256,1178.3758951822917
1257,938.3866577148438
1258,876.0088704427084
1259,3750.9375813802085
1260,913.2819417317709
1261,1500.2719319661458
1262,1306.6000569661458
1263,1661.9122314453125
1264,2165.3164876302085
1265,3125.1475423177085
1266,1556.5353597005208
1267,2499.8994140625
1268,2318.9422200520835
1269,990.9055379231771
1270,2252.3634440104165
1271,2004.0324300130208
1272,4200.804036458333
1273,2298.6114095052085
1274,3111.88623046875
1275,2991.2460123697915
1276,1176.1737467447917
1277,2154.8369954427085
1278,915.7410685221354
1279,3655.2830403645835
1280,1421.5118408203125
1281,3061.0311686197915
1282,1597.6324055989583
1283,1217.8194173177083
1284,3994.7337239583335
1285,1586.32421875
1286,3174.22705078125
1287,2730.2347819010415
1288,990.4205729166666
1289,1582.9619547526042
1290,2278.3736165364585
1291,2849.0938313802085
1292,1705.5404052734375
1293,1578.401611328125
1294,3279.971435546875
1295,1068.4591064453125
1296,781.4899698893229
1297,1059.9188639322917
1298,1453.9267578125
1299,13711.142578125
1300,928.456787109375
1301,1632.7040201822917
1302,1580.3736572265625
1303,2254.4617513020835
1304,1642.1118977864583
1305,2123.8695475260415
1306,1461.116943359375
1307,1430.1377766927083
1308,2251.8355305989585
1309,1255.7932942708333
1310,2729.98193359375
1311,1908.8978271484375
1312,962.0819905598959
1313,1850.6031494140625
1314,1143.2661539713542
1315,3100.9093424479165
1316,2466.2676595052085
1317,1539.3088785807292
1318,3664.2688802083335
1319,944.0382486979166
1320,1002.5580444335938
1321,978.588134765625
1322,1636.545166015625
1323,995.1336669921875
1324,2283.4965006510415
1325,2362.16162109375
1326,1095.5125325520833
1327,1286.2159423828125
1328,1334.9366048177083
1329,1560.7291666666667
1330,1715.1343587239583
1331,2027.1103108723958
1332,1711.182861328125
1333,1715.4809163411458
1334,2834.8389485677085
1335,1174.5682779947917
1336,3454.7200520833335
1337,2504.73583984375
1338,1292.5962320963542
1339,1700.9630940755208
1340,1526.8411458333333
1341,1655.2797444661458
1342,2133.0113118489585
1343,1629.6401774088542
1344,1907.9319254557292
1345,1522.1202799479167
1346,1156.523193359375
1347,1899.521728515625
1348,968.4262491861979
1349,2049.59033203125
1350,1059.7503255208333
1351,1375.6288655598958
1352,1516.0202229817708
1353,1243.2670491536458
1354,1256.9569498697917
1355,1036.1054280598958
1356,1788.3543294270833
1357,1522.97021484375
1358,2267.17431640625
1359,1691.1924641927083
1360,2649.2388509114585
1361,2173.366943359375
1362,1523.6444091796875
1363,1963.1204427083333
1364,1043.2996826171875
1365,6128.340983072917
1366,1323.14892578125
1367,2350.996337890625
1368,1741.8724365234375
1369,996.8453776041666
1370,1082.8146565755208
1371,1303.9330647786458
1372,1070.8245849609375
1373,1266.2975260416667
1374,1219.3188883463542
1375,1351.9110514322917
1376,2499.173828125
1377,2758.4784342447915
1378,1269.5778401692708
1379,1065.650390625
1380,1837.2691243489583
1381,1009.0379028320312
1382,1212.2519124348958
1383,874.3107706705729
1384,1420.1985270182292
1385,895.385009765625
1386,1844.96044921875
1387,2490.35009765625
1388,2835.95947265625
1389,1848.4466552734375
1390,1658.3044026692708
1391,1676.7555338541667
1392,1362.3516845703125
1393,1143.52001953125
1394,1284.4869384765625
1395,2060.4374186197915
1396,719.3416951497396
1397,1569.2086588541667
1398,857.2402140299479
1399,4181.930826822917
1400,1081.9178873697917
1401,1653.035888671875
1402,1302.2921956380208
1403,1890.7376302083333
1404,1251.7898763020833
1405,1814.5417887369792
1406,1205.7871500651042
1407,1129.5570475260417
1408,1853.0014241536458
1409,1107.9671223958333
1410,1213.3937581380208
1411,1459.3896891276042
1412,1566.9910888671875
1413,1575.8653157552083
1414,2169.0592447916665
1415,1344.0743408203125
1416,2210.8268229166665
1417,2064.99462890625
1418,1340.3971761067708
1419,1852.5368245442708
1420,1359.8544108072917
1421,2025.055419921875
1422,1718.7316487630208
1423,1552.6754557291667
1424,2348.20947265625
1425,1938.1488850911458
1426,1073.3463134765625
1427,1414.9075113932292
1428,1498.6004638671875
1429,2307.724365234375
1430,1397.76318359375
1431,2349.8517252604165
1432,3870.3623860677085
1433,1159.8240966796875
1434,2126.9449055989585
1435,2653.9443359375
1436,1140.4748128255208
1437,962.7721150716146
1438,1607.2449951171875
1439,927.6128743489584
1440,994.3188273111979
1441,818.0296834309896
1442,1531.7389322916667
1443,1673.4308268229167
1444,2639.9064127604165
1445,1339.9303385416667
1446,776.5159912109375
1447,1409.0189208984375
1448,2058.608642578125
1449,1950.7487386067708
1450,3617.3422037760415
1451,1918.6388346354167
1452,1726.2769368489583
1453,962.7787068684896
1454,1734.5938720703125
1455,1300.7813720703125
1456,1206.2607014973958
1457,1153.5437825520833
1458,1112.0162353515625
1459,1559.3836669921875
1460,2354.1149088541665
1461,1425.9193522135417
1462,3622.2478841145835
1463,4215.052897135417
1464,998.0322672526041
1465,2191.6554361979165
1466,2945.1258138020835
1467,1724.0469970703125
1468,1659.887939453125
1469,737.8367513020834
1470,3446.0899251302085
1471,870.0622762044271
1472,1165.1188151041667
1473,2141.8472493489585
1474,2343.336669921875
1475,1958.9827067057292
1476,1154.273193359375
1477,2343.6656087239585
1478,2652.9147135416665
1479,1711.3673909505208
1480,4039.5786946614585
1481,1088.5862223307292
1482,1257.6907552083333
1483,1479.6811930338542
1484,1636.5989990234375
1485,2483.87109375
1486,1292.3535563151042
1487,1340.4071858723958
1488,1368.6643880208333
1489,1373.8289794921875
1490,2158.056640625
1491,3008.0995279947915
1492,948.3198852539062
1493,2658.0445149739585
1494,1107.5721435546875
1495,1515.42236328125
1496,890.2158813476562
1497,1397.7774251302083
1498,1536.5524495442708
1499,1885.4615071614583
1500,2662.7877604166665
1501,1143.6207682291667
1502,4876.519368489583
1503,1354.6963297526042
1504,1555.1442464192708
1505,12926.407552083334
1506,1072.0633544921875
1507,1062.3208414713542
1508,2117.2098795572915
1509,1518.2967936197917
1510,1270.4442952473958
1511,1236.5777994791667
1512,3206.79833984375
1513,2703.403564453125
1514,1355.6266276041667
1515,2271.4431966145835
1516,1288.107666015625
1517,1298.1654052734375
1518,1980.0786539713542
1519,1078.7637939453125
1520,2144.9404296875
1521,1088.9337158203125
1522,2015.709228515625
1523,2094.470947265625
1524,2788.1458333333335
1525,929.8994547526041
1526,1549.4501953125
1527,1474.9443359375
1528,1119.5312093098958
1529,1572.436767578125
1530,1613.8567708333333
1531,1868.5520833333333
1532,3758.267578125
1533,3943.0138346354165
1534,1346.6355387369792
1535,1069.0235595703125
1536,833.3854166666666
1537,1566.3043619791667
1538,1323.2068684895833
1539,1253.7440592447917
1540,1683.296875
1541,3160.4513346354165
1542,1393.4683430989583
1543,1050.0080159505208
1544,1918.0849609375
1545,1982.211669921875
1546,925.3557942708334
1547,1555.0222981770833
1548,675.2420654296875
1549,1610.1642252604167
1550,2487.4856770833335
1551,1456.6715901692708
1552,1189.3100992838542
1553,970.7374471028646
1554,992.1957194010416
1555,3267.73486328125
1556,1946.3854166666667
1557,1750.7631429036458
1558,2703.95263671875
1559,2766.858642578125
1560,991.3079833984375
1561,1046.4857584635417
1562,2790.9976399739585
1563,2940.4339192708335
1564,919.7430623372396
1565,1710.802978515625
1566,967.7161865234375
1567,989.6810913085938
1568,1168.2425537109375
1569,1539.152587890625
1570,4401.3974609375
1571,2366.563720703125
1572,1252.88330078125
1573,2293.4971516927085
1574,924.662841796875
1575,1129.2158610026042
1576,2716.4388834635415
1577,3078.157470703125
1578,2385.1761067708335
1579,1229.0284830729167
1580,1906.1418050130208
1581,3528.2688802083335
1582,1765.9717203776042
1583,1158.3621826171875
1584,2121.4181315104165
1585,1863.0611572265625
1586,2042.083740234375
1587,1482.2755126953125
1588,2217.7672526041665
1589,1332.7086995442708
1590,687.0227864583334
1591,1697.416015625
1592,1064.623046875
1593,1133.507568359375
1594,1078.3629557291667
1595,1935.7095947265625
1596,1698.9138590494792
1597,1804.4195556640625
1598,974.5764973958334
1599,1097.695068359375
1600,2185.3756510416665
1601,1385.7093098958333
1602,1317.5159505208333
1603,1984.3858642578125
1604,1358.5238037109375
1605,858.0264689127604
1606,2663.2716471354165
1607,1468.9769287109375
1608,1534.076416015625
1609,1354.4462483723958
1610,912.4533894856771
1611,1366.857177734375
1612,2181.4202473958335
1613,1611.3661295572917
1614,2190.1800944010415
1615,1122.7392985026042
1616,950.3564249674479
1617,1255.6491292317708
1618,745.0707194010416
1619,1119.015380859375
1620,2232.4217122395835
1621,2721.15234375
1622,2946.214599609375
1623,2101.2386067708335
1624,1895.6550699869792
1625,2044.08642578125
1626,1906.708740234375
1627,946.0882568359375
1628,3180.7687174479165
1629,2656.8580729166665
1630,1196.3491617838542
1631,1195.3473307291667
1632,1396.6754557291667
1633,3518.7471516927085
1634,1806.4034830729167
1635,1341.834228515625
1636,1948.120849609375
1637,1323.1143798828125
1638,1307.0234781901042
1639,1244.1004231770833
1640,1188.0479329427083
1641,3456.628662109375
1642,2028.1694742838542
1643,1931.7598876953125
1644,1288.8035481770833
1645,1501.24951171875
1646,4292.439453125
1647,1575.3430989583333
1648,1844.6667073567708
1649,1091.5487874348958
1650,1356.4505208333333
1651,799.1863403320312
1652,2259.1842447916665
1653,1596.2069498697917
1654,1303.566162109375
1655,1633.7311604817708
1656,1241.275146484375
1657,1420.5154622395833
1658,1904.982177734375
1659,2254.361572265625
1660,1403.7497151692708
1661,2011.7925618489583
1662,2395.2909342447915
1663,2553.686767578125
1664,1183.7222493489583
1665,3453.1114908854165
1666,1034.537841796875
1667,2113.7725423177085
1668,1476.9141031901042
1669,3606.7589518229165
1670,1313.7039388020833
1671,998.7152099609375
1672,897.6025594075521
1673,725.0263875325521
1674,1217.5128580729167
1675,615.8763020833334
1676,777.6007283528646
1677,1469.2753499348958
1678,1118.3988444010417
1679,1300.3461507161458
1680,1787.3744303385417
1681,1168.4333089192708
1682,2563.6609700520835
1683,1560.246826171875
1684,1040.291015625
1685,1317.1345621744792
1686,1305.0167643229167
1687,1295.0519205729167
1688,1676.6162109375
1689,905.1822916666666
1690,898.6847941080729
1691,1296.54150390625
1692,3408.6250813802085
1693,1234.4762776692708
1694,1732.848876953125
1695,1156.9738362630208
1696,930.9998982747396
1697,1027.5391438802083
1698,782.9150797526041
1699,2043.5437825520833
1700,1333.9949544270833
1701,1176.2989501953125
1702,1225.1460367838542
1703,1267.8038736979167
1704,1569.1529541015625
1705,669.7626749674479
1706,1716.4753824869792
1707,1228.6134033203125
1708,1273.5030110677083
1709,1655.0335693359375
1710,1264.6957600911458
1711,1554.4705810546875
1712,1740.5924479166667
1713,1297.9812825520833
1714,1546.1676839192708
1715,1131.480712890625
1716,878.8307291666666
1717,825.7651977539062
1718,2527.6879069010415
1719,2328.3334147135415
1720,1415.4973551432292
1721,1562.8948160807292
1722,1237.73486328125
1723,2774.5487467447915
1724,883.2275187174479
1725,708.0582071940104
1726,1776.5926920572917
1727,1852.0860188802083
1728,926.7979532877604
1729,2708.943603515625
1730,1418.4764811197917
1731,1464.0182698567708
1732,1375.881103515625
1733,787.41552734375
1734,774.3903605143229
1735,1951.0682779947917
1736,1136.2975667317708
1737,981.8902994791666
1738,1786.3854166666667
1739,1218.772705078125
1740,1062.832275390625
1741,1368.227294921875
1742,1390.8408610026042
1743,1082.1686197916667
1744,1492.2941080729167
1745,602.0503336588541
1746,1528.0965576171875
1747,1488.4640299479167
1748,1295.1214192708333
1749,1639.2966715494792
1750,1239.4024658203125
1751,6144.846842447917
1752,848.3125813802084
1753,1344.25927734375
1754,1254.7015380859375
1755,1071.064208984375
1756,1420.0394694010417
1757,1261.1407470703125
1758,1344.6484375
1759,2013.501953125
1760,1147.1392822265625
1761,1680.486328125
1762,2730.0435384114585
1763,782.9652099609375
1764,1066.0786946614583
1765,2639.31787109375
1766,1048.7814534505208
1767,2204.308837890625
1768,1185.0836588541667
1769,1255.8004150390625
1770,1275.74658203125
1771,2806.9576822916665
1772,1502.6505940755208
1773,1810.5545247395833
1774,1794.5573323567708
1775,1300.6731363932292
1776,1152.7371012369792
1777,902.8460489908854
1778,1764.7819417317708
1779,1653.8204345703125
1780,1657.9585367838542
1781,960.7471516927084
1782,1718.8893636067708
1783,1314.913818359375
1784,1704.8111979166667
1785,1850.3762613932292
1786,3044.275634765625
1787,2297.39453125
1788,1702.112548828125
1789,2056.3841959635415
1790,3390.43603515625
1791,2202.465087890625
1792,4042.3141276041665
1793,909.2411499023438
1794,2239.8264973958335
1795,1230.5950927734375
1796,2022.5230305989583
1797,893.1041463216146
1798,1073.1312662760417
1799,1675.848388671875
1800,1758.4302978515625
1801,1272.0888264973958
1802,1314.9252522786458
1803,2210.0236002604165
1804,3112.5248209635415
1805,808.79248046875
1806,1200.1810302734375
1807,1166.1806640625
1808,1133.6156005859375
1809,2221.5108235677085
1810,891.0703735351562
1811,2957.126953125
1812,2427.9383138020835
1813,781.8759969075521
1814,2679.4224446614585
1815,953.01708984375
1816,894.4831746419271
1817,2720.0187174479165
1818,729.2023722330729
1819,1864.0957845052083
1820,1066.0309244791667
1821,1150.4670817057292
1822,1099.9471435546875
1823,1500.3921712239583
1824,851.0909220377604
1825,1585.8031819661458
1826,1661.9899495442708
1827,1689.8538818359375
1828,1332.0131429036458
1829,1684.0594075520833
1830,1344.1731363932292
1831,970.6050211588541
1832,1668.3367513020833
1833,1268.0221761067708
1834,8468.073893229166
1835,960.7271728515625
1836,1696.0522867838542
1837,1346.1860758463542
1838,3546.2600911458335
1839,1090.4706624348958
1840,1189.1453450520833
1841,1103.7061360677083
1842,2101.2686360677085
1843,736.7313435872396
1844,1928.7298583984375
1845,892.3194986979166
1846,1404.6305338541667
1847,1406.9635009765625
1848,2538.3479817708335
1849,1039.86865234375
1850,1097.3675537109375
1851,1475.1148681640625
1852,1757.9677734375
1853,1036.9845784505208
1854,3792.563232421875
1855,1124.070068359375
1856,1229.973876953125
1857,1060.7390950520833
1858,1607.7740478515625
1859,822.6666056315104
1860,3097.2272135416665
1861,1187.5326334635417
1862,1486.4249674479167
1863,3361.3890787760415
1864,1365.1382242838542
1865,1248.0576171875
1866,1090.9142252604167
1867,1144.3249104817708
1868,2783.74755859375
1869,1121.0770670572917
1870,2329.6995442708335
1871,1800.6918131510417
1872,1096.6796061197917
1873,1620.5539957682292
1874,1339.7030843098958
1875,1780.1983642578125
1876,2001.9924723307292
1877,2010.4792073567708
1878,1519.3623453776042
1879,822.0460408528646
1880,2617.7447916666665
1881,2105.4563802083335
1882,1462.4681396484375
1883,1248.0727945963542
1884,962.2914428710938
1885,995.5691324869791
1886,620.2629597981771
1887,1665.4151204427083
1888,2419.50244140625
1889,3115.5233561197915
1890,1393.2556559244792
1891,1214.1524251302083
1892,2623.29443359375
1893,1652.1595865885417
1894,1195.2919108072917
1895,934.0349324544271
1896,1087.5562744140625
1897,1436.021484375
1898,1911.3717854817708
1899,803.2930501302084
1900,1507.4106038411458
1901,2624.366943359375
1902,956.8311971028646
1903,3025.4496256510415
1904,1545.5751139322917
1905,875.6463826497396
1906,1642.5435384114583
1907,1171.1496175130208
1908,1862.6810709635417
1909,1080.9421793619792
1910,1410.8804524739583
1911,999.7225952148438
1912,892.2781575520834
1913,1065.55126953125
1914,892.7238159179688
1915,1490.4085286458333
1916,975.2853190104166
1917,2560.9971516927085
1918,1706.3154296875
1919,1496.6542561848958
1920,1256.9669189453125
1921,1292.6353759765625
1922,1758.1019287109375
1923,3099.8545735677085
1924,1976.8103434244792
1925,3528.28857421875
1926,1248.6232096354167
1927,1337.5052897135417
1928,840.1413370768229
1929,871.3594563802084
1930,1862.8482259114583
1931,1698.4800211588542
1932,1681.5924072265625
1933,1890.3382568359375
1934,1810.4845377604167
1935,1704.5596923828125
1936,2044.1468912760417
1937,2177.5711263020835
1938,1169.7069498697917
1939,1807.1731363932292
1940,1723.3271077473958
1941,2155.4180501302085
1942,1368.0842692057292
1943,1967.9771728515625
1944,1161.2615152994792
1945,1580.6335856119792
1946,1133.6872151692708
1947,1145.4001871744792
1948,1399.2972412109375
1949,1977.0224202473958
1950,1123.0263671875
1951,1398.867919921875
1952,1117.67138671875
1953,1228.3232014973958
1954,1473.9432779947917
1955,1364.9178059895833
1956,1047.2748209635417
1957,2976.7423502604165
1958,871.5943603515625
1959,1460.2733968098958
1960,1015.6533610026041
1961,1632.2552897135417
1962,979.3777465820312
1963,892.2886149088541
1964,1068.8524983723958
1965,1038.7822672526042
1966,1695.5879720052083
1967,1996.6162516276042
1968,1577.5575764973958
1969,863.6818440755209
1970,961.3773193359375
1971,731.9225260416666
1972,1870.200439453125
1973,1201.6886800130208
1974,3431.998291015625
1975,1346.0727132161458
1976,952.8175659179688
1977,1044.8337809244792
1978,2112.9054361979165
1979,680.464111328125
1980,1149.4744873046875
1981,1149.9088948567708
1982,1367.85302734375
1983,1259.3509928385417
1984,1736.5520833333333
1985,964.4256998697916
1986,769.3948974609375
1987,1033.7270100911458
1988,2399.236572265625
1989,3523.0521647135415
1990,1346.1136067708333
1991,1749.0391031901042
1992,2387.4324544270835
1993,2571.9939778645835
1994,994.8594970703125
1995,1674.6983235677083
1996,1165.7064208984375
1997,1775.1457112630208
1998,6208.433268229167
1999,1399.6581217447917
2000,1118.5136311848958
2001,3290.28369140625
2002,2046.2472737630208
2003,1765.1549479166667
2004,2340.7696126302085
2005,2378.4574381510415
2006,685.4295043945312
2007,1695.8411458333333
2008,1193.8294677734375
2009,1344.8900146484375
2010,4134.271647135417
2011,997.0504150390625
2012,1762.9440511067708
2013,886.6587320963541
2014,1133.3102213541667
2015,2431.1790364583335
2016,1363.692626953125
2017,1645.7305501302083
2018,1048.6280110677083
2019,1230.8149820963542
2020,1503.79296875
2021,1482.0973714192708
2022,2855.5257975260415
2023,2588.35107421875
2024,1485.79248046875
2025,901.6617228190104
2026,1691.3709309895833
2027,1113.00390625
2028,1202.0402018229167
2029,858.027099609375
2030,1282.2675374348958
2031,1257.345703125
2032,1104.3821614583333
2033,4095.5528971354165
2034,811.1982421875
2035,1529.3645833333333
2036,1904.417236328125
2037,1739.4205729166667
2038,1613.0485026041667
2039,970.4175211588541
2040,1968.659912109375
2041,1096.8253580729167
2042,1689.0222981770833
2043,2144.431640625
2044,989.1197102864584
2045,2087.2579752604165
2046,1340.161865234375
2047,1081.6324869791667
2048,1655.2880045572917
2049,1160.7026774088542
2050,1853.0643717447917
2051,586.6460164388021
2052,1544.5569661458333
2053,2569.8817545572915
2054,1229.56103515625
2055,1916.81591796875
2056,1562.32177734375
2057,1282.1793212890625
2058,1233.2396240234375
2059,1071.2056884765625
2060,1060.6488444010417
2061,2317.5546875
2062,3517.62548828125
2063,874.6141967773438
2064,1781.8811848958333
2065,1144.5589599609375
2066,1087.1829020182292
2067,1690.0945231119792
2068,2642.667724609375
2069,1803.48876953125
2070,1318.4694417317708
2071,1667.248291015625
2072,746.7160441080729
2073,1117.2753092447917
2074,1226.0780843098958
2075,897.8872477213541
2076,1104.2182210286458
2077,2150.265869140625
2078,1107.767333984375
2079,964.3269856770834
2080,1458.2149251302083
2081,1162.8137613932292
2082,1031.2062581380208
2083,990.3891805013021
2084,1348.3228352864583
2085,1106.3976643880208
2086,565.1048583984375
2087,1211.6746012369792
2088,3094.123779296875
2089,2282.50439453125
2090,1532.2742919921875
2091,1075.2185872395833
2092,1015.0702311197916
2093,894.0649820963541
2094,818.9658610026041
2095,1679.7517903645833
2096,3118.4710286458335
2097,929.6988728841146
2098,849.6280314127604
2099,1145.6285400390625
2100,1373.2151285807292
2101,810.8207804361979
2102,1668.964111328125
2103,1493.7798258463542
2104,1677.0868733723958
2105,2946.3081868489585
2106,1249.6479085286458
2107,1642.3101806640625
2108,1243.228271484375
2109,2332.118408203125
2110,1147.5371500651042
2111,1648.6828206380208
2112,1252.546875
2113,2129.5550130208335
2114,951.0470377604166
2115,1894.1324462890625
2116,1962.7609049479167
2117,1699.5771891276042
2118,806.6368408203125
2119,2396.580078125
2120,2455.2594401041665
2121,1325.3382975260417
2122,2013.70556640625
2123,1802.6427001953125
2124,3017.4016927083335
2125,1411.8482666015625
2126,1349.17236328125
2127,1026.5284830729167
2128,1310.5976969401042
2129,1299.1092529296875
2130,2636.60400390625
2131,930.9728190104166
2132,1022.8976643880209
2133,983.0308634440104
2134,1206.9134521484375
2135,1454.7232666015625
2136,4677.879557291667
2137,1807.0271402994792
2138,2380.9126790364585
2139,1532.854248046875
2140,2205.2179361979165
2141,1821.6581217447917
2142,782.6420491536459
2143,1474.7051595052083
2144,1860.1092122395833
2145,1237.538818359375
2146,1220.2363688151042
2147,1712.3720296223958
2148,1586.9158935546875
2149,1633.0613606770833
2150,1205.7021891276042
2151,1177.2913818359375
2152,1869.5028483072917
2153,2241.9154459635415
2154,993.875732421875
2155,1659.3454996744792
2156,1209.4877115885417
2157,1699.9410400390625
2158,883.5375162760416
2159,922.0281982421875
2160,2249.8670247395835
2161,1871.6562906901042
2162,852.7677205403646
2163,2025.6049397786458
2164,892.3447062174479
2165,838.2811482747396
2166,1643.6676839192708
2167,1653.3663330078125
2168,2616.6609700520835
2169,1665.0600179036458
2170,1452.0605875651042
2171,1078.164306640625
2172,984.3914794921875
2173,1712.2369791666667
2174,1248.2476806640625
2175,2339.9346516927085
2176,753.8157145182291
2177,797.3303629557291
2178,1102.9608154296875
2179,1594.4391276041667
2180,1262.66015625
2181,882.7209065755209
2182,823.0861002604166
2183,2554.5791015625
2184,1222.430908203125
2185,2682.7296549479165
2186,2692.9087727864585
2187,1200.9793701171875
2188,994.5049641927084
2189,948.3644205729166
2190,682.0498453776041
2191,749.9518025716146
2192,827.5948689778646
2193,1314.4808756510417
2194,1428.0481770833333
2195,2046.7412109375
2196,1373.0715738932292
2197,964.39404296875
2198,2235.1220703125
2199,1286.25390625
2200,1636.089599609375
2201,826.0541585286459
2202,1252.8864339192708
2203,736.1172485351562
2204,2039.5723063151042
2205,1374.3160400390625
2206,1744.6564534505208
2207,1440.7921142578125
2208,1456.8222249348958
2209,1053.51806640625
2210,1335.239013671875
2211,1405.0421549479167
2212,838.4564615885416
2213,1075.1983235677083
2214,1534.0396321614583
2215,1200.4991861979167
2216,1257.6562093098958
2217,1186.4144694010417
2218,1415.8804931640625
2219,1251.8677164713542
2220,1828.4951578776042
2221,3925.0792643229165
2222,1046.2864176432292
2223,1798.5448811848958
2224,1369.3521321614583
2225,2113.5965169270835
2226,1328.8573811848958
2227,2132.16455078125
2228,1639.0587565104167
2229,1329.3206380208333
2230,744.1917928059896
2231,1357.7900797526042
2232,2073.83447265625
2233,1090.0183919270833
2234,889.9573160807291
2235,1596.0790201822917
2236,1152.1659342447917
2237,762.2961018880209
2238,2633.205078125
2239,1205.987060546875
2240,1266.291259765625
2241,763.9197591145834
2242,1352.4782307942708
2243,1590.5846761067708
2244,746.8892415364584
2245,2444.7571614583335
2246,687.2718098958334
2247,1445.0290120442708
2248,1011.8703002929688
2249,1759.0021158854167
2250,1341.1754150390625
2251,588.0229085286459
2252,1005.99951171875
2253,1443.35693359375
2254,2605.7910970052085
2255,782.5002644856771
2256,1548.2522379557292
2257,1967.051025390625
2258,1220.722900390625
2259,1044.0355631510417
2260,1774.3768310546875
2261,1311.9393310546875
2262,1279.4647623697917
2263,978.1279907226562
2264,965.7864786783854
2265,1036.3308919270833
2266,1958.6124674479167
2267,2735.6156412760415
2268,1086.1451416015625
2269,3013.764892578125
2270,1578.6515706380208
2271,1861.2345377604167
2272,1030.5549723307292
2273,978.1135457356771
2274,1175.768798828125
2275,2800.4967447916665
2276,1151.560302734375
2277,1290.1187337239583
2278,1685.7816569010417
2279,2044.4091796875
2280,954.1679077148438
2281,780.5915730794271
2282,2181.298095703125
2283,1102.1241455078125
2284,1046.1359049479167
2285,2875.6831868489585
2286,991.7220052083334
2287,987.059326171875
2288,1074.7861735026042
2289,1838.2300211588542
2290,3777.5524088541665
2291,1220.6797281901042
2292,967.2799886067709
2293,1291.6321614583333
2294,908.3324178059896
2295,1523.1397298177083
2296,1777.9398600260417
2297,774.3501993815104
2298,1384.894287109375
2299,907.7659505208334
2300,1300.5210367838542
2301,1780.2002360026042
2302,2378.888427734375
2303,1877.1913655598958
2304,1002.3922932942709
2305,926.71533203125
2306,1131.119140625
2307,987.1045125325521
2308,1390.2085774739583
2309,2717.3492838541665
2310,1652.5776774088542
2311,2058.5181477864585
2312,1505.2181396484375
2313,1466.01513671875
2314,983.4259236653646
2315,1104.3135579427083
2316,954.326171875
2317,2102.0702311197915
2318,1402.465576171875
2319,969.2293497721354
2320,1180.5369059244792
2321,1606.6043294270833
2322,1776.0370279947917
2323,1507.1830647786458
2324,985.3534138997396
2325,1185.805419921875
2326,3159.1568196614585
2327,1044.0650227864583
2328,1419.4696858723958
2329,1377.5307210286458
2330,3946.1541341145835
2331,1821.1694742838542
2332,916.1261189778646
2333,1127.57177734375
2334,1345.74169921875
2335,1362.1508382161458
2336,1193.2606608072917
2337,1420.2505696614583
2338,722.6850382486979
2339,1044.5195719401042
2340,958.3911743164062
2341,1498.7570393880208
2342,804.7168172200521
2343,627.683837890625
2344,1426.6508382161458
2345,817.7309977213541
2346,1476.9852701822917
2347,1018.4740804036459
2348,1580.5705159505208
2349,2184.52490234375
2350,1550.0517578125
2351,1141.6450602213542
2352,2120.7979329427085
2353,1768.9960530598958
2354,1620.958984375
2355,2221.0580240885415
2356,1346.6145426432292
2357,1014.2710774739584
2358,737.0014038085938
2359,2265.9480794270835
2360,1052.5954182942708
2361,989.88671875
2362,1207.5415852864583
2363,1372.2415364583333
2364,1062.8414306640625
2365,831.0693969726562
2366,712.0115356445312
2367,625.1157430013021
2368,1865.6295166015625
2369,1599.6405436197917
2370,2377.4053548177085
2371,1376.1673177083333
2372,1203.4137369791667
2373,1078.359375
2374,2595.4706217447915
2375,2956.385986328125
2376,1337.41064453125
2377,876.1358235677084
2378,682.0484822591146
2379,2007.572265625
2380,1541.2782389322917
2381,806.3351236979166
2382,1541.3175862630208
2383,1323.029296875
2384,1173.2986246744792
2385,1469.6653238932292
2386,3447.1941731770835
2387,1891.81884765625
2388,1999.0379231770833
2389,1294.7257080078125
2390,1292.54345703125
2391,3548.016357421875
2392,899.4212036132812
2393,1739.3000081380208
2394,1174.6073811848958
2395,827.8669840494791
2396,1227.5031331380208
2397,1762.277587890625
2398,735.4510294596354
2399,1150.7738037109375
2400,3280.90869140625
2401,1362.3692626953125
2402,1213.8323974609375
2403,1010.9185994466146
2404,1255.1417236328125
2405,964.1399536132812
2406,1591.5044759114583
2407,1879.6101888020833
2408,1403.8924967447917
2409,1198.0514322916667
2410,2048.363525390625
2411,1643.7415771484375
2412,2008.6131591796875
2413,783.3037109375
2414,1335.5352783203125
2415,1372.0801188151042
2416,2157.71728515625
2417,2108.6039225260415
2418,1250.1182454427083
2419,1790.5661214192708
2420,1337.3629557291667
2421,1054.02587890625
2422,1642.8106689453125
2423,1978.9606119791667
2424,1019.1017456054688
2425,1383.647216796875
2426,904.2516276041666
2427,13222.258463541666
2428,1131.970458984375
2429,893.3909912109375
2430,2494.8675130208335
2431,1219.5933837890625
2432,1932.7560628255208
2433,3468.7803548177085
2434,1991.5794270833333
2435,991.1249389648438
2436,3397.48046875
2437,2841.8780110677085
2438,1288.940673828125
2439,1439.155517578125
2440,1308.2445882161458
2441,1332.7682291666667
2442,679.3021240234375
2443,986.4707845052084
2444,945.0624593098959
2445,970.1141153971354
2446,2751.270751953125
2447,1936.4017740885417
2448,5164.7265625
2449,854.7161661783854
2450,1247.5676676432292
2451,775.2843017578125
2452,1622.6383870442708
2453,1826.40380859375
2454,2495.0491536458335
2455,1216.7650146484375
2456,1422.9576009114583
2457,785.1983642578125
2458,1201.8760579427083
2459,1552.8055419921875
2460,1802.783203125
2461,1021.3672688802084
2462,2223.82421875
2463,2377.70068359375
2464,1047.4622802734375
2465,848.0570068359375
2466,2283.97705078125
2467,1118.3127848307292
2468,1116.5159098307292
2469,794.9417928059896
2470,1435.5493570963542
2471,2195.1412760416665
2472,1392.6835123697917
2473,1590.3878580729167
2474,1234.2885335286458
2475,1318.7895100911458
2476,3656.119384765625
2477,1331.7078450520833
2478,1359.2516682942708
2479,779.0049235026041
2480,1485.111328125
2481,1023.5435994466146
2482,2482.3152669270835
2483,2192.3807779947915
2484,859.1859334309896
2485,1230.1841634114583
2486,1386.7775065104167
2487,1840.8331298828125
2488,2414.0122884114585
2489,1212.27587890625
2490,1299.0712890625
2491,1368.0316975911458
2492,1085.0063883463542
2493,1195.9878336588542
2494,856.2728881835938
2495,2057.2179361979165
2496,1074.0293375651042
2497,1646.3859049479167
2498,1109.306396484375
2499,2427.3541666666665
2500,1310.183349609375
2501,793.7544352213541
2502,1324.4780680338542
2503,1758.9120279947917
2504,2820.59619140625
2505,1255.9349365234375
2506,2415.4718424479165
2507,2085.1053873697915
2508,1568.8519287109375
2509,1001.2770792643229
2510,1449.688232421875
2511,1937.758544921875
2512,1597.4690755208333
2513,786.3888753255209
2514,1851.1169026692708
2515,877.5464680989584
2516,989.4342854817709
2517,1012.1814168294271
2518,627.2164306640625
2519,1244.7147623697917
2520,1567.1756184895833
2521,695.5897216796875
2522,945.4163614908854
2523,974.5197550455729
2524,2162.6795247395835
2525,1271.0234375
2526,2116.4638671875
2527,1145.163818359375
2528,1539.1051025390625
2529,682.1951090494791
2530,1891.377197265625
2531,772.6521402994791
2532,1343.3330485026042
2533,2282.95751953125
2534,1321.0166829427083
2535,844.5858561197916
2536,1506.8846028645833
2537,1352.0146891276042
2538,2456.7010091145835
2539,1515.0267333984375
2540,1408.5680745442708
2541,1819.4814860026042
2542,1094.1486002604167
2543,1064.8271484375
2544,1524.6523030598958
2545,1991.0803629557292
2546,1490.7232666015625
2547,1357.0662841796875
2548,907.1649983723959
2549,1666.4615885416667
2550,2750.42041015625
2551,1163.0047607421875
2552,1059.8905029296875
2553,2167.3114420572915
2554,1084.4198811848958
2555,891.1290079752604
2556,677.2451375325521
2557,629.4368693033854
2558,1889.7329508463542
2559,1378.6365966796875
2560,1027.1529134114583
2561,1542.084228515625
2562,858.3888549804688
2563,824.570068359375
2564,852.7088826497396
2565,968.2061564127604
2566,3599.5003255208335
2567,1404.6989339192708
2568,1950.874755859375
2569,1292.4521891276042
2570,1469.0108642578125
2571,2070.0498860677085
2572,3823.3890787760415
2573,2215.578125
2574,1445.4549967447917
2575,1045.3017171223958
2576,2213.091064453125
2577,1598.7713623046875
2578,878.9135131835938
2579,1045.9890950520833
2580,1098.3103434244792
2581,1368.56884765625
2582,1011.6796671549479
2583,1057.260986328125
2584,1688.0921223958333
2585,948.9344482421875
2586,2688.677001953125
2587,1145.6850992838542
2588,1574.0560709635417
2589,1891.2150065104167
2590,2892.1482747395835
2591,923.5719401041666
2592,904.5069580078125
2593,1514.1973876953125
2594,2454.6729329427085
2595,2392.1312662760415
2596,1357.1606852213542
2597,1218.9965006510417
2598,986.4417928059896
2599,1060.51708984375
2600,2278.1959635416665
2601,2024.3790283203125
2602,1257.5496012369792
2603,969.0253499348959
2604,1079.0159505208333
2605,530.3909505208334
2606,945.179931640625
2607,3002.0320638020835
2608,1360.8450520833333
2609,1382.7527669270833
2610,993.5389404296875
2611,1248.6815999348958
2612,11629.801432291666
2613,1367.6477864583333
2614,1308.9595947265625
2615,673.3350626627604
2616,1835.544189453125
2617,1596.7672526041667
2618,1309.8860270182292
2619,2002.7591145833333
2620,3055.7374674479165
2621,995.4863688151041
2622,1096.3193766276042
2623,1688.4075927734375
2624,1278.267822265625
2625,1180.6980794270833
2626,1116.1808675130208
2627,1031.4473063151042
2628,1201.1263020833333
2629,2110.1835123697915
2630,1948.6759847005208
2631,1744.8629964192708
2632,2143.4462076822915
2633,2135.3466796875
2634,2466.8705240885415
2635,2049.3548583984375
2636,949.0836791992188
2637,931.9141031901041
2638,1487.1476643880208
2639,3444.8294270833335
2640,981.4685465494791
2641,1829.9019368489583
2642,1761.1731363932292
2643,2800.0115559895835
2644,1930.1321614583333
2645,719.6256510416666
2646,1405.2940673828125
2647,1242.4893798828125
2648,1848.6307373046875
2649,1195.8994954427083
2650,1061.50439453125
2651,655.3194783528646
2652,783.6502278645834
2653,1255.2396647135417
2654,1672.7327880859375
2655,897.8508504231771
2656,1530.66162109375
2657,1612.8357340494792
2658,1302.4130045572917
2659,892.0423990885416
2660,2654.6466471354165
2661,809.0098266601562
2662,1260.2488606770833
2663,612.8049926757812
2664,1847.7171223958333
2665,1476.327392578125
2666,691.6463216145834
2667,1746.6737060546875
2668,1411.8152669270833
2669,909.0815633138021
2670,1191.1070556640625
2671,670.2176920572916
2672,944.3519490559896
2673,1748.8382568359375
2674,914.2430419921875
2675,1037.3069254557292
2676,1801.6383463541667
2677,2097.6593424479165
2678,862.6346028645834
2679,1635.404296875
2680,1786.993408203125
2681,2214.6056315104165
2682,719.7665608723959
2683,2205.6222330729165
2684,1409.8378499348958
2685,2477.7845052083335
2686,1187.8108723958333
2687,1068.4833170572917
2688,738.6920166015625
2689,1138.4173990885417
2690,918.3805541992188
2691,840.2640177408854
2692,2349.31201171875
2693,2026.5556640625
2694,2573.6341145833335
2695,1210.2781575520833
2696,936.148681640625
2697,903.9117635091146
2698,1478.1382649739583
2699,1126.2631022135417
2700,932.6054890950521
2701,1307.6732177734375
2702,1581.6236979166667
2703,1673.9818522135417
2704,733.604736328125
2705,1710.4761962890625
2706,1382.2056070963542
2707,1508.4006754557292
2708,2610.7101236979165
2709,1931.2360026041667
2710,2727.0987955729165
2711,1426.6892903645833
2712,905.1613159179688
2713,2262.7579752604165
2714,1967.1304524739583
2715,923.0815836588541
2716,803.8620808919271
2717,1895.0634358723958
2718,1526.567138671875
2719,852.3332316080729
2720,2139.556396484375
2721,899.9680379231771
2722,2077.1923014322915
2723,1715.2822265625
2724,1662.0571695963542
2725,1263.0624593098958
2726,1183.1531575520833
2727,726.3714192708334
2728,942.0231119791666
2729,870.8504231770834
2730,1314.82275390625
2731,1778.7238362630208
2732,836.0945231119791
2733,1682.2491455078125
2734,1704.7020263671875
2735,1360.2056884765625
2736,1728.4989013671875
2737,825.6451212565104
2738,1362.8216145833333
2739,1589.3060709635417
2740,2913.3592936197915
2741,1251.055419921875
2742,1249.23046875
2743,1934.5758463541667
2744,1045.7416585286458
2745,1874.8190511067708
2746,2338.9678548177085
2747,1367.4826253255208
2748,1094.6247151692708
2749,1374.7210286458333
2750,1682.2633870442708
2751,1010.6224365234375
2752,1278.0790201822917
2753,1059.0553792317708
2754,962.7637329101562
2755,1037.0818684895833
2756,1498.7022298177083
2757,1428.9184977213542
2758,1263.0615234375
2759,1625.527099609375
2760,973.6275227864584
2761,1447.1294352213542
2762,822.3709513346354
2763,872.7743733723959
2764,1295.5055745442708
2765,829.7178344726562
2766,1193.778076171875
2767,859.3744099934896
2768,1543.5300699869792
2769,1917.5630289713542
2770,1898.5620524088542
2771,1101.6571858723958
2772,1063.6589762369792
2773,1214.5999755859375
2774,1558.1754150390625
2775,1149.912109375
2776,781.7049560546875
2777,998.2721557617188
2778,848.8885498046875
2779,2280.6746419270835
2780,1240.1453857421875
2781,2741.87890625
2782,1309.5576171875
2783,852.1947428385416
2784,4448.984700520833
2785,861.7879231770834
2786,2971.3035481770835
2787,1750.1698404947917
2788,1070.7677408854167
2789,4664.82177734375
2790,1881.9868570963542
2791,1370.531494140625
2792,1001.5769449869791
2793,2461.5540364583335
2794,852.2884521484375
2795,1114.25830078125
2796,1584.7845458984375
2797,2733.309326171875
2798,942.7230834960938
2799,1772.431884765625
2800,1713.3627522786458
2801,2168.1873372395835
2802,1462.5277099609375
2803,1542.525634765625
2804,2110.847900390625
2805,1487.6567789713542
2806,2936.6165364583335
2807,1165.1255289713542
2808,1550.4186604817708
2809,1041.1203206380208
2810,1792.830322265625
2811,1302.8059895833333
2812,1091.0846354166667
2813,785.9261067708334
2814,1414.38525390625
2815,1865.3826497395833
2816,1255.4408365885417
2817,1243.0967203776042
2818,2575.2706705729165
2819,3124.8050944010415
2820,960.3602905273438
2821,1194.8760986328125
2822,972.4098510742188
2823,1747.55419921875
2824,1277.411376953125
2825,990.8926595052084
2826,1753.9045003255208
2827,493.45264689127606
2828,1320.5655517578125
2829,1901.1381429036458
2830,699.3647054036459
2831,3313.0316569010415
2832,1499.1615804036458
2833,780.3819376627604
2834,1299.0836588541667
2835,789.2913411458334
2836,1568.0872395833333
2837,1456.2813313802083
2838,1193.4952392578125
2839,969.0597941080729
2840,1142.89111328125
2841,1163.0290120442708
2842,2485.426513671875
2843,2190.5081380208335
2844,1367.8233235677083
2845,1465.14453125
2846,698.7036743164062
2847,1629.7773844401042
2848,875.8826293945312
2849,887.8820190429688
2850,1651.9525146484375
2851,1511.8021647135417
2852,971.840576171875
2853,2243.9083658854165
2854,1091.4200439453125
2855,7721.433756510417
2856,1387.0125325520833
2857,1504.4852701822917
2858,847.2125447591146
2859,1489.6282958984375
2860,1326.9271240234375
2861,2862.4392903645835
2862,1269.1098225911458
2863,1043.0557861328125
2864,1992.7774251302083
2865,645.6182250976562
2866,1691.3472493489583
2867,1362.1372884114583
2868,2268.7567545572915
2869,1157.8821614583333
2870,1125.9705810546875
2871,1036.8800455729167
2872,2617.1824544270835
2873,771.8554484049479
2874,1356.5584309895833
2875,1177.8581949869792
2876,1402.89404296875
2877,1118.9658203125
2878,555.5895182291666
2879,934.6269327799479
2880,1599.436767578125
2881,1505.2442220052083
2882,827.3410847981771
2883,1626.43212890625
2884,5264.667317708333
2885,2930.3395182291665
2886,2378.8887532552085
2887,888.0798543294271
2888,2123.0812174479165
2889,1581.95361328125
2890,1456.47705078125
2891,1096.8742268880208
2892,1066.6400146484375
2893,1747.5675862630208
2894,1760.1207682291667
2895,973.7204182942709
2896,1656.0157877604167
2897,1394.0317789713542
2898,1027.861328125
2899,863.7396240234375
2900,882.1968180338541
2901,1417.671630859375
2902,493.6591491699219
2903,910.7208251953125
2904,3098.0144856770835
2905,2361.4778645833335
2906,2427.6038411458335
2907,1720.9383951822917
2908,1635.0743001302083
2909,2390.8377278645835
2910,656.5490926106771
2911,890.0576985677084
2912,2509.7801106770835
2913,855.7154337565104
2914,571.4187622070312
2915,2106.4762369791665
2916,882.3425089518229
2917,1477.6655680338542
2918,1857.7874755859375
2919,1028.7422281901042
2920,1873.7025146484375
2921,1037.654296875
2922,1063.5920003255208
2923,993.1542358398438
2924,671.6852620442709
2925,2108.549560546875
2926,1196.2919514973958
2927,956.4583129882812
2928,1762.1746012369792
2929,625.7963460286459
2930,1058.6858723958333
2931,1612.1570638020833
2932,1321.1715087890625
2933,1441.7742106119792
2934,1412.6233723958333
2935,1564.9337158203125
2936,1595.2156168619792
2937,1171.359619140625
2938,1847.094970703125
2939,715.4213256835938
2940,2402.1251627604165
2941,1169.4564208984375
2942,1583.1302897135417
2943,1572.2715657552083
2944,984.7202555338541
2945,640.418701171875
2946,4707.185546875
2947,1431.1045735677083
2948,1198.3633219401042
2949,2335.9230143229165
2950,783.9745686848959
2951,2175.685791015625
2952,1277.1827799479167
2953,1842.3428141276042
2954,1243.5989583333333
2955,883.5950724283854
2956,1312.7506103515625
2957,1303.934326171875
2958,977.4497477213541
2959,2589.0177408854165
2960,2008.7010498046875
2961,1151.817138671875
2962,1812.6222330729167
2963,1009.7010904947916
2964,994.2667032877604
2965,1717.548828125
2966,1047.412109375
2967,1071.9898681640625
2968,911.4588419596354
2969,1174.8860677083333
2970,1284.7194417317708
2971,1467.3221842447917
2972,1007.0355224609375
2973,1005.2978515625
2974,1585.2873942057292
2975,1003.19775390625
2976,535.134521484375
2977,904.0834757486979
2978,1437.7424723307292
2979,1176.6055501302083
2980,913.502197265625
2981,1299.9759521484375
2982,1009.1079305013021
2983,1392.9455973307292
2984,1249.655029296875
2985,1940.37353515625
2986,1281.5635986328125
2987,1750.4676920572917
2988,2994.1044108072915
2989,1795.3976643880208
2990,1911.4593505859375
2991,696.1282958984375
2992,1359.1162516276042
2993,654.7530110677084
2994,2133.3231608072915
2995,1073.7471923828125
2996,1580.625244140625
2997,2556.8543294270835
2998,973.0484008789062
2999,1080.3959147135417
3000,1537.2926025390625
3001,1534.4446207682292
3002,997.3648071289062
3003,1420.6412760416667
3004,1947.4886881510417
3005,1259.6568603515625
3006,987.5502726236979
3007,1303.4348958333333
3008,1695.5739339192708
3009,1240.5288492838542
3010,2136.8069661458335
3011,1060.9621175130208
3012,1303.7314046223958
3013,1897.2272542317708
3014,2208.1583658854165
3015,1162.499267578125
3016,1133.8468017578125
3017,1797.6463216145833
3018,1865.9363606770833
3019,1223.4068196614583
3020,2020.6617431640625
3021,1335.8089599609375
3022,1822.8544514973958
3023,1326.367431640625
3024,1068.650634765625
3025,736.6822916666666
3026,679.0181274414062
3027,1577.2943929036458
3028,1376.2383219401042
3029,1083.7386881510417
3030,657.9862263997396
3031,1286.282958984375
3032,1022.6998697916666
3033,1457.2479248046875
3034,697.5243937174479
3035,963.6360066731771
3036,1254.3981119791667
3037,827.5462849934896
3038,687.6157633463541
3039,1572.1030680338542
3040,932.9820556640625
3041,1057.5421549479167
3042,1967.10009765625
3043,1684.350830078125
3044,1114.140625
3045,2725.513671875
3046,833.3929850260416
3047,3781.13232421875
3048,1658.2940266927083
3049,639.2847493489584
3050,3125.5228678385415
3051,1462.8444417317708
3052,989.8220621744791
3053,1556.9653727213542
3054,681.9383341471354
3055,681.0198160807291
3056,940.9326782226562
3057,606.54150390625
3058,1095.843505859375
3059,592.1837361653646
3060,880.2413736979166
3061,915.9294026692709
3062,841.8046875
3063,1262.557861328125
3064,562.9783325195312
3065,1897.2445882161458
3066,1398.8134358723958
3067,1337.6025390625
3068,1486.9979248046875
3069,1653.1143798828125
3070,1018.5775146484375
3071,1414.7029215494792
3072,2763.4090169270835
3073,1289.9914143880208
3074,1577.35205078125
3075,2282.7266438802085
3076,815.6905314127604
3077,1241.3828938802083
3078,1948.9823811848958
3079,2224.8028157552085
3080,1020.8363240559896
3081,784.5202026367188
3082,687.5972086588541
3083,812.4748331705729
3084,812.3882853190104
3085,740.7211507161459
3086,1839.0640462239583
3087,910.6964111328125
3088,974.1163940429688
3089,1302.9511311848958
3090,1321.3444010416667
3091,1119.9567464192708
3092,2041.1252034505208
3093,1006.5389200846354
3094,1440.9940592447917
3095,840.6644897460938
3096,2453.6402180989585
3097,798.5751546223959
3098,821.4600830078125
3099,1137.52880859375
3100,2447.8208821614585
3101,2136.0452473958335
3102,1896.5393880208333
3103,1275.1788736979167
3104,2221.6502278645835
3105,2942.8246256510415
3106,1408.2064208984375
3107,2059.6564127604165
3108,1080.6796468098958
3109,1905.8007405598958
3110,1237.4249267578125
3111,1109.7343343098958
3112,2288.7882486979165
3113,1864.7027994791667
3114,1684.8655192057292
3115,1423.9667561848958
3116,1151.2550455729167
3117,1365.5738932291667
3118,1297.150146484375
3119,1754.9984130859375
3120,776.3558349609375
3121,1467.251708984375
3122,963.7525227864584
3123,803.8965861002604
3124,2455.0403645833335
3125,1985.9079182942708
3126,654.9979858398438
3127,863.2668253580729
3128,1175.8434244791667
3129,886.1529134114584
3130,5748.230143229167
3131,867.8163859049479
3132,1320.3910319010417
3133,3183.1555989583335
3134,1846.7021484375
3135,1012.2392781575521
3136,740.8063354492188
3137,994.764404296875
3138,2082.07373046875
3139,1133.9740804036458
3140,1315.1374918619792
3141,3264.394287109375
3142,1094.3033447265625
3143,895.828857421875
3144,786.0896606445312
3145,1900.8495279947917
3146,1209.7124430338542
3147,1700.5785319010417
3148,2146.9815266927085
3149,996.8962605794271
3150,964.6508382161459
3151,1125.8555908203125
3152,728.25048828125
3153,1014.178466796875
3154,2609.7151692708335
3155,1109.6974690755208
3156,1386.192138671875
3157,2442.8766276041665
3158,1614.6580810546875
3159,1177.0967203776042
3160,735.6045125325521
3161,796.1832275390625
3162,1354.8084309895833
3163,2616.1552734375
3164,1614.6038411458333
3165,1930.5288899739583
3166,1231.50732421875
3167,2444.783447265625
3168,1565.9764811197917
3169,1251.3544514973958
3170,1315.6673583984375
3171,1441.2538655598958
3172,1452.563720703125
3173,1186.2740885416667
3174,2140.3505859375
3175,1986.2724609375
3176,1203.4946695963542
3177,1693.3121744791667
3178,1179.6150716145833
3179,1915.5179036458333
3180,949.4229125976562
3181,743.5855305989584
3182,1689.4332275390625
3183,1282.1222330729167
3184,1659.0148518880208
3185,892.9390055338541
3186,2249.2342122395835
3187,747.496337890625
3188,2257.0906575520835
3189,990.4810180664062
3190,1928.3533935546875
3191,1394.2920328776042
3192,1570.9602457682292
3193,1438.7342122395833
3194,2144.7925618489585
3195,1031.2251383463542
3196,844.1546223958334
3197,1298.9840494791667
3198,920.5332641601562
3199,1158.0437825520833
3200,974.0376383463541
3201,739.4203287760416
3202,981.9117635091146
3203,1508.6156819661458
3204,2143.18359375
3205,1996.0947672526042
3206,1483.7311197916667
3207,1243.38720703125
3208,1696.3492838541667
3209,1955.990234375
3210,627.014892578125
3211,1038.1327311197917
3212,1441.761474609375
3213,1025.0640869140625
3214,816.4765625
3215,929.1477254231771
3216,670.6533203125
3217,2688.0745442708335
3218,1292.0161946614583
3219,2745.8509928385415
3220,1074.7877604166667
3221,1612.511474609375
3222,952.4183349609375
3223,1154.68408203125
3224,1441.92236328125
3225,907.6460367838541
3226,1317.3961181640625
3227,857.3326619466146
3228,1725.8694661458333
3229,4286.295735677083
3230,1302.9808756510417
3231,2076.9823404947915
3232,1192.3552652994792
3233,2855.2504069010415
3234,1800.0161946614583
3235,802.2717488606771
3236,2331.9264322916665
3237,3141.4640299479165
3238,3483.82470703125
3239,3362.75146484375
3240,1719.0034993489583
3241,1294.0284423828125
3242,759.7232055664062
3243,1146.4659830729167
3244,1651.0172119140625
3245,665.8490193684896
3246,992.4025675455729
3247,1415.5334065755208
3248,1345.4957275390625
3249,1429.6988118489583
3250,2542.444091796875
3251,1731.22119140625
3252,1105.0982666015625
3253,1119.5614420572917
3254,990.2616170247396
3255,1964.707763671875
3256,678.2725626627604
3257,855.9029541015625
3258,749.4652506510416
3259,971.4958699544271
3260,1018.0346272786459
3261,1302.7029215494792
3262,2218.9009602864585
3263,3385.26220703125
3264,3021.97802734375
3265,700.3271891276041
3266,974.2465006510416
3267,609.5212809244791
3268,1058.643310546875
3269,1779.8819986979167
3270,1082.5855712890625
3271,1188.7358805338542
3272,512.3559977213541
3273,865.2260335286459
3274,1681.8851318359375
3275,2347.9169108072915
3276,1777.1122233072917
3277,1674.9429117838542
3278,1423.5084635416667
3279,1554.9283447265625
3280,878.0492757161459
3281,1746.0132242838542
3282,911.1246948242188
3283,608.4063313802084
3284,1841.5937906901042
3285,1496.9543050130208
3286,1477.9173177083333
3287,755.3653767903646
3288,2248.5410970052085
3289,1401.6035563151042
3290,729.3068033854166
3291,1502.695556640625
3292,1218.9686279296875
3293,1414.4462483723958
3294,820.6185709635416
3295,1616.1664632161458
3296,1140.5521240234375
3297,1637.5640462239583
3298,1459.7650146484375
3299,2240.0724283854165
3300,708.7207234700521
3301,2529.5144856770835
3302,729.3668619791666
3303,1034.6558024088542
3304,1490.3273111979167
3305,599.6621297200521
3306,1051.7370198567708
3307,2396.1858723958335
3308,1878.7977294921875
3309,2562.2067057291665
3310,1510.7659098307292
3311,2715.3269856770835
3312,2013.0922444661458
3313,1018.7859497070312
3314,2693.2244466145835
3315,977.0443115234375
3316,1709.76025390625
3317,3253.6415201822915
3318,1138.9608561197917
3319,1197.919677734375
3320,1472.7334798177083
3321,1077.8457845052083
3322,1987.9024251302083
3323,889.1858520507812
3324,852.2102864583334
3325,773.5325113932291
3326,2341.45458984375
3327,1420.0054524739583
3328,1751.9213053385417
3329,953.8509724934896
3330,1006.4762369791666
3331,1048.4679361979167
3332,1394.8782552083333
3333,1267.0483805338542
3334,1817.8065999348958
3335,585.4495035807291
3336,2035.6608479817708
3337,1032.8581136067708
3338,838.7560831705729
3339,3582.6507161458335
3340,1168.989013671875
3341,1064.7046712239583
3342,623.8661295572916
3343,1797.4707438151042
3344,3272.2334798177085
3345,2283.650390625
3346,927.3795572916666
3347,1234.1865234375
3348,1489.3159586588542
3349,873.9505818684896
3350,1213.8878580729167
3351,1419.806640625
3352,1733.9383544921875
3353,2046.0743815104167
3354,1072.357666015625
3355,990.4159952799479
3356,2039.09375
3357,1023.4410196940104
3358,950.98583984375
3359,1001.7985432942709
3360,1509.0900065104167
3361,3754.0476888020835
3362,1482.7654215494792
3363,1997.9666341145833
3364,697.2374471028646
3365,922.2150675455729
3366,1642.5352376302083
3367,547.3503824869791
3368,2493.9283854166665
3369,862.6439819335938
3370,2001.1634114583333
3371,2860.4677734375
3372,862.2737630208334
3373,1915.1912434895833
3374,1470.1489664713542
3375,1067.1549072265625
3376,770.9356486002604
3377,1536.6902262369792
3378,1262.0326741536458
3379,1036.4117024739583
3380,2173.591552734375
3381,761.8427530924479
3382,586.5204467773438
3383,1059.059814453125
3384,2567.9064127604165
3385,1462.0645751953125
3386,1219.6609293619792
3387,2070.0775553385415
3388,1944.2698160807292
3389,877.1126708984375
3390,2483.9906412760415
3391,3096.2002766927085
3392,1196.2169189453125
3393,1027.3030192057292
3394,1070.7655029296875
3395,2002.8849283854167
3396,1465.7088623046875
3397,2335.4161783854165
3398,1526.8968505859375
3399,682.8922932942709
3400,1123.1393636067708
3401,1847.3658040364583
3402,646.0650634765625
3403,1274.9315592447917
3404,1334.9507649739583
3405,629.7527262369791
3406,1485.7894287109375
3407,2954.3965657552085
3408,963.2011311848959
3409,788.8348795572916
3410,1262.8534342447917
3411,671.1067911783854
3412,586.1747436523438
3413,967.29443359375
3414,2344.7843424479165
3415,1548.826171875
3416,1239.1754964192708
3417,1471.4932861328125
3418,812.6417236328125
3419,2272.1509602864585
3420,1877.3399658203125
3421,544.00634765625
3422,1067.4649251302083
3423,1863.3573811848958
3424,1653.4480387369792
3425,902.2662353515625
3426,1339.4141438802083
3427,2654.4842122395835
3428,1928.215087890625
3429,1884.1502685546875
3430,1038.4043782552083
3431,12370.949869791666
3432,1192.62890625
3433,2094.4488118489585
3434,1720.907470703125
3435,2166.3360188802085
3436,1089.0433349609375
3437,2432.4833984375
3438,775.5401407877604
3439,1061.2161458333333
3440,2550.5901692708335
3441,1372.0157063802083
3442,1122.4974772135417
3443,1180.5172526041667
3444,1295.6028238932292
3445,2586.5692545572915
3446,1371.8916015625
3447,936.4526774088541
3448,1511.4928385416667
3449,989.8179321289062
3450,1628.6706136067708
3451,1421.4052734375
3452,1574.6158854166667
3453,2905.1533203125
3454,1342.3344319661458
3455,1185.7847086588542
3456,924.4798787434896
3457,1458.7113037109375
3458,2767.0892740885415
3459,865.3922119140625
3460,1489.8430989583333
3461,768.7067260742188
3462,1791.83837890625
3463,2057.7020670572915
3464,4625.786946614583
3465,988.6849365234375
3466,1645.3026529947917
3467,825.3530069986979
3468,1022.3666585286459
3469,2935.1963704427085
3470,1153.4544270833333
3471,1397.3623453776042
3472,839.9192097981771
3473,1154.8583170572917
3474,1833.2691650390625
3475,1316.685546875
3476,1180.5477294921875
3477,810.6097208658854
3478,1193.7404378255208
3479,898.7737833658854
3480,3746.2640787760415
3481,905.5875651041666
3482,2215.4500325520835
3483,1877.2773030598958
3484,1194.9617513020833
3485,1087.6148681640625
3486,1121.7069498697917
3487,1791.0220133463542
3488,3682.5354817708335
3489,1191.687744140625
3490,1100.48291015625
3491,1174.5037434895833
3492,2442.651611328125
3493,1304.5598958333333
3494,11739.287760416666
3495,930.4319458007812
3496,1060.9246826171875
3497,1148.5223795572917
3498,1190.9480794270833
3499,1774.5323486328125
3500,1351.3257242838542
3501,1895.1870524088542
3502,1110.2774658203125
3503,3001.7029622395835
3504,673.3811238606771
3505,1550.4541015625
3506,666.8169962565104
3507,944.7843221028646
3508,1854.2128092447917
3509,1029.7305501302083
3510,1106.8546549479167
3511,3227.9561360677085
3512,1048.6570638020833
3513,1734.4939778645833
3514,2801.6724446614585
3515,1830.9815266927083
3516,1003.2972615559896
3517,1706.1506754557292
3518,902.5062052408854
3519,753.233642578125
3520,1213.2935384114583
3521,1930.7992350260417
3522,1097.4508870442708
3523,989.3324584960938
3524,1088.0311686197917
3525,1209.3057454427083
3526,1390.3760579427083
3527,3151.404541015625
3528,1634.7148844401042
3529,4336.369140625
3530,1327.7001139322917
3531,916.3978271484375
3532,1626.1513264973958
3533,1530.81201171875
3534,743.7601318359375
3535,1979.5953776041667
3536,1871.8619791666667
3537,1267.4798583984375
3538,787.9533487955729
3539,773.6522216796875
3540,1108.5644124348958
3541,887.751708984375
3542,971.9217325846354
3543,1342.7664388020833
3544,2228.373046875
3545,1499.1123046875
3546,964.0465494791666
3547,3081.8082682291665
3548,1063.5416259765625
3549,5514.261881510417
3550,2531.5296223958335
3551,1154.2007242838542
3552,830.4009806315104
3553,1942.640625
3554,1395.0506591796875
3555,1320.9854736328125
3556,2267.301513671875
3557,2836.774169921875
3558,2763.0457356770835
3559,1246.7877197265625
3560,843.6702270507812
3561,990.8199869791666
3562,1248.2997639973958
3563,693.9249674479166
3564,1131.3933919270833
3565,671.4529825846354
3566,1901.87548828125
3567,1347.4424235026042
3568,1895.7419026692708
3569,2323.861572265625
3570,1147.3846842447917
3571,1430.5294189453125
3572,753.9774373372396
3573,772.6140340169271
3574,1576.8489176432292
3575,1916.5691324869792
3576,1449.6106770833333
3577,1997.3851725260417
3578,962.5252075195312
3579,1115.3310546875
3580,2682.4121907552085
3581,1592.5010172526042
3582,1894.6430257161458
3583,2085.865966796875
3584,1112.1879069010417
3585,2031.6366373697917
3586,884.5251057942709
3587,823.7762451171875
3588,893.3629150390625
3589,793.0139770507812
3590,1926.1462809244792
3591,1508.2955322265625
3592,903.2961832682291
3593,11966.446940104166
3594,1174.1088053385417
3595,1141.8191324869792
3596,609.6144612630209
3597,1761.0431722005208
3598,1260.888916015625
3599,2390.34619140625
3600,1262.4909261067708
3601,2602.5804850260415
3602,900.7925008138021
3603,1557.2667643229167
3604,2547.8081868489585
3605,3419.64501953125
3606,1812.0039469401042
3607,1546.0076090494792
3608,1296.2164713541667
3609,840.9641520182291
3610,972.8790283203125
3611,2221.0821126302085
3612,1302.27783203125
3613,627.5701090494791
3614,844.1789143880209
3615,594.2405802408854
3616,1435.0277506510417
3617,2576.2369791666665
3618,1061.9064534505208
3619,853.8284912109375
3620,2556.0371907552085
3621,1733.3294677734375
3622,1200.501708984375
3623,2229.1538899739585
3624,1330.9988606770833
3625,2302.85498046875
3626,831.1751505533854
3627,1800.55224609375
3628,1399.160400390625
3629,1191.6706136067708
3630,2217.7288411458335
3631,883.0858357747396
3632,1385.8558756510417
3633,2239.8943684895835
3634,965.3488566080729
3635,2769.6599934895835
3636,1764.3653564453125
3637,1651.9616292317708
3638,837.3976643880209
3639,655.3214111328125
3640,866.8433227539062
3641,740.0460815429688
3642,1553.4344482421875
3643,666.9849243164062
3644,1317.1197509765625
3645,1168.1373291015625
3646,1951.9894205729167
3647,1842.1527099609375
3648,2243.8883463541665
3649,1727.3518880208333
3650,553.6782430013021
3651,892.8944905598959
3652,1345.0682779947917
3653,1654.6580810546875
3654,980.0304158528646
3655,1001.900390625
3656,914.3960571289062
3657,1279.902099609375
3658,1218.1143391927083
3659,1752.5813802083333
3660,2531.3385416666665
3661,1599.1343587239583
3662,1899.6629638671875
3663,1173.2167561848958
3664,1174.7902425130208
3665,2360.37890625
3666,948.7664998372396
3667,1326.6578776041667
3668,797.3616943359375
3669,2288.6952311197915
3670,2048.0768229166665
3671,856.5130004882812
3672,811.7051595052084
3673,1328.7298177083333
3674,555.1484375
3675,1821.0299886067708
3676,743.7185872395834
3677,739.3832397460938
3678,2285.8883463541665
3679,1959.436767578125
3680,1013.7302856445312
3681,1385.2333984375
3682,728.1598917643229
3683,1477.8495686848958
3684,1186.2713216145833
3685,2143.7918294270835
3686,778.5229085286459
3687,585.1064249674479
3688,987.6805013020834
3689,885.2000122070312
3690,1120.7202555338542
3691,1248.8313395182292
3692,1343.486083984375
3693,691.0763956705729
3694,855.8394165039062
3695,1662.8193359375
3696,1606.2662353515625
3697,1924.3860677083333
3698,969.4882609049479
3699,670.7652994791666
3700,1579.3597005208333
3701,1044.5199788411458
3702,2095.1424967447915
3703,934.4762980143229
3704,1421.3234049479167
3705,644.2703653971354
3706,1385.7177734375
3707,1024.0924886067708
3708,1677.5038655598958
3709,1803.4256591796875
3710,1809.0569254557292
3711,1300.5265706380208
3712,1367.9912109375
3713,2338.3623046875
3714,1710.8450520833333
3715,800.5617879231771
3716,1344.2279459635417
3717,944.0245971679688
3718,1150.9838053385417
3719,1961.4478352864583
3720,716.9663492838541
3721,894.0578816731771
3722,1897.3093668619792
3723,2364.1798502604165
3724,1269.755126953125
3725,1014.6205240885416
3726,1287.5725504557292
3727,1217.6113688151042
3728,790.3775838216146
3729,1089.1554768880208
3730,1127.8829752604167
3731,1462.4171956380208
3732,731.2188110351562
3733,666.0983276367188
3734,1259.5520426432292
3735,904.4177449544271
3736,742.32421875
3737,1248.5600179036458
3738,995.0072835286459
3739,621.5455118815104
3740,1080.9878336588542
3741,2246.000244140625
3742,1237.0163167317708
3743,982.6218668619791
3744,1329.5802408854167
3745,1308.8620198567708
3746,1074.7454020182292
3747,1878.5791422526042
3748,3697.650634765625
3749,966.9336954752604
3750,1328.8404134114583
3751,3216.4356282552085
3752,1791.8135986328125
3753,1171.1548258463542
3754,1437.9156087239583
3755,850.9684651692709
3756,777.0905965169271
3757,802.3927815755209
3758,3963.6158040364585
3759,877.7503051757812
3760,1020.6353759765625
3761,728.1671752929688
3762,755.2680053710938
3763,635.0145874023438
3764,887.6935017903646
3765,1113.5539957682292
3766,992.3028157552084
3767,744.2616170247396
3768,1118.4189453125
3769,1948.1728108723958
3770,1666.8874918619792
3771,2304.9403483072915
3772,1437.1502685546875
3773,1466.3066813151042
3774,1015.7882486979166
3775,1074.2406819661458
3776,864.7633463541666
3777,2572.0923665364585
3778,1422.8421223958333
3779,2010.4788411458333
3780,1956.9932454427083
3781,942.5939737955729
3782,1738.8538818359375
3783,1004.5142415364584
3784,1671.7174072265625
3785,669.6820678710938
3786,655.0982666015625
3787,652.1669311523438
3788,1825.028076171875
3789,1328.5928141276042
3790,1492.9864501953125
3791,1481.7515462239583
3792,1312.5378824869792
3793,654.0298665364584
3794,1652.2177327473958
3795,806.4360758463541
3796,1334.6073811848958
3797,2572.7603352864585
3798,1920.496337890625
3799,710.6297607421875
3800,1429.901611328125
3801,3080.2495930989585
3802,1708.7451985677083
3803,959.4309285481771
3804,921.4819946289062
3805,1371.9013264973958
3806,879.1965942382812
3807,693.1532999674479
3808,932.2948811848959
3809,1495.1990152994792
3810,919.8197021484375
3811,1826.2469482421875
3812,1180.9146321614583
3813,1247.115966796875
3814,843.0905354817709
3815,1132.2519938151042
3816,1394.1106770833333
3817,1120.2236328125
3818,736.6530558268229
3819,2136.0511881510415
3820,1438.3610432942708
3821,1469.920166015625
3822,1086.9576009114583
3823,1708.4029134114583
3824,924.9505208333334
3825,735.3783976236979
3826,1810.4287109375
3827,752.4085489908854
3828,602.9343058268229
3829,1261.9231363932292
3830,4773.772135416667
3831,1281.8832194010417
3832,1337.2119547526042
3833,728.96826171875
3834,1101.8489176432292
3835,973.1163736979166
3836,2149.854248046875
3837,790.8581949869791
3838,566.0706583658854
3839,682.8074951171875
3840,768.3319702148438
3841,1664.8354085286458
3842,1738.86572265625
3843,1399.4892985026042
3844,1469.9886067708333
3845,2050.34130859375
3846,1497.0595703125
3847,1963.8190104166667
3848,1319.7664794921875
3849,1114.9021809895833
3850,1873.1152750651042
3851,1387.2447509765625
3852,3321.6233723958335
3853,1461.963134765625
3854,2126.02197265625
3855,1091.730224609375
3856,859.1975708007812
3857,966.3596801757812
3858,981.7031046549479
3859,1189.0264078776042
3860,3944.2096354166665
3861,1766.1888427734375
3862,1332.0749918619792
3863,2234.5863444010415
3864,867.8133748372396
3865,1879.1646321614583
3866,1976.1356201171875
3867,1862.5033772786458
3868,2213.095703125
3869,993.877685546875
3870,777.7275594075521
3871,1793.6534016927083
3872,1750.9248860677083
3873,1431.4345296223958
3874,1070.3944091796875
3875,811.9204711914062
3876,1539.6460367838542
3877,2002.593017578125
3878,1003.6751302083334
3879,819.6134236653646
3880,1325.2688802083333
3881,5024.233072916667
3882,2361.2899576822915
3883,2858.4176432291665
3884,1373.7152506510417
3885,1401.121826171875
3886,1320.553466796875
3887,1065.7001953125
3888,2713.6150716145835
3889,1317.6205647786458
3890,859.48876953125
3891,1001.1865437825521
3892,1690.198486328125
3893,2317.2938639322915
3894,1765.3802083333333
3895,2878.15771484375
3896,1595.2956136067708
3897,1714.2061767578125
3898,1365.75244140625
3899,857.1352945963541
3900,1918.6429850260417
3901,690.9366861979166
3902,860.0945434570312
3903,4929.265787760417
3904,1663.2018636067708
3905,951.9872233072916
3906,1220.0303141276042
3907,1844.7784830729167
3908,2458.50927734375
3909,1706.6311848958333
3910,986.0678100585938
3911,972.9995320638021
3912,1322.0293782552083
3913,3900.1346842447915
3914,1170.6478678385417
3915,2131.4195963541665
3916,1353.4691569010417
3917,1982.989990234375
3918,1518.2569173177083
3919,1593.5591227213542
3920,1545.0517578125
3921,1670.3883870442708
3922,1368.3482666015625
3923,1055.4642333984375
3924,737.7680053710938
3925,1121.458984375
3926,2564.8063151041665
3927,935.9484659830729
3928,1627.5456136067708
3929,699.925048828125
3930,1314.9027506510417
3931,1106.2039794921875
3932,1131.9878743489583
3933,1278.7826334635417
3934,2140.7589518229165
3935,1356.8742268880208
3936,1657.3389078776042
3937,1237.336669921875
3938,1123.8992919921875
3939,755.306884765625
3940,1137.3519694010417
3941,2908.2400716145835
3942,1441.5934244791667
3943,761.9849243164062
3944,1056.2429606119792
3945,696.6472574869791
3946,1781.4862060546875
3947,824.9840901692709
3948,2084.8627115885415
3949,1045.0941162109375
3950,2075.1263834635415
3951,1526.0694173177083
3952,845.4461873372396
3953,2673.4715983072915
3954,802.7880045572916
3955,937.5809529622396
3956,2158.6793619791665
3957,784.9184366861979
3958,1063.3111165364583
3959,828.3561808268229
3960,1668.574462890625
3961,1431.7403971354167
3962,1825.5703531901042
3963,1604.9907633463542
3964,928.1343587239584
3965,1122.8655598958333
3966,2578.6805013020835
3967,621.7802530924479
3968,1928.9635416666667
3969,2267.04248046875
3970,1641.0140787760417
3971,1079.7870279947917
3972,1490.5400390625
3973,1529.8241373697917
3974,1352.5758463541667
3975,884.3093058268229
3976,662.7642415364584
3977,683.7069091796875
3978,2500.2305501302085
3979,1594.216064453125
3980,1404.746826171875
3981,1795.2972005208333
3982,2125.7661946614585
3983,957.2395222981771
3984,1115.126220703125
3985,893.9886067708334
3986,1171.8789876302083
3987,1110.0843505859375
3988,979.1428833007812
3989,1073.4954833984375
3990,1532.264404296875
3991,1473.5960286458333
3992,3409.5704752604165
3993,1095.7559407552083
3994,568.131103515625
3995,1868.8702392578125
3996,991.6504516601562
3997,2210.110107421875
3998,1002.2138671875
3999,1612.5164388020833
4000,1519.7487386067708
4001,576.3841959635416
4002,1598.0989583333333
4003,1325.2856038411458
4004,2840.2555338541665
4005,1851.6744384765625
4006,822.0392456054688
4007,693.9374796549479
4008,1516.3735758463542
4009,1566.0356038411458
4010,1082.5314127604167
4011,1757.6033935546875
4012,1294.5806477864583
4013,1257.90673828125
4014,843.5864868164062
4015,1727.3727213541667
4016,1245.8354085286458
4017,1962.4025065104167
4018,2695.22265625
4019,1189.6422932942708
4020,2241.1822102864585
4021,917.708251953125
4022,2654.9908854166665
4023,2034.5591227213542
4024,2185.9137369791665
4025,1916.33349609375
4026,1736.6529947916667
4027,2033.7887369791667
4028,1945.73388671875
4029,880.0724283854166
4030,600.4352213541666
4031,1089.7989501953125
4032,1656.71826171875
4033,1263.0961100260417
4034,1067.9120279947917
4035,919.8121337890625
4036,1325.1368815104167
4037,1475.142578125
4038,1446.9228515625
4039,2919.660400390625
4040,3828.4263509114585
4041,1714.6190999348958
4042,1671.6676025390625
4043,804.2342529296875
4044,1193.3008219401042
4045,2499.4581705729165
4046,4044.4588216145835
4047,884.5457560221354
4048,614.0184529622396
4049,3008.19775390625
4050,994.7117106119791
4051,840.61474609375
4052,929.6939290364584
4053,1438.0911458333333
4054,1096.2459716796875
4055,995.7055867513021
4056,989.9263509114584
4057,1043.5155843098958
4058,1238.6712646484375
4059,775.0838012695312
4060,1111.6670735677083
4061,1273.5010172526042
4062,2217.901123046875
4063,2900.7901204427085
4064,1585.7904866536458
4065,1499.8810628255208
4066,1173.5182291666667
4067,954.3548583984375
4068,1091.9305013020833
4069,502.83286539713544
4070,865.7549641927084
4071,1283.1022135416667
4072,1910.9849039713542
4073,1314.8883870442708
4074,599.9339599609375
4075,995.0624186197916
4076,974.0943603515625
4077,1061.3481038411458
4078,1678.5841878255208
4079,766.138916015625
4080,1315.4021402994792
4081,1099.7997233072917
4082,1342.4648030598958
4083,932.9728800455729
4084,12291.447591145834
4085,3489.8216959635415
4086,948.0887247721354
4087,677.4849650065104
4088,1236.0431722005208
4089,1336.09130859375
4090,1342.5957845052083
4091,735.9819742838541
4092,870.4268188476562
4093,2737.6848958333335
4094,2083.4340006510415
4095,1463.6856689453125
4096,1167.4972330729167
4097,1160.2321370442708
4098,953.9968058268229
4099,852.6767171223959
4100,1287.8995361328125
4101,567.6117146809896
4102,884.578369140625
4103,1195.7619222005208
4104,1743.9418538411458
4105,1319.6066080729167
4106,1041.6399739583333
4107,1484.1826985677083
4108,1297.6883138020833
4109,1763.0592447916667
4110,1300.7200927734375
4111,1608.2835286458333
4112,1337.0773111979167
4113,1340.4667154947917
4114,908.7470296223959
4115,798.0859375
4116,2577.47314453125
4117,1306.3406982421875
4118,1192.6024576822917
4119,1589.0084228515625
4120,1223.6423746744792
4121,1142.2427978515625
4122,1536.1990559895833
4123,683.7829182942709
4124,1016.744384765625
4125,1323.3047281901042
4126,947.4786376953125
4127,1372.0332845052083
4128,1937.6568603515625
4129,940.9639689127604
4130,1612.6953531901042
4131,1625.9776611328125
4132,1158.0603841145833
4133,1735.22216796875
4134,1001.8613688151041
4135,1137.125244140625
4136,2138.295166015625
4137,1430.890380859375
4138,1111.4912109375
4139,929.8455607096354
4140,2936.5607096354165
4141,934.4539184570312
4142,1011.1292724609375
4143,975.5312296549479
4144,998.4798787434896
4145,1618.6350911458333
4146,840.0118204752604
4147,1532.2102864583333
4148,1002.9648640950521
4149,3066.9447428385415
4150,1295.2345784505208
4151,2127.6767578125
4152,2187.05810546875
4153,1539.3011881510417
4154,1279.6003011067708
4155,1570.1377766927083
4156,1791.4159342447917
4157,2653.1282552083335
4158,758.0722859700521
4159,1232.4893798828125
4160,871.6714680989584
4161,819.890380859375
4162,628.6811116536459
4163,854.4056396484375
4164,1459.6300455729167
4165,618.3028971354166
4166,1240.0697428385417
4167,504.0572916666667
4168,1677.0838216145833
4169,1036.8782145182292
4170,2812.73388671875
4171,521.8358154296875
4172,1312.8645833333333
4173,5283.002115885417
4174,681.6326090494791
4175,1301.3334554036458
4176,749.6066487630209
4177,2808.90087890625
4178,1097.9207356770833
4179,1151.8647867838542
4180,1352.513916015625
4181,2511.4762369791665
4182,1065.6103515625
4183,1022.4378051757812
4184,1075.4179280598958
4185,976.2741088867188
4186,1952.4012451171875
4187,1076.9828694661458
4188,1128.3356526692708
4189,1258.4774983723958
4190,1023.2456868489584
4191,795.6653645833334
4192,1386.7452392578125
4193,1038.3504231770833
4194,1655.7811279296875
4195,850.5630696614584
4196,1065.2549641927083
4197,916.6298217773438
4198,1911.3388671875
4199,1822.9336751302083
4200,1375.1718343098958
4201,963.9317830403646
4202,1199.9181722005208
4203,904.3666178385416
4204,952.6269124348959
4205,1097.2559814453125
4206,1235.5644124348958
4207,1015.9314778645834
4208,2064.6123860677085
4209,1301.4283447265625
4210,718.4979858398438
4211,1185.4416910807292
4212,1579.661376953125
4213,674.546630859375
4214,911.1689656575521
4215,1450.3656819661458
4216,761.2029418945312
4217,975.5469970703125
4218,1521.8736165364583
4219,527.7580362955729
4220,1297.0101318359375
4221,1350.4996744791667
4222,2007.9764811197917
4223,1546.331787109375
4224,1861.1392008463542
4225,1258.6081136067708
4226,963.3911336263021
4227,1520.0347493489583
4228,2376.9491373697915
4229,2250.4076334635415
4230,2405.2428385416665
4231,1368.8801676432292
4232,4322.99560546875
4233,2555.9746907552085
4234,1114.1742350260417
4235,1404.4850667317708
4236,1497.0714518229167
4237,1002.1707763671875
4238,1231.1575113932292
4239,1676.9833577473958
4240,2327.36279296875
4241,1241.462646484375
4242,619.6437581380209
4243,2102.5751139322915
4244,1393.856689453125
4245,1374.1160074869792
4246,1118.9904378255208
4247,3706.958251953125
4248,807.0916951497396
4249,3643.4752604166665
4250,898.7768961588541
4251,1223.140625
4252,1433.5479736328125
4253,1415.4008382161458
4254,2096.01318359375
4255,1165.2926839192708
4256,1037.212646484375
4257,1193.8328450520833
4258,1369.2464192708333
4259,744.4794921875
4260,1304.9586588541667
4261,3136.37646484375
4262,1199.8425699869792
4263,1190.2036539713542
4264,717.5611775716146
4265,1022.3206787109375
4266,1205.0499267578125
4267,733.547607421875
4268,1868.9930013020833
4269,772.6361083984375
4270,1999.8995361328125
4271,1647.7516276041667
4272,1303.516845703125
4273,979.6633504231771
4274,860.8126424153646
4275,2339.48583984375
4276,1907.623046875
4277,1521.1984456380208
4278,2707.1582845052085
4279,1400.6572265625
4280,1342.8765462239583
4281,3024.1565755208335
4282,1064.6341959635417
4283,1000.0620727539062
4284,2692.3418782552085
4285,1996.9120279947917
4286,1755.0223795572917
4287,1388.0649820963542
4288,1004.04296875
4289,915.4524943033854
4290,1615.0420328776042
4291,2376.0979817708335
4292,891.7869466145834
4293,1231.3351236979167
4294,1118.97119140625
4295,682.2897135416666
4296,648.1437377929688
4297,2189.652099609375
4298,869.1249186197916
4299,1426.4276123046875
4300,1217.0186360677083
4301,1257.3778076171875
4302,1079.9890543619792
4303,1934.7850748697917
4304,1113.1435139973958
4305,772.841064453125
4306,1304.4130452473958
4307,2042.5995279947917
4308,964.7112833658854
4309,783.7716674804688
4310,1668.8704020182292
4311,968.7463785807291
4312,1409.0764567057292
4313,1082.363037109375
4314,2174.6472981770835
4315,1052.9755452473958
4316,1556.7941487630208
4317,1203.6845703125
4318,1535.7003173828125
4319,1050.1000569661458
4320,1447.5041097005208
4321,1144.7882486979167
4322,724.2760416666666
4323,1160.8112386067708
4324,939.7018636067709
4325,890.9980061848959
4326,690.7562866210938
4327,1012.0623575846354
4328,1841.3847249348958
4329,703.6641438802084
4330,923.8815714518229
4331,1115.6057942708333
4332,1917.943115234375
4333,804.40673828125
4334,2690.7478841145835
4335,2380.920654296875
4336,1165.0353190104167
4337,2010.2068277994792
4338,1269.3318277994792
4339,1038.1752522786458
4340,1029.6510416666667
4341,948.2454833984375
4342,816.9464721679688
4343,1534.7017415364583
4344,1449.0411376953125
4345,1663.9881591796875
4346,1603.1861979166667
4347,772.8975219726562
4348,1028.8131103515625
4349,773.0173543294271
4350,1230.6943766276042
4351,1899.2841796875
4352,1298.8748372395833
4353,2421.092041015625
4354,1369.1350504557292
4355,1385.1266682942708
4356,2380.1407877604165
4357,893.6513875325521
4358,1240.1138916015625
4359,979.8684488932291
4360,2238.8216959635415
4361,569.907958984375
4362,1433.3197835286458
4363,1462.5324300130208
4364,1013.198486328125
4365,1081.004638671875
4366,2455.053955078125
4367,1137.0786539713542
4368,1499.0580647786458
4369,792.9295857747396
4370,1340.9054768880208
4371,892.2408040364584
4372,1196.2163899739583
4373,1276.0830485026042
4374,1979.9175618489583
4375,1372.693359375
4376,2154.2845865885415
4377,1186.6689860026042
4378,2044.9843343098958
4379,1406.61474609375
4380,1248.4553629557292
4381,1015.017822265625
4382,1363.6744791666667
4383,2549.639404296875
4384,961.2525024414062
4385,1006.8027547200521
4386,1919.6138916015625
4387,774.6506958007812
4388,774.8797200520834
4389,1597.5691324869792
4390,951.073486328125
4391,1655.3039957682292
4392,1072.0077311197917
4393,1823.1520182291667
4394,1175.69482421875
4395,2241.366455078125
4396,2453.6153157552085
4397,979.4823608398438
4398,1013.3885091145834
4399,1230.2890218098958
4400,693.5833536783854
4401,1070.6891682942708
4402,509.6510518391927
4403,977.04296875
4404,1528.3879801432292
4405,551.4488321940104
4406,1163.0619303385417
4407,2840.142822265625
4408,2974.30126953125
4409,1058.853759765625
4410,960.6098225911459
4411,2532.41845703125
4412,714.4474487304688
4413,1048.821533203125
4414,716.4760335286459
4415,947.3657430013021
4416,1152.437744140625
4417,2186.7874348958335
4418,727.53759765625
4419,1475.3861083984375
4420,1065.6360270182292
4421,2256.5052083333335
4422,1774.1270345052083
4423,1583.090087890625
4424,1020.9950358072916
4425,1205.5595296223958
4426,863.4100748697916
4427,884.2378133138021
4428,806.187255859375
4429,722.3384399414062
4430,1484.654052734375
4431,1198.8514404296875
4432,1528.8275960286458
4433,1218.2162679036458
4434,914.5411173502604
4435,1360.4019368489583
4436,1019.2410888671875
4437,923.2161254882812
4438,1216.1338704427083
4439,1542.4334309895833
4440,807.4798787434896
4441,1613.3639729817708
4442,1948.385986328125
4443,1138.8002115885417
4444,733.9351196289062
4445,896.1935221354166
4446,1564.2928059895833
4447,1096.4930419921875
4448,2746.3290201822915
4449,1213.169189453125
4450,1430.0447998046875
4451,2848.790283203125
4452,2555.3439127604165
4453,1126.5122884114583
4454,989.8087158203125
4455,2599.818115234375
4456,1385.2652994791667
4457,1277.6582845052083
4458,2508.9815266927085
4459,910.64892578125
4460,1217.1630859375
4461,3690.4808756510415
4462,1394.8974609375
4463,1195.9694010416667
4464,1171.8471272786458
4465,2226.2146809895835
4466,1001.9757486979166
4467,717.1585693359375
4468,816.2977905273438
4469,1223.227294921875
4470,929.8115437825521
4471,3830.1410319010415
4472,1586.7569986979167
4473,1054.77783203125
4474,1566.4242757161458
4475,1125.5586751302083
4476,1224.1695556640625
4477,1566.46826171875
4478,780.2364298502604
4479,1378.982177734375
4480,4144.60791015625
4481,1765.4905598958333
4482,1315.5912679036458
4483,1373.46484375
4484,889.5150553385416
4485,764.0775553385416
4486,579.3400675455729
4487,622.5474446614584
4488,1847.5558268229167
4489,1393.4349772135417
4490,1272.037841796875
4491,1546.5148518880208
4492,1907.7204182942708
4493,963.7150065104166
4494,1935.0933024088542
4495,1606.2630208333333
4496,2098.0013020833335
4497,1222.6436767578125
4498,1617.702392578125
4499,1936.3434651692708
4500,791.6532185872396
4501,983.4732259114584
4502,850.5199381510416
4503,889.7183430989584
4504,1142.2623291015625
4505,1565.5032552083333
4506,2136.7606608072915
4507,1431.4919840494792
4508,1162.139404296875
4509,1188.2564290364583
4510,1253.0819091796875
4511,2701.7421875
4512,1678.7567545572917
4513,1175.9207356770833
4514,1380.08935546875
4515,1954.4047037760417
4516,992.0721435546875
4517,1726.5945638020833
4518,672.5459187825521
4519,2702.2316080729165
4520,2258.3595377604165
4521,837.9412027994791
4522,1439.2144775390625
4523,1515.1694742838542
4524,1032.7338053385417
4525,2853.797607421875
4526,1216.6031087239583
4527,626.5986328125
4528,1510.837646484375
4529,1821.9546712239583
4530,1079.9845784505208
4531,1512.6473388671875
4532,935.835205078125
4533,752.4603678385416
4534,1756.7900797526042
4535,1072.867431640625
4536,924.5687255859375
4537,1050.0799153645833
4538,1080.2222086588542
4539,1313.2125651041667
4540,970.6965942382812
4541,916.4286905924479
4542,810.8788859049479
4543,1671.6888427734375
4544,1118.2353922526042
4545,669.9280395507812
4546,1022.5102132161459
4547,1011.5361531575521
4548,1644.6173909505208
4549,898.7375691731771
4550,2425.9188639322915
4551,2300.049072265625
4552,1602.9200032552083
4553,826.1801961263021
4554,841.0715535481771
4555,696.4402669270834
4556,1013.7370402018229
4557,1403.5445556640625
4558,1766.7811686197917
4559,2088.3611653645835
4560,1204.2427571614583
4561,1235.177734375
4562,1189.4052327473958
4563,953.2158203125
4564,1558.8726806640625
4565,825.2317504882812
4566,880.1512451171875
4567,2005.1900634765625
4568,899.6372477213541
4569,1473.3275960286458
4570,1903.9166259765625
4571,1059.4978434244792
4572,2131.3528645833335
4573,704.4966634114584
4574,1547.7213134765625
4575,743.9810587565104
4576,814.7510375976562
4577,1741.5501302083333
4578,1014.5934855143229
4579,1772.83935546875
4580,1345.8890380859375
4581,2556.3465983072915
4582,2264.2395833333335
4583,911.7905069986979
4584,895.7710571289062
4585,1410.3522135416667
4586,762.2817179361979
4587,1285.9180908203125
4588,894.2879638671875
4589,1071.6620279947917
4590,973.1866861979166
4591,999.3766886393229
4592,1056.1608072916667
4593,3009.4813639322915
4594,1145.91162109375
4595,1739.3703206380208
4596,879.4212036132812
4597,956.9742024739584
4598,1943.7607014973958
4599,1913.5890299479167
4600,1576.7075602213542
4601,1068.43603515625
4602,508.7661437988281
4603,712.4365234375
4604,574.2998657226562
4605,720.9825439453125
4606,966.9583129882812
4607,725.1131998697916
4608,2604.0651041666665
4609,2148.3120930989585
4610,1020.8024495442709
4611,843.5657145182291
4612,815.7290649414062
4613,859.7135009765625
4614,1030.5208740234375
4615,1233.4428304036458
4616,1187.3414306640625
4617,2360.7196451822915
4618,822.7507120768229
4619,800.4057413736979
4620,954.6263224283854
4621,1529.34619140625
4622,1667.3548177083333
4623,3584.75634765625
4624,2341.7591959635415
4625,1265.3435465494792
4626,1647.5962727864583
4627,1414.068359375
4628,1537.7047526041667
4629,781.9796956380209
4630,886.3238728841146
4631,1988.4995524088542
4632,1682.609619140625
4633,836.8984985351562
4634,1160.1968180338542
4635,905.6216227213541
4636,2220.8692220052085
4637,1699.8389892578125
4638,1046.709716796875
4639,906.9111735026041
4640,727.4131062825521
4641,1724.3388264973958
4642,1327.2027994791667
4643,1217.6494954427083
4644,1679.5017903645833
4645,894.244873046875
4646,1562.7686767578125
4647,1503.4965413411458
4648,698.912841796875
4649,557.3143513997396
4650,2100.8349609375
4651,1410.0624593098958
4652,1735.8439127604167
4653,2686.4244791666665
4654,912.9891153971354
4655,1300.892822265625
4656,917.9303588867188
4657,778.1135864257812
4658,1173.997314453125
4659,715.5223388671875
4660,783.0902506510416
4661,1757.6317545572917
4662,604.9433797200521
4663,2412.9773763020835
4664,973.457763671875
4665,1558.7067464192708
4666,826.3478393554688
4667,877.9806518554688
4668,974.9648640950521
4669,1215.013916015625
4670,2320.5585123697915
4671,1552.5879313151042
4672,1136.7161458333333
4673,982.1250203450521
4674,666.0580240885416
4675,2940.8045247395835
4676,1439.3664143880208
4677,1118.2300618489583
4678,1100.3282470703125
4679,2023.061279296875
4680,2826.6474609375
4681,1183.4648844401042
4682,1335.0621337890625
4683,2498.7705078125
4684,927.2086791992188
4685,905.0263264973959
4686,1425.22509765625
4687,1752.7611490885417
4688,2530.4364420572915
4689,1769.7593587239583
4690,2194.2332356770835
4691,1069.3228352864583
4692,1521.8067626953125
4693,925.5314534505209
4694,1234.396240234375
4695,1392.5975748697917
4696,1474.7767740885417
4697,1896.6932373046875
4698,3911.435546875
4699,1685.5961100260417
4700,937.7672322591146
4701,919.15576171875
4702,1345.8865152994792
4703,973.8656412760416
4704,1436.8189697265625
4705,1555.3109944661458
4706,2094.6748046875
4707,1129.94775390625
4708,1646.3136800130208
4709,1419.5341389973958
4710,2817.1857096354165
4711,706.3723958333334
4712,936.1951700846354
4713,1088.0995279947917
4714,1379.1131998697917
4715,797.2953694661459
4716,1977.5661214192708
4717,996.9749552408854
4718,645.6078694661459
4719,907.7342122395834
4720,854.7779134114584
4721,715.8198852539062
4722,1510.7783203125
4723,1513.9730631510417
4724,1009.2661539713541
4725,784.1501871744791
4726,1004.6128133138021
4727,1707.3103434244792
4728,1462.0723876953125
4729,1623.1749267578125
4730,3700.8484700520835
4731,993.3517862955729
4732,1407.9664306640625
4733,911.8609212239584
4734,1038.0007731119792
4735,1510.8119710286458
4736,800.4463907877604
4737,778.7608642578125
4738,1446.6991373697917
4739,2167.952880859375
4740,1371.8247477213542
4741,1272.5335693359375
4742,2930.2698567708335
4743,619.0013834635416
4744,1312.1703694661458
4745,4118.01220703125
4746,1689.6508382161458
4747,1786.2528889973958
4748,1562.9037679036458
4749,933.7319539388021
4750,4331.282063802083
4751,1067.062255859375
4752,1489.0942789713542
4753,1081.1448567708333
4754,870.7178141276041
4755,1721.075927734375
4756,1020.8963419596354
4757,855.2725219726562
4758,761.0749918619791
4759,2369.453857421875
4760,1884.9375
4761,1116.0591634114583
4762,3434.9715983072915
4763,1880.913330078125
4764,848.9859619140625
4765,1513.5701090494792
4766,766.3052978515625
4767,700.6475016276041
4768,1457.6062825520833
4769,952.9055379231771
4770,1419.0949300130208
4771,2797.1853841145835
4772,1083.8558756510417
4773,663.1749674479166
4774,994.5980631510416
4775,1749.9635416666667
4776,1170.76904296875
4777,2273.212890625
4778,773.2583821614584
4779,2090.9148763020835
4780,1920.5611979166667
4781,723.8960978190104
4782,1045.517333984375
4783,740.6932169596354
4784,1065.2943929036458
4785,2347.3369140625
4786,1263.9645589192708
4787,1471.7489013671875
4788,841.0247192382812
4789,730.4854939778646
4790,1633.0191243489583
4791,1258.8074544270833
4792,1503.6715494791667
4793,1238.5153401692708
4794,2314.2853190104165
4795,675.5885620117188
4796,1735.1600341796875
4797,1433.4576009114583
4798,1503.3476155598958
4799,3956.1056315104165
4800,1519.6959228515625
4801,2192.1810709635415
4802,1234.462158203125
4803,1151.2397867838542
4804,1094.2423095703125
4805,998.6016438802084
4806,1300.3825276692708
4807,12297.6796875
4808,785.5606079101562
4809,863.9381510416666
4810,1039.8946940104167
4811,1195.3646240234375
4812,877.8654378255209
4813,1147.791015625
4814,898.8297729492188
4815,716.593994140625
4816,1166.9807942708333
4817,947.525634765625
4818,1086.04296875
4819,1001.7158203125
4820,2467.3855794270835
4821,1434.1595458984375
4822,672.3622029622396
4823,3246.8349609375
4824,987.5603434244791
4825,1029.0428059895833
4826,930.9868977864584
4827,1818.8909505208333
4828,1314.5845540364583
4829,1705.5386555989583
4830,1250.1684163411458
4831,2137.9431966145835
4832,1002.5974731445312
4833,2782.1372884114585
4834,832.0479532877604
4835,1131.4909261067708
4836,1126.90185546875
4837,1644.7189534505208
4838,2051.1790364583335
4839,704.3641357421875
4840,1910.9163818359375
4841,1676.634521484375
4842,586.9792683919271
4843,1087.0469156901042
4844,1387.1707356770833
4845,1104.3848470052083
4846,1015.2434285481771
4847,1095.3343912760417
4848,749.7093709309896
4849,1114.5537516276042
4850,1328.661865234375
4851,800.9984130859375
4852,1328.4551595052083
4853,970.2086995442709
4854,1039.1775716145833
4855,1291.9132080078125
4856,957.3197021484375
4857,1895.8172200520833
4858,721.2248942057291
4859,1064.5616048177083
4860,679.9320068359375
4861,801.6905314127604
4862,3184.0970865885415
4863,1960.2834879557292
4864,3299.70751953125
4865,591.6905721028646
4866,802.4904378255209
4867,827.8397827148438
4868,2862.4893391927085
4869,2643.1548665364585
4870,1080.4986979166667
4871,1564.8443603515625
4872,916.5636393229166
4873,1456.5477294921875
4874,1202.5861409505208
4875,639.6589558919271
4876,628.2361450195312
4877,1639.9604899088542
4878,1198.1248372395833
4879,959.7070515950521
4880,705.018310546875
4881,1724.3241780598958
4882,2153.20458984375
4883,1053.4874267578125
4884,774.7098185221354
4885,672.7606608072916
4886,1259.7154541015625
4887,1892.3735758463542
4888,1124.256591796875
4889,546.8710530598959
4890,745.8786214192709
4891,1513.6329345703125
4892,3375.1051432291665
4893,1293.171142578125
4894,1322.341064453125
4895,1833.0045166015625
4896,1710.9460856119792
4897,1034.8015950520833
4898,1730.3565266927083
4899,2298.2906087239585
4900,522.9076538085938
4901,1168.6309000651042
4902,2528.9534505208335
4903,1510.324462890625
4904,2415.7423502604165
4905,2049.461385091146
4906,1891.2132161458333
4907,1551.958740234375
4908,1305.4656982421875
4909,2435.9214680989585
4910,1881.1800130208333
4911,850.4449055989584
4912,1755.2881266276042
4913,5533.6416015625
4914,950.8408406575521
4915,1555.6444905598958
4916,1080.4310302734375
4917,1054.3837890625
4918,2017.3324788411458
4919,1609.6011149088542
4920,1024.7477620442708
4921,779.4818929036459
4922,2605.9070638020835
4923,1933.0672200520833
4924,1315.7714436848958
4925,720.1171061197916
4926,1272.66796875
4927,1060.7545572916667
4928,943.6713256835938
4929,983.2479451497396
4930,1361.192138671875
4931,1330.4740397135417
4932,787.0825398763021
4933,2083.7272135416665
4934,1870.0670572916667
4935,1215.7969156901042
4936,1253.1382242838542
4937,985.7824300130209
4938,661.3776245117188
4939,565.4876912434896
4940,949.1858520507812
4941,913.5737508138021
4942,1564.7174886067708
4943,2058.5301920572915
4944,1420.9498697916667
4945,1040.7755533854167
4946,2059.3636881510415
4947,843.9002888997396
4948,1532.0724690755208
4949,2130.0712890625
4950,1791.7449951171875
4951,1736.3800455729167
4952,1243.0238850911458
4953,1595.2838948567708
4954,1761.0718180338542
4955,1217.9546305338542
4956,975.7008666992188
4957,922.5980021158854
4958,1373.7242838541667
4959,795.0655924479166
4960,1849.2100016276042
4961,1206.8492431640625
4962,987.1276245117188
4963,1413.7605387369792
4964,1546.4703776041667
4965,1299.0948893229167
4966,2239.3317057291665
4967,1099.0194091796875
4968,1417.8709309895833
4969,848.0771280924479
4970,1625.3378092447917
4971,1714.7129313151042
4972,1737.0042724609375
4973,1303.4274088541667
4974,737.6583658854166
4975,610.58837890625
4976,1305.8173828125
4977,2787.27587890625
4978,1593.4495442708333
4979,2511.4156087239585
4980,1531.4404296875
4981,1791.5091552734375
4982,703.5482177734375
4983,942.5750935872396
4984,2024.064208984375
4985,1455.1186116536458
4986,809.7869262695312
4987,2185.8428548177085
4988,665.7400716145834
4989,1443.0504150390625
4990,1188.5843098958333
4991,2432.0225423177085
4992,1215.8829345703125
4993,623.1756591796875
4994,702.6764119466146
4995,914.1884765625
4996,1144.1011962890625
4997,1139.3977457682292
4998,756.02490234375
4999,862.0755004882812
5000,1720.0067545572917
5001,1984.3000081380208
5002,1631.2311604817708
5003,1408.2082926432292
5004,783.8133341471354
5005,1230.575439453125
5006,723.8162231445312
5007,1017.3845825195312
5008,1439.7471110026042
5009,633.0504557291666
5010,1000.6288655598959
5011,1311.6684163411458
5012,914.6951090494791
5013,798.8406575520834
5014,841.986328125
5015,929.2516682942709
5016,1194.2742106119792
5017,1365.3293050130208
5018,1477.8959147135417
5019,1649.423583984375
5020,665.5248616536459
5021,925.0497029622396
5022,760.3206990559896
5023,1745.8095296223958
5024,831.1005452473959
5025,1878.4737955729167
5026,955.9369303385416
5027,1620.5544840494792
5028,1827.8143717447917
5029,724.9951578776041
5030,763.8948567708334
5031,1216.3055826822917
5032,1740.504150390625
5033,1226.7493489583333
5034,1087.4671223958333
5035,1353.9171956380208
5036,1429.0181884765625
5037,1465.5419921875
5038,1054.396484375
5039,1262.9075520833333
5040,831.8189697265625
5041,882.2660725911459
5042,1420.6046142578125
5043,1406.0279134114583
5044,897.4459228515625
5045,1030.5937906901042
5046,1244.1767578125
5047,2504.9794108072915
5048,1694.1951497395833
5049,1354.4490966796875
5050,1655.5909016927083
5051,792.76025390625
5052,1020.4330851236979
5053,778.9958292643229
5054,784.2004597981771
5055,833.7144571940104
5056,1234.1824951171875
5057,1518.6540120442708
5058,2042.2270914713542
5059,1204.0288899739583
5060,887.7807413736979
5061,878.9438680013021
5062,1248.9961344401042
5063,1251.4163004557292
5064,1543.1597493489583
5065,989.4899698893229
5066,676.0102742513021
5067,1930.1909586588542
5068,1324.68505859375
5069,1665.6690266927083
5070,934.7635701497396
5071,1734.9300130208333
5072,602.5891723632812
5073,5503.419759114583
5074,1001.6008504231771
5075,830.8252360026041
5076,1738.09912109375
5077,2399.80224609375
5078,2627.7638346354165
5079,1313.901123046875
5080,2466.4566243489585
5081,1354.9808349609375
5082,1024.88525390625
5083,1391.2799886067708
5084,1173.4219156901042
5085,1179.2358805338542
5086,565.3044026692709
5087,4003.935791015625
5088,3268.0975748697915
5089,597.6810913085938
5090,1815.359130859375
5091,840.1204020182291
5092,967.2349650065104
5093,698.9389241536459
5094,668.1656290690104
5095,803.7475179036459
5096,2069.8057454427085
5097,1646.7754313151042
5098,1395.4329020182292
5099,965.6756388346354
5100,1918.3916829427083
5101,1289.7852376302083
5102,1825.794677734375
5103,2334.3187662760415
5104,2120.4320475260415
5105,1817.6549072265625
5106,1404.6870524088542
5107,1390.4150390625
5108,1044.0552164713542
5109,1192.2766927083333
5110,1146.1416015625
5111,1430.933349609375
5112,601.2387288411459
5113,728.9456990559896
5114,1494.1177164713542
5115,776.301513671875
5116,1134.0485432942708
5117,1683.9703776041667
5118,1347.9591064453125
5119,757.1800537109375
5120,1402.27587890625
5121,689.3024495442709
5122,855.6561686197916
5123,1495.5167236328125
5124,1768.052978515625
5125,1121.2049560546875
5126,825.5245157877604
5127,853.4479777018229
5128,1017.9585774739584
5129,1617.793701171875
5130,1818.0163981119792
5131,1428.050048828125
5132,1485.441650390625
5133,788.5895792643229
5134,1000.3321126302084
5135,1321.56591796875
5136,1187.1298421223958
5137,2214.0094401041665
5138,854.6234537760416
5139,687.1783854166666
5140,2504.4557291666665
5141,2067.9363606770835
5142,3305.609619140625
5143,1618.1402587890625
5144,1360.7339274088542
5145,700.92822265625
5146,1420.1923421223958
5147,1857.3775227864583
5148,678.3544921875
5149,964.5040079752604
5150,709.1823120117188
5151,1482.9205729166667
5152,1020.8770141601562
5153,1915.1835530598958
5154,648.447021484375
5155,1334.4932861328125
5156,1089.0872395833333
5157,1231.0669352213542
5158,1335.6702473958333
5159,1237.1061197916667
5160,817.9032592773438
5161,1501.4184163411458
5162,1744.3343912760417
5163,1488.6339925130208
5164,1372.6142578125
5165,729.5725504557291
5166,1129.8270670572917
5167,12325.033203125
5168,577.5894775390625
5169,693.7090861002604
5170,1139.7427571614583
5171,570.9403889973959
5172,1653.6358642578125
5173,1372.1515706380208
5174,805.3551432291666
5175,927.7340087890625
5176,559.7073567708334
5177,1383.8739420572917
5178,1966.7447916666667
5179,996.7499796549479
5180,1344.701171875
5181,1477.0432942708333
5182,2754.474609375
5183,1637.7357177734375
5184,1550.6898600260417
5185,970.1819864908854
5186,1163.7884521484375
5187,1929.3658447265625
5188,1982.109375
5189,1024.7219645182292
5190,1703.1278889973958
5191,1127.7137858072917
5192,1315.8411865234375
5193,2025.6028645833333
5194,681.9965616861979
5195,1000.4181315104166
5196,2480.3971354166665
5197,2552.1310221354165
5198,2068.1980794270835
5199,1215.7669270833333
5200,868.589599609375
5201,1046.5888264973958
5202,918.7401733398438
5203,3028.6035970052085
5204,911.5956013997396
5205,723.2631022135416
5206,1455.2690836588542
5207,1254.92724609375
5208,1409.5692545572917
5209,904.0782470703125
5210,967.6595255533854
5211,869.7206217447916
5212,1558.5633951822917
5213,758.2100423177084
5214,836.5406087239584
5215,1343.4299723307292
5216,1083.3609212239583
5217,682.6370035807291
5218,1910.8844807942708
5219,935.2492472330729
5220,1627.72216796875
5221,807.6523030598959
5222,1886.0725504557292
5223,3790.9597981770835
5224,868.0078938802084
5225,806.3938598632812
5226,1147.4827880859375
5227,1541.5926106770833
5228,1321.3280843098958
5229,1075.3825276692708
5230,1619.595458984375
5231,1013.8168538411459
5232,1423.3882649739583
5233,1615.453857421875
5234,761.6797688802084
5235,1218.8702392578125
5236,1160.8914388020833
5237,730.3733927408854
5238,1487.4388020833333
5239,1692.6529947916667
5240,1124.0015869140625
5241,1751.8704020182292
5242,1431.8190104166667
5243,1939.7337646484375
5244,1053.76904296875
5245,1305.5750732421875
5246,601.8202311197916
5247,884.1680704752604
5248,1239.557373046875
5249,2622.409912109375
5250,1223.7125651041667
5251,733.2794596354166
5252,1262.7234293619792
5253,2528.654296875
5254,853.2698364257812
5255,1186.5608723958333
5256,1210.9447428385417
5257,1880.9125162760417
5258,2053.680908203125
5259,1685.1573079427083
5260,1005.5451456705729
5261,1848.0012613932292
5262,2151.644287109375
5263,1600.154296875
5264,1315.319091796875
5265,1293.5931396484375
5266,1457.0104573567708
5267,1052.552734375
5268,2286.5320638020835
5269,989.7708536783854
5270,1331.2137858072917
5271,1382.4656168619792
5272,714.6512451171875
5273,1167.7607421875
5274,1046.7230224609375
5275,722.7841389973959
5276,2251.6492513020835
5277,1881.0977376302083
5278,1484.9338785807292
5279,1070.3937581380208
5280,1430.62158203125
5281,1058.4827880859375
5282,1107.7925211588542
5283,1559.9734293619792
5284,2100.085693359375
5285,1510.8799641927083
5286,613.8685302734375
5287,1818.2332763671875
5288,1050.054443359375
5289,1418.2884928385417
5290,665.9310913085938
5291,1133.3745930989583
5292,1017.4550170898438
5293,1753.010498046875
5294,1427.3409016927083
5295,1380.4010416666667
5296,2133.583984375
5297,834.8554890950521
5298,2215.9908040364585
5299,2050.230712890625
5300,1854.3202311197917
5301,1291.409423828125
5302,478.3464762369792
5303,962.1738891601562
5304,1105.1244303385417
5305,1540.4987386067708
5306,12495.512369791666
5307,841.0675252278646
5308,1104.0598551432292
5309,1019.7604166666666
5310,665.3600667317709
5311,1216.6796468098958
5312,1691.9565836588542
5313,830.9904988606771
5314,2061.8968912760415
5315,1167.1047770182292
5316,905.4460856119791
5317,1347.1947428385417
5318,915.3556722005209
5319,1407.1330159505208
5320,1126.0540364583333
5321,1167.4212646484375
5322,771.1417643229166
5323,785.5447184244791
5324,2020.5700276692708
5325,808.4655354817709
5326,666.1259358723959
5327,776.17041015625
5328,1078.2080078125
5329,795.2620646158854
5330,1488.4710693359375
5331,2198.7230631510415
5332,2816.370361328125
5333,1844.6164957682292
5334,864.4356079101562
5335,1602.3494873046875
5336,753.1843872070312
5337,1793.9742431640625
5338,1828.5573323567708
5339,655.9541829427084
5340,648.5287068684896
5341,1983.2076822916667
5342,1058.7722574869792
5343,796.2533976236979
5344,1492.6055501302083
5345,803.5874430338541
5346,1290.6050211588542
5347,1941.6117350260417
5348,775.2133992513021
5349,1016.2794596354166
5350,1921.3764241536458
5351,654.64453125
5352,1554.1795247395833
5353,2105.1258951822915
5354,1048.724853515625
5355,1609.3946126302083
5356,3242.3719889322915
5357,1128.9202880859375
5358,1054.3245442708333
5359,906.1556803385416
5360,1564.9761555989583
5361,1265.4746500651042
5362,946.3295288085938
5363,886.8700968424479
5364,1482.7851969401042
5365,1139.6129964192708
5366,678.5191650390625
5367,1155.2063802083333
5368,1076.7548421223958
5369,679.3060506184896
5370,3020.843505859375
5371,828.4799397786459
5372,835.3373819986979
5373,1215.4341227213542
5374,975.6274617513021
5375,2071.516357421875
5376,1367.2970784505208
5377,1021.0537109375
5378,1419.6517740885417
5379,665.9569702148438
5380,1442.48583984375
5381,2094.422607421875
5382,1122.1595052083333
5383,1153.0800374348958
5384,784.9428100585938
5385,1618.1151123046875
5386,1691.721923828125
5387,1681.5059407552083
5388,3159.3496907552085
5389,719.5768839518229
5390,1163.121337890625
5391,603.3883870442709
5392,1012.3869832356771
5393,2967.7877604166665
5394,1628.0569254557292
5395,1233.0781656901042
5396,2194.62109375
5397,1400.6338704427083
5398,1123.7305094401042
5399,2121.5105794270835
5400,1968.3934733072917
5401,811.0723470052084
5402,1140.8316243489583
5403,1630.0861002604167
5404,1808.3951416015625
5405,1822.5439046223958
5406,1624.3141682942708
5407,944.6961466471354
5408,1151.0216064453125
5409,1318.6705729166667
5410,1141.3581949869792
5411,2348.7933756510415
5412,1553.9176025390625
5413,885.7671508789062
5414,1116.286376953125
5415,769.8262939453125
5416,1389.6976318359375
5417,1502.9215494791667
5418,1211.0258382161458
5419,1423.460205078125
5420,767.6709798177084
5421,1139.8144124348958
5422,926.7589925130209
5423,1899.572021484375
5424,750.9549763997396
5425,532.0357055664062
5426,1021.1198527018229
5427,1115.91650390625
5428,1404.447509765625
5429,1173.4241129557292
5430,1653.33544921875
5431,1321.5475260416667
5432,1124.1174723307292
5433,1121.7587483723958
5434,650.3319295247396
5435,1034.0458984375
5436,1938.0408121744792
5437,1116.5443929036458
5438,1741.4618326822917
5439,1629.9196370442708
5440,2475.427978515625
5441,1085.6855061848958
5442,856.7864583333334
5443,1295.6150716145833
5444,1102.5903727213542
5445,936.0246988932291
5446,2634.6947428385415
5447,828.9625244140625
5448,798.1344197591146
5449,3228.9324544270835
5450,1247.1514892578125
5451,2119.7041015625
5452,3021.171875
5453,1855.9351806640625
5454,2051.65478515625
5455,1459.3267415364583
5456,736.0144449869791
5457,3617.2138671875
5458,2078.6875
5459,980.689453125
5460,1177.7908121744792
5461,1716.1302490234375
5462,616.0356648763021
5463,1927.8710123697917
5464,1358.8441975911458
5465,1408.699951171875
5466,712.3386433919271
5467,1547.8295491536458
5468,938.8184611002604
5469,2141.5624186197915
5470,1490.934814453125
5471,1566.0733235677083
5472,1132.097412109375
5473,3196.7869466145835
5474,763.2748616536459
5475,763.0724080403646
5476,738.6611124674479
5477,779.3987426757812
5478,1946.9585774739583
5479,2722.4497884114585
5480,1060.1410725911458
5481,1886.8333740234375
5482,959.2085571289062
5483,1950.7562255859375
5484,1695.3621826171875
5485,1761.5574544270833
5486,2149.5494791666665
5487,589.7246704101562
5488,1996.2762044270833
5489,1738.5430501302083
5490,833.8948771158854
5491,2909.9518229166665
5492,1326.2652587890625
5493,469.3996988932292
5494,1339.9073079427083
5495,1508.846923828125
5496,883.7258504231771
5497,1133.4727783203125
5498,1370.3881429036458
5499,747.0812377929688
5500,1435.7314860026042
5501,2156.4468587239585
5502,1372.0714111328125
5503,1540.2749430338542
5504,1449.9444986979167
5505,1046.5780843098958
5506,600.313232421875
5507,1679.435546875
5508,3443.3233235677085
5509,2049.6922200520835
5510,1124.9519449869792
5511,918.2621053059896
5512,1303.7193603515625
5513,1565.2559000651042
5514,699.9818318684896
5515,1172.1810302734375
5516,2161.5049641927085
5517,1007.5541585286459
5518,666.1088256835938
5519,1041.4011637369792
5520,2762.4873046875
5521,844.5706990559896
5522,786.40771484375
5523,768.9453531901041
5524,542.3642374674479
5525,4103.780436197917
5526,890.0114542643229
5527,1187.8515218098958
5528,906.2470499674479
5529,1281.6824951171875
5530,870.0180053710938
5531,2218.6080729166665
5532,1763.3380940755208
5533,1772.2377522786458
5534,2431.90380859375
5535,816.9312540690104
5536,2109.2451985677085
5537,1153.05419921875
5538,925.4330444335938
5539,1791.9866129557292
5540,590.0924479166666
5541,727.5464680989584
5542,1176.3783772786458
5543,1778.0443929036458
5544,1394.4654541015625
5545,1576.0688883463542
5546,1023.5074869791666
5547,1259.7642415364583
5548,1230.5478922526042
5549,790.2104695638021
5550,1116.0289713541667
5551,820.5990600585938
5552,761.3981526692709
5553,781.4970703125
5554,682.836181640625
5555,1232.7504475911458
5556,884.4137776692709
5557,2347.4378255208335
5558,1596.8655598958333
5559,1960.7630208333333
5560,1502.0052083333333
5561,1084.449462890625
5562,822.0494384765625
5563,738.6918741861979
5564,1802.0381266276042
5565,1128.4607747395833
5566,2132.450927734375
5567,1604.9179280598958
5568,618.9225667317709
5569,1685.999755859375
5570,1975.7772623697917
5571,887.5032958984375
5572,1178.8740234375
5573,855.6912434895834
5574,1463.4088948567708
5575,1877.578369140625
5576,1318.6897379557292
5577,862.8195393880209
5578,1533.2079264322917
5579,1632.3243815104167
5580,786.7269083658854
5581,681.4279581705729
5582,1290.4605305989583
5583,1345.2141520182292
5584,977.5223592122396
5585,1507.3966064453125
5586,1300.1730550130208
5587,957.8176066080729
5588,623.7596638997396
5589,755.7636922200521
5590,878.9550577799479
5591,3700.8478190104165
5592,1192.1999918619792
5593,1328.742431640625
5594,891.4023844401041
5595,714.9854532877604
5596,1066.0919189453125
5597,5834.080403645833
5598,693.4309692382812
5599,693.8285319010416
5600,1697.6966145833333
5601,1925.6957600911458
5602,805.4847615559896
5603,1518.8763834635417
5604,1918.7952473958333
5605,852.1034545898438
5606,780.4753621419271
5607,862.6844278971354
5608,2117.7303873697915
5609,449.6867980957031
5610,973.0399373372396
5611,1146.3004557291667
5612,1412.2605387369792
5613,1539.9718017578125
5614,2022.2967936197917
5615,1345.0424397786458
5616,1137.2388916015625
5617,837.4287109375
5618,1670.1756998697917
5619,881.8740641276041
5620,1980.5327962239583
5621,1129.9341634114583
5622,1081.065673828125
5623,787.0462036132812
5624,1587.0007731119792
5625,1138.7224934895833
5626,1917.3747151692708
5627,1131.3659261067708
5628,1342.8946940104167
5629,1449.86474609375
5630,3169.0340983072915
5631,1602.9647623697917
5632,1116.6636149088542
5633,760.379638671875
5634,1908.2134195963542
5635,895.7491048177084
5636,1969.720458984375
5637,1164.5249837239583
5638,1008.0730183919271
5639,1281.2190755208333
5640,1488.8427327473958
5641,1058.4600830078125
5642,1834.5885823567708
5643,807.6872762044271
5644,1116.2118326822917
5645,1064.3680419921875
5646,1055.5738118489583
5647,1926.208740234375
5648,1046.944580078125
5649,1088.9988199869792
5650,1905.9489339192708
5651,1896.1170654296875
5652,4276.211263020833
5653,1111.3974609375
5654,1046.321533203125
5655,973.0939331054688
5656,1239.3883056640625
5657,1557.5975748697917
5658,1136.3964029947917
5659,2281.5914713541665
5660,2262.2312825520835
5661,1983.9192708333333
5662,1213.0696207682292
5663,934.4054565429688
5664,668.5384521484375
5665,1289.8721516927083
5666,1128.494384765625
5667,1451.5599772135417
5668,3375.001708984375
5669,921.9423217773438
5670,825.2665405273438
5671,2627.1324869791665
5672,1147.5428466796875
5673,1607.5556233723958
5674,1139.2053629557292
5675,1311.1830647786458
5676,1266.0852864583333
5677,1313.8478597005208
5678,883.8329467773438
5679,2943.2803548177085
5680,1974.3761393229167
5681,937.4720662434896
5682,946.1881306966146
5683,866.5247599283854
5684,616.1498209635416
5685,1540.5103759765625
5686,1507.7274983723958
5687,1625.72802734375
5688,1832.3015543619792
5689,1989.897216796875
5690,998.7045491536459
5691,697.8734944661459
5692,1781.4510091145833
5693,1015.9781087239584
5694,754.3928426106771
5695,2333.2568359375
5696,610.8034871419271
5697,718.5878092447916
5698,1151.3257242838542
5699,889.291748046875
5700,1308.763916015625
5701,990.6121419270834
5702,848.5875244140625
5703,1018.359619140625
5704,3120.3326009114585
5705,873.0610961914062
5706,4409.8125
5707,1726.0725504557292
5708,833.3010457356771
5709,1091.3311767578125
5710,4433.63671875
5711,949.0343424479166
5712,908.2010904947916
5713,556.8302408854166
5714,810.90576171875
5715,2560.3447265625
5716,1345.0089518229167
5717,1020.68408203125
5718,1191.4092610677083
5719,817.9601236979166
5720,672.0953369140625
5721,1247.6111246744792
5722,817.9951375325521
5723,1275.1864013671875
5724,1223.0367024739583
5725,606.0384114583334
5726,874.5345662434896
5727,1477.5890299479167
5728,646.7127888997396
5729,922.2797648111979
5730,2069.852294921875
5731,1292.2322591145833
5732,2396.9308268229165
5733,625.2973836263021
5734,951.8987426757812
5735,1116.9901123046875
5736,1634.6707356770833
5737,1107.7221272786458
5738,884.5301513671875
5739,1082.3694661458333
5740,1435.684814453125
5741,1287.7695719401042
5742,1533.1844889322917
5743,2301.3356119791665
5744,1416.8121337890625
5745,2448.543701171875
5746,2805.56884765625
5747,674.8409016927084
5748,915.2252197265625
5749,1478.2616373697917
5750,1405.6384684244792
5751,1210.0147705078125
5752,686.8973185221354
5753,1206.9969075520833
5754,849.2520548502604
5755,1218.503173828125
5756,797.715087890625
5757,875.5478515625
5758,1059.605712890625
5759,971.8222045898438
5760,1710.8087972005208
5761,1353.9436442057292
5762,1517.2901611328125
5763,959.6884358723959
5764,1409.3455403645833
5765,1169.0119222005208
5766,1067.6645914713542
5767,732.0243530273438
5768,1395.3379313151042
5769,1644.9967447916667
5770,1464.3167724609375
5771,718.6303507486979
5772,1926.372802734375
5773,1897.2564290364583
5774,1459.136962890625
5775,1728.4766845703125
5776,1315.0221761067708
5777,1542.1582438151042
5778,2696.7548014322915
5779,1006.5050252278646
5780,626.6256306966146
5781,772.5871175130209
5782,1697.3349609375
5783,2107.8641764322915
5784,872.1415201822916
5785,2084.2371419270835
5786,2146.336181640625
5787,3901.1373697916665
5788,812.702880859375
5789,1912.8381754557292
5790,513.2935994466146
5791,731.9900919596354
5792,877.643310546875
5793,690.1483764648438
5794,957.9932657877604
5795,879.337890625
5796,1244.0636800130208
5797,1191.9258219401042
5798,1163.9585367838542
5799,560.0110270182291
5800,878.8234049479166
5801,870.5076293945312
5802,2305.7421875
5803,905.4910481770834
5804,713.6144612630209
5805,1192.3083089192708
5806,1052.8639729817708
5807,1807.0286458333333
5808,949.0841674804688
5809,1989.6234130859375
5810,954.173583984375
5811,1231.8901774088542
5812,1682.7720540364583
5813,1372.9756673177083
5814,1541.1718343098958
5815,1982.4838460286458
5816,903.2296956380209
5817,1232.1389973958333
5818,1435.495849609375
5819,878.0480753580729
5820,1552.495361328125
5821,1006.3071492513021
5822,1541.2649332682292
5823,1047.0517171223958
5824,1475.6839599609375
5825,1206.8427327473958
5826,1291.2862548828125
5827,2154.3942057291665
5828,2644.355224609375
5829,549.75634765625
5830,907.3766886393229
5831,793.4736328125
5832,1216.6161295572917
5833,1604.8822021484375
5834,3041.4183756510415
5835,1518.9578043619792
5836,833.4200439453125
5837,1348.437255859375
5838,969.0779215494791
5839,1054.3455403645833
5840,1194.4239095052083
5841,770.9197794596354
5842,1069.7742106119792
5843,972.8766479492188
5844,1046.5226643880208
5845,2318.0849609375
5846,950.1152140299479
5847,719.758544921875
5848,2143.0083821614585
5849,1732.0551350911458
5850,816.7088012695312
5851,1857.1641031901042
5852,1607.0509440104167
5853,1642.3602701822917
5854,2851.0901692708335
5855,1386.971435546875
5856,661.2667846679688
5857,3705.9774576822915
5858,1568.6818033854167
5859,960.4941202799479
5860,2224.9851888020835
5861,2184.3271484375
5862,1424.146728515625
5863,1210.1793212890625
5864,2346.5257161458335
5865,630.3404947916666
5866,1007.7494710286459
5867,2104.0326334635415
5868,849.1804809570312
5869,1079.7657877604167
5870,1269.2342936197917
5871,2381.5633951822915
5872,1898.6897379557292
5873,2015.1044108072917
5874,1340.1701253255208
5875,1234.1974283854167
5876,1289.7637532552083
5877,947.0693562825521
5878,972.3305460611979
5879,671.3995361328125
5880,958.5415852864584
5881,1058.5823160807292
5882,747.3349609375
5883,462.2992858886719
5884,889.6696980794271
5885,1001.8787638346354
5886,1420.5679117838542
5887,651.3885294596354
5888,716.0722452799479
5889,1449.3144938151042
5890,1331.3615315755208
5891,906.3967895507812
5892,1217.0650227864583
5893,1672.8097737630208
5894,753.6546427408854
5895,957.6048177083334
5896,2384.2461751302085
5897,2487.9466959635415
5898,1436.4634602864583
5899,828.6961669921875
5900,2520.7372233072915
5901,1326.12841796875
5902,2667.6943359375
5903,3166.359619140625
5904,868.0382080078125
5905,722.9751790364584
5906,1291.43994140625
5907,646.1456909179688
5908,3511.2962239583335
5909,1175.0809733072917
5910,823.5185953776041
5911,1480.0301106770833
5912,1111.7147216796875
5913,1112.961181640625
5914,811.8124796549479
5915,645.8013916015625
5916,1401.7052001953125
5917,2475.8037923177085
5918,1501.6501871744792
5919,858.1169026692709
5920,685.8217976888021
5921,742.8113810221354
5922,634.2347412109375
5923,789.0862426757812
5924,1975.59130859375
5925,1455.9746907552083
5926,666.2693074544271
5927,1512.2729899088542
5928,1175.9429117838542
5929,1853.0543212890625
5930,2544.7811686197915
5931,1813.0671793619792
5932,1179.530517578125
5933,1100.9630940755208
5934,794.7140909830729
5935,1827.9794108072917
5936,1819.4322916666667
5937,614.2031046549479
5938,1701.2200927734375
5939,1085.6936442057292
5940,1912.2237955729167
5941,760.5314534505209
5942,1096.0577392578125
5943,1722.6691487630208
5944,966.8663533528646
5945,1265.4282633463542
5946,1620.2488199869792
5947,882.8698527018229
5948,920.753173828125
5949,1137.96533203125
5950,806.54443359375
5951,1072.4352620442708
5952,977.0584920247396
5953,1075.5533854166667
5954,938.4164428710938
5955,721.7778930664062
5956,1374.5192057291667
5957,1501.8731689453125
5958,862.5553181966146
5959,690.4324951171875
5960,907.1549886067709
5961,719.5618896484375
5962,2634.5230305989585
5963,764.9209391276041
5964,802.5622151692709
5965,878.1306966145834
5966,763.1334635416666
5967,1840.0234781901042
5968,1157.8786214192708
5969,1147.1418050130208
5970,1636.1370035807292
5971,1314.8691813151042
5972,828.2356770833334
5973,878.9440714518229
5974,1194.5828043619792
5975,992.0242106119791
5976,943.9143676757812
5977,1557.083251953125
5978,4912.963704427083
5979,3100.805419921875
5980,916.8308512369791
5981,1539.6710611979167
5982,1191.9988606770833
5983,761.58984375
5984,776.1693522135416
5985,1616.2957763671875
5986,1297.4819742838542
5987,763.3573404947916
5988,1715.3605143229167
5989,1042.8777669270833
5990,1152.0978597005208
5991,1207.8306884765625
5992,1501.5250651041667
5993,1741.3379720052083
5994,1070.6477457682292
5995,921.7305094401041
5996,1397.0900472005208
5997,977.3502604166666
5998,2225.1669108072915
5999,1270.950927734375
6000,2214.878173828125
6001,3652.046142578125
6002,1669.6572265625
6003,813.5949503580729
6004,1250.2200113932292
6005,1165.6276041666667
6006,784.0500895182291
6007,1076.5299479166667
6008,1123.3495686848958
6009,749.6118774414062
6010,1239.9047037760417
6011,1432.09228515625
6012,2179.5493977864585
6013,5904.03271484375
6014,1111.1244303385417
6015,1159.64599609375
6016,1620.01220703125
6017,1547.8929036458333
6018,1147.63427734375
6019,2140.89111328125
6020,996.7327067057291
6021,905.8320922851562
6022,1293.2833251953125
6023,985.1727294921875
6024,1450.9619547526042
6025,1688.5478515625
6026,1671.4333902994792
6027,862.0289306640625
6028,1036.7548828125
6029,1057.0015869140625
6030,951.36083984375
6031,549.0182291666666
6032,1591.5576985677083
6033,1521.3376057942708
6034,1028.7585042317708
6035,1570.7449951171875
6036,1173.7128499348958
6037,580.744140625
6038,1116.9450276692708
6039,1341.6326904296875
6040,758.7947591145834
6041,2147.0865885416665
6042,1115.0638427734375
6043,1802.1230061848958
6044,946.4816080729166
6045,1060.3862711588542
6046,761.9762980143229
6047,3682.3089192708335
6048,1993.2096761067708
6049,1146.7452799479167
6050,1063.2364095052083
6051,1184.4254557291667
6052,922.9379069010416
6053,788.8212483723959
6054,492.12462361653644
6055,1983.4960530598958
6056,1309.2678629557292
6057,1497.0284830729167
6058,1662.7908121744792
6059,738.9371134440104
6060,1081.424072265625
6061,1535.3104248046875
6062,863.5719807942709
6063,1213.9212646484375
6064,1731.807861328125
6065,1565.1927083333333
6066,1759.7239583333333
6067,780.5528971354166
6068,1404.2501220703125
6069,1314.6843668619792
6070,1004.9140014648438
6071,789.8804728190104
6072,1086.8420817057292
6073,732.8966674804688
6074,785.9131469726562
6075,648.2391764322916
6076,1003.0441284179688
6077,1592.9017740885417
6078,1216.774658203125
6079,742.7427571614584
6080,1563.4364420572917
6081,1837.1671549479167
6082,1525.1376139322917
6083,906.5761311848959
6084,1321.454345703125
6085,1052.7481282552083
6086,941.0421346028646
6087,718.9641723632812
6088,744.4824422200521
6089,662.4967651367188
6090,5443.177571614583
6091,1520.3390299479167
6092,2138.1714680989585
6093,1149.3348388671875
6094,778.8618367513021
6095,994.3924560546875
6096,1389.2765706380208
6097,949.1112467447916
6098,734.0585123697916
6099,929.1197916666666
6100,1640.4818522135417
6101,2188.1809895833335
6102,1331.0825602213542
6103,1896.1691487630208
6104,1080.1640218098958
6105,800.2819213867188
6106,718.5221964518229
6107,744.2474365234375
6108,918.5749104817709
6109,1106.0968424479167
6110,962.9251098632812
6111,1417.3951416015625
6112,865.6163126627604
6113,875.6468098958334
6114,1114.9685872395833
6115,651.7616984049479
6116,1851.6543782552083
6117,1961.348876953125
6118,1012.9884847005209
6119,1849.0376790364583
6120,955.2355753580729
6121,1404.5697835286458
6122,1241.5554606119792
6123,1426.7065022786458
6124,1042.0118001302083
6125,1944.4679361979167
6126,1089.4138997395833
6127,1715.5340983072917
6128,663.3382771809896
6129,938.862060546875
6130,2562.687255859375
6131,1123.7405192057292
6132,584.3768717447916
6133,777.0733235677084
6134,659.1688435872396
6135,1918.037109375
6136,863.5974324544271
6137,1716.7424723307292
6138,1530.506591796875
6139,1958.2428385416667
6140,1472.4476725260417
6141,1608.2533772786458
6142,1709.3697102864583
6143,1102.4292399088542
6144,1168.9272867838542
6145,1495.5328369140625
6146,850.4167277018229
6147,1146.7251383463542
6148,733.4219563802084
6149,864.6362711588541
6150,655.5899047851562
6151,1259.7027180989583
6152,1562.597900390625
6153,1441.9718424479167
6154,1768.2934977213542
6155,1183.8682861328125
6156,1200.6388753255208
6157,511.3931376139323
6158,1021.3902180989584
6159,873.8582967122396
6160,1967.9679361979167
6161,1951.0849609375
6162,1007.5232340494791
6163,681.0259806315104
6164,2455.9814453125
6165,586.9443562825521
6166,754.5765380859375
6167,758.1362101236979
6168,1261.2163492838542
6169,2195.3582356770835
6170,1706.8020833333333
6171,799.6522216796875
6172,1261.1687418619792
6173,2030.23583984375
6174,3547.3897298177085
6175,1100.3313802083333
6176,714.2447916666666
6177,3269.9934895833335
6178,696.6972452799479
6179,953.5998738606771
6180,1168.5295003255208
6181,1628.3356119791667
6182,667.6597900390625
6183,2967.9325358072915
6184,1794.7152099609375
6185,1161.0871988932292
6186,583.7667236328125
6187,553.3380533854166
6188,863.8465779622396
6189,1015.3109741210938
6190,923.5920613606771
6191,1673.1480712890625
6192,937.1959228515625
6193,1570.8639729817708
6194,1047.1534423828125
6195,1378.8228759765625
6196,2599.19775390625
6197,761.5602213541666
6198,1466.3709716796875
6199,655.8105672200521
6200,892.4782104492188
6201,1313.9679361979167
6202,1230.5444742838542
6203,933.8833618164062
6204,906.0113728841146
6205,861.6071370442709
6206,968.9884643554688
6207,1324.3262125651042
6208,1169.2510579427083
6209,1165.5308430989583
6210,723.8725179036459
6211,775.594482421875
6212,1716.337890625
6213,787.3300374348959
6214,1018.2841389973959
6215,567.9894816080729
6216,2575.14697265625
6217,748.7933553059896
6218,815.2293904622396
6219,1464.0518798828125
6220,1617.3148193359375
6221,1157.6604817708333
6222,1504.5897623697917
6223,1290.2266845703125
6224,710.1360473632812
6225,1541.2966715494792
6226,980.3228759765625
6227,1132.7488606770833
6228,1400.6369222005208
6229,903.9740397135416
6230,693.8587036132812
6231,793.1588134765625
6232,505.77085367838544
6233,768.7732137044271
6234,1012.2630818684896
6235,2180.3387044270835
6236,3337.5005696614585
6237,2099.143798828125
6238,965.5310872395834
6239,903.502197265625
6240,1071.7926025390625
6241,812.7968953450521
6242,1804.0088297526042
6243,702.5738728841146
6244,670.5216674804688
6245,1834.2897542317708
6246,1265.8009440104167
6247,1564.665283203125
6248,1309.7039388020833
6249,850.71044921875
6250,844.828857421875
6251,2284.8515625
6252,983.0638834635416
6253,995.6160888671875
6254,1140.4830322265625
6255,854.1158854166666
6256,1327.7357991536458
6257,1501.4505208333333
6258,1572.3935953776042
6259,1044.8145751953125
6260,2313.703125
6261,2327.3211263020835
6262,1024.9097086588542
6263,1679.8585205078125
6264,1071.5559895833333
6265,733.6213175455729
6266,838.2383626302084
6267,1652.9101155598958
6268,674.69189453125
6269,1578.0499674479167
6270,891.8021647135416
6271,736.7763264973959
6272,935.9742024739584
6273,2781.1954752604165
6274,998.1667277018229
6275,1297.1606852213542
6276,1580.0644938151042
6277,1304.7475179036458
6278,1130.2730305989583
6279,686.945556640625
6280,1290.495849609375
6281,2069.0445149739585
6282,928.8980305989584
6283,744.96533203125
6284,839.5522867838541
6285,897.1648356119791
6286,1009.1137491861979
6287,947.0931396484375
6288,728.6515299479166
6289,683.4891153971354
6290,683.0035196940104
6291,697.6648559570312
6292,2443.581787109375
6293,1739.6197509765625
6294,801.1378987630209
6295,1929.9688313802083
6296,2976.758544921875
6297,1927.6924641927083
6298,2843.137451171875
6299,1621.2195638020833
6300,583.8148396809896
6301,1967.0543619791667
6302,1199.2374267578125
6303,1030.6693929036458
6304,1335.8485514322917
6305,818.4085896809896
6306,803.9504801432291
6307,1058.4561360677083
6308,1424.9781901041667
6309,713.0712483723959
6310,882.1016235351562
6311,880.4251098632812
6312,758.2916666666666
6313,2394.8804524739585
6314,1258.9718424479167
6315,1759.2793782552083
6316,1024.1863606770833
6317,1282.5723470052083
6318,538.7839762369791
6319,795.6981404622396
6320,2510.1923828125
6321,1458.0608723958333
6322,985.7491455078125
6323,1755.62109375
6324,2265.3107096354165
6325,1236.424560546875
6326,1042.2978922526042
6327,1820.3837483723958
6328,1281.3081868489583
6329,1006.5716756184896
6330,998.6283569335938
6331,1483.8206380208333
6332,993.5600789388021
6333,1050.2729899088542
6334,697.1769816080729
6335,1008.71484375
6336,673.8138224283854
6337,913.6573893229166
6338,1773.8131510416667
6339,3243.6883138020835
6340,2190.0332845052085
6341,1281.5552571614583
6342,3482.5846354166665
6343,1377.4813232421875
6344,974.0168050130209
6345,1823.7338460286458
6346,1910.3600667317708
6347,1701.0982666015625
6348,888.2881876627604
6349,1025.0965983072917
6350,987.2089233398438
6351,2749.0282389322915
6352,1011.5043741861979
6353,1919.6368815104167
6354,2105.1532389322915
6355,481.04273478190106
6356,784.3444417317709
6357,751.7449747721354
6358,1870.9617106119792
6359,640.0280354817709
6360,586.6631469726562
6361,1396.8399658203125
6362,1420.5166422526042
6363,1419.5115966796875
6364,927.4553833007812
6365,1322.2063802083333
6366,1416.29736328125
6367,1946.4805908203125
6368,1044.66552734375
6369,2084.2554524739585
6370,554.8904215494791
6371,1187.9038492838542
6372,2421.0027669270835
6373,1444.5255940755208
6374,854.4466756184896
6375,812.02001953125
6376,1751.453857421875
6377,1129.4955240885417
6378,1069.1206461588542
6379,1307.9637451171875
6380,1292.4298095703125
6381,1173.8394775390625
6382,1589.8752848307292
6383,1313.1160074869792
6384,1125.6265869140625
6385,740.9881998697916
6386,715.6767781575521
6387,1210.6962890625
6388,1373.8897298177083
6389,3291.5730794270835
6390,798.0236002604166
6391,720.6317952473959
6392,936.3901570638021
6393,1189.0452067057292
6394,519.2642008463541
6395,1178.7178141276042
6396,1045.5120849609375
6397,2425.1324869791665
6398,969.9557698567709
6399,1144.038330078125
6400,1945.9066569010417
6401,1401.0397542317708
6402,3272.3379720052085
6403,2004.9317220052083
6404,1591.2516682942708
6405,1759.1151529947917
6406,1462.6821695963542
6407,1310.3819173177083
6408,1280.7314453125
6409,2343.2216796875
6410,1252.6221516927083
6411,1003.5124918619791
6412,1311.42138671875
6413,824.8689778645834
6414,1018.6775309244791
6415,1010.8222452799479
6416,788.9363606770834
6417,1438.4451497395833
6418,730.6092529296875
6419,1851.3843994140625
6420,1044.6313883463542
6421,724.1271769205729
6422,971.2603963216146
6423,1134.8125
6424,632.5407918294271
6425,1254.1516520182292
6426,1305.2668050130208
6427,577.7292073567709
6428,2412.2166341145835
6429,835.39208984375
6430,910.8712158203125
6431,1187.8509521484375
6432,547.7546793619791
6433,1020.5421956380209
6434,591.7313232421875
6435,1671.4180094401042
6436,4166.154459635417
6437,1426.5449625651042
6438,766.0888468424479
6439,853.3501993815104
6440,936.8438924153646
6441,530.0451863606771
6442,799.8438517252604
6443,1710.2762858072917
6444,1616.5598958333333
6445,2387.9705403645835
6446,1000.2293294270834
6447,602.7784220377604
6448,846.1793009440104
6449,1132.3402506510417
6450,597.924560546875
6451,1674.9988199869792
6452,1315.6824137369792
6453,868.0232543945312
6454,1494.1605631510417
6455,1951.2460530598958
6456,2692.33837890625
6457,1169.8704427083333
6458,1525.6389973958333
6459,1211.2714029947917
6460,1920.6921793619792
6461,1095.7403157552083
6462,2053.0692545572915
6463,1273.8748779296875
6464,1107.6844889322917
6465,1387.4407145182292
6466,873.2359008789062
6467,787.5775349934896
6468,960.0914713541666
6469,1597.6843668619792
6470,1284.0552164713542
6471,559.8298950195312
6472,1544.4693603515625
6473,1261.601318359375
6474,1061.0540771484375
6475,1048.5654703776042
6476,957.952392578125
6477,994.0037638346354
6478,1058.0520833333333
6479,1950.3785807291667
6480,1309.4409586588542
6481,1625.1228841145833
6482,739.7375081380209
6483,2252.9205729166665
6484,989.1135864257812
6485,1195.3295084635417
6486,1110.7784830729167
6487,1418.9674886067708
6488,653.6919148763021
6489,484.6183268229167
6490,866.4710693359375
6491,939.3871256510416
6492,921.2645670572916
6493,1529.6588134765625
6494,1525.0071207682292
6495,981.9505818684896
6496,1241.1419270833333
6497,1364.9140625
6498,3094.3977864583335
6499,784.4509073893229
6500,1155.8350830078125
6501,3835.33056640625
6502,884.4551595052084
6503,850.5205485026041
6504,865.7525227864584
6505,942.5154622395834
6506,1951.2544759114583
6507,1152.4132080078125
6508,1241.7501220703125
6509,1782.1907145182292
6510,1603.767333984375
6511,793.0472615559896
6512,840.5559692382812
6513,812.0357055664062
6514,981.5804646809896
6515,892.8876546223959
6516,800.2966715494791
6517,998.50927734375
6518,830.5240885416666
6519,957.8803914388021
6520,1111.919921875
6521,979.5681355794271
6522,1577.750244140625
6523,1001.3278605143229
6524,2038.5338134765625
6525,1239.1281331380208
6526,1301.5758463541667
6527,596.4191691080729
6528,1754.001708984375
6529,637.9819132486979
6530,1216.75
6531,1591.5198160807292
6532,602.7621053059896
6533,1302.4625651041667
6534,921.2120157877604
6535,1182.9908447265625
6536,783.8332316080729
6537,1938.711181640625
6538,883.0594482421875
6539,954.1220703125
6540,1641.699951171875
6541,786.1079711914062
6542,1467.0599772135417
6543,1333.24658203125
6544,1386.5329996744792
6545,1242.1161702473958
6546,1448.3362630208333
6547,1256.117431640625
6548,1439.0190836588542
6549,1593.5422770182292
6550,1998.9375406901042
6551,2520.8602701822915
6552,1421.2472737630208
6553,1119.8804117838542
6554,1193.4493815104167
6555,1252.9449869791667
6556,1074.4639892578125
6557,1736.3849283854167
6558,1063.8593343098958
6559,1523.95556640625
6560,755.1014404296875
6561,1164.530517578125
6562,1334.6553955078125
6563,983.2880249023438
6564,800.7056070963541
6565,1246.2631022135417
6566,437.1374918619792
6567,680.00390625
6568,836.6808675130209
6569,799.3303629557291
6570,1026.6488850911458
6571,1690.0830078125
6572,1171.6686604817708
6573,2046.2969563802083
6574,1964.9795735677083
6575,997.2015991210938
6576,3367.2218424479165
6577,2418.3119303385415
6578,2101.3966471354165
6579,943.7193196614584
6580,2132.718994140625
6581,957.9320882161459
6582,1528.8699544270833
6583,951.1786499023438
6584,839.0263264973959
6585,1317.1621500651042
6586,1450.2210286458333
6587,2909.3382975260415
6588,971.6840616861979
6589,861.3751831054688
6590,1447.1740315755208
6591,1357.0875244140625
6592,841.0398763020834
6593,2158.4579264322915
6594,664.7559407552084
6595,1732.8620198567708
6596,2570.428466796875
6597,1000.1507568359375
6598,782.4986572265625
6599,1562.7839762369792
6600,1535.4715576171875
6601,1381.3295491536458
6602,982.6960245768229
6603,987.4918416341146
6604,1348.3201904296875
6605,1154.4757080078125
6606,2875.6434733072915
6607,884.7532348632812
6608,836.2108154296875
6609,1725.6639811197917
6610,979.2015991210938
6611,669.6026814778646
6612,504.1479187011719
6613,1197.3369140625
6614,1033.6429850260417
6615,3009.78564453125
6616,862.3402099609375
6617,641.0960286458334
6618,1061.7412923177083
6619,1327.0731608072917
6620,1405.6800130208333
6621,1100.12451171875
6622,1118.58203125
6623,1780.505859375
6624,1224.5826416015625
6625,1137.8072102864583
6626,1916.866455078125
6627,692.499267578125
6628,1434.879150390625
6629,1308.3662109375
6630,755.680419921875
6631,1450.0575358072917
6632,940.7471923828125
6633,1328.8743896484375
6634,796.501220703125
6635,1596.0212809244792
6636,1225.5227457682292
6637,1729.8271891276042
6638,649.8865356445312
6639,2176.5545247395835
6640,867.4168090820312
6641,900.3172810872396
6642,1070.5560709635417
6643,1053.9502360026042
6644,1455.8103841145833
6645,1839.7566731770833
6646,1140.4963785807292
6647,884.3803304036459
6648,1803.28076171875
6649,677.3096923828125
6650,1580.5465494791667
6651,1199.2784830729167
6652,1464.1155192057292
6653,2443.5955403645835
6654,1813.2275390625
6655,1137.2314453125
6656,2582.798828125
6657,771.4584554036459
6658,918.0067342122396
6659,1587.3487141927083
6660,586.2910970052084
6661,1081.8713785807292
6662,1032.0768229166667
6663,1355.2600504557292
6664,1716.4684651692708
6665,656.5694580078125
6666,743.829833984375
6667,897.4633992513021
6668,1320.5496012369792
6669,511.99156697591144
6670,1451.59765625
6671,1227.1548258463542
6672,1913.2856852213542
6673,877.7175089518229
6674,5858.802734375
6675,1014.3840128580729
6676,1392.4860432942708
6677,830.223388671875
6678,1227.2601318359375
6679,731.0552978515625
6680,1394.0343424479167
6681,582.9610595703125
6682,5591.822591145833
6683,1179.9606526692708
6684,1181.4681396484375
6685,1505.3330078125
6686,1128.8467203776042
6687,576.7894287109375
6688,1317.9700113932292
6689,870.0716552734375
6690,1058.7884521484375
6691,1254.9540201822917
6692,2597.302734375
6693,1277.9819742838542
6694,1874.77587890625
6695,548.9931233723959
6696,1185.2311197916667
6697,1553.7521158854167
6698,991.7567138671875
6699,956.7900594075521
6700,1023.8126424153646
6701,1719.5846354166667
6702,1179.3270263671875
6703,1175.4812825520833
6704,2747.4166666666665
6705,822.5519205729166
6706,1134.6668294270833
6707,895.7473754882812
6708,551.6817626953125
6709,1162.0335286458333
6710,1378.2343343098958
6711,1296.9945882161458
6712,1082.4039306640625
6713,748.9617919921875
6714,924.7683512369791
6715,735.2913818359375
6716,1015.0194702148438
6717,808.0267130533854
6718,676.7723592122396
6719,11717.271484375
6720,1489.6566975911458
6721,740.1047770182291
6722,1524.6193440755208
6723,522.412841796875
6724,709.086669921875
6725,1145.1480305989583
6726,996.35791015625
6727,1336.7945963541667
6728,1312.5218505859375
6729,1451.5794270833333
6730,823.7285766601562
6731,1739.4466552734375
6732,981.8975219726562
6733,2224.2112630208335
6734,579.5184529622396
6735,1062.4241129557292
6736,1293.5691324869792
6737,717.3363647460938
6738,728.5672810872396
6739,1153.1435953776042
6740,610.2682291666666
6741,791.7661743164062
6742,626.9800618489584
6743,876.901123046875
6744,1822.1485595703125
6745,562.1172281901041
6746,727.11376953125
6747,1883.1909586588542
6748,2201.9691569010415
6749,903.6812744140625
6750,1076.2757568359375
6751,1454.7764485677083
6752,714.3529866536459
6753,1356.1019694010417
6754,11716.1435546875
6755,1261.5748291015625
6756,1094.7235514322917
6757,844.8516438802084
6758,473.6914367675781
6759,1088.6173909505208
6760,848.8969523111979
6761,1274.2272542317708
6762,1360.1684977213542
6763,875.8250325520834
6764,782.9083251953125
6765,1205.6131184895833
6766,2047.6334635416667
6767,1725.2025553385417
6768,886.1318766276041
6769,3093.8070475260415
6770,1382.1392822265625
6771,844.5205281575521
6772,791.2024739583334
6773,765.5247599283854
6774,1183.8328043619792
6775,1838.9213460286458
6776,777.3681844075521
6777,840.7923787434896
6778,1277.1296793619792
6779,1605.5826416015625
6780,981.3538411458334
6781,1816.0550944010417
6782,547.4754435221354
6783,668.6242065429688
6784,1105.7198893229167
6785,2108.5655924479165
6786,742.8639526367188
6787,467.62599690755206
6788,1046.5248209635417
6789,1798.0369466145833
6790,1095.5768636067708
6791,934.4906005859375
6792,812.5675659179688
6793,1526.3220621744792
6794,1328.5922444661458
6795,1547.0677490234375
6796,1449.9109700520833
6797,1138.1363525390625
6798,623.5559488932291
6799,660.6398111979166
6800,1773.5180257161458
6801,1181.1249593098958
6802,622.8301391601562
6803,1917.2313232421875
6804,1790.869384765625
6805,688.3757527669271
6806,1895.5797932942708
6807,1408.9570719401042
6808,942.9729207356771
6809,882.4744466145834
6810,1738.51318359375
6811,1018.7281087239584
6812,1155.9344075520833
6813,1348.11474609375
6814,860.3114827473959
6815,1002.6783243815104
6816,1969.2669677734375
6817,534.5405069986979
6818,1546.6461588541667
6819,2687.3495279947915
6820,1323.2972819010417
6821,1298.6563313802083
6822,2318.088134765625
6823,1049.3919677734375
6824,747.1401774088541
6825,2932.669921875
6826,1244.5426025390625
6827,1200.4800211588542
6828,1488.7244466145833
6829,936.9668579101562
6830,1195.50244140625
6831,1046.7652180989583
6832,1142.9276529947917
6833,722.3426920572916
6834,945.663818359375
6835,959.0174357096354
6836,846.6697794596354
6837,1482.9381103515625
6838,1082.3334554036458
6839,1038.2515869140625
6840,524.2751668294271
6841,1162.3579508463542
6842,1236.9372965494792
6843,1043.5587565104167
6844,1091.26416015625
6845,622.6027425130209
6846,2362.3812662760415
6847,1319.0406901041667
6848,1127.0666097005208
6849,722.4298299153646
6850,1309.0802001953125
6851,1274.5819498697917
6852,2669.3157552083335
6853,832.9927368164062
6854,1034.3753662109375
6855,2083.5615234375
6856,817.1049397786459
6857,1112.5613199869792
6858,951.4320271809896
6859,1088.9718831380208
6860,1225.5416259765625
6861,667.4227498372396
6862,1760.7189534505208
6863,2401.6732584635415
6864,761.69140625
6865,5611.245442708333
6866,1322.7722574869792
6867,1749.4715576171875
6868,1238.925537109375
6869,651.5569051106771
6870,880.1184895833334
6871,651.9251302083334
6872,1499.9265543619792
6873,658.7380981445312
6874,729.4900309244791
6875,1333.6990966796875
6876,698.9700113932291
6877,1187.0555826822917
6878,1133.1693929036458
6879,816.5164591471354
6880,872.111083984375
6881,595.7991333007812
6882,1399.8609619140625
6883,1418.6280517578125
6884,1489.1078694661458
6885,2914.3895670572915
6886,1126.7949625651042
6887,977.4732462565104
6888,908.5274047851562
6889,987.4352416992188
6890,1157.6595458984375
6891,1979.6724039713542
6892,1780.4369710286458
6893,1323.8789876302083
6894,1336.6943359375
6895,762.5621744791666
6896,653.8339029947916
6897,1195.7821858723958
6898,867.5622965494791
6899,1002.7330322265625
6900,684.6295166015625
6901,1214.969970703125
6902,593.9614054361979
6903,607.0892537434896
6904,2191.2081705729165
6905,850.1102905273438
6906,452.66436767578125
6907,3197.4871419270835
6908,1562.0380452473958
6909,660.5238850911459
6910,769.9664916992188
6911,1127.7926025390625
6912,1895.8838297526042
6913,1360.1748046875
6914,631.7571207682291
6915,1152.3232828776042
6916,1221.6656901041667
6917,764.2042643229166
6918,775.3786417643229
6919,1289.5702718098958
6920,1701.921142578125
6921,650.6752726236979
6922,870.1844889322916
6923,814.6309204101562
6924,756.3294067382812
6925,1085.3123779296875
6926,972.1147257486979
6927,3186.7076009114585
6928,658.2236531575521
6929,1231.6386311848958
6930,3996.696044921875
6931,1597.7630208333333
6932,1663.3050944010417
6933,893.3220418294271
6934,1623.3797607421875
6935,1368.5181477864583
6936,527.2594197591146
6937,3120.4571940104165
6938,1283.6152750651042
6939,1471.1936442057292
6940,1736.530517578125
6941,1617.5053304036458
6942,2776.609375
6943,1083.3990885416667
6944,1329.26904296875
6945,1474.4999186197917
6946,610.4472249348959
6947,1005.350341796875
6948,615.3020629882812
6949,962.0450642903646
6950,1509.14794921875
6951,831.2984008789062
6952,768.4523722330729
6953,808.2269083658854
6954,901.8959554036459
6955,770.4155069986979
6956,725.1291707356771
6957,1900.7240804036458
6958,1194.9018147786458
6959,630.2768351236979
6960,624.5925699869791
6961,1856.8758951822917
6962,940.3485921223959
6963,1161.3082275390625
6964,1334.1612548828125
6965,987.9680582682291
6966,902.9232381184896
6967,2070.061767578125
6968,2129.2186686197915
6969,1006.6629231770834
6970,1424.224609375
6971,1559.9246419270833
6972,543.6313069661459
6973,747.7742716471354
6974,1867.7599283854167
6975,993.8514404296875
6976,890.9142049153646
6977,1360.3496500651042
6978,700.1701456705729
6979,1070.8098551432292
6980,1708.6259358723958
6981,622.5301920572916
6982,1472.4031168619792
6983,787.7027587890625
6984,2053.4644368489585
6985,958.0933430989584
6986,887.5887858072916
6987,2198.37060546875
6988,702.962646484375
6989,2551.108154296875
6990,776.2935791015625
6991,1040.3411051432292
6992,840.1715087890625
6993,1337.2724202473958
6994,2439.2479654947915
6995,1266.7354736328125
6996,1045.7740478515625
6997,2388.7401529947915
6998,957.5146280924479
6999,2380.5189615885415
7000,1007.8387451171875
7001,936.3907063802084
7002,776.9231160481771
7003,500.24188232421875
7004,1163.7891845703125
7005,819.5184326171875
7006,478.1116027832031
7007,1785.5344645182292
7008,1003.1060587565104
7009,940.3585001627604
7010,1527.335205078125
7011,750.13623046875
7012,4655.74755859375
7013,1109.5689697265625
7014,1068.0947672526042
7015,1058.8865559895833
7016,3984.5308430989585
7017,1354.951904296875
7018,1611.4845377604167
7019,2565.256103515625
7020,912.0740966796875
7021,1322.27587890625
7022,2013.8828938802083
7023,1303.9585774739583
7024,2609.8912760416665
7025,1940.4335530598958
7026,3265.3514811197915
7027,1465.9749348958333
7028,1235.320556640625
7029,1563.2788492838542
7030,904.2102661132812
7031,1143.7447102864583
7032,1092.6505940755208
7033,1367.15234375
7034,2176.6035970052085
7035,1463.3834635416667
7036,766.87841796875
7037,1892.1141357421875
7038,1249.709228515625
7039,1457.4691975911458
7040,726.4116617838541
7041,899.6722208658854
7042,1045.1495768229167
7043,1044.6178792317708
7044,1495.6954345703125
7045,910.2657267252604
7046,814.1641845703125
7047,847.1956380208334
7048,875.1079508463541
7049,754.3842976888021
7050,1813.5499674479167
7051,1227.0194905598958
7052,424.00011189778644
7053,1556.7914632161458
7054,3636.493896484375
7055,659.0498250325521
7056,1494.8155110677083
7057,1648.1378173828125
7058,1249.1506754557292
7059,806.7775472005209
7060,630.287353515625
7061,994.2853597005209
7062,716.6613972981771
7063,902.4124959309896
7064,636.8065185546875
7065,1178.2620035807292
7066,950.0835571289062
7067,687.5589803059896
7068,866.6258544921875
7069,1256.7235921223958
7070,1322.4463297526042
7071,1406.7737223307292
7072,833.5371704101562
7073,1080.9277750651042
7074,1508.7247314453125
7075,1161.5401204427083
7076,817.1955769856771
7077,1342.5556233723958
7078,1708.7609049479167
7079,2179.287353515625
7080,704.1572062174479
7081,1875.5126953125
7082,1347.009521484375
7083,1032.6488850911458
7084,916.2710571289062
7085,1543.9629720052083
7086,2869.4285481770835
7087,716.9906209309896
7088,1493.798095703125
7089,746.3779296875
7090,1731.1350911458333
7091,828.4200236002604
7092,1532.408203125
7093,894.6868082682291
7094,1330.6465657552083
7095,509.0420328776042
7096,1266.7700602213542
7097,970.6092529296875
7098,2285.791259765625
7099,1177.1105550130208
7100,1746.325927734375
7101,1392.4610188802083
7102,907.1647745768229
7103,1780.5373128255208
7104,940.7565511067709
7105,1255.705810546875
7106,800.0983276367188
7107,977.9857584635416
7108,996.5725301106771
7109,820.2192789713541
7110,1250.7850748697917
7111,922.6651000976562
7112,2079.458984375
7113,1280.3126627604167
7114,1520.8252766927083
7115,992.2296142578125
7116,1079.0460205078125
7117,809.4271647135416
7118,767.7816162109375
7119,1029.534423828125
7120,1879.7398681640625
7121,607.6558024088541
7122,993.6144816080729
7123,1096.4258626302083
7124,658.2965494791666
7125,830.3873087565104
7126,1076.3465169270833
7127,743.1164143880209
7128,846.3260701497396
7129,1945.212646484375
7130,1653.1541748046875
7131,1813.1841634114583
7132,2545.98828125
7133,1393.7033284505208
7134,1427.4944661458333
7135,708.5696004231771
7136,1704.7842203776042
7137,1955.1133626302083
7138,1242.5587565104167
7139,1250.9330647786458
7140,1005.5603841145834
7141,1534.1233723958333
7142,563.3951619466146
7143,2158.843505859375
7144,1214.9852701822917
7145,928.839111328125
7146,948.0656941731771
7147,684.1086832682291
7148,1461.7646484375
7149,1203.4329833984375
7150,1417.5323893229167
7151,2165.966064453125
7152,1055.79443359375
7153,1119.9993082682292
7154,1213.76953125
7155,531.3991088867188
7156,2588.5836588541665
7157,1096.9114583333333
7158,708.6539713541666
7159,830.5242716471354
7160,841.2763875325521
7161,1547.0876057942708
7162,1421.5809326171875
7163,2108.0049641927085
7164,957.0276896158854
7165,1187.8234049479167
7166,634.5112915039062
7167,1806.2306315104167
7168,1377.4799397786458
7169,1085.9163004557292
7170,1121.6693115234375
7171,1027.1796061197917
7172,1974.2295328776042
7173,690.0165201822916
7174,1832.5548502604167
7175,1125.8028971354167
7176,561.6305948893229
7177,1120.9130859375
7178,950.3752034505209
7179,1027.4993082682292
7180,1441.8844807942708
7181,650.9936930338541
7182,1441.6091715494792
7183,1018.4357299804688
7184,685.0593872070312
7185,1364.02685546875
7186,1491.12255859375
7187,791.4535522460938
7188,734.3661905924479
7189,1862.7643229166667
7190,935.6913859049479
7191,1085.6103108723958
7192,622.2794189453125
7193,532.630859375
7194,959.1728922526041
7195,1055.7426350911458
7196,484.94687906901044
7197,641.0642903645834
7198,1685.5315755208333
7199,1126.6445719401042
7200,1162.2686360677083
7201,563.6336263020834
7202,2176.6800944010415
7203,1115.5723470052083
7204,531.7819010416666
7205,2112.5797526041665
7206,2191.2831217447915
7207,1632.1144205729167
7208,681.7215983072916
7209,826.5282185872396
7210,1214.8144124348958
7211,1773.1581217447917
7212,1286.6250813802083
7213,1429.4366048177083
7214,2266.671630859375
7215,1101.3470052083333
7216,3741.0794270833335
7217,2687.6517740885415
7218,1188.2708333333333
7219,893.0594482421875
7220,1040.6639404296875
7221,1354.2403157552083
7222,2435.5284830729165
7223,1019.4555867513021
7224,1216.5886637369792
7225,891.1527099609375
7226,1219.1224365234375
7227,1346.9788004557292
7228,1162.2821451822917
7229,1007.0604451497396
7230,2786.6959635416665
7231,1180.705810546875
7232,501.6204833984375
7233,3048.0965983072915
7234,778.572021484375
7235,843.9257405598959
7236,996.4373575846354
7237,2381.3347981770835
7238,1419.01904296875
7239,650.7702840169271
7240,1195.2428792317708
7241,1404.3359375
7242,795.9443766276041
7243,2594.8501790364585
7244,1244.5403238932292
7245,512.3824055989584
7246,3006.862060546875
7247,1652.2073567708333
7248,696.0839029947916
7249,1100.4166259765625
7250,2583.9090983072915
7251,1105.5077311197917
7252,873.0612182617188
7253,546.3716023763021
7254,1042.093505859375
7255,990.6385294596354
7256,1070.8121337890625
7257,1190.7738444010417
7258,927.5444946289062
7259,864.0042928059896
7260,978.2149251302084
7261,773.4926554361979
7262,2827.8352864583335
7263,1229.0624186197917
7264,619.9250691731771
7265,814.5900472005209
7266,1062.9329427083333
7267,1124.4160563151042
7268,2151.9195149739585
7269,1072.5834147135417
7270,1257.8492024739583
7271,1154.7416585286458
7272,1533.9108479817708
7273,1290.4300537109375
7274,1099.5938720703125
7275,1911.9014078776042
7276,1308.1036376953125
7277,1313.8324788411458
7278,3078.4651692708335
7279,847.0310668945312
7280,692.9548746744791
7281,2887.0146484375
7282,645.6048990885416
7283,2173.2858072916665
7284,1778.1704508463542
7285,1553.8974202473958
7286,824.8152872721354
7287,851.3126017252604
7288,984.0816446940104
7289,720.7196248372396
7290,2475.4762369791665
7291,1264.7158610026042
7292,828.30224609375
7293,731.0383707682291
7294,920.9762980143229
7295,790.4584554036459
7296,1015.2492879231771
7297,995.0908406575521
7298,1113.291015625
7299,1700.6304117838542
7300,2846.9873046875
7301,1343.3672281901042
7302,1069.38818359375
7303,2329.935791015625
7304,1746.292236328125
7305,1038.9115804036458
7306,952.2987670898438
7307,605.2996419270834
7308,1910.771240234375
7309,1147.4930419921875
7310,677.8963826497396
7311,793.3299357096354
7312,730.6520385742188
7313,1792.8833821614583
7314,991.3204752604166
7315,1395.1624348958333
7316,707.515380859375
7317,1596.6971028645833
7318,653.6519368489584
7319,2740.4449055989585
7320,839.1162923177084
7321,2292.7720540364585
7322,1024.140157063802
7323,1232.87841796875
7324,1007.866943359375
7325,656.4821370442709
7326,590.0982259114584
7327,1716.5105387369792
7328,844.6925659179688
7329,2402.9051920572915
7330,981.8933512369791
7331,984.5261027018229
7332,748.7322184244791
7333,1667.8369954427083
7334,1784.006103515625
7335,920.7049763997396
7336,1074.0388997395833
7337,1114.3599446614583
7338,821.4846598307291
7339,986.5612182617188
7340,829.4862263997396
7341,1047.0998942057292
7342,881.9579264322916
7343,1251.6495361328125
7344,1362.596435546875
7345,914.2950032552084
7346,507.4447835286458
7347,586.91943359375
7348,2977.0184733072915
7349,981.1500447591146
7350,1286.8579508463542
7351,1040.6756998697917
7352,599.68505859375
7353,548.9040120442709
7354,430.7702128092448
7355,1236.22119140625
7356,1204.516845703125
7357,636.9623209635416
7358,1455.2789713541667
7359,1488.416748046875
7360,1034.8593343098958
7361,1305.4431559244792
7362,937.1649780273438
7363,2552.1014811197915
7364,767.5507609049479
7365,572.7273152669271
7366,1241.62744140625
7367,1724.0586344401042
7368,1546.9268798828125
7369,1048.2303873697917
7370,1860.7781168619792
7371,1088.91259765625
7372,946.4333902994791
7373,2066.9578450520835
7374,1167.0122884114583
7375,1644.1252848307292
7376,609.3749593098959
7377,1465.5260009765625
7378,725.8976643880209
7379,715.6076253255209
7380,756.6248168945312
7381,805.4497477213541
7382,1256.4206136067708
7383,1350.3195393880208
7384,1625.6038818359375
7385,1851.0144856770833
7386,1136.2685139973958
7387,869.6602579752604
7388,1254.5236002604167
7389,2500.6739908854165
7390,881.9464518229166
7391,1751.3772786458333
7392,1122.9471028645833
7393,1224.0329182942708
7394,1490.8958333333333
7395,586.9799397786459
7396,483.4220275878906
7397,859.4940999348959
7398,1768.0718180338542
7399,725.9271036783854
7400,1093.9827880859375
7401,502.67726643880206
7402,1051.5540771484375
7403,2276.1490071614585
7404,1326.8781331380208
7405,2249.3138834635415
7406,1149.5380045572917
7407,1352.9131266276042
7408,745.5213826497396
7409,2252.40380859375
7410,641.40087890625
7411,1042.9164632161458
7412,1691.9798177083333
7413,1368.2066243489583
7414,1465.9986165364583
7415,1886.4288330078125
7416,391.13624064127606
7417,765.9411010742188
7418,1326.0118815104167
7419,898.4726765950521
7420,1345.4922688802083
7421,1078.0328369140625
7422,730.6817220052084
7423,739.2751057942709
7424,1107.2320556640625
7425,656.6805216471354
7426,1150.8671468098958
7427,1386.4742431640625
7428,1599.5970458984375
7429,1213.9617513020833
7430,883.0699869791666
7431,3281.06689453125
7432,1246.9908854166667
7433,987.8033854166666
7434,1388.23486328125
7435,1259.6894938151042
7436,803.4763590494791
7437,1331.7509358723958
7438,1346.3575439453125
7439,1000.1443277994791
7440,2730.388916015625
7441,1405.2831217447917
7442,797.8235270182291
7443,2038.1908772786458
7444,696.9605102539062
7445,906.8002115885416
7446,772.25146484375
7447,1866.3524983723958
7448,1215.4843343098958
7449,678.7049763997396
7450,759.7465209960938
7451,559.6486409505209
7452,986.1680094401041
7453,1038.0589599609375
7454,1534.2580973307292
7455,875.3947550455729
7456,2690.1092936197915
7457,4698.215494791667
7458,754.6135864257812
7459,1298.1121012369792
7460,1175.358642578125
7461,650.4843343098959
7462,763.9569295247396
7463,868.9386800130209
7464,670.3933308919271
7465,487.8865661621094
7466,893.9877319335938
7467,1292.4774576822917
7468,894.9676920572916
7469,762.3018798828125
7470,775.8276774088541
7471,679.0056762695312
7472,1437.1788330078125
7473,782.0321248372396
7474,3144.5677083333335
7475,1058.3100179036458
7476,1032.7124837239583
7477,565.4286092122396
7478,535.2613525390625
7479,623.2908325195312
7480,1179.3911539713542
7481,1974.6033528645833
7482,2412.0397135416665
7483,1220.6791178385417
7484,955.2257080078125
7485,923.5545654296875
7486,1108.5502115885417
7487,2371.55517578125
7488,738.2533569335938
7489,651.3779296875
7490,1518.4949544270833
7491,2193.7915852864585
7492,495.02257283528644
7493,1277.1742757161458
7494,1014.4147135416666
7495,543.3749389648438
7496,785.7103678385416
7497,674.2970377604166
7498,941.4489339192709
7499,1698.1183675130208
7500,1672.7586669921875
7501,1431.8041585286458
7502,1296.9102783203125
7503,1755.4081217447917
7504,1802.4546712239583
7505,947.7096557617188
7506,1240.5511067708333
7507,1175.9304606119792
7508,631.2416585286459
7509,1485.3318277994792
7510,1159.9170328776042
7511,907.0518595377604
7512,769.3648885091146
7513,762.2204182942709
7514,1238.5262858072917
7515,1435.8075358072917
7516,951.0639851888021
7517,1485.8339436848958
7518,808.6051432291666
7519,1175.4220377604167
7520,1080.5503743489583
7521,1648.8594563802083
7522,2445.5517578125
7523,1209.1980387369792
7524,1325.2676188151042
7525,1090.1201985677083
7526,801.7489827473959
7527,881.2784016927084
7528,2412.201904296875
7529,753.3829956054688
7530,1299.1114501953125
7531,1070.0754801432292
7532,1575.3086751302083
7533,949.6350911458334
7534,645.0601806640625
7535,1245.724609375
7536,1245.0491943359375
7537,974.6817423502604
7538,757.6486612955729
7539,1142.138671875
7540,1081.2200113932292
7541,1206.0802815755208
7542,1576.99365234375
7543,973.5609130859375
7544,890.4081217447916
7545,2313.7378743489585
7546,1433.7686767578125
7547,895.2960001627604
7548,718.4554850260416
7549,1227.4425455729167
7550,2949.6263020833335
7551,934.7366333007812
7552,1196.0372721354167
7553,1715.1700439453125
7554,856.8702392578125
7555,648.9595336914062
7556,925.4911702473959
7557,644.5457763671875
7558,568.574951171875
7559,654.2923787434896
7560,1151.5904947916667
7561,2563.5094401041665
7562,804.5390014648438
7563,898.1604410807291
7564,1607.5013020833333
7565,645.4839477539062
7566,442.9058837890625
7567,1698.6310221354167
7568,856.2799479166666
7569,583.3712565104166
7570,1283.4055582682292
7571,1017.2737019856771
7572,776.0293782552084
7573,1413.7443440755208
7574,860.2667032877604
7575,1257.7374267578125
7576,909.5698445638021
7577,3136.9146321614585
7578,1301.2093098958333
7579,745.0959269205729
7580,1708.8099365234375
7581,2359.3090006510415
7582,2844.8911946614585
7583,2571.8444010416665
7584,984.7692260742188
7585,729.4755655924479
7586,481.5712890625
7587,2386.7804361979165
7588,2110.664794921875
7589,1517.8159586588542
7590,2870.4658203125
7591,2771.6727701822915
7592,1556.4820963541667
7593,1040.9960530598958
7594,4750.765462239583
7595,732.8702596028646
7596,760.3761596679688
7597,894.3521931966146
7598,602.7844645182291
7599,1475.7607014973958
7600,1159.7327067057292
7601,1509.1011149088542
7602,1048.5937906901042
7603,949.3240966796875
7604,1024.3702799479167
7605,763.3429158528646
7606,1242.0423990885417
7607,1598.8087972005208
7608,2444.6932779947915
7609,1206.5814615885417
7610,962.7540893554688
7611,798.4033203125
7612,2405.713134765625
7613,1853.1881103515625
7614,1797.3578694661458
7615,557.4320475260416
7616,854.8348185221354
7617,1044.941650390625
7618,1560.0288899739583
7619,1281.4298502604167
7620,1944.8350016276042
7621,1221.2791748046875
7622,1463.7463785807292
7623,1148.4638264973958
7624,479.0483805338542
7625,1218.8729654947917
7626,510.70630900065106
7627,1875.2944742838542
7628,1360.7849934895833
7629,841.3670247395834
7630,1235.0564371744792
7631,1245.4205729166667
7632,1032.4785563151042
7633,1749.6789957682292
7634,1160.2837727864583
7635,832.947265625
7636,858.5154418945312
7637,1371.135986328125
7638,673.4435831705729
7639,856.3247477213541
7640,1274.491455078125
7641,953.5713500976562
7642,684.6687215169271
7643,1109.5830485026042
7644,562.1077270507812
7645,1052.11962890625
7646,2804.5503743489585
7647,1191.862060546875
7648,1817.2135009765625
7649,790.1385701497396
7650,2488.2150065104165
7651,2124.7396647135415
7652,1411.196533203125
7653,610.6597493489584
7654,694.4476725260416
7655,694.1459554036459
7656,694.1451822916666
7657,1670.3064371744792
7658,1318.1831461588542
7659,859.1579793294271
7660,1126.861572265625
7661,948.2212727864584
7662,933.9764607747396
7663,1346.1210530598958
7664,1590.0277913411458
7665,1335.4037679036458
7666,838.0018920898438
7667,1570.1581217447917
7668,823.8541463216146
7669,1106.3572998046875
7670,1201.1625569661458
7671,2342.7202962239585
7672,528.5334065755209
7673,1196.3993733723958
7674,958.1780598958334
7675,1426.8472086588542
7676,1334.3810221354167
7677,1239.6545003255208
7678,808.9922688802084
7679,565.7735799153646
7680,1667.2339680989583
7681,993.7850341796875
7682,1261.6639404296875
7683,1011.574462890625
7684,1069.4595540364583
7685,1577.1715494791667
7686,460.62537638346356
7687,1608.1850179036458
7688,1248.5148111979167
7689,1094.1582845052083
7690,1623.5870768229167
7691,2129.3749186197915
7692,653.72314453125
7693,1003.7817993164062
7694,761.0976969401041
7695,1944.2610677083333
7696,2876.7609049479165
7697,720.9627482096354
7698,1765.4593912760417
7699,595.6758422851562
7700,427.3601481119792
7701,1271.5336507161458
7702,1034.5297444661458
7703,1232.3435465494792
7704,1000.8021036783854
7705,1795.65283203125
7706,609.7447509765625
7707,744.3900756835938
7708,622.1424357096354
7709,1044.8799641927083
7710,2038.4307861328125
7711,1322.3197835286458
7712,576.2310994466146
7713,741.6800944010416
7714,1292.7611897786458
7715,604.7899983723959
7716,743.7408447265625
7717,806.9745076497396
7718,1531.8190511067708
7719,1676.4136149088542
7720,512.6980895996094
7721,2348.495849609375
7722,1024.0135498046875
7723,1015.1566569010416
7724,746.1642252604166
7725,1035.5019938151042
7726,1027.5966389973958
7727,578.4112141927084
7728,2224.564208984375
7729,1137.2837727864583
7730,1188.4718831380208
7731,641.1880493164062
7732,1696.8746744791667
7733,1228.6958821614583
7734,594.3050333658854
7735,1537.2032877604167
7736,1763.5512288411458
7737,891.3070068359375
7738,3150.6309407552085
7739,3410.2772623697915
7740,1383.0818684895833
7741,1139.8301595052083
7742,1105.0169677734375
7743,1254.4610595703125
7744,707.9360148111979
7745,3635.3103841145835
7746,2687.3720703125
7747,1042.4088541666667
7748,836.070556640625
7749,2298.4392903645835
7750,1243.2008870442708
7751,789.6516316731771
7752,946.7611083984375
7753,1270.9565836588542
7754,1481.5928955078125
7755,1472.771240234375
7756,729.1228841145834
7757,939.4592081705729
7758,1983.3745524088542
7759,2719.1424153645835
7760,784.333740234375
7761,1560.3572591145833
7762,1226.1754557291667
7763,530.7028605143229
7764,1191.1772867838542
7765,1427.5344645182292
7766,704.0903930664062
7767,847.6515502929688
7768,1066.5799967447917
7769,1389.6857503255208
7770,697.6404012044271
7771,1106.7586669921875
7772,504.38751220703125
7773,610.7144978841146
7774,1415.60009765625
7775,4433.673990885417
7776,2073.7269694010415
7777,751.0253499348959
7778,658.3690592447916
7779,1442.3664143880208
7780,2228.4942220052085
7781,815.451171875
7782,1887.8363037109375
7783,1290.700927734375
7784,2207.5668131510415
7785,838.5197957356771
7786,1050.76953125
7787,742.3909301757812
7788,1050.4486490885417
7789,600.0601603190104
7790,2179.82568359375
7791,1778.3742268880208
7792,655.69580078125
7793,1182.623046875
7794,2565.642578125
7795,1165.1611735026042
7796,2134.8660481770835
7797,1254.77978515625
7798,1710.8084309895833
7799,680.4117024739584
7800,1179.7010904947917
7801,702.7079671223959
7802,1151.3422444661458
7803,696.1564534505209
7804,798.0859781901041
7805,1664.66357421875
7806,736.67138671875
7807,3061.336181640625
7808,595.5671793619791
7809,763.2612101236979
7810,1674.3365885416667
7811,1173.4993082682292
7812,683.4614664713541
7813,1646.9677327473958
7814,896.8991088867188
7815,1675.3660481770833
7816,1032.5669759114583
7817,1720.7407633463542
7818,856.5906982421875
7819,2350.3265787760415
7820,1121.771484375
7821,2004.7899983723958
7822,1148.5607503255208
7823,563.7669270833334
7824,1409.3641764322917
7825,1458.4581298828125
7826,950.5209147135416
7827,1462.89892578125
7828,978.85107421875
7829,1510.5011393229167
7830,1551.0393473307292
7831,765.905517578125
7832,694.6060180664062
7833,956.0727132161459
7834,880.8216959635416
7835,1081.638916015625
7836,1401.153076171875
7837,1138.75537109375
7838,1530.605224609375
7839,947.55419921875
7840,1444.8441162109375
7841,833.742431640625
7842,992.6291097005209
7843,2555.270751953125
7844,1438.8028564453125
7845,1791.682373046875
7846,977.2386881510416
7847,1124.6449381510417
7848,2798.7671712239585
7849,887.2283935546875
7850,1034.0295003255208
7851,758.274658203125
7852,1172.7688395182292
7853,968.8659871419271
7854,1575.3501383463542
7855,2124.408935546875
7856,881.5676472981771
7857,1464.3308512369792
7858,650.4656372070312
7859,1014.0803629557291
7860,621.5972290039062
7861,1033.6206461588542
7862,1568.7594807942708
7863,1099.2366943359375
7864,1413.9698893229167
7865,1316.2710367838542
7866,804.5460001627604
7867,849.2392374674479
7868,1496.2598063151042
7869,1291.1700032552083
7870,526.4875691731771
7871,1288.0909016927083
7872,907.7182413736979
7873,808.4309692382812
7874,841.2421061197916
7875,1678.11376953125
7876,670.4774373372396
7877,995.3173014322916
7878,1069.8716227213542
7879,1074.60693359375
7880,910.8004353841146
7881,651.4679361979166
7882,1411.5779215494792
7883,5397.915852864583
7884,2860.2685546875
7885,725.8955078125
7886,692.1371663411459
7887,1112.9776611328125
7888,528.3856608072916
7889,527.4003702799479
7890,709.5644734700521
7891,1039.6968994140625
7892,678.0727945963541
7893,1489.5521240234375
7894,666.0470784505209
7895,1521.7483317057292
7896,1729.631103515625
7897,989.2396036783854
7898,1005.2558186848959
7899,1656.2413736979167
7900,996.013916015625
7901,933.79248046875
7902,793.682373046875
7903,722.8891194661459
7904,2177.6905924479165
7905,892.7787679036459
7906,1001.691162109375
7907,697.9532674153646
7908,1902.6920572916667
7909,1042.3163248697917
7910,1039.2444254557292
7911,1463.2762858072917
7912,1014.7003987630209
7913,1034.3749593098958
7914,1160.7992757161458
7915,1463.7031656901042
7916,569.5925089518229
7917,1574.321044921875
7918,728.5213012695312
7919,1220.7967529296875
7920,683.6092529296875
7921,1608.9948323567708
7922,1009.4287312825521
7923,1948.3950602213542
7924,1188.6472981770833
7925,2382.4357096354165
7926,974.1163533528646
7927,691.7935791015625
7928,1254.4766845703125
7929,1232.0719807942708
7930,1038.3350423177083
7931,2119.3182779947915
7932,1003.3776041666666
7933,1567.9864095052083
7934,1080.2154541015625
7935,592.3125813802084
7936,2396.509033203125
7937,961.9372965494791
7938,1015.5917765299479
7939,1448.1809488932292
7940,1526.0872802734375
7941,896.3441975911459
7942,942.4217325846354
7943,2659.543701171875
7944,761.5206705729166
7945,1067.49951171875
7946,1026.5536295572917
7947,1242.2155354817708
7948,3684.539306640625
7949,1197.7404378255208
7950,585.7298177083334
7951,1771.5640462239583
7952,1350.7613118489583
7953,484.679443359375
7954,2719.835205078125
7955,1180.6979573567708
7956,505.42455037434894
7957,730.7174275716146
7958,1488.3262125651042
7959,1689.6897786458333
7960,607.2721761067709
7961,650.3525594075521
7962,793.0597330729166
7963,1506.5823160807292
7964,2180.046875
7965,667.5944620768229
7966,1505.6572265625
7967,2923.8355305989585
7968,991.1631469726562
7969,1044.1710611979167
7970,531.1061197916666
7971,2119.4051920572915
7972,633.9594319661459
7973,1083.001708984375
7974,925.4286905924479
7975,1081.3846435546875
7976,563.7302856445312
7977,1784.638671875
7978,1301.8661702473958
7979,1612.929931640625
7980,671.6247762044271
7981,1021.6431477864584
7982,1330.0033772786458
7983,1364.4211832682292
7984,1006.4747924804688
7985,838.02783203125
7986,1009.5172729492188
7987,1159.9323323567708
7988,808.2950032552084
7989,1177.9600830078125
7990,936.1337483723959
7991,831.1346028645834
7992,1009.865478515625
7993,1023.633544921875
7994,877.8412475585938
7995,749.4389241536459
7996,822.4920654296875
7997,1015.1399332682291
7998,721.1796468098959
7999,1967.8122151692708
8000,3644.6446126302085
8001,711.6898600260416
8002,1093.83349609375
8003,1285.8059895833333
8004,487.8583984375
8005,2160.9557291666665
8006,910.9382934570312
8007,1548.6284586588542
8008,818.4180297851562
8009,562.3206380208334
8010,2162.08544921875
8011,1201.6864420572917
8012,1263.3162841796875
8013,931.5643107096354
8014,929.0826212565104
8015,1143.6173502604167
8016,1041.476318359375
8017,906.4249064127604
8018,1610.7098795572917
8019,1627.9147135416667
8020,1588.5424397786458
8021,1206.4732666015625
8022,1011.9543253580729
8023,755.9916381835938
8024,1073.8424072265625
8025,685.5406087239584
8026,1151.6575927734375
8027,934.3150838216146
8028,1296.66259765625
8029,869.0901082356771
8030,2186.8264973958335
8031,1250.2222086588542
8032,1251.6817626953125
8033,835.6198120117188
8034,1407.8584798177083
8035,995.1590779622396
8036,1357.3814290364583
8037,1865.9106852213542
8038,734.8846842447916
8039,873.7870076497396
8040,735.6800537109375
8041,599.3630574544271
8042,1411.233642578125
8043,1066.7368570963542
8044,961.2350260416666
8045,482.7156473795573
8046,817.4055379231771
8047,1104.4501546223958
8048,735.0429280598959
8049,680.05859375
8050,1094.1066487630208
8051,779.355712890625
8052,1047.7980143229167
8053,1081.1410725911458
8054,556.0715942382812
8055,736.7801106770834
8056,960.5874430338541
8057,1339.8585205078125
8058,880.9195353190104
8059,1331.6045328776042
8060,1614.1812744140625
8061,2308.0514322916665
8062,371.7226257324219
8063,608.6274820963541
8064,1048.6920979817708
8065,1023.6536051432291
8066,1266.0970458984375
8067,827.8108723958334
8068,1685.0286051432292
8069,973.4310099283854
8070,984.6472778320312
8071,611.3952433268229
8072,1685.9312744140625
8073,761.8523356119791
8074,1499.4626871744792
8075,928.97509765625
8076,1691.9634195963542
8077,433.7698567708333
8078,928.8160603841146
8079,966.3245035807291
8080,985.4696655273438
8081,968.1798706054688
8082,3156.53173828125
8083,1294.9429931640625
8084,410.11887613932294
8085,674.3493448893229
8086,1592.2125651041667
8087,565.2803955078125
8088,1557.1302490234375
8089,1071.64794921875
8090,482.44507853190106
8091,1333.670166015625
8092,1140.6543782552083
8093,1017.8925577799479
8094,2167.8900553385415
8095,805.2026570638021
8096,1045.9239501953125
8097,480.1765645345052
8098,777.5743408203125
8099,1809.4576009114583
8100,2044.4507242838542
8101,1526.9695231119792
8102,744.3681437174479
8103,1047.4864908854167
8104,1685.1903889973958
8105,2932.8409016927085
8106,1331.1672770182292
8107,1034.2010498046875
8108,604.5821126302084
8109,898.5944213867188
8110,682.0437418619791
8111,1069.8486328125
8112,857.1138102213541
8113,993.3329060872396
8114,3194.4851888020835
8115,930.3384806315104
8116,749.2703653971354
8117,1708.2513020833333
8118,1343.4274088541667
8119,879.3219197591146
8120,1817.4497884114583
8121,638.6844278971354
8122,847.67041015625
8123,1261.1167805989583
8124,1832.6785074869792
8125,620.6624348958334
8126,1688.4190673828125
8127,1663.093505859375
8128,1078.3513590494792
8129,849.9487101236979
8130,581.4987182617188
8131,747.4061279296875
8132,644.7060750325521
8133,725.1051432291666
8134,1099.364501953125
8135,667.6012980143229
8136,729.3114217122396
8137,2852.4312337239585
8138,1046.1837158203125
8139,2314.2848307291665
8140,962.3209635416666
8141,719.1851399739584
8142,1303.6234130859375
8143,856.9786173502604
8144,1023.5666910807291
8145,2526.532958984375
8146,970.3863728841146
8147,1271.7234293619792
8148,819.6513875325521
8149,874.2810262044271
8150,1066.1884765625
8151,813.948974609375
8152,884.1149698893229
8153,859.4253336588541
8154,1388.6051432291667
8155,1552.568359375
8156,1391.7492268880208
8157,439.99659220377606
8158,1106.7869466145833
8159,871.0297444661459
8160,1172.3982747395833
8161,692.3666381835938
8162,717.4891153971354
8163,2451.77392578125
8164,2030.4261067708333
8165,658.6956990559896
8166,1064.1064046223958
8167,981.1648763020834
8168,1476.1360677083333
8169,1110.9173990885417
8170,1164.9734293619792
8171,1848.23828125
8172,1905.3203531901042
8173,1760.8577067057292
8174,1511.2414957682292
8175,817.9783935546875
8176,1288.8437093098958
8177,708.1081746419271
8178,1210.7803955078125
8179,1669.5831298828125
8180,939.4067586263021
8181,715.334228515625
8182,2743.2162272135415
8183,612.5195109049479
8184,857.9852905273438
8185,901.4350382486979
8186,1456.5767008463542
8187,1343.606689453125
8188,1497.8663330078125
8189,1669.045166015625
8190,582.9540405273438
8191,1096.0464680989583
8192,728.7540893554688
8193,2562.3111979166665
8194,988.2194010416666
8195,1163.3484293619792
8196,2432.2650553385415
8197,1343.8134358723958
8198,1167.2051595052083
8199,815.4746297200521
8200,1690.7021891276042
8201,851.5182698567709
8202,1128.0621337890625
8203,557.0835367838541
8204,808.6706339518229
8205,1504.7875162760417
8206,1301.645751953125
8207,1160.9114990234375
8208,996.7069905598959
8209,1513.5596110026042
8210,1121.2212727864583
8211,520.2351888020834
8212,1054.1704915364583
8213,572.0041097005209
8214,1303.8171793619792
8215,439.96558634440106
8216,842.3582153320312
8217,1994.9208170572917
8218,1060.6295572916667
8219,1590.0169270833333
8220,662.4515787760416
8221,527.5900065104166
8222,1437.4881998697917
8223,1490.7933349609375
8224,1020.285888671875
8225,4382.774251302083
8226,1212.829833984375
8227,1452.6302490234375
8228,1631.1366780598958
8229,1665.7670491536458
8230,735.7554524739584
8231,1067.0102132161458
8232,1401.2314860026042
8233,1625.8132731119792
8234,2327.0586751302085
8235,1164.3944091796875
8236,733.7913614908854
8237,1391.7949625651042
8238,1113.2823486328125
8239,721.790283203125
8240,1785.9132486979167
8241,880.0042521158854
8242,553.2732340494791
8243,1859.3412679036458
8244,899.1372884114584
8245,2114.3961588541665
8246,686.221923828125
8247,1798.846435546875
8248,1497.0255126953125
8249,425.19933064778644
8250,1573.9678548177083
8251,1447.273193359375
8252,871.2168375651041
8253,2915.424072265625
8254,879.4722086588541
8255,985.4723307291666
8256,921.5697428385416
8257,1206.2462972005208
8258,721.0692138671875
8259,1150.4973958333333
8260,718.7170817057291
8261,1034.7908935546875
8262,1173.6022542317708
8263,1773.2211100260417
8264,503.0689392089844
8265,809.4781290690104
8266,786.1849161783854
8267,1025.6820475260417
8268,999.4060465494791
8269,831.1666259765625
8270,1080.8139241536458
8271,970.5770467122396
8272,945.7338460286459
8273,676.2284138997396
8274,689.9353637695312
8275,1321.3769938151042
8276,2687.1244303385415
8277,1164.6809488932292
8278,3048.7962239583335
8279,2808.4754231770835
8280,795.2674763997396
8281,903.5334676106771
8282,1145.6925048828125
8283,1362.3188069661458
8284,988.0675659179688
8285,781.7552693684896
8286,1370.310791015625
8287,1128.2437337239583
8288,984.9095255533854
8289,1330.0108642578125
8290,1343.7559814453125
8291,668.9257609049479
8292,716.3565266927084
8293,1129.5555419921875
8294,998.5482788085938
8295,762.100341796875
8296,1743.4478759765625
8297,2002.3184814453125
8298,910.6546223958334
8299,1143.7883707682292
8300,710.2405192057291
8301,1248.0830485026042
8302,1292.27001953125
8303,1571.5474446614583
8304,507.31214396158856
8305,2718.882568359375
8306,596.11181640625
8307,726.3726806640625
8308,1110.8690999348958
8309,2099.5396321614585
8310,1675.3202718098958
8311,584.5256958007812
8312,434.45379638671875
8313,546.4302571614584
8314,2943.5569661458335
8315,1629.1127115885417
8316,1552.4504801432292
8317,2261.2197265625
8318,1449.56689453125
8319,715.1662801106771
8320,906.1688232421875
8321,4005.7196451822915
8322,609.6370849609375
8323,818.4010009765625
8324,1626.4566243489583
8325,999.9164835611979
8326,3399.3772786458335
8327,1048.3281656901042
8328,2434.3140462239585
8329,1725.3304850260417
8330,2199.7963053385415
8331,1691.5069986979167
8332,1070.570556640625
8333,707.7809448242188
8334,1012.9832560221354
8335,2220.4867350260415
8336,1622.3525390625
8337,1364.8616129557292
8338,623.4297078450521
8339,813.8091023763021
8340,1032.9775797526042
8341,2937.0369466145835
8342,899.6980794270834
8343,498.7942606608073
8344,1077.3885498046875
8345,927.3640747070312
8346,2998.5491536458335
8347,781.0819498697916
8348,1906.7396647135417
8349,890.6687825520834
8350,1368.6894124348958
8351,1138.9873860677083
8352,1004.1691284179688
8353,548.2896931966146
8354,894.9129231770834
8355,1929.1278483072917
8356,1281.5276285807292
8357,1148.3272705078125
8358,1018.8508504231771
8359,1821.8662109375
8360,753.2229410807291
8361,1563.6595865885417
8362,1073.2281901041667
8363,1539.8872477213542
8364,621.3321940104166
8365,1163.8106689453125
8366,826.1595458984375
8367,614.0783894856771
8368,1099.7222900390625
8369,747.5437825520834
8370,619.0188395182291
8371,1032.5896809895833
8372,1359.1554361979167
8373,1471.8368733723958
8374,797.3541666666666
8375,2191.752685546875
8376,531.3834228515625
8377,841.5144246419271
8378,1077.5938720703125
8379,1040.55615234375
8380,1991.7587890625
8381,809.9692586263021
8382,1385.5137125651042
8383,959.1604817708334
8384,638.91552734375
8385,808.9260050455729
8386,835.6037394205729
8387,1429.4200032552083
8388,1417.7035319010417
8389,888.0765177408854
8390,1988.8194173177083
8391,1019.1348266601562
8392,699.0737508138021
8393,1986.9173177083333
8394,907.0677693684896
8395,1806.8491617838542
8396,895.2307739257812
8397,1999.0253092447917
8398,2690.4658203125
8399,728.3492431640625
8400,3322.3558756510415
8401,733.6703084309896
8402,2209.6879069010415
8403,1022.1116943359375
8404,946.6633911132812
8405,1721.8157958984375
8406,1346.18408203125
8407,1854.552734375
8408,1062.0260823567708
8409,892.8809814453125
8410,1489.1043294270833
8411,747.2447916666666
8412,1483.7025553385417
8413,1489.0405680338542
8414,1265.0542399088542
8415,1049.2335205078125
8416,1487.6903889973958
8417,1537.7860514322917
8418,1229.2941487630208
8419,988.8140665690104
8420,1005.294189453125
8421,817.5142008463541
8422,611.021240234375
8423,1258.5028889973958
8424,931.1106363932291
8425,913.5428670247396
8426,1424.5857340494792
8427,852.6951090494791
8428,1007.4642944335938
8429,1110.5950927734375
8430,867.9106852213541
8431,1323.4328206380208
8432,1114.7698160807292
8433,763.5278523763021
8434,1255.8211263020833
8435,753.7559611002604
8436,1151.8828531901042
8437,3413.9270833333335
8438,827.0945638020834
8439,749.6923014322916
8440,1741.1850992838542
8441,2048.9690755208335
8442,799.3369954427084
8443,1037.7108561197917
8444,716.1387532552084
8445,753.6107584635416
8446,12958.65234375
8447,1308.0464680989583
8448,1976.3326822916667
8449,477.9650370279948
8450,1786.617919921875
8451,823.0929565429688
8452,681.4956461588541
8453,565.0862223307291
8454,908.7212727864584
8455,1054.120361328125
8456,860.0996500651041
8457,2245.523681640625
8458,797.3901163736979
8459,1023.8523763020834
8460,504.5867919921875
8461,1261.0422770182292
8462,1095.9446614583333
8463,904.8306884765625
8464,2323.593994140625
8465,843.4516194661459
8466,2430.7381184895835
8467,677.9781087239584
8468,597.2417399088541
8469,1343.2801106770833
8470,842.3801066080729
8471,868.1139119466146
8472,919.44140625
8473,1134.5823974609375
8474,687.0077921549479
8475,1065.4312744140625
8476,1580.3158772786458
8477,929.5652872721354
8478,1015.9189453125
8479,794.2769978841146
8480,1021.1619262695312
8481,907.2548828125
8482,508.3874918619792
8483,962.3691813151041
8484,1150.8557942708333
8485,1228.8519694010417
8486,1920.51611328125
8487,2005.2098795572917
8488,601.6039225260416
8489,873.3902587890625
8490,610.2659301757812
8491,985.7530924479166
8492,1431.6213785807292
8493,1174.566162109375
8494,815.7691446940104
8495,2694.0380859375
8496,1141.0240885416667
8497,1197.0164794921875
8498,575.42724609375
8499,742.5547688802084
8500,681.6534016927084
8501,721.9668579101562
8502,1239.3704833984375
8503,2828.955322265625
8504,437.2862854003906
8505,530.9176635742188
8506,753.0708414713541
8507,723.4522705078125
8508,1334.2094319661458
8509,1144.8820393880208
8510,819.4216918945312
8511,599.1593424479166
8512,852.0184122721354
8513,4415.961100260417
8514,1384.2557779947917
8515,1495.5301920572917
8516,1189.6153157552083
8517,1058.5006510416667
8518,1797.6785888671875
8519,1061.9866943359375
8520,562.3130696614584
8521,900.7521565755209
8522,577.7082722981771
8523,932.038818359375
8524,1983.8498128255208
8525,1713.9530843098958
8526,926.2210693359375
8527,979.9988403320312
8528,847.4017537434896
8529,1115.7460123697917
8530,1767.508544921875
8531,1569.9800211588542
8532,871.5152994791666
8533,1717.3399251302083
8534,1164.9981689453125
8535,856.1776936848959
8536,923.2290445963541
8537,759.0765380859375
8538,1994.880126953125
8539,1025.6150716145833
8540,2619.323974609375
8541,1878.9164632161458
8542,886.3105672200521
8543,872.7614949544271
8544,1086.7021891276042
8545,662.2777099609375
8546,1184.380126953125
8547,1495.9978434244792
8548,979.7795206705729
8549,802.4542236328125
8550,827.7474975585938
8551,729.1888020833334
8552,3198.4490559895835
8553,2923.59521484375
8554,1138.61962890625
8555,965.2375895182291
8556,2252.1181640625
8557,779.4701944986979
8558,739.6762491861979
8559,440.16310628255206
8560,2533.146240234375
8561,749.0265706380209
8562,2738.59033203125
8563,1170.980712890625
8564,885.0741170247396
8565,1750.0888264973958
8566,832.8807169596354
8567,3440.0465494791665
8568,743.0919799804688
8569,942.3880004882812
8570,894.7230021158854
8571,869.1750284830729
8572,2501.95361328125
8573,658.8908487955729
8574,1555.5333251953125
8575,993.7601114908854
8576,950.160400390625
8577,913.6355183919271
8578,2328.4686686197915
8579,1310.37255859375
8580,1946.2991943359375
8581,1271.8643391927083
8582,1251.9073486328125
8583,862.5032348632812
8584,1518.4676106770833
8585,841.8318888346354
8586,1148.5076904296875
8587,1853.1302083333333
8588,1402.4836832682292
8589,868.9866536458334
8590,2298.2347819010415
8591,370.13963826497394
8592,804.5215861002604
8593,842.5268147786459
8594,672.0072021484375
8595,1127.7370198567708
8596,1045.0627848307292
8597,1312.4053548177083
8598,782.2609659830729
8599,519.4725748697916
8600,1185.6090087890625
8601,948.9549153645834
8602,685.2981160481771
8603,948.3615519205729
8604,911.2195434570312
8605,1793.6314290364583
8606,1053.5091145833333
8607,1378.3529459635417
8608,1588.727294921875
8609,546.0912679036459
8610,743.3655395507812
8611,771.5896199544271
8612,1638.7744140625
8613,1928.1410319010417
8614,2071.4832356770835
8615,685.2060343424479
8616,955.0497233072916
8617,1220.0075276692708
8618,714.2456868489584
8619,1825.8704020182292
8620,751.8336791992188
8621,1134.6534830729167
8622,1834.2342529296875
8623,675.2390340169271
8624,1025.4267171223958
8625,934.0542399088541
8626,886.0326131184896
8627,734.1417236328125
8628,874.0466715494791
8629,539.5657958984375
8630,1139.3358968098958
8631,525.0998331705729
8632,2423.906494140625
8633,528.4106852213541
8634,432.1919657389323
8635,748.9694620768229
8636,942.3020426432291
8637,1051.2553304036458
8638,740.3076578776041
8639,1107.8841145833333
8640,1214.8568929036458
8641,2459.031494140625
8642,1122.435302734375
8643,1111.2178141276042
8644,942.5944213867188
8645,1247.5703531901042
8646,2730.5384928385415
8647,1030.1361897786458
8648,893.1295572916666
8649,1436.0763346354167
8650,1885.7403971354167
8651,888.1241861979166
8652,889.4405110677084
8653,1041.8197835286458
8654,624.3429565429688
8655,2985.9486490885415
8656,1294.3056640625
8657,754.1782836914062
8658,681.7667032877604
8659,585.8115437825521
8660,2194.6089680989585
8661,1428.5020751953125
8662,1348.0845133463542
8663,1472.8766682942708
8664,1629.9004720052083
8665,1307.9732666015625
8666,695.9237263997396
8667,1431.3716227213542
8668,1182.8374837239583
8669,704.9982096354166
8670,872.9676310221354
8671,1468.9176432291667
8672,1280.0367024739583
8673,792.9646199544271
8674,1787.4959309895833
8675,875.0194905598959
8676,1237.7172444661458
8677,715.9240112304688
8678,707.5367228190104
8679,1450.1267496744792
8680,1311.8293050130208
8681,1601.1384684244792
8682,1008.4974161783854
8683,855.0497639973959
8684,459.89013671875
8685,1943.4439697265625
8686,570.9222005208334
8687,604.9273478190104
8688,981.7916870117188
8689,1089.1571858723958
8690,683.7206217447916
8691,1270.7205810546875
8692,1344.230224609375
8693,1121.368408203125
8694,2061.65869140625
8695,800.3069661458334
8696,548.6414184570312
8697,2939.1751302083335
8698,1814.3020426432292
8699,621.9594523111979
8700,828.4618123372396
8701,1512.8763020833333
8702,1064.527587890625
8703,439.5257873535156
8704,541.9126383463541
8705,2467.8561197916665
8706,681.3389485677084
8707,678.0097452799479
8708,1131.1120198567708
8709,718.3920288085938
8710,1761.0091145833333
8711,1214.48291015625
8712,2962.237548828125
8713,1191.45751953125
8714,806.4688517252604
8715,1077.8651936848958
8716,1172.7670491536458
8717,618.3773193359375
8718,654.8821004231771
8719,3576.266845703125
8720,606.4970499674479
8721,1131.8067626953125
8722,2115.5108235677085
8723,1820.0795084635417
8724,4005.7273763020835
8725,2286.7936197916665
8726,873.6785074869791
8727,1269.8190104166667
8728,1054.6522623697917
8729,1077.4873860677083
8730,2056.5536295572915
8731,1227.5831298828125
8732,1771.3096516927083
8733,1925.7579345703125
8734,1152.395751953125
8735,2386.0255533854165
8736,757.9180297851562
8737,1434.7688395182292
8738,1573.7272542317708
8739,1105.4735514322917
8740,1186.3223063151042
8741,884.82568359375
8742,1253.7438557942708
8743,428.32590738932294
8744,3702.7835286458335
8745,602.8012288411459
8746,1260.9684244791667
8747,977.4316202799479
8748,1689.566162109375
8749,1168.4190673828125
8750,710.6327921549479
8751,1203.4132486979167
8752,1191.8949788411458
8753,1048.7134602864583
8754,761.2685546875
8755,845.7978719075521
8756,1614.9619140625
8757,1071.08154296875
8758,2240.1509602864585
8759,1802.8274739583333
8760,853.5849202473959
8761,1033.0411376953125
8762,657.5158487955729
8763,1294.7208658854167
8764,949.6230265299479
8765,1620.7608235677083
8766,944.6463012695312
8767,988.8849080403646
8768,769.4125569661459
8769,1657.6177164713542
8770,921.5567016601562
8771,620.8146362304688
8772,718.2772216796875
8773,883.1401570638021
8774,858.6539103190104
8775,2298.3609212239585
8776,965.6078084309896
8777,965.5863647460938
8778,950.9965209960938
8779,1746.2579345703125
8780,953.49658203125
8781,1363.7051595052083
8782,1609.8990885416667
8783,1084.6533610026042
8784,1199.491943359375
8785,864.3041788736979
8786,4674.422526041667
8787,1360.9814860026042
8788,1296.7128092447917
8789,2589.1112467447915
8790,1287.6731363932292
8791,701.5000813802084
8792,826.7010294596354
8793,1143.9442952473958
8794,1151.7861328125
8795,1015.0830485026041
8796,1661.9300130208333
8797,5965.49951171875
8798,788.7405802408854
8799,2166.8037109375
8800,1660.411376953125
8801,1042.667236328125
8802,1061.801513671875
8803,1151.537841796875
8804,1294.0199788411458
8805,2766.7054036458335
8806,722.6049397786459
8807,739.7835693359375
8808,2755.9178059895835
8809,753.9892374674479
8810,676.1363321940104
8811,585.9178263346354
8812,2890.6517740885415
8813,546.9580891927084
8814,695.800537109375
8815,930.0540568033854
8816,1019.0513916015625
8817,1495.951416015625
8818,1137.4012858072917
8819,1469.8145751953125
8820,1453.2577718098958
8821,994.3317667643229
8822,1101.5241292317708
8823,901.8806966145834
8824,1736.9520263671875
8825,961.3860880533854
8826,1087.9901529947917
8827,695.4256388346354
8828,1308.0790608723958
8829,1404.7825927734375
8830,668.2513834635416
8831,749.1217854817709
8832,1697.35791015625
8833,1453.1656494140625
8834,1748.7246907552083
8835,846.3523356119791
8836,990.7191772460938
8837,896.8131510416666
8838,1346.1594645182292
8839,791.5803833007812
8840,642.2705891927084
8841,634.2562866210938
8842,849.628173828125
8843,760.0237019856771
8844,892.3437906901041
8845,1026.9733479817708
8846,1002.0403442382812
8847,837.0675455729166
8848,725.3548990885416
8849,2049.107666015625
8850,1006.3504638671875
8851,655.4476521809896
8852,2634.05078125
8853,1460.9455973307292
8854,606.3478597005209
8855,825.4131876627604
8856,1250.4405110677083
8857,990.8340861002604
8858,1047.5096842447917
8859,1136.7089029947917
8860,1327.0079345703125
8861,1019.0272623697916
8862,1054.3417154947917
8863,1251.9398600260417
8864,683.5828247070312
8865,1028.73876953125
8866,2331.7400716145835
8867,3742.9224446614585
8868,1882.5709635416667
8869,857.5805053710938
8870,1303.1171468098958
8871,1560.5148518880208
8872,1158.3287760416667
8873,1511.8158365885417
8874,749.7192789713541
8875,932.8879191080729
8876,1834.9314778645833
8877,751.5357462565104
8878,673.9105834960938
8879,1550.5132649739583
8880,1674.530517578125
8881,1292.0595296223958
8882,707.2709554036459
8883,1989.3290201822917
8884,2030.4554036458333
8885,863.8238932291666
8886,613.3078206380209
8887,932.7948608398438
8888,1762.2628987630208
8889,1028.4840494791667
8890,645.4125366210938
8891,1102.9466552734375
8892,1781.4451497395833
8893,1209.3751627604167
8894,1352.9934895833333
8895,853.8056844075521
8896,913.4386596679688
8897,1046.9222412109375
8898,1206.5545654296875
8899,2665.9586588541665
8900,976.1849772135416
8901,2717.0843098958335
8902,1563.6072184244792
8903,1419.4892171223958
8904,1318.0400390625
8905,940.3211669921875
8906,1503.1746419270833
8907,699.4136352539062
8908,1324.4981689453125
8909,575.5986531575521
8910,2498.1759440104165
8911,780.8065592447916
8912,1180.2567545572917
8913,938.6238810221354
8914,1074.8618570963542
8915,1958.9771321614583
8916,623.5968424479166
8917,1498.5158284505208
8918,1487.4077962239583
8919,994.9330240885416
8920,643.0281778971354
8921,2414.0702311197915
8922,1465.5023600260417
8923,588.5532430013021
8924,653.1214599609375
8925,1265.2754720052083
8926,4252.07763671875
8927,749.8787231445312
8928,2564.8566080729165
8929,506.43821207682294
8930,613.9723510742188
8931,1077.893798828125
8932,1556.671142578125
8933,1451.627685546875
8934,1088.2950846354167
8935,1084.3346354166667
8936,756.9346516927084
8937,823.3605753580729
8938,1324.0851236979167
8939,1463.5508626302083
8940,1793.4150797526042
8941,1355.6048583984375
8942,857.2354329427084
8943,1398.838623046875
8944,1195.6138916015625
8945,1515.6058756510417
8946,827.4852091471354
8947,2815.9708658854165
8948,2270.985107421875
8949,867.9297281901041
8950,1245.8649495442708
8951,988.3489379882812
8952,2159.4231770833335
8953,831.3010050455729
8954,879.6974690755209
8955,608.049560546875
8956,945.5562540690104
8957,1501.4824625651042
8958,1292.8342692057292
8959,2303.4552408854165
8960,710.7066243489584
8961,1893.6675211588542
8962,889.1128336588541
8963,982.7418823242188
8964,2455.6407063802085
8965,1045.192626953125
8966,668.6687418619791
8967,1104.9778645833333
8968,1430.8237711588542
8969,650.5169881184896
8970,672.9451700846354
8971,1724.3211263020833
8972,996.5194702148438
8973,895.1249389648438
8974,2088.078857421875
8975,1092.057373046875
8976,641.5479736328125
8977,1255.1016845703125
8978,627.3071899414062
8979,612.9374593098959
8980,1332.2488199869792
8981,879.0188598632812
8982,629.2105509440104
8983,1120.1714680989583
8984,1425.6579182942708
8985,721.3217976888021
8986,859.4263509114584
8987,873.3124186197916
8988,962.4010009765625
8989,871.1631673177084
8990,1018.4572957356771
8991,1082.4362386067708
8992,855.4174601236979
8993,485.22254435221356
8994,1135.6721598307292
8995,825.5053507486979
8996,1550.9351806640625
8997,1582.5709635416667
8998,1077.273193359375
8999,551.0499877929688
9000,1091.8192138671875
9001,970.2877400716146
9002,821.4911295572916
9003,832.1922810872396
9004,799.7309977213541
9005,526.5869750976562
9006,393.44493611653644
9007,707.2926635742188
9008,627.1060384114584
9009,2356.9340006510415
9010,741.2342325846354
9011,848.1490275065104
9012,1189.7894287109375
9013,608.5741170247396
9014,1347.4086100260417
9015,817.9291585286459
9016,2220.8675130208335
9017,588.7734375
9018,1555.614990234375
9019,1368.7346598307292
9020,637.0068155924479
9021,2451.3951822916665
9022,843.520263671875
9023,1498.455322265625
9024,1166.9669596354167
9025,1711.2700602213542
9026,1175.4627278645833
9027,1694.0557861328125
9028,1440.771240234375
9029,1001.2968139648438
9030,1736.81982421875
9031,869.1224975585938
9032,711.7478841145834
9033,2089.9044596354165
9034,1087.9050699869792
9035,1143.5078125
9036,1603.2748209635417
9037,931.7365315755209
9038,922.4001057942709
9039,1310.0165201822917
9040,1908.7456868489583
9041,978.2012736002604
9042,1107.61279296875
9043,2168.477294921875
9044,603.025390625
9045,785.4549153645834
9046,888.2781372070312
9047,1166.1232096354167
9048,3042.2422688802085
9049,1400.5941569010417
9050,1005.7330525716146
9051,1204.1952311197917
9052,1509.7847086588542
9053,1343.0845540364583
9054,1114.74951171875
9055,939.0885823567709
9056,1057.4398600260417
9057,862.8714599609375
9058,649.294677734375
9059,2115.4127604166665
9060,988.7800699869791
9061,940.1208292643229
9062,742.3895060221354
9063,951.5891316731771
9064,1163.0358479817708
9065,1106.0136311848958
9066,925.083984375
9067,905.4912923177084
9068,1084.4534505208333
9069,636.2676595052084
9070,1476.0251057942708
9071,907.6826578776041
9072,518.72021484375
9073,1074.179443359375
9074,664.3175252278646
9075,1454.0281168619792
9076,805.2517496744791
9077,1038.0452473958333
9078,564.0831095377604
9079,700.0158081054688
9080,2121.259765625
9081,901.3386433919271
9082,560.0002034505209
9083,1718.9632161458333
9084,1726.5915120442708
9085,1989.2677815755208
9086,646.9909261067709
9087,593.5156860351562
9088,507.5386657714844
9089,815.4385172526041
9090,2464.0555826822915
9091,1305.2294514973958
9092,2608.7849934895835
9093,783.5683797200521
9094,694.9794311523438
9095,1373.546630859375
9096,486.5211181640625
9097,1001.6762898763021
9098,801.8967081705729
9099,839.9523315429688
9100,1683.3496500651042
9101,1123.0410563151042
9102,1060.7913818359375
9103,1150.8341878255208
9104,748.2754516601562
9105,1133.5071207682292
9106,700.2768758138021
9107,2405.25146484375
9108,1201.0343424479167
9109,825.5098063151041
9110,5543.903645833333
9111,817.0713094075521
9112,873.9341227213541
9113,1054.5788981119792
9114,1496.4488525390625
9115,866.2488403320312
9116,670.1170247395834
9117,1074.619873046875
9118,532.4124755859375
9119,1667.3826904296875
9120,1286.4683837890625
9121,1459.0739339192708
9122,735.5917765299479
9123,902.3832600911459
9124,979.6949055989584
9125,761.66015625
9126,582.1745808919271
9127,1276.5280354817708
9128,632.2593790690104
9129,988.3589274088541
9130,770.1363321940104
9131,1109.0653483072917
9132,1251.406005859375
9133,638.5966186523438
9134,816.7785441080729
9135,1811.5418294270833
9136,900.9089558919271
9137,1340.0177408854167
9138,510.22161865234375
9139,600.1217651367188
9140,547.537841796875
9141,593.2593587239584
9142,792.2473958333334
9143,577.1632893880209
9144,1341.6104329427083
9145,791.9781901041666
9146,809.3699137369791
9147,632.983642578125
9148,816.8183797200521
9149,878.1515909830729
9150,1489.1446940104167
9151,912.4292805989584
9152,1326.840576171875
9153,1719.6349690755208
9154,1687.755615234375
9155,882.6099853515625
9156,681.4994913736979
9157,2464.6985677083335
9158,826.1572265625
9159,746.0411376953125
9160,984.0664469401041
9161,1027.577392578125
9162,1247.9591064453125
9163,2026.2353108723958
9164,1993.0362955729167
9165,785.8699137369791
9166,825.3718668619791
9167,500.7464090983073
9168,1507.4298095703125
9169,1586.6060384114583
9170,1402.8450927734375
9171,1509.2947184244792
9172,2426.236572265625
9173,929.7555338541666
9174,3241.698974609375
9175,715.1833089192709
9176,1564.4447835286458
9177,568.3788045247396
9178,857.3399658203125
9179,2265.40185546875
9180,794.7659708658854
9181,883.1280517578125
9182,824.7297566731771
9183,1314.2762858072917
9184,1007.3158772786459
9185,1588.2084554036458
9186,2023.2031656901042
9187,644.9308268229166
9188,1089.3675130208333
9189,1082.1299235026042
9190,638.9218953450521
9191,853.8119303385416
9192,712.3609822591146
9193,1232.0675455729167
9194,1021.1681111653646
9195,788.279541015625
9196,663.7264404296875
9197,1931.8969319661458
9198,635.0984700520834
9199,676.2010091145834
9200,909.5218709309896
9201,821.6592407226562
9202,4442.171061197917
9203,952.6046752929688
9204,433.3482666015625
9205,1766.0702311197917
9206,802.81591796875
9207,1047.2311197916667
9208,625.8725992838541
9209,1145.5522054036458
9210,2175.76416015625
9211,1177.8087565104167
9212,386.69240315755206
9213,725.1376749674479
9214,2172.1852213541665
9215,766.7105509440104
9216,826.7515258789062
9217,1362.2017822265625
9218,784.3303833007812
9219,450.6064860026042
9220,1625.6215413411458
9221,887.7261962890625
9222,853.8247273763021
9223,721.7503662109375
9224,2982.705810546875
9225,568.4648030598959
9226,1052.5754801432292
9227,696.9682006835938
9228,1605.1497802734375
9229,586.7067667643229
9230,778.1366170247396
9231,538.1671752929688
9232,1866.9801839192708
9233,3098.8125813802085
9234,1746.8939615885417
9235,978.8804728190104
9236,1086.4974365234375
9237,534.8703002929688
9238,694.1473592122396
9239,1035.0945231119792
9240,2481.734375
9241,784.6068725585938
9242,566.5954793294271
9243,895.8435668945312
9244,1015.7437947591146
9245,1181.1102701822917
9246,1204.2314453125
9247,1465.900146484375
9248,878.039794921875
9249,721.7989298502604
9250,11674.071940104166
9251,2575.8800455729165
9252,1326.9832763671875
9253,754.5729370117188
9254,2164.9241536458335
9255,622.0004679361979
9256,1035.3928629557292
9257,637.5353393554688
9258,1092.9012451171875
9259,1195.7692057291667
9260,776.41357421875
9261,2853.12451171875
9262,1234.1412760416667
9263,1342.4559733072917
9264,932.1695353190104
9265,5046.016927083333
9266,998.1476847330729
9267,1299.6287027994792
9268,1103.8536376953125
9269,1276.6239827473958
9270,1381.5551350911458
9271,3314.2431640625
9272,1209.9971516927083
9273,1096.0917154947917
9274,1137.9835611979167
9275,1755.4306640625
9276,682.9991861979166
9277,2102.08984375
9278,2248.7646484375
9279,2170.76025390625
9280,828.16796875
9281,770.7027180989584
9282,1078.4420572916667
9283,502.5212910970052
9284,625.1399536132812
9285,836.9764404296875
9286,1075.3916829427083
9287,966.9996744791666
9288,2224.4341634114585
9289,1113.7703043619792
9290,1320.0638834635417
9291,1576.8566080729167
9292,1281.4963785807292
9293,2176.431396484375
9294,1287.4914957682292
9295,989.6229248046875
9296,1019.9107055664062
9297,1258.51513671875
9298,1401.8795979817708
9299,903.3604329427084
9300,822.6196695963541
9301,844.0237630208334
9302,1025.5783284505208
9303,1042.031005859375
9304,1325.3909098307292
9305,1254.3940022786458
9306,654.6745808919271
9307,1021.1320597330729
9308,1289.5625813802083
9309,929.063232421875
9310,1143.8112386067708
9311,765.3522338867188
9312,917.2944539388021
9313,478.12677001953125
9314,772.5327962239584
9315,626.6539306640625
9316,645.465087890625
9317,935.4511311848959
9318,1038.7751871744792
9319,825.0103963216146
9320,1766.9320475260417
9321,1052.1185302734375
9322,962.5085856119791
9323,1151.8980305989583
9324,1105.8953450520833
9325,1188.0712076822917
9326,1152.6840413411458
9327,1528.9287516276042
9328,632.7791951497396
9329,2441.586669921875
9330,1067.3009440104167
9331,1099.7136637369792
9332,1490.67578125
9333,1112.9020589192708
9334,1547.639892578125
9335,857.2156778971354
9336,685.2881062825521
9337,1637.2999267578125
9338,1293.2336018880208
9339,882.0761515299479
9340,835.5887654622396
9341,2001.4736328125
9342,1671.6949055989583
9343,1795.6588541666667
9344,1977.0027262369792
9345,939.49365234375
9346,1076.3076171875
9347,941.8015543619791
9348,12951.9326171875
9349,708.8923746744791
9350,665.4124145507812
9351,2367.7056477864585
9352,1214.083740234375
9353,1375.0377604166667
9354,793.4656168619791
9355,638.3429768880209
9356,1414.9906412760417
9357,898.5820109049479
9358,1238.6495768229167
9359,1481.3486328125
9360,802.439697265625
9361,929.4446411132812
9362,717.3709106445312
9363,1020.0334676106771
9364,1406.9495849609375
9365,883.2184855143229
9366,2113.2704264322915
9367,1224.1272786458333
9368,2361.4839680989585
9369,687.9961140950521
9370,551.2130737304688
9371,537.8888549804688
9372,1305.0140380859375
9373,1301.8399251302083
9374,894.9342651367188
9375,990.2683512369791
9376,957.9089152018229
9377,1351.9281819661458
9378,1279.2467854817708
9379,1098.3321940104167
9380,681.0866088867188
9381,810.7989705403646
9382,4624.4833984375
9383,1219.2884114583333
9384,886.4210815429688
9385,1020.9870402018229
9386,1166.7027994791667
9387,1309.4197184244792
9388,813.60400390625
9389,1097.480224609375
9390,601.8443603515625
9391,451.2391357421875
9392,1101.2198893229167
9393,1180.1927897135417
9394,511.4973856608073
9395,889.5039265950521
9396,1090.9718017578125
9397,2380.905517578125
9398,1014.9297485351562
9399,640.5395100911459
9400,1053.560302734375
9401,997.5325113932291
9402,638.8015543619791
9403,857.7360026041666
9404,831.5584716796875
9405,1413.3577067057292
9406,919.6381429036459
9407,1075.9579264322917
9408,1011.5174153645834
9409,736.318359375
9410,477.9736836751302
9411,1447.9110921223958
9412,460.8419494628906
9413,931.5472615559896
9414,752.2300008138021
9415,381.7998352050781
9416,1153.6268717447917
9417,988.7028401692709
9418,925.2883097330729
9419,981.9626261393229
9420,599.4243570963541
9421,1327.5321044921875
9422,702.6301676432291
9423,813.5407511393229
9424,1100.8577473958333
9425,982.5936889648438
9426,823.7052001953125
9427,711.603271484375
9428,628.5928751627604
9429,810.8160196940104
9430,1374.1258544921875
9431,890.0625813802084
9432,787.7872517903646
9433,909.5299886067709
9434,1651.9977620442708
9435,985.2927449544271
9436,2275.2606608072915
9437,470.8476155598958
9438,2067.256591796875
9439,1212.8237711588542
9440,2776.69482421875
9441,572.7562255859375
9442,770.4730834960938
9443,1327.9488118489583
9444,1183.8476969401042
9445,1587.4118245442708
9446,697.1355997721354
9447,820.9471232096354
9448,865.8298136393229
9449,696.4292195638021
9450,1907.1949869791667
9451,1483.0138753255208
9452,2843.5780436197915
9453,1073.0458577473958
9454,926.6722615559896
9455,491.1914876302083
9456,2238.5873209635415
9457,1241.1580403645833
9458,1055.9112548828125
9459,3479.9208170572915
9460,816.3337605794271
9461,1924.9402262369792
9462,1479.2984212239583
9463,496.3007405598958
9464,2218.331787109375
9465,632.1377156575521
9466,606.0232137044271
9467,947.553466796875
9468,471.79400634765625
9469,1079.839111328125
9470,770.7010294596354
9471,835.4150594075521
9472,645.8509318033854
9473,957.2352294921875
9474,717.2571207682291
9475,1167.274658203125
9476,761.9677124023438
9477,890.29443359375
9478,1041.0353597005208
9479,978.4653727213541
9480,1200.639892578125
9481,751.9775797526041
9482,1552.110107421875
9483,775.3817342122396
9484,1155.38134765625
9485,907.8272705078125
9486,1393.8618977864583
9487,1195.255615234375
9488,1045.2119547526042
9489,992.4546915690104
9490,731.6062418619791
9491,914.5409545898438
9492,952.0168863932291
9493,801.2895711263021
9494,1285.4993896484375
9495,1215.3326822916667
9496,869.3095703125
9497,979.3786824544271
9498,687.6565348307291
9499,1402.6105550130208
9500,826.1648356119791
9501,1430.5385335286458
9502,1134.005126953125
9503,1235.2355550130208
9504,1327.8177897135417
9505,1050.8517252604167
9506,2230.4844563802085
9507,1128.7345377604167
9508,1430.5177001953125
9509,434.83594767252606
9510,1713.0345865885417
9511,872.7831624348959
9512,1011.1033528645834
9513,892.9751383463541
9514,711.4360758463541
9515,1376.2828776041667
9516,1002.6522827148438
9517,934.4054158528646
9518,980.3058268229166
9519,986.0816853841146
9520,1418.5963134765625
9521,1318.3750406901042
9522,988.0779215494791
9523,1655.4495035807292
9524,819.9583333333334
9525,1567.3451741536458
9526,1297.5504150390625
9527,864.3242594401041
9528,723.14111328125
9529,967.0400187174479
9530,669.6306762695312
9531,1233.5081380208333
9532,816.7485555013021
9533,1297.0478108723958
9534,553.6329549153646
9535,737.218017578125
9536,506.88121541341144
9537,815.7112833658854
9538,864.0362548828125
9539,916.7730305989584
9540,813.8046061197916
9541,922.6370849609375
9542,638.2319946289062
9543,1443.4032389322917
9544,945.618408203125
9545,1724.87060546875
9546,2095.4852701822915
9547,959.6501261393229
9548,490.9447937011719
9549,1152.025390625
9550,1072.7361246744792
9551,942.7934977213541
9552,1352.2004801432292
9553,656.2156982421875
9554,549.8388875325521
9555,1500.7479654947917
9556,1302.4244791666667
9557,862.5651652018229
9558,2352.14404296875
9559,1252.1457926432292
9560,2311.8069661458335
9561,771.2895914713541
9562,1021.2688191731771
9563,819.9769083658854
9564,3161.0188802083335
9565,1874.6079915364583
9566,1330.4175618489583
9567,554.5995076497396
9568,1598.3939615885417
9569,828.4415283203125
9570,626.3487752278646
9571,2057.4562174479165
9572,1621.1585693359375
9573,484.8095397949219
9574,1601.5469970703125
9575,961.1420288085938
9576,1052.3906656901042
9577,949.8067830403646
9578,629.6378580729166
9579,831.17529296875
9580,839.0153401692709
9581,578.4504597981771
9582,584.3095703125
9583,654.5195719401041
9584,1237.7299397786458
9585,3984.56396484375
9586,874.1116739908854
9587,1220.208984375
9588,883.6400349934896
9589,2322.393798828125
9590,648.1879069010416
9591,830.1787516276041
9592,582.0065714518229
9593,930.169189453125
9594,1738.5997314453125
9595,930.4192708333334
9596,719.8830362955729
9597,955.9990844726562
9598,1107.3020833333333
9599,3439.1284993489585
9600,1278.5463460286458
9601,1587.7667643229167
9602,634.8475545247396
9603,1248.7990315755208
9604,1210.1508382161458
9605,694.1874186197916
9606,1091.7027994791667
9607,1368.1238606770833
9608,1446.1133219401042
9609,1625.3839111328125
9610,959.8601684570312
9611,1317.0135091145833
9612,906.3317260742188
9613,2090.1311848958335
9614,597.2483927408854
9615,837.1233520507812
9616,1450.1471354166667
9617,732.666015625
9618,5369.524576822917
9619,467.68102010091144
9620,533.3846028645834
9621,1306.0679524739583
9622,1072.9411214192708
9623,956.2298787434896
9624,1210.4805501302083
9625,977.7880249023438
9626,2858.722900390625
9627,2149.1258138020835
9628,532.0879923502604
9629,773.7043253580729
9630,1016.0730387369791
9631,963.2589314778646
9632,2690.0872395833335
9633,644.7367960611979
9634,778.9046223958334
9635,834.0146280924479
9636,690.3801066080729
9637,849.6742553710938
9638,679.1652628580729
9639,1187.9270426432292
9640,714.1246337890625
9641,482.06041463216144
9642,521.1641438802084
9643,1896.232666015625
9644,1372.5618896484375
9645,479.9231465657552
9646,1683.4958902994792
9647,749.1804606119791
9648,911.7423095703125
9649,1350.9623616536458
9650,858.9251098632812
9651,2380.3700358072915
9652,762.5262044270834
9653,990.6025390625
9654,476.77112833658856
9655,817.0910034179688
9656,726.8984375
9657,1262.0771484375
9658,709.736572265625
9659,936.7204182942709
9660,967.7703247070312
9661,1275.24072265625
9662,993.5479329427084
9663,1395.3657633463542
9664,1391.6228841145833
9665,953.0648193359375
9666,1186.334716796875
9667,993.4088948567709
9668,1404.5957845052083
9669,611.7200317382812
9670,1116.2493896484375
9671,2353.9590657552085
9672,1231.40283203125
9673,1826.4363199869792
9674,593.8402913411459
9675,990.0641886393229
9676,1218.6003824869792
9677,1971.7930908203125
9678,1100.2097574869792
9679,1764.3427327473958
9680,2171.0467936197915
9681,523.8414916992188
9682,710.2447916666666
9683,1289.0417073567708
9684,525.8656819661459
9685,706.0293986002604
9686,4057.693359375
9687,998.38671875
9688,770.3279418945312
9689,1960.7375895182292
9690,1674.1788736979167
9691,1263.2029215494792
9692,881.2671508789062
9693,827.1586507161459
9694,803.5558878580729
9695,1360.4566650390625
9696,953.3713582356771
9697,1701.9585774739583
9698,1193.3214518229167
9699,378.5661315917969
9700,1768.942138671875
9701,1275.4503173828125
9702,1119.9945068359375
9703,786.8694051106771
9704,586.4733683268229
9705,684.0204060872396
9706,589.9332478841146
9707,872.1668497721354
9708,458.6838684082031
9709,1821.5602213541667
9710,795.3765055338541
9711,638.490966796875
9712,849.3012898763021
9713,474.59754435221356
9714,1023.6685384114584
9715,1849.4222412109375
9716,891.7389119466146
9717,811.1418660481771
9718,717.9737752278646
9719,1134.5273030598958
9720,753.5306599934896
9721,3478.0665690104165
9722,482.8203938802083
9723,2336.8898111979165
9724,1102.7110188802083
9725,755.5631510416666
9726,962.9675903320312
9727,2132.1260579427085
9728,2242.944580078125
9729,941.9864501953125
9730,1207.695068359375
9731,393.1374003092448
9732,1676.19287109375
9733,12151.300455729166
9734,1519.5565592447917
9735,813.2462768554688
9736,989.6864217122396
9737,1026.0086669921875
9738,1750.6341959635417
9739,993.9465738932291
9740,1489.0004475911458
9741,1683.9300944010417
9742,804.7863362630209
9743,589.13037109375
9744,1711.115478515625
9745,803.5044759114584
9746,702.8814900716146
9747,1243.4023030598958
9748,1306.30224609375
9749,427.21044921875
9750,451.9712320963542
9751,2842.3648274739585
9752,2312.6504720052085
9753,1291.0845947265625
9754,1266.2856852213542
9755,743.1728515625
9756,831.4012858072916
9757,1062.8588460286458
9758,912.9003295898438
9759,2018.6456705729167
9760,766.5437622070312
9761,838.2340291341146
9762,842.2047932942709
9763,755.2427164713541
9764,856.2957560221354
9765,1287.2698567708333
9766,789.6661987304688
9767,801.246337890625
9768,880.4526774088541
9769,1041.0843505859375
9770,1019.19677734375
9771,878.8033854166666
9772,1115.3111572265625
9773,751.6516927083334
9774,585.71142578125
9775,1023.3418782552084
9776,2468.9666341145835
9777,386.37632242838544
9778,1842.5254313151042
9779,1200.1190185546875
9780,2208.7427571614585
9781,2286.52197265625
9782,1264.7195638020833
9783,1273.4410400390625
9784,1745.9227701822917
9785,2522.9850260416665
9786,1109.4449055989583
9787,558.8731079101562
9788,1149.31884765625
9789,1660.2719319661458
9790,1116.2967936197917
9791,984.7549235026041
9792,1926.2150472005208
9793,522.6341959635416
9794,922.4363606770834
9795,1498.2270914713542
9796,902.0497233072916
9797,2849.5980631510415
9798,784.2134195963541
9799,1311.4070231119792
9800,784.0359293619791
9801,1110.3514404296875
9802,433.100341796875
9803,753.1677449544271
9804,1286.3855387369792
9805,779.695556640625
9806,1338.2619222005208
9807,623.4092000325521
9808,1149.4803466796875
9809,972.3237711588541
9810,3942.83984375
9811,1692.3183186848958
9812,926.3317057291666
9813,2256.7201334635415
9814,878.71044921875
9815,2492.7281901041665
9816,858.6747436523438
9817,3423.0185546875
9818,1325.7423502604167
9819,912.2606811523438
9820,1148.2254231770833
9821,610.2083943684896
9822,1028.9879557291667
9823,644.1703898111979
9824,1160.0142415364583
9825,775.5622355143229
9826,621.7945760091146
9827,596.0289916992188
9828,947.4778238932291
9829,1088.344482421875
9830,583.2177327473959
9831,1136.955810546875
9832,2976.0171712239585
9833,1563.9946695963542
9834,2441.8311360677085
9835,761.7555745442709
9836,2651.015380859375
9837,514.166259765625
9838,1555.814208984375
9839,1182.9274495442708
9840,1455.300048828125
9841,922.7132568359375
9842,903.0291951497396
9843,754.0846761067709
9844,1264.1113688151042
9845,481.9716084798177
9846,2456.0643717447915
9847,863.2836507161459
9848,754.9865112304688
9849,688.952392578125
9850,1017.6703491210938
9851,709.9234619140625
9852,627.8816324869791
9853,657.7977905273438
9854,1881.5817057291667
9855,941.7649943033854
9856,897.0508829752604
9857,1170.5709228515625
9858,1771.4176025390625
9859,689.1246744791666
9860,1537.6296793619792
9861,1404.2960611979167
9862,2118.2858072916665
9863,1422.8695068359375
9864,2272.7068684895835
9865,734.3317464192709
9866,604.1691080729166
9867,2440.275390625
9868,594.8824869791666
9869,1312.9101155598958
9870,1103.0580647786458
9871,1483.3014322916667
9872,862.3684488932291
9873,1085.3415934244792
9874,960.3049926757812
9875,1525.09619140625
9876,824.078857421875
9877,1436.9235432942708
9878,1389.5605875651042
9879,1569.9862060546875
9880,1133.0172932942708
9881,825.2860921223959
9882,953.3201293945312
9883,1242.0881754557292
9884,817.6151936848959
9885,1306.062744140625
9886,1143.1357014973958
9887,1691.8529866536458
9888,946.0453694661459
9889,2276.66845703125
9890,387.53223673502606
9891,1088.4340413411458
9892,405.56017049153644
9893,750.1114298502604
9894,561.8366088867188
9895,735.4466552734375
9896,757.7070922851562
9897,587.3491821289062
9898,2108.733154296875
9899,1107.6065673828125
9900,1938.8820393880208
9901,1227.9355061848958
9902,1018.0792846679688
9903,1488.0758463541667
9904,1006.6871134440104
9905,580.0471801757812
9906,814.1230061848959
9907,1096.7820638020833
9908,526.9598999023438
9909,1720.0874430338542
9910,405.49195353190106
9911,451.14377848307294
9912,663.9666951497396
9913,1159.36279296875
9914,539.9722900390625
9915,605.086669921875
9916,927.5585734049479
9917,1474.4703776041667
9918,4223.962239583333
9919,880.5082194010416
9920,2059.56591796875
9921,480.3829040527344
9922,1114.4263916015625
9923,1423.6024576822917
9924,1361.3816324869792
9925,882.2033284505209
9926,895.7022908528646
9927,668.64794921875
9928,1158.0708414713542
9929,967.742431640625
9930,998.1989542643229
9931,771.5739542643229
9932,1125.4507242838542
9933,2596.1220703125
9934,1345.6324869791667
9935,1004.669921875
9936,1509.2052408854167
9937,1517.3971354166667
9938,393.64830525716144
9939,672.9820556640625
9940,749.1506958007812
9941,632.2140096028646
9942,713.3927612304688
9943,641.3288167317709
9944,718.3459879557291
9945,786.0730794270834
9946,835.8746744791666
9947,2323.6033528645835
9948,1579.0713704427083
9949,3076.4679361979165
9950,3134.146728515625
9951,973.9563598632812
9952,1098.3083902994792
9953,759.7081298828125
9954,958.2909952799479
9955,896.0836385091146
9956,569.8905232747396
9957,1862.8543294270833
9958,2504.7965494791665
9959,1057.5873209635417
9960,727.9244995117188
9961,513.2684529622396
9962,2309.3694661458335
9963,2000.591552734375
9964,1674.8543294270833
9965,2317.1407063802085
9966,2187.4378255208335
9967,1006.1415405273438
9968,1404.4543050130208
9969,2680.2728678385415
9970,1048.6780598958333
9971,859.6295166015625
9972,797.9712320963541
9973,722.0480550130209
9974,1690.2574462890625
9975,640.0834147135416
9976,996.1750081380209
9977,2954.189697265625
9978,688.8912760416666
9979,1974.3555501302083
9980,637.6067097981771
9981,770.5074462890625
9982,1072.3619384765625
9983,1093.5960286458333
9984,1031.4908447265625
9985,1564.4457600911458
9986,883.9639892578125
9987,836.114013671875
9988,1704.7856038411458
9989,1148.3584798177083
9990,688.8823038736979
9991,823.9684855143229
9992,3100.287353515625
9993,1707.0164794921875
9994,720.4630533854166
9995,745.9104614257812
9996,2453.998046875
9997,609.5111287434896
9998,1418.3599039713542
9999,6178.93310546875
10000,1603.7486572265625
10001,1147.3293050130208
10002,798.7048950195312
10003,688.0119832356771
10004,684.0971069335938
10005,1834.9397379557292
10006,1346.8487141927083
10007,942.0729370117188
10008,968.6934000651041
10009,730.7688395182291
10010,2042.4255777994792
10011,974.0113321940104
10012,2716.7894694010415
10013,1929.9986572265625
10014,1082.4830322265625
10015,1492.0941569010417
10016,824.3674926757812
10017,815.1352335611979
10018,1677.0528971354167
10019,592.4236450195312
10020,882.6194254557291
10021,740.498046875
10022,1043.3689371744792
10023,576.66357421875
10024,1237.8800048828125
10025,456.8942057291667
10026,952.595458984375
10027,1468.1290283203125
10028,1726.8846435546875
10029,1004.6659342447916
10030,1177.1048990885417
10031,728.9793701171875
10032,722.9347534179688
10033,2635.1387532552085
10034,755.6148681640625
10035,681.5733032226562
10036,1107.4132486979167
10037,615.65966796875
10038,1424.1532389322917
10039,1065.0186360677083
10040,1522.1329345703125
10041,2980.5992838541665
10042,1056.292724609375
10043,950.4261881510416
10044,1584.2257080078125
10045,964.5257975260416
10046,1098.56689453125
10047,1792.0538736979167
10048,992.7013346354166
10049,603.2843831380209
10050,1252.0843098958333
10051,1081.7006022135417
10052,778.9486287434896
10053,1519.5670166015625
10054,1149.0013834635417
10055,1537.360595703125
10056,1166.1503092447917
10057,1754.3971354166667
10058,1710.3154703776042
10059,991.8590698242188
10060,930.0897623697916
10061,2007.2471923828125
10062,748.4055786132812
10063,825.2973429361979
10064,727.7020670572916
10065,561.677734375
10066,998.0687866210938
10067,993.0436604817709
10068,1724.1766764322917
10069,938.4304402669271
10070,697.9617309570312
10071,858.3453572591146
10072,750.9580688476562
10073,630.6211344401041
10074,509.1583557128906
10075,1812.091796875
10076,855.7599283854166
10077,1294.3929036458333
10078,2685.4710286458335
10079,965.5801391601562
10080,658.6332600911459
10081,1577.7327473958333
10082,538.2728271484375
10083,1210.8353678385417
10084,625.3307495117188
10085,1064.4209391276042
10086,1436.0618896484375
10087,1215.1781819661458
10088,579.4211629231771
10089,1492.1716715494792
10090,2009.8082275390625
10091,555.7205403645834
10092,994.1501871744791
10093,1295.4231363932292
10094,450.3789469401042
10095,1404.4677734375
10096,951.8135579427084
10097,923.2047729492188
10098,1123.85595703125
10099,990.1763102213541
10100,850.2150472005209
10101,906.3490397135416
10102,991.3255615234375
10103,988.0683390299479
10104,858.5277709960938
10105,861.0608317057291
10106,1216.9754231770833
10107,699.8781331380209
10108,1828.490478515625
10109,1638.9894612630208
10110,1739.1378173828125
10111,709.1058756510416
10112,826.9769287109375
10113,1775.4457194010417
10114,1447.0606689453125
10115,379.6616719563802
10116,830.9352823893229
10117,1818.7935791015625
10118,688.1546223958334
10119,824.9798583984375
10120,917.1046752929688
10121,832.2149047851562
10122,880.8388061523438
10123,2657.0469563802085
10124,1955.9386393229167
10125,994.7625732421875
10126,903.5855916341146
10127,1535.9287516276042
10128,598.89453125
10129,1088.6067301432292
10130,2208.33203125
10131,541.2433878580729
10132,694.5779215494791
10133,851.8404134114584
10134,1868.432861328125
10135,1619.2926432291667
10136,1054.0933024088542
10137,1694.709228515625
10138,1503.891845703125
10139,1853.9102376302083
10140,1188.3789876302083
10141,1160.0746663411458
10142,1980.4684244791667
10143,978.8621419270834
10144,1701.54296875
10145,684.2638549804688
10146,573.9442342122396
10147,1207.5965576171875
10148,2123.8043619791665
10149,1115.605224609375
10150,1141.1325276692708
10151,847.9788004557291
10152,886.0923461914062
10153,879.7054239908854
10154,3314.20751953125
10155,690.0099894205729
10156,1142.5457763671875
10157,2740.3365885416665
10158,1154.5750732421875
10159,793.8073933919271
10160,1299.3763427734375
10161,1121.4627685546875
10162,1065.7870686848958
10163,573.7943318684896
10164,691.607177734375
10165,981.0379231770834
10166,783.1073201497396
10167,1034.50146484375
10168,839.0525105794271
10169,547.2195841471354
10170,2858.951416015625
10171,1246.3390299479167
10172,2035.0829264322917
10173,3229.0358072916665
10174,1225.3154703776042
10175,1712.69287109375
10176,866.7868448893229
10177,875.1487630208334
10178,1080.8855387369792
10179,805.8316446940104
10180,1087.7174072265625
10181,973.4366455078125
10182,1005.52783203125
10183,2151.185302734375
10184,575.4982706705729
10185,702.9897867838541
10186,1321.7635904947917
10187,1278.895263671875
10188,722.9298909505209
10189,1728.1059163411458
10190,1554.4911702473958
10191,1155.2726643880208
10192,979.1288045247396
10193,523.3376871744791
10194,1099.1634521484375
10195,1176.64599609375
10196,954.8773193359375
10197,1027.7974853515625
10198,1049.3095703125
10199,1018.6775919596354
10200,1476.2626953125
10201,1801.4988606770833
10202,600.7401326497396
10203,1156.0852457682292
10204,751.5596313476562
10205,1149.0569661458333
10206,615.7551472981771
10207,1015.4288330078125
10208,964.6619873046875
10209,1123.4324544270833
10210,2540.2460123697915
10211,824.6331787109375
10212,1045.7000325520833
10213,1297.843017578125
10214,485.75099690755206
10215,468.32692464192706
10216,1545.7744140625
10217,1123.8201497395833
10218,1910.1857503255208
10219,707.4780883789062
10220,1544.912353515625
10221,2492.4102376302085
10222,1557.0171712239583
10223,995.4372965494791
10224,1217.8889567057292
10225,1246.2075602213542
10226,566.6194661458334
10227,1204.3479817708333
10228,3023.6366373697915
10229,968.9208984375
10230,810.4098307291666
10231,968.3121744791666
10232,689.1973063151041
10233,1258.625244140625
10234,1103.1715087890625
10235,2172.5236002604165
10236,2716.6487630208335
10237,872.0241088867188
10238,1000.1906534830729
10239,1134.0299886067708
10240,1193.5718994140625
10241,786.0419514973959
10242,1810.9993082682292
10243,1037.8044026692708
10244,1193.60205078125
10245,1189.2052408854167
10246,1041.361328125
10247,870.0003051757812
10248,1483.2292887369792
10249,1190.3646647135417
10250,568.1735636393229
10251,523.0546671549479
10252,771.0167846679688
10253,748.5682983398438
10254,692.1488037109375
10255,1288.9092610677083
10256,1306.7473551432292
10257,511.1988525390625
10258,591.506103515625
10259,1761.2646484375
10260,756.8776448567709
10261,703.9729410807291
10262,1497.6471354166667
10263,656.3919677734375
10264,477.54774983723956
10265,696.8411458333334
10266,976.9056396484375
10267,1290.3880615234375
10268,905.3277994791666
10269,512.2022908528646
10270,1439.3870035807292
10271,1075.0342610677083
10272,1178.5037434895833
10273,1427.1175944010417
10274,1864.9222819010417
10275,897.9597371419271
10276,1175.9820149739583
10277,1204.9437255859375
10278,1756.5421956380208
10279,712.0258382161459
10280,856.9137369791666
10281,978.5932006835938
10282,621.7062784830729
10283,862.7768758138021
10284,640.3628946940104
10285,766.5256551106771
10286,1208.8280436197917
10287,943.7187703450521
10288,994.6524861653646
10289,620.5424601236979
10290,745.0748494466146
10291,1053.1358235677083
10292,2249.6649576822915
10293,1148.7211507161458
10294,1100.4217122395833
10295,816.7830200195312
10296,897.3763427734375
10297,2190.8939615885415
10298,1380.8116048177083
10299,3425.9677734375
10300,872.4492797851562
10301,983.3926391601562
10302,1049.9088134765625
10303,2081.4759928385415
10304,1240.0649820963542
10305,712.6741739908854
10306,643.1377360026041
10307,830.4602661132812
10308,626.8091023763021
10309,737.6983032226562
10310,965.9349772135416
10311,603.5818684895834
10312,817.9424031575521
10313,1201.1161702473958
10314,655.1025594075521
10315,593.0930379231771
10316,1250.9507649739583
10317,1052.8644612630208
10318,1093.8564453125
10319,865.7470499674479
10320,1067.4554443359375
10321,1269.265625
10322,1201.800048828125
10323,1316.97314453125
10324,850.0416259765625
10325,933.7203165690104
10326,752.1301472981771
10327,1118.785888671875
10328,696.1437581380209
10329,2131.1107584635415
10330,2690.556640625
10331,1062.1259765625
10332,848.0608113606771
10333,836.4379679361979
10334,2813.2953287760415
10335,1692.6505126953125
10336,1281.9879964192708
10337,691.6987711588541
10338,1283.6797281901042
10339,670.2320149739584
10340,3622.345947265625
10341,641.2590942382812
10342,578.6661580403646
10343,1281.7027994791667
10344,436.6382548014323
10345,643.1884562174479
10346,1370.8963623046875
10347,767.3381754557291
10348,686.6723022460938
10349,827.5578816731771
10350,1299.6899820963542
10351,1308.5556233723958
10352,821.4814860026041
10353,458.25657145182294
10354,1064.3029378255208
10355,683.1712646484375
10356,1086.7277425130208
10357,701.1156412760416
10358,1138.8268636067708
10359,1077.3624267578125
10360,838.3557535807291
10361,887.5173543294271
10362,1304.8092447916667
10363,1527.5337320963542
10364,873.7275594075521
10365,698.4968465169271
10366,895.8232218424479
10367,715.1427408854166
10368,1125.01171875
10369,1042.6473388671875
10370,509.1550801595052
10371,1804.57470703125
10372,1136.0482584635417
10373,1086.7618001302083
10374,953.9577026367188
10375,1976.2867431640625
10376,776.8838704427084
10377,1316.399658203125
10378,837.0134684244791
10379,1315.9951171875
10380,1323.8831787109375
10381,1157.0325113932292
10382,679.6423543294271
10383,2660.4295247395835
10384,802.6007080078125
10385,1087.9342854817708
10386,2530.1958821614585
10387,846.3785400390625
10388,1324.197509765625
10389,970.9803059895834
10390,924.4263102213541
10391,1530.9984130859375
10392,626.1679890950521
10393,1035.7104085286458
10394,1398.9953206380208
10395,642.8937377929688
10396,1273.5743408203125
10397,991.8517456054688
10398,1051.3817545572917
10399,457.04205322265625
10400,830.0305786132812
10401,982.2637532552084
10402,1464.7303059895833
10403,1544.6590169270833
10404,806.21044921875
10405,1044.7272135416667
10406,1270.9691975911458
10407,1027.5963948567708
10408,972.7023722330729
10409,635.6412963867188
10410,689.7852783203125
10411,826.8127848307291
10412,982.8685709635416
10413,586.9932861328125
10414,729.0029296875
10415,902.1102498372396
10416,785.2946370442709
10417,701.4314575195312
10418,644.6046549479166
10419,897.3831176757812
10420,1218.4377848307292
10421,3402.91748046875
10422,608.6382649739584
10423,576.7363891601562
10424,1885.9744059244792
10425,1053.0527750651042
10426,1158.9133707682292
10427,701.4843546549479
10428,503.8175354003906
10429,1054.1324462890625
10430,770.5347493489584
10431,1411.830078125
10432,707.7909342447916
10433,3249.9883626302085
10434,804.0078328450521
10435,616.7724202473959
10436,1047.0351969401042
10437,1414.7104899088542
10438,1064.33642578125
10439,1256.9192708333333
10440,1331.4590250651042
10441,891.3099161783854
10442,2771.3971354166665
10443,1306.96435546875
10444,785.1110636393229
10445,997.9289347330729
10446,1469.7475179036458
10447,1051.8682047526042
10448,1391.9992268880208
10449,660.4867146809896
10450,882.1309611002604
10451,618.3037923177084
10452,1060.606689453125
10453,959.3050130208334
10454,1209.9785970052083
10455,1421.3941243489583
10456,999.7064005533854
10457,873.3914998372396
10458,595.9173787434896
10459,622.6296997070312
10460,1336.4772542317708
10461,995.3097941080729
10462,931.5619710286459
10463,1047.7685953776042
10464,1021.3265380859375
10465,1863.4230550130208
10466,898.1406453450521
10467,788.111328125
10468,3319.4275716145835
10469,1505.0034993489583
10470,994.9060262044271
10471,741.8850504557291
10472,808.7260538736979
10473,4759.28857421875
10474,832.3029174804688
10475,955.9291788736979
10476,1594.5410563151042
10477,920.826416015625
10478,1368.8197428385417
10479,1238.9278157552083
10480,2280.047119140625
10481,1173.9215901692708
10482,975.1062825520834
10483,1677.7567545572917
10484,1883.9543050130208
10485,570.2989095052084
10486,803.8422241210938
10487,1120.6520589192708
10488,829.2178141276041
10489,1280.2497965494792
10490,1099.4044596354167
10491,1133.5947265625
10492,684.8462117513021
10493,526.2923787434896
10494,920.3581746419271
10495,1600.1042887369792
10496,3363.74072265625
10497,1055.1331380208333
10498,3847.2056477864585
10499,2001.2987467447917
10500,912.0290323893229
10501,664.7144978841146
10502,818.859619140625
10503,908.2955729166666
10504,808.4820556640625
10505,1137.3616129557292
10506,830.8265787760416
10507,813.7918497721354
10508,493.2733154296875
10509,430.4744466145833
10510,1408.306396484375
10511,710.1657511393229
10512,970.8999633789062
10513,1665.189453125
10514,735.0702107747396
10515,611.2794392903646
10516,795.3866577148438
10517,1005.6015625
10518,663.0612589518229
10519,1094.181396484375
10520,711.9301961263021
10521,530.6800944010416
10522,440.6011657714844
10523,640.4677530924479
10524,1913.0460205078125
10525,765.77880859375
10526,1431.2526041666667
10527,736.5718994140625
10528,570.4912516276041
10529,611.5281982421875
10530,1674.755126953125
10531,1170.4158935546875
10532,1020.2938232421875
10533,948.5995890299479
10534,2150.075927734375
10535,1643.3477783203125
10536,900.9702962239584
10537,751.2443644205729
10538,1497.1212565104167
10539,975.5130411783854
10540,549.1620890299479
10541,732.9014689127604
10542,1174.647216796875
10543,2032.6689860026042
10544,828.8236287434896
10545,633.4266764322916
10546,1065.2530924479167
10547,767.3455607096354
10548,941.8745524088541
10549,1423.4638671875
10550,1184.128173828125
10551,535.8778483072916
10552,589.6867065429688
10553,1059.7041829427083
10554,1365.1603190104167
10555,641.9347534179688
10556,1756.9168294270833
10557,1003.3336385091146
10558,548.5776774088541
10559,1094.437744140625
10560,1193.9617513020833
10561,596.9866129557291
10562,568.7334391276041
10563,4060.0244140625
10564,1254.3475341796875
10565,771.2575073242188
10566,560.6824951171875
10567,958.6069539388021
10568,1189.0631103515625
10569,594.1780802408854
10570,1434.3430582682292
10571,1184.9566243489583
10572,3015.2240397135415
10573,645.9471842447916
10574,1016.2708129882812
10575,903.3656819661459
10576,5135.09619140625
10577,2578.5149739583335
10578,919.2160237630209
10579,1402.7269287109375
10580,1593.4400634765625
10581,1440.5406494140625
10582,1212.3741455078125
10583,816.4402058919271
10584,1194.7953287760417
10585,2964.4476725260415
10586,887.5468953450521
10587,1760.2589518229167
10588,1113.3347574869792
10589,982.5801188151041
10590,1002.2750854492188
10591,2480.2799479166665
10592,971.3159586588541
10593,796.0469563802084
10594,944.1055908203125
10595,1413.2283935546875
10596,846.035888671875
10597,1046.5984293619792
10598,923.7880655924479
10599,2136.8247884114585
10600,1239.3577880859375
10601,1108.4008382161458
10602,611.3217976888021
10603,1947.3424072265625
10604,1125.4889322916667
10605,1112.1414794921875
10606,1361.4056803385417
10607,1016.0101521809896
10608,1034.3441569010417
10609,1074.2495524088542
10610,1162.3018391927083
10611,1074.9351806640625
10612,799.5773518880209
10613,840.9472045898438
10614,840.2144368489584
10615,1187.4659830729167
10616,361.43883260091144
10617,1060.9917399088542
10618,1533.873779296875
10619,1915.4842529296875
10620,2491.19287109375
10621,341.0437723795573
10622,565.1859944661459
10623,1047.3140869140625
10624,791.36474609375
10625,873.193115234375
10626,1449.905517578125
10627,1074.2705078125
10628,627.3457234700521
10629,1190.3714599609375
10630,985.7279866536459
10631,1198.8511149088542
10632,1106.9956461588542
10633,774.9141845703125
10634,662.8712158203125
10635,1132.6639811197917
10636,1662.1097412109375
10637,517.1559041341146
10638,900.1886393229166
10639,1605.7494710286458
10640,974.6387532552084
10641,1006.4465942382812
10642,655.2563273111979
10643,775.6188151041666
10644,2345.5370279947915
10645,375.12331136067706
10646,1067.7046305338542
10647,742.7750651041666
10648,903.1384684244791
10649,979.8871053059896
10650,1734.9962565104167
10651,1188.0362955729167
10652,753.4735514322916
10653,1379.6024169921875
10654,1531.0306803385417
10655,722.5045776367188
10656,637.4258015950521
10657,746.4924519856771
10658,1702.5927327473958
10659,839.0162760416666
10660,786.1974487304688
10661,2565.4637044270835
10662,823.323486328125
10663,407.2791748046875
10664,953.5190226236979
10665,2488.2992350260415
10666,1805.5880940755208
10667,530.4445597330729
10668,722.1360473632812
10669,2268.8091634114585
10670,1120.1341552734375
10671,1213.741943359375
10672,1033.7008463541667
10673,1425.3492024739583
10674,814.4914754231771
10675,572.4957478841146
10676,786.76318359375
10677,676.7625528971354
10678,1372.4438069661458
10679,913.3741658528646
10680,570.7585856119791
10681,1878.4724527994792
10682,690.6009928385416
10683,585.5989583333334
10684,1955.4378255208333
10685,895.9248860677084
10686,1202.4226888020833
10687,742.9202473958334
10688,1512.3467203776042
10689,3004.4798990885415
10690,803.5415649414062
10691,1115.3229573567708
10692,1483.5664469401042
10693,740.7834065755209
10694,815.1847127278646
10695,1631.618408203125
10696,1157.6601969401042
10697,2352.1449381510415
10698,686.4446004231771
10699,1202.8167724609375
10700,928.1475219726562
10701,1190.4140625
10702,448.4450378417969
10703,735.5662841796875
10704,1203.2657470703125
10705,1195.6192220052083
10706,893.2092081705729
10707,869.1664428710938
10708,513.7942097981771
10709,3381.8731282552085
10710,467.06821695963544
10711,1088.1891276041667
10712,1031.5302734375
10713,1132.4535319010417
10714,1054.4238688151042
10715,2211.961181640625
10716,578.3248291015625
10717,852.9021809895834
10718,1872.8763427734375
10719,5418.029622395833
10720,597.8887125651041
10721,1158.885498046875
10722,1568.2518717447917
10723,2945.2664388020835
10724,786.0111083984375
10725,1214.6792805989583
10726,767.6970418294271
10727,874.0787556966146
10728,1250.2123616536458
10729,686.1103922526041
10730,557.3792724609375
10731,1419.7127685546875
10732,714.4660034179688
10733,1494.1424560546875
10734,614.7806803385416
10735,707.5807698567709
10736,1188.1932779947917
10737,1111.7303466796875
10738,2190.9298502604165
10739,1354.2819417317708
10740,974.7096761067709
10741,812.4176635742188
10742,986.5646158854166
10743,1632.8868001302083
10744,731.7004191080729
10745,1363.2833251953125
10746,728.2668863932291
10747,1542.5445556640625
10748,1076.1129964192708
10749,836.5674438476562
10750,1314.3832194010417
10751,772.9343465169271
10752,459.5220642089844
10753,711.0868530273438
10754,1760.5242106119792
10755,490.7760721842448
10756,829.4777018229166
10757,968.0567626953125
10758,1462.515869140625
10759,674.3152262369791
10760,986.0068359375
10761,883.0567220052084
10762,786.2953694661459
10763,1760.3247477213542
10764,2140.797607421875
10765,840.4227294921875
10766,798.0179036458334
10767,1061.7476399739583
10768,492.53062947591144
10769,1141.2806803385417
10770,1486.2836507161458
10771,2199.0845540364585
10772,3876.3983561197915
10773,735.8748982747396
10774,431.36070760091144
10775,1730.7805989583333
10776,1058.578369140625
10777,479.3164876302083
10778,1272.0237223307292
10779,677.2189127604166
10780,986.2708333333334
10781,404.11106363932294
10782,769.5097045898438
10783,1590.1449788411458
10784,1661.8555501302083
10785,1040.9580078125
10786,559.7520751953125
10787,1062.7484537760417
10788,1548.5493570963542
10789,2111.2975260416665
10790,1502.4890543619792
10791,1181.3419189453125
10792,3117.0033365885415
10793,1601.5800374348958
10794,753.4420166015625
10795,1547.6091715494792
10796,667.6372477213541
10797,1379.1419270833333
10798,1275.7375081380208
10799,681.1271362304688
10800,1188.4290364583333
10801,664.7607828776041
10802,875.2848510742188
10803,534.2880045572916
10804,1757.4088948567708
10805,3277.1402994791665
10806,1018.3379313151041
10807,516.7131754557291
10808,1035.2229410807292
10809,831.3563842773438
10810,326.71258544921875
10811,736.0795084635416
10812,880.3689371744791
10813,1775.8128255208333
10814,686.1040852864584
10815,1339.4627685546875
10816,1325.3059488932292
10817,676.2713419596354
10818,1336.6902669270833
10819,4752.551595052083
10820,922.7249959309896
10821,959.4684041341146
10822,1864.12548828125
10823,1486.728759765625
10824,1370.3792724609375
10825,808.2055460611979
10826,1349.046875
10827,502.6288655598958
10828,755.8653971354166
10829,944.9805297851562
10830,1219.7115071614583
10831,845.6116943359375
10832,722.5457560221354
10833,677.3489583333334
10834,508.0055745442708
10835,1017.2509358723959
10836,627.5017293294271
10837,668.0775553385416
10838,2008.76123046875
10839,586.5625406901041
10840,920.0964558919271
10841,852.7397867838541
10842,1454.7948404947917
10843,13333.3203125
10844,814.6029663085938
10845,701.4896240234375
10846,1178.0399576822917
10847,505.2142028808594
10848,928.0540771484375
10849,987.4014485677084
10850,1364.0322672526042
10851,460.8871663411458
10852,1309.7273356119792
10853,1208.8662923177083
10854,685.9792073567709
10855,493.6055908203125
10856,1220.0753987630208
10857,877.4703572591146
10858,2822.9000651041665
10859,1368.0621744791667
10860,1187.1647542317708
10861,1240.0309651692708
10862,1197.7563883463542
10863,1645.1552327473958
10864,1502.9496663411458
10865,616.6518351236979
10866,628.1678059895834
10867,730.4925333658854
10868,2714.9781901041665
10869,594.3668619791666
10870,685.0855102539062
10871,604.6616007486979
10872,762.8401896158854
10873,851.8483072916666
10874,1266.7896728515625
10875,1004.3995564778646
10876,996.7437337239584
10877,471.7457784016927
10878,758.7753702799479
10879,951.3040771484375
10880,1093.5503743489583
10881,699.529296875
10882,1666.988525390625
10883,1062.3361002604167
10884,1577.6590169270833
10885,1605.7490234375
10886,1806.0614420572917
10887,1037.2165934244792
10888,708.9094441731771
10889,853.5501302083334
10890,1642.23779296875
10891,1626.5826009114583
10892,2863.562255859375
10893,740.8672078450521
10894,680.2580159505209
10895,740.1439615885416
10896,747.0428059895834
10897,2422.4422200520835
10898,938.2671915690104
10899,553.4789632161459
10900,2058.5616861979165
10901,922.7745564778646
10902,1488.9999593098958
10903,573.5830688476562
10904,1035.5153401692708
10905,863.2811686197916
10906,1081.8841145833333
10907,834.6400146484375
10908,1430.43359375
10909,1210.0611165364583
10910,1744.9192301432292
10911,727.6338094075521
10912,1638.9615478515625
10913,1757.14892578125
10914,1111.2740478515625
10915,1486.9509684244792
10916,864.7019653320312
10917,1462.1253662109375
10918,449.98744710286456
10919,1988.0834147135417
10920,807.0899251302084
10921,1258.5595296223958
10922,1208.6668701171875
10923,988.2118530273438
10924,1004.2323201497396
10925,1434.8895263671875
10926,4057.40087890625
10927,931.6806640625
10928,886.9288940429688
10929,1806.9273274739583
10930,512.8171590169271
10931,752.9408569335938
10932,594.2455240885416
10933,1232.0858154296875
10934,935.8271891276041
10935,1213.2658284505208
10936,842.3639729817709
10937,507.4481201171875
10938,2379.5249837239585
10939,505.9581705729167
10940,2907.8963216145835
10941,381.8020426432292
10942,1041.1551106770833
10943,964.3637491861979
10944,1895.9415690104167
10945,3387.765869140625
10946,2670.521728515625
10947,2222.5713704427085
10948,1694.1851399739583
10949,1114.5164794921875
10950,659.4004516601562
10951,898.2716267903646
10952,1381.128173828125
10953,865.1571858723959
10954,617.5559692382812
10955,729.794677734375
10956,1245.6728922526042
10957,879.406982421875
10958,523.0726318359375
10959,1167.2320556640625
10960,1143.1223551432292
10961,873.0444946289062
10962,561.1745808919271
10963,687.2244262695312
10964,1459.8758951822917
10965,1055.59375
10966,725.8901163736979
10967,872.5782674153646
10968,915.9758097330729
10969,504.87750244140625
10970,537.6492919921875
10971,1146.868408203125
10972,2733.6461588541665
10973,1210.798583984375
10974,1211.0239664713542
10975,695.2395222981771
10976,858.5812784830729
10977,841.4467976888021
10978,628.1178385416666
10979,1753.3475341796875
10980,627.0338134765625
10981,903.8523356119791
10982,1047.9473063151042
10983,1318.0573323567708
10984,572.8618570963541
10985,635.684814453125
10986,1156.8839518229167
10987,1959.9029134114583
10988,589.7293701171875
10989,779.3884887695312
10990,531.5597127278646
10991,822.2968139648438
10992,1123.8199462890625
10993,350.4242350260417
10994,797.54931640625
10995,1619.4269205729167
10996,1400.3369954427083
10997,1020.5262044270834
10998,712.3010457356771
10999,691.9766438802084
11000,884.6820271809896
11001,780.3689575195312
11002,503.83556111653644
11003,3151.7635904947915
11004,1412.9876708984375
11005,1117.0475667317708
11006,554.4140218098959
11007,1157.9366048177083
11008,1828.4394938151042
11009,1089.8843994140625
11010,1294.3596598307292
11011,1256.5470784505208
11012,1311.9123128255208
11013,1351.5496826171875
11014,1587.9940999348958
11015,662.1352132161459
11016,1588.5071614583333
11017,1469.847412109375
11018,726.2571411132812
11019,483.1431477864583
11020,1192.7347819010417
11021,672.3230387369791
11022,354.1613260904948
11023,1143.8526204427083
11024,753.1189371744791
11025,1204.019775390625
11026,1069.6016031901042
11027,1320.9043375651042
11028,853.4534505208334
11029,1394.9269612630208
11030,317.7675272623698
11031,534.1000162760416
11032,824.4344685872396
11033,986.6976318359375
11034,501.4288838704427
11035,887.0656534830729
11036,961.7282918294271
11037,1905.802978515625
11038,1010.1860148111979
11039,1158.5392659505208
11040,746.2388305664062
11041,3764.272216796875
11042,633.8954467773438
11043,1014.8938191731771
11044,567.6931762695312
11045,1147.537353515625
11046,486.1773173014323
11047,1277.6832682291667
11048,4455.903157552083
11049,752.1330769856771
11050,704.5188598632812
11051,1400.488037109375
11052,1966.2479654947917
11053,2342.3060709635415
11054,796.4486287434896
11055,1379.533935546875
11056,741.7051798502604
11057,821.6150716145834
11058,1305.8570963541667
11059,1118.2278645833333
11060,818.6833292643229
11061,848.77001953125
11062,804.9356079101562
11063,1679.253662109375
11064,2505.693603515625
11065,1312.7835286458333
11066,875.0787353515625
11067,539.7223917643229
11068,3478.0071614583335
11069,1158.3518473307292
11070,2177.47900390625
11071,991.5063680013021
11072,1325.07421875
11073,975.7333577473959
11074,1496.0768229166667
11075,800.5764567057291
11076,665.0112101236979
11077,951.4175008138021
11078,587.6611938476562
11079,1601.7516682942708
11080,2409.455078125
11081,1145.5910237630208
11082,1119.7656656901042
11083,1172.4772135416667
11084,1107.5722249348958
11085,1096.9058024088542
11086,970.474365234375
11087,2382.199462890625
11088,553.3897298177084
11089,2017.5450439453125
11090,777.7484741210938
11091,969.7039998372396
11092,435.36376953125
11093,723.032958984375
11094,815.4629313151041
11095,679.33251953125
11096,1728.0962727864583
11097,859.1176554361979
11098,865.3293253580729
11099,716.5781656901041
11100,776.9389038085938
11101,590.1189982096354
11102,3183.2137044270835
11103,994.4437662760416
11104,1595.3739420572917
11105,820.5891316731771
11106,1497.4269205729167
11107,1932.4944254557292
11108,668.5971883138021
11109,743.010986328125
11110,650.5459594726562
11111,1287.8219401041667
11112,611.3194783528646
11113,1022.7830810546875
11114,894.29443359375
11115,1003.7717692057291
11116,1000.6947428385416
11117,2042.4413655598958
11118,1446.6820882161458
11119,769.7537027994791
11120,1090.8572184244792
11121,516.9542846679688
11122,956.7833658854166
11123,848.4926554361979
11124,2564.476318359375
11125,1093.6996663411458
11126,840.5509440104166
11127,1468.09716796875
11128,762.6081339518229
11129,1002.1968180338541
11130,987.2366943359375
11131,942.7981160481771
11132,866.1667683919271
11133,1009.8715616861979
11134,898.6576131184896
11135,489.1353454589844
11136,808.1272176106771
11137,1048.2315266927083
11138,1421.571044921875
11139,1672.3218587239583
11140,973.1607666015625
11141,1051.104736328125
11142,777.42138671875
11143,1103.0983479817708
11144,1276.1092529296875
11145,1659.9053955078125
11146,685.2635701497396
11147,685.8728637695312
11148,915.5135904947916
11149,1107.0490315755208
11150,624.5864461263021
11151,769.9036661783854
11152,727.5080973307291
11153,995.7796427408854
11154,1876.8641764322917
11155,894.1741129557291
11156,1320.8699544270833
11157,2078.555908203125
11158,759.6692301432291
11159,869.37109375
11160,2531.6107584635415
11161,1006.294189453125
11162,2146.9965006510415
11163,995.0960286458334
11164,2444.8467610677085
11165,1035.535400390625
11166,1521.9086507161458
11167,1176.570556640625
11168,926.7542114257812
11169,1351.2914632161458
11170,1669.0138346354167
11171,692.2363688151041
11172,910.7100016276041
11173,731.5109456380209
11174,571.8846435546875
11175,884.2289021809896
11176,1510.3765055338542
11177,1063.420654296875
11178,1704.0275065104167
11179,529.4214680989584
11180,655.0427856445312
11181,761.7007649739584
11182,693.2181193033854
11183,850.9278564453125
11184,1197.7065836588542
11185,1141.8539632161458
11186,1439.6016031901042
11187,1162.6756184895833
11188,775.2151692708334
11189,1597.4622395833333
11190,872.5247599283854
11191,1032.627685546875
11192,1787.2466634114583
11193,721.13623046875
11194,561.4289347330729
11195,689.9548950195312
11196,878.4363810221354
11197,718.6035359700521
11198,999.9295450846354
11199,842.7877604166666
11200,605.9236246744791
11201,1367.4056803385417
11202,900.5976969401041
11203,1253.7421875
11204,1158.1855875651042
11205,620.3618977864584
11206,1297.6008707682292
11207,3245.92578125
11208,1164.28564453125
11209,824.0407104492188
11210,963.51171875
11211,721.7622680664062
11212,1044.7942301432292
11213,1446.0187174479167
11214,521.7486368815104
11215,761.3558756510416
11216,969.5305786132812
11217,1190.9990234375
11218,1890.2410481770833
11219,795.3704427083334
11220,2107.7003580729165
11221,897.4575398763021
11222,352.77956136067706
11223,587.1380208333334
11224,1338.536865234375
11225,3115.2505696614585
11226,730.2441813151041
11227,536.5104573567709
11228,828.0755004882812
11229,861.3417561848959
11230,1017.677001953125
11231,917.3348795572916
11232,788.9307861328125
11233,3743.273193359375
11234,1843.09130859375
11235,2225.995361328125
11236,1956.3087972005208
11237,1626.7174479166667
11238,704.3204142252604
11239,1236.5120442708333
11240,559.1752726236979
11241,1131.8472493489583
11242,680.5099487304688
11243,1689.4990234375
11244,1078.7909749348958
11245,581.3973795572916
11246,1059.471923828125
11247,1010.992431640625
11248,1797.4593505859375
11249,1039.7817789713542
11250,2296.564453125
11251,2828.0901692708335
11252,1088.5068359375
11253,930.1619873046875
11254,2610.323486328125
11255,775.5529988606771
11256,988.1710001627604
11257,1165.8572184244792
11258,1315.2620849609375
11259,582.5357055664062
11260,1242.1045328776042
11261,516.0361735026041
11262,1080.7672526041667
11263,986.0701904296875
11264,1232.8603922526042
11265,563.5075276692709
11266,3489.459228515625
11267,559.901123046875
11268,626.8206380208334
11269,1157.3108723958333
11270,1372.5225423177083
11271,969.3889363606771
11272,840.6863606770834
11273,993.9520670572916
11274,1249.2484944661458
11275,1012.7807820638021
11276,1138.1239013671875
11277,811.8619384765625
11278,949.3418375651041
11279,646.7456868489584
11280,1044.5698649088542
11281,1380.8680826822917
11282,672.49853515625
11283,1014.9239705403646
11284,579.5412801106771
11285,3002.9725748697915
11286,807.0411987304688
11287,1595.0221761067708
11288,1480.2992350260417
11289,1174.9623616536458
11290,780.3380330403646
11291,819.8184407552084
11292,617.7023722330729
11293,1089.5126953125
11294,843.261474609375
11295,1693.7172037760417
11296,953.1426391601562
11297,954.6052449544271
11298,1073.7176513671875
11299,647.0344645182291
11300,930.9170939127604
11301,1165.6901448567708
11302,729.6956787109375
11303,1500.935546875
11304,2549.6258138020835
11305,617.9409586588541
11306,1675.2806803385417
11307,1422.8197835286458
11308,484.76429239908856
11309,621.870849609375
11310,642.8971557617188
11311,609.6317342122396
11312,1016.7009480794271
11313,910.857177734375
11314,1007.307861328125
11315,524.9430541992188
11316,760.6868489583334
11317,2014.2724609375
11318,1802.152099609375
11319,925.182373046875
11320,667.3872477213541
11321,1495.8265787760417
11322,706.3854573567709
11323,1952.1429443359375
11324,921.0184122721354
11325,701.771240234375
11326,716.4982299804688
11327,1962.3423258463542
11328,702.2815551757812
11329,1089.928466796875
11330,989.8714599609375
11331,662.3779703776041
11332,643.2472737630209
11333,777.3215942382812
11334,1207.749755859375
11335,632.7228597005209
11336,701.3539225260416
11337,1580.2566731770833
11338,1369.4017333984375
11339,968.1788330078125
11340,506.91660563151044
11341,1773.3055419921875
11342,1294.66064453125
11343,771.9217529296875
11344,2634.5397135416665
11345,811.65869140625
11346,571.9838256835938
11347,878.6888020833334
11348,826.4249267578125
11349,1289.1704508463542
11350,911.1275227864584
11351,660.6585693359375
11352,570.9749959309896
11353,616.4033406575521
11354,994.2530924479166
11355,569.3297322591146
11356,449.3236796061198
11357,1000.0353190104166
11358,1281.0150553385417
11359,1426.7726643880208
11360,1327.4051920572917
11361,1029.6953531901042
11362,1413.0506591796875
11363,818.7169189453125
11364,1229.3331705729167
11365,696.2277425130209
11366,836.1575724283854
11367,630.3451741536459
11368,1593.035888671875
11369,1040.13525390625
11370,2725.248291015625
11371,1559.4670817057292
11372,522.9390665690104
11373,630.46435546875
11374,859.8804117838541
11375,1214.381591796875
11376,699.7044881184896
11377,1347.0287272135417
11378,1215.1226399739583
11379,1576.066162109375
11380,740.5676676432291
11381,832.9327799479166
11382,2041.8426106770833
11383,1041.7451578776042
11384,1561.582763671875
11385,1029.3588053385417
11386,1605.1270345052083
11387,579.7618001302084
11388,956.6227416992188
11389,824.0895589192709
11390,692.9600423177084
11391,1752.55224609375
11392,1684.8873697916667
11393,1010.8424886067709
11394,1274.7674967447917
11395,990.9098714192709
11396,625.4075724283854
11397,999.0753580729166
11398,2082.543212890625
11399,778.6279093424479
11400,1143.8861083984375
11401,598.4085896809896
11402,1808.6339518229167
11403,808.8130696614584
11404,3059.861083984375
11405,2117.6012369791665
11406,1109.4324951171875
11407,1144.2225341796875
11408,1254.6298014322917
11409,688.6997680664062
11410,1153.9446207682292
11411,858.0774943033854
11412,803.6059366861979
11413,495.7918192545573
11414,504.23804728190106
11415,1610.0135091145833
11416,1249.6517740885417
11417,3564.6481119791665
11418,714.6321004231771
11419,2200.5003255208335
11420,679.6048990885416
11421,763.1317342122396
11422,575.7266845703125
11423,1310.2191162109375
11424,860.3484090169271
11425,502.8271993001302
11426,1233.975341796875
11427,531.6192016601562
11428,1433.48681640625
11429,808.7555948893229
11430,1524.92529296875
11431,1381.0509440104167
11432,1018.9440104166666
11433,999.5628255208334
11434,860.5334676106771
11435,1077.9239095052083
11436,1289.353271484375
11437,527.3630777994791
11438,1292.1258544921875
11439,1908.5783284505208
11440,620.3886108398438
11441,854.0578002929688
11442,2682.0602213541665
11443,701.0045369466146
11444,1290.6297607421875
11445,794.9432779947916
11446,1710.8589680989583
11447,980.3747355143229
11448,952.786376953125
11449,2067.1368815104165
11450,1414.0544026692708
11451,1990.1716715494792
11452,2534.5619303385415
11453,816.1492919921875
11454,1890.02880859375
11455,1042.1465250651042
11456,1787.952880859375
11457,731.2389933268229
11458,1919.0644124348958
11459,867.6033325195312
11460,1161.6213785807292
11461,1210.268798828125
11462,858.3246866861979
11463,1025.3416341145833
11464,1403.2681884765625
11465,2808.8343912760415
11466,699.2837727864584
11467,1107.5600179036458
11468,979.4048461914062
11469,637.6319173177084
11470,2706.8623046875
11471,1931.1140543619792
11472,605.9551798502604
11473,645.6558227539062
11474,1878.4641927083333
11475,1649.4283854166667
11476,701.5003865559896
11477,902.3378092447916
11478,2576.5179036458335
11479,963.0533243815104
11480,1268.8325602213542
11481,719.5826822916666
11482,2244.6735026041665
11483,883.3518676757812
11484,884.6353352864584
11485,990.0421752929688
11486,1450.6044921875
11487,2636.7565104166665
11488,1773.1096598307292
11489,1641.424072265625
11490,834.7819417317709
11491,885.7864176432291
11492,788.2535807291666
11493,2057.4098307291665
11494,914.0705973307291
11495,583.4683430989584
11496,1150.8590087890625
11497,594.1939290364584
11498,1373.2917887369792
11499,1035.9511311848958
11500,932.8572998046875
11501,1018.2498168945312
11502,1010.7968546549479
11503,4961.158203125
11504,893.8902994791666
11505,843.7987467447916
11506,892.4916788736979
11507,3007.4212239583335
11508,842.7745564778646
11509,853.959716796875
11510,1187.3966471354167
11511,4028.9468587239585
11512,1801.8290201822917
11513,917.2310994466146
11514,1289.9891357421875
11515,741.1317749023438
11516,2197.4225260416665
11517,1065.1470133463542
11518,794.214599609375
11519,530.3074137369791
11520,1914.4018961588542
11521,1743.3569742838542
11522,1538.7086588541667
11523,1967.233154296875
11524,792.3832194010416
11525,1374.985107421875
11526,709.2255249023438
11527,1072.5655517578125
11528,759.5468343098959
11529,1277.2479654947917
11530,960.22900390625
11531,569.551025390625
11532,709.1081339518229
11533,791.9414672851562
11534,996.5491739908854
11535,838.7793782552084
11536,654.5612182617188
11537,1465.082275390625
11538,1144.4032389322917
11539,2591.8140462239585
11540,1039.0582682291667
11541,388.6877136230469
11542,766.7300211588541
11543,794.3620808919271
11544,1523.3401692708333
11545,804.1668904622396
11546,894.1287434895834
11547,1158.2434488932292
11548,1415.0518798828125
11549,839.1159057617188
11550,2183.7074381510415
11551,883.7297770182291
11552,676.1529744466146
11553,474.0036926269531
11554,830.2637939453125
11555,901.8585611979166
11556,699.0210367838541
11557,716.1410725911459
11558,1342.2822672526042
11559,1077.3111572265625
11560,1080.6160074869792
11561,697.0704752604166
11562,1820.6025797526042
11563,1557.2330729166667
11564,1325.2589518229167
11565,546.6082356770834
11566,1207.2177734375
11567,967.9188232421875
11568,725.0379435221354
11569,1303.9629720052083
11570,1475.643310546875
11571,622.276123046875
11572,2758.8755696614585
11573,1341.1633707682292
11574,646.7652180989584
11575,1787.132568359375
11576,1089.1339925130208
11577,2901.7109375
11578,804.8070475260416
11579,1666.3363037109375
11580,1057.18505859375
11581,1464.1190592447917
11582,2379.5191243489585
11583,1036.819580078125
11584,506.023193359375
11585,689.0461222330729
11586,788.45654296875
11587,1537.7360026041667
11588,969.4791666666666
11589,2702.4039713541665
11590,1710.4310302734375
11591,1498.137451171875
11592,613.0233561197916
11593,1724.6524251302083
11594,630.5419514973959
11595,1241.6808675130208
11596,2467.65283203125
11597,1330.4022623697917
11598,1236.6705729166667
11599,1199.955078125
11600,686.7350667317709
11601,923.8108113606771
11602,1269.06982421875
11603,1042.5353190104167
11604,1958.7877197265625
11605,1751.0705973307292
11606,2073.251708984375
11607,770.9323323567709
11608,727.2752075195312
11609,865.9560953776041
11610,1645.0286458333333
11611,807.6769612630209
11612,444.71483357747394
11613,544.837646484375
11614,744.0656127929688
11615,644.2863159179688
11616,978.468017578125
11617,706.9814453125
11618,423.2956136067708
11619,1030.6829833984375
11620,835.2541707356771
11621,1291.98046875
11622,1330.2162272135417
11623,941.1512044270834
11624,1749.3023681640625
11625,595.7893473307291
11626,943.1993815104166
11627,759.7960815429688
11628,531.7960611979166
11629,1357.0372721354167
11630,1169.6451416015625
11631,739.9093017578125
11632,1034.658935546875
11633,963.3602091471354
11634,953.1471150716146
11635,1428.7741292317708
11636,879.896728515625
11637,1154.774169921875
11638,1250.3363850911458
11639,767.3198649088541
11640,594.7635904947916
11641,635.9451293945312
11642,999.2394205729166
11643,946.1952718098959
11644,1409.09130859375
11645,1253.4300944010417
11646,561.7181803385416
11647,1368.0430501302083
11648,566.9277547200521
11649,664.9505411783854
11650,405.2817687988281
11651,2337.5568033854165
11652,664.4204711914062
11653,4191.030598958333
11654,619.6694539388021
11655,869.2723388671875
11656,1031.3766276041667
11657,1061.4108479817708
11658,966.8786010742188
11659,534.2935587565104
11660,928.0337524414062
11661,587.3687133789062
11662,423.3985087076823
11663,1685.3506266276042
11664,1289.9314371744792
11665,1435.6229654947917
11666,813.1779174804688
11667,1683.3502197265625
11668,657.1582641601562
11669,905.1903076171875
11670,516.9757690429688
11671,951.3076782226562
11672,919.7386474609375
11673,3653.839111328125
11674,1023.9451904296875
11675,640.7643229166666
11676,650.8132527669271
11677,681.8852132161459
11678,603.3300170898438
11679,1423.8699544270833
11680,427.1262715657552
11681,983.2678833007812
11682,1363.7767333984375
11683,1009.4803059895834
11684,714.4116617838541
11685,706.7663777669271
11686,863.4048258463541
11687,1828.884765625
11688,808.353515625
11689,2520.1526692708335
11690,980.1899210611979
11691,994.8165283203125
11692,1026.8621012369792
11693,2560.4579264322915
11694,1723.8859049479167
11695,948.6207682291666
11696,2556.0272623697915
11697,3765.3618977864585
11698,553.0225830078125
11699,911.2005818684896
11700,895.7659505208334
11701,1844.9691162109375
11702,524.4120076497396
11703,652.09033203125
11704,667.7170206705729
11705,1596.4995524088542
11706,1286.1853434244792
11707,831.7181599934896
11708,1131.1432291666667
11709,1234.6671549479167
11710,768.8845825195312
11711,1266.2313639322917
11712,798.6643880208334
11713,507.8985087076823
11714,951.5703328450521
11715,453.3826599121094
11716,1207.1496988932292
11717,906.8475341796875
11718,1151.4149983723958
11719,1271.0274658203125
11720,613.0997517903646
11721,604.9924519856771
11722,388.6662089029948
11723,1215.9862874348958
11724,1474.9586588541667
11725,2820.5896809895835
11726,1721.95947265625
11727,546.1644490559896
11728,849.56787109375
11729,759.1704711914062
11730,548.0763346354166
11731,2029.1363525390625
11732,538.3872477213541
11733,1039.59619140625
11734,774.5155843098959
11735,1369.1267496744792
11736,641.7202758789062
11737,3295.9877115885415
11738,1345.6241861979167
11739,691.7405395507812
11740,1081.3679606119792
11741,1846.7082112630208
11742,2576.60302734375
11743,647.4664713541666
11744,706.4802652994791
11745,1957.7365315755208
11746,1609.6149088541667
11747,1047.54931640625
11748,772.6561075846354
11749,1784.403564453125
11750,1426.426513671875
11751,657.7294921875
11752,1642.0411376953125
11753,1471.12939453125
11754,846.1948649088541
11755,1074.9960123697917
11756,570.3075561523438
11757,678.0161336263021
11758,954.0740559895834
11759,1370.6297200520833
11760,797.7156575520834
11761,2077.8997395833335
11762,779.5322875976562
11763,1070.5156656901042
11764,1034.0460205078125
11765,674.6347859700521
11766,1198.6501871744792
11767,1243.51708984375
11768,1571.5376383463542
11769,2558.9506022135415
11770,3728.2472330729165
11771,1283.1562906901042
11772,842.5852254231771
11773,1881.8462320963542
11774,884.6045939127604
11775,564.2229614257812
11776,696.0531005859375
11777,932.1393636067709
11778,910.3844604492188
11779,1257.1283772786458
11780,2822.5831705729165
11781,1482.6840006510417
11782,391.02967325846356
11783,1052.0679524739583
11784,1113.5118815104167
11785,1948.6285807291667
11786,429.4973551432292
11787,1083.9073893229167
11788,527.223388671875
11789,1051.9837239583333
11790,1887.6329345703125
11791,809.6134033203125
11792,812.0791219075521
11793,602.8151245117188
11794,1351.0812581380208
11795,1148.1534423828125
11796,1906.60107421875
11797,1330.0142008463542
11798,873.5245361328125
11799,851.6326293945312
11800,694.3241780598959
11801,507.01283772786456
11802,818.1451822916666
11803,1022.0705159505209
11804,812.7000732421875
11805,873.7076416015625
11806,1158.69482421875
11807,632.2801513671875
11808,1377.9745279947917
11809,774.5857543945312
11810,1930.8883056640625
11811,827.0366007486979
11812,575.3960367838541
11813,1245.8323974609375
11814,918.8663126627604
11815,810.0990600585938
11816,730.7967529296875
11817,2741.9256184895835
11818,1178.7486979166667
11819,1291.1042887369792
11820,987.5546875
11821,1065.4643961588542
11822,941.0194702148438
11823,997.1092732747396
11824,902.1031290690104
11825,1918.9033203125
11826,781.7440795898438
11827,2046.331298828125
11828,488.95806884765625
11829,986.8063761393229
11830,803.6006062825521
11831,792.0086059570312
11832,713.1729532877604
11833,645.1694946289062
11834,885.7759399414062
11835,701.0716349283854
11836,1232.3263346354167
11837,624.6597696940104
11838,1660.769775390625
11839,534.8725382486979
11840,885.1915690104166
11841,528.7549438476562
11842,672.973388671875
11843,483.92052205403644
11844,793.8317057291666
11845,1383.9984537760417
11846,862.1711832682291
11847,1105.7618815104167
11848,1042.2730712890625
11849,1314.3595377604167
11850,502.2158711751302
11851,809.1899820963541
11852,709.4800008138021
11853,1003.3778686523438
11854,1774.2887369791667
11855,2747.9091796875
11856,1470.523193359375
11857,1241.8515625
11858,1212.9912923177083
11859,760.9462483723959
11860,605.6786092122396
11861,1428.1588948567708
11862,676.67919921875
11863,1323.6422119140625
11864,850.1022338867188
11865,2060.6551920572915
11866,998.0528564453125
11867,1835.7533772786458
11868,800.8942464192709
11869,562.4502563476562
11870,2574.82763671875
11871,1627.1806233723958
11872,524.8519897460938
11873,1586.3387451171875
11874,2758.9818522135415
11875,793.7740885416666
11876,1326.7536214192708
11877,750.7940470377604
11878,711.6798095703125
11879,1562.2814127604167
11880,790.5581461588541
11881,505.6612141927083
11882,838.4512939453125
11883,1192.262939453125
11884,915.9449666341146
11885,1440.0134684244792
11886,685.6598307291666
11887,555.9323120117188
11888,1773.5515543619792
11889,1003.7146199544271
11890,1945.3402099609375
11891,1234.5687662760417
11892,429.64344278971356
11893,1232.3865559895833
11894,812.9986165364584
11895,801.5581665039062
11896,750.0714518229166
11897,1293.0310872395833
11898,2864.0660807291665
11899,667.4858194986979
11900,987.2364908854166
11901,1175.1177571614583
11902,605.6710205078125
11903,1603.2614339192708
11904,887.4655151367188
11905,886.5074869791666
11906,817.6065063476562
11907,1487.7244873046875
11908,593.39404296875
11909,1284.6016438802083
11910,2049.5918782552085
11911,747.2827555338541
11912,873.2077433268229
11913,1453.675048828125
11914,872.563232421875
11915,1841.9015299479167
11916,1217.6059163411458
11917,717.4613037109375
11918,753.2125040690104
11919,1130.9743245442708
11920,956.4926147460938
11921,912.6171264648438
11922,859.9858194986979
11923,991.9932454427084
11924,1972.0574951171875
11925,972.6225789388021
11926,1106.3013509114583
11927,971.9253540039062
11928,618.0076700846354
11929,622.0992635091146
11930,789.6086222330729
11931,482.5778096516927
11932,1082.10595703125
11933,405.34326171875
11934,684.6059366861979
11935,1264.7508138020833
11936,919.0669759114584
11937,1172.296142578125
11938,1053.9243977864583
11939,1210.1443684895833
11940,563.8069864908854
11941,584.3623250325521
11942,1209.4943033854167
11943,1019.4647827148438
11944,1345.468017578125
11945,920.6488444010416
11946,1129.9169514973958
11947,1904.5511474609375
11948,803.2991333007812
11949,1603.0783284505208
11950,1105.6789957682292
11951,871.8489786783854
11952,1042.1044108072917
11953,1596.7559000651042
11954,1345.549560546875
11955,526.6153361002604
11956,653.6057332356771
11957,914.9803059895834
11958,729.8021647135416
11959,1001.8677775065104
11960,3836.024658203125
11961,801.9087320963541
11962,2696.075927734375
11963,835.5072224934896
11964,1639.4832763671875
11965,1006.8790079752604
11966,2897.7240397135415
11967,1619.1792399088542
11968,753.2514038085938
11969,993.1553751627604
11970,1256.6016438802083
11971,789.4130655924479
11972,798.3797810872396
11973,951.6336669921875
11974,1151.4097493489583
11975,1588.2817789713542
11976,1280.5004475911458
11977,1625.4237467447917
11978,661.9743245442709
11979,951.0488688151041
11980,804.4521280924479
11981,681.3523152669271
11982,1208.7129313151042
11983,1511.2597249348958
11984,537.1706746419271
11985,1419.9989013671875
11986,1689.5925699869792
11987,779.0654500325521
11988,477.5568440755208
11989,1329.8286539713542
11990,2374.0597330729165
11991,859.8487752278646
11992,714.2171223958334
11993,1077.0232747395833
11994,1295.9274495442708
11995,1438.7257893880208
11996,2186.5064290364585
11997,1253.1765950520833
11998,688.628173828125
11999,946.2151285807291
12000,1119.2552083333333
12001,1152.5502522786458
12002,1045.9482421875
12003,1079.5334879557292
12004,2473.3020833333335
12005,1653.8201090494792
12006,530.8160807291666
12007,2799.327880859375
12008,1518.1653238932292
12009,818.754150390625
12010,952.5699462890625
12011,1795.0362548828125
12012,3043.5196126302085
12013,590.2439575195312
12014,980.6644083658854
12015,654.2556355794271
12016,1401.5926513671875
12017,822.4770711263021
12018,1301.8208821614583
12019,481.1368408203125
12020,669.0209147135416
12021,1681.6493326822917
12022,842.2932739257812
12023,516.3957722981771
12024,907.4842122395834
12025,987.8335367838541
12026,730.6810099283854
12027,2763.5379231770835
12028,1401.3435872395833
12029,920.5287475585938
12030,539.6797485351562
12031,905.5771891276041
12032,1554.1015625
12033,1736.6348063151042
12034,1160.364501953125
12035,1135.6068115234375
12036,998.3956298828125
12037,971.5982869466146
12038,1818.6582845052083
12039,1061.1595865885417
12040,907.3344523111979
12041,1093.0622965494792
12042,801.3706461588541
12043,1758.2121988932292
12044,505.5044759114583
12045,670.0229085286459
12046,501.23012288411456
12047,1275.9696044921875
12048,1001.7074991861979
12049,921.7845458984375
12050,535.5695393880209
12051,945.5520222981771
12052,599.5998331705729
12053,1520.17578125
12054,563.9771321614584
12055,1760.9090169270833
12056,2057.5236002604165
12057,1086.943603515625
12058,2107.8411458333335
12059,1042.3945719401042
12060,884.9353230794271
12061,2169.7413736979165
12062,893.5021565755209
12063,3691.22412109375
12064,4700.4130859375
12065,1108.8919270833333
12066,861.067138671875
12067,5443.56982421875
12068,1503.8052571614583
12069,631.1956176757812
12070,1095.0972493489583
12071,606.6559244791666
12072,465.4879659016927
12073,1244.1225179036458
12074,1752.8430582682292
12075,918.7783406575521
12076,630.2141520182291
12077,1280.7273356119792
12078,5795.764322916667
12079,1462.1966959635417
12080,1251.0039876302083
12081,789.5434366861979
12082,1697.598876953125
12083,1076.822265625
12084,1615.3070882161458
12085,633.7141927083334
12086,3657.0938313802085
12087,1014.0191040039062
12088,1068.3867594401042
12089,1322.6980794270833
12090,2990.2158203125
12091,1166.2723388671875
12092,657.4007771809896
12093,1659.9535725911458
12094,502.7628479003906
12095,842.8509318033854
12096,2225.2080078125
12097,1255.049560546875
12098,2859.6573079427085
12099,720.3373006184896
12100,902.2536010742188
12101,722.4985148111979
12102,701.5724283854166
12103,433.2419840494792
12104,1055.2017415364583
12105,825.4394734700521
12106,1132.7935791015625
12107,1053.0869954427083
12108,1486.0526123046875
12109,1057.03076171875
12110,1286.5677490234375
12111,699.7083943684896
12112,798.7871500651041
12113,974.3835245768229
12114,1712.9474283854167
12115,776.0290323893229
12116,1006.5124918619791
12117,1704.1410725911458
12118,1076.66259765625
12119,824.32275390625
12120,1728.166259765625
12121,1224.8938802083333
12122,1290.3668619791667
12123,710.2427775065104
12124,1858.0169270833333
12125,1481.9347330729167
12126,632.9721272786459
12127,1766.6380615234375
12128,1605.3033040364583
12129,552.9990437825521
12130,564.9353434244791
12131,907.2383626302084
12132,2024.5334065755208
12133,773.6449178059896
12134,496.2076416015625
12135,743.3598225911459
12136,2030.4816487630208
12137,1468.59716796875
12138,322.5454508463542
12139,694.3228556315104
12140,2913.7278645833335
12141,937.6250406901041
12142,1430.7375895182292
12143,1472.1624348958333
12144,664.8119913736979
12145,1358.4051920572917
12146,1303.6688232421875
12147,1524.5718180338542
12148,1010.94677734375
12149,677.1352335611979
12150,1736.0956217447917
12151,1605.2958984375
12152,1084.9329427083333
12153,772.8694661458334
12154,828.9847208658854
12155,1062.083984375
12156,1034.1324055989583
12157,774.9070434570312
12158,1266.9315185546875
12159,578.7655029296875
12160,786.1138305664062
12161,1456.1064860026042
12162,1631.259521484375
12163,718.6417236328125
12164,606.0816243489584
12165,1109.3577880859375
12166,1075.7157796223958
12167,2641.3414713541665
12168,723.9440714518229
12169,1509.3363037109375
12170,692.4118855794271
12171,1342.0957845052083
12172,1551.9949137369792
12173,1672.0606689453125
12174,1056.2017008463542
12175,1133.0295003255208
12176,943.2532552083334
12177,1089.0629069010417
12178,462.47165934244794
12179,1118.9571940104167
12180,680.7249145507812
12181,736.5973510742188
12182,1055.4110107421875
12183,1150.7378336588542
12184,1210.834228515625
12185,837.4145100911459
12186,1490.3066813151042
12187,1158.1838785807292
12188,915.9403483072916
12189,666.9651692708334
12190,861.3626098632812
12191,985.6473795572916
12192,890.9359130859375
12193,781.9404500325521
12194,1044.3265380859375
12195,1337.1156005859375
12196,2659.92822265625
12197,1423.2648111979167
12198,979.8383178710938
12199,944.236328125
12200,1430.554931640625
12201,871.3869425455729
12202,1080.363525390625
12203,1697.5711669921875
12204,3519.5157063802085
12205,997.3952433268229
12206,1342.202880859375
12207,1049.3932291666667
12208,909.5650634765625
12209,1714.4082845052083
12210,694.8859659830729
12211,575.6394449869791
12212,803.9466959635416
12213,1276.2316080729167
12214,1743.8247884114583
12215,976.046142578125
12216,829.4008992513021
12217,986.5659383138021
12218,1361.5297037760417
12219,903.8682657877604
12220,1366.2309163411458
12221,1330.9661865234375
12222,1077.59619140625
12223,784.0204874674479
12224,1470.2756754557292
12225,325.38780721028644
12226,481.8602803548177
12227,1223.5186767578125
12228,1041.3298746744792
12229,491.68335978190106
12230,585.4615071614584
12231,2833.5569661458335
12232,1132.6030680338542
12233,563.6705932617188
12234,705.1058959960938
12235,940.8347574869791
12236,891.7654215494791
12237,806.0789184570312
12238,2976.3326009114585
12239,994.5392862955729
12240,858.8436279296875
12241,1213.8843180338542
12242,559.6670125325521
12243,754.3208211263021
12244,970.7550048828125
12245,932.9397583007812
12246,531.4623006184896
12247,676.0562540690104
12248,983.0634969075521
12249,1172.9947509765625
12250,855.9910278320312
12251,695.1949259440104
12252,443.91424560546875
12253,984.3213297526041
12254,3795.799560546875
12255,1042.29541015625
12256,1585.2724202473958
12257,1367.2919514973958
12258,3265.6543782552085
12259,858.2181193033854
12260,1097.0447591145833
12261,5062.028483072917
12262,929.0642496744791
12263,667.0923665364584
12264,915.1834106445312
12265,1722.1682535807292
12266,654.3239135742188
12267,2022.8556315104167
12268,1247.245849609375
12269,687.2085164388021
12270,750.0926310221354
12271,1456.2502034505208
12272,1066.6659342447917
12273,1023.2966105143229
12274,616.7117513020834
12275,844.9406534830729
12276,1544.2786865234375
12277,1034.7215983072917
12278,926.1919148763021
12279,1003.8079223632812
12280,1553.9678141276042
12281,1983.6859130859375
12282,773.5912679036459
12283,760.2908528645834
12284,1881.1220703125
12285,1987.4190673828125
12286,1430.7729085286458
12287,696.6377156575521
12288,1062.088623046875
12289,686.2204386393229
12290,700.1188354492188
12291,612.6784057617188
12292,560.7395222981771
12293,1493.9348958333333
12294,983.4535115559896
12295,1020.1080525716146
12296,916.4579060872396
12297,1420.6696370442708
12298,801.7024129231771
12299,949.5808308919271
12300,741.5411783854166
12301,652.1052652994791
12302,1247.9635009765625
12303,547.7586669921875
12304,2475.023193359375
12305,1830.8153889973958
12306,1836.8647867838542
12307,640.6869506835938
12308,1148.9191487630208
12309,601.4161783854166
12310,783.7349243164062
12311,1004.1063232421875
12312,773.5284627278646
12313,1169.9256998697917
12314,1113.527099609375
12315,1417.8105875651042
12316,929.7445271809896
12317,684.63623046875
12318,584.7849324544271
12319,1983.2823893229167
12320,898.2717488606771
12321,771.1512044270834
12322,1418.744873046875
12323,593.8905029296875
12324,1261.6139729817708
12325,2011.1113688151042
12326,678.9857991536459
12327,852.6269124348959
12328,723.5857543945312
12329,1480.0285237630208
12330,492.66274007161456
12331,1263.6048583984375
12332,1099.1077067057292
12333,812.6958821614584
12334,975.7508951822916
12335,413.7560729980469
12336,876.1485799153646
12337,1027.4408365885417
12338,545.8612467447916
12339,959.228271484375
12340,13098.5615234375
12341,1155.2981770833333
12342,1695.8194986979167
12343,1295.994873046875
12344,1293.00390625
12345,918.4405721028646
12346,1097.616943359375
12347,2327.169921875
12348,723.7509562174479
12349,488.1326090494792
12350,1241.0751953125
12351,1553.5053304036458
12352,1405.98876953125
12353,617.0770060221354
12354,1348.9262288411458
12355,1344.4585367838542
12356,1304.36181640625
12357,4733.42626953125
12358,1468.1611328125
12359,780.6870930989584
12360,1617.7545572916667
12361,982.8451944986979
12362,1130.3267822265625
12363,1579.2875569661458
12364,797.5898640950521
12365,2815.840576171875
12366,747.9205322265625
12367,1470.7313232421875
12368,808.8298950195312
12369,1437.2845458984375
12370,659.3355305989584
12371,1825.7379964192708
12372,863.9709676106771
12373,1081.3181559244792
12374,812.0538736979166
12375,949.7906697591146
12376,1922.9770914713542
12377,1960.1872965494792
12378,1478.8670247395833
12379,721.8622029622396
12380,2069.11376953125
12381,1561.2178548177083
12382,721.6635538736979
12383,1388.5380452473958
12384,1552.2236735026042
12385,1904.4687093098958
12386,1373.1713053385417
12387,1362.64404296875
12388,982.1969604492188
12389,1505.6814778645833
12390,568.2797037760416
12391,520.6557820638021
12392,1014.4090169270834
12393,886.7536824544271
12394,979.2383219401041
12395,1630.4106038411458
12396,2346.4827473958335
12397,942.6305948893229
12398,1161.1329345703125
12399,846.7989908854166
12400,596.3411865234375
12401,528.3822021484375
12402,472.43580118815106
12403,616.0405680338541
12404,937.4111938476562
12405,651.7287801106771
12406,1344.2858479817708
12407,991.542236328125
12408,1149.40185546875
12409,892.0125325520834
12410,1437.2237548828125
12411,2924.4996744791665
12412,1324.9765625
12413,1278.9685872395833
12414,1010.0696207682291
12415,784.3201904296875
12416,760.2436930338541
12417,883.304443359375
12418,829.3239542643229
12419,1108.9951578776042
12420,1478.6846923828125
12421,1467.1472981770833
12422,785.9486897786459
12423,827.2522176106771
12424,672.2926228841146
12425,634.0430704752604
12426,1363.0105794270833
12427,5975.517903645833
12428,828.4026285807291
12429,2393.2799479166665
12430,854.6173706054688
12431,1087.4149576822917
12432,789.0467732747396
12433,1449.3556315104167
12434,1014.4188639322916
12435,809.2378133138021
12436,1308.5
12437,739.9237874348959
12438,1029.6456298828125
12439,1033.47021484375
12440,1056.2613118489583
12441,2918.7523600260415
12442,732.56689453125
12443,1118.0915934244792
12444,708.0515747070312
12445,1808.9217122395833
12446,1179.7215576171875
12447,1247.6542154947917
12448,1595.5163981119792
12449,657.055908203125
12450,794.1258341471354
12451,675.8750813802084
12452,1460.1167805989583
12453,762.9640502929688
12454,829.496337890625
12455,745.5022583007812
12456,853.5435791015625
12457,663.7023315429688
12458,954.3525797526041
12459,584.36767578125
12460,930.4176839192709
12461,556.1110432942709
12462,1238.2737223307292
12463,950.2845865885416
12464,1402.7915852864583
12465,1203.7041422526042
12466,507.27955118815106
12467,1026.1689860026042
12468,687.0786336263021
12469,893.8771565755209
12470,1040.6504313151042
12471,565.8750203450521
12472,965.4536743164062
12473,910.9625244140625
12474,685.7884724934896
12475,997.920654296875
12476,4449.803873697917
12477,1174.6951904296875
12478,1291.9696044921875
12479,848.5957438151041
12480,4037.6067708333335
12481,702.8320109049479
12482,826.703857421875
12483,1329.0201416015625
12484,962.3150024414062
12485,2701.064697265625
12486,1510.75244140625
12487,698.9596557617188
12488,1363.4806315104167
12489,1079.3334147135417
12490,1256.8216552734375
12491,1510.1532389322917
12492,2151.8492838541665
12493,868.4408162434896
12494,825.9380900065104
12495,1341.9501139322917
12496,1199.8581136067708
12497,745.5636393229166
12498,1053.2137451171875
12499,955.0101725260416
12500,835.9734293619791
12501,799.1717936197916
12502,707.2414754231771
12503,1327.8431396484375
12504,457.2743631998698
12505,1323.1787109375
12506,841.3532104492188
12507,1248.0583902994792
12508,3999.6739095052085
12509,1340.470458984375
12510,1353.6381022135417
12511,975.4909057617188
12512,668.6514485677084
12513,1415.1548665364583
12514,494.1148986816406
12515,715.8960774739584
12516,565.6337483723959
12517,951.6197916666666
12518,696.1943562825521
12519,682.8041585286459
12520,517.8782145182291
12521,550.4856567382812
12522,524.0266316731771
12523,1424.9610595703125
12524,1045.5731201171875
12525,1673.6736246744792
12526,2326.1775716145835
12527,1029.186279296875
12528,1738.1553955078125
12529,493.0566914876302
12530,693.4882609049479
12531,1426.0210774739583
12532,1317.8520914713542
12533,1633.862060546875
12534,1098.596435546875
12535,1134.1999104817708
12536,1576.0517985026042
12537,763.9955444335938
12538,3031.4029947916665
12539,1982.2656656901042
12540,1314.749755859375
12541,1633.4870198567708
12542,532.9735514322916
12543,1039.345947265625
12544,1196.1942545572917
12545,2528.359619140625
12546,705.7966715494791
12547,931.9156901041666
12548,725.4437662760416
12549,920.3635864257812
12550,1126.3603108723958
12551,3020.2752278645835
12552,1916.0672200520833
12553,1553.8292643229167
12554,1804.3739827473958
12555,1330.4159342447917
12556,721.362060546875
12557,3057.4510091145835
12558,1268.0128987630208
12559,1504.4324137369792
12560,644.0038045247396
12561,968.6971232096354
12562,746.2969970703125
12563,2376.2705891927085
12564,1265.9934488932292
12565,513.9955851236979
12566,792.3773803710938
12567,1523.9486897786458
12568,433.84165445963544
12569,685.1196899414062
12570,1123.6944173177083
12571,720.6447957356771
12572,1390.8745524088542
12573,507.56239827473956
12574,713.5558268229166
12575,629.4886474609375
12576,807.3711140950521
12577,698.3031616210938
12578,530.4046834309896
12579,744.8636678059896
12580,848.2409261067709
12581,842.3156127929688
12582,681.8868815104166
12583,1176.5063883463542
12584,1232.5790201822917
12585,785.8898518880209
12586,648.2877807617188
12587,1212.7653401692708
12588,953.5948282877604
12589,639.2676595052084
12590,1141.3032633463542
12591,1591.6704508463542
12592,3053.2503255208335
12593,928.8807373046875
12594,2878.5048014322915
12595,1267.5745035807292
12596,1315.455810546875
12597,870.1450602213541
12598,1109.3123372395833
12599,1561.0295003255208
12600,1973.890380859375
12601,608.21435546875
12602,684.9266357421875
12603,1413.5074869791667
12604,1877.3169759114583
12605,832.3978068033854
12606,849.3651733398438
12607,1038.140869140625
12608,821.2297159830729
12609,600.6118570963541
12610,1236.580810546875
12611,1106.6456705729167
12612,573.6715698242188
12613,723.5670979817709
12614,1044.99365234375
12615,843.8490397135416
12616,578.9288736979166
12617,838.5305989583334
12618,2438.7937825520835
12619,900.6075439453125
12620,1495.885986328125
12621,643.5267944335938
12622,555.4992879231771
12623,989.7124226888021
12624,853.2257486979166
12625,1025.6278076171875
12626,1111.29248046875
12627,925.3394978841146
12628,594.5150960286459
12629,805.4341430664062
12630,1958.4744873046875
12631,1380.790283203125
12632,1489.9510904947917
12633,2004.3718668619792
12634,1500.5525716145833
12635,2090.367431640625
12636,451.8588460286458
12637,1450.6523030598958
12638,2927.7472330729165
12639,923.71337890625
12640,1038.8474527994792
12641,920.4189453125
12642,1263.6278483072917
12643,1585.1582845052083
12644,1456.7330729166667
12645,1329.7076416015625
12646,700.5831502278646
12647,1086.920166015625
12648,643.4881184895834
12649,648.9574584960938
12650,976.821533203125
12651,778.7401936848959
12652,1208.1622721354167
12653,802.2680257161459
12654,756.4895833333334
12655,607.1464436848959
12656,449.78387451171875
12657,968.3987019856771
12658,841.6872762044271
12659,625.7412109375
12660,756.2788289388021
12661,878.102783203125
12662,483.8918151855469
12663,912.287109375
12664,746.733154296875
12665,2108.1912434895835
12666,1499.5505777994792
12667,648.9980672200521
12668,541.1626180013021
12669,1222.8870442708333
12670,1185.9921875
12671,814.8637491861979
12672,2277.5244140625
12673,1517.7076009114583
12674,614.4279378255209
12675,1407.5326334635417
12676,1118.2022705078125
12677,737.6057942708334
12678,858.7400512695312
12679,659.4102172851562
12680,1211.1479085286458
12681,2945.857177734375
12682,534.2184244791666
12683,2006.9117838541667
12684,660.7787679036459
12685,1478.6510823567708
12686,1496.1055501302083
12687,580.5770060221354
12688,499.2242838541667
12689,1507.0113118489583
12690,1598.1537272135417
12691,928.5094197591146
12692,1227.6799723307292
12693,466.3501688639323
12694,374.7898661295573
12695,865.1675618489584
12696,622.195556640625
12697,649.3583577473959
12698,1422.7233072916667
12699,1157.5414632161458
12700,1950.9712727864583
12701,1128.2720133463542
12702,571.5637003580729
12703,919.8352864583334
12704,798.1701863606771
12705,526.9523315429688
12706,1316.041259765625
12707,1264.4816080729167
12708,763.1655476888021
12709,951.83056640625
12710,718.218017578125
12711,812.6165771484375
12712,1357.0817464192708
12713,1016.0006510416666
12714,1233.131103515625
12715,551.3640340169271
12716,878.5014241536459
12717,1158.0901692708333
12718,865.5876871744791
12719,580.041259765625
12720,574.0977579752604
12721,1321.83251953125
12722,640.6927490234375
12723,1082.7775065104167
12724,786.0131022135416
12725,1333.8519694010417
12726,1286.9365641276042
12727,819.3101806640625
12728,1491.0791422526042
12729,729.2165120442709
12730,1161.1934814453125
12731,809.314208984375
12732,1329.15771484375
12733,1563.3474934895833
12734,995.4161783854166
12735,600.7904866536459
12736,899.92138671875
12737,525.6392415364584
12738,971.0831502278646
12739,832.5260416666666
12740,1026.7062174479167
12741,920.5747477213541
12742,1035.09375
12743,1493.6634928385417
12744,1104.0888264973958
12745,1242.8928629557292
12746,990.7886759440104
12747,538.4992879231771
12748,2214.1935221354165
12749,525.4185180664062
12750,1454.722412109375
12751,609.3646240234375
12752,710.8305460611979
12753,734.0012003580729
12754,1378.1355794270833
12755,819.1659952799479
12756,997.1317749023438
12757,1214.8809814453125
12758,757.281005859375
12759,730.4044392903646
12760,1401.8511962890625
12761,1061.3797200520833
12762,1344.1906331380208
12763,2435.8848470052085
12764,2411.107666015625
12765,696.5630086263021
12766,843.7664794921875
12767,2153.8882649739585
12768,361.8839416503906
12769,665.8720499674479
12770,912.0540161132812
12771,632.834716796875
12772,903.122802734375
12773,783.9346313476562
12774,1187.7235514322917
12775,498.90162150065106
12776,1131.1381429036458
12777,1146.9545491536458
12778,878.1436157226562
12779,1567.6846923828125
12780,1110.0024820963542
12781,469.1915690104167
12782,733.7503662109375
12783,1202.6727294921875
12784,630.9342447916666
12785,1196.3406575520833
12786,864.0980631510416
12787,836.5619710286459
12788,1700.9807535807292
12789,1399.4303385416667
12790,2220.0039876302085
12791,1415.4174397786458
12792,742.6486206054688
12793,2090.9751790364585
12794,709.9451293945312
12795,1741.7401123046875
12796,796.3737996419271
12797,455.7065836588542
12798,1025.7451578776042
12799,573.9877115885416
12800,1817.2384847005208
12801,1206.6606038411458
12802,502.2322184244792
12803,874.534423828125
12804,794.3261108398438
12805,2782.6263834635415
12806,1783.0628255208333
12807,2267.0829264322915
12808,1577.45263671875
12809,986.9617716471354
12810,813.5787353515625
12811,697.9132080078125
12812,707.3347371419271
12813,894.6207478841146
12814,1632.7541910807292
12815,679.1265462239584
12816,708.8498128255209
12817,1149.4361979166667
12818,654.4760335286459
12819,447.8313903808594
12820,1258.8160807291667
12821,884.639892578125
12822,759.8928833007812
12823,1285.37841796875
12824,1073.0367024739583
12825,750.6535034179688
12826,2549.4124348958335
12827,2414.630859375
12828,1560.2288004557292
12829,1828.7326253255208
12830,1828.2984619140625
12831,922.4096476236979
12832,1377.3245035807292
12833,1994.7449544270833
12834,825.4294230143229
12835,1028.4997965494792
12836,788.9849650065104
12837,741.7751668294271
12838,1129.010009765625
12839,1603.1892496744792
12840,767.8577270507812
12841,541.7170206705729
12842,923.7040608723959
12843,602.4133504231771
12844,1407.3087565104167
12845,976.9784545898438
12846,817.8508097330729
12847,1237.3465576171875
12848,1087.7203369140625
12849,838.1538899739584
12850,749.5363566080729
12851,1738.2588297526042
12852,1522.2325439453125
12853,632.4431966145834
12854,2061.3665364583335
12855,869.5498046875
12856,782.41015625
12857,843.9884033203125
12858,955.3003743489584
12859,937.1418050130209
12860,839.2482299804688
12861,613.4603678385416
12862,2150.56494140625
12863,1006.5116577148438
12864,2402.5638020833335
12865,964.9807942708334
12866,532.8850708007812
12867,697.508544921875
12868,1020.1673380533854
12869,673.0024617513021
12870,612.6448567708334
12871,710.9194132486979
12872,816.8346354166666
12873,1243.3501383463542
12874,1051.5316569010417
12875,886.8841349283854
12876,604.3389689127604
12877,844.6875813802084
12878,603.9765218098959
12879,1055.02001953125
12880,792.8017171223959
12881,1100.5971272786458
12882,625.1869913736979
12883,550.3622639973959
12884,1472.5338948567708
12885,990.0994466145834
12886,2598.175048828125
12887,1167.8330078125
12888,2090.5272623697915
12889,1026.402099609375
12890,1107.5533854166667
12891,586.3174641927084
12892,860.4369710286459
12893,783.8678588867188
12894,2966.2440592447915
12895,662.8670654296875
12896,1234.0806884765625
12897,1173.7082926432292
12898,1688.692138671875
12899,1009.9395345052084
12900,1651.2562662760417
12901,1437.9678955078125
12902,950.1767171223959
12903,552.472412109375
12904,619.0860188802084
12905,821.5561319986979
12906,914.0974527994791
12907,952.7070719401041
12908,718.833984375
12909,583.2044474283854
12910,677.7380981445312
12911,684.2455240885416
12912,2254.2764485677085
12913,1608.7091064453125
12914,1201.5616861979167
12915,3447.4564615885415
12916,1512.3770345052083
12917,1152.9627278645833
12918,835.5924886067709
12919,904.0433349609375
12920,1701.1819661458333
12921,1247.8970133463542
12922,903.9180501302084
12923,616.3794352213541
12924,1000.0331827799479
12925,645.3800455729166
12926,1063.7556966145833
12927,1093.3275553385417
12928,1091.3258463541667
12929,764.7821248372396
12930,834.7327880859375
12931,1137.8903401692708
12932,1168.1375325520833
12933,1080.4278971354167
12934,1830.9872233072917
12935,735.4137980143229
12936,695.8016764322916
12937,1325.7723795572917
12938,1099.8230794270833
12939,1531.6505533854167
12940,1185.2784016927083
12941,852.9339599609375
12942,558.0369873046875
12943,1887.6523844401042
12944,1009.3727823893229
12945,1487.9079996744792
12946,744.9738566080729
12947,2605.727294921875
12948,1267.7674967447917
12949,767.236083984375
12950,1257.6676839192708
12951,2287.2206217447915
12952,3273.3343912760415
12953,1033.2118326822917
12954,882.3886922200521
12955,1508.7029622395833
12956,593.1407470703125
12957,1731.0066324869792
12958,1266.8402099609375
12959,640.8053385416666
12960,1184.8921305338542
12961,979.8887329101562
12962,708.7122395833334
12963,884.4647013346354
12964,1571.93310546875
12965,758.3221638997396
12966,687.5726928710938
12967,1530.7364501953125
12968,1338.9204915364583
12969,918.5534871419271
12970,1400.9825439453125
12971,824.0175170898438
12972,721.9997965494791
12973,983.2353312174479
12974,761.3716430664062
12975,723.1330159505209
12976,731.1281331380209
12977,813.0389607747396
12978,942.5824991861979
12979,766.8438517252604
12980,607.9066365559896
12981,1736.9744466145833
12982,922.6364339192709
12983,806.281005859375
12984,888.5378214518229
12985,1230.7361246744792
12986,2342.939453125
12987,906.5810343424479
12988,1332.8334147135417
12989,1385.8680419921875
12990,1269.8518880208333
12991,848.8157755533854
12992,750.20703125
12993,961.3543294270834
12994,718.6895345052084
12995,558.1113891601562
12996,1637.5039876302083
12997,1115.9260660807292
12998,1193.9560953776042
12999,987.1865437825521
13000,1511.9576822916667
13001,1715.6888020833333
13002,1009.8502400716146
13003,592.4086303710938
13004,1242.7811279296875
13005,1106.5655924479167
13006,781.6795857747396
13007,942.3105061848959
13008,1677.0048828125
13009,763.8380737304688
13010,1329.7622884114583
13011,827.2627563476562
13012,1366.1480712890625
13013,1748.5362548828125
13014,631.8236897786459
13015,531.7624308268229
13016,551.6681925455729
13017,968.1117960611979
13018,2921.9849446614585
13019,718.2787272135416
13020,1504.7791341145833
13021,821.0714111328125
13022,1432.9190266927083
13023,648.7589314778646
13024,827.3660278320312
13025,952.9823201497396
13026,959.4651082356771
13027,1133.7106119791667
13028,1157.1429036458333
13029,3455.3135579427085
13030,886.7085367838541
13031,897.7940877278646
13032,686.1601765950521
13033,643.9691365559896
13034,2505.159423828125
13035,701.9162801106771
13036,1332.7859293619792
13037,866.2488810221354
13038,841.3062337239584
13039,1038.8556315104167
13040,1377.1028238932292
13041,1024.0233357747395
13042,580.9139200846354
13043,693.4656778971354
13044,618.783447265625
13045,986.4851277669271
13046,963.3650309244791
13047,1319.9093831380208
13048,1686.5944417317708
13049,1656.927490234375
13050,1106.2578531901042
13051,438.56505330403644
13052,887.9169311523438
13053,874.4752197265625
13054,1116.975341796875
13055,586.6277669270834
13056,758.778564453125
13057,497.51999918619794
13058,1389.3149007161458
13059,1435.0150553385417
13060,914.0445149739584
13061,714.4155883789062
13062,754.6958821614584
13063,2569.1051432291665
13064,865.1574096679688
13065,418.23793538411456
13066,1744.3880208333333
13067,1761.637939453125
13068,692.251220703125
13069,704.9520467122396
13070,832.5447998046875
13071,1117.463623046875
13072,1015.8324991861979
13073,1153.0914713541667
13074,568.7474365234375
13075,1346.2727457682292
13076,1239.791015625
13077,1942.481201171875
13078,766.5481567382812
13079,495.9056091308594
13080,931.6371256510416
13081,1029.9386800130208
13082,3625.991455078125
13083,756.3129475911459
13084,830.8728841145834
13085,683.0794270833334
13086,2548.9243977864585
13087,2132.9695638020835
13088,2029.8146565755208
13089,562.5171305338541
13090,2240.9781901041665
13091,1064.3414306640625
13092,1394.1820882161458
13093,480.9297281901042
13094,3261.3889973958335
13095,680.5911254882812
13096,806.4962972005209
13097,1621.4473470052083
13098,624.6277669270834
13099,1631.5192057291667
13100,1528.6086832682292
13101,1341.5169270833333
13102,741.1782023111979
13103,493.9954427083333
13104,699.5813191731771
13105,630.8095703125
13106,1190.6534423828125
13107,1244.7201334635417
13108,774.4665730794271
13109,1838.0312093098958
13110,1035.1511637369792
13111,592.0577596028646
13112,1140.3930257161458
13113,670.908935546875
13114,952.0997111002604
13115,1115.0258382161458
13116,1252.5649007161458
13117,735.9941813151041
13118,738.5132853190104
13119,831.2070109049479
13120,1157.6634928385417
13121,3029.1146647135415
13122,826.9231974283854
13123,1065.87890625
13124,399.63950602213544
13125,1953.2776692708333
13126,728.2750040690104
13127,810.7394816080729
13128,1372.629150390625
13129,1625.5674641927083
13130,1424.0754801432292
13131,1085.0911051432292
13132,1087.03759765625
13133,1160.6099039713542
13134,1194.7602945963542
13135,650.4371948242188
13136,1138.7633463541667
13137,3769.1631673177085
13138,835.6742757161459
13139,1016.0497233072916
13140,956.3513997395834
13141,1143.2123209635417
13142,602.2336222330729
13143,605.7840983072916
13144,993.4586791992188
13145,758.7520751953125
13146,1609.5450439453125
13147,832.4794718424479
13148,1134.0663655598958
13149,512.229014078776
13150,492.3076883951823
13151,1489.8758138020833
13152,1375.366943359375
13153,1197.0227457682292
13154,580.3926391601562
13155,1278.1846516927083
13156,1336.9131673177083
13157,768.1875406901041
13158,1289.6712239583333
13159,1207.4244791666667
13160,646.4518636067709
13161,916.9248046875
13162,1623.8545735677083
13163,3783.942138671875
13164,583.2751668294271
13165,1536.4276936848958
13166,642.2305501302084
13167,1105.1292724609375
13168,1866.591552734375
13169,1419.9747314453125
13170,764.10107421875
13171,1221.1648763020833
13172,928.9234415690104
13173,956.7920328776041
13174,929.3590901692709
13175,505.00709025065106
13176,1672.9853922526042
13177,569.4600423177084
13178,861.2754313151041
13179,524.8258666992188
13180,1635.0416666666667
13181,1510.67236328125
13182,997.6760864257812
13183,772.7103068033854
13184,656.6305338541666
13185,770.0331013997396
13186,852.8980102539062
13187,1234.479248046875
13188,852.1888834635416
13189,2152.72607421875
13190,1028.7084147135417
13191,1248.8544921875
13192,1033.245361328125
13193,1094.2208658854167
13194,891.2562662760416
13195,1344.0887044270833
13196,1839.6913655598958
13197,649.7405598958334
13198,839.0714925130209
13199,721.0727945963541
13200,780.49755859375
13201,813.384521484375
13202,2447.9825032552085
13203,937.5672607421875
13204,1201.544189453125
13205,937.0603434244791
13206,1402.48388671875
13207,1620.8008626302083
13208,1347.5190836588542
13209,1937.2672526041667
13210,729.7482096354166
13211,1185.2738444010417
13212,1343.0295817057292
13213,654.4200642903646
13214,675.5638224283854
13215,1739.766845703125
13216,917.04296875
13217,578.6845092773438
13218,945.2170003255209
13219,3273.1802571614585
13220,538.3518473307291
13221,1553.3461507161458
13222,827.1906127929688
13223,800.0718180338541
13224,1288.7526041666667
13225,725.9618123372396
13226,989.9477742513021
13227,980.2219645182291
13228,591.0136515299479
13229,1015.7063395182291
13230,913.37353515625
13231,1220.0072835286458
13232,1218.0362955729167
13233,508.8220723470052
13234,643.3250122070312
13235,1092.1515299479167
13236,3348.579345703125
13237,715.7745157877604
13238,510.26690673828125
13239,859.4829508463541
13240,1662.0245361328125
13241,569.5557861328125
13242,1208.0381673177083
13243,920.0859578450521
13244,1277.7867024739583
13245,1123.8446451822917
13246,614.1857096354166
13247,1360.2064615885417
13248,679.5059407552084
13249,2059.7818196614585
13250,3003.0985514322915
13251,802.6704711914062
13252,778.7673543294271
13253,1120.2283528645833
13254,674.4954833984375
13255,619.1669108072916
13256,864.2701619466146
13257,810.4377237955729
13258,1300.6535237630208
13259,773.1661783854166
13260,1000.3134562174479
13261,873.1459147135416
13262,1064.8256022135417
13263,1030.42333984375
13264,1034.672119140625
13265,1041.9573160807292
13266,810.0203653971354
13267,1314.1496988932292
13268,707.61572265625
13269,690.2960815429688
13270,674.5233357747396
13271,1008.7737426757812
13272,1019.2043253580729
13273,774.1184692382812
13274,795.1986083984375
13275,512.73828125
13276,1298.3942057291667
13277,1029.5142008463542
13278,632.18359375
13279,681.0798543294271
13280,787.8823852539062
13281,2714.404541015625
13282,423.68117268880206
13283,866.4995930989584
13284,2724.9273274739585
13285,827.8584594726562
13286,1094.4267171223958
13287,511.35369873046875
13288,1073.9224853515625
13289,745.6348673502604
13290,1634.7021077473958
13291,852.1272989908854
13292,777.6694742838541
13293,561.0819295247396
13294,2603.1414388020835
13295,1090.0990804036458
13296,808.7504272460938
13297,1049.6945393880208
13298,845.7168579101562
13299,543.7766723632812
13300,752.9033813476562
13301,643.4281005859375
13302,864.714111328125
13303,826.2959798177084
13304,2818.94873046875
13305,1097.0410970052083
13306,991.6114298502604
13307,680.0066324869791
13308,675.1585286458334
13309,382.06565348307294
13310,947.3200276692709
13311,593.2470906575521
13312,416.64943440755206
13313,1473.9465738932292
13314,1224.8558349609375
13315,1428.8856201171875
13316,844.8924967447916
13317,1486.3819986979167
13318,865.2951863606771
13319,503.7505696614583
13320,621.2320556640625
13321,856.4614461263021
13322,680.6983032226562
13323,1064.0259195963542
13324,416.29493204752606
13325,877.2186889648438
13326,1921.072021484375
13327,1114.5052083333333
13328,719.5987955729166
13329,2563.7283528645835
13330,5173.162434895833
13331,1333.763671875
13332,1283.0369059244792
13333,1518.2616780598958
13334,576.2632242838541
13335,497.1949971516927
13336,444.2208964029948
13337,2421.8692220052085
13338,729.3708292643229
13339,1147.1498616536458
13340,2215.786865234375
13341,857.8784586588541
13342,916.9586791992188
13343,1007.3730875651041
13344,759.2958780924479
13345,1100.201904296875
13346,848.21533203125
13347,721.6536254882812
13348,733.9422403971354
13349,1151.0162760416667
13350,1028.646484375
13351,1085.89111328125
13352,1629.07470703125
13353,947.1528116861979
13354,1554.6389973958333
13355,1007.0652465820312
13356,2299.5730794270835
13357,450.25388590494794
13358,1226.9968668619792
13359,443.9558410644531
13360,1043.9487711588542
13361,4787.524251302083
13362,897.8440755208334
13363,1972.7665608723958
13364,1773.0542399088542
13365,839.4559529622396
13366,775.0200805664062
13367,1100.3855794270833
13368,2816.9908040364585
13369,1402.7224527994792
13370,1050.6756998697917
13371,812.1000773111979
13372,1153.707275390625
13373,649.9044596354166
13374,616.0100301106771
13375,946.4093017578125
13376,1192.0948486328125
13377,389.5984395345052
13378,559.1565348307291
13379,1460.9422607421875
13380,648.230712890625
13381,2790.6812337239585
13382,769.4921468098959
13383,811.7371826171875
13384,1250.7154541015625
13385,1025.985107421875
13386,770.0663248697916
13387,602.2840169270834
13388,2713.4056803385415
13389,3665.9363606770835
13390,2027.9407958984375
13391,1280.6002197265625
13392,926.5101725260416
13393,1230.2520345052083
13394,626.4507039388021
13395,1171.02734375
13396,1095.1139322916667
13397,546.7171630859375
13398,2678.6886393229165
13399,1153.9313151041667
13400,1097.0273030598958
13401,395.04383341471356
13402,582.6547444661459
13403,1317.4899088541667
13404,630.3436075846354
13405,1591.4707438151042
13406,2323.1729329427085
13407,1224.4968668619792
13408,1035.9855550130208
13409,762.9039103190104
13410,1799.020751953125
13411,643.1348266601562
13412,1563.2274169921875
13413,1063.5347900390625
13414,481.2684733072917
13415,674.3140665690104
13416,1317.0604248046875
13417,1829.2984619140625
13418,1371.8431803385417
13419,837.9317220052084
13420,1899.8649088541667
13421,967.7776489257812
13422,1146.40625
13423,547.0005900065104
13424,690.1633707682291
13425,848.1443888346354
13426,882.7400105794271
13427,1698.2816162109375
13428,591.1168212890625
13429,1201.1260172526042
13430,1237.9085693359375
13431,943.8308919270834
13432,845.618408203125
13433,900.8136596679688
13434,521.427490234375
13435,499.01800537109375
13436,1208.7627766927083
13437,586.2631022135416
13438,2089.59619140625
13439,635.1561686197916
13440,1386.0996907552083
13441,726.7232666015625
13442,1157.118896484375
13443,830.0518188476562
13444,703.4897867838541
13445,1674.6715494791667
13446,902.9274088541666
13447,2584.2403971354165
13448,2809.611572265625
13449,766.7519327799479
13450,664.1593831380209
13451,988.7781982421875
13452,2054.872802734375
13453,1244.3597412109375
13454,5599.89794921875
13455,2198.7527669270835
13456,538.1520385742188
13457,1212.0016682942708
13458,587.4212443033854
13459,1708.0210774739583
13460,800.4006958007812
13461,522.1812947591146
13462,636.4077758789062
13463,848.3593139648438
13464,827.2701212565104
13465,1426.9716796875
13466,701.1540730794271
13467,981.4451700846354
13468,573.2812703450521
13469,1147.9596354166667
13470,717.1182047526041
13471,1008.2161254882812
13472,455.86000569661456
13473,2583.074951171875
13474,833.3179117838541
13475,1959.5362548828125
13476,589.3070475260416
13477,912.1600952148438
13478,1169.744873046875
13479,992.4288330078125
13480,765.0426025390625
13481,1176.9014892578125
13482,1189.8861083984375
13483,845.6631062825521
13484,852.8469034830729
13485,934.2607014973959
13486,1057.8539225260417
13487,864.6374918619791
13488,840.78662109375
13489,900.2472737630209
13490,1168.1810302734375
13491,754.5386149088541
13492,1785.8617350260417
13493,1401.1909586588542
13494,1226.43798828125
13495,1072.265380859375
13496,927.4218546549479
13497,1463.7069498697917
13498,691.8966267903646
13499,550.6619669596354
13500,779.4274495442709
13501,1650.3708902994792
13502,2143.236083984375
13503,905.2950236002604
13504,1519.5134684244792
13505,1398.8176676432292
13506,660.916015625
13507,1549.91455078125
13508,857.7958780924479
13509,745.8826700846354
13510,731.8297119140625
13511,1332.4777018229167
13512,775.3096923828125
13513,796.5957641601562
13514,1695.3566080729167
13515,1119.2209065755208
13516,604.6563517252604
13517,467.5882059733073
13518,569.7299601236979
13519,929.6852620442709
13520,1072.2410481770833
13521,661.3623453776041
13522,2118.2118326822915
13523,1272.3383382161458
13524,700.6270955403646
13525,1074.16015625
13526,3263.9440104166665
13527,1726.4987386067708
13528,882.4830932617188
13529,662.5296630859375
13530,690.8406575520834
13531,788.8263142903646
13532,1173.5464274088542
13533,1017.5004475911459
13534,1616.6973470052083
13535,487.4928690592448
13536,680.8272908528646
13537,1741.3077799479167
13538,1151.4184977213542
13539,1556.6574300130208
13540,930.6805419921875
13541,688.3380330403646
13542,1142.2921549479167
13543,827.9288533528646
13544,720.7523193359375
13545,374.6730550130208
13546,804.8944498697916
13547,567.5632527669271
13548,1661.1199951171875
13549,1552.65087890625
13550,1370.9928385416667
13551,1147.3103841145833
13552,944.9278564453125
13553,638.2083129882812
13554,807.2077026367188
13555,969.3607584635416
13556,2955.572998046875
13557,829.9538167317709
13558,1090.3077799479167
13559,638.6739908854166
13560,689.5940958658854
13561,605.6420084635416
13562,506.2710774739583
13563,944.5590209960938
13564,807.6058349609375
13565,673.0973307291666
13566,977.4775594075521
13567,1224.418701171875
13568,514.5875651041666
13569,1214.6269938151042
13570,910.7964680989584
13571,1022.1714477539062
13572,1404.2414143880208
13573,727.3244018554688
13574,1086.8528645833333
13575,666.1536661783854
13576,1906.275634765625
13577,1276.4825846354167
13578,922.1235961914062
13579,609.1537068684896
13580,570.0762939453125
13581,1775.634033203125
13582,1250.3088785807292
13583,3261.8272298177085
13584,883.7007446289062
13585,1077.9480794270833
13586,650.9167683919271
13587,1131.4010416666667
13588,980.2945556640625
13589,2157.7410481770835
13590,1497.3227945963542
13591,3309.6067708333335
13592,698.1199340820312
13593,797.3077392578125
13594,850.4751586914062
13595,2023.1817220052083
13596,803.2856648763021
13597,856.1630452473959
13598,2431.98388671875
13599,793.6886189778646
13600,1255.4134521484375
13601,1400.9608154296875
13602,851.9458618164062
13603,845.9267171223959
13604,675.7013753255209
13605,1171.6189778645833
13606,1228.6155598958333
13607,664.4608968098959
13608,852.6134236653646
13609,636.7823893229166
13610,2239.049072265625
13611,1485.5400390625
13612,704.1574910481771
13613,522.8982543945312
13614,1868.480224609375
13615,923.8751017252604
13616,803.3707275390625
13617,830.1778361002604
13618,1946.3766682942708
13619,487.57970174153644
13620,2522.5926920572915
13621,500.0757141113281
13622,507.42051188151044
13623,597.8607177734375
13624,649.1527709960938
13625,1428.906494140625
13626,687.4714152018229
13627,1102.7226969401042
13628,1515.8810221354167
13629,1422.6832275390625
13630,1509.6151123046875
13631,1482.8896891276042
13632,967.3726603190104
13633,1490.4923095703125
13634,1470.6185302734375
13635,648.9194539388021
13636,693.7283528645834
13637,1096.1602783203125
13638,860.7645467122396
13639,676.1737467447916
13640,1381.5926513671875
13641,574.975341796875
13642,2579.8321940104165
13643,769.5225830078125
13644,869.9260050455729
13645,534.4889933268229
13646,670.9645792643229
13647,929.7730509440104
13648,649.0626424153646
13649,1128.2330729166667
13650,904.4786580403646
13651,1715.5662841796875
13652,1037.15234375
13653,2044.2218831380208
13654,961.3677978515625
13655,601.4222819010416
13656,1395.7384847005208
13657,726.4363606770834
13658,1151.5804036458333
13659,1477.064453125
13660,1012.8788452148438
13661,670.3057861328125
13662,1401.2693277994792
13663,1040.2179361979167
13664,1430.5767822265625
13665,429.14453125
13666,1540.5037841796875
13667,714.1650187174479
13668,960.2871704101562
13669,675.8567911783854
13670,1981.8649088541667
13671,1636.9309488932292
13672,1137.5487874348958
13673,987.7878621419271
13674,1747.2754720052083
13675,768.6746215820312
13676,1102.23095703125
13677,1172.2167561848958
13678,1143.7757161458333
13679,1555.3854166666667
13680,1124.947998046875
13681,689.0382486979166
13682,467.96861775716144
13683,1282.8395182291667
13684,1192.6267903645833
13685,806.5368855794271
13686,1086.9085693359375
13687,982.4436442057291
13688,1241.757568359375
13689,1116.44384765625
13690,609.0413004557291
13691,936.798583984375
13692,529.9151204427084
13693,525.7735799153646
13694,461.71966552734375
13695,1028.9887288411458
13696,768.1930338541666
13697,617.3096516927084
13698,1454.1093343098958
13699,694.8432006835938
13700,901.2946166992188
13701,1687.3553059895833
13702,1202.0732421875
13703,628.2507527669271
13704,869.0787353515625
13705,1462.7109375
13706,793.8997599283854
13707,934.7341512044271
13708,545.2269897460938
13709,1587.8656005859375
13710,585.7509765625
13711,826.2850341796875
13712,1701.6974690755208
13713,1573.6177978515625
13714,4168.588704427083
13715,536.9696044921875
13716,702.5606282552084
13717,560.705810546875
13718,930.0146687825521
13719,727.3618977864584
13720,938.5235595703125
13721,1185.4851888020833
13722,1502.0592447916667
13723,746.3558349609375
13724,745.6935628255209
13725,727.1845499674479
13726,721.2769571940104
13727,1682.5771891276042
13728,1061.8816731770833
13729,1210.599853515625
13730,868.1118570963541
13731,795.8721516927084
13732,1380.4660237630208
13733,1154.7877604166667
13734,1751.279052734375
13735,530.2506510416666
13736,924.2580973307291
13737,859.7513224283854
13738,856.2886352539062
13739,846.7113850911459
13740,541.3203531901041
13741,623.2236328125
13742,643.4335530598959
13743,812.138427734375
13744,687.0627644856771
13745,1107.4657389322917
13746,1375.7128499348958
13747,999.1212972005209
13748,1049.0583902994792
13749,1371.0041097005208
13750,2063.2891438802085
13751,806.3873494466146
13752,1919.3953043619792
13753,574.903564453125
13754,1252.3599039713542
13755,1313.9825846354167
13756,688.4278971354166
13757,631.6336059570312
13758,1063.7425537109375
13759,936.8741251627604
13760,474.5651041666667
13761,1303.82470703125
13762,555.90576171875
13763,1061.5924479166667
13764,1048.9822184244792
13765,623.7982788085938
13766,1167.500732421875
13767,1506.8538411458333
13768,567.2277221679688
13769,2497.978271484375
13770,1171.4444173177083
13771,1409.75927734375
13772,612.8234252929688
13773,1024.057352701823
13774,697.3494873046875
13775,1201.3057047526042
13776,1576.1013590494792
13777,1669.7329508463542
13778,1751.6423746744792
13779,1370.0601399739583
13780,2880.40673828125
13781,673.8333333333334
13782,522.8571980794271
13783,2113.3746744791665
13784,1657.3731689453125
13785,1208.0673421223958
13786,790.5923258463541
13787,790.5597534179688
13788,1350.1849772135417
13789,839.0923258463541
13790,556.0767008463541
13791,1545.1382649739583
13792,667.1593221028646
13793,601.6428019205729
13794,1654.1588541666667
13795,784.7909952799479
13796,585.8251139322916
13797,846.7705485026041
13798,1373.8822021484375
13799,1220.3310139973958
13800,993.5921020507812
13801,535.7700805664062
13802,1015.5782674153646
13803,500.23390706380206
13804,1356.859130859375
13805,1747.9021809895833
13806,879.3978068033854
13807,2061.4344075520835
13808,707.0892333984375
13809,1207.9660237630208
13810,685.822021484375
13811,629.6204833984375
13812,566.8686726888021
13813,793.8631591796875
13814,460.31615193684894
13815,1547.9756266276042
13816,1302.330322265625
13817,1153.3203938802083
13818,1225.4403483072917
13819,754.4859008789062
13820,625.7187906901041
13821,915.7302652994791
13822,802.8944091796875
13823,1437.8707682291667
13824,780.7415161132812
13825,494.01422119140625
13826,709.0158284505209
13827,1708.6501057942708
13828,1154.5972493489583
13829,1847.9242350260417
13830,824.8795369466146
13831,587.9491170247396
13832,903.9138590494791
13833,997.7564086914062
13834,3885.3670247395835
13835,1058.7939860026042
13836,2311.5460611979165
13837,833.0670166015625
13838,651.8160400390625
13839,482.2941487630208
13840,1560.6421305338542
13841,489.9282633463542
13842,943.4840291341146
13843,911.9366861979166
13844,762.1077473958334
13845,620.4352823893229
13846,795.5843098958334
13847,687.7284138997396
13848,976.0288492838541
13849,906.1945393880209
13850,443.1509704589844
13851,1322.7036539713542
13852,979.8107299804688
13853,2003.5162760416667
13854,2432.2157389322915
13855,838.1385498046875
13856,759.6680297851562
13857,1052.3093668619792
13858,479.82981363932294
13859,717.5747477213541
13860,784.437744140625
13861,1327.1932373046875
13862,1221.67041015625
13863,566.85302734375
13864,642.6982014973959
13865,808.6171061197916
13866,1429.8415934244792
13867,865.8116048177084
13868,1634.6308186848958
13869,2881.6886393229165
13870,1033.1301676432292
13871,529.5409952799479
13872,896.7982177734375
13873,1595.1642252604167
13874,737.3972981770834
13875,677.5817464192709
13876,1003.8045043945312
13877,927.1888020833334
13878,605.6375528971354
13879,1028.1615397135417
13880,1157.1116129557292
13881,809.4986979166666
13882,2690.259521484375
13883,744.9911092122396
13884,1841.4265543619792
13885,664.1673380533854
13886,1410.3658854166667
13887,1062.6298014322917
13888,1473.7968343098958
13889,1090.1526285807292
13890,1096.5821126302083
13891,945.1187133789062
13892,1010.0999348958334
13893,2181.0458984375
13894,738.0762329101562
13895,1108.0906982421875
13896,706.0582275390625
13897,1265.9550374348958
13898,1341.3109130859375
13899,846.1293334960938
13900,1276.1094156901042
13901,952.9461669921875
13902,1097.3916829427083
13903,937.1093343098959
13904,869.0657958984375
13905,714.7379353841146
13906,1087.1172281901042
13907,995.6782633463541
13908,510.9136454264323
13909,960.8509318033854
13910,1402.9170328776042
13911,1167.6982828776042
13912,986.9090169270834
13913,1298.1909586588542
13914,805.9534098307291
13915,678.7506713867188
13916,2557.1653645833335
13917,1060.5851643880208
13918,1530.974609375
13919,481.2269592285156
13920,644.0037231445312
13921,964.6537679036459
13922,933.5906575520834
13923,1026.6582438151042
13924,1236.57568359375
13925,743.9121907552084
13926,1388.5633138020833
13927,1420.4344075520833
13928,1399.4852701822917
13929,1046.5636800130208
13930,881.4762573242188
13931,1269.1688232421875
13932,1523.0516357421875
13933,1173.8988037109375
13934,1695.466552734375
13935,1199.9687093098958
13936,857.5304361979166
13937,2677.2215169270835
13938,1301.5633544921875
13939,1404.4484456380208
13940,1235.0431315104167
13941,1417.1337890625
13942,3860.7996419270835
13943,536.1969604492188
13944,2806.470947265625
13945,852.8622436523438
13946,1384.2474365234375
13947,1012.5329386393229
13948,893.5489501953125
13949,736.95458984375
13950,900.4414265950521
13951,917.1950480143229
13952,632.9215494791666
13953,509.2569173177083
13954,898.940185546875
13955,713.9986979166666
13956,1269.6197102864583
13957,930.3918050130209
13958,685.9740600585938
13959,827.9383138020834
13960,677.9737141927084
13961,686.3795369466146
13962,1153.8258463541667
13963,1723.0485026041667
13964,788.31396484375
13965,698.5138956705729
13966,2565.355712890625
13967,1952.3966471354167
13968,748.276123046875
13969,700.1953531901041
13970,2341.7833658854165
13971,1847.6617838541667
13972,1415.9305013020833
13973,756.0874430338541
13974,728.8276977539062
13975,690.45751953125
13976,1436.1042887369792
13977,1126.167724609375
13978,582.3718872070312
13979,832.4459635416666
13980,2415.48046875
13981,3417.1302083333335
13982,575.38818359375
13983,876.6534627278646
13984,758.6901448567709
13985,1068.8708902994792
13986,1169.8668212890625
13987,778.3307088216146
13988,1503.3335367838542
13989,1110.8505452473958
13990,639.0189412434896
13991,1115.1407063802083
13992,1324.1588541666667
13993,616.3439127604166
13994,843.0768636067709
13995,602.3652750651041
13996,1237.4534098307292
13997,480.2070617675781
13998,1166.8787434895833
13999,608.8539021809896
14000,809.3639119466146
14001,749.1176961263021
14002,811.0839233398438
14003,595.7390543619791
14004,1129.0577799479167
14005,1827.5146891276042
14006,1390.9211832682292
14007,1272.2100016276042
14008,717.3221028645834
14009,851.3189493815104
14010,1235.490234375
14011,664.7236735026041
14012,962.4703776041666
14013,667.6066487630209
14014,731.1332397460938
14015,1491.2959391276042
14016,1079.6060791015625
14017,1285.6002604166667
14018,1603.5380859375
14019,1179.7139892578125
14020,621.3017985026041
14021,705.4598999023438
14022,1132.4468994140625
14023,1198.950927734375
14024,1127.6172281901042
14025,890.5848592122396
14026,724.9657592773438
14027,1131.57568359375
14028,735.1919352213541
14029,1248.5582275390625
14030,637.2923990885416
14031,1047.7255859375
14032,816.7693481445312
14033,1377.3927408854167
14034,1149.6749674479167
14035,1495.4098307291667
14036,2271.0118815104165
14037,929.8005981445312
14038,515.524658203125
14039,654.7005208333334
14040,985.677734375
14041,1696.9144287109375
14042,683.6082967122396
14043,503.7088623046875
14044,746.2052001953125
14045,1611.0214436848958
14046,744.0316569010416
14047,1117.0990397135417
14048,1155.0001627604167
14049,783.4629109700521
14050,916.0090128580729
14051,1549.6745198567708
14052,447.81528727213544
14053,571.7145792643229
14054,2432.7145182291665
14055,1255.9618733723958
14056,506.995849609375
14057,1462.1724853515625
14058,2288.9617513020835
14059,505.23199462890625
14060,847.6136474609375
14061,1210.4337158203125
14062,817.7167561848959
14063,1199.590576171875
14064,610.6573486328125
14065,1440.3465169270833
14066,1043.8282877604167
14067,1884.10107421875
14068,1134.4889729817708
14069,1089.0733642578125
14070,1162.5762939453125
14071,638.5342000325521
14072,912.513427734375
14073,924.2940877278646
14074,1289.6881510416667
14075,3122.358642578125
14076,861.0589192708334
14077,741.6319986979166
14078,454.4273681640625
14079,754.2637125651041
14080,1009.7569173177084
14081,597.9675699869791
14082,933.0856526692709
14083,1102.7762858072917
14084,1292.196533203125
14085,705.4955647786459
14086,2382.1460774739585
14087,4449.742838541667
14088,689.4852294921875
14089,866.0084025065104
14090,1053.7890625
14091,717.6031087239584
14092,1370.6895751953125
14093,675.1051025390625
14094,899.6352335611979
14095,830.1807454427084
14096,769.5259806315104
14097,804.5426025390625
14098,2646.381103515625
14099,1114.357421875
14100,967.5592651367188
14101,1003.0121053059896
14102,1048.6859537760417
14103,898.0778605143229
14104,1242.4956461588542
14105,500.79002888997394
14106,1139.9284261067708
14107,772.1707560221354
14108,854.4466552734375
14109,1924.432373046875
14110,879.7161865234375
14111,890.8182779947916
14112,1169.7149658203125
14113,2980.7652994791665
14114,500.1456807454427
14115,718.9430948893229
14116,1414.9683430989583
14117,926.3689575195312
14118,536.0839233398438
14119,1479.0252685546875
14120,857.1106567382812
14121,1179.2560628255208
14122,772.7857869466146
14123,3125.2643229166665
14124,775.4417114257812
14125,1802.9652913411458
14126,1617.3757731119792
14127,1124.755859375
14128,2343.2953287760415
14129,946.9664103190104
14130,455.2860819498698
14131,1649.6077067057292
14132,903.2258504231771
14133,1764.9691162109375
14134,361.62860107421875
14135,767.3074544270834
14136,1595.9244384765625
14137,1224.3371988932292
14138,795.0547892252604
14139,1599.4234619140625
14140,685.0473225911459
14141,886.1385701497396
14142,540.1482340494791
14143,904.3070068359375
14144,1267.3397623697917
14145,2246.9817708333335
14146,894.5698852539062
14147,903.3723551432291
14148,1194.1187337239583
14149,1207.2724202473958
14150,715.7749633789062
14151,2135.5836588541665
14152,467.40855916341144
14153,767.0242106119791
14154,446.86663818359375
14155,875.2922566731771
14156,1079.8038330078125
14157,1454.1307779947917
14158,1813.870849609375
14159,1620.2516682942708
14160,419.01806640625
14161,1300.3903401692708
14162,3153.4942220052085
14163,797.4303792317709
14164,856.2166137695312
14165,587.9805908203125
14166,1749.128662109375
14167,1001.0409749348959
14168,928.1164347330729
14169,896.41650390625
14170,761.7222290039062
14171,774.6602783203125
14172,526.3493245442709
14173,439.1972961425781
14174,1244.3008626302083
14175,707.0463460286459
14176,827.4205118815104
14177,1138.515380859375
14178,510.0279846191406
14179,994.8153889973959
14180,1109.5235595703125
14181,603.5190022786459
14182,885.0539143880209
14183,1132.3997802734375
14184,1637.5363362630208
14185,2874.374267578125
14186,976.21728515625
14187,4113.907389322917
14188,706.0544026692709
14189,451.2862548828125
14190,2162.9002278645835
14191,749.9139404296875
14192,1266.3423665364583
14193,751.2773640950521
14194,855.3003540039062
14195,1670.7605794270833
14196,1337.1305745442708
14197,590.7792358398438
14198,934.5598347981771
14199,818.8279215494791
14200,1195.433837890625
14201,733.9837036132812
14202,694.61083984375
14203,978.3012491861979
14204,1398.2669677734375
14205,912.6371663411459
14206,790.2508748372396
14207,848.9511922200521
14208,3155.1451009114585
14209,1037.00341796875
14210,643.5076904296875
14211,790.8024291992188
14212,2055.70166015625
14213,768.5090942382812
14214,1794.7031656901042
14215,1044.6603597005208
14216,1055.8686930338542
14217,953.9978230794271
14218,1425.1741943359375
14219,828.6746012369791
14220,815.1469930013021
14221,1184.4051513671875
14222,690.7072550455729
14223,688.3580118815104
14224,1176.3098551432292
14225,951.4574991861979
14226,690.2829182942709
14227,813.4936319986979
14228,2789.876708984375
14229,945.5623779296875
14230,722.3823649088541
14231,1007.9008382161459
14232,1924.5639241536458
14233,791.7879231770834
14234,570.0371500651041
14235,416.74939982096356
14236,1127.992431640625
14237,666.8857625325521
14238,1085.447509765625
14239,1007.7438557942709
14240,1407.2120361328125
14241,1228.0179850260417
14242,740.4678548177084
14243,699.5970052083334
14244,1400.4313557942708
14245,756.1952107747396
14246,642.5778401692709
14247,478.0955098470052
14248,679.1570638020834
14249,776.0079142252604
14250,1943.0635579427083
14251,2012.843994140625
14252,892.0561726888021
14253,1300.8835042317708
14254,943.9840698242188
14255,922.6831258138021
14256,1214.3179524739583
14257,841.0135294596354
14258,621.8314615885416
14259,829.8837076822916
14260,692.2165120442709
14261,1152.1233723958333
14262,1081.1474609375
14263,1094.5282796223958
14264,978.8751220703125
14265,1501.3590901692708
14266,734.3083292643229
14267,816.4930419921875
14268,1480.2439778645833
14269,577.5508829752604
14270,863.7212524414062
14271,1225.9984130859375
14272,992.3739013671875
14273,915.9764607747396
14274,2283.0638020833335
14275,457.1958719889323
14276,473.90460205078125
14277,885.5791625976562
14278,1746.9515787760417
14279,724.399169921875
14280,804.3409627278646
14281,786.5984090169271
14282,974.8350016276041
14283,482.12452189127606
14284,990.4682210286459
14285,2777.0340983072915
14286,851.6539916992188
14287,2096.5030110677085
14288,1112.0047200520833
14289,1487.4510498046875
14290,656.87939453125
14291,533.3642171223959
14292,1244.8189697265625
14293,883.9108683268229
14294,805.135009765625
14295,932.4605305989584
14296,1492.8773600260417
14297,668.2272542317709
14298,2836.72998046875
14299,924.5533040364584
14300,1400.5164388020833
14301,1091.9793701171875
14302,1598.1843668619792
14303,1177.7379150390625
14304,2231.9716796875
14305,882.7238362630209
14306,1575.8795572916667
14307,801.9285278320312
14308,594.9609171549479
14309,1550.5960693359375
14310,888.6312255859375
14311,3171.358642578125
14312,1009.3256632486979
14313,566.3759969075521
14314,1200.8047688802083
14315,1458.2416585286458
14316,2053.5526529947915
14317,3794.7838541666665
14318,899.5265096028646
14319,534.7302856445312
14320,4000.5884602864585
14321,586.5380859375
14322,513.6829223632812
14323,1029.5560302734375
14324,1231.7332356770833
14325,553.1870524088541
14326,922.9764200846354
14327,773.7518920898438
14328,786.6694539388021
14329,1839.6505940755208
14330,1227.4758707682292
14331,982.7480875651041
14332,1691.353515625
14333,1161.4326985677083
14334,2166.4383951822915
14335,560.8160603841146
14336,831.3918253580729
14337,501.55051676432294
14338,844.6122029622396
14339,1611.9931640625
14340,1863.6616617838542
14341,1007.6687622070312
14342,1786.1502685546875
14343,753.41064453125
14344,1477.0246988932292
14345,769.1579182942709
14346,2239.5771484375
14347,826.0930786132812
14348,3400.3167317708335
14349,778.0678507486979
14350,1003.9979044596354
14351,1409.4375813802083
14352,827.1264444986979
14353,2007.8804524739583
14354,1312.573486328125
14355,2413.2255859375
14356,984.9866739908854
14357,631.9612833658854
14358,639.4281005859375
14359,747.6584879557291
14360,1348.9115397135417
14361,1135.8590901692708
14362,809.7621256510416
14363,1159.7663167317708
14364,955.8521525065104
14365,836.8472290039062
14366,1200.937744140625
14367,1074.6665445963542
14368,843.0927937825521
14369,963.2965291341146
14370,2487.3441569010415
14371,1755.2451171875
14372,614.1442464192709
14373,761.9325968424479
14374,1022.1388956705729
14375,740.2596435546875
14376,1888.9979654947917
14377,554.8006591796875
14378,624.2200724283854
14379,603.9215698242188
14380,1219.136962890625
14381,835.6156616210938
14382,964.5538533528646
14383,419.14190673828125
14384,612.3019002278646
14385,2247.3555501302085
14386,766.6096801757812
14387,1436.0958658854167
14388,2027.970947265625
14389,1067.1055908203125
14390,1014.3102620442709
14391,1263.9755452473958
14392,523.4910685221354
14393,1023.3391927083334
14394,858.1679280598959
14395,957.4262491861979
14396,971.4313761393229
14397,782.5715738932291
14398,849.7556559244791
14399,1543.0992838541667
14400,593.9056599934896
14401,919.845458984375
14402,2626.3133951822915
14403,592.0247599283854
14404,1284.4965006510417
14405,556.6780192057291
14406,1033.3876139322917
14407,1164.57666015625
14408,543.3086547851562
14409,747.4112141927084
14410,950.2568562825521
14411,1045.4666341145833
14412,529.6004435221354
14413,998.8877766927084
14414,2043.2528483072917
14415,788.1045532226562
14416,1146.9058024088542
14417,1095.8184407552083
14418,1854.6814371744792
14419,819.0885416666666
14420,468.2024230957031
14421,906.1300048828125
14422,539.1293741861979
14423,806.3368326822916
14424,690.4973551432291
14425,1470.3486328125
14426,1089.359619140625
14427,970.2578938802084
14428,818.6866455078125
14429,559.8754475911459
14430,575.2923177083334
14431,1132.0731608072917
14432,2015.9507649739583
14433,869.5491333007812
14434,2768.9803059895835
14435,1531.911865234375
14436,1697.3583984375
14437,1463.1391194661458
14438,704.8390502929688
14439,740.9109497070312
14440,1231.9587809244792
14441,1207.4359537760417
14442,1116.7798258463542
14443,2647.4566243489585
14444,1537.8931477864583
14445,710.5498657226562
14446,1878.4689127604167
14447,1472.2125651041667
14448,2575.554443359375
14449,693.6994832356771
14450,706.5126953125
14451,799.7922566731771
14452,2934.9815266927085
14453,727.7476196289062
14454,354.7746175130208
14455,763.5526123046875
14456,1139.8225504557292
14457,637.6866861979166
14458,1434.8520914713542
14459,916.9751383463541
14460,422.2344156901042
14461,1108.8537190755208
14462,922.8421427408854
14463,2838.6026204427085
14464,769.8961791992188
14465,694.8857421875
14466,1369.7067057291667
14467,1219.1832682291667
14468,1335.0660807291667
14469,520.1187947591146
14470,1120.7834065755208
14471,437.7951965332031
14472,883.0657348632812
14473,640.1100260416666
14474,810.2424926757812
14475,853.51953125
14476,633.7335408528646
14477,531.8276163736979
14478,519.5021565755209
14479,1076.7273356119792
14480,530.1910196940104
14481,1046.6884358723958
14482,1247.9125162760417
14483,1393.8104248046875
14484,697.8195393880209
14485,613.2602742513021
14486,736.4441935221354
14487,1318.6708984375
14488,1123.4118245442708
14489,1001.0527547200521
14490,484.5691426595052
14491,1134.5066731770833
14492,609.4530843098959
14493,1505.5223388671875
14494,2159.9331868489585
14495,716.7286580403646
14496,491.9631856282552
14497,931.5866902669271
14498,791.8149617513021
14499,1373.0164388020833
14500,848.3132120768229
14501,535.4355875651041
14502,503.44557698567706
14503,815.4344685872396
14504,1413.5042317708333
14505,1747.7157389322917
14506,688.5365193684896
14507,912.1719970703125
14508,3851.886474609375
14509,948.1250406901041
14510,716.8114827473959
14511,1667.1388346354167
14512,1124.4443359375
14513,1053.7139485677083
14514,761.9259643554688
14515,1008.3197631835938
14516,836.1047566731771
14517,937.154296875
14518,2443.0911458333335
14519,658.4764404296875
14520,2073.3330078125
14521,1168.0818684895833
14522,1034.5632731119792
14523,1350.729736328125
14524,2408.0021158854165
14525,1017.8396199544271
14526,1269.2611083984375
14527,775.6853434244791
14528,1708.9135335286458
14529,911.3810017903646
14530,2237.7049153645835
14531,1912.5198567708333
14532,859.9280395507812
14533,2168.1783040364585
14534,847.3984375
14535,1280.7604166666667
14536,916.616943359375
14537,1374.5961507161458
14538,1095.9836832682292
14539,540.7167765299479
14540,838.4755249023438
14541,893.5374348958334
14542,1099.2063395182292
14543,610.5660807291666
14544,1506.6248372395833
14545,1013.6184488932291
14546,945.6462605794271
14547,1246.7347005208333
14548,2144.9072265625
14549,673.4096883138021
14550,1463.8750813802083
14551,742.8545328776041
14552,606.6634928385416
14553,1014.7592976888021
14554,597.5998738606771
14555,586.5669962565104
14556,731.2358601888021
14557,1621.7347819010417
14558,476.4461975097656
14559,546.385498046875
14560,4211.85498046875
14561,503.9009501139323
14562,1697.6694742838542
14563,4268.101236979167
14564,567.3099772135416
14565,1210.0191243489583
14566,1036.2156168619792
14567,420.84645589192706
14568,954.3683471679688
14569,1544.8741048177083
14570,694.9966430664062
14571,1332.7520345052083
14572,509.12230428059894
14573,1270.07373046875
14574,505.43958536783856
14575,927.5929972330729
14576,771.4491170247396
14577,948.1421508789062
14578,686.5056762695312
14579,626.3700764973959
14580,1158.3922526041667
14581,671.649658203125
14582,1014.6521402994791
14583,590.3988444010416
14584,1028.6529134114583
14585,958.8325398763021
14586,587.5623372395834
14587,2564.8003743489585
14588,642.3916422526041
14589,689.2212931315104
14590,1251.9419352213542
14591,1676.0200602213542
14592,592.9645385742188
14593,811.5266927083334
14594,927.214111328125
14595,829.5561319986979
14596,808.1545003255209
14597,1416.9116617838542
14598,1081.53466796875
14599,1207.0672200520833
14600,1541.3242594401042
14601,1110.8993326822917
14602,402.78835042317706
14603,1088.3612467447917
14604,581.3380126953125
14605,723.0242106119791
14606,1151.822509765625
14607,561.4766642252604
14608,947.8438517252604
14609,1714.0836181640625
14610,1110.6094970703125
14611,1289.362548828125
14612,1176.5685628255208
14613,1374.4426676432292
14614,3154.68994140625
14615,1041.9128824869792
14616,702.8471883138021
14617,1533.8140462239583
14618,1121.3001708984375
14619,487.56166585286456
14620,1507.4615885416667
14621,737.053466796875
14622,770.2938232421875
14623,1280.8308512369792
14624,796.1202392578125
14625,877.4566446940104
14626,1159.7087809244792
14627,471.69533284505206
14628,808.7727661132812
14629,747.4073893229166
14630,816.1897786458334
14631,1123.5758463541667
14632,649.1800333658854
14633,308.4308268229167
14634,1082.1668701171875
14635,588.1707967122396
14636,694.5807291666666
14637,633.0234781901041
14638,773.7481689453125
14639,813.8455403645834
14640,2842.9737141927085
14641,1316.1339925130208
14642,687.9190673828125
14643,1855.335205078125
14644,1276.3696695963542
14645,636.7791544596354
14646,1866.0088297526042
14647,1150.128662109375
14648,872.0274658203125
14649,854.8306274414062
14650,1072.6993815104167
14651,977.4623819986979
14652,810.1651204427084
14653,1974.0837809244792
14654,726.9237263997396
14655,1219.7707926432292
14656,463.1564636230469
14657,677.8699747721354
14658,591.4485677083334
14659,2013.0254313151042
14660,951.6747029622396
14661,1401.8507893880208
14662,1174.8066813151042
14663,755.2572835286459
14664,608.1788736979166
14665,585.7660725911459
14666,1003.7145589192709
14667,1292.2458902994792
14668,1018.1443684895834
14669,606.0147908528646
14670,1125.3363444010417
14671,1647.0415445963542
14672,514.8485310872396
14673,2212.6067708333335
14674,975.990966796875
14675,666.442626953125
14676,677.1567993164062
14677,625.3965861002604
14678,915.5446370442709
14679,1167.6914469401042
14680,787.9469401041666
14681,1105.3642985026042
14682,1233.53564453125
14683,1150.3938395182292
14684,1591.1497395833333
14685,1103.9591064453125
14686,953.9246622721354
14687,2556.2200520833335
14688,1023.0680948893229
14689,932.3973795572916
14690,988.953125
14691,1222.2197265625
14692,1259.1676025390625
14693,1096.4474690755208
14694,545.5937296549479
14695,545.4531046549479
14696,1108.7327067057292
14697,780.7363891601562
14698,674.4603474934896
14699,786.1884562174479
14700,1102.8681233723958
14701,1431.4490152994792
14702,908.4903564453125
14703,893.8568725585938
14704,1113.4718017578125
14705,1046.2943115234375
14706,746.7615152994791
14707,762.1420491536459
14708,1214.3335367838542
14709,1061.9635823567708
14710,1562.3167724609375
14711,593.7778523763021
14712,1162.1353759765625
14713,947.2420247395834
14714,1364.4593912760417
14715,997.2249348958334
14716,514.1931355794271
14717,1748.1846110026042
14718,1066.9420572916667
14719,1330.5719807942708
14720,1833.4410400390625
14721,1556.2040608723958
14722,617.5597737630209
14723,1190.7909342447917
14724,985.1787923177084
14725,823.3352254231771
14726,1108.9600016276042
14727,2471.03759765625
14728,1156.7926432291667
14729,448.9417215983073
14730,1275.7851969401042
14731,679.5298258463541
14732,678.9596354166666
14733,641.3856811523438
14734,578.8488362630209
14735,894.5399576822916
14736,1315.3958740234375
14737,592.1589965820312
14738,3096.9752604166665
14739,1080.4773763020833
14740,478.8928629557292
14741,929.2808430989584
14742,1648.3877360026042
14743,516.4567260742188
14744,979.2542724609375
14745,887.8538614908854
14746,859.4988810221354
14747,858.6117960611979
14748,972.6235961914062
14749,1551.9652099609375
14750,1232.9471435546875
14751,686.3149617513021
14752,606.0454711914062
14753,1015.8658243815104
14754,655.4634602864584
14755,616.3775227864584
14756,648.325439453125
14757,429.6718343098958
14758,837.9868774414062
14759,1193.4785970052083
14760,867.5930989583334
14761,350.97267659505206
14762,877.37841796875
14763,544.3037109375
14764,663.2008463541666
14765,1072.996826171875
14766,920.1981811523438
14767,1348.4027099609375
14768,1197.4176432291667
14769,1978.2377522786458
14770,649.2287190755209
14771,906.6505737304688
14772,1622.5079752604167
14773,910.9947916666666
14774,597.7155558268229
14775,982.1352742513021
14776,1199.7666015625
14777,1102.4039713541667
14778,984.0406494140625
14779,711.1103515625
14780,1274.3567301432292
14781,912.7544148763021
14782,1229.6165771484375
14783,1241.8077392578125
14784,903.7366536458334
14785,1005.8339233398438
14786,1576.1411946614583
14787,857.17578125
14788,1015.1987508138021
14789,1383.1519368489583
14790,1212.7056477864583
14791,791.1778564453125
14792,759.0447387695312
14793,886.5055745442709
14794,570.3880818684896
14795,903.3323364257812
14796,1730.9473063151042
14797,871.6735636393229
14798,752.2078450520834
14799,734.6335245768229
14800,408.220458984375
14801,1057.4068196614583
14802,534.9446207682291
14803,886.6270955403646
14804,882.5350341796875
14805,1060.4695231119792
14806,1293.1239827473958
14807,1720.618408203125
14808,1228.2277425130208
14809,583.310302734375
14810,1065.8819173177083
14811,780.6129150390625
14812,959.4119262695312
14813,872.8017578125
14814,1038.2303466796875
14815,1251.6758626302083
14816,1760.7533365885417
14817,770.7422892252604
14818,934.8661499023438
14819,736.5274658203125
14820,1976.58984375
14821,1690.4834798177083
14822,678.0940348307291
14823,757.7362670898438
14824,530.1485188802084
14825,779.92041015625
14826,568.8978474934896
14827,660.6604207356771
14828,1505.674560546875
14829,1693.4222005208333
14830,2114.8484700520835
14831,2237.9230143229165
14832,1309.063720703125
14833,1508.7274576822917
14834,918.5054321289062
14835,760.1220703125
14836,1015.7224731445312
14837,2280.7120768229165
14838,724.249267578125
14839,1276.1906331380208
14840,1576.2561848958333
14841,541.3435465494791
14842,832.1224975585938
14843,904.7670694986979
14844,1619.9627278645833
14845,522.7509969075521
14846,846.0726114908854
14847,1083.6441243489583
14848,806.6920369466146
14849,568.1443481445312
14850,1817.5962320963542
14851,1141.3910319010417
14852,1021.2868448893229
14853,1075.5210367838542
14854,1052.976806640625
14855,1134.5029296875
14856,1108.7675374348958
14857,1416.6976318359375
14858,581.7018025716146
14859,1155.9893798828125
14860,549.4654744466146
14861,1101.6949869791667
14862,1344.5735270182292
14863,1057.6752115885417
14864,1645.891845703125
14865,555.9821980794271
14866,1305.7392985026042
14867,1121.084716796875
14868,1090.6408284505208
14869,1405.6260986328125
14870,576.3102823893229
14871,861.0781656901041
14872,820.9001261393229
14873,1601.2084554036458
14874,287.86390177408856
14875,1601.5543619791667
14876,1066.6542154947917
14877,1211.5445963541667
14878,1370.6317952473958
14879,1367.6728108723958
14880,2252.2569986979165
14881,1114.3218587239583
14882,536.8670043945312
14883,797.9189860026041
14884,825.9299112955729
14885,814.6696573893229
14886,1902.8306884765625
14887,1085.2284749348958
14888,439.4260660807292
14889,1648.795654296875
14890,965.892578125
14891,2097.2843424479165
14892,1027.8544108072917
14893,701.883544921875
14894,744.8880208333334
14895,1002.1883138020834
14896,424.8093566894531
14897,845.0112508138021
14898,1734.2350260416667
14899,686.2518717447916
14900,1297.8489990234375
14901,683.6785074869791
14902,897.1775309244791
14903,1959.5950113932292
14904,1056.6566162109375
14905,1560.7183837890625
14906,597.3989664713541
14907,640.8760579427084
14908,1063.8251953125
14909,655.0981852213541
14910,404.2307434082031
14911,3391.4100748697915
14912,1354.7897542317708
14913,632.7967732747396
14914,441.32529703776044
14915,723.2052408854166
14916,696.1984659830729
14917,982.8419799804688
14918,1233.3602294921875
14919,1868.0813802083333
14920,876.8675944010416
14921,638.3624267578125
14922,1255.1842041015625
14923,1529.0997314453125
14924,1374.9640299479167
14925,553.2654622395834
14926,831.7677205403646
14927,1363.9034016927083
14928,940.6627807617188
14929,1273.2965901692708
14930,509.22186279296875
14931,797.7773640950521
14932,1511.0771077473958
14933,1732.5361735026042
14934,520.0519002278646
14935,959.2809244791666
14936,1067.680419921875
14937,1489.9742024739583
14938,926.7708129882812
14939,1738.6887613932292
14940,1045.5607096354167
14941,845.250732421875
14942,1981.2383219401042
14943,1914.3863118489583
14944,627.9993693033854
14945,1047.6067708333333
14946,2049.7986653645835
14947,712.3397420247396
14948,944.73974609375
14949,1577.5420735677083
14950,856.9380900065104
14951,1434.4954833984375
14952,2389.0662434895835
14953,971.1057332356771
14954,986.9835815429688
14955,1089.4930013020833
14956,543.7341512044271
14957,726.7474772135416
14958,11995.613606770834
14959,1863.9528401692708
14960,1444.9008382161458
14961,1581.2846272786458
14962,847.1486612955729
14963,806.9865112304688
14964,1956.5949300130208
14965,3924.732421875
14966,796.2325032552084
14967,941.72216796875
14968,963.0577392578125
14969,1608.1969401041667
14970,1124.4427897135417
14971,822.8649291992188
14972,978.4505004882812
14973,1133.4497477213542
14974,1299.5298258463542
14975,2232.078857421875
14976,982.8852132161459
14977,1013.4296264648438
14978,559.5764770507812
14979,1031.8628743489583
14980,852.9915771484375
14981,1203.5574544270833
14982,878.3519287109375
14983,963.9949137369791
14984,766.7607625325521
14985,699.2871297200521
14986,1114.9388020833333
14987,929.3052571614584
14988,596.9171956380209
14989,554.3380330403646
14990,902.7301839192709
14991,1442.6197509765625
14992,2678.5133463541665
14993,2449.5806477864585
14994,1012.371826171875
14995,883.8923136393229
14996,1104.1726888020833
14997,814.8054606119791
14998,835.1902262369791
14999,737.8805745442709
15000,1841.1321207682292
15001,4095.419921875
15002,866.3108927408854
15003,927.0667521158854
15004,867.5965779622396
15005,1469.8701171875
15006,583.9986368815104
15007,486.09657796223956
15008,710.8697102864584
15009,712.2979532877604
15010,646.0565185546875
15011,971.1756998697916
15012,2888.1513671875
15013,930.6838989257812
15014,841.2413940429688
15015,1566.2491455078125
15016,1183.0100911458333
15017,934.8021850585938
15018,1381.8535563151042
15019,1370.81494140625
15020,772.8665974934896
15021,1463.6164143880208
15022,1004.7294108072916
15023,638.7239583333334
15024,1813.3695475260417
15025,767.8258463541666
15026,726.8085734049479
15027,411.1892801920573
15028,1916.6299235026042
15029,550.9177042643229
15030,753.2228393554688
15031,897.8183186848959
15032,672.3117879231771
15033,620.23876953125
15034,577.7318522135416
15035,369.6425476074219
15036,498.3837178548177
15037,1113.8200276692708
15038,887.7684529622396
15039,1716.1888427734375
15040,1175.2903645833333
15041,784.7517293294271
15042,467.5465393066406
15043,732.5117390950521
15044,1473.4322509765625
15045,1064.83251953125
15046,1072.7322591145833
15047,778.6231282552084
15048,1881.5024820963542
15049,605.4721272786459
15050,2023.0017496744792
15051,1307.0179850260417
15052,1305.905029296875
15053,899.0233764648438
15054,1039.399169921875
15055,980.9365234375
15056,1347.6068929036458
15057,783.5850219726562
15058,413.50267537434894
15059,1014.17138671875
15060,779.8204549153646
15061,1213.8690999348958
15062,1108.54443359375
15063,683.129638671875
15064,757.3595377604166
15065,1807.6365559895833
15066,552.5508626302084
15067,2472.7696940104165
15068,745.0599365234375
15069,987.3810628255209
15070,906.7809244791666
15071,978.1287638346354
15072,837.5303141276041
15073,1094.3975423177083
15074,336.03062947591144
15075,1014.2841593424479
15076,603.7583414713541
15077,1326.7609049479167
15078,870.6524047851562
15079,629.5203653971354
15080,724.8971761067709
15081,1719.1194661458333
15082,1073.2101643880208
15083,985.1507975260416
15084,1255.0846354166667
15085,992.2262166341146
15086,571.5118815104166
15087,992.6372273763021
15088,807.7221069335938
15089,2712.67236328125
15090,1377.5850016276042
15091,1853.7537434895833
15092,774.9597371419271
15093,1471.6907552083333
15094,944.7909749348959
15095,3387.137939453125
15096,896.7313028971354
15097,745.5136108398438
15098,665.7510579427084
15099,1071.2451171875
15100,604.2841389973959
15101,406.1988932291667
15102,1086.9470621744792
15103,825.8590087890625
15104,1212.8081868489583
15105,1053.65576171875
15106,3279.38525390625
15107,905.1103719075521
15108,1194.5750325520833
15109,874.4297892252604
15110,843.9475708007812
15111,982.4671834309896
15112,983.8265787760416
15113,597.5323282877604
15114,567.1106363932291
15115,434.45098876953125
15116,786.4609578450521
15117,651.8759358723959
15118,745.6153971354166
15119,1337.2288411458333
15120,1514.8249104817708
15121,853.0081990559896
15122,1152.8476969401042
15123,611.2760823567709
15124,772.9026896158854
15125,1070.4349772135417
15126,1072.7910563151042
15127,3474.0730794270835
15128,890.5555826822916
15129,640.7968546549479
15130,868.2212727864584
15131,647.3552042643229
15132,2243.8111165364585
15133,654.430419921875
15134,1143.2284749348958
15135,1473.7380777994792
15136,717.8387654622396
15137,778.7793172200521
15138,743.4428100585938
15139,1063.5866292317708
15140,1076.8262532552083
15141,760.6177571614584
15142,1068.3260498046875
15143,1085.1623128255208
15144,641.0344848632812
15145,680.253662109375
15146,648.7440592447916
15147,531.6023152669271
15148,558.0420532226562
15149,1016.5511271158854
15150,543.7462158203125
15151,1150.3151041666667
15152,811.4337972005209
15153,493.7781677246094
15154,1566.4322916666667
15155,389.577392578125
15156,1704.3275553385417
15157,1208.3400472005208
15158,858.247314453125
15159,3479.019287109375
15160,2127.6273600260415
15161,821.7309366861979
15162,806.0927327473959
15163,829.2316080729166
15164,1374.5399576822917
15165,578.028076171875
15166,726.3849080403646
15167,531.6275024414062
15168,2481.3585611979165
15169,1082.787109375
15170,434.8232014973958
15171,845.753173828125
15172,1609.529541015625
15173,712.0527750651041
15174,1526.5652669270833
15175,1091.5547281901042
15176,578.7218221028646
15177,823.3350423177084
15178,694.490478515625
15179,525.8162434895834
15180,1553.8647867838542
15181,592.8102010091146
15182,2387.2167154947915
15183,706.86767578125
15184,966.0377400716146
15185,705.7471110026041
15186,1030.0611165364583
15187,1367.556640625
15188,724.7224731445312
15189,1095.5406494140625
15190,802.2920939127604
15191,753.75732421875
15192,2334.5286458333335
15193,1243.3152669270833
15194,915.8159993489584
15195,559.1654866536459
15196,3183.5206705729165
15197,477.7826334635417
15198,623.6678059895834
15199,690.7172648111979
15200,1771.6286214192708
15201,650.0306396484375
15202,589.3648071289062
15203,1964.5754801432292
15204,1183.4285888671875
15205,1610.2445475260417
15206,910.8690999348959
15207,669.06396484375
15208,644.4784545898438
15209,788.1443888346354
15210,1305.5695393880208
15211,3121.3902180989585
15212,856.4324137369791
15213,837.4121907552084
15214,1502.4390055338542
15215,1050.6157633463542
15216,568.0588989257812
15217,830.8924357096354
15218,870.6144002278646
15219,1889.9196370442708
15220,457.1070048014323
15221,808.6952107747396
15222,1085.378173828125
15223,4133.883138020833
15224,960.5452677408854
15225,809.7432657877604
15226,664.6701456705729
15227,682.3663126627604
15228,825.9800211588541
15229,1187.1156005859375
15230,521.0706176757812
15231,786.9585571289062
15232,622.6954549153646
15233,1108.0819905598958
15234,1632.8492431640625
15235,958.7676188151041
15236,2315.6381022135415
15237,526.4052530924479
15238,565.6787109375
15239,1046.1319986979167
15240,1996.3546142578125
15241,1635.681640625
15242,971.0024210611979
15243,1297.9242350260417
15244,2215.3282063802085
15245,1329.481689453125
15246,2077.5772298177085
15247,934.2293701171875
15248,934.6474609375
15249,386.6815185546875
15250,1588.4366455078125
15251,589.0836995442709
15252,531.5902709960938
15253,1421.1793619791667
15254,1035.33837890625
15255,3952.2623697916665
15256,563.9084879557291
15257,1053.5506591796875
15258,3882.805419921875
15259,1187.5230305989583
15260,368.00140380859375
15261,904.1104329427084
15262,2427.1946614583335
15263,613.3408203125
15264,1290.7027994791667
15265,602.6735026041666
15266,639.7317911783854
15267,658.6925862630209
15268,1994.0951334635417
15269,1102.5762939453125
15270,1043.5292561848958
15271,1373.5316569010417
15272,1006.6991170247396
15273,672.6045939127604
15274,1738.9616292317708
15275,806.3793334960938
15276,1046.2830810546875
15277,1053.2791748046875
15278,1822.515625
15279,1000.5989786783854
15280,1084.3245035807292
15281,625.9555257161459
15282,750.1608276367188
15283,1366.3715413411458
15284,1148.6729329427083
15285,742.7738647460938
15286,1253.3826090494792
15287,837.9250081380209
15288,417.08521525065106
15289,1244.9723714192708
15290,1631.9518636067708
15291,983.7439575195312
15292,1867.2034912109375
15293,778.7062377929688
15294,1293.9314371744792
15295,418.9769287109375
15296,659.0445760091146
15297,1034.5517578125
15298,918.3391316731771
15299,2223.554931640625
15300,1087.6056315104167
15301,872.5084431966146
15302,1482.1195475260417
15303,817.2091471354166
15304,709.0434977213541
15305,1817.4140625
15306,562.6434326171875
15307,1963.7758382161458
15308,796.5198364257812
15309,899.9189453125
15310,1770.24658203125
15311,1007.9617919921875
15312,824.3504435221354
15313,1492.3606363932292
15314,997.8589274088541
15315,863.8892618815104
15316,1869.7524007161458
15317,981.0390014648438
15318,794.147216796875
15319,515.6694132486979
15320,796.9522094726562
15321,2827.870849609375
15322,1527.2666422526042
15323,718.4676106770834
15324,868.6978556315104
15325,3018.63916015625
15326,2267.5499674479165
15327,1603.6258138020833
15328,584.4950764973959
15329,649.1570638020834
15330,1257.4141438802083
15331,1029.1207682291667
15332,716.3090209960938
15333,6153.090006510417
15334,863.4759521484375
15335,1476.4937744140625
15336,1061.691650390625
15337,1851.759033203125
15338,812.2118733723959
15339,1115.6861979166667
15340,1407.7841389973958
15341,1044.7021077473958
15342,706.1344197591146
15343,715.5159301757812
15344,1299.4891764322917
15345,2235.921630859375
15346,741.1968790690104
15347,1411.7620035807292
15348,505.3560384114583
15349,812.7761027018229
15350,878.8106892903646
15351,858.9769897460938
15352,876.7742716471354
15353,972.5569458007812
15354,653.5151570638021
15355,797.9618530273438
15356,1627.009521484375
15357,1398.6239420572917
15358,995.0556844075521
15359,1033.2904866536458
15360,1364.810546875
15361,940.9968872070312
15362,2244.2344563802085
15363,1454.8070068359375
15364,2104.760986328125
15365,601.1216837565104
15366,482.2422790527344
15367,2342.4358723958335
15368,1001.5177001953125
15369,1522.5730794270833
15370,1278.1946614583333
15371,584.0499267578125
15372,1353.7206217447917
15373,1086.5541178385417
15374,789.3353474934896
15375,867.35302734375
15376,908.1930948893229
15377,808.5908813476562
15378,681.9044392903646
15379,2424.1293131510415
15380,688.5045979817709
15381,899.4130249023438
15382,629.5674235026041
15383,997.4981282552084
15384,722.6316324869791
15385,5311.001302083333
15386,1102.9510091145833
15387,1667.9248046875
15388,1707.3566487630208
15389,816.6436157226562
15390,1233.5576985677083
15391,512.8056640625
15392,842.1202596028646
15393,1515.9968668619792
15394,839.36962890625
15395,1628.1864013671875
15396,1250.9926350911458
15397,1477.1927490234375
15398,571.25537109375
15399,1013.8233235677084
15400,438.8652852376302
15401,1081.3387451171875
15402,1958.2298177083333
15403,677.5540568033854
15404,1180.0816650390625
15405,751.7338256835938
15406,750.0610961914062
15407,836.3228759765625
15408,764.3465576171875
15409,626.2882283528646
15410,2046.8327229817708
15411,1355.3646647135417
15412,1547.9151611328125
15413,1717.511962890625
15414,493.15899658203125
15415,1308.38525390625
15416,809.634765625
15417,852.9290974934896
15418,1973.2364095052083
15419,818.5818888346354
15420,500.5836893717448
15421,1223.7642008463542
15422,823.3986206054688
15423,828.2105305989584
15424,1378.331298828125
15425,1134.2489420572917
15426,779.8710734049479
15427,1317.47900390625
15428,883.1441446940104
15429,1032.4217529296875
15430,1530.8603108723958
15431,1192.3722737630208
15432,1529.3761393229167
15433,1405.7537434895833
15434,614.1995849609375
15435,690.9359537760416
15436,1779.4625651041667
15437,402.858642578125
15438,1755.5561930338542
15439,733.1686197916666
15440,1078.1202799479167
15441,823.7029012044271
15442,363.4614562988281
15443,851.9695027669271
15444,1600.4760335286458
15445,617.1339314778646
15446,774.2326456705729
15447,631.7666829427084
15448,1093.4174397786458
15449,614.7888387044271
15450,606.4351399739584
15451,646.4275716145834
15452,1747.0393473307292
15453,1245.1217854817708
15454,697.7670288085938
15455,863.7317504882812
15456,1354.7554117838542
15457,1589.4308268229167
15458,615.6427612304688
15459,571.7771606445312
15460,1067.5126546223958
15461,1125.5284016927083
15462,415.3543294270833
15463,651.6343587239584
15464,1960.285888671875
15465,819.6169840494791
15466,2657.7620442708335
15467,1135.2421061197917
15468,688.6751912434896
15469,927.6687418619791
15470,595.1048177083334
15471,650.9157104492188
15472,1143.4549560546875
15473,1113.0350341796875
15474,772.4768269856771
15475,542.3147583007812
15476,888.5202840169271
15477,1262.7637125651042
15478,668.9196573893229
15479,864.8377075195312
15480,624.0207722981771
15481,1043.3980305989583
15482,1185.6609293619792
15483,486.59771728515625
15484,483.22791544596356
15485,911.6353963216146
15486,674.8313395182291
15487,686.1529947916666
15488,697.29638671875
15489,753.9477742513021
15490,1121.7215576171875
15491,1012.7978719075521
15492,787.6198120117188
15493,626.383544921875
15494,1651.6266682942708
15495,3577.9541829427085
15496,831.6147867838541
15497,545.6301676432291
15498,976.8033040364584
15499,3110.6348470052085
15500,633.7574259440104
15501,2527.9405924479165
15502,1091.6864013671875
15503,1641.6621907552083
15504,958.2992757161459
15505,1315.4623616536458
15506,3348.3314615885415
15507,781.5409138997396
15508,732.7491861979166
15509,614.4597574869791
15510,1608.666259765625
15511,896.6306966145834
15512,1750.4003092447917
15513,846.8680419921875
15514,857.1015625
15515,800.6333618164062
15516,1659.768798828125
15517,1188.9318033854167
15518,1745.5351969401042
15519,642.1524251302084
15520,595.9001057942709
15521,1050.0818277994792
15522,543.3547770182291
15523,700.6105550130209
15524,664.3501993815104
15525,601.6675821940104
15526,558.5671183268229
15527,749.2648518880209
15528,810.7315063476562
15529,1378.8474934895833
15530,1273.6377360026042
15531,874.616943359375
15532,660.3070068359375
15533,1518.6893717447917
15534,893.5708821614584
15535,790.7926025390625
15536,1188.0238444010417
15537,796.0943603515625
15538,1014.9979451497396
15539,599.9588826497396
15540,2466.9523111979165
15541,634.1115519205729
15542,654.1702677408854
15543,1321.54736328125
15544,603.4449666341146
15545,520.5608723958334
15546,601.5387980143229
15547,551.0191243489584
15548,883.6046956380209
15549,1019.9108276367188
15550,1082.209228515625
15551,1257.4774169921875
15552,789.2386881510416
15553,1052.6531575520833
15554,1071.5235595703125
15555,1480.2306722005208
15556,1794.9730631510417
15557,1331.9694010416667
15558,361.3462727864583
15559,682.0184936523438
15560,1415.5414632161458
15561,1326.4613037109375
15562,971.0299072265625
15563,704.2928466796875
15564,527.4637451171875
15565,745.6979777018229
15566,678.9587809244791
15567,1241.3550211588542
15568,1416.5134684244792
15569,753.6431477864584
15570,905.7681681315104
15571,500.08343505859375
15572,517.8234252929688
15573,805.5031534830729
15574,12245.099283854166
15575,1415.5426025390625
15576,448.61399332682294
15577,680.8657633463541
15578,1205.9126383463542
15579,1239.8485514322917
15580,1279.1582438151042
15581,2485.1966959635415
15582,463.9673258463542
15583,895.2571207682291
15584,3642.1083984375
15585,619.1983439127604
15586,1085.0030924479167
15587,1702.0840250651042
15588,4170.303059895833
15589,1690.5044352213542
15590,853.4865315755209
15591,695.7002360026041
15592,556.6795043945312
15593,1610.1034749348958
15594,1560.4422607421875
15595,1352.5999755859375
15596,991.5322062174479
15597,1080.3708089192708
15598,898.3641967773438
15599,695.4436645507812
15600,703.0981648763021
15601,882.6733194986979
15602,876.4456176757812
15603,545.0138956705729
15604,528.7401123046875
15605,938.4746500651041
15606,740.7996215820312
15607,11736.501627604166
15608,5027.453125
15609,1137.8048502604167
15610,1397.8900553385417
15611,577.2187296549479
15612,397.5032958984375
15613,695.5154215494791
15614,739.7802124023438
15615,912.1479288736979
15616,618.4027303059896
15617,1193.9594319661458
15618,1056.0587158203125
15619,433.3976542154948
15620,1509.4013671875
15621,800.8365885416666
15622,990.7580159505209
15623,799.0770060221354
15624,1800.6234537760417
15625,410.0797627766927
15626,1265.1953938802083
15627,1103.2145589192708
15628,823.1875
15629,805.5783894856771
15630,825.899658203125
15631,1213.0384928385417
15632,503.7815856933594
15633,2410.86083984375
15634,857.9744873046875
15635,2990.2141927083335
15636,1115.357421875
15637,1135.7720540364583
15638,769.7580973307291
15639,1232.8780924479167
15640,969.5788777669271
15641,902.1646525065104
15642,2031.5242513020833
15643,899.3757934570312
15644,592.4936319986979
15645,1711.59375
15646,1277.5262451171875
15647,1201.7349446614583
15648,1160.451904296875
15649,826.7907511393229
15650,592.4658203125
15651,1072.5121256510417
15652,1257.1088460286458
15653,953.3913777669271
15654,1098.5743815104167
15655,1783.7317301432292
15656,540.8388264973959
15657,595.1653035481771
15658,902.7564290364584
15659,741.9630737304688
15660,649.1278483072916
15661,649.4251098632812
15662,912.216552734375
15663,683.1991984049479
15664,1846.861083984375
15665,1916.5489095052083
15666,1230.457763671875
15667,829.7850341796875
15668,779.6599731445312
15669,1081.2709554036458
15670,1065.4384358723958
15671,3138.9537760416665
15672,706.4009195963541
15673,1492.8682454427083
15674,1638.4978434244792
15675,1437.8479410807292
15676,645.7922566731771
15677,1831.1580403645833
15678,1025.6522623697917
15679,1117.6899820963542
15680,1547.321044921875
15681,795.6125895182291
15682,1482.6482340494792
15683,506.6745198567708
15684,2139.859375
15685,963.4244384765625
15686,1044.4778645833333
15687,708.6282958984375
15688,662.0380249023438
15689,1294.3176676432292
15690,701.8030192057291
15691,857.5004679361979
15692,354.0159403483073
15693,1150.628662109375
15694,500.5805969238281
15695,1491.80859375
15696,919.8984578450521
15697,861.7982584635416
15698,2524.8597819010415
15699,1278.0351969401042
15700,1194.0062662760417
15701,1096.4107259114583
15702,1002.384765625
15703,847.2509969075521
15704,536.9067586263021
15705,4001.6173502604165
15706,724.6322631835938
15707,551.1434733072916
15708,660.7676391601562
15709,974.3429361979166
15710,2643.6224772135415
15711,747.9642333984375
15712,2201.947021484375
15713,597.5984090169271
15714,562.6363321940104
15715,604.0524495442709
15716,1325.0768229166667
15717,407.58286539713544
15718,2122.3623046875
15719,2385.2389322916665
15720,764.5008138020834
15721,787.9983317057291
15722,601.3422444661459
15723,569.6475016276041
15724,1289.1207275390625
15725,981.5896809895834
15726,337.8246561686198
15727,1046.5102945963542
15728,508.1224060058594
15729,1003.2792765299479
15730,927.3559163411459
15731,992.7805379231771
15732,1225.5016276041667
15733,1031.0124918619792
15734,722.9210205078125
15735,900.7173665364584
15736,1947.2900390625
15737,886.2782592773438
15738,2739.7076822916665
15739,1047.1994222005208
15740,733.4427286783854
15741,598.3196207682291
15742,798.9735514322916
15743,1286.5879313151042
15744,2272.8216145833335
15745,1070.061767578125
15746,841.5747680664062
15747,728.6708170572916
15748,1969.4198811848958
15749,604.2432657877604
15750,1207.0538736979167
15751,819.9098714192709
15752,807.0278116861979
15753,884.7643229166666
15754,893.89501953125
15755,513.241455078125
15756,732.2039591471354
15757,1521.8820393880208
15758,915.4844360351562
15759,351.0458577473958
15760,980.6182047526041
15761,704.4177652994791
15762,432.1011657714844
15763,635.6937866210938
15764,613.1543579101562
15765,1499.869873046875
15766,435.1082458496094
15767,884.9930623372396
15768,2898.3963216145835
15769,1273.9526774088542
15770,638.8783772786459
15771,1305.4958089192708
15772,1416.5129801432292
15773,825.2864583333334
15774,1398.8966878255208
15775,436.22607421875
15776,655.0073038736979
15777,2664.1593424479165
15778,692.7508748372396
15779,1631.8366292317708
15780,1276.0321858723958
15781,770.0652872721354
15782,1126.0458170572917
15783,510.9300944010417
15784,801.4050496419271
15785,1115.5977376302083
15786,558.5504557291666
15787,2149.5858561197915
15788,1297.5131022135417
15789,952.9761555989584
15790,616.9575602213541
15791,863.5125935872396
15792,1400.8123779296875
15793,833.9718221028646
15794,700.6121215820312
15795,2197.33837890625
15796,1081.0621744791667
15797,677.5084228515625
15798,616.5074666341146
15799,2598.5502115885415
15800,1588.9475504557292
15801,600.6683756510416
15802,1109.2921549479167
15803,1848.6639404296875
15804,1248.6776529947917
15805,969.07080078125
15806,738.7195231119791
15807,1319.2576497395833
15808,517.4109903971354
15809,763.9183349609375
15810,966.3660278320312
15811,1413.7022705078125
15812,1067.2963460286458
15813,1604.1965738932292
15814,1635.4230143229167
15815,923.4695434570312
15816,1498.4306233723958
15817,2882.5259602864585
15818,836.9841105143229
15819,3198.4204915364585
15820,663.296142578125
15821,954.3615926106771
15822,717.5456949869791
15823,2237.9639485677085
15824,1047.6641438802083
15825,553.1484985351562
15826,1410.8740641276042
15827,491.2492167154948
15828,1215.89111328125
15829,765.3114217122396
15830,2828.7032877604165
15831,829.2527058919271
15832,1402.9816487630208
15833,987.4739176432291
15834,801.9607747395834
15835,1364.8968505859375
15836,1308.370361328125
15837,470.61582438151044
15838,526.7422078450521
15839,886.1834716796875
15840,612.0038452148438
15841,1380.466552734375
15842,694.829345703125
15843,1047.5565185546875
15844,2424.4253743489585
15845,503.34930419921875
15846,630.7779541015625
15847,1272.299560546875
15848,752.1635538736979
15849,604.9980265299479
15850,644.3222249348959
15851,1092.3718668619792
15852,847.1310831705729
15853,935.4004720052084
15854,2016.0823160807292
15855,497.3361002604167
15856,450.5018615722656
15857,386.60181681315106
15858,854.4991658528646
15859,796.8575032552084
15860,873.5243326822916
15861,1115.1982828776042
15862,525.6926879882812
15863,1011.3981526692709
15864,660.3809611002604
15865,1988.3653157552083
15866,1295.1793212890625
15867,737.229248046875
15868,1395.0206298828125
15869,2209.52685546875
15870,1079.0321044921875
15871,880.5200398763021
15872,855.2364095052084
15873,1457.4353841145833
15874,1142.4256591796875
15875,935.5976969401041
15876,665.2317708333334
15877,794.3720296223959
15878,701.7490030924479
15879,588.6648966471354
15880,1052.2480875651042
15881,804.9628702799479
15882,2066.2330729166665
15883,780.8427734375
15884,784.9425659179688
15885,552.0580647786459
15886,1252.0281575520833
15887,328.50526936848956
15888,1664.6186930338542
15889,833.9267985026041
15890,600.4225463867188
15891,1754.0158284505208
15892,884.9448445638021
15893,805.3913777669271
15894,1236.4217936197917
15895,911.3551025390625
15896,679.9572957356771
15897,955.6063028971354
15898,864.0715738932291
15899,514.758056640625
15900,1141.9475911458333
15901,708.1970621744791
15902,1539.7279052734375
15903,839.0319213867188
15904,1106.5804443359375
15905,1579.9432373046875
15906,602.2322591145834
15907,824.212158203125
15908,2157.0404459635415
15909,678.3989461263021
15910,974.6506144205729
15911,1324.3093668619792
15912,1162.9536539713542
15913,618.4575398763021
15914,794.7794189453125
15915,1644.8740641276042
15916,948.3653157552084
15917,1032.2462158203125
15918,575.7989501953125
15919,904.7399291992188
15920,1540.127685546875
15921,604.3921305338541
15922,811.2649739583334
15923,731.921142578125
15924,1340.7294514973958
15925,1501.9088541666667
15926,820.8701985677084
15927,916.744873046875
15928,840.4618530273438
15929,968.026611328125
15930,1591.4361572265625
15931,994.4082438151041
15932,734.8119099934896
15933,1589.5526529947917
15934,677.6098836263021
15935,469.54595947265625
15936,493.2828776041667
15937,508.7765808105469
15938,687.4432576497396
15939,651.0771484375
15940,697.1754760742188
15941,894.7961629231771
15942,1989.9794514973958
15943,992.4615478515625
15944,761.25048828125
15945,853.8027547200521
15946,1910.8238118489583
15947,3228.1892903645835
15948,1307.4359130859375
15949,1072.451171875
15950,1309.5022379557292
15951,915.7720133463541
15952,635.7394409179688
15953,1127.8782552083333
15954,694.1356811523438
15955,1222.6250406901042
15956,3526.2112630208335
15957,481.32960001627606
15958,805.4579467773438
15959,583.3116048177084
15960,908.0789184570312
15961,487.1703389485677
15962,1175.4873860677083
15963,1283.3872477213542
15964,990.5062866210938
15965,950.13671875
15966,851.1922607421875
15967,588.4208780924479
15968,1456.0255126953125
15969,532.0498046875
15970,863.6888631184896
15971,995.6131998697916
15972,908.8755086263021
15973,437.0359293619792
15974,595.1363321940104
15975,975.5256754557291
15976,554.6515706380209
15977,2090.1278483072915
15978,583.5589599609375
15979,2630.9449055989585
15980,1040.61181640625
15981,642.2653198242188
15982,919.0240885416666
15983,1558.6877848307292
15984,618.6118977864584
15985,695.5812174479166
15986,1813.2449544270833
15987,2323.1743977864585
15988,858.001708984375
15989,916.8180135091146
15990,595.2366536458334
15991,1191.6934000651042
15992,438.1511942545573
15993,893.9532470703125
15994,968.7940877278646
15995,1013.1782836914062
15996,1335.4835205078125
15997,594.1731160481771
15998,696.8747355143229
15999,1975.4847005208333
16000,733.494140625
16001,631.6900838216146
16002,2210.5235188802085
16003,657.6006876627604
16004,1177.7818196614583
16005,1409.9443359375
16006,454.4709981282552
16007,478.78346761067706
16008,664.9119669596354
16009,901.373291015625
16010,913.3098347981771
16011,1182.1024169921875
16012,1172.5504557291667
16013,917.853515625
16014,775.1664225260416
16015,932.7113240559896
16016,635.8742065429688
16017,908.7434692382812
16018,2464.85009765625
16019,782.9626668294271
16020,1269.2875569661458
16021,1153.4510904947917
16022,1196.8262125651042
16023,1748.6944173177083
16024,897.9121297200521
16025,1603.2450358072917
16026,1336.1062418619792
16027,265.60157267252606
16028,383.0741271972656
16029,677.4088134765625
16030,983.1869710286459
16031,733.9200032552084
16032,1009.4227091471354
16033,735.1719563802084
16034,635.1767171223959
16035,944.260498046875
16036,367.6374206542969
16037,1086.4286702473958
16038,813.0481770833334
16039,699.5575358072916
16040,1517.9348958333333
16041,2071.55078125
16042,1019.2710774739584
16043,1200.2687581380208
16044,891.09814453125
16045,1189.1186930338542
16046,1999.0760091145833
16047,893.1255900065104
16048,1200.5611165364583
16049,460.02939860026044
16050,2376.566650390625
16051,811.1381429036459
16052,2009.4660237630208
16053,1350.3826904296875
16054,794.0055135091146
16055,1524.8328857421875
16056,1050.5062662760417
16057,1413.1357014973958
16058,1264.7162272135417
16059,971.0552775065104
16060,602.1828002929688
16061,654.0527954101562
16062,626.9404907226562
16063,2836.1581217447915
16064,796.2767537434896
16065,2885.66943359375
16066,502.5838623046875
16067,561.5710042317709
16068,733.50830078125
16069,1197.697021484375
16070,1551.2159016927083
16071,565.4684651692709
16072,902.6175130208334
16073,1109.1843668619792
16074,979.4626057942709
16075,1599.5419514973958
16076,1266.788818359375
16077,531.0070597330729
16078,979.980224609375
16079,867.5520222981771
16080,805.6415201822916
16081,564.4738566080729
16082,1739.755859375
16083,659.1913452148438
16084,822.1219482421875
16085,1585.2119547526042
16086,517.9080200195312
16087,502.25250244140625
16088,1087.1125081380208
16089,674.8748575846354
16090,1329.8753255208333
16091,975.86376953125
16092,873.9309488932291
16093,406.81870524088544
16094,990.7461344401041
16095,720.8028361002604
16096,384.7747090657552
16097,669.4731241861979
16098,1240.007568359375
16099,1037.5175374348958
16100,1234.1092529296875
16101,1548.6129557291667
16102,907.9991658528646
16103,1118.5967203776042
16104,541.3948160807291
16105,997.8737589518229
16106,660.6782430013021
16107,533.6654256184896
16108,931.2811686197916
16109,842.2439575195312
16110,1614.6982421875
16111,832.9177042643229
16112,1086.3328450520833
16113,1311.8105875651042
16114,1151.0428873697917
16115,1023.0944620768229
16116,1383.2998046875
16117,575.9735310872396
16118,2548.7146809895835
16119,1119.4020589192708
16120,1301.031494140625
16121,689.5720011393229
16122,811.8697916666666
16123,1924.8051350911458
16124,1122.0890706380208
16125,1259.1670735677083
16126,1408.5791015625
16127,1033.7535400390625
16128,1224.8457438151042
16129,697.4842325846354
16130,698.8464558919271
16131,942.701171875
16132,739.7449340820312
16133,732.9872843424479
16134,2002.5291748046875
16135,1397.5450032552083
16136,572.212158203125
16137,1048.0967610677083
16138,940.6557006835938
16139,1132.2467447916667
16140,621.7083536783854
16141,1777.3643798828125
16142,523.9923095703125
16143,716.6100667317709
16144,1291.2492268880208
16145,961.4014078776041
16146,2716.5061848958335
16147,1096.0673421223958
16148,581.1310424804688
16149,778.753662109375
16150,791.2009684244791
16151,2283.79248046875
16152,1510.5220947265625
16153,443.3466084798177
16154,1649.576904296875
16155,379.32555135091144
16156,818.5948689778646
16157,1056.6511637369792
16158,522.2267049153646
16159,644.1052856445312
16160,889.8595174153646
16161,839.4479777018229
16162,818.8413492838541
16163,877.945068359375
16164,807.61669921875
16165,1137.2264811197917
16166,1059.1544596354167
16167,1521.8984375
16168,1107.7340901692708
16169,759.8643188476562
16170,848.9088134765625
16171,1385.1131998697917
16172,750.3716023763021
16173,739.9084065755209
16174,1252.8884684244792
16175,790.9057413736979
16176,814.3792317708334
16177,809.2512817382812
16178,626.4493611653646
16179,1277.6482747395833
16180,984.8276977539062
16181,1144.7174886067708
16182,1369.8377685546875
16183,1009.1561075846354
16184,1610.9721272786458
16185,1217.381103515625
16186,1869.4827880859375
16187,452.2275695800781
16188,1558.3877766927083
16189,383.4786783854167
16190,1179.1608072916667
16191,692.9489135742188
16192,558.7538045247396
16193,1908.1832682291667
16194,1340.4538981119792
16195,2793.9195149739585
16196,541.0377400716146
16197,705.2404581705729
16198,2837.779541015625
16199,547.5959676106771
16200,1927.0308024088542
16201,1195.3819986979167
16202,1926.5152180989583
16203,487.1712646484375
16204,687.2869059244791
16205,588.1019694010416
16206,732.0048421223959
16207,1723.9781901041667
16208,1066.2860107421875
16209,907.2975260416666
16210,715.1693522135416
16211,806.2609659830729
16212,1049.2424723307292
16213,492.2049051920573
16214,476.05713907877606
16215,828.8379516601562
16216,611.9289143880209
16217,741.3359578450521
16218,787.4996744791666
16219,1753.5792643229167
16220,870.9222208658854
16221,1914.0157877604167
16222,1737.1806640625
16223,2069.2517903645835
16224,1427.3707682291667
16225,1061.8806966145833
16226,696.575927734375
16227,1317.7911376953125
16228,526.3228149414062
16229,1249.5155029296875
16230,1378.551025390625
16231,1585.292236328125
16232,574.6611938476562
16233,303.26124064127606
16234,686.7782796223959
16235,2166.1731770833335
16236,547.7693684895834
16237,820.0398559570312
16238,1218.0266520182292
16239,1307.3143717447917
16240,625.0410359700521
16241,990.7282918294271
16242,4155.635579427083
16243,451.57667032877606
16244,993.1866658528646
16245,831.7974650065104
16246,981.5974934895834
16247,798.2841186523438
16248,925.5545654296875
16249,828.0380249023438
16250,532.7914428710938
16251,593.1859741210938
16252,5099.84814453125
16253,1132.6065266927083
16254,429.1409606933594
16255,594.8787434895834
16256,549.5569051106771
16257,2307.9454752604165
16258,12660.48046875
16259,909.9371134440104
16260,1752.5680745442708
16261,589.6780802408854
16262,610.8847045898438
16263,557.2076009114584
16264,528.5231730143229
16265,591.062744140625
16266,980.7567952473959
16267,786.4924723307291
16268,2762.2506510416665
16269,565.0157674153646
16270,718.5772094726562
16271,2265.7853190104165
16272,864.4737548828125
16273,3546.3880208333335
16274,1712.663818359375
16275,800.6067504882812
16276,727.1790771484375
16277,695.7906901041666
16278,711.0485026041666
16279,2100.51220703125
16280,1174.9442952473958
16281,1039.7917887369792
16282,655.9923909505209
16283,912.943603515625
16284,832.3641357421875
16285,888.2697550455729
16286,901.2088012695312
16287,787.4823811848959
16288,1776.1321614583333
16289,702.0431722005209
16290,968.8526204427084
16291,1158.8226318359375
16292,2777.8838704427085
16293,974.5425415039062
16294,1314.8358154296875
16295,931.6376139322916
16296,1043.6938069661458
16297,1542.2451985677083
16298,1704.9617106119792
16299,475.396240234375
16300,973.4381510416666
16301,778.8424072265625
16302,1094.9367268880208
16303,1020.521484375
16304,649.6519165039062
16305,599.2671915690104
16306,855.8898111979166
16307,572.6620890299479
16308,592.4457600911459
16309,1139.1048177083333
16310,559.7427164713541
16311,780.0946248372396
16312,1012.8521321614584
16313,2195.1676432291665
16314,1233.7829182942708
16315,848.9253743489584
16316,628.1406860351562
16317,1212.1923828125
16318,1212.1347249348958
16319,1528.6907958984375
16320,451.6977030436198
16321,812.4117024739584
16322,1340.3871663411458
16323,643.0186360677084
16324,562.7733968098959
16325,494.37232462565106
16326,746.3810831705729
16327,604.1343383789062
16328,513.1589558919271
16329,1250.9263916015625
16330,1797.5697428385417
16331,829.0606689453125
16332,915.2742309570312
16333,1364.2947184244792
16334,1498.2649332682292
16335,1621.0409749348958
16336,3215.4276529947915
16337,769.5455729166666
16338,342.39208984375
16339,428.94420369466144
16340,830.3069864908854
16341,1285.3140462239583
16342,639.4509684244791
16343,1425.6378580729167
16344,472.2414143880208
16345,740.2789103190104
16346,1879.9841715494792
16347,746.1319986979166
16348,779.1440022786459
16349,1343.9958902994792
16350,1029.4582112630208
16351,594.0348510742188
16352,1128.8717854817708
16353,2103.389892578125
16354,1173.8070882161458
16355,848.5685017903646
16356,1015.8150227864584
16357,685.5788370768229
16358,762.67431640625
16359,443.1337076822917
16360,1160.3161214192708
16361,422.1616617838542
16362,560.8294474283854
16363,842.4876912434896
16364,604.4954020182291
16365,770.5915934244791
16366,1682.6792805989583
16367,1068.8861897786458
16368,431.8847147623698
16369,1883.7334391276042
16370,660.8706868489584
16371,712.3290812174479
16372,875.4466756184896
16373,792.2447916666666
16374,622.9416300455729
16375,1293.7272135416667
16376,694.2289835611979
16377,1107.0198974609375
16378,1026.556396484375
16379,1038.5101725260417
16380,743.9059651692709
16381,649.7035115559896
16382,773.886962890625
16383,763.8259073893229
16384,984.6195271809896
16385,2220.0768229166665
16386,1036.2466227213542
16387,765.2234293619791
16388,920.9321899414062
16389,1583.7158610026042
16390,1182.8479817708333
16391,818.3134969075521
16392,826.307373046875
16393,1313.6322428385417
16394,506.54649861653644
16395,956.7520548502604
16396,1183.3138427734375
16397,1013.2763671875
16398,522.5048421223959
16399,3029.3831380208335
16400,1454.0872395833333
16401,988.13671875
16402,1189.4214274088542
16403,1031.4876302083333
16404,2552.0835774739585
16405,1135.051513671875
16406,1673.7680257161458
16407,563.0470377604166
16408,3843.5633951822915
16409,1710.4881998697917
16410,766.1272786458334
16411,945.0010782877604
16412,1703.0333658854167
16413,634.9217936197916
16414,907.1048380533854
16415,447.87256876627606
16416,630.1734415690104
16417,786.7056884765625
16418,856.3425496419271
16419,772.5995686848959
16420,2793.458984375
16421,429.7080485026042
16422,857.4702555338541
16423,565.6347859700521
16424,1109.7095133463542
16425,711.7233072916666
16426,752.1674601236979
16427,1561.992431640625
16428,900.9244181315104
16429,415.3775329589844
16430,749.9344482421875
16431,1090.3037109375
16432,1600.8254801432292
16433,1148.0291748046875
16434,1070.3076985677083
16435,833.3627319335938
16436,1038.4168701171875
16437,573.1374308268229
16438,744.7381998697916
16439,535.8095703125
16440,689.9503580729166
16441,505.0176188151042
16442,1812.7525227864583
16443,1740.9829915364583
16444,1432.1143798828125
16445,691.5882771809896
16446,940.8010864257812
16447,1098.423828125
16448,639.0301920572916
16449,877.0996500651041
16450,478.89666748046875
16451,1133.569091796875
16452,797.1291707356771
16453,3141.4952799479165
16454,488.7902119954427
16455,878.2978922526041
16456,1016.0831502278646
16457,950.9848429361979
16458,1454.6577555338542
16459,996.4886881510416
16460,744.4597778320312
16461,908.1404012044271
16462,890.8638916015625
16463,801.3736979166666
16464,848.8928629557291
16465,618.5009562174479
16466,1751.8646240234375
16467,1071.53125
16468,1434.2455240885417
16469,990.3958536783854
16470,662.1216634114584
16471,1399.9378662109375
16472,1179.9881998697917
16473,504.90793863932294
16474,1867.99658203125
16475,2315.1552734375
16476,1253.0954996744792
16477,974.1551920572916
16478,1076.0259195963542
16479,700.1870524088541
16480,739.0301717122396
16481,809.8024088541666
16482,610.5447998046875
16483,503.8486328125
16484,1484.001953125
16485,997.7380981445312
16486,1231.452880859375
16487,1201.0287679036458
16488,637.6027628580729
16489,1479.7915445963542
16490,678.0763549804688
16491,550.9793904622396
16492,532.7429402669271
16493,1299.7640787760417
16494,880.8326416015625
16495,1917.2198486328125
16496,1980.9742838541667
16497,1221.0977783203125
16498,1034.9293212890625
16499,632.1711629231771
16500,1387.9303385416667
16501,628.5687459309896
16502,1088.461669921875
16503,810.4974161783854
16504,817.8621012369791
16505,2526.6857096354165
16506,546.1187947591146
16507,752.2574055989584
16508,1060.959716796875
16509,384.47449747721356
16510,1277.00341796875
16511,1051.9157307942708
16512,981.9893188476562
16513,1572.3944091796875
16514,994.6261800130209
16515,793.6940511067709
16516,644.0243937174479
16517,535.6201578776041
16518,1948.9530436197917
16519,1563.3259684244792
16520,1411.5321858723958
16521,456.9730936686198
16522,630.3058064778646
16523,595.8490600585938
16524,1553.2311604817708
16525,728.8246866861979
16526,612.9498697916666
16527,724.7581176757812
16528,780.5206298828125
16529,1372.9589436848958
16530,1130.9427083333333
16531,720.7628987630209
16532,1654.7534586588542
16533,762.0345052083334
16534,1704.8415934244792
16535,868.3977864583334
16536,739.8095499674479
16537,736.96923828125
16538,1251.7646484375
16539,712.390380859375
16540,807.3877360026041
16541,695.8238525390625
16542,817.1118367513021
16543,858.896484375
16544,1170.2757161458333
16545,785.7926228841146
16546,2019.5080159505208
16547,1271.509765625
16548,515.3648274739584
16549,834.8563842773438
16550,715.3250325520834
16551,709.8726399739584
16552,755.252197265625
16553,821.5890909830729
16554,471.2030537923177
16555,1530.8031005859375
16556,1016.2056681315104
16557,869.3732299804688
16558,2041.176025390625
16559,655.2254435221354
16560,1217.8279215494792
16561,1499.718505859375
16562,655.7778523763021
16563,1464.8434244791667
16564,2352.639404296875
16565,1292.1737467447917
16566,753.3226725260416
16567,1813.5607096354167
16568,758.5104166666666
16569,720.6011759440104
16570,1097.5614827473958
16571,942.8286946614584
16572,580.3389282226562
16573,479.76003011067706
16574,1144.2805989583333
16575,411.7347412109375
16576,940.7659301757812
16577,871.6016438802084
16578,1187.5791422526042
16579,2634.2090657552085
16580,514.9228719075521
16581,3117.3435872395835
16582,1347.7388916015625
16583,802.8722941080729
16584,1072.5946044921875
16585,1375.5876057942708
16586,814.6910807291666
16587,636.9717000325521
16588,647.4059041341146
16589,816.1252034505209
16590,2624.541748046875
16591,1669.61181640625
16592,702.5127563476562
16593,986.6423136393229
16594,975.5426228841146
16595,1115.0565999348958
16596,450.63808186848956
16597,1964.0686442057292
16598,1111.7261149088542
16599,576.5670369466146
16600,1433.805419921875
16601,823.3970743815104
16602,770.218994140625
16603,1097.3252360026042
16604,966.3062133789062
16605,775.7638956705729
16606,1538.3305257161458
16607,591.4182942708334
16608,12676.509440104166
16609,1029.834228515625
16610,1280.5168050130208
16611,484.26536051432294
16612,1316.4641520182292
16613,1663.8769938151042
16614,2341.583740234375
16615,1206.6736246744792
16616,605.1218465169271
16617,764.2838541666666
16618,1332.3323974609375
16619,1095.2762858072917
16620,726.0190226236979
16621,532.6807454427084
16622,390.71103922526044
16623,936.1491902669271
16624,653.1632486979166
16625,1037.1612141927083
16626,2272.5743815104165
16627,507.5742492675781
16628,834.4837036132812
16629,1254.5688883463542
16630,979.4793294270834
16631,892.2169392903646
16632,738.9954223632812
16633,896.9070638020834
16634,947.3073933919271
16635,1617.9600016276042
16636,1195.1903076171875
16637,703.8813883463541
16638,1000.5739339192709
16639,475.4767150878906
16640,901.7354736328125
16641,1473.86376953125
16642,1164.4868977864583
16643,617.1109619140625
16644,920.7619222005209
16645,595.6138712565104
16646,732.7266031901041
16647,962.959228515625
16648,910.7983194986979
16649,751.7308146158854
16650,564.9346313476562
16651,855.7768758138021
16652,712.7310384114584
16653,2232.0682779947915
16654,5472.523763020833
16655,1875.6407877604167
16656,1263.8941650390625
16657,1911.451904296875
16658,1115.0142008463542
16659,586.4727172851562
16660,991.2307942708334
16661,576.2409871419271
16662,862.0758666992188
16663,1287.5446370442708
16664,667.8871256510416
16665,862.4392700195312
16666,748.3518269856771
16667,1412.2790120442708
16668,2281.189453125
16669,901.2326253255209
16670,831.9461263020834
16671,640.5772908528646
16672,1437.2178141276042
16673,660.5794270833334
16674,742.3020833333334
16675,1081.5521647135417
16676,2154.0353190104165
16677,404.49924723307294
16678,380.56231689453125
16679,2073.39697265625
16680,565.6444905598959
16681,810.5576782226562
16682,1080.2908935546875
16683,659.6635131835938
16684,1055.3997395833333
16685,711.5967000325521
16686,558.8623860677084
16687,589.5797526041666
16688,652.310791015625
16689,1961.342529296875
16690,984.7816365559896
16691,1055.7292073567708
16692,2069.3794759114585
16693,720.7532552083334
16694,1220.9574381510417
16695,1421.3317057291667
16696,1462.8953857421875
16697,769.5929565429688
16698,578.2773640950521
16699,1109.1960856119792
16700,999.6187133789062
16701,1061.3108723958333
16702,551.4967651367188
16703,694.6967366536459
16704,1392.103759765625
16705,844.8392944335938
16706,889.8507486979166
16707,843.8135782877604
16708,575.9537150065104
16709,1285.5061848958333
16710,1068.9734293619792
16711,1577.7323811848958
16712,681.0430297851562
16713,597.8629353841146
16714,576.6761067708334
16715,859.6740112304688
16716,805.30224609375
16717,1089.1432291666667
16718,619.1281331380209
16719,1218.9913330078125
16720,1079.5859781901042
16721,730.7355550130209
16722,1067.0485432942708
16723,1312.1756591796875
16724,1058.6121419270833
16725,1113.933837890625
16726,893.0542805989584
16727,1664.5694173177083
16728,691.1721801757812
16729,2053.7154134114585
16730,967.5478719075521
16731,458.25904337565106
16732,1034.2577311197917
16733,741.5494181315104
16734,915.3107503255209
16735,662.9722900390625
16736,1081.3799235026042
16737,1070.9952799479167
16738,1085.3760172526042
16739,1053.9899495442708
16740,1691.2601318359375
16741,521.4876098632812
16742,875.8050130208334
16743,629.9300130208334
16744,1833.2603759765625
16745,1676.8648274739583
16746,913.6951700846354
16747,798.0972900390625
16748,556.6234944661459
16749,1168.9007568359375
16750,866.6579793294271
16751,444.09991455078125
16752,673.1895751953125
16753,1494.5767822265625
16754,630.3447265625
16755,950.02099609375
16756,1385.6900634765625
16757,1353.664794921875
16758,527.0975545247396
16759,579.4375813802084
16760,1199.3757731119792
16761,2102.339599609375
16762,1010.4734700520834
16763,1571.8578287760417
16764,1284.6711832682292
16765,805.0009155273438
16766,1057.5521240234375
16767,1352.0228271484375
16768,769.2879435221354
16769,1663.6005859375
16770,667.6117757161459
16771,2025.7483723958333
16772,1839.3570963541667
16773,1929.17529296875
16774,731.7598470052084
16775,1018.2507120768229
16776,881.6005655924479
16777,989.1008707682291
16778,864.8719482421875
16779,1131.1407063802083
16780,842.396728515625
16781,1962.657958984375
16782,1582.7095947265625
16783,470.3524678548177
16784,983.1946411132812
16785,539.2338053385416
16786,983.9059448242188
16787,1209.9259847005208
16788,598.1553955078125
16789,505.4377848307292
16790,559.4384358723959
16791,954.19580078125
16792,1010.1105346679688
16793,485.86643473307294
16794,1973.6050618489583
16795,380.62729899088544
16796,3167.1481119791665
16797,1147.705322265625
16798,1257.8102620442708
16799,1983.5540771484375
16800,1378.4689534505208
16801,540.7729288736979
16802,653.8771158854166
16803,581.895751953125
16804,1393.1621500651042
16805,857.1731567382812
16806,649.9744466145834
16807,1121.0721028645833
16808,1052.3529459635417
16809,990.0379842122396
16810,868.5766194661459
16811,1732.8006591796875
16812,776.3576456705729
16813,1235.2070719401042
16814,751.2680460611979
16815,1295.4870198567708
16816,806.0570068359375
16817,2719.4409993489585
16818,1090.423095703125
16819,599.4066162109375
16820,2157.339599609375
16821,670.8337809244791
16822,390.7947998046875
16823,643.9639282226562
16824,1121.7403157552083
16825,478.67979939778644
16826,1289.95703125
16827,3787.509521484375
16828,1098.6414388020833
16829,797.3597615559896
16830,618.9397989908854
16831,851.1573893229166
16832,2127.9228515625
16833,1427.037353515625
16834,1313.9102783203125
16835,807.3643798828125
16836,852.8683878580729
16837,1607.4903157552083
16838,1092.2344563802083
16839,920.2938232421875
16840,1292.7943929036458
16841,678.7596435546875
16842,637.502197265625
16843,922.145263671875
16844,382.68804931640625
16845,1259.2412923177083
16846,638.5934041341146
16847,1048.0124104817708
16848,439.9323323567708
16849,2275.2469889322915
16850,1866.1751708984375
16851,1501.1699625651042
16852,1157.2122395833333
16853,875.1003621419271
16854,681.2136027018229
16855,1161.5088297526042
16856,1222.5316569010417
16857,950.5300496419271
16858,892.3245035807291
16859,1365.3301188151042
16860,1591.5513102213542
16861,816.9338175455729
16862,681.5011189778646
16863,536.8534952799479
16864,1146.4389241536458
16865,593.5347900390625
16866,692.2946573893229
16867,775.5515747070312
16868,1054.8667399088542
16869,1164.7247721354167
16870,1163.7691243489583
16871,3555.6788736979165
16872,562.7322591145834
16873,867.7736002604166
16874,631.2740885416666
16875,599.6755777994791
16876,1717.2188720703125
16877,785.3262736002604
16878,1108.381591796875
16879,2276.3252766927085
16880,2502.7430826822915
16881,730.379150390625
16882,1443.5345458984375
16883,455.56981404622394
16884,759.8186442057291
16885,1092.9659016927083
16886,976.1253255208334
16887,1636.5581461588542
16888,615.9308675130209
16889,775.4519246419271
16890,592.0544230143229
16891,2653.3170572916665
16892,1312.8243001302083
16893,527.4554850260416
16894,1110.4444173177083
16895,730.9837443033854
16896,604.0673217773438
16897,840.712890625
16898,1045.123779296875
16899,793.1704915364584
16900,933.9263509114584
16901,723.6510620117188
16902,836.6612955729166
16903,707.1767171223959
16904,678.7493489583334
16905,2039.9319661458333
16906,976.2798461914062
16907,336.8984069824219
16908,856.9533894856771
16909,1559.3539632161458
16910,827.3619995117188
16911,676.8356730143229
16912,723.2474975585938
16913,1285.2014567057292
16914,936.4058634440104
16915,501.1173604329427
16916,584.4723917643229
16917,574.9814656575521
16918,1267.0206705729167
16919,628.3587036132812
16920,939.8779296875
16921,854.6595458984375
16922,601.8330485026041
16923,768.6620279947916
16924,696.1854858398438
16925,927.6744791666666
16926,1849.983154296875
16927,803.6053263346354
16928,2706.1864420572915
16929,1228.2608642578125
16930,1860.4256184895833
16931,1663.6005859375
16932,1367.9630126953125
16933,560.2730712890625
16934,1163.5492350260417
16935,532.6178385416666
16936,707.899169921875
16937,980.6627400716146
16938,946.4921875
16939,523.9162190755209
16940,1039.5194091796875
16941,731.7503865559896
16942,744.2964477539062
16943,665.5625813802084
16944,1102.4853922526042
16945,1290.9374186197917
16946,659.6323038736979
16947,680.0144653320312
16948,1191.9551595052083
16949,731.0780639648438
16950,1061.8056233723958
16951,1225.4021809895833
16952,506.04175821940106
16953,1400.5333251953125
16954,1411.3335774739583
16955,961.6059366861979
16956,1621.0457763671875
16957,734.9864705403646
16958,569.8461100260416
16959,1126.5876871744792
16960,802.5478719075521
16961,2231.167236328125
16962,12035.063802083334
16963,1327.921630859375
16964,440.9978332519531
16965,640.9928385416666
16966,1348.5496826171875
16967,554.9841715494791
16968,1321.3035481770833
16969,1205.00146484375
16970,564.8439127604166
16971,937.6287434895834
16972,1247.7010091145833
16973,632.6061197916666
16974,788.6302693684896
16975,870.5738118489584
16976,686.9613240559896
16977,2419.806640625
16978,679.9423624674479
16979,737.0173950195312
16980,617.5558268229166
16981,860.0333251953125
16982,635.3083292643229
16983,1377.2226969401042
16984,613.2702229817709
16985,833.655517578125
16986,534.9137573242188
16987,783.3277384440104
16988,1496.2899169921875
16989,1906.5945231119792
16990,1119.9944254557292
16991,1483.9401041666667
16992,1684.9674886067708
16993,1297.1376546223958
16994,1251.8232828776042
16995,1161.0747884114583
16996,924.9627685546875
16997,1279.0948893229167
16998,762.1842041015625
16999,2320.162841796875
17000,945.8839111328125
17001,1948.9971110026042
17002,631.6253051757812
17003,1062.7027180989583
17004,568.9028727213541
17005,644.5576578776041
17006,1407.2636311848958
17007,492.6529032389323
17008,1755.9302164713542
17009,569.76513671875
17010,1209.6309814453125
17011,1444.6888020833333
17012,1101.6724853515625
17013,654.0609334309896
17014,1978.0486653645833
17015,1565.326171875
17016,756.9056396484375
17017,1363.8973388671875
17018,3067.3273111979165
17019,872.3171997070312
17020,1776.1566569010417
17021,1092.9937337239583
17022,1808.7875162760417
17023,719.3453369140625
17024,1551.3710530598958
17025,1074.7940266927083
17026,3692.918212890625
17027,1236.7178955078125
17028,1036.7314046223958
17029,812.1010945638021
17030,1072.7195231119792
17031,1375.7220052083333
17032,899.4004313151041
17033,594.9097900390625
17034,2960.9427083333335
17035,1135.7364095052083
17036,596.2884521484375
17037,1899.3103841145833
17038,1001.5446980794271
17039,716.8446858723959
17040,1171.509521484375
17041,1059.9462483723958
17042,886.9236653645834
17043,2285.4800618489585
17044,806.5385945638021
17045,520.3324788411459
17046,634.5943196614584
17047,786.9186604817709
17048,1514.0625
17049,533.1539103190104
17050,387.0592346191406
17051,1019.4577026367188
17052,1030.4200846354167
17053,2581.8727213541665
17054,777.3254191080729
17055,663.7987874348959
17056,772.0192464192709
17057,1297.6859537760417
17058,824.1375325520834
17059,481.715087890625
17060,733.9984130859375
17061,1153.114013671875
17062,625.6819864908854
17063,699.146240234375
17064,2259.889892578125
17065,1268.2098795572917
17066,878.6493733723959
17067,844.0408935546875
17068,920.4240315755209
17069,1251.6991373697917
17070,848.9729207356771
17071,646.9081420898438
17072,1851.3763834635417
17073,712.6987915039062
17074,586.0119425455729
17075,748.6261189778646
17076,1912.0395914713542
17077,823.9676717122396
17078,1107.3801676432292
17079,574.2760416666666
17080,687.2039794921875
17081,506.3618672688802
17082,953.5857950846354
17083,972.7763671875
17084,1435.458740234375
17085,625.5875040690104
17086,940.9089558919271
17087,650.8248901367188
17088,1326.8101806640625
17089,489.6399637858073
17090,1150.6563720703125
17091,657.2471516927084
17092,1310.8062337239583
17093,2809.870849609375
17094,841.6650187174479
17095,2011.220703125
17096,719.2813720703125
17097,1485.2105712890625
17098,828.2487182617188
17099,589.3309122721354
17100,1458.58837890625
17101,5394.298665364583
17102,1072.9869384765625
17103,712.6723225911459
17104,863.3662719726562
17105,928.9031982421875
17106,611.9241129557291
17107,841.4911905924479
17108,699.6644897460938
17109,1035.7467041015625
17110,833.6929728190104
17111,894.5925699869791
17112,1287.8255615234375
17113,1210.5897216796875
17114,795.3624267578125
17115,2772.3328450520835
17116,1548.0990397135417
17117,776.5473429361979
17118,2312.1114908854165
17119,1219.938720703125
17120,1179.1944986979167
17121,1433.7395426432292
17122,836.7924601236979
17123,1994.5009358723958
17124,948.4030965169271
17125,944.8876953125
17126,4362.465657552083
17127,758.7738444010416
17128,699.6404418945312
17129,600.2663981119791
17130,844.5979410807291
17131,501.20154825846356
17132,862.8364664713541
17133,979.322265625
17134,903.6753540039062
17135,694.6650390625
17136,1180.3351236979167
17137,833.8071695963541
17138,1272.0493570963542
17139,1654.1339518229167
17140,1935.5873209635417
17141,3432.2869466145835
17142,588.3837076822916
17143,928.0088297526041
17144,393.23780314127606
17145,1088.281005859375
17146,1334.7187906901042
17147,1179.85205078125
17148,904.6811726888021
17149,761.0776570638021
17150,687.3601684570312
17151,748.6540323893229
17152,537.3832194010416
17153,3153.454345703125
17154,1574.1714274088542
17155,774.5107625325521
17156,1009.7740885416666
17157,837.2293904622396
17158,781.7523803710938
17159,1058.4275716145833
17160,695.5736897786459
17161,926.7428995768229
17162,453.7384440104167
17163,1144.9056396484375
17164,854.8973999023438
17165,456.9000956217448
17166,1104.8999837239583
17167,1294.7716471354167
17168,771.5280354817709
17169,605.349853515625
17170,501.12572224934894
17171,1068.8512369791667
17172,1962.6605224609375
17173,1558.7653401692708
17174,1397.6358235677083
17175,586.8727416992188
17176,559.4215087890625
17177,1287.53955078125
17178,1542.2592366536458
17179,709.5157470703125
17180,1346.4237874348958
17181,852.2657063802084
17182,1439.7942708333333
17183,1161.798828125
17184,465.87391153971356
17185,805.4428507486979
17186,1579.9559733072917
17187,1103.7063395182292
17188,999.0005493164062
17189,615.1031697591146
17190,755.7792154947916
17191,895.7627563476562
17192,947.8202718098959
17193,2496.2215983072915
17194,1389.1737874348958
17195,585.9606526692709
17196,1190.5367838541667
17197,941.0445353190104
17198,740.7821655273438
17199,1084.3869222005208
17200,960.5231323242188
17201,625.1723836263021
17202,1248.2730712890625
17203,1182.80908203125
17204,1242.52978515625
17205,1887.1162923177083
17206,851.7297973632812
17207,916.2335001627604
17208,835.7538248697916
17209,574.4779663085938
17210,1345.3332926432292
17211,2417.7403157552085
17212,2394.5232747395835
17213,1549.7854410807292
17214,1050.86181640625
17215,1579.0978597005208
17216,448.181640625
17217,433.75526936848956
17218,969.6889851888021
17219,408.1300048828125
17220,895.4909871419271
17221,933.2224324544271
17222,880.1013387044271
17223,850.3182576497396
17224,1046.0642496744792
17225,900.8321736653646
17226,1033.5902913411458
17227,1264.7562662760417
17228,2059.133544921875
17229,943.52001953125
17230,688.4431762695312
17231,815.8417765299479
17232,1545.1814778645833
17233,1511.5801595052083
17234,947.98681640625
17235,593.7994181315104
17236,3073.8229166666665
17237,1127.1736653645833
17238,1331.7029622395833
17239,942.9531656901041
17240,890.1753133138021
17241,442.3002014160156
17242,2421.4720865885415
17243,455.6732686360677
17244,764.4769287109375
17245,1927.1434733072917
17246,1034.9110921223958
17247,970.9737345377604
17248,1617.0015869140625
17249,690.2831013997396
17250,552.7211100260416
17251,727.9947916666666
17252,742.0185546875
17253,1580.8062744140625
17254,1297.334228515625
17255,894.1985880533854
17256,1110.4242757161458
17257,1301.6488037109375
17258,1115.9794108072917
17259,589.9222005208334
17260,1157.4612223307292
17261,810.1032104492188
17262,1091.2385660807292
17263,1316.6167399088542
17264,1276.2509358723958
17265,1008.9647623697916
17266,1384.1353759765625
17267,692.2183837890625
17268,717.6635945638021
17269,678.9425862630209
17270,1276.0994873046875
17271,1665.8118896484375
17272,817.0642293294271
17273,1639.1797281901042
17274,591.2914021809896
17275,1011.5301513671875
17276,1066.90283203125
17277,618.2881266276041
17278,502.968017578125
17279,666.4517211914062
17280,840.0098266601562
17281,1118.7569580078125
17282,977.2294718424479
17283,741.9988606770834
17284,1135.619140625
17285,824.9258015950521
17286,1004.6444498697916
17287,552.9712524414062
17288,1293.7146809895833
17289,577.1327107747396
17290,1099.0956217447917
17291,980.9415486653646
17292,1184.6352945963542
17293,1160.0236409505208
17294,533.1234334309896
17295,688.9140625
17296,875.3302001953125
17297,1727.2130126953125
17298,1369.2622477213542
17299,846.499755859375
17300,609.7612915039062
17301,548.9232381184896
17302,1365.977294921875
17303,521.6451416015625
17304,1567.2338053385417
17305,842.2880045572916
17306,2316.114013671875
17307,1458.0467936197917
17308,1922.6689860026042
17309,1038.7195231119792
17310,505.3079325358073
17311,723.8200887044271
17312,682.9571533203125
17313,750.0510050455729
17314,997.5355224609375
17315,845.3425496419271
17316,850.2829386393229
17317,606.2441813151041
17318,969.9380696614584
17319,1218.1604817708333
17320,1593.7710367838542
17321,680.1277669270834
17322,1156.4979654947917
17323,749.9446614583334
17324,1348.0998128255208
17325,920.3763427734375
17326,1078.3845621744792
17327,2131.8294270833335
17328,1908.8078206380208
17329,1034.3077799479167
17330,1441.75537109375
17331,628.3777872721354
17332,1639.4271240234375
17333,680.7624308268229
17334,1897.69140625
17335,821.0682373046875
17336,1401.6237386067708
17337,2072.122314453125
17338,2095.7928873697915
17339,1690.2819010416667
17340,1105.3323567708333
17341,868.787109375
17342,676.6536458333334
17343,692.0629272460938
17344,526.98291015625
17345,2242.6512858072915
17346,401.7839050292969
17347,1321.1631266276042
17348,1432.582275390625
17349,945.7000122070312
17350,706.5234171549479
17351,484.8899739583333
17352,594.9722493489584
17353,628.1097615559896
17354,2084.333740234375
17355,891.9618530273438
17356,1082.3225911458333
17357,512.5578002929688
17358,1202.6245930989583
17359,959.8467203776041
17360,1561.1016845703125
17361,1679.3062744140625
17362,1522.5762532552083
17363,872.6673380533854
17364,959.4286092122396
17365,762.0646362304688
17366,858.6555582682291
17367,983.7096557617188
17368,1577.8056640625
17369,995.3402506510416
17370,915.7724812825521
17371,601.8619588216146
17372,853.9291585286459
17373,675.8931477864584
17374,717.2986653645834
17375,1384.3695882161458
17376,1892.33154296875
17377,481.7074686686198
17378,1069.51708984375
17379,1267.9590657552083
17380,938.9060465494791
17381,1939.6553955078125
17382,953.087890625
17383,1084.2906087239583
17384,2813.21728515625
17385,703.5729166666666
17386,1332.4512532552083
17387,3381.5184733072915
17388,951.8231404622396
17389,603.3848470052084
17390,1571.2078450520833
17391,1383.3625081380208
17392,892.08837890625
17393,1839.1581217447917
17394,1406.6710205078125
17395,886.9764811197916
17396,4145.902506510417
17397,1600.1249186197917
17398,1522.1070556640625
17399,972.2765909830729
17400,528.9950764973959
17401,567.5613606770834
17402,1205.1713460286458
17403,671.6669514973959
17404,2104.991455078125
17405,886.2018839518229
17406,1199.1705322265625
17407,435.80100504557294
17408,345.71807861328125
17409,1162.4319661458333
17410,668.3250935872396
17411,933.2815958658854
17412,516.3319905598959
17413,1726.3597005208333
17414,663.451904296875
17415,1408.0038655598958
17416,746.6325887044271
17417,857.2385660807291
17418,868.8492838541666
17419,2067.685546875
17420,324.4500427246094
17421,931.6009928385416
17422,548.7224527994791
17423,1139.9768473307292
17424,2195.3629557291665
17425,599.9882609049479
17426,478.22857666015625
17427,842.1016031901041
17428,1262.2531331380208
17429,1580.6814371744792
17430,981.1382446289062
17431,653.6173299153646
17432,746.647705078125
17433,517.8819580078125
17434,425.2568868001302
17435,1039.8460286458333
17436,1258.82470703125
17437,784.9581705729166
17438,665.9485880533854
17439,1633.3750406901042
17440,1026.0369873046875
17441,1364.618408203125
17442,1495.3838704427083
17443,475.3037821451823
17444,485.86510213216144
17445,1623.3682861328125
17446,827.6610514322916
17447,401.57554117838544
17448,946.5956217447916
17449,1292.9950764973958
17450,463.41330973307294
17451,860.0957438151041
17452,1007.7893473307291
17453,1335.7622477213542
17454,2667.644775390625
17455,1170.3590494791667
17456,1106.5906168619792
17457,1035.4047037760417
17458,827.5711669921875
17459,1236.6255696614583
17460,1054.8824055989583
17461,711.0536092122396
17462,986.8816528320312
17463,3123.2931315104165
17464,712.6212972005209
17465,1355.2140706380208
17466,676.6858113606771
17467,1240.4220377604167
17468,830.9580485026041
17469,1129.2505289713542
17470,768.5696818033854
17471,1058.1410725911458
17472,683.5697021484375
17473,741.474853515625
17474,503.8002115885417
17475,404.96348063151044
17476,852.9634399414062
17477,502.6053771972656
17478,562.1041463216146
17479,580.1140543619791
17480,765.4957885742188
17481,536.4580891927084
17482,484.84885660807294
17483,1102.8736572265625
17484,1202.1949055989583
17485,506.84056599934894
17486,806.5943806966146
17487,759.1759847005209
17488,2041.5188395182292
17489,719.8164265950521
17490,1081.6146647135417
17491,2125.4261881510415
17492,1272.49462890625
17493,2511.431396484375
17494,1364.0039876302083
17495,2157.6522623697915
17496,2249.9385579427085
17497,2835.91015625
17498,1108.0737711588542
17499,739.9310913085938
17500,1296.6434326171875
17501,1621.5552978515625
17502,752.4606119791666
17503,650.4919230143229
17504,980.1685994466146
17505,1281.6221923828125
17506,657.8447265625
17507,970.7363077799479
17508,519.31494140625
17509,2690.6185709635415
17510,2598.69580078125
17511,1085.9598388671875
17512,764.6064656575521
17513,2345.7926432291665
17514,1133.4090983072917
17515,984.5892740885416
17516,1734.3448486328125
17517,1469.7738444010417
17518,467.660888671875
17519,1012.9633992513021
17520,2932.4563802083335
17521,1588.7287190755208
17522,1584.1388346354167
17523,752.1340128580729
17524,770.5680135091146
17525,829.6699625651041
17526,1479.2043050130208
17527,1188.6309000651042
17528,839.4664510091146
17529,602.5539754231771
17530,859.7682088216146
17531,1217.6410725911458
17532,865.2784220377604
17533,861.9236653645834
17534,751.3960571289062
17535,470.3636983235677
17536,799.8274943033854
17537,2096.2467447916665
17538,1679.0727132161458
17539,2095.877197265625
17540,637.5742797851562
17541,1990.7091064453125
17542,1784.4921468098958
17543,855.2033284505209
17544,921.2587280273438
17545,855.3821614583334
17546,982.6589762369791
17547,1108.9687906901042
17548,996.9824625651041
17549,2982.3096516927085
17550,769.9715576171875
17551,1107.0422770182292
17552,1429.2283121744792
17553,606.4556070963541
17554,3161.9619954427085
17555,840.821533203125
17556,1605.4173583984375
17557,1048.6016438802083
17558,1278.879638671875
17559,714.3570556640625
17560,905.3669637044271
17561,2185.3534342447915
17562,769.8522338867188
17563,468.5049540201823
17564,861.2999471028646
17565,718.9691772460938
17566,771.3823038736979
17567,517.283203125
17568,1420.7837727864583
17569,1332.6438395182292
17570,1116.5952555338542
17571,483.1642659505208
17572,526.3217569986979
17573,770.1043701171875
17574,1147.504638671875
17575,1551.9868570963542
17576,966.6521809895834
17577,1670.2981363932292
17578,759.9064534505209
17579,2229.043212890625
17580,1766.0693766276042
17581,930.1666463216146
17582,857.6249796549479
17583,1853.9745686848958
17584,688.1133219401041
17585,755.9323933919271
17586,704.0199788411459
17587,519.7702026367188
17588,1875.4024251302083
17589,914.5512288411459
17590,635.4071858723959
17591,567.3602498372396
17592,747.0643513997396
17593,562.8922729492188
17594,744.6072591145834
17595,972.4689127604166
17596,881.3172810872396
17597,1089.188720703125
17598,1125.0472819010417
17599,726.0202026367188
17600,2467.3299967447915
17601,619.2997639973959
17602,661.5749715169271
17603,720.5347493489584
17604,358.83843994140625
17605,612.6569620768229
17606,959.1736246744791
17607,1663.9110921223958
17608,540.1287434895834
17609,3072.6388346354165
17610,924.2699381510416
17611,754.7704467773438
17612,474.8354899088542
17613,698.6184285481771
17614,808.60302734375
17615,706.8233032226562
17616,802.4259033203125
17617,921.9855753580729
17618,2227.0054524739585
17619,1220.0568033854167
17620,1014.9027099609375
17621,964.2509969075521
17622,590.4994099934896
17623,417.89617919921875
17624,914.8841552734375
17625,1434.6919759114583
17626,543.7346394856771
17627,681.6365356445312
17628,1196.1649983723958
17629,847.40576171875
17630,566.4235229492188
17631,693.2124226888021
17632,759.9894816080729
17633,1820.698974609375
17634,708.2243855794271
17635,992.7061360677084
17636,646.3306681315104
17637,2795.7772623697915
17638,802.5113525390625
17639,4396.21435546875
17640,723.5546264648438
17641,725.8768920898438
17642,712.1479085286459
17643,1365.9986165364583
17644,650.2896321614584
17645,659.8025716145834
17646,1015.6478271484375
17647,6118.989420572917
17648,732.5970662434896
17649,810.0792643229166
17650,1085.8860677083333
17651,892.5930989583334
17652,624.8346761067709
17653,883.8407592773438
17654,1464.4709065755208
17655,1267.9470621744792
17656,670.2654622395834
17657,556.1920776367188
17658,971.1664632161459
17659,689.0899658203125
17660,1906.4044596354167
17661,2300.75732421875
17662,665.0220336914062
17663,1484.4628499348958
17664,694.7037963867188
17665,854.3707071940104
17666,1086.6836344401042
17667,1500.3836263020833
17668,1066.1573079427083
17669,453.38913981119794
17670,894.4500732421875
17671,1681.9759521484375
17672,1067.0820719401042
17673,1763.270751953125
17674,469.43003336588544
17675,1319.4857584635417
17676,1588.2579345703125
17677,1976.6649169921875
17678,1366.4590657552083
17679,703.7159423828125
17680,869.7424519856771
17681,863.5753580729166
17682,565.512451171875
17683,1521.0242106119792
17684,989.649169921875
17685,888.3561401367188
17686,1237.0537516276042
17687,604.7428588867188
17688,804.6030476888021
17689,772.7440388997396
17690,701.22705078125
17691,766.0597941080729
17692,796.4864705403646
17693,1208.1387939453125
17694,709.9645182291666
17695,766.5621337890625
17696,2275.3594563802085
17697,784.2672322591146
17698,1657.1520589192708
17699,1115.9461263020833
17700,1047.1756184895833
17701,617.9700724283854
17702,700.0268147786459
17703,905.1432291666666
17704,834.1877644856771
17705,945.7070922851562
17706,554.5787556966146
17707,790.0400390625
17708,767.5647583007812
17709,842.4363810221354
17710,1228.3399251302083
17711,1514.2656656901042
17712,696.3605143229166
17713,1007.9565022786459
17714,927.3707275390625
17715,1410.0972493489583
17716,709.432373046875
17717,1057.0727945963542
17718,645.6832071940104
17719,2251.2254231770835
17720,631.0717163085938
17721,602.5150756835938
17722,939.5954996744791
17723,908.5733439127604
17724,596.2856648763021
17725,1203.9073893229167
17726,639.255859375
17727,2200.5575358072915
17728,1918.7008056640625
17729,865.8410847981771
17730,607.63671875
17731,819.2803141276041
17732,2260.4413248697915
17733,1423.2552897135417
17734,804.7246297200521
17735,741.4219970703125
17736,2591.5818684895835
17737,1130.5409749348958
17738,1194.3318277994792
17739,643.5071818033854
17740,745.1259765625
17741,514.649658203125
17742,559.2093098958334
17743,1008.7509969075521
17744,1043.0570882161458
17745,1420.6644694010417
17746,842.0065511067709
17747,1918.2191569010417
17748,1393.89794921875
17749,1292.1407063802083
17750,876.2140502929688
17751,566.4078572591146
17752,1418.0758056640625
17753,1165.1228841145833
17754,930.7738850911459
17755,1677.3126220703125
17756,773.3261515299479
17757,517.7817789713541
17758,609.3336181640625
17759,1046.0625813802083
17760,991.3427124023438
17761,1184.3005777994792
17762,1478.1305338541667
17763,513.556884765625
17764,1023.1121419270834
17765,948.9616902669271
17766,1108.7620442708333
17767,1138.6796061197917
17768,609.4493001302084
17769,1562.2205403645833
17770,1161.2583414713542
17771,951.9840291341146
17772,400.8440450032552
17773,745.1529744466146
17774,661.2269490559896
17775,914.1858317057291
17776,955.7107137044271
17777,579.8056640625
17778,725.3878784179688
17779,608.3974202473959
17780,899.3456013997396
17781,1178.769775390625
17782,720.0596516927084
17783,2254.349853515625
17784,1309.5723876953125
17785,938.5192260742188
17786,1290.5514729817708
17787,830.1384073893229
17788,582.2046305338541
17789,1062.88134765625
17790,1732.4816080729167
17791,1874.9471435546875
17792,894.8252766927084
17793,516.8413289388021
17794,783.6056518554688
17795,1074.9268391927083
17796,946.9610595703125
17797,763.1279093424479
17798,993.8903401692709
17799,1553.1406656901042
17800,1564.5349527994792
17801,1009.026123046875
17802,1856.8707682291667
17803,777.8683471679688
17804,678.5375773111979
17805,1272.4871419270833
17806,1216.5060221354167
17807,987.5839233398438
17808,826.1453653971354
17809,540.0462646484375
17810,506.1681416829427
17811,2260.402099609375
17812,1710.0503336588542
17813,1477.3906656901042
17814,1551.9874267578125
17815,759.8799235026041
17816,1053.1039225260417
17817,1850.3904215494792
17818,1255.8876546223958
17819,738.6849365234375
17820,1345.8648681640625
17821,974.1090087890625
17822,693.5753173828125
17823,842.6630859375
17824,1088.1794840494792
17825,767.1127115885416
17826,2070.1932779947915
17827,1079.2967936197917
17828,833.6765543619791
17829,606.1290893554688
17830,1132.5074462890625
17831,1690.6730550130208
17832,919.1856486002604
17833,598.9342041015625
17834,617.408935546875
17835,12133.150065104166
17836,813.9055786132812
17837,552.0476277669271
17838,1250.735107421875
17839,1135.9698079427083
17840,993.4236450195312
17841,1322.2168375651042
17842,1632.1597086588542
17843,1858.3492431640625
17844,1240.1170247395833
17845,1154.266845703125
17846,889.5336710611979
17847,686.1690673828125
17848,1265.6536458333333
17849,1361.2178141276042
17850,1427.014892578125
17851,614.2738647460938
17852,798.702392578125
17853,627.5616251627604
17854,1915.9280598958333
17855,1752.4799397786458
17856,1192.8977864583333
17857,556.1807861328125
17858,331.23114013671875
17859,793.9178263346354
17860,380.15013631184894
17861,755.1280110677084
17862,900.8347574869791
17863,1116.3363037109375
17864,621.7602742513021
17865,1671.845703125
17866,1042.8519287109375
17867,984.023681640625
17868,968.743408203125
17869,555.6278889973959
17870,637.922607421875
17871,713.5181477864584
17872,978.5901692708334
17873,2022.7606201171875
17874,1529.3686930338542
17875,1001.1470336914062
17876,671.3682250976562
17877,953.094482421875
17878,2353.930419921875
17879,605.9300333658854
17880,710.7925618489584
17881,449.14569091796875
17882,820.0755004882812
17883,430.4705505371094
17884,1108.4258219401042
17885,1001.1397705078125
17886,1025.4709879557292
17887,999.2182210286459
17888,749.2158610026041
17889,595.929931640625
17890,668.1979166666666
17891,1117.1201985677083
17892,946.3210245768229
17893,880.3875122070312
17894,1075.5180257161458
17895,1192.0921630859375
17896,1072.8780110677083
17897,1062.7657063802083
17898,548.9812215169271
17899,502.9563496907552
17900,3651.352783203125
17901,1396.158935546875
17902,946.1610310872396
17903,566.4996744791666
17904,720.2619222005209
17905,838.8028971354166
17906,654.7139689127604
17907,1776.052978515625
17908,420.8779296875
17909,563.9721069335938
17910,2136.735595703125
17911,965.6139322916666
17912,962.8622436523438
17913,1278.4503173828125
17914,978.5791625976562
17915,4252.489583333333
17916,757.8083902994791
17917,2125.142578125
17918,793.0450032552084
17919,792.7764689127604
17920,619.5953369140625
17921,732.7480265299479
17922,844.6944376627604
17923,597.5538330078125
17924,1068.4980061848958
17925,728.6688435872396
17926,616.6744995117188
17927,1239.5753987630208
17928,769.3140869140625
17929,600.1216227213541
17930,1578.8240966796875
17931,946.3424886067709
17932,564.8804728190104
17933,698.8721923828125
17934,680.4188028971354
17935,1185.0419921875
17936,561.8612060546875
17937,721.020751953125
17938,801.2194417317709
17939,2172.9004720052085
17940,1939.2748209635417
17941,999.0184122721354
17942,964.0636596679688
17943,983.4688313802084
17944,589.3682454427084
17945,991.8140665690104
17946,1643.6278483072917
17947,1052.8032633463542
17948,563.1950073242188
17949,721.558349609375
17950,627.7281697591146
17951,1702.2334798177083
17952,989.0338745117188
17953,566.5324910481771
17954,1207.9065348307292
17955,760.0157470703125
17956,1366.3570963541667
17957,994.2730509440104
17958,758.6690877278646
17959,1454.7893473307292
17960,675.5226440429688
17961,755.5348103841146
17962,840.9292195638021
17963,742.5396931966146
17964,638.7690022786459
17965,941.0012410481771
17966,774.8959350585938
17967,765.2257080078125
17968,635.1746622721354
17969,797.8359578450521
17970,491.13657633463544
17971,1996.8068440755208
17972,744.4735514322916
17973,1045.3271077473958
17974,1205.0467122395833
17975,781.9154459635416
17976,607.9893391927084
17977,781.4822387695312
17978,1241.4105631510417
17979,780.0806477864584
17980,927.6138102213541
17981,438.1829833984375
17982,632.8868001302084
17983,828.3607788085938
17984,1922.5972900390625
17985,689.3817952473959
17986,1337.5772705078125
17987,12395.583658854166
17988,1593.4837646484375
17989,900.3408610026041
17990,1011.3142903645834
17991,740.1274820963541
17992,663.6143188476562
17993,445.29669189453125
17994,4932.9365234375
17995,566.2473958333334
17996,1722.5911051432292
17997,1194.0872802734375
17998,911.7813720703125
17999,819.1898803710938
18000,1699.4497477213542
18001,2763.6865234375
18002,616.7747599283854
18003,1217.4822998046875
18004,567.1039835611979
18005,595.8777669270834
18006,989.7759602864584
18007,1368.4872639973958
18008,519.1989542643229
18009,1485.4201253255208
18010,984.8950398763021
18011,456.39479573567706
18012,1473.0806477864583
18013,1161.7549641927083
18014,3222.6437174479165
18015,679.0417073567709
18016,950.4576212565104
18017,539.2615763346354
18018,850.0353597005209
18019,902.9199829101562
18020,1118.0269368489583
18021,640.3446044921875
18022,901.7501220703125
18023,681.8529459635416
18024,1341.9368489583333
18025,849.9606323242188
18026,687.2987060546875
18027,808.5670572916666
18028,781.8875935872396
18029,703.6407267252604
18030,1266.1351725260417
18031,701.4951375325521
18032,1002.0235799153646
18033,2324.6934407552085
18034,455.2541910807292
18035,692.2091267903646
18036,1364.1643880208333
18037,766.0602620442709
18038,911.2923177083334
18039,596.7832438151041
18040,1176.8551432291667
18041,1792.1987711588542
18042,937.4594319661459
18043,735.8065592447916
18044,2101.960205078125
18045,1488.2755533854167
18046,972.9780680338541
18047,793.9496663411459
18048,2195.8172200520835
18049,1091.3859049479167
18050,1635.2646891276042
18051,1301.6916097005208
18052,1446.2764078776042
18053,1337.4591064453125
18054,916.3978474934896
18055,1011.164794921875
18056,694.463134765625
18057,479.8811747233073
18058,1009.645751953125
18059,810.1617228190104
18060,1143.4053548177083
18061,1105.9374593098958
18062,1187.6233723958333
18063,1204.6855875651042
18064,979.3693237304688
18065,691.0971272786459
18066,570.4012451171875
18067,901.6372477213541
18068,1381.1389973958333
18069,827.1567993164062
18070,1544.3709309895833
18071,1870.8333740234375
18072,2221.5079752604165
18073,374.88170369466144
18074,713.6317545572916
18075,419.7714538574219
18076,800.4288940429688
18077,1009.0552164713541
18078,938.2143758138021
18079,1104.6564127604167
18080,963.7992553710938
18081,609.69482421875
18082,1187.6821695963542
18083,538.8249918619791
18084,1390.407470703125
18085,1079.8428141276042
18086,987.9560750325521
18087,1305.4290771484375
18088,2140.5685221354165
18089,612.8994750976562
18090,994.2149658203125
18091,965.7621053059896
18092,660.4784749348959
18093,503.7200622558594
18094,788.2935180664062
18095,1047.0880533854167
18096,828.6967569986979
18097,909.1170857747396
18098,681.1443074544271
18099,1500.8801676432292
18100,1326.2555338541667
18101,740.2017822265625
18102,595.6597493489584
18103,1013.8665974934896
18104,845.5424194335938
18105,752.1100463867188
18106,1625.0150553385417
18107,644.2406412760416
18108,1464.61083984375
18109,1336.1580403645833
18110,531.5174153645834
18111,1815.4507242838542
18112,646.0738118489584
18113,580.3281046549479
18114,856.750732421875
18115,1651.6005859375
18116,1702.7236328125
18117,1100.2960611979167
18118,966.552001953125
18119,823.1071166992188
18120,2274.8548990885415
18121,609.1363118489584
18122,1612.0845947265625
18123,1900.3779703776042
18124,1360.1785074869792
18125,543.1962890625
18126,848.4501546223959
18127,682.295654296875
18128,980.0857340494791
18129,1429.6564127604167
18130,1521.0479329427083
18131,1684.6035563151042
18132,1739.9781494140625
18133,433.0047302246094
18134,1471.748046875
18135,1001.5518595377604
18136,493.8077087402344
18137,856.3178507486979
18138,521.3233642578125
18139,1075.9057210286458
18140,1007.6019694010416
18141,724.4583333333334
18142,1511.6019694010417
18143,1499.0065104166667
18144,1073.496337890625
18145,1045.2931315104167
18146,1117.6669921875
18147,795.5137532552084
18148,386.53656005859375
18149,828.6115112304688
18150,1537.2371826171875
18151,985.4583333333334
18152,3101.7023111979165
18153,645.7577718098959
18154,782.8621826171875
18155,1087.3203125
18156,1449.8475748697917
18157,705.4525960286459
18158,2030.2766927083333
18159,2094.2561848958335
18160,1306.5609537760417
18161,1141.7845052083333
18162,595.4867553710938
18163,690.6544596354166
18164,1121.6841227213542
18165,1737.8313395182292
18166,606.4271036783854
18167,1551.4134521484375
18168,1441.235107421875
18169,1060.9608968098958
18170,437.5003153483073
18171,566.0633951822916
18172,1502.9735514322917
18173,579.3634847005209
18174,998.1466674804688
18175,794.2553304036459
18176,1508.8040771484375
18177,771.8483479817709
18178,844.7435709635416
18179,1583.411376953125
18180,934.6240844726562
18181,1797.5025227864583
18182,520.5323282877604
18183,1378.53076171875
18184,527.6903483072916
18185,650.3519694010416
18186,440.448486328125
18187,1076.7320963541667
18188,670.9806315104166
18189,1459.9123942057292
18190,1614.3404947916667
18191,844.0716552734375
18192,816.6064860026041
18193,1723.985107421875
18194,2322.9861653645835
18195,452.04198201497394
18196,1126.8015543619792
18197,747.2718302408854
18198,1108.6807861328125
18199,941.5389200846354
18200,12049.6943359375
18201,723.7637329101562
18202,760.31982421875
18203,743.1038004557291
18204,729.9123942057291
18205,936.0099080403646
18206,817.7557169596354
18207,707.2574666341146
18208,1179.5225016276042
18209,1650.5340576171875
18210,893.8638102213541
18211,1118.2437744140625
18212,1053.3161214192708
18213,1096.7104899088542
18214,726.2237955729166
18215,823.1165364583334
18216,842.6984049479166
18217,1002.7236735026041
18218,1309.0450846354167
18219,634.2351481119791
18220,700.2939860026041
18221,1542.0161946614583
18222,1070.0183512369792
18223,1712.6258544921875
18224,794.5823771158854
18225,762.6367594401041
18226,823.67724609375
18227,444.6227620442708
18228,513.3943481445312
18229,1354.3362630208333
18230,1068.2280680338542
18231,424.37514241536456
18232,652.70361328125
18233,1293.685546875
18234,448.85695393880206
18235,1787.0797526041667
18236,664.9573974609375
18237,2308.7232259114585
18238,1475.3517659505208
18239,611.6705729166666
18240,757.1134847005209
18241,2049.04345703125
18242,828.1671956380209
18243,714.9671020507812
18244,1222.1804606119792
18245,615.2318115234375
18246,568.4295857747396
18247,582.1417643229166
18248,888.4501953125
18249,1186.646240234375
18250,887.9024454752604
18251,464.967529296875
18252,1310.3185221354167
18253,538.1796671549479
18254,1180.1592610677083
18255,1541.5076904296875
18256,1533.6821695963542
18257,863.2960205078125
18258,638.868408203125
18259,799.6204427083334
18260,1774.9671630859375
18261,1648.3573404947917
18262,1177.8866780598958
18263,1247.3620198567708
18264,941.1897379557291
18265,772.0501912434896
18266,1178.740478515625
18267,794.2292683919271
18268,2581.4615071614585
18269,1148.2785237630208
18270,1079.1937662760417
18271,1186.46044921875
18272,659.4308878580729
18273,497.8984375
18274,705.4784342447916
18275,1299.134521484375
18276,540.1873575846354
18277,2237.873779296875
18278,785.5966593424479
18279,1200.320068359375
18280,1279.8059488932292
18281,550.100830078125
18282,693.1695760091146
18283,2617.6375325520835
18284,1310.9073486328125
18285,1007.8711954752604
18286,535.2435709635416
18287,984.4759724934896
18288,803.2974650065104
18289,990.2840779622396
18290,720.8254801432291
18291,688.1160888671875
18292,555.3818766276041
18293,1200.2903645833333
18294,1109.97607421875
18295,1064.5778401692708
18296,743.3853149414062
18297,768.5577799479166
18298,789.7210693359375
18299,1317.7143961588542
18300,989.6099243164062
18301,753.0975545247396
18302,811.2307332356771
18303,652.8382568359375
18304,1156.5535481770833
18305,1007.6432291666666
18306,2478.37841796875
18307,480.37786865234375
18308,844.6287638346354
18309,754.3110555013021
18310,495.8866882324219
18311,671.0009358723959
18312,730.2278442382812
18313,1025.45849609375
18314,872.0273030598959
18315,463.1989440917969
18316,746.3929239908854
18317,783.4738159179688
18318,1183.5722249348958
18319,821.99267578125
18320,1246.43212890625
18321,903.7363891601562
18322,755.2939656575521
18323,813.420166015625
18324,1468.9918212890625
18325,894.8684488932291
18326,1711.3144124348958
18327,634.9642333984375
18328,1127.9704182942708
18329,658.3208211263021
18330,1507.3089192708333
18331,469.91163126627606
18332,892.0532023111979
18333,1034.6585286458333
18334,581.5397745768229
18335,1422.8141682942708
18336,605.7188517252604
18337,759.9425862630209
18338,1729.1530354817708
18339,1030.4591878255208
18340,1180.8419189453125
18341,1437.7836100260417
18342,3069.4710286458335
18343,1045.7030029296875
18344,1023.47412109375
18345,499.8202412923177
18346,1133.5995279947917
18347,716.7945963541666
18348,1005.7735392252604
18349,458.2847900390625
18350,642.6928914388021
18351,938.4930826822916
18352,674.7364705403646
18353,582.7292073567709
18354,827.0526123046875
18355,505.7455342610677
18356,1694.3273518880208
18357,1159.4940999348958
18358,915.7043863932291
18359,4924.623697916667
18360,1127.4063313802083
18361,1435.3314615885417
18362,1148.6702473958333
18363,2016.1730550130208
18364,688.264404296875
18365,817.9825236002604
18366,1402.5069173177083
18367,1561.9236653645833
18368,1183.9500325520833
18369,1070.7129720052083
18370,924.1974690755209
18371,883.7908935546875
18372,818.6492106119791
18373,553.5833536783854
18374,934.2290852864584
18375,545.6406656901041
18376,1306.0268147786458
18377,714.0784098307291
18378,440.73077392578125
18379,854.5055135091146
18380,614.2180989583334
18381,1316.8859456380208
18382,559.7218627929688
18383,1132.0672607421875
18384,694.106689453125
18385,1159.8360595703125
18386,2475.1171875
18387,1262.6533203125
18388,1364.1089274088542
18389,771.9266560872396
18390,916.8123779296875
18391,1150.578369140625
18392,731.1096801757812
18393,623.029541015625
18394,801.2628377278646
18395,484.3551940917969
18396,733.6275634765625
18397,1369.3016764322917
18398,880.0187784830729
18399,1908.1337076822917
18400,1747.267822265625
18401,906.7993774414062
18402,1326.8165283203125
18403,576.5841878255209
18404,462.9419860839844
18405,679.208740234375
18406,849.5972493489584
18407,625.1177978515625
18408,747.2497762044271
18409,1576.1484375
18410,687.2017211914062
18411,1036.9635009765625
18412,1498.4983723958333
18413,717.1878051757812
18414,2337.111328125
18415,782.3079630533854
18416,635.1100870768229
18417,1388.1322835286458
18418,1551.2729899088542
18419,1277.7354736328125
18420,932.1590779622396
18421,814.6968383789062
18422,1521.9881591796875
18423,2250.4095052083335
18424,529.2754720052084
18425,1376.6900227864583
18426,494.92681884765625
18427,586.8411254882812
18428,706.5767822265625
18429,527.2146809895834
18430,769.3502197265625
18431,1741.6042887369792
18432,1067.4074300130208
18433,1617.4626871744792
18434,5053.330403645833
18435,1425.5561930338542
18436,912.8894653320312
18437,881.5949096679688
18438,940.6701049804688
18439,667.0364379882812
18440,1001.0702921549479
18441,986.6073201497396
18442,532.670166015625
18443,1850.9287923177083
18444,602.1555582682291
18445,737.7340698242188
18446,1389.7646077473958
18447,1018.9803873697916
18448,593.5937093098959
18449,669.8978881835938
18450,582.6021728515625
18451,945.1857706705729
18452,805.427001953125
18453,889.0546875
18454,894.9853312174479
18455,688.9062703450521
18456,490.78504435221356
18457,1712.3938802083333
18458,645.3921915690104
18459,708.9123128255209
18460,418.75270589192706
18461,946.2353515625
18462,769.5274861653646
18463,658.7537027994791
18464,626.0874837239584
18465,755.4149373372396
18466,682.1323649088541
18467,634.5280354817709
18468,933.623046875
18469,526.7250366210938
18470,639.4155883789062
18471,703.9332478841146
18472,1053.9052327473958
18473,1625.0183919270833
18474,1460.6940511067708
18475,1612.9119873046875
18476,1287.5997314453125
18477,823.0794067382812
18478,668.1271362304688
18479,1826.06640625
18480,851.7945149739584
18481,897.2183837890625
18482,1679.989013671875
18483,1216.812744140625
18484,550.4286702473959
18485,582.6506144205729
18486,562.5223999023438
18487,346.7828776041667
18488,1192.4381510416667
18489,670.6543782552084
18490,925.3343302408854
18491,849.6105346679688
18492,1151.8349609375
18493,745.7152506510416
18494,858.7152099609375
18495,1878.27294921875
18496,1485.140869140625
18497,1238.3646240234375
18498,844.2463785807291
18499,899.6961263020834
18500,971.1574096679688
18501,910.0021769205729
18502,475.49346923828125
18503,3279.6494954427085
18504,710.4027709960938
18505,1256.3026529947917
18506,800.0719604492188
18507,391.08400472005206
18508,1394.849365234375
18509,2606.8361002604165
18510,831.122802734375
18511,608.6679280598959
18512,1623.4792887369792
18513,4611.396647135417
18514,1298.2172037760417
18515,971.0048217773438
18516,1063.4603678385417
18517,1385.5181884765625
18518,777.3264770507812
18519,1448.1147867838542
18520,1473.9060872395833
18521,1312.83837890625
18522,1502.0801595052083
18523,483.28844197591144
18524,1021.4110514322916
18525,1278.2107340494792
18526,927.2513631184896
18527,724.7716267903646
18528,905.5359090169271
18529,1505.6305745442708
18530,1441.3468017578125
18531,684.5421956380209
18532,410.19189453125
18533,962.2316080729166
18534,445.27549235026044
18535,822.7225341796875
18536,1925.8787841796875
18537,887.60888671875
18538,682.7428588867188
18539,632.6625366210938
18540,841.5225626627604
18541,606.0762329101562
18542,2114.6543782552085
18543,636.4544677734375
18544,1011.3168334960938
18545,597.9011637369791
18546,1479.3733723958333
18547,505.28429158528644
18548,2265.5638834635415
18549,635.7641398111979
18550,657.0677083333334
18551,793.1158650716146
18552,735.9263509114584
18553,1048.7698974609375
18554,833.9068400065104
18555,1339.9173177083333
18556,784.3863118489584
18557,784.2354125976562
18558,626.5600179036459
18559,832.3238525390625
18560,1309.3463541666667
18561,1281.2848307291667
18562,545.2909138997396
18563,1477.228271484375
18564,1265.9172770182292
18565,732.1051228841146
18566,511.95448811848956
18567,1604.9756266276042
18568,800.0809529622396
18569,801.7210693359375
18570,486.9423116048177
18571,1402.526611328125
18572,989.8472086588541
18573,972.5305786132812
18574,898.9480794270834
18575,941.1319986979166
18576,1573.5583089192708
18577,835.3484293619791
18578,1015.1099446614584
18579,751.1147664388021
18580,1807.7163492838542
18581,840.3341878255209
18582,651.2903849283854
18583,754.9336344401041
18584,848.370361328125
18585,1118.1220296223958
18586,463.39795939127606
18587,570.6795857747396
18588,574.4903564453125
18589,538.0196533203125
18590,655.19091796875
18591,927.9220784505209
18592,449.49658203125
18593,572.8935546875
18594,1147.9814860026042
18595,2418.4707845052085
18596,570.9366048177084
18597,715.9927775065104
18598,612.4268595377604
18599,370.3554280598958
18600,670.0090128580729
18601,1303.3205973307292
18602,2793.8538411458335
18603,1805.7996012369792
18604,1020.5587565104166
18605,2443.2320149739585
18606,1236.8388264973958
18607,924.4383341471354
18608,978.1919148763021
18609,2087.8297526041665
18610,668.5819702148438
18611,1296.1716715494792
18612,783.5785929361979
18613,1469.0230712890625
18614,530.8722941080729
18615,345.31739298502606
18616,1151.797607421875
18617,2235.5118001302085
18618,1102.7904052734375
18619,675.2313435872396
18620,1079.2792154947917
18621,2961.9292805989585
18622,612.4956665039062
18623,873.1347045898438
18624,968.9238688151041
18625,1062.8868001302083
18626,1299.1049397786458
18627,573.4326578776041
18628,846.5819295247396
18629,858.8357137044271
18630,1807.2308349609375
18631,1133.7130126953125
18632,582.7240397135416
18633,668.6643676757812
18634,542.0693359375
18635,597.9773559570312
18636,1224.4321695963542
18637,2103.6687825520835
18638,4238.566080729167
18639,704.6684977213541
18640,1179.2252197265625
18641,1108.5196940104167
18642,1180.8033040364583
18643,777.1145833333334
18644,620.7113444010416
18645,1018.1712036132812
18646,402.3400166829427
18647,1490.7691243489583
18648,654.9782104492188
18649,1066.6476236979167
18650,2142.2294108072915
18651,698.0044352213541
18652,879.1948038736979
18653,1069.2560628255208
18654,866.3186238606771
18655,630.7921142578125
18656,1015.5585734049479
18657,656.8407999674479
18658,642.1292317708334
18659,650.0858764648438
18660,1202.5835367838542
18661,2259.7383626302085
18662,458.86681111653644
18663,556.9630126953125
18664,848.5685424804688
18665,606.7718709309896
18666,830.4483439127604
18667,1319.7388509114583
18668,2906.2266438802085
18669,809.4456380208334
18670,653.6443277994791
18671,1273.9700927734375
18672,890.09326171875
18673,1492.6265462239583
18674,2021.740478515625
18675,3078.1377766927085
18676,505.86229451497394
18677,1339.6844075520833
18678,628.6529337565104
18679,817.7609456380209
18680,4635.520345052083
18681,986.740966796875
18682,1188.5159098307292
18683,750.2163899739584
18684,1336.2623697916667
18685,1491.7987874348958
18686,781.7452189127604
18687,947.7840576171875
18688,1139.349609375
18689,821.9281616210938
18690,887.6930338541666
18691,552.4253540039062
18692,1913.3028971354167
18693,1266.7636311848958
18694,523.0830078125
18695,447.0138854980469
18696,1021.5999755859375
18697,1177.8899739583333
18698,1428.524169921875
18699,1723.0133463541667
18700,2387.3951009114585
18701,715.7222900390625
18702,674.761474609375
18703,971.8804931640625
18704,1142.3486328125
18705,2481.966796875
18706,729.7954305013021
18707,498.9066670735677
18708,513.9855753580729
18709,651.2787882486979
18710,2551.8763834635415
18711,1015.1004638671875
18712,1655.2867431640625
18713,581.1348673502604
18714,844.9376017252604
18715,1446.03564453125
18716,670.0148111979166
18717,1184.4156087239583
18718,656.3701985677084
18719,596.1780395507812
18720,1145.1000569661458
18721,1068.86962890625
18722,762.916259765625
18723,2366.741943359375
18724,1073.5868733723958
18725,481.16234334309894
18726,740.5462239583334
18727,1036.0923665364583
18728,581.1302490234375
18729,764.4419555664062
18730,373.07372029622394
18731,533.9635823567709
18732,1570.1733805338542
18733,485.0682881673177
18734,1090.47607421875
18735,1353.5304768880208
18736,857.3009643554688
18737,621.0275065104166
18738,4171.87744140625
18739,660.2970987955729
18740,964.5039672851562
18741,541.4367879231771
18742,700.5024007161459
18743,416.3573811848958
18744,1671.0636800130208
18745,928.4592895507812
18746,421.0004374186198
18747,1687.5604654947917
18748,2915.9048665364585
18749,533.6428629557291
18750,1169.712646484375
18751,638.7954508463541
18752,1301.0411783854167
18753,517.4502766927084
18754,843.7147827148438
18755,915.5542399088541
18756,1222.97705078125
18757,2779.988037109375
18758,645.8595174153646
18759,864.6686808268229
18760,883.9632364908854
18761,878.6948445638021
18762,940.1892700195312
18763,914.1142374674479
18764,622.9323527018229
18765,860.4439290364584
18766,659.7934773763021
18767,832.6909586588541
18768,808.1441040039062
18769,589.1877848307291
18770,587.2015787760416
18771,475.19012451171875
18772,969.6993001302084
18773,1303.6368001302083
18774,594.9975992838541
18775,653.6527709960938
18776,1001.9362589518229
18777,620.6280721028646
18778,807.8140055338541
18779,435.2237548828125
18780,755.4336344401041
18781,920.83349609375
18782,745.2035522460938
18783,510.39064534505206
18784,576.1509399414062
18785,1943.3481852213542
18786,1555.0973307291667
18787,1149.8693440755208
18788,1054.5613199869792
18789,691.6265258789062
18790,1606.8588460286458
18791,959.9936116536459
18792,481.267822265625
18793,751.9679768880209
18794,674.0092569986979
18795,645.634521484375
18796,1118.2427164713542
18797,733.3455810546875
18798,623.8216349283854
18799,1193.5133870442708
18800,1098.4391276041667
18801,829.4235229492188
18802,671.8460286458334
18803,3002.9368489583335
18804,914.9510091145834
18805,890.8415323893229
18806,1779.7158203125
18807,1203.4155680338542
18808,943.3173217773438
18809,1558.6311442057292
18810,2057.4404296875
18811,707.0783081054688
18812,617.3104451497396
18813,2456.4166666666665
18814,1058.0249837239583
18815,615.0315551757812
18816,637.9998372395834
18817,631.8559977213541
18818,974.0067749023438
18819,918.4639282226562
18820,1273.7207845052083
18821,911.6201171875
18822,738.5392049153646
18823,1005.6240641276041
18824,838.6413167317709
18825,1075.14306640625
18826,622.7654825846354
18827,685.6783854166666
18828,768.7137044270834
18829,1223.6712646484375
18830,669.9618326822916
18831,1085.8223876953125
18832,1414.1479085286458
18833,1201.4850260416667
18834,785.5485229492188
18835,1853.2281494140625
18836,1316.3905843098958
18837,788.564208984375
18838,701.9685872395834
18839,839.4909464518229
18840,836.4088948567709
18841,1782.7289632161458
18842,803.0888875325521
18843,1986.4170328776042
18844,1612.5595703125
18845,1726.1233723958333
18846,831.4008992513021
18847,3331.483154296875
18848,709.6853637695312
18849,1428.0911051432292
18850,1146.1995849609375
18851,842.2750040690104
18852,591.3321126302084
18853,862.6780192057291
18854,1536.141845703125
18855,1935.6691487630208
18856,831.2403767903646
18857,1605.8468017578125
18858,507.3104248046875
18859,754.1106160481771
18860,666.5074869791666
18861,1626.7066243489583
18862,1934.0417887369792
18863,1362.0865885416667
18864,1285.4530436197917
18865,1082.5273844401042
18866,725.3639933268229
18867,523.2886759440104
18868,581.8366088867188
18869,1180.2956949869792
18870,1005.2740275065104
18871,1639.1480305989583
18872,700.1563110351562
18873,848.9463704427084
18874,1664.1971028645833
18875,673.9704182942709
18876,1631.1169026692708
18877,751.5959676106771
18878,956.0451049804688
18879,935.0764973958334
18880,1546.7583414713542
18881,787.6193644205729
18882,745.830078125
18883,471.0866292317708
18884,836.6837768554688
18885,688.4274291992188
18886,613.7882690429688
18887,1571.209716796875
18888,1025.9446411132812
18889,581.8437703450521
18890,1480.7115478515625
18891,1588.01318359375
18892,902.8515218098959
18893,948.7874552408854
18894,785.3017578125
18895,703.3817749023438
18896,582.5325317382812
18897,1074.5760091145833
18898,540.8885294596354
18899,1152.0094401041667
18900,2109.5103352864585
18901,1497.6337890625
18902,2305.791015625
18903,966.7283528645834
18904,524.4881591796875
18905,1612.5437825520833
18906,2572.6394856770835
18907,847.5593872070312
18908,1314.02734375
18909,1629.6442057291667
18910,824.0938313802084
18911,912.7267659505209
18912,1487.0650227864583
18913,519.5463460286459
18914,991.4994506835938
18915,549.1046549479166
18916,744.584228515625
18917,3163.71826171875
18918,852.0057983398438
18919,1604.8787841796875
18920,1853.2806396484375
18921,1866.2824300130208
18922,1770.6888834635417
18923,553.8448282877604
18924,1080.0809733072917
18925,754.9431559244791
18926,1422.3089192708333
18927,948.734375
18928,2193.4560546875
18929,904.4186808268229
18930,1626.935546875
18931,1431.4543050130208
18932,986.3355916341146
18933,1052.2460530598958
18934,807.8528849283854
18935,1609.4704996744792
18936,1737.57470703125
18937,906.1496785481771
18938,961.0351359049479
18939,604.2231852213541
18940,1051.1449381510417
18941,1100.8558756510417
18942,956.2460123697916
18943,743.6109415690104
18944,898.4972941080729
18945,957.6657104492188
18946,703.8997192382812
18947,691.9323323567709
18948,752.7977294921875
18949,778.2926025390625
18950,1380.2287190755208
18951,870.2088826497396
18952,1540.6522216796875
18953,960.7321166992188
18954,637.5851236979166
18955,790.2741902669271
18956,821.7408854166666
18957,583.0596110026041
18958,879.8161214192709
18959,867.9692993164062
18960,1208.3250732421875
18961,628.0738728841146
18962,1230.3148600260417
18963,1134.2694905598958
18964,641.1431884765625
18965,396.5573425292969
18966,817.8376871744791
18967,1141.216064453125
18968,1021.1847534179688
18969,719.3231811523438
18970,1105.486083984375
18971,1159.523681640625
18972,1251.856689453125
18973,879.0723470052084
18974,1353.3647867838542
18975,3597.25390625
18976,2167.0702311197915
18977,609.3744506835938
18978,922.9826456705729
18979,844.3324178059896
18980,1461.9965413411458
18981,641.5477701822916
18982,582.4004720052084
18983,1823.421142578125
18984,729.9980875651041
18985,820.5636393229166
18986,658.5784098307291
18987,751.8791707356771
18988,862.32861328125
18989,874.5304361979166
18990,1011.4548136393229
18991,1118.2646484375
18992,848.8565673828125
18993,1363.9715983072917
18994,1158.1022542317708
18995,1153.7864176432292
18996,1026.6726481119792
18997,779.913330078125
18998,1296.2613525390625
18999,731.9239095052084
19000,1002.5993041992188
19001,969.1429239908854
19002,971.1204223632812
19003,1117.4812825520833
19004,1190.6599934895833
19005,1309.3206787109375
19006,541.4819742838541
19007,551.3313802083334
19008,1038.275146484375
19009,514.4047241210938
19010,819.202880859375
19011,687.4611002604166
19012,773.6647135416666
19013,862.40283203125
19014,1143.5408121744792
19015,820.3541259765625
19016,927.9535522460938
19017,1059.480224609375
19018,1035.3771565755208
19019,1589.5930989583333
19020,1213.7277425130208
19021,950.1656087239584
19022,1420.0072835286458
19023,553.6401163736979
19024,739.1898600260416
19025,817.7662963867188
19026,1304.4959309895833
19027,645.3854777018229
19028,2005.3157958984375
19029,556.2085774739584
19030,813.7074178059896
19031,563.5030924479166
19032,452.5237223307292
19033,665.3857014973959
19034,1059.6013997395833
19035,517.0648193359375
19036,2661.2200520833335
19037,1106.3812662760417
19038,566.4829305013021
19039,1985.0462239583333
19040,627.4877319335938
19041,2049.5515950520835
19042,1075.0346272786458
19043,1231.8922526041667
19044,1591.5589599609375
19045,1109.4449462890625
19046,762.1686808268229
19047,543.8677164713541
19048,704.7476196289062
19049,617.9762776692709
19050,595.1460978190104
19051,835.5322062174479
19052,802.4297688802084
19053,452.53700764973956
19054,679.8304443359375
19055,1530.9809977213542
19056,704.9437052408854
19057,538.6515502929688
19058,544.9997355143229
19059,1141.8625081380208
19060,1143.8690185546875
19061,678.0254109700521
19062,1081.9698486328125
19063,558.3917643229166
19064,786.3067220052084
19065,1186.8046875
19066,4039.719482421875
19067,713.3329671223959
19068,443.04273478190106
19069,1755.4443766276042
19070,1166.7358805338542
19071,623.0317993164062
19072,670.6657104492188
19073,746.6430053710938
19074,1506.3497721354167
19075,1458.3976643880208
19076,650.8896484375
19077,425.94614664713544
19078,3778.89697265625
19079,1044.937255859375
19080,684.6885986328125
19081,682.9028727213541
19082,778.2671915690104
19083,841.6022338867188
19084,893.9915568033854
19085,1394.8926595052083
19086,594.2088419596354
19087,1112.2083333333333
19088,998.1712443033854
19089,1086.9321695963542
19090,565.0758463541666
19091,2068.4817708333335
19092,1238.1264241536458
19093,4739.11474609375
19094,1960.6728108723958
19095,491.67394002278644
19096,1123.3443196614583
19097,955.0340576171875
19098,472.4280192057292
19099,938.2282511393229
19100,772.5175170898438
19101,687.8595174153646
19102,1504.8755289713542
19103,1460.2216389973958
19104,620.9840291341146
19105,652.7916666666666
19106,970.5947265625
19107,1470.1622314453125
19108,927.1728515625
19109,1169.5911458333333
19110,1281.77734375
19111,800.7213134765625
19112,485.7266337076823
19113,3853.4583333333335
19114,646.0791015625
19115,2520.4149576822915
19116,734.3119710286459
19117,1358.1789957682292
19118,2257.2044270833335
19119,1157.7836100260417
19120,1513.9832356770833
19121,1567.1293131510417
19122,1084.0001627604167
19123,877.9071044921875
19124,1598.808349609375
19125,620.5945027669271
19126,823.958251953125
19127,1674.1888020833333
19128,1115.4873046875
19129,2318.6978352864585
19130,642.6452433268229
19131,675.6549886067709
19132,380.44232177734375
19133,2515.818359375
19134,1619.0080973307292
19135,931.3380533854166
19136,503.98647054036456
19137,757.617431640625
19138,786.7267252604166
19139,2220.7506510416665
19140,621.1687215169271
19141,771.4800008138021
19142,839.656982421875
19143,1486.8853759765625
19144,923.5304768880209
19145,811.6535237630209
19146,597.5864461263021
19147,685.6136881510416
19148,1806.4192708333333
19149,843.3121541341146
19150,1952.3718668619792
19151,2437.9603678385415
19152,570.7928873697916
19153,1459.8046468098958
19154,422.6598307291667
19155,1522.8566487630208
19156,1334.8122965494792
19157,2197.7144368489585
19158,1865.6885172526042
19159,1395.8232014973958
19160,526.8262736002604
19161,1679.8920491536458
19162,656.1458943684896
19163,644.99951171875
19164,1121.1859130859375
19165,1332.1776936848958
19166,1064.1090087890625
19167,1501.103271484375
19168,1123.0603841145833
19169,920.1316121419271
19170,1365.5162353515625
19171,1690.281982421875
19172,736.5647786458334
19173,1350.4803059895833
19174,851.4791666666666
19175,631.2419230143229
19176,793.2300821940104
19177,434.13055419921875
19178,984.6643676757812
19179,629.6525472005209
19180,584.1936848958334
19181,592.4839070638021
19182,854.23046875
19183,776.9362386067709
19184,560.3273518880209
19185,533.2650349934896
19186,1116.2436116536458
19187,970.2692464192709
19188,409.1152750651042
19189,907.6689249674479
19190,827.98974609375
19191,544.3551635742188
19192,1591.80859375
19193,704.9540201822916
19194,515.0027058919271
19195,988.594482421875
19196,783.0442301432291
19197,919.7569580078125
19198,1859.2502034505208
19199,716.8904215494791
19200,746.9142049153646
19201,626.0813802083334
19202,1332.2981363932292
19203,3234.5187174479165
19204,1956.4969889322917
19205,617.8599446614584
19206,775.9399210611979
19207,681.2972208658854
19208,1191.6018880208333
19209,955.3941446940104
19210,573.0404866536459
19211,1219.5916341145833
19212,1132.8583170572917
19213,624.5367228190104
19214,652.4976196289062
19215,864.3043823242188
19216,928.0091145833334
19217,568.0106201171875
19218,1281.8023274739583
19219,1187.4928385416667
19220,488.85558064778644
19221,1118.3171793619792
19222,1177.7253011067708
19223,881.5474446614584
19224,827.1051228841146
19225,1082.7139078776042
19226,1456.170166015625
19227,1870.226318359375
19228,762.3938191731771
19229,709.0907796223959
19230,1553.6218668619792
19231,871.801513671875
19232,972.3944498697916
19233,982.6497599283854
19234,1239.369873046875
19235,660.5479329427084
19236,932.64453125
19237,1074.1021728515625
19238,579.111572265625
19239,493.2504577636719
19240,683.0887451171875
19241,805.3116455078125
19242,1475.9781494140625
19243,765.1086629231771
19244,762.4510294596354
19245,716.9507039388021
19246,476.50490315755206
19247,1701.4897867838542
19248,1102.7867838541667
19249,1208.121337890625
19250,605.8939412434896
19251,2373.5459798177085
19252,1049.2251383463542
19253,755.8767496744791
19254,638.6014404296875
19255,659.9908040364584
19256,474.4441426595052
19257,411.7524007161458
19258,1046.1011962890625
19259,1881.870849609375
19260,1201.0653889973958
19261,1499.1642252604167
19262,371.00376383463544
19263,1371.7489827473958
19264,552.4935506184896
19265,1293.4895833333333
19266,683.1049397786459
19267,1097.6885172526042
19268,1192.0823974609375
19269,914.7460530598959
19270,678.6243693033854
19271,1419.4191080729167
19272,1048.8916422526042
19273,1282.9153645833333
19274,1994.2780354817708
19275,610.1335245768229
19276,562.5621948242188
19277,711.1498616536459
19278,1489.7177734375
19279,1148.9879150390625
19280,406.87241617838544
19281,1352.8012288411458
19282,990.6479899088541
19283,1680.8433024088542
19284,1946.9105631510417
19285,2094.637451171875
19286,2491.9599609375
19287,731.7862141927084
19288,908.7557779947916
19289,699.0404256184896
19290,934.5806884765625
19291,1510.9935302734375
19292,1013.4216512044271
19293,609.5725911458334
19294,1179.9159342447917
19295,1942.87109375
19296,506.7235514322917
19297,700.0763956705729
19298,2570.7284342447915
19299,591.8458455403646
19300,1942.387451171875
19301,605.4124552408854
19302,647.2588094075521
19303,740.2188720703125
19304,868.1216023763021
19305,829.7173868815104
19306,531.1125691731771
19307,2292.7818196614585
19308,646.7611490885416
19309,905.9345906575521
19310,1039.3578694661458
19311,842.8261108398438
19312,1094.1433512369792
19313,1225.8857014973958
19314,544.6300659179688
19315,676.4880167643229
19316,1330.4995930989583
19317,1191.9541422526042
19318,869.7267862955729
19319,837.5499471028646
19320,478.5068766276042
19321,978.2043660481771
19322,865.6135660807291
19323,1112.9732666015625
19324,1056.3291829427083
19325,1025.7765706380208
19326,793.3126831054688
19327,1643.5682373046875
19328,1066.0952555338542
19329,1065.3198649088542
19330,1098.2561442057292
19331,949.2870890299479
19332,762.2246297200521
19333,701.7720540364584
19334,818.9689331054688
19335,712.0659383138021
19336,829.2457478841146
19337,893.9366455078125
19338,893.1731770833334
19339,932.5301106770834
19340,650.6447550455729
19341,1079.49072265625
19342,3264.6754557291665
19343,744.380615234375
19344,1210.3879801432292
19345,1878.6196695963542
19346,348.5690104166667
19347,1015.3523559570312
19348,542.9214680989584
19349,1159.8267822265625
19350,1603.2934163411458
19351,396.8407287597656
19352,575.9723103841146
19353,1171.3222249348958
19354,1144.3227945963542
19355,798.9117228190104
19356,2007.4931233723958
19357,1174.1700439453125
19358,811.1891072591146
19359,1607.9533284505208
19360,1166.0369059244792
19361,2660.9854329427085
19362,1018.4856160481771
19363,841.2230834960938
19364,1605.51318359375
19365,776.1114705403646
19366,752.049560546875
19367,947.2942708333334
19368,1113.9872233072917
19369,559.3452555338541
19370,827.5966186523438
19371,1562.0802408854167
19372,679.9182739257812
19373,706.6876220703125
19374,929.0673014322916
19375,3341.8212890625
19376,1220.7919108072917
19377,490.03587849934894
19378,655.7319742838541
19379,851.5623575846354
19380,811.6350911458334
19381,1025.8352864583333
19382,436.7603759765625
19383,757.004638671875
19384,668.0643310546875
19385,920.6861368815104
19386,1370.7435302734375
19387,2083.4307454427085
19388,814.5949300130209
19389,632.6280721028646
19390,510.4073994954427
19391,813.1896565755209
19392,1206.1361490885417
19393,764.3829345703125
19394,2190.2071940104165
19395,1219.0240885416667
19396,12681.240885416666
19397,1233.111083984375
19398,1175.0021158854167
19399,1709.5178629557292
19400,724.681640625
19401,718.6060587565104
19402,976.6461995442709
19403,1673.1081949869792
19404,575.8101399739584
19405,1008.5434977213541
19406,1980.4862467447917
19407,1223.8570556640625
19408,1043.929443359375
19409,858.9855143229166
19410,1289.4804280598958
19411,825.4667154947916
19412,1288.3376057942708
19413,1160.881103515625
19414,624.9307250976562
19415,1139.6399739583333
19416,844.3488159179688
19417,645.3363850911459
19418,1330.4655354817708
19419,1074.050537109375
19420,1130.2915445963542
19421,576.2150065104166
19422,1578.5373942057292
19423,681.41796875
19424,1116.8759765625
19425,1269.5342203776042
19426,606.2707316080729
19427,449.13670857747394
19428,823.4297688802084
19429,1654.9793701171875
19430,1014.4507649739584
19431,1099.4779052734375
19432,2161.3767903645835
19433,844.0230712890625
19434,1467.5361328125
19435,1264.099609375
19436,1021.5363362630209
19437,711.0440877278646
19438,637.698974609375
19439,1415.6700439453125
19440,1260.075927734375
19441,2311.6561686197915
19442,727.2490030924479
19443,1119.1359456380208
19444,1014.473388671875
19445,666.2720947265625
19446,426.74676513671875
19447,738.7608846028646
19448,560.4803670247396
19449,695.6752726236979
19450,1030.2966715494792
19451,835.81787109375
19452,989.5070393880209
19453,1278.3636881510417
19454,1230.4238688151042
19455,735.4852498372396
19456,828.7920125325521
19457,713.4192911783854
19458,2468.212646484375
19459,1512.8455810546875
19460,513.4088745117188
19461,417.2217305501302
19462,1610.8249918619792
19463,798.5979614257812
19464,1004.4761555989584
19465,618.2525227864584
19466,2152.7428385416665
19467,989.3183797200521
19468,1277.8159586588542
19469,715.9819946289062
19470,656.2970377604166
19471,726.4787801106771
19472,773.3451741536459
19473,1061.2872721354167
19474,569.6896362304688
19475,829.6982014973959
19476,838.4127604166666
19477,1076.4776204427083
19478,2026.9992268880208
19479,1446.6773274739583
19480,720.358154296875
19481,1241.1793212890625
19482,1270.1625162760417
19483,908.1082560221354
19484,776.0508015950521
19485,1004.7751057942709
19486,1775.5949300130208
19487,2389.3750813802085
19488,733.1910196940104
19489,1064.3572591145833
19490,1291.7655029296875
19491,687.2144571940104
19492,722.6939697265625
19493,763.9342041015625
19494,1166.2026774088542
19495,656.8481852213541
19496,627.6362101236979
19497,1464.5884602864583
19498,878.9324544270834
19499,727.6220499674479
19500,1223.5766194661458
19501,1027.009765625
19502,505.01926676432294
19503,665.2271118164062
19504,472.8436991373698
19505,615.2534383138021
19506,2797.5262044270835
19507,1100.0832926432292
19508,444.3689473470052
19509,1170.73876953125
19510,1624.490234375
19511,584.3839925130209
19512,599.5424194335938
19513,530.0052083333334
19514,1061.1490885416667
19515,499.22987874348956
19516,1199.1666259765625
19517,1107.3664957682292
19518,913.9324340820312
19519,829.2641194661459
19520,682.5748901367188
19521,734.305908203125
19522,521.5404459635416
19523,809.9682006835938
19524,1661.4879964192708
19525,1605.9395751953125
19526,975.9521687825521
19527,765.5537312825521
19528,567.0632934570312
19529,1057.4254557291667
19530,424.9501647949219
19531,1058.9999593098958
19532,1716.5214436848958
19533,538.0564778645834
19534,551.0783081054688
19535,679.8990885416666
19536,682.5472412109375
19537,898.4411417643229
19538,604.5438028971354
19539,1257.5257568359375
19540,773.8919067382812
19541,486.6120910644531
19542,1409.5915120442708
19543,1593.3447265625
19544,809.3675333658854
19545,1185.8885904947917
19546,950.1803995768229
19547,2373.4762369791665
19548,548.7619222005209
19549,498.2947285970052
19550,906.8934122721354
19551,1392.2998453776042
19552,643.7119954427084
19553,547.2582397460938
19554,1007.6754557291666
19555,512.8494771321615
19556,549.3639526367188
19557,1933.3400472005208
19558,451.22755940755206
19559,889.2561442057291
19560,588.1052856445312
19561,3023.6671549479165
19562,868.7256469726562
19563,1171.6237386067708
19564,1339.4902750651042
19565,857.2851765950521
19566,939.0930582682291
19567,1066.4457600911458
19568,874.5528564453125
19569,1177.8684895833333
19570,446.3112487792969
19571,789.6505533854166
19572,681.2920125325521
19573,875.8413899739584
19574,1040.4537353515625
19575,613.6518351236979
19576,1648.5007731119792
19577,982.8090006510416
19578,2780.2063802083335
19579,988.4067586263021
19580,716.7680053710938
19581,3046.6416829427085
19582,874.5833943684896
19583,817.6963500976562
19584,1120.0356852213542
19585,673.5914713541666
19586,655.8384399414062
19587,522.0584309895834
19588,541.4839680989584
19589,903.5968221028646
19590,542.0573120117188
19591,625.6690266927084
19592,1882.9309895833333
19593,1252.0117594401042
19594,1267.6226806640625
19595,453.00205485026044
19596,944.1565958658854
19597,1161.7015380859375
19598,1227.6929117838542
19599,2141.1139322916665
19600,1936.382080078125
19601,1813.1049397786458
19602,1617.8760172526042
19603,675.2088216145834
19604,1025.5521240234375
19605,680.2772216796875
19606,994.84912109375
19607,757.2158610026041
19608,870.2948811848959
19609,1001.8616333007812
19610,1299.5198974609375
19611,961.1259969075521
19612,893.2159627278646
19613,1251.8693033854167
19614,1420.0537109375
19615,1212.949462890625
19616,936.8480631510416
19617,1156.7452392578125
19618,1117.376953125
19619,1767.1149495442708
19620,624.6704711914062
19621,1019.1295369466146
19622,1179.1143391927083
19623,570.6107788085938
19624,1098.8039957682292
19625,1470.0978190104167
19626,1902.2047119140625
19627,2206.1727701822915
19628,438.39109293619794
19629,639.606689453125
19630,756.9384765625
19631,1055.3733317057292
19632,947.5817667643229
19633,1388.1866861979167
19634,1056.8368326822917
19635,902.0473836263021
19636,826.9386800130209
19637,2345.5074869791665
19638,690.2061157226562
19639,1174.0929768880208
19640,1737.9324951171875
19641,971.0764567057291
19642,427.5315246582031
19643,2321.2146809895835
19644,403.9389343261719
19645,1470.4941813151042
19646,1095.5803629557292
19647,911.8553059895834
19648,1746.552734375
19649,1764.4576009114583
19650,1536.0419514973958
19651,1011.8246866861979
19652,972.2780965169271
19653,782.2165120442709
19654,909.17919921875
19655,2640.6474609375
19656,1198.6748860677083
19657,1074.5243733723958
19658,720.125732421875
19659,1324.7434895833333
19660,690.6385701497396
19661,899.5324300130209
19662,820.0491333007812
19663,751.2548014322916
19664,553.7727661132812
19665,720.8027750651041
19666,882.1845703125
19667,1321.666015625
19668,4002.0996907552085
19669,872.6551310221354
19670,577.8608194986979
19671,834.2752278645834
19672,913.8616129557291
19673,777.0135091145834
19674,581.01416015625
19675,945.2460327148438
19676,1130.85791015625
19677,1115.3292643229167
19678,1418.7932535807292
19679,696.1155192057291
19680,713.2382405598959
19681,729.2684529622396
19682,981.1098022460938
19683,11852.23046875
19684,2153.615478515625
19685,938.4339599609375
19686,557.4533284505209
19687,744.0068969726562
19688,1305.6820882161458
19689,1170.7641194661458
19690,881.7064412434896
19691,1044.7085774739583
19692,2207.110595703125
19693,546.9531046549479
19694,1401.33447265625
19695,827.5487467447916
19696,1271.5575358072917
19697,804.8961385091146
19698,371.2838439941406
19699,543.8734741210938
19700,978.6352945963541
19701,665.9269816080729
19702,732.8345336914062
19703,650.6266276041666
19704,2297.1874186197915
19705,955.6183675130209
19706,980.7536010742188
19707,665.5502726236979
19708,919.3259073893229
19709,825.6624959309896
19710,1594.2863362630208
19711,837.6150919596354
19712,1785.2487386067708
19713,1206.9685465494792
19714,632.1229248046875
19715,1293.6488444010417
19716,1147.4912109375
19717,616.7819620768229
19718,452.30248006184894
19719,1001.9968058268229
19720,2109.8531901041665
19721,884.9655965169271
19722,734.2187093098959
19723,937.7215372721354
19724,1439.9957275390625
19725,1469.8497314453125
19726,944.8294270833334
19727,657.6077067057291
19728,1423.6424967447917
19729,1012.9130859375
19730,512.4776814778646
19731,891.43115234375
19732,683.7724202473959
19733,717.7378540039062
19734,1960.5828450520833
19735,686.3601888020834
19736,1317.3667399088542
19737,1189.1084798177083
19738,668.5903930664062
19739,932.4225870768229
19740,1203.3780110677083
19741,467.79456583658856
19742,822.4990030924479
19743,456.4382019042969
19744,1013.6963094075521
19745,791.8018188476562
19746,637.0438842773438
19747,1221.2996419270833
19748,1436.0572509765625
19749,991.1275634765625
19750,1129.69921875
19751,1129.9390462239583
19752,432.64890543619794
19753,698.3822631835938
19754,1182.4751383463542
19755,906.1430257161459
19756,1721.5254720052083
19757,782.9589029947916
19758,1059.0888671875
19759,974.4168497721354
19760,933.408447265625
19761,770.065185546875
19762,1425.8261311848958
19763,1277.2449137369792
19764,1292.890380859375
19765,971.2547403971354
19766,1127.0334065755208
19767,391.10816446940106
19768,304.6301778157552
19769,906.9569905598959
19770,1740.0130208333333
19771,911.8445027669271
19772,868.0218709309896
19773,560.4517008463541
19774,1549.1247151692708
19775,1500.3915608723958
19776,1138.9306640625
19777,1162.8196207682292
19778,922.9603068033854
19779,1054.5504557291667
19780,832.8806966145834
19781,751.1503092447916
19782,1587.065185546875
19783,484.29969278971356
19784,1250.3787027994792
19785,671.7411295572916
19786,797.0209554036459
19787,3082.1966959635415
19788,526.7903442382812
19789,848.5393473307291
19790,606.5600382486979
19791,764.5921834309896
19792,1391.708251953125
19793,625.9844156901041
19794,1063.160888671875
19795,920.0199381510416
19796,1006.2627156575521
19797,666.0055541992188
19798,596.5926920572916
19799,924.2388102213541
19800,611.8880208333334
19801,1584.1845296223958
19802,1809.3083902994792
19803,511.0401102701823
19804,843.3266398111979
19805,482.8367919921875
19806,856.2052001953125
19807,906.9609375
19808,1355.0802408854167
19809,774.2306722005209
19810,1001.0743001302084
19811,1158.0950113932292
19812,1052.4454345703125
19813,720.0517171223959
19814,444.21617635091144
19815,962.6943562825521
19816,1695.0221354166667
19817,1336.310302734375
19818,956.5924886067709
19819,1863.7041015625
19820,668.4543863932291
19821,468.8673502604167
19822,1089.36376953125
19823,985.4329020182291
19824,855.7333374023438
19825,796.3286946614584
19826,666.1913248697916
19827,1227.3046875
19828,855.2679850260416
19829,647.6037190755209
19830,841.6098429361979
19831,699.7917887369791
19832,5481.856608072917
19833,1753.4413248697917
19834,1810.2568766276042
19835,1467.9053955078125
19836,727.6570638020834
19837,1552.2541097005208
19838,762.1767781575521
19839,1533.7830810546875
19840,717.5907592773438
19841,776.9217122395834
19842,909.8492024739584
19843,517.4501546223959
19844,824.6918538411459
19845,1014.8521728515625
19846,487.8042399088542
19847,762.7677408854166
19848,928.5229085286459
19849,2413.512939453125
19850,847.68603515625
19851,1278.4663899739583
19852,1249.2387288411458
19853,744.7994384765625
19854,2314.5966796875
19855,941.2276814778646
19856,428.25828043619794
19857,994.7013753255209
19858,1154.4466959635417
19859,1100.7428385416667
19860,1178.9031982421875
19861,775.9320068359375
19862,1287.7773030598958
19863,942.1282958984375
19864,907.4719034830729
19865,749.2313232421875
19866,588.5528564453125
19867,1178.8900553385417
19868,731.8627522786459
19869,2656.1947428385415
19870,530.6163940429688
19871,3937.7923177083335
19872,1022.7769571940104
19873,3850.3770345052085
19874,1305.1872151692708
19875,1514.9588623046875
19876,473.59070841471356
19877,908.3306477864584
19878,781.30224609375
19879,967.3260294596354
19880,1268.8240966796875
19881,614.0303141276041
19882,581.7415974934896
19883,646.1223347981771
19884,662.7436319986979
19885,1522.2880452473958
19886,768.4214274088541
19887,701.2472737630209
19888,2050.744344075521
19889,498.34051513671875
19890,957.7013142903646
19891,522.118896484375
19892,757.6246948242188
19893,782.1507364908854
19894,1307.4960530598958
19895,1773.1412353515625
19896,502.67908732096356
19897,1624.094482421875
19898,1540.9327392578125
19899,576.49609375
19900,672.7277221679688
19901,1081.9619954427083
19902,902.416015625
19903,734.5101114908854
19904,906.7389119466146
19905,928.5255940755209
19906,811.4129638671875
19907,992.2792154947916
19908,708.7719930013021
19909,843.5962117513021
19910,2295.0694173177085
19911,2125.99560546875
19912,1862.8390299479167
19913,478.98936971028644
19914,625.18310546875
19915,818.5248413085938
19916,1317.4748942057292
19917,722.7109781901041
19918,2135.3203125
19919,1749.9040120442708
19920,615.2146402994791
19921,671.8892211914062
19922,840.2847696940104
19923,792.0834554036459
19924,1146.1927083333333
19925,1521.7382405598958
19926,384.1917215983073
19927,1846.0843098958333
19928,464.8728841145833
19929,676.9295247395834
19930,517.2620646158854
19931,2556.0458984375
19932,437.17576090494794
19933,1307.9228108723958
19934,825.5916137695312
19935,684.1595865885416
19936,1460.8927001953125
19937,747.3576253255209
19938,1108.7825520833333
19939,411.37017822265625
19940,1532.7317708333333
19941,1620.0630696614583
19942,502.58802286783856
19943,735.6909790039062
19944,651.6069946289062
19945,320.08624267578125
19946,1107.4886067708333
19947,1008.2506306966146
19948,1275.8760172526042
19949,1115.3067220052083
19950,1011.2420450846354
19951,845.5781656901041
19952,976.7427978515625
19953,1081.9099527994792
19954,1088.7166748046875
19955,737.0160319010416
19956,1302.526611328125
19957,711.6208902994791
19958,1313.0595296223958
19959,2144.6771647135415
19960,681.1515502929688
19961,684.9009602864584
19962,607.1613972981771
19963,1979.5277099609375
19964,3118.8861490885415
19965,676.6199747721354
19966,423.7157389322917
19967,1064.0748697916667
19968,491.75694783528644
19969,1135.6920979817708
19970,3319.0614420572915
19971,605.7960001627604
19972,3894.78955078125
19973,731.96875
19974,418.44940185546875
19975,972.9564819335938
19976,1064.2762858072917
19977,630.9607137044271
19978,991.5885620117188
19979,943.224365234375
19980,959.1215616861979
19981,337.8203938802083
19982,2778.80322265625
19983,831.6974690755209
19984,690.4695638020834
19985,982.9132283528646
19986,862.6497802734375
19987,926.9458211263021
19988,1062.0697021484375
19989,1006.2511800130209
19990,1429.0181477864583
19991,1315.781494140625
19992,943.882080078125
19993,1381.8282063802083
19994,1715.4307454427083
19995,983.9788818359375
19996,438.52698771158856
19997,794.3863932291666
19998,659.0513102213541
19999,1357.2134195963542
