step,Q_loss,A_loss
0,13.943693161010742,-7.166168689727783
1,20.447086334228516,-7.5848588943481445
2,79.1500244140625,-6.767901420593262
3,83.8597412109375,-8.770612716674805
4,48.76499938964844,-8.998922348022461
5,34.14356231689453,-8.50604248046875
6,16.059877395629883,-8.062701225280762
7,7.19451379776001,-7.999213218688965
8,10.876842498779297,-7.496850967407227
9,20.356220245361328,-6.849705219268799
10,28.849872589111328,-6.695748329162598
11,37.3975830078125,-7.077391147613525
12,19.895580291748047,-6.5058274269104
13,13.608144760131836,-6.768163681030273
14,12.954499244689941,-5.555408477783203
15,11.306072235107422,-5.024027347564697
16,14.572383880615234,-8.966445922851562
17,24.034900665283203,-10.413226127624512
18,31.523101806640625,-10.014225006103516
19,6.194643974304199,-8.671170234680176
20,18.08561134338379,-4.91905403137207
21,19.37932014465332,-3.418060541152954
22,9.39056396484375,-3.508474826812744
23,6.531170845031738,-4.022195816040039
24,10.944417953491211,-3.0406758785247803
25,7.866794586181641,-4.0240983963012695
26,7.378945350646973,-4.453480243682861
27,7.633488655090332,-4.915686130523682
28,16.252803802490234,-4.5661115646362305
29,30.435951232910156,-3.202343225479126
30,56.81832504272461,-2.54951548576355
31,63.60621643066406,-3.247096061706543
32,65.91905212402344,-4.001356601715088
33,67.40684509277344,-1.3389800786972046
34,44.079429626464844,-3.4232540130615234
35,41.711883544921875,-3.2667784690856934
36,32.56044387817383,-4.822413444519043
37,46.487117767333984,-4.701782703399658
38,53.96573257446289,-5.100910186767578
39,81.06977081298828,-3.340628147125244
40,55.919395446777344,-3.5987191200256348
41,62.603904724121094,-3.4075047969818115
42,52.37368392944336,-2.8891232013702393
43,41.03865051269531,-2.7208962440490723
44,29.076393127441406,-3.139941692352295
45,15.873566627502441,-5.748306751251221
46,10.321756362915039,-6.834368705749512
47,26.71794891357422,-6.626759052276611
48,21.37578010559082,-6.8117756843566895
49,15.993090629577637,-4.694323539733887
50,12.66987133026123,-3.9130115509033203
51,28.085044860839844,-3.3864612579345703
52,34.13765335083008,-3.364123821258545
53,30.904613494873047,-3.619389057159424
54,21.53508758544922,-4.2346673011779785
55,16.246580123901367,-3.8063149452209473
56,10.245840072631836,-4.233093738555908
57,7.085244178771973,-3.950976848602295
58,5.457490921020508,-3.843837261199951
59,4.09833288192749,-4.171173572540283
60,4.519501686096191,-4.346678256988525
61,3.360907554626465,-3.033566951751709
62,3.0394482612609863,-3.792806386947632
63,3.228210926055908,-3.2905051708221436
64,3.215041160583496,-3.94498348236084
65,3.454953908920288,-4.366518020629883
66,2.9010567665100098,-4.656745433807373
67,4.598379135131836,-4.183128833770752
68,3.278785467147827,-3.410644292831421
69,3.0690293312072754,-4.9136505126953125
70,2.429844856262207,-4.721027374267578
71,2.7905311584472656,-4.690860748291016
72,2.962566375732422,-4.056674480438232
73,2.569962978363037,-3.921380043029785
74,2.2869722843170166,-3.0520615577697754
75,2.4587574005126953,-3.408020257949829
76,3.2557966709136963,-3.4493448734283447
77,3.3684329986572266,-3.8655385971069336
78,2.3710007667541504,-4.543618202209473
79,2.540515899658203,-4.120813846588135
80,2.165099620819092,-4.083929061889648
81,2.7806272506713867,-3.9276278018951416
82,2.2243785858154297,-4.146613121032715
83,3.2986721992492676,-4.36286735534668
84,2.175300121307373,-3.7488906383514404
85,3.1570019721984863,-2.8094143867492676
86,1.993114948272705,-3.2406415939331055
87,2.075221061706543,-3.977281093597412
88,1.962873935699463,-3.3843414783477783
89,1.8911018371582031,-4.103986740112305
90,2.2293338775634766,-2.9512722492218018
91,2.9418935775756836,-3.9593393802642822
92,2.1796011924743652,-3.9839694499969482
93,2.7741410732269287,-4.061624050140381
94,1.8740251064300537,-4.009547710418701
95,2.3307037353515625,-3.472654342651367
96,2.297926902770996,-3.845904588699341
97,2.270887613296509,-4.3301801681518555
98,2.8065342903137207,-4.203986644744873
99,2.4329442977905273,-3.7370455265045166
100,2.4706954956054688,-4.145887851715088
101,2.336963415145874,-3.4914276599884033
102,2.329282283782959,-3.0938854217529297
103,2.414358377456665,-3.919633150100708
104,2.509645700454712,-4.4240522384643555
105,2.3602399826049805,-3.978760004043579
106,2.8432185649871826,-3.6408069133758545
107,2.187674045562744,-3.6340324878692627
108,2.281273365020752,-3.7426092624664307
109,2.6526126861572266,-3.557842969894409
110,3.319643974304199,-4.2833476066589355
111,3.256129503250122,-3.9449334144592285
112,2.824763774871826,-3.7680435180664062
113,2.644611358642578,-3.613520860671997
114,2.9300498962402344,-4.073920249938965
115,2.7395012378692627,-3.733126640319824
116,2.8040401935577393,-3.9167120456695557
117,2.7808265686035156,-3.8499834537506104
118,3.1771297454833984,-4.155874729156494
119,2.9228296279907227,-4.667914867401123
120,2.8824923038482666,-4.271301746368408
121,2.8195085525512695,-3.9724667072296143
122,2.8389530181884766,-4.352475166320801
123,3.393129825592041,-4.105869293212891
124,3.212669849395752,-3.4281725883483887
125,3.015500068664551,-3.6033923625946045
126,2.9931540489196777,-3.671243190765381
127,3.6023528575897217,-4.0576581954956055
128,2.295192241668701,-3.9847571849823
129,3.566849708557129,-4.011568546295166
130,3.348205804824829,-3.8245174884796143
131,3.4010672569274902,-2.9256093502044678
132,3.5723018646240234,-2.9240787029266357
133,4.054195404052734,-2.1448309421539307
134,2.866471529006958,-2.4035651683807373
135,3.5208585262298584,-2.9780218601226807
136,3.5491018295288086,-2.734337568283081
137,4.035385608673096,-3.0223004817962646
138,4.638306140899658,-2.8400816917419434
139,4.527089595794678,-3.1568443775177
140,4.3921403884887695,-2.9788999557495117
141,4.863038063049316,-2.558220148086548
142,4.762493133544922,-2.067875862121582
143,4.861215591430664,-2.3380446434020996
144,4.957247257232666,-2.5903682708740234
145,4.504980087280273,-2.8194384574890137
146,4.3920207023620605,-2.7791779041290283
147,4.430971145629883,-2.8919990062713623
148,4.592547416687012,-2.1041862964630127
149,3.836704969406128,-2.5179855823516846
150,4.278542995452881,-2.706747531890869
151,3.4457478523254395,-2.984013557434082
152,3.8174304962158203,-2.554699182510376
153,4.304218769073486,-2.4941980838775635
154,3.802661180496216,-2.5524959564208984
155,4.389908313751221,-3.625192880630493
156,3.9868149757385254,-2.7420263290405273
157,3.726900577545166,-2.620182991027832
158,3.750415802001953,-2.6559064388275146
159,4.042902946472168,-2.245974540710449
160,4.362734794616699,-1.738940715789795
161,4.3493733406066895,-2.222066640853882
162,3.972872257232666,-2.201413869857788
163,4.552692413330078,-1.780045747756958
164,4.789982795715332,-1.8170040845870972
165,5.516140937805176,-1.9069397449493408
166,4.538207054138184,-1.4104136228561401
167,4.823529243469238,-0.7309582233428955
168,4.3734822273254395,-0.6939801573753357
169,3.9163360595703125,-1.0652031898498535
170,4.109584808349609,-1.593166708946228
171,3.89730167388916,-0.8743376135826111
172,4.91414737701416,-0.9881038069725037
173,3.6008901596069336,-0.2855302095413208
174,3.216336250305176,-0.3037646412849426
175,3.329864978790283,-0.43420693278312683
176,2.768932342529297,-0.19920235872268677
177,2.303445816040039,-0.17493192851543427
178,2.8387537002563477,-0.08773256093263626
179,2.19948673248291,-0.227025106549263
180,1.8418018817901611,-0.1741587221622467
181,2.292634963989258,-0.0015039074933156371
182,1.7363667488098145,-0.14355351030826569
183,2.470978260040283,-0.0
184,2.1578145027160645,-1.19209286886246e-09
185,2.492281913757324,-0.0
186,2.423548698425293,-0.0
187,1.97487211227417,-0.0
188,2.51619029045105,-0.0
189,8.883703231811523,-0.1545376181602478
190,9.56576156616211,-1.092292070388794
191,10.768973350524902,-1.9139370918273926
192,8.895326614379883,-1.8148859739303589
193,7.117362022399902,-2.364666700363159
194,6.221167087554932,-1.4283452033996582
195,5.63597297668457,-1.4976063966751099
196,5.475682258605957,-1.5878019332885742
197,5.280819416046143,-1.8401119709014893
198,5.069411277770996,-2.323653221130371
199,5.588231086730957,-3.165292739868164
200,7.682523250579834,-3.209735631942749
201,7.761993408203125,-3.4093072414398193
202,7.050778388977051,-3.352992534637451
203,7.259790420532227,-2.6362738609313965
204,6.79983377456665,-2.970754384994507
205,7.045318603515625,-2.7081804275512695
206,7.160660743713379,-3.672025680541992
207,6.907876014709473,-3.472914695739746
208,6.585638523101807,-3.910123348236084
209,6.424342155456543,-3.942004680633545
210,5.970449447631836,-4.126615524291992
211,5.745987892150879,-3.5358264446258545
212,5.771803855895996,-3.96175479888916
213,5.872587203979492,-3.5783941745758057
214,5.316488265991211,-4.637287139892578
215,5.349972724914551,-3.542712688446045
216,5.54862117767334,-3.706531047821045
217,5.451964378356934,-4.484745979309082
218,5.230332374572754,-4.022109508514404
219,4.781550407409668,-3.7666149139404297
220,4.878230094909668,-3.285383939743042
221,4.726699352264404,-3.271949052810669
222,4.554450035095215,-2.785390615463257
223,4.4556474685668945,-2.5754380226135254
224,4.505072116851807,-2.8519036769866943
225,4.259069919586182,-1.7187080383300781
226,4.449847221374512,-1.8280305862426758
227,4.617166519165039,-1.724170207977295
228,4.448030948638916,-1.4677727222442627
229,4.062414646148682,-1.4900202751159668
230,5.338043212890625,-1.4520459175109863
231,5.858285903930664,-1.0987582206726074
232,5.976161479949951,-1.463668942451477
233,5.006077766418457,-1.29636812210083
234,5.0358357429504395,-1.1315085887908936
235,6.295222282409668,-0.7854955792427063
236,6.657217979431152,-0.3388234078884125
237,6.36369514465332,-0.16840358078479767
238,5.373181343078613,-0.8485636711120605
239,5.344635009765625,-0.4846535623073578
240,5.244437217712402,-0.6127125024795532
241,5.149295806884766,-1.0788214206695557
242,4.9674458503723145,-0.40307244658470154
243,4.533053874969482,-0.15625543892383575
244,4.826449394226074,-0.07459718734025955
245,4.366597652435303,-0.48746201395988464
246,4.258326530456543,-0.3235049545764923
247,4.491815567016602,-0.7767297625541687
248,4.213160037994385,-0.4073185324668884
249,3.5518155097961426,-0.2427763193845749
250,3.812835216522217,-0.4257012903690338
251,3.7312257289886475,-0.161855548620224
252,3.445690155029297,-0.36925575137138367
253,3.1993982791900635,-0.15003785490989685
254,3.6339497566223145,-0.45128750801086426
255,2.9568400382995605,-0.518720269203186
256,3.02860951423645,-0.13222944736480713
257,3.2317042350769043,-0.08143682777881622
258,2.508687973022461,-0.1075904443860054
259,3.5391998291015625,-0.16402101516723633
260,3.6609644889831543,-0.38823404908180237
261,3.7306160926818848,-0.5309469699859619
262,3.587315797805786,-0.2716478705406189
263,2.864436626434326,-0.17917919158935547
264,3.3435816764831543,-0.20714260637760162
265,3.2449562549591064,-0.15240156650543213
266,3.0744423866271973,-0.2970225214958191
267,4.839229106903076,-0.43718624114990234
268,3.525108575820923,-0.49679824709892273
269,3.3766026496887207,-0.28115883469581604
270,4.132978916168213,-0.37472984194755554
271,4.893002033233643,-0.45413193106651306
272,4.362893104553223,-0.37162157893180847
273,4.264557838439941,-0.5812353491783142
274,4.102185249328613,-0.243131622672081
275,3.6558103561401367,-0.636366069316864
276,4.640702247619629,-0.30047884583473206
277,3.9905247688293457,-0.35687941312789917
278,4.446410179138184,-0.5904940366744995
279,4.610528945922852,-0.5021544098854065
280,5.930553436279297,-0.7544348835945129
281,4.80012321472168,-0.661959707736969
282,5.123793601989746,-0.7636999487876892
283,4.69173002243042,-0.5665278434753418
284,4.9425048828125,-0.5335420370101929
285,4.41684103012085,-0.6311529278755188
286,5.099188804626465,-1.0400073528289795
287,4.122531414031982,-0.764448344707489
288,4.199341773986816,-0.940615713596344
289,4.8930511474609375,-1.146079659461975
290,4.154489040374756,-0.9555363655090332
291,4.353940010070801,-0.4678860008716583
292,4.464873790740967,-1.0279515981674194
293,4.460846424102783,-1.0764330625534058
294,4.332963943481445,-0.7394665479660034
295,4.124316692352295,-0.8150495886802673
296,4.204550743103027,-0.995377779006958
297,3.8699703216552734,-0.8717681765556335
298,4.15904426574707,-1.254522442817688
299,3.717623710632324,-0.8335712552070618
300,4.217251777648926,-0.8612614274024963
301,4.287423133850098,-0.9250429272651672
302,4.064029216766357,-1.2563821077346802
303,5.120030403137207,-0.6636393666267395
304,3.9454994201660156,-1.1365257501602173
305,4.385830402374268,-0.8994030952453613
306,4.852339267730713,-1.2131636142730713
307,4.461795806884766,-0.2318027913570404
308,4.100421905517578,-0.14010515809059143
309,3.3815531730651855,-0.06431840360164642
310,2.998335838317871,-6.234645866243227e-07
311,4.112771987915039,-0.24460715055465698
312,6.422796249389648,-0.721749484539032
313,7.646912574768066,-1.1061313152313232
314,7.954566478729248,-1.6902711391448975
315,6.337043285369873,-2.3549580574035645
316,5.762092113494873,-2.443366765975952
317,5.186429977416992,-2.8048837184906006
318,5.179887771606445,-2.9634451866149902
319,5.600557327270508,-2.9889473915100098
320,5.368183135986328,-3.6488966941833496
321,5.936734676361084,-3.1726644039154053
322,5.4127912521362305,-3.7763149738311768
323,4.850389003753662,-3.281174898147583
324,4.864602088928223,-3.7448830604553223
325,4.986667156219482,-4.001657009124756
326,4.60859489440918,-3.9747369289398193
327,4.190708160400391,-4.209623336791992
328,4.076149940490723,-4.708029270172119
329,3.3664066791534424,-4.372189998626709
330,2.8788042068481445,-4.090970993041992
331,2.7362453937530518,-3.6109731197357178
332,2.4836020469665527,-4.2033891677856445
333,3.131093740463257,-4.024171829223633
334,3.371152877807617,-4.234919548034668
335,3.037733316421509,-3.352665424346924
336,3.1274378299713135,-4.074447154998779
337,3.006307601928711,-4.189645290374756
338,3.1991987228393555,-3.5573737621307373
339,2.862717628479004,-4.099140167236328
340,3.317276954650879,-3.4579455852508545
341,2.7273716926574707,-3.9687247276306152
342,2.919400453567505,-4.297116279602051
343,3.1649513244628906,-3.424816608428955
344,2.896933078765869,-3.9219586849212646
345,2.459055185317993,-3.8384690284729004
346,3.250955104827881,-3.8327407836914062
347,2.542396306991577,-4.021451950073242
348,2.518455982208252,-3.892246961593628
349,2.964517593383789,-3.9935367107391357
350,2.2294516563415527,-4.268267631530762
351,2.47530460357666,-3.85024356842041
352,2.797360420227051,-4.411174774169922
353,1.9976060390472412,-3.6539056301116943
354,1.9161155223846436,-3.9633824825286865
355,2.434581756591797,-3.9898276329040527
356,2.4322922229766846,-4.3160552978515625
357,2.3337862491607666,-3.6976213455200195
358,2.447098970413208,-3.6873626708984375
359,2.716686487197876,-3.772812604904175
360,2.699252128601074,-3.9591946601867676
361,2.3992300033569336,-4.470733642578125
362,2.3407537937164307,-3.7354910373687744
363,2.6030640602111816,-4.1385369300842285
364,2.416388511657715,-4.081666946411133
365,2.681257963180542,-4.419817924499512
366,2.238131523132324,-3.9369475841522217
367,2.290163516998291,-4.013781547546387
368,2.269803047180176,-3.9512503147125244
369,1.981439232826233,-4.936944007873535
370,2.5380072593688965,-4.024673938751221
371,2.2909319400787354,-4.367063999176025
372,2.16103458404541,-4.132455348968506
373,2.0440242290496826,-4.132983207702637
374,1.9714062213897705,-5.079084873199463
375,1.9235773086547852,-4.392444610595703
376,2.7349603176116943,-4.336584568023682
377,2.0655040740966797,-4.644186973571777
378,2.83780837059021,-4.645084381103516
379,2.5040674209594727,-4.35933780670166
380,2.441129207611084,-4.791905403137207
381,2.326186180114746,-4.199499607086182
382,2.357239246368408,-4.3851704597473145
383,2.6207613945007324,-4.423249244689941
384,2.2967405319213867,-4.483053207397461
385,2.449801445007324,-4.7412824630737305
386,2.190976142883301,-4.144836902618408
387,2.1634154319763184,-3.795445442199707
388,1.9227265119552612,-3.9975647926330566
389,3.0310025215148926,-4.287816524505615
390,2.4499926567077637,-3.4027371406555176
391,3.6986446380615234,-4.355077266693115
392,3.242452621459961,-3.019360303878784
393,3.0192928314208984,-2.972543954849243
394,3.574803352355957,-3.7950806617736816
395,2.752702236175537,-4.134923934936523
396,2.840717315673828,-4.388235569000244
397,2.585099935531616,-4.435240745544434
398,2.887061595916748,-4.847506046295166
399,3.173156261444092,-4.965904712677002
400,2.997316837310791,-4.718136787414551
401,2.7069194316864014,-4.834009170532227
402,2.4820666313171387,-4.381243705749512
403,3.3971781730651855,-5.544306755065918
404,3.0950233936309814,-4.8293538093566895
405,2.577284812927246,-4.453944683074951
406,2.9882216453552246,-4.622514247894287
407,2.4726457595825195,-4.836453914642334
408,2.6451048851013184,-4.818702697753906
409,2.639847755432129,-4.6428327560424805
410,2.5189108848571777,-4.949007987976074
411,2.9112603664398193,-4.998120307922363
412,2.7603135108947754,-5.0524396896362305
413,2.255375862121582,-5.342489242553711
414,2.6739954948425293,-5.344336986541748
415,2.856132984161377,-5.327395439147949
416,3.054779052734375,-5.083683013916016
417,2.6239638328552246,-5.553781509399414
418,2.480393886566162,-5.499374866485596
419,2.4180850982666016,-4.931973457336426
420,2.737593173980713,-5.196958541870117
421,2.563676118850708,-5.549803256988525
422,2.5369043350219727,-5.4370527267456055
423,2.169877767562866,-4.752154350280762
424,2.3373589515686035,-4.745233535766602
425,2.5351181030273438,-4.736350059509277
426,2.6797661781311035,-5.048919677734375
427,2.527134418487549,-5.184866428375244
428,2.7627060413360596,-5.124058723449707
429,2.679126739501953,-5.067705154418945
430,2.7255518436431885,-5.379418849945068
431,2.5834169387817383,-4.814333915710449
432,2.8055381774902344,-5.359647274017334
433,2.5026025772094727,-5.414364814758301
434,3.095782518386841,-5.229250907897949
435,2.7384729385375977,-4.671686172485352
436,2.5571961402893066,-5.0794291496276855
437,2.343313694000244,-5.130279541015625
438,2.733875274658203,-5.239113807678223
439,2.812225103378296,-4.857570171356201
440,2.6010236740112305,-5.156622409820557
441,2.5813493728637695,-4.668569564819336
442,2.3833417892456055,-5.190553665161133
443,2.729743003845215,-5.315058708190918
444,2.711275339126587,-4.639409065246582
445,2.766672134399414,-5.122384071350098
446,2.64457368850708,-5.1856536865234375
447,3.002621650695801,-4.16103982925415
448,2.839372158050537,-4.641879081726074
449,2.790628433227539,-4.879713535308838
450,2.647118091583252,-5.1754655838012695
451,3.01259183883667,-4.810891628265381
452,2.8752877712249756,-4.496399402618408
453,2.5548672676086426,-5.17047119140625
454,2.7607779502868652,-5.007203578948975
455,3.1744589805603027,-4.380571365356445
456,2.8543872833251953,-4.678905963897705
457,3.018392562866211,-4.612340927124023
458,2.987213134765625,-4.961887836456299
459,2.6856350898742676,-5.130617618560791
460,2.899174690246582,-5.061540126800537
461,2.913832426071167,-4.940521717071533
462,3.155918598175049,-4.862110137939453
463,2.7272698879241943,-4.330957412719727
464,2.8429689407348633,-4.995428562164307
465,2.632204532623291,-5.016019821166992
466,2.8259735107421875,-4.503681659698486
467,2.6720666885375977,-5.050469875335693
468,2.783688545227051,-4.5585503578186035
469,3.094388008117676,-4.727339267730713
470,2.91635799407959,-5.045900821685791
471,2.8222291469573975,-4.583653450012207
472,3.3402700424194336,-4.7922186851501465
473,2.8865528106689453,-4.9540910720825195
474,2.85333251953125,-4.363590240478516
475,2.9378442764282227,-4.289328575134277
476,3.106496572494507,-4.2244791984558105
477,3.0464284420013428,-4.695672988891602
478,3.0925161838531494,-4.273406505584717
479,2.6800999641418457,-4.782035827636719
480,2.728599786758423,-3.8653452396392822
481,3.0908560752868652,-4.557172775268555
482,2.5984721183776855,-4.478363513946533
483,2.808535575866699,-4.85129451751709
484,3.094219446182251,-4.90983247756958
485,2.998203754425049,-4.960000991821289
486,2.780238151550293,-4.456811428070068
487,2.606759548187256,-4.528388023376465
488,3.0132925510406494,-4.349514007568359
489,2.826965808868408,-4.571135997772217
490,2.6932950019836426,-4.507147789001465
491,3.324211597442627,-4.385473728179932
492,2.9339261054992676,-4.718660831451416
493,2.7473385334014893,-4.370416164398193
494,3.0444936752319336,-4.656830787658691
495,2.742302417755127,-4.024657249450684
496,3.188460350036621,-4.424831390380859
497,2.921614170074463,-4.437747001647949
498,2.9562339782714844,-4.32744026184082
499,2.933206558227539,-5.071957588195801
500,3.00888991355896,-4.597198009490967
501,2.6585464477539062,-4.478602409362793
502,3.191856861114502,-4.279020309448242
503,2.9606027603149414,-4.673303127288818
504,3.0635433197021484,-4.719395160675049
505,2.86763334274292,-4.593457221984863
506,2.696479082107544,-4.7228522300720215
507,2.8288309574127197,-4.311244487762451
508,3.5130128860473633,-4.026489734649658
509,2.862150192260742,-4.065877437591553
510,3.2048354148864746,-4.182486057281494
511,2.9345133304595947,-4.6593475341796875
512,2.8312923908233643,-4.317464351654053
513,3.129213809967041,-4.339234828948975
514,2.876612424850464,-4.3125224113464355
515,3.14963960647583,-4.402949333190918
516,2.9345953464508057,-4.783772945404053
517,2.8942196369171143,-4.337950706481934
518,2.951848030090332,-4.369668483734131
519,3.0892059803009033,-4.64718770980835
520,2.9651451110839844,-4.379338264465332
521,3.2017974853515625,-4.838825702667236
522,3.3231520652770996,-4.3648176193237305
523,2.866331100463867,-4.438438892364502
524,2.9092578887939453,-4.598232746124268
525,2.8392491340637207,-4.449222564697266
526,3.1097304821014404,-4.361917018890381
527,3.2049624919891357,-4.371782302856445
528,3.1640517711639404,-4.262813568115234
529,2.4802732467651367,-4.026878356933594
530,2.9462146759033203,-4.346827507019043
531,2.8978190422058105,-4.22337532043457
532,3.02095890045166,-4.268416881561279
533,2.9902701377868652,-4.006208896636963
534,2.7754783630371094,-4.300680637359619
535,3.455796480178833,-4.121074676513672
536,2.937692642211914,-4.576755523681641
537,3.218844413757324,-3.8488683700561523
538,2.9591329097747803,-4.323664665222168
539,3.2509098052978516,-3.999819755554199
540,2.835413694381714,-4.597675323486328
541,3.46030855178833,-4.069823265075684
542,3.160490036010742,-4.533383369445801
543,3.0931148529052734,-3.733100652694702
544,2.8272762298583984,-4.228264331817627
545,3.3584537506103516,-3.8297431468963623
546,2.676445484161377,-4.291412830352783
547,3.1453661918640137,-4.323586463928223
548,3.007749557495117,-4.030853748321533
549,3.032810688018799,-3.9974470138549805
550,3.360868453979492,-4.259779453277588
551,3.5435681343078613,-3.886443853378296
552,3.158299446105957,-3.7199313640594482
553,3.1980953216552734,-4.184191703796387
554,3.2394022941589355,-4.669978141784668
555,3.01501202583313,-4.274212837219238
556,2.870563507080078,-4.608431339263916
557,3.0101001262664795,-4.452657699584961
558,2.882739305496216,-4.300938606262207
559,3.1765222549438477,-3.863615036010742
560,3.156116008758545,-4.025579452514648
561,3.0592236518859863,-4.478644371032715
562,3.2622437477111816,-4.372014999389648
563,2.9493377208709717,-3.868800401687622
564,3.492696762084961,-3.538071632385254
565,2.825291633605957,-4.147051811218262
566,2.8944292068481445,-4.089492321014404
567,3.2524290084838867,-4.434732437133789
568,3.4114561080932617,-3.780661106109619
569,3.2177791595458984,-4.204931259155273
570,3.1658520698547363,-4.053246021270752
571,3.4032387733459473,-4.496151924133301
572,3.4138636589050293,-4.365006446838379
573,2.9318809509277344,-4.586914539337158
574,3.2016592025756836,-4.5239715576171875
575,3.2731399536132812,-4.082980155944824
576,3.1388607025146484,-4.3502984046936035
577,3.2618188858032227,-4.110147476196289
578,3.3667726516723633,-4.169449806213379
579,3.438941478729248,-4.278028964996338
580,3.1690680980682373,-4.467073917388916
581,3.201920509338379,-4.076410293579102
582,3.1026949882507324,-3.764817476272583
583,3.000410795211792,-4.166914939880371
584,3.1306371688842773,-4.693804740905762
585,3.3226871490478516,-4.142571926116943
586,3.120347499847412,-4.487578868865967
587,3.273405075073242,-4.059171199798584
588,2.9401769638061523,-4.085323333740234
589,3.0055489540100098,-4.475384712219238
590,3.028536796569824,-4.392605304718018
591,3.432753086090088,-4.421285629272461
592,3.029533624649048,-4.210839748382568
593,3.4570960998535156,-4.6136298179626465
594,2.9479360580444336,-4.159331798553467
595,3.0830016136169434,-4.539036273956299
596,3.064060688018799,-4.637465953826904
597,3.436945915222168,-4.469562530517578
598,3.1887800693511963,-4.06271505355835
599,3.5405569076538086,-4.383657455444336
600,3.1191606521606445,-4.321134567260742
601,2.801266670227051,-3.9901654720306396
602,3.1287198066711426,-4.621292591094971
603,2.9558143615722656,-4.323790073394775
604,3.193852424621582,-3.9556119441986084
605,2.916574478149414,-4.532258033752441
606,3.1276206970214844,-4.558910369873047
607,3.1109633445739746,-4.338034629821777
608,2.572021007537842,-4.439653396606445
609,3.1977953910827637,-4.357009410858154
610,3.1816139221191406,-4.060247898101807
611,3.2148654460906982,-4.153592109680176
612,3.1586785316467285,-4.105018138885498
613,3.013673782348633,-4.163066387176514
614,2.8661704063415527,-4.624572277069092
615,2.8351054191589355,-4.068994045257568
616,3.274771213531494,-4.605067729949951
617,3.0886712074279785,-4.348477840423584
618,3.1294050216674805,-4.193695545196533
619,2.9984021186828613,-4.458261966705322
620,3.098257064819336,-4.0045485496521
621,3.2109756469726562,-4.442592620849609
622,2.852938652038574,-3.8158867359161377
623,2.9088077545166016,-4.381164073944092
624,2.7596328258514404,-4.67141580581665
625,2.798018455505371,-4.366145610809326
626,2.9539384841918945,-4.52036190032959
627,2.8538894653320312,-4.5733819007873535
628,2.879669666290283,-4.5764851570129395
629,2.8852968215942383,-4.311366558074951
630,3.045832633972168,-4.300876617431641
631,2.5620598793029785,-4.5346293449401855
632,2.7082455158233643,-4.081872463226318
633,3.0684425830841064,-3.851816415786743
634,2.5922040939331055,-4.283615589141846
635,2.7357046604156494,-4.2416486740112305
636,2.7903826236724854,-4.2772650718688965
637,2.934378147125244,-3.9412243366241455
638,3.0015182495117188,-4.451322555541992
639,2.8899612426757812,-4.536016941070557
640,2.8320209980010986,-4.36708402633667
641,2.9663851261138916,-4.816821575164795
642,2.846259117126465,-4.244677543640137
643,2.813052177429199,-4.084551811218262
644,2.4322571754455566,-4.241413116455078
645,2.6895089149475098,-4.2032904624938965
646,2.493663787841797,-4.327548027038574
647,2.771803855895996,-4.508831977844238
648,2.8781180381774902,-4.790655136108398
649,3.1096267700195312,-4.544325351715088
650,2.832050323486328,-4.519887447357178
651,2.7494096755981445,-4.390261650085449
652,2.896869659423828,-4.427191257476807
653,2.561924457550049,-4.317547798156738
654,3.371723175048828,-4.220834255218506
655,2.732450485229492,-4.4245686531066895
656,2.774965763092041,-4.319180011749268
657,2.637547731399536,-3.9175751209259033
658,2.85219669342041,-4.064919948577881
659,2.7120413780212402,-4.143872261047363
660,2.708941698074341,-4.227964401245117
661,2.7651257514953613,-4.348953723907471
662,2.6883716583251953,-4.600579261779785
663,2.8520660400390625,-5.073873519897461
664,2.6900291442871094,-6.125688552856445
665,2.991489887237549,-5.625405311584473
666,2.6849234104156494,-6.019500732421875
667,2.8019282817840576,-6.251663684844971
668,2.8076014518737793,-7.248942852020264
669,2.7853190898895264,-6.890681743621826
670,2.683500051498413,-5.944270133972168
671,2.4214603900909424,-6.414646625518799
672,2.5818705558776855,-6.8768839836120605
673,2.886833667755127,-7.131429672241211
674,2.667536735534668,-6.1172990798950195
675,2.4652366638183594,-6.4477715492248535
676,2.443769693374634,-6.4035515785217285
677,2.690373182296753,-7.473165988922119
678,2.5336904525756836,-6.966947078704834
679,2.498718500137329,-6.079247951507568
680,2.6291825771331787,-6.782954692840576
681,2.455807685852051,-5.6126508712768555
682,2.63201642036438,-5.494256973266602
683,2.517475128173828,-5.713513374328613
684,2.2179954051971436,-5.7823967933654785
685,2.3595190048217773,-6.109776496887207
686,2.593069076538086,-4.9512529373168945
687,2.5584535598754883,-4.8719635009765625
688,2.4168829917907715,-4.887624740600586
689,2.5515308380126953,-4.818790912628174
690,2.5194969177246094,-5.0879998207092285
691,2.2783961296081543,-4.473964214324951
692,2.82649302482605,-4.1450419425964355
693,2.540311813354492,-4.527524948120117
694,2.481858253479004,-4.3986945152282715
695,2.5374817848205566,-4.568545341491699
696,2.801223039627075,-4.120697498321533
697,2.593618869781494,-4.278477668762207
698,2.605498790740967,-4.65327787399292
699,2.4721357822418213,-4.182111740112305
700,2.3991618156433105,-4.025842189788818
701,2.3134026527404785,-4.344977378845215
702,2.635735511779785,-4.469499588012695
703,2.4745430946350098,-4.290782928466797
704,2.453223705291748,-4.43007755279541
705,2.5647330284118652,-4.495232105255127
706,2.852104663848877,-4.32725715637207
707,2.473893642425537,-4.545190334320068
708,2.447237491607666,-4.491196155548096
709,2.2966372966766357,-4.091919422149658
710,2.1987359523773193,-4.541277885437012
711,2.4883804321289062,-4.468116283416748
712,2.510746479034424,-4.287925720214844
713,2.4525599479675293,-4.852267265319824
714,2.5833866596221924,-4.564397811889648
715,2.3902974128723145,-4.3944621086120605
716,2.5466971397399902,-4.317445755004883
717,2.2131993770599365,-4.463344097137451
718,2.4556398391723633,-4.322956085205078
719,2.1771411895751953,-4.059122085571289
720,2.3157029151916504,-4.769684791564941
721,2.3619861602783203,-4.4099531173706055
722,2.458660125732422,-4.284809589385986
723,2.1510379314422607,-4.422321319580078
724,2.3781354427337646,-4.184368133544922
725,2.771178722381592,-4.109142780303955
726,2.1423556804656982,-4.010768890380859
727,2.139573574066162,-4.438860893249512
728,2.2211296558380127,-4.4458537101745605
729,2.250133514404297,-4.219830513000488
730,2.284440040588379,-4.378509998321533
731,2.353663444519043,-4.054982662200928
732,2.293759346008301,-3.9956860542297363
733,2.3634862899780273,-4.028350830078125
734,2.3871910572052,-4.468665599822998
735,2.1941604614257812,-3.9311413764953613
736,1.9357072114944458,-4.032176971435547
737,2.14793062210083,-4.259685039520264
738,2.2261545658111572,-4.270658016204834
739,2.347456932067871,-4.322631359100342
740,2.209812641143799,-4.219834327697754
741,2.8639373779296875,-4.256171703338623
742,2.2723798751831055,-4.152400016784668
743,2.189493179321289,-4.290561676025391
744,2.2935609817504883,-4.22014856338501
745,2.264803171157837,-4.558218002319336
746,2.451064348220825,-4.240518093109131
747,2.228863000869751,-4.200399398803711
748,2.4587273597717285,-4.078155994415283
749,2.315380573272705,-4.076906204223633
750,2.3198366165161133,-4.234409332275391
751,2.2736072540283203,-3.970262050628662
752,2.098569393157959,-4.245058536529541
753,2.3261797428131104,-3.75334095954895
754,2.17364501953125,-4.432445526123047
755,2.248610019683838,-4.244553089141846
756,2.384448528289795,-3.8676564693450928
757,2.0288679599761963,-4.064672946929932
758,2.4559478759765625,-4.1853413581848145
759,2.2016615867614746,-4.0392746925354
760,2.1299028396606445,-4.156352519989014
761,2.036412477493286,-4.424283027648926
762,1.8726098537445068,-4.491995334625244
763,2.119127035140991,-4.418522834777832
764,2.2693493366241455,-4.471954822540283
765,1.9283506870269775,-4.473452568054199
766,2.211876392364502,-4.169726371765137
767,2.4474198818206787,-4.56033182144165
768,1.993443489074707,-4.843532562255859
769,2.027996778488159,-4.560164451599121
770,1.9825853109359741,-4.385733127593994
771,2.0481514930725098,-4.267688274383545
772,2.2425432205200195,-4.350357532501221
773,2.127763032913208,-4.435322284698486
774,1.886031150817871,-4.051541328430176
775,1.883005976676941,-4.287161827087402
776,2.40008807182312,-4.509302139282227
777,2.1887383460998535,-4.34677267074585
778,1.9860546588897705,-4.438612937927246
779,2.0739307403564453,-4.601436138153076
780,2.2287638187408447,-4.8523664474487305
781,1.821774959564209,-4.601779460906982
782,1.8094981908798218,-4.493237495422363
783,2.0773534774780273,-4.826114177703857
784,1.8305795192718506,-4.552027702331543
785,2.088172197341919,-4.499399185180664
786,1.9634606838226318,-4.337474822998047
787,2.0184860229492188,-4.910178184509277
788,1.9162406921386719,-4.182161331176758
789,2.188840866088867,-5.029137134552002
790,2.1252152919769287,-4.906213283538818
791,2.2092397212982178,-4.483181953430176
792,1.8186209201812744,-4.409184455871582
793,1.9429960250854492,-4.6797380447387695
794,1.8768244981765747,-4.7164530754089355
795,1.9005632400512695,-4.718056678771973
796,1.9795994758605957,-4.907893180847168
797,1.8060345649719238,-4.73982572555542
798,1.8378334045410156,-4.746501445770264
799,2.0497825145721436,-4.75253963470459
800,1.6892173290252686,-4.584774971008301
801,1.9268193244934082,-4.756487846374512
802,1.8974997997283936,-4.6442952156066895
803,2.1779279708862305,-5.142564296722412
804,1.8570548295974731,-4.743049144744873
805,2.129047155380249,-4.621058940887451
806,1.7565157413482666,-4.726437568664551
807,1.9814510345458984,-4.773615837097168
808,1.603475570678711,-4.771406650543213
809,2.321704387664795,-4.213910102844238
810,1.7711577415466309,-4.5360493659973145
811,1.999915361404419,-4.301042079925537
812,1.978042483329773,-4.249807357788086
813,1.9434177875518799,-4.198750972747803
814,1.781015396118164,-4.530038833618164
815,1.9120981693267822,-4.530277252197266
816,1.9880555868148804,-4.774014472961426
817,1.6627399921417236,-4.450638294219971
818,1.7897648811340332,-4.689819812774658
819,2.1203453540802,-4.487143516540527
820,1.6500080823898315,-4.638979911804199
821,1.7149667739868164,-4.44467306137085
822,1.8166470527648926,-4.197470188140869
823,1.8926310539245605,-4.360799312591553
824,1.9720954895019531,-4.411944389343262
825,1.804931402206421,-4.51235818862915
826,1.9842021465301514,-4.556050777435303
827,2.0610742568969727,-4.3087239265441895
828,1.5955960750579834,-4.291856288909912
829,1.8332138061523438,-3.9213991165161133
830,1.8143401145935059,-4.747891902923584
831,1.7460325956344604,-4.749804496765137
832,1.7153141498565674,-4.260196685791016
833,1.6532490253448486,-4.868578910827637
834,1.7863328456878662,-4.490116119384766
835,1.9056940078735352,-4.1639404296875
836,1.7339534759521484,-4.440153121948242
837,1.6291711330413818,-4.467230796813965
838,1.6738362312316895,-4.45183801651001
839,1.6309237480163574,-4.678622722625732
840,1.5632967948913574,-4.5246100425720215
841,2.2287368774414062,-4.055616855621338
842,1.6608586311340332,-4.276147842407227
843,1.8276948928833008,-4.257625102996826
844,1.8599696159362793,-4.753030776977539
845,1.7553353309631348,-4.9767961502075195
846,1.7291405200958252,-4.425077438354492
847,1.9358634948730469,-4.369485855102539
848,1.7998239994049072,-4.412252426147461
849,1.6904404163360596,-4.4643659591674805
850,1.757506251335144,-4.915003776550293
851,1.8186976909637451,-4.532703399658203
852,1.7594757080078125,-4.558297157287598
853,1.8495802879333496,-4.70998477935791
854,1.6212408542633057,-4.055141448974609
855,2.005110263824463,-3.8937883377075195
856,1.8251985311508179,-4.772726535797119
857,1.7064664363861084,-4.456664562225342
858,1.4625496864318848,-4.42784309387207
859,1.8076896667480469,-4.5894856452941895
860,1.769767165184021,-4.421694755554199
861,2.2017436027526855,-4.322107791900635
862,1.7137353420257568,-4.235477447509766
863,1.6433238983154297,-4.400362968444824
864,1.8171167373657227,-4.503326416015625
865,1.6984182596206665,-4.077498912811279
866,1.5695428848266602,-4.566504001617432
867,1.7530832290649414,-4.6292948722839355
868,1.6531052589416504,-4.182254791259766
869,1.7090339660644531,-4.221635818481445
870,1.5922871828079224,-4.310692310333252
871,1.6543331146240234,-4.491952896118164
872,1.7483782768249512,-4.431530952453613
873,1.4793295860290527,-4.4344377517700195
874,1.66127347946167,-4.537535190582275
875,1.7675657272338867,-4.338536739349365
876,1.9095971584320068,-4.304103374481201
877,1.6497254371643066,-3.9876859188079834
878,1.8522672653198242,-4.413247585296631
879,1.567655324935913,-4.313357353210449
880,1.5407252311706543,-4.201864242553711
881,1.3730285167694092,-4.78756856918335
882,1.7044645547866821,-4.200249195098877
883,1.6889197826385498,-4.417621612548828
884,1.6598410606384277,-4.298396587371826
885,1.6372547149658203,-4.741513252258301
886,1.7049140930175781,-4.621270656585693
887,1.438820481300354,-4.772293567657471
888,1.622715711593628,-4.201539516448975
889,1.4993648529052734,-4.473482131958008
890,1.5810987949371338,-4.178163528442383
891,1.480947494506836,-4.620935916900635
892,1.588523268699646,-4.018311977386475
893,1.5920490026474,-4.191281795501709
894,1.6310713291168213,-4.573885917663574
895,1.5562615394592285,-4.417709827423096
896,1.405795693397522,-4.652703762054443
897,1.6740539073944092,-4.510209560394287
898,1.274742603302002,-4.5592265129089355
899,1.5968191623687744,-4.3408002853393555
900,1.5112022161483765,-4.448836803436279
901,1.5352050065994263,-4.290864944458008
902,1.6574151515960693,-4.510863780975342
903,1.5837153196334839,-4.555300712585449
904,1.6123509407043457,-4.473101615905762
905,1.4140864610671997,-4.027853965759277
906,1.6382324695587158,-4.462210178375244
907,1.522184133529663,-4.261260509490967
908,1.5332891941070557,-4.347782135009766
909,1.4614121913909912,-4.226705551147461
910,1.6134235858917236,-4.429917812347412
911,1.6816623210906982,-4.32708215713501
912,1.541506290435791,-4.373445987701416
913,1.4843045473098755,-4.598278999328613
914,1.4920859336853027,-4.429198265075684
915,1.4859168529510498,-3.790860652923584
916,1.4543094635009766,-4.362374782562256
917,1.5117523670196533,-4.644405364990234
918,1.358743667602539,-4.7584147453308105
919,1.6111726760864258,-4.362062454223633
920,1.6176429986953735,-4.441014289855957
921,1.2290725708007812,-4.551929950714111
922,1.585613489151001,-4.510933876037598
923,1.369099736213684,-4.519750595092773
924,1.320742130279541,-4.514284133911133
925,1.540930151939392,-4.641127586364746
926,1.6077251434326172,-4.703051567077637
927,1.5365617275238037,-4.864879608154297
928,1.2751725912094116,-4.892269134521484
929,1.2878437042236328,-4.526669979095459
930,1.2451121807098389,-4.32042121887207
931,1.6562145948410034,-4.385055065155029
932,1.5014148950576782,-4.403484344482422
933,1.4411886930465698,-3.5447843074798584
934,1.4289240837097168,-3.207359552383423
935,1.4914896488189697,-3.8083856105804443
936,1.4062652587890625,-4.3165106773376465
937,1.4304838180541992,-4.1403703689575195
938,1.6497857570648193,-2.4802513122558594
939,1.7778871059417725,-1.7041510343551636
940,2.1018271446228027,-1.6462324857711792
941,1.944960117340088,-1.997519850730896
942,2.4456350803375244,-2.044450044631958
943,2.097357749938965,-1.9866421222686768
944,1.2477996349334717,-2.0483179092407227
945,1.2726848125457764,-3.272684335708618
946,1.4571871757507324,-3.211503505706787
947,1.383061170578003,-3.3885512351989746
948,1.3963254690170288,-3.2803308963775635
949,1.25655996799469,-2.985536813735962
950,1.926614761352539,-2.3605966567993164
951,5.7737836837768555,-0.9689459800720215
952,12.9814453125,-0.11279428750276566
953,9.333809852600098,-0.0019556249026209116
954,7.469037055969238,-0.5349255800247192
955,7.962929725646973,-3.006324529647827
956,9.010334968566895,-5.516811370849609
957,11.703863143920898,-8.544312477111816
958,12.14656925201416,-7.466572284698486
959,10.472342491149902,-8.138676643371582
960,7.9157257080078125,-8.595691680908203
961,8.244924545288086,-8.300896644592285
962,8.495797157287598,-10.681025505065918
963,8.488696098327637,-10.395496368408203
964,8.067644119262695,-12.148662567138672
965,8.903006553649902,-11.275357246398926
966,8.22140884399414,-12.179037094116211
967,8.271081924438477,-10.4906005859375
968,7.745626449584961,-11.435595512390137
969,7.590391159057617,-14.187806129455566
970,7.095345497131348,-15.246818542480469
971,7.270803451538086,-17.66339683532715
972,7.361287593841553,-16.04357147216797
973,7.512144088745117,-14.493316650390625
974,7.57138204574585,-16.21759033203125
975,6.982382297515869,-17.28459930419922
976,6.906390190124512,-15.676352500915527
977,7.205801010131836,-11.901082992553711
978,9.501344680786133,-9.868114471435547
979,8.045424461364746,-8.7622652053833
980,8.140663146972656,-9.577282905578613
981,7.5363969802856445,-7.2109575271606445
982,7.1105546951293945,-6.475550651550293
983,7.1957478523254395,-6.012457370758057
984,6.220058441162109,-7.304969310760498
985,6.4478230476379395,-5.6303534507751465
986,5.94976282119751,-5.194195747375488
987,5.76974630355835,-3.999624252319336
988,5.038085460662842,-3.9908065795898438
989,5.675524711608887,-3.799128770828247
990,5.381134510040283,-4.146306991577148
991,6.6721343994140625,-4.270993232727051
992,7.55804967880249,-3.487668514251709
993,6.030264854431152,-3.7478837966918945
994,8.579904556274414,-3.8917691707611084
995,7.027268409729004,-3.7836365699768066
996,5.810773849487305,-4.3977437019348145
997,5.37822151184082,-4.369357109069824
998,6.04276180267334,-4.576674938201904
999,5.492434978485107,-4.647125720977783
1000,4.9083476066589355,-4.132681369781494
1001,5.937427520751953,-3.9812188148498535
1002,5.115993499755859,-4.457098484039307
1003,4.9937663078308105,-4.3436102867126465
1004,5.125319480895996,-4.662115097045898
1005,5.022119045257568,-5.448484420776367
1006,7.212873458862305,-5.903285980224609
1007,5.677978038787842,-7.181440830230713
1008,6.165031909942627,-7.333998203277588
1009,7.181347846984863,-6.460076808929443
1010,6.14853572845459,-7.30042839050293
1011,5.372422695159912,-7.867327690124512
1012,5.958061695098877,-10.17635726928711
1013,6.996319770812988,-14.818078994750977
1014,6.931656837463379,-20.948232650756836
1015,8.109953880310059,-21.421411514282227
1016,8.304585456848145,-21.079381942749023
1017,6.898279190063477,-16.158123016357422
1018,6.93513298034668,-11.844982147216797
1019,7.547418594360352,-11.438254356384277
1020,7.893673419952393,-9.915745735168457
1021,7.383604526519775,-9.811752319335938
1022,6.7935051918029785,-11.966246604919434
1023,7.236356258392334,-12.319629669189453
1024,7.506933212280273,-11.832618713378906
1025,6.994241237640381,-12.498196601867676
1026,7.139182090759277,-12.682892799377441
1027,6.264103889465332,-13.890432357788086
1028,6.1752214431762695,-15.570453643798828
1029,5.6471357345581055,-18.48980140686035
1030,5.288291931152344,-17.927181243896484
1031,4.544930458068848,-17.851093292236328
1032,4.658301830291748,-16.631216049194336
1033,4.930962562561035,-13.692675590515137
1034,4.406101703643799,-10.567172050476074
1035,4.984363079071045,-8.397378921508789
1036,5.37244987487793,-3.8781583309173584
1037,4.837338447570801,-2.7393839359283447
1038,4.024197578430176,-2.096071720123291
1039,3.088747024536133,-1.9244308471679688
1040,3.4889581203460693,-1.957486867904663
1041,2.6781039237976074,-1.8176013231277466
1042,2.6465840339660645,-1.6218169927597046
1043,2.2366766929626465,-1.6912050247192383
1044,1.974820852279663,-1.6677829027175903
1045,1.678550124168396,-1.5294800996780396
1046,1.5101615190505981,-1.676681399345398
1047,1.3987469673156738,-1.8921411037445068
1048,1.4363229274749756,-1.7378511428833008
1049,1.947701096534729,-1.632043480873108
1050,1.6104063987731934,-1.6614574193954468
1051,1.418349027633667,-1.6498582363128662
1052,1.6640535593032837,-1.6218563318252563
1053,1.3756020069122314,-1.7875595092773438
1054,1.6836220026016235,-1.6256210803985596
1055,1.3013336658477783,-1.5930784940719604
1056,1.771355152130127,-1.5319207906723022
1057,1.3076801300048828,-1.408098578453064
1058,1.331986904144287,-1.4250160455703735
1059,1.6923274993896484,-1.6529297828674316
1060,1.5069056749343872,-1.2956373691558838
1061,1.4285285472869873,-1.533606767654419
1062,1.2785956859588623,-1.5447518825531006
1063,1.2166603803634644,-2.041550874710083
1064,1.2743852138519287,-1.4970498085021973
1065,1.2945871353149414,-1.437322735786438
1066,1.2201322317123413,-1.3473467826843262
1067,1.246870756149292,-1.4270503520965576
1068,2.147918701171875,-1.341894507408142
1069,1.3551719188690186,-1.215053915977478
1070,1.5195629596710205,-1.2462364435195923
1071,1.5047247409820557,-1.2364693880081177
1072,1.271136999130249,-1.4255050420761108
1073,1.1873996257781982,-1.6067476272583008
1074,1.2279679775238037,-1.525413155555725
1075,1.450127363204956,-1.7146629095077515
1076,1.7401480674743652,-1.3765755891799927
1077,1.5833624601364136,-1.517713189125061
1078,1.2501771450042725,-1.1525253057479858
1079,1.1879549026489258,-1.8556945323944092
1080,1.3299560546875,-1.390350341796875
1081,1.5057262182235718,-1.500693678855896
1082,1.3691480159759521,-1.3479117155075073
1083,2.1470305919647217,-1.4199202060699463
1084,1.3366751670837402,-1.4756091833114624
1085,1.4286528825759888,-1.322963833808899
1086,1.3606308698654175,-1.0875755548477173
1087,1.21316659450531,-1.1151442527770996
1088,1.380974531173706,-1.2070201635360718
1089,1.1834475994110107,-1.2099006175994873
1090,1.288527250289917,-1.0737115144729614
1091,1.4389917850494385,-1.1685398817062378
1092,1.4798638820648193,-1.1416535377502441
1093,1.3983657360076904,-1.1133111715316772
1094,1.8781406879425049,-1.544417381286621
1095,1.2801538705825806,-1.2096103429794312
1096,1.3387677669525146,-1.471021294593811
1097,1.5390849113464355,-1.3228453397750854
1098,1.5702192783355713,-1.5204163789749146
1099,1.5360076427459717,-1.5975165367126465
1100,1.5810561180114746,-1.4643816947937012
1101,1.608512043952942,-1.3559664487838745
1102,1.3918856382369995,-0.9871897101402283
1103,1.4681005477905273,-0.894743025302887
1104,1.6263426542282104,-1.0085002183914185
1105,1.3474583625793457,-0.8616208434104919
1106,1.4685676097869873,-0.955089271068573
1107,1.5088376998901367,-1.1572341918945312
1108,1.4924616813659668,-1.1538413763046265
1109,1.5353317260742188,-1.240401268005371
1110,1.3500277996063232,-1.152044653892517
1111,1.2800339460372925,-1.412866234779358
1112,1.3364295959472656,-1.1129926443099976
1113,1.6621211767196655,-1.2526253461837769
1114,1.4734618663787842,-1.4111089706420898
1115,1.3839715719223022,-1.592969536781311
1116,1.3222209215164185,-1.6104028224945068
1117,1.3132752180099487,-1.152061939239502
1118,1.3425638675689697,-1.0551303625106812
1119,1.8284516334533691,-1.0560543537139893
1120,1.3930367231369019,-1.1059421300888062
1121,1.3480958938598633,-1.345455288887024
1122,1.557108998298645,-1.481381893157959
1123,1.369931936264038,-1.1641316413879395
1124,1.7788639068603516,-1.0578908920288086
1125,1.347785234451294,-0.9772927761077881
1126,1.500389575958252,-1.2565075159072876
1127,1.3462183475494385,-1.3343027830123901
1128,1.2962615489959717,-1.2634893655776978
1129,1.4520208835601807,-1.0390490293502808
1130,1.2661975622177124,-0.9895480275154114
1131,1.5248560905456543,-1.1646133661270142
1132,1.6617324352264404,-0.9048575758934021
1133,1.41526198387146,-1.2076911926269531
1134,1.9001655578613281,-1.4299472570419312
1135,1.3987741470336914,-1.2341337203979492
1136,1.6921604871749878,-1.6402032375335693
1137,1.2195158004760742,-1.3452949523925781
1138,1.3199751377105713,-1.3376785516738892
1139,1.3608119487762451,-1.1584817171096802
1140,1.3104381561279297,-1.5386375188827515
1141,1.2587034702301025,-1.1923121213912964
1142,1.3049628734588623,-1.2056279182434082
1143,1.2684290409088135,-1.2944406270980835
1144,1.44573974609375,-1.4648785591125488
1145,1.2536532878875732,-1.5368297100067139
1146,1.6349643468856812,-1.08721923828125
1147,1.5478239059448242,-1.1831148862838745
1148,1.4766614437103271,-1.120994210243225
1149,1.367289423942566,-1.5677374601364136
1150,1.3994114398956299,-1.1397647857666016
1151,1.397594928741455,-1.1875134706497192
1152,1.299271821975708,-0.9961814880371094
1153,1.366675615310669,-1.1192106008529663
1154,1.4146002531051636,-1.5678988695144653
1155,1.3010331392288208,-1.06259024143219
1156,1.3675084114074707,-1.1183135509490967
1157,1.9296965599060059,-1.1122511625289917
1158,1.3008956909179688,-1.3161011934280396
1159,1.2622053623199463,-1.6002846956253052
1160,1.5128580331802368,-0.8886950612068176
1161,1.2308146953582764,-1.2336242198944092
1162,1.3821196556091309,-1.2247105836868286
1163,1.2961012125015259,-1.0113853216171265
1164,1.6914315223693848,-1.3523145914077759
1165,1.3579750061035156,-1.2898629903793335
1166,1.2471837997436523,-1.0793299674987793
1167,1.3850855827331543,-1.4143257141113281
1168,1.507378339767456,-1.3718551397323608
1169,1.4062554836273193,-1.1699200868606567
1170,1.4650115966796875,-1.1757400035858154
1171,1.4106227159500122,-0.921257734298706
1172,1.3526248931884766,-1.5080829858779907
1173,1.3142130374908447,-0.9941469430923462
1174,1.6194478273391724,-1.2057472467422485
1175,1.5013501644134521,-1.0479916334152222
1176,1.3940516710281372,-0.9108148813247681
1177,1.4384572505950928,-1.3555076122283936
1178,1.4199416637420654,-1.1169657707214355
1179,1.6220757961273193,-1.1310410499572754
1180,1.404308557510376,-1.3071529865264893
1181,1.3229596614837646,-1.2411311864852905
1182,1.4151220321655273,-1.0253188610076904
1183,1.3693854808807373,-1.0201506614685059
1184,1.337867259979248,-0.8957832455635071
1185,1.2529709339141846,-1.1226727962493896
1186,1.298602819442749,-1.3908222913742065
1187,1.2514221668243408,-1.4114348888397217
1188,1.668912410736084,-0.9206761121749878
1189,1.7356419563293457,-1.2699370384216309
1190,1.4952843189239502,-0.9967935085296631
1191,1.311410665512085,-1.0009796619415283
1192,1.406375527381897,-0.9306607246398926
1193,1.6212353706359863,-0.9653508067131042
1194,1.3746623992919922,-0.8678926229476929
1195,1.7227495908737183,-1.0994774103164673
1196,1.203054666519165,-1.2941792011260986
1197,1.5125608444213867,-1.1465580463409424
1198,1.2912284135818481,-1.723048448562622
1199,1.3614962100982666,-0.9901939630508423
1200,1.2146410942077637,-0.9933702349662781
1201,1.489952564239502,-0.8408679962158203
1202,1.5475499629974365,-0.8530271649360657
1203,1.5606173276901245,-0.9319341778755188
1204,1.4995331764221191,-0.9766083359718323
1205,1.5931365489959717,-1.0745285749435425
1206,1.5324287414550781,-0.9810512065887451
1207,1.4519028663635254,-1.1995654106140137
1208,1.4229950904846191,-0.9857028722763062
1209,1.5104427337646484,-0.9883245229721069
1210,1.2138714790344238,-1.1391613483428955
1211,1.5596115589141846,-0.8501489758491516
1212,1.3700273036956787,-0.8727226257324219
1213,1.3710696697235107,-0.925406277179718
1214,1.4161617755889893,-0.9598080515861511
1215,1.4587924480438232,-0.9380983710289001
1216,1.4562103748321533,-0.9955183267593384
1217,1.4155436754226685,-1.0254888534545898
1218,1.3394132852554321,-1.1435891389846802
1219,1.4615576267242432,-0.8824516534805298
1220,1.3379089832305908,-0.9026336073875427
1221,1.2321127653121948,-0.8944889903068542
1222,1.3783200979232788,-0.9079043865203857
1223,1.4355820417404175,-1.3619505167007446
1224,1.2669029235839844,-1.210700273513794
1225,1.2542436122894287,-1.642270565032959
1226,1.6068034172058105,-1.5662966966629028
1227,1.6479229927062988,-1.3564083576202393
1228,1.3208017349243164,-1.1063086986541748
1229,1.3788633346557617,-0.8465813398361206
1230,1.2851386070251465,-1.4311752319335938
1231,1.6427655220031738,-0.8252204060554504
1232,1.3371367454528809,-0.8221860527992249
1233,1.376057505607605,-0.8221508860588074
1234,1.2395925521850586,-0.8222070336341858
1235,1.4152599573135376,-0.8224513530731201
1236,1.307401180267334,-0.8239865303039551
1237,1.3389495611190796,-0.8488218188285828
1238,1.4230220317840576,-1.3832303285598755
1239,1.328305959701538,-3.345604658126831
1240,1.4655280113220215,-4.929006576538086
1241,1.9322373867034912,-3.6062023639678955
1242,1.7654459476470947,-1.7802602052688599
1243,1.2704777717590332,-0.9003404378890991
1244,1.4431231021881104,-0.8352662920951843
1245,1.3927643299102783,-0.8306254744529724
1246,1.3962852954864502,-0.8366174101829529
1247,1.4021656513214111,-0.8931014537811279
1248,1.6581354141235352,-0.8483304381370544
1249,1.478684663772583,-0.9920611381530762
1250,1.44264554977417,-0.8454683423042297
1251,1.3229637145996094,-1.2002992630004883
1252,1.366676926612854,-1.4458982944488525
1253,1.6260333061218262,-0.9959420561790466
1254,1.399977445602417,-0.9422454833984375
1255,1.1736819744110107,-0.840147852897644
1256,1.2101178169250488,-0.825264573097229
1257,1.4241342544555664,-0.8227089047431946
1258,1.3583579063415527,-0.8225823044776917
1259,1.3271095752716064,-0.8235553503036499
1260,1.3436397314071655,-0.8239735960960388
1261,1.469940185546875,-0.8244127035140991
1262,1.2591286897659302,-0.824242353439331
1263,1.2942702770233154,-0.826174259185791
1264,1.2611161470413208,-0.8462897539138794
1265,1.1029469966888428,-0.9354714751243591
1266,1.240343451499939,-1.3878189325332642
1267,1.4226794242858887,-1.423600196838379
1268,1.3927452564239502,-0.9436068534851074
1269,1.3993113040924072,-1.0677289962768555
1270,1.5494039058685303,-1.302260160446167
1271,1.4739811420440674,-1.082245111465454
1272,1.5772608518600464,-1.219943642616272
1273,1.2632489204406738,-0.8835281133651733
1274,1.1846122741699219,-1.1586133241653442
1275,1.324432611465454,-0.9106868505477905
1276,1.4675073623657227,-0.9898831248283386
1277,1.3542711734771729,-1.275558590888977
1278,1.1228110790252686,-1.113664984703064
1279,1.30347740650177,-1.1030333042144775
1280,1.4789414405822754,-1.2250022888183594
1281,1.33042311668396,-1.4813086986541748
1282,1.2748374938964844,-1.708113670349121
1283,1.5783138275146484,-1.5249823331832886
1284,1.2319629192352295,-1.4220291376113892
1285,1.3801884651184082,-1.5918437242507935
1286,1.390685796737671,-1.4235410690307617
1287,1.4446395635604858,-1.6160038709640503
1288,1.2746198177337646,-1.2702553272247314
1289,1.5639233589172363,-1.5147771835327148
1290,1.4371845722198486,-1.8556840419769287
1291,1.3309093713760376,-2.5382163524627686
1292,1.2892205715179443,-2.185912847518921
1293,1.664482831954956,-1.1982194185256958
1294,1.4022128582000732,-2.852627754211426
1295,1.2672948837280273,-2.3776843547821045
1296,1.2225487232208252,-0.8662164211273193
1297,1.3736844062805176,-0.822437047958374
1298,1.157435417175293,-0.8230148553848267
1299,1.2884387969970703,-1.4679914712905884
1300,1.427648663520813,-3.0774548053741455
1301,1.424903154373169,-4.086585521697998
1302,1.5471374988555908,-2.9092607498168945
1303,1.278538465499878,-1.0815975666046143
1304,1.3199050426483154,-1.071354866027832
1305,1.2236714363098145,-0.8702065944671631
1306,1.378806233406067,-1.0492756366729736
1307,1.331251621246338,-0.8855230808258057
1308,1.3466062545776367,-0.8483607769012451
1309,1.2078449726104736,-0.8287551999092102
1310,1.4002121686935425,-0.8283588886260986
1311,1.2880319356918335,-0.8349555134773254
1312,1.3910443782806396,-0.8570692539215088
1313,1.2271449565887451,-1.3188376426696777
1314,1.298804759979248,-1.139641284942627
1315,1.275329828262329,-1.1830146312713623
1316,1.428776741027832,-1.424505591392517
1317,1.5372387170791626,-1.2280410528182983
1318,1.2868033647537231,-1.5071710348129272
1319,1.2504475116729736,-1.6831448078155518
1320,1.3956316709518433,-1.4771579504013062
1321,1.3978402614593506,-1.6153502464294434
1322,1.4317139387130737,-1.5735716819763184
1323,1.2820837497711182,-1.2127113342285156
1324,1.6329820156097412,-1.524972677230835
1325,1.4127464294433594,-1.6503043174743652
1326,1.2359600067138672,-1.6407524347305298
1327,1.3460497856140137,-1.4868334531784058
1328,1.4378796815872192,-1.3400646448135376
1329,1.1995084285736084,-1.5839542150497437
1330,1.503878116607666,-2.7757651805877686
1331,1.3160440921783447,-3.0142507553100586
1332,1.1953202486038208,-3.039616346359253
1333,1.2511221170425415,-2.263424873352051
1334,1.3155274391174316,-2.770122766494751
1335,1.4010783433914185,-2.9648797512054443
1336,1.4426583051681519,-2.2976417541503906
1337,1.3477041721343994,-3.0734949111938477
1338,1.3023269176483154,-2.9289467334747314
1339,1.4721181392669678,-3.038991689682007
1340,1.4612374305725098,-2.697122573852539
1341,1.4210023880004883,-2.4627768993377686
1342,1.60616135597229,-3.2322893142700195
1343,1.6315374374389648,-3.03971529006958
1344,1.4914937019348145,-3.4247796535491943
1345,1.3660376071929932,-3.3641843795776367
1346,1.4285154342651367,-3.855233669281006
1347,1.578380823135376,-3.3620235919952393
1348,1.4612561464309692,-3.654902458190918
1349,1.3470888137817383,-3.6320104598999023
1350,1.4294121265411377,-3.8261938095092773
1351,1.3514032363891602,-3.7881133556365967
1352,1.5217666625976562,-3.405545711517334
1353,1.3474669456481934,-3.7380383014678955
1354,1.2756150960922241,-3.694317102432251
1355,1.415266752243042,-2.745108127593994
1356,1.4977502822875977,-3.7194855213165283
1357,1.207399606704712,-3.3705670833587646
1358,1.5194604396820068,-3.6686530113220215
1359,1.2422583103179932,-3.8616702556610107
1360,1.398055076599121,-3.1952757835388184
1361,1.336773157119751,-4.059390544891357
1362,1.322986364364624,-3.9095306396484375
1363,1.6604585647583008,-4.055276870727539
1364,1.4387476444244385,-3.4518210887908936
1365,1.2877979278564453,-3.9914135932922363
1366,1.4639017581939697,-3.6681036949157715
1367,1.4155936241149902,-2.967254877090454
1368,1.1420090198516846,-3.515275478363037
1369,1.3420734405517578,-3.2024903297424316
1370,1.563838243484497,-3.5118277072906494
1371,1.2249913215637207,-4.066574573516846
1372,1.453735589981079,-3.7526485919952393
1373,1.4052786827087402,-3.4850072860717773
1374,1.3581029176712036,-3.416167974472046
1375,1.617572546005249,-3.5945193767547607
1376,1.7282488346099854,-3.6151599884033203
1377,1.2082960605621338,-3.3215296268463135
1378,1.2949897050857544,-4.023834705352783
1379,1.2285773754119873,-3.8580565452575684
1380,1.2500860691070557,-4.698966979980469
1381,1.3218445777893066,-4.092043876647949
1382,1.479191541671753,-3.591632127761841
1383,1.5976231098175049,-4.103114128112793
1384,1.3580670356750488,-3.7150301933288574
1385,1.3473984003067017,-3.759493350982666
1386,1.4519920349121094,-3.8446545600891113
1387,1.4589908123016357,-3.582472324371338
1388,1.3915927410125732,-3.5229721069335938
1389,1.4315141439437866,-3.3614280223846436
1390,1.3019487857818604,-3.852943181991577
1391,1.360107421875,-3.552523612976074
1392,1.5194592475891113,-3.2514100074768066
1393,1.417140245437622,-3.1178929805755615
1394,1.3519724607467651,-3.4980530738830566
1395,1.4186525344848633,-3.8222875595092773
1396,1.4223060607910156,-3.750593900680542
1397,1.439163088798523,-3.9634158611297607
1398,1.439026117324829,-3.6740939617156982
1399,1.249751091003418,-3.3687098026275635
1400,1.4815475940704346,-3.4421160221099854
1401,1.2214386463165283,-3.992067813873291
1402,1.4123106002807617,-3.666482925415039
1403,1.1462924480438232,-3.1713650226593018
1404,1.4247057437896729,-3.386343002319336
1405,1.2895455360412598,-3.5545623302459717
1406,1.4006307125091553,-3.6157398223876953
1407,1.3907573223114014,-3.795672655105591
1408,1.4569823741912842,-3.916900873184204
1409,1.1477258205413818,-3.258777379989624
1410,1.2389554977416992,-3.253737688064575
1411,1.455925464630127,-3.623676061630249
1412,1.5170584917068481,-3.620920181274414
1413,1.4431489706039429,-3.556492805480957
1414,1.348473310470581,-3.3748815059661865
1415,1.2123444080352783,-3.444406747817993
1416,1.330551266670227,-3.371072769165039
1417,1.638193130493164,-2.504270553588867
1418,1.4257404804229736,-3.0270698070526123
1419,1.2954051494598389,-3.163918972015381
1420,1.3384270668029785,-3.2783234119415283
1421,1.3802809715270996,-3.320204734802246
1422,1.3604509830474854,-3.2919423580169678
1423,1.506083607673645,-3.283914804458618
1424,1.28732168674469,-3.225442409515381
1425,1.5469672679901123,-3.195784330368042
1426,1.5526812076568604,-3.1743292808532715
1427,1.5751310586929321,-3.04154634475708
1428,1.284078598022461,-3.4301745891571045
1429,1.4909999370574951,-2.67803955078125
1430,1.4721285104751587,-3.223322868347168
1431,1.3833427429199219,-2.273159980773926
1432,1.3301949501037598,-2.903877019882202
1433,1.342979907989502,-2.916593551635742
1434,1.3791687488555908,-3.8630261421203613
1435,1.4988059997558594,-2.7122466564178467
1436,1.2848975658416748,-4.168420791625977
1437,1.3716354370117188,-1.5877338647842407
1438,1.3417268991470337,-4.213772773742676
1439,1.2096941471099854,-3.313835859298706
1440,1.242931604385376,-1.6161677837371826
1441,1.3227572441101074,-1.2408955097198486
1442,1.199544072151184,-1.6891021728515625
1443,1.662987232208252,-2.545179843902588
1444,1.3042948246002197,-2.1470749378204346
1445,1.4354121685028076,-2.2147645950317383
1446,1.3809993267059326,-1.6548941135406494
1447,1.3107190132141113,-1.7308743000030518
1448,1.1903018951416016,-2.1882569789886475
1449,1.5163512229919434,-2.5562148094177246
1450,1.4008457660675049,-2.4700586795806885
1451,1.3985422849655151,-3.3055732250213623
1452,1.4406218528747559,-2.3773720264434814
1453,1.3477226495742798,-2.8623831272125244
1454,1.5047249794006348,-1.5805561542510986
1455,1.3975181579589844,-1.3944605588912964
1456,1.5527865886688232,-1.3678053617477417
1457,1.4234429597854614,-1.305209994316101
1458,1.374894142150879,-1.4338717460632324
1459,1.2469096183776855,-2.0978331565856934
1460,1.3373608589172363,-2.0722107887268066
1461,1.295290231704712,-2.3396685123443604
1462,1.434467077255249,-2.4156904220581055
1463,1.4940284490585327,-2.704566717147827
1464,1.4957910776138306,-1.9698116779327393
1465,1.3709392547607422,-1.781184434890747
1466,1.423036813735962,-1.4840941429138184
1467,1.4116971492767334,-1.4663299322128296
1468,1.3161730766296387,-1.5852552652359009
1469,1.3924753665924072,-2.112969398498535
1470,1.475062608718872,-1.6492588520050049
1471,1.4342427253723145,-2.413898468017578
1472,1.2559287548065186,-2.8511459827423096
1473,1.203073501586914,-2.5590779781341553
1474,1.5666584968566895,-2.8170080184936523
1475,1.7368555068969727,-2.7798633575439453
1476,1.5493865013122559,-2.76444149017334
1477,1.5291016101837158,-2.762410879135132
1478,1.3882962465286255,-2.5965263843536377
1479,1.5313525199890137,-2.200442314147949
1480,1.9401471614837646,-2.349356174468994
1481,1.4339925050735474,-2.43412446975708
1482,2.070552349090576,-2.686399459838867
1483,1.4396741390228271,-2.506370782852173
1484,2.439955711364746,-2.9512670040130615
1485,2.2883460521698,-3.1006250381469727
1486,3.0489134788513184,-2.8118035793304443
1487,2.524902820587158,-2.513277053833008
1488,2.4345717430114746,-2.8782575130462646
1489,2.4988560676574707,-2.5638954639434814
1490,2.171660900115967,-2.8655290603637695
1491,2.687225103378296,-3.646726131439209
1492,2.0481650829315186,-3.1318371295928955
1493,2.1036643981933594,-2.485447406768799
1494,1.721726655960083,-3.1348917484283447
1495,1.7352969646453857,-3.975433588027954
1496,1.551639437675476,-3.338657855987549
1497,2.4349851608276367,-3.0648200511932373
1498,2.15089750289917,-2.0863120555877686
1499,1.543642520904541,-2.3054513931274414
1500,1.5789622068405151,-2.076734781265259
1501,1.4574635028839111,-2.285454511642456
1502,1.769413948059082,-2.8279876708984375
1503,2.136514663696289,-3.5094234943389893
1504,1.7568943500518799,-4.067594528198242
1505,1.6952153444290161,-6.000619888305664
1506,1.7086294889450073,-5.918420314788818
1507,1.6195600032806396,-5.486314296722412
1508,1.5514578819274902,-3.7379300594329834
1509,3.162328004837036,-2.029195547103882
1510,3.73758602142334,-1.9918181896209717
1511,3.259185791015625,-1.7308082580566406
1512,3.4677510261535645,-1.8580516576766968
1513,2.432864189147949,-2.190667152404785
1514,2.0765151977539062,-2.7003400325775146
1515,2.0470309257507324,-2.134742498397827
1516,1.739731788635254,-1.6520859003067017
1517,1.817401647567749,-2.2057132720947266
1518,2.0644712448120117,-1.9826372861862183
1519,2.2714340686798096,-1.7979071140289307
1520,3.735156297683716,-1.8274188041687012
1521,2.318511724472046,-1.831067681312561
1522,1.7456914186477661,-2.090397596359253
1523,1.8157328367233276,-2.1491003036499023
1524,2.269068717956543,-1.6219916343688965
1525,2.3111424446105957,-1.859307885169983
1526,2.6502199172973633,-2.1698906421661377
1527,2.586078643798828,-1.6877659559249878
1528,2.518683910369873,-1.9513392448425293
1529,4.034911155700684,-1.890452265739441
1530,2.39813232421875,-2.3357574939727783
1531,2.4967427253723145,-1.8228509426116943
1532,2.802072048187256,-2.154531240463257
1533,3.0313289165496826,-1.9408581256866455
1534,3.3281359672546387,-2.308014154434204
1535,3.5371451377868652,-2.1189475059509277
1536,3.0510778427124023,-2.3404195308685303
1537,4.368269443511963,-1.5883983373641968
1538,3.482077121734619,-2.0398802757263184
1539,4.5383620262146,-1.6950671672821045
1540,2.7001471519470215,-2.0227653980255127
1541,2.46976375579834,-2.148831605911255
1542,3.6292009353637695,-1.7656490802764893
1543,3.27455735206604,-2.1210570335388184
1544,3.2256977558135986,-2.0697553157806396
1545,3.377915859222412,-2.167743682861328
1546,2.8490095138549805,-2.028242349624634
1547,3.4961743354797363,-1.7336294651031494
1548,3.914036750793457,-1.8270788192749023
1549,3.895458221435547,-1.7694587707519531
1550,4.026414394378662,-1.5891962051391602
1551,3.8145337104797363,-2.0906760692596436
1552,3.799805164337158,-2.0513522624969482
1553,4.123101711273193,-1.7425031661987305
1554,4.137110710144043,-2.073561668395996
1555,4.856752395629883,-1.8750935792922974
1556,4.561041831970215,-1.687146782875061
1557,6.474809646606445,-1.546156883239746
1558,4.73636531829834,-1.543785810470581
1559,3.9500832557678223,-1.951283574104309
1560,3.5963125228881836,-1.7850803136825562
1561,5.658544063568115,-1.3535717725753784
1562,3.3671727180480957,-1.5083616971969604
1563,3.9059183597564697,-1.9016817808151245
1564,5.116791725158691,-1.389491319656372
1565,5.547053337097168,-1.488890528678894
1566,4.212655544281006,-1.0716148614883423
1567,4.349765777587891,-1.3538756370544434
1568,4.541539192199707,-1.2057815790176392
1569,4.78062629699707,-1.2860336303710938
1570,5.198737144470215,-1.1230859756469727
1571,4.724376678466797,-1.270287036895752
1572,5.6627607345581055,-0.9803090691566467
1573,5.834662437438965,-1.0582386255264282
1574,5.859653472900391,-1.333500623703003
1575,5.210420608520508,-0.986661970615387
1576,5.083152770996094,-0.9756016731262207
1577,5.287345886230469,-0.9457497596740723
1578,5.700453281402588,-0.9440757036209106
1579,5.669870376586914,-1.0684770345687866
1580,5.138880729675293,-0.9991642236709595
1581,5.220839500427246,-0.9971533417701721
1582,4.824242115020752,-1.0661442279815674
1583,5.5263776779174805,-0.8468213677406311
1584,5.274660110473633,-1.015198826789856
1585,4.6122283935546875,-1.0071825981140137
1586,4.926589012145996,-0.8187334537506104
1587,5.058362007141113,-0.9530888199806213
1588,4.905938148498535,-0.9383419752120972
1589,4.7400102615356445,-0.8842446208000183
1590,5.323751926422119,-1.0370482206344604
1591,4.48278284072876,-0.8203830122947693
1592,4.974042892456055,-0.9238488078117371
1593,4.902494430541992,-0.9097310900688171
1594,5.236213684082031,-1.0062898397445679
1595,5.585661888122559,-0.8068606853485107
1596,5.529613494873047,-0.9003432393074036
1597,5.184060573577881,-0.9153140783309937
1598,5.678900718688965,-0.838218092918396
1599,4.736824035644531,-0.8408458232879639
1600,4.931199550628662,-0.835965096950531
1601,5.249387741088867,-0.8209320306777954
1602,4.695173263549805,-0.9313006401062012
1603,4.833112716674805,-0.860220730304718
1604,4.861051559448242,-1.0235737562179565
1605,5.029510498046875,-1.0313172340393066
1606,4.521494388580322,-0.8885143995285034
1607,4.790853977203369,-1.174511194229126
1608,4.45242977142334,-1.0235610008239746
1609,4.4712724685668945,-0.8920506238937378
1610,5.070786952972412,-1.040480613708496
1611,4.42257022857666,-1.0180633068084717
1612,4.717049598693848,-0.8160857558250427
1613,4.291389465332031,-0.8187601566314697
1614,4.51759147644043,-1.028215765953064
1615,4.754594802856445,-0.8210322856903076
1616,4.227190017700195,-0.8386209607124329
1617,4.340685844421387,-0.7992767095565796
1618,4.274714469909668,-0.9076699018478394
1619,4.410133361816406,-0.8869732618331909
1620,4.024500370025635,-0.880035400390625
1621,4.330137252807617,-0.8424873352050781
1622,4.509515762329102,-0.8434845805168152
1623,3.748131513595581,-0.9143949747085571
1624,4.347447395324707,-0.8224574327468872
1625,3.7482075691223145,-1.0058860778808594
1626,3.9503421783447266,-0.8547345995903015
1627,3.6280550956726074,-0.8120872378349304
1628,4.261105537414551,-0.875129222869873
1629,4.506019592285156,-0.851925253868103
1630,4.236226558685303,-0.810106635093689
1631,4.323307991027832,-0.8162465691566467
1632,3.822854995727539,-0.8313268423080444
1633,4.274381637573242,-0.8179957866668701
1634,3.6030147075653076,-0.8956916332244873
1635,3.2430191040039062,-0.823678195476532
1636,3.6262476444244385,-0.8246127367019653
1637,3.1907992362976074,-0.8374737501144409
1638,3.2580413818359375,-0.8034317493438721
1639,3.277596950531006,-0.7373815774917603
1640,3.1817150115966797,-0.718574047088623
1641,3.9884872436523438,-0.7145859003067017
1642,2.868563175201416,-0.6945703029632568
1643,4.337865829467773,-0.7477937936782837
1644,3.251511573791504,-0.6583868265151978
1645,3.0443077087402344,-0.6856426000595093
1646,3.343332052230835,-0.7091554403305054
1647,2.7715773582458496,-0.6750791072845459
1648,3.57871675491333,-0.6624867916107178
1649,3.2320969104766846,-0.6594732403755188
1650,2.7396607398986816,-0.669171929359436
1651,2.8884072303771973,-0.6673564910888672
1652,3.429075002670288,-0.6240590810775757
1653,3.056776285171509,-0.6308944225311279
1654,3.0211915969848633,-0.6510170102119446
1655,2.649857997894287,-0.641746461391449
1656,2.9900307655334473,-0.6653252243995667
1657,2.8579413890838623,-0.6331477165222168
1658,4.9359130859375,-0.6046239733695984
1659,2.7771615982055664,-0.6079025864601135
1660,2.8448104858398438,-0.6063558459281921
1661,3.4993200302124023,-0.6311116814613342
1662,2.370434045791626,-0.6280343532562256
1663,2.575079917907715,-0.6346017718315125
1664,2.3666110038757324,-0.6229919195175171
1665,2.3755812644958496,-0.6218079924583435
1666,3.371448278427124,-0.6380615830421448
1667,2.9904232025146484,-0.6519822478294373
1668,3.7861428260803223,-0.6450173258781433
1669,6.443580627441406,-0.649497926235199
1670,4.236305236816406,-0.6060027480125427
1671,2.8299169540405273,-0.6403139233589172
1672,3.715686798095703,-0.639615535736084
1673,3.038145065307617,-0.6084256172180176
1674,2.8144161701202393,-0.5918692350387573
1675,2.988203763961792,-0.6013211607933044
1676,3.1348156929016113,-0.5765230059623718
1677,2.5500078201293945,-0.5986433029174805
1678,3.648710250854492,-0.5950644016265869
1679,4.495545387268066,-0.5970607995986938
1680,4.097182273864746,-0.6179162859916687
1681,4.00390625,-0.6160358786582947
1682,4.712865829467773,-0.6126502156257629
1683,2.7918009757995605,-0.6106770038604736
1684,2.6917452812194824,-0.5926600098609924
1685,3.069310426712036,-0.5885509252548218
1686,2.681074380874634,-0.6100812554359436
1687,2.5575833320617676,-0.5997971892356873
1688,2.770020008087158,-0.5973413586616516
1689,3.392944097518921,-0.6078286170959473
1690,3.3331828117370605,-0.6111575365066528
1691,4.240879058837891,-0.5947605967521667
1692,4.066276550292969,-0.7528965473175049
1693,3.4033448696136475,-0.6093940138816833
1694,3.1512398719787598,-0.6103843450546265
1695,3.0486230850219727,-0.6061872243881226
1696,2.7087392807006836,-0.6268566846847534
1697,2.3733487129211426,-0.630342960357666
1698,2.8862905502319336,-0.6574780344963074
1699,2.5765933990478516,-0.6951438188552856
1700,2.795441150665283,-0.6863375902175903
1701,2.976677894592285,-0.6999019384384155
1702,2.5341291427612305,-0.7085723280906677
1703,2.9070606231689453,-0.7437995672225952
1704,2.85917067527771,-0.7519165277481079
1705,2.889082431793213,-0.7709077596664429
1706,2.3715410232543945,-0.7562198638916016
1707,2.511115074157715,-0.7790919542312622
1708,2.375239133834839,-0.7925423979759216
1709,2.070491313934326,-0.7896580696105957
1710,2.303520441055298,-0.7831135392189026
1711,2.3048512935638428,-0.7842657566070557
1712,2.3272347450256348,-0.7702235579490662
1713,2.398017406463623,-0.7887199521064758
1714,2.580728054046631,-0.815345287322998
1715,2.5286219120025635,-0.8100965619087219
1716,2.7163844108581543,-0.8202689290046692
1717,2.102912425994873,-0.8207604885101318
1718,2.0220723152160645,-0.8212816715240479
1719,2.168194532394409,-0.8212146162986755
1720,1.9035850763320923,-0.8211978077888489
1721,1.9564039707183838,-0.821113109588623
1722,1.9883222579956055,-0.8213948011398315
1723,2.1162357330322266,-0.8216639161109924
1724,2.1374387741088867,-0.8218227624893188
1725,2.4175331592559814,-0.8211774230003357
1726,2.451148509979248,-0.8204143047332764
1727,2.4014744758605957,-0.8093782663345337
1728,2.0887656211853027,-0.8083130121231079
1729,2.096311092376709,-0.7811780571937561
1730,2.4587578773498535,-0.6975184082984924
1731,1.6348588466644287,-0.6318536400794983
1732,1.9577319622039795,-0.6140540838241577
1733,1.9580645561218262,-0.5896201729774475
1734,1.8781538009643555,-0.5852422714233398
1735,2.2026870250701904,-0.5855743288993835
1736,1.8563594818115234,-0.5757006406784058
1737,2.348679780960083,-0.5770254731178284
1738,2.1026289463043213,-0.573671281337738
1739,2.163951873779297,-0.5725546479225159
1740,2.122959613800049,-0.5640334486961365
1741,2.0402703285217285,-0.5695557594299316
1742,2.044337034225464,-0.5690706372261047
1743,1.6808104515075684,-0.5645526051521301
1744,1.8250985145568848,-0.5691083669662476
1745,1.8860151767730713,-0.5688988566398621
1746,2.140765428543091,-0.5634063482284546
1747,1.6988615989685059,-0.5688245892524719
1748,1.6490730047225952,-0.5630300641059875
1749,1.7913941144943237,-0.5628122687339783
1750,1.7834129333496094,-0.562921404838562
1751,2.020883798599243,-0.5629932880401611
1752,2.1388673782348633,-0.5685142278671265
1753,1.9932794570922852,-0.5632768869400024
1754,1.9772255420684814,-0.5685436129570007
1755,2.163339614868164,-0.5687043070793152
1756,1.8444219827651978,-0.5685662627220154
1757,1.7660611867904663,-0.5639941692352295
1758,1.6852457523345947,-0.5649055242538452
1759,1.8417720794677734,-0.562890350818634
1760,1.9118666648864746,-0.5683616399765015
1761,1.9855682849884033,-0.5627891421318054
1762,1.7737456560134888,-0.5683461427688599
1763,1.7336225509643555,-0.5683293342590332
1764,1.6868910789489746,-0.5630144476890564
1765,2.0071284770965576,-0.563213586807251
1766,2.038515329360962,-0.5627819895744324
1767,1.7151960134506226,-0.5687073469161987
1768,1.7462224960327148,-0.5683519840240479
1769,1.807085633277893,-0.5685808062553406
1770,1.7929983139038086,-0.5659680366516113
1771,1.7644896507263184,-0.5683286786079407
1772,1.598992109298706,-0.5683141350746155
1773,1.778665542602539,-0.5594747066497803
1774,1.663856029510498,-0.56832355260849
1775,1.7716740369796753,-0.5627262592315674
1776,1.8722655773162842,-0.5683493614196777
1777,1.9295716285705566,-0.5683724284172058
1778,3.0624704360961914,-0.5695208311080933
1779,1.5338711738586426,-0.5680133700370789
1780,2.2745914459228516,-0.5458611845970154
1781,2.5563127994537354,-0.5681451559066772
1782,1.9631139039993286,-0.5682435035705566
1783,2.400278091430664,-0.5688377022743225
1784,2.2636404037475586,-0.5683300495147705
1785,2.033329486846924,-0.5683283805847168
1786,2.552371025085449,-0.5573924779891968
1787,2.3292863368988037,-0.5683426856994629
1788,2.2865142822265625,-0.5684056878089905
1789,2.5713682174682617,-0.5626787543296814
1790,2.2734856605529785,-0.568321943283081
1791,2.111379623413086,-0.5683267116546631
1792,2.527937412261963,-0.5688011050224304
1793,2.26466703414917,-0.5683243870735168
1794,2.9442763328552246,-0.5649884939193726
1795,2.1983842849731445,-0.5569837689399719
1796,2.500185012817383,-0.5683435797691345
1797,2.899423122406006,-0.5626517534255981
1798,2.645221471786499,-0.5683203339576721
1799,2.3847239017486572,-0.5683145523071289
1800,2.3249549865722656,-0.5625417232513428
1801,2.5251591205596924,-0.5683197379112244
1802,2.4141805171966553,-0.5570071339607239
1803,2.454308271408081,-0.5629339814186096
1804,3.407858371734619,-0.5683383941650391
1805,2.4135994911193848,-0.5627071857452393
1806,2.5504631996154785,-0.562673807144165
1807,3.191847801208496,-0.5683134198188782
1808,2.4058189392089844,-0.5683130025863647
1809,2.76240873336792,-0.5683149099349976
1810,2.9544992446899414,-0.5683233737945557
1811,2.5346531867980957,-0.568317174911499
1812,2.6016907691955566,-0.5683242082595825
1813,2.604778528213501,-0.5683152675628662
1814,2.8959732055664062,-0.5683507919311523
1815,2.9481077194213867,-0.5683175921440125
1816,3.10807466506958,-0.5655969977378845
1817,3.4081835746765137,-0.5683650374412537
1818,4.510203838348389,-0.5683131217956543
1819,3.781728744506836,-0.5683135390281677
1820,3.9862468242645264,-0.5683169364929199
1821,3.926502227783203,-0.5683131814002991
1822,4.193099498748779,-0.5683245658874512
1823,4.123879909515381,-0.5683125853538513
1824,3.5543227195739746,-0.5683149695396423
1825,3.8256592750549316,-0.5671359300613403
1826,3.3632309436798096,-0.5683122277259827
1827,3.3862388134002686,-0.5683122873306274
1828,3.4530398845672607,-0.5683125853538513
1829,3.7486085891723633,-0.5681263208389282
1830,5.255003929138184,-0.5650140643119812
1831,4.1247148513793945,-0.5683122277259827
1832,3.7863211631774902,-0.5683261752128601
1833,3.344390392303467,-0.5683133006095886
1834,3.385220527648926,-0.5683122277259827
1835,3.1179699897766113,-0.5683122873306274
1836,3.1216397285461426,-0.5683122277259827
1837,2.66892671585083,-0.5683125257492065
1838,2.743504047393799,-0.5683122277259827
1839,2.900674343109131,-0.568312406539917
1840,3.4953384399414062,-0.568307638168335
1841,3.5565123558044434,-0.5683164000511169
1842,3.695413589477539,-0.5620316863059998
1843,2.290097713470459,-0.5683122277259827
1844,1.9428191184997559,-0.5683122277259827
1845,1.917707085609436,-0.5683122277259827
1846,1.7861872911453247,-0.5683122873306274
1847,2.1110262870788574,-0.5683122277259827
1848,2.2859106063842773,-0.5683122277259827
1849,2.0515456199645996,-0.5683122873306274
1850,3.005402088165283,-0.568312406539917
1851,2.4212441444396973,-0.5671131610870361
1852,2.6921751499176025,-0.568312406539917
1853,2.1070330142974854,-0.5683133006095886
1854,2.1834378242492676,-0.5683125853538513
1855,2.121461868286133,-0.5683122277259827
1856,1.9239894151687622,-0.5683122277259827
1857,1.7730975151062012,-0.5683122277259827
1858,1.8218045234680176,-0.5683122277259827
1859,1.8913031816482544,-0.5683122277259827
1860,1.9616080522537231,-0.5683122277259827
1861,1.821507215499878,-0.5683122277259827
1862,1.8793468475341797,-0.5683122873306274
1863,2.199150562286377,-0.5683122873306274
1864,1.6177489757537842,-0.568312406539917
1865,2.205787420272827,-0.5683124661445618
1866,2.4293224811553955,-0.5683122277259827
1867,1.9125585556030273,-0.568312406539917
1868,1.827347993850708,-0.5683122873306274
1869,1.5355738401412964,-0.562712550163269
1870,1.5605406761169434,-0.5683122277259827
1871,1.3070392608642578,-0.5683122277259827
1872,1.3088266849517822,-0.5683130025863647
1873,2.4462385177612305,-0.5683122277259827
1874,1.7844382524490356,-0.5683122277259827
1875,2.028475284576416,-0.5683125853538513
1876,1.5282230377197266,-0.5683160424232483
1877,1.6166796684265137,-0.5683122277259827
1878,1.4717377424240112,-0.5683122277259827
1879,1.8420524597167969,-0.5683122277259827
1880,1.8318758010864258,-0.5683122277259827
1881,1.4720618724822998,-0.5683122277259827
1882,1.7626370191574097,-0.5683122277259827
1883,1.5442200899124146,-0.5683122277259827
1884,1.6654491424560547,-0.5683907866477966
1885,1.620138168334961,-0.5683133006095886
1886,1.8240833282470703,-0.5683124661445618
1887,1.5521070957183838,-0.5683122277259827
1888,1.6011873483657837,-0.5683122277259827
1889,1.7182631492614746,-0.5683122277259827
1890,1.428485631942749,-0.5683122873306274
1891,1.73591947555542,-0.5683122277259827
1892,1.6410424709320068,-0.5683122277259827
1893,1.4645195007324219,-0.5683122277259827
1894,1.5796902179718018,-0.5683122277259827
1895,1.6776070594787598,-0.5683122277259827
1896,1.3745111227035522,-0.5626300573348999
1897,1.5063395500183105,-0.5683122277259827
1898,1.227717399597168,-0.5683122277259827
1899,1.3030295372009277,-0.5626300573348999
1900,1.3221676349639893,-0.5683122873306274
1901,2.2968413829803467,-0.5683122277259827
1902,2.0253348350524902,-0.5683122277259827
1903,1.6529295444488525,-0.5683109760284424
1904,1.2974944114685059,-0.5683122277259827
1905,1.6999560594558716,-0.5631762742996216
1906,1.829521656036377,-0.5683122277259827
1907,2.9129271507263184,-0.5683122277259827
1908,3.4172863960266113,-0.5683122277259827
1909,4.585745811462402,-0.5683122277259827
1910,6.380061149597168,-0.5683122277259827
1911,6.735881328582764,-0.5681775808334351
1912,6.115970611572266,-0.563581645488739
1913,6.3223876953125,-0.5683122277259827
1914,6.99842643737793,-0.5683124661445618
1915,7.910181045532227,-0.5683757662773132
1916,5.8859710693359375,-0.5683122277259827
1917,7.885339736938477,-0.5683146119117737
1918,6.992018699645996,-0.5663473010063171
1919,7.5149922370910645,-0.5683225989341736
1920,7.634016990661621,-0.5683156847953796
1921,7.227875709533691,-0.5683161020278931
1922,8.500604629516602,-0.5626295208930969
1923,7.19941520690918,-0.570578932762146
1924,7.901504039764404,-0.5626646280288696
1925,7.433917045593262,-0.5703815817832947
1926,6.886439800262451,-0.5837172269821167
1927,8.197629928588867,-0.5724771022796631
1928,7.7878289222717285,-0.6069508194923401
1929,6.888801574707031,-0.5796186327934265
1930,8.281785011291504,-1.1300565004348755
1931,8.194613456726074,-2.409430742263794
1932,8.336873054504395,-1.801176905632019
1933,8.113259315490723,-1.2658374309539795
1934,8.210418701171875,-1.8547173738479614
1935,7.910349369049072,-2.2445907592773438
1936,7.3430585861206055,-4.351438045501709
1937,6.7234392166137695,-21.01473617553711
1938,7.649006366729736,-22.60712242126465
1939,7.309255599975586,-20.39104461669922
1940,7.239841461181641,-20.264310836791992
1941,6.747005462646484,-19.243383407592773
1942,6.887019157409668,-17.525165557861328
1943,7.814626693725586,-18.285926818847656
1944,6.825249195098877,-16.014524459838867
1945,6.730318069458008,-20.485252380371094
1946,6.139433860778809,-18.558664321899414
1947,6.700074195861816,-20.93462371826172
1948,6.59138298034668,-19.52642250061035
1949,6.612462997436523,-20.224628448486328
1950,6.2793169021606445,-19.478443145751953
1951,6.857314586639404,-19.475603103637695
1952,6.650523662567139,-20.164566040039062
1953,7.0789337158203125,-19.887664794921875
1954,6.963561058044434,-19.802391052246094
1955,6.936709880828857,-20.180925369262695
1956,6.942997932434082,-19.608232498168945
1957,7.938654899597168,-19.508583068847656
1958,8.165154457092285,-16.99799156188965
1959,7.848851203918457,-17.02423667907715
1960,8.361668586730957,-17.370702743530273
1961,8.472591400146484,-18.251209259033203
1962,7.663093566894531,-17.710437774658203
1963,7.8015947341918945,-16.044389724731445
1964,7.683842658996582,-17.098608016967773
1965,8.133223533630371,-18.563283920288086
1966,7.860579967498779,-15.468338966369629
1967,7.323096752166748,-16.47996711730957
1968,7.774271011352539,-18.873201370239258
1969,7.908929347991943,-16.82575035095215
1970,8.174095153808594,-20.048931121826172
1971,8.229996681213379,-20.755474090576172
1972,7.773533344268799,-17.82819175720215
1973,7.907426834106445,-18.75745391845703
1974,8.145050048828125,-18.79570960998535
1975,7.808084487915039,-18.240047454833984
1976,7.61979866027832,-18.636192321777344
1977,7.710449695587158,-19.169048309326172
1978,8.39797592163086,-20.762346267700195
1979,8.02182388305664,-19.372150421142578
1980,8.423306465148926,-19.54824447631836
1981,8.181010246276855,-18.693553924560547
1982,8.184048652648926,-18.132814407348633
1983,8.426279067993164,-17.43311309814453
1984,8.443477630615234,-16.83179473876953
1985,8.852583885192871,-19.775270462036133
1986,8.372620582580566,-21.35089683532715
1987,8.285698890686035,-17.311880111694336
1988,8.558876037597656,-19.382049560546875
1989,8.29315185546875,-20.535755157470703
1990,8.471996307373047,-19.43401336669922
1991,8.525228500366211,-20.781042098999023
1992,7.920278549194336,-17.651519775390625
1993,8.161231994628906,-16.922086715698242
1994,7.6342644691467285,-15.65536117553711
1995,7.939984321594238,-18.329835891723633
1996,7.209892272949219,-17.71691131591797
1997,7.4815897941589355,-16.843460083007812
1998,6.773171424865723,-16.23063087463379
1999,7.70970344543457,-16.391931533813477
2000,7.835221767425537,-17.91683578491211
2001,7.854560852050781,-13.383530616760254
2002,7.826231956481934,-13.3905611038208
2003,7.560019493103027,-14.171289443969727
2004,7.8676557540893555,-19.09113311767578
2005,8.011488914489746,-16.42183494567871
2006,7.907669544219971,-18.182363510131836
2007,7.686594486236572,-18.561233520507812
2008,7.521182060241699,-14.637093544006348
2009,7.6490159034729,-15.572674751281738
2010,7.719276428222656,-18.076128005981445
2011,7.496569633483887,-18.9060001373291
2012,7.715130805969238,-19.444751739501953
2013,6.811443328857422,-18.879671096801758
2014,6.250533103942871,-17.412799835205078
2015,4.952842712402344,-18.292219161987305
2016,5.035104274749756,-16.396684646606445
2017,5.2208027839660645,-19.262258529663086
2018,5.050220489501953,-17.83910369873047
2019,5.06624698638916,-16.64166831970215
2020,5.626169681549072,-15.469366073608398
2021,5.276792526245117,-15.480740547180176
2022,4.640790939331055,-16.187463760375977
2023,4.977383136749268,-18.495420455932617
2024,5.4504241943359375,-17.878917694091797
2025,4.647318363189697,-16.969324111938477
2026,4.273778438568115,-15.825118064880371
2027,4.6192426681518555,-17.427921295166016
2028,4.940108776092529,-18.10480308532715
2029,4.606558322906494,-16.871192932128906
2030,4.431642532348633,-18.267589569091797
2031,5.209339618682861,-19.793886184692383
2032,4.5454206466674805,-14.726889610290527
2033,5.392181396484375,-15.981289863586426
2034,4.91908597946167,-18.844579696655273
2035,4.656130313873291,-15.962532997131348
2036,4.661742210388184,-18.36650848388672
2037,4.6765594482421875,-16.582550048828125
2038,4.10798978805542,-20.995058059692383
2039,3.9885971546173096,-17.854854583740234
2040,3.9360642433166504,-16.49043846130371
2041,3.640451431274414,-17.381908416748047
2042,3.812711238861084,-19.207422256469727
2043,3.5666394233703613,-17.825241088867188
2044,3.0445542335510254,-18.797325134277344
2045,2.5668323040008545,-15.778210639953613
2046,1.9915647506713867,-18.460769653320312
2047,1.9149081707000732,-16.24567222595215
2048,1.4676728248596191,-18.247102737426758
2049,1.5227456092834473,-19.482515335083008
2050,2.5408287048339844,-18.210285186767578
2051,1.5419139862060547,-18.853679656982422
2052,1.293304204940796,-17.01905632019043
2053,1.3600287437438965,-18.060014724731445
2054,1.442087173461914,-19.779203414916992
2055,1.1811277866363525,-17.216022491455078
2056,0.9887701272964478,-18.612472534179688
2057,1.406632661819458,-18.727001190185547
2058,2.474311351776123,-16.95147132873535
2059,3.6183314323425293,-18.93632698059082
2060,4.637538909912109,-17.537866592407227
2061,5.502995491027832,-18.59691619873047
2062,6.366004943847656,-16.655719757080078
2063,5.494259357452393,-18.634031295776367
2064,4.990816116333008,-16.159391403198242
2065,4.511960029602051,-18.642484664916992
2066,3.858654022216797,-18.820913314819336
2067,3.8531830310821533,-18.87285041809082
2068,3.4007997512817383,-16.916332244873047
2069,3.9395766258239746,-19.43484115600586
2070,3.4764513969421387,-17.514659881591797
2071,3.335693836212158,-18.425758361816406
2072,3.0214643478393555,-18.995840072631836
2073,2.8439226150512695,-20.675111770629883
2074,2.260342597961426,-20.227991104125977
2075,2.2072014808654785,-21.783763885498047
2076,2.193279266357422,-21.063270568847656
2077,2.6364569664001465,-24.249553680419922
2078,4.909073829650879,-23.66893768310547
2079,7.176382064819336,-22.04843521118164
2080,12.784151077270508,-22.279590606689453
2081,12.639427185058594,-22.980676651000977
2082,12.052082061767578,-24.11504554748535
2083,9.560361862182617,-20.955791473388672
2084,7.072405815124512,-22.972543716430664
2085,6.870413780212402,-21.635080337524414
2086,6.520393371582031,-22.168405532836914
2087,7.164331436157227,-22.731260299682617
2088,7.80246639251709,-21.641088485717773
2089,7.517388343811035,-21.308853149414062
2090,7.25112247467041,-22.230857849121094
2091,7.364378452301025,-22.653966903686523
2092,7.594816207885742,-21.061830520629883
2093,7.629573822021484,-22.168354034423828
2094,6.544188976287842,-21.900705337524414
2095,7.510739326477051,-22.9538516998291
2096,7.331839561462402,-22.39426040649414
2097,6.652683258056641,-21.574628829956055
2098,6.946335792541504,-20.648393630981445
2099,6.479761123657227,-23.67058753967285
2100,5.689281463623047,-24.47766876220703
2101,5.845770835876465,-23.281267166137695
2102,5.315525054931641,-21.149580001831055
2103,4.728299617767334,-24.636690139770508
2104,4.3012776374816895,-22.005273818969727
2105,4.300537109375,-20.629610061645508
2106,4.704951286315918,-23.757591247558594
2107,4.8083815574646,-24.09622573852539
2108,4.5410051345825195,-24.128555297851562
2109,4.854292869567871,-24.02893829345703
2110,5.430307388305664,-22.172475814819336
2111,3.7868053913116455,-22.800580978393555
2112,3.1166908740997314,-23.28281021118164
2113,2.704862594604492,-22.0008602142334
2114,2.460066080093384,-26.708751678466797
2115,1.8171346187591553,-24.779502868652344
2116,1.3131481409072876,-19.585187911987305
2117,1.7278088331222534,-24.584007263183594
2118,1.8351658582687378,-23.560285568237305
2119,1.4408907890319824,-19.866893768310547
2120,1.5885024070739746,-24.184965133666992
2121,1.5399119853973389,-21.261066436767578
2122,1.47190523147583,-22.453344345092773
2123,1.583288550376892,-22.9349365234375
2124,26.80237579345703,-21.994665145874023
2125,27.59511947631836,-20.528825759887695
2126,24.24846649169922,-19.082792282104492
2127,19.18108367919922,-18.71141815185547
2128,14.571928024291992,-17.83650016784668
2129,12.4046630859375,-18.39995765686035
2130,9.15573787689209,-20.531457901000977
2131,6.366009712219238,-22.552783966064453
2132,5.298758506774902,-23.50153160095215
2133,4.74294376373291,-21.857736587524414
2134,5.084667682647705,-22.792526245117188
2135,5.535442352294922,-24.638347625732422
2136,4.5423173904418945,-22.693870544433594
2137,4.537692546844482,-22.182497024536133
2138,4.3007330894470215,-21.410776138305664
2139,3.6949715614318848,-18.20570945739746
2140,3.2113094329833984,-16.778261184692383
2141,2.567009449005127,-17.743919372558594
2142,2.089360475540161,-17.189573287963867
2143,2.1111233234405518,-16.261960983276367
2144,1.5069637298583984,-18.178022384643555
2145,1.803362250328064,-18.274477005004883
2146,1.7327938079833984,-17.01874542236328
2147,2.5113837718963623,-18.91484832763672
2148,2.5848116874694824,-17.21111297607422
2149,3.396852970123291,-19.27789306640625
2150,3.0029866695404053,-15.262784004211426
2151,3.082167625427246,-18.315587997436523
2152,2.7437665462493896,-18.176013946533203
2153,2.0406665802001953,-18.58294105529785
2154,2.1478829383850098,-17.834491729736328
2155,1.4449734687805176,-18.6204891204834
2156,1.5162806510925293,-17.722427368164062
2157,1.5166161060333252,-18.62323570251465
2158,1.696300983428955,-17.703813552856445
2159,2.2320542335510254,-18.88579750061035
2160,3.534360647201538,-18.326950073242188
2161,2.82513427734375,-19.438539505004883
2162,2.5817151069641113,-17.95819854736328
2163,2.595451831817627,-17.946788787841797
2164,2.1423802375793457,-18.141433715820312
2165,2.6481237411499023,-17.95115852355957
2166,2.070094347000122,-18.314355850219727
2167,1.876384973526001,-18.66802215576172
2168,1.621957778930664,-18.94721031188965
2169,1.3819079399108887,-19.935958862304688
2170,1.2590147256851196,-18.031768798828125
2171,1.3997559547424316,-18.126523971557617
2172,1.6586570739746094,-17.7724552154541
2173,1.8427255153656006,-19.994918823242188
2174,2.0870583057403564,-18.143346786499023
2175,2.189309597015381,-19.972553253173828
2176,1.8161498308181763,-17.576709747314453
2177,1.9365366697311401,-17.76198387145996
2178,2.0328943729400635,-16.563508987426758
2179,2.0950121879577637,-18.85289764404297
2180,2.0021111965179443,-16.059093475341797
2181,1.8085007667541504,-18.761327743530273
2182,2.297006845474243,-18.761083602905273
2183,2.2312941551208496,-18.735244750976562
2184,1.8212729692459106,-17.05535125732422
2185,1.5693389177322388,-19.115436553955078
2186,1.5104498863220215,-17.417041778564453
2187,1.1832756996154785,-17.023090362548828
2188,1.3164658546447754,-17.217588424682617
2189,1.473817229270935,-18.36090660095215
2190,1.0397670269012451,-18.944175720214844
2191,1.757125735282898,-18.36292266845703
2192,1.7910449504852295,-17.972719192504883
2193,1.7336740493774414,-17.96868896484375
2194,2.9072113037109375,-18.071866989135742
2195,2.9781556129455566,-17.021177291870117
2196,1.870873212814331,-17.5889949798584
2197,1.994171380996704,-15.9706449508667
2198,1.823147177696228,-16.4715576171875
2199,1.8155903816223145,-8.966388702392578
2200,2.129821538925171,-7.5455002784729
2201,1.6657342910766602,-11.748934745788574
2202,2.0226681232452393,-13.226177215576172
2203,1.7044708728790283,-17.655574798583984
2204,1.6702754497528076,-18.420194625854492
2205,1.718336582183838,-19.24115753173828
2206,1.7180299758911133,-17.91419219970703
2207,1.5195038318634033,-17.35573959350586
2208,1.5539305210113525,-18.504732131958008
2209,1.3428211212158203,-18.50847625732422
2210,1.3351647853851318,-17.37542724609375
2211,1.3512343168258667,-17.946386337280273
2212,1.3396055698394775,-19.089147567749023
2213,1.6106514930725098,-19.8502140045166
2214,2.160968780517578,-17.193655014038086
2215,1.7923009395599365,-17.952476501464844
2216,1.2866137027740479,-16.999433517456055
2217,1.3637558221817017,-18.329435348510742
2218,1.7720270156860352,-18.85999870300293
2219,2.0495216846466064,-18.074634552001953
2220,2.0273780822753906,-17.76180648803711
2221,1.4730825424194336,-17.495447158813477
2222,1.382444143295288,-17.913341522216797
2223,2.092874526977539,-19.039791107177734
2224,1.254917025566101,-18.86725425720215
2225,1.5174641609191895,-16.39493179321289
2226,1.1611484289169312,-18.69170570373535
2227,1.118438959121704,-17.934101104736328
2228,1.0710809230804443,-18.179786682128906
2229,1.2751020193099976,-18.466468811035156
2230,1.2158979177474976,-16.44683074951172
2231,1.3122398853302002,-16.557941436767578
2232,1.2719776630401611,-17.387222290039062
2233,1.1697907447814941,-16.633827209472656
2234,1.1737642288208008,-17.008085250854492
2235,1.5963882207870483,-18.902551651000977
2236,1.1681263446807861,-18.146814346313477
2237,1.3422882556915283,-18.343366622924805
2238,1.3092014789581299,-17.235790252685547
2239,1.5289024114608765,-15.900104522705078
2240,1.0101966857910156,-18.174022674560547
2241,1.0778441429138184,-17.791336059570312
2242,1.1403590440750122,-18.011125564575195
2243,1.0201669931411743,-19.138996124267578
2244,1.1502583026885986,-17.78680992126465
2245,0.9872579574584961,-18.53087615966797
2246,0.8265842795372009,-18.45773696899414
2247,1.0252156257629395,-16.06598472595215
2248,0.7834855914115906,-18.729873657226562
2249,0.7609292268753052,-16.664203643798828
2250,1.4043450355529785,-16.66327476501465
2251,1.1348599195480347,-18.358266830444336
2252,0.776873767375946,-18.1044921875
2253,1.1333075761795044,-18.906818389892578
2254,1.556787133216858,-19.099449157714844
2255,0.7654936909675598,-18.901287078857422
2256,0.7576963901519775,-19.67034912109375
2257,1.1903396844863892,-17.59734535217285
2258,0.8741331100463867,-19.48261070251465
2259,0.9401424527168274,-17.952587127685547
2260,1.091486930847168,-16.988920211791992
2261,0.9500685930252075,-18.128740310668945
2262,1.1287140846252441,-17.365922927856445
2263,0.707710862159729,-17.927473068237305
2264,1.1480236053466797,-18.485105514526367
2265,0.8458462953567505,-18.694326400756836
2266,0.8981354236602783,-17.92661476135254
2267,0.90408855676651,-16.14783477783203
2268,0.806921124458313,-16.044883728027344
2269,1.0689921379089355,-18.51777458190918
2270,1.6137317419052124,-17.40579605102539
2271,0.8376091718673706,-16.82761001586914
2272,0.8366591930389404,-17.206640243530273
2273,1.0048891305923462,-16.815696716308594
2274,1.1305848360061646,-17.72127914428711
2275,2.5793604850769043,-17.57107162475586
2276,1.161124587059021,-19.280868530273438
2277,1.3464592695236206,-16.996807098388672
2278,1.1637855768203735,-17.561063766479492
2279,1.3824455738067627,-16.9879093170166
2280,1.1833775043487549,-18.699359893798828
2281,1.172196865081787,-17.366748809814453
2282,0.8740015029907227,-19.459674835205078
2283,1.2559854984283447,-17.10647201538086
2284,1.0581085681915283,-17.491060256958008
2285,0.7996019124984741,-17.78826141357422
2286,1.3161989450454712,-18.515029907226562
2287,1.2844243049621582,-18.675024032592773
2288,1.4231030941009521,-17.942031860351562
2289,1.0564347505569458,-19.199241638183594
2290,1.1167426109313965,-20.0252628326416
2291,1.0456395149230957,-16.7890682220459
2292,1.0491297245025635,-17.284259796142578
2293,1.0734097957611084,-19.068574905395508
2294,1.2954105138778687,-17.924409866333008
2295,1.6340997219085693,-20.029699325561523
2296,1.2299551963806152,-18.064247131347656
2297,1.0480027198791504,-17.922616958618164
2298,1.238497018814087,-17.92413330078125
2299,1.403294563293457,-16.387130737304688
2300,1.3953872919082642,-17.525497436523438
2301,1.3313112258911133,-18.257169723510742
2302,1.1828855276107788,-18.66042137145996
2303,1.0987646579742432,-18.477108001708984
2304,1.1882476806640625,-18.474037170410156
2305,1.2173784971237183,-18.099092483520508
2306,1.0647220611572266,-17.898151397705078
2307,1.2174605131149292,-18.48126983642578
2308,1.4350745677947998,-19.818767547607422
2309,1.4695525169372559,-17.709144592285156
2310,1.0544296503067017,-18.075414657592773
2311,1.1832952499389648,-17.683019638061523
2312,1.427512764930725,-18.848310470581055
2313,1.2777615785598755,-18.467470169067383
2314,1.321401834487915,-19.6220760345459
2315,1.427793264389038,-18.848766326904297
2316,1.0632407665252686,-18.101715087890625
2317,1.4238152503967285,-16.752071380615234
2318,1.3104491233825684,-19.801904678344727
2319,0.9114688634872437,-18.087766647338867
2320,1.0096237659454346,-18.474098205566406
2321,1.2234489917755127,-17.916488647460938
2322,1.0079102516174316,-18.48655128479004
2323,1.1043063402175903,-18.115041732788086
2324,1.363768458366394,-18.672679901123047
2325,0.9761290550231934,-17.34441566467285
2326,1.149471640586853,-19.628433227539062
2327,1.3553969860076904,-17.523141860961914
2328,1.599867582321167,-18.44512939453125
2329,1.2047228813171387,-17.080951690673828
2330,1.0284464359283447,-18.239883422851562
2331,1.2190755605697632,-17.66815948486328
2332,1.369596242904663,-18.23338508605957
2333,1.4418888092041016,-18.757003784179688
2334,1.3015832901000977,-17.268356323242188
2335,1.1359374523162842,-17.476682662963867
2336,1.2380199432373047,-18.440235137939453
2337,1.3684978485107422,-18.46438217163086
2338,1.309837818145752,-16.542552947998047
2339,1.1759371757507324,-17.884145736694336
2340,1.3997682332992554,-18.053312301635742
2341,1.1660224199295044,-18.43810272216797
2342,1.1446970701217651,-18.076387405395508
2343,1.1919803619384766,-19.418367385864258
2344,1.3232742547988892,-17.483091354370117
2345,1.2696969509124756,-17.494335174560547
2346,1.264046311378479,-18.457548141479492
2347,1.2853364944458008,-18.07859230041504
2348,1.1884233951568604,-17.70709228515625
2349,1.1018187999725342,-18.862642288208008
2350,1.2430468797683716,-17.146093368530273
2351,1.195567011833191,-17.914030075073242
2352,1.0663955211639404,-18.49241828918457
2353,1.4161889553070068,-17.539268493652344
2354,1.1980730295181274,-18.296524047851562
2355,1.3635132312774658,-17.721521377563477
2356,1.7118021249771118,-15.979693412780762
2357,1.3830783367156982,-18.804548263549805
2358,1.0988609790802002,-18.03369903564453
2359,1.1924188137054443,-18.803543090820312
2360,1.3595788478851318,-18.66970443725586
2361,1.138720989227295,-17.519271850585938
2362,1.3196229934692383,-18.851478576660156
2363,1.249342679977417,-20.190935134887695
2364,1.1799285411834717,-17.715280532836914
2365,1.3172683715820312,-18.476232528686523
2366,1.5981144905090332,-17.90155792236328
2367,1.1081441640853882,-18.265399932861328
2368,1.3828251361846924,-17.306442260742188
2369,1.3107457160949707,-18.6185302734375
2370,1.5065898895263672,-18.601409912109375
2371,1.1061012744903564,-19.12864875793457
2372,1.2693986892700195,-17.962852478027344
2373,1.28468918800354,-18.559616088867188
2374,1.287622332572937,-19.714309692382812
2375,1.1594395637512207,-17.975248336791992
2376,1.4694170951843262,-16.832921981811523
2377,1.2757712602615356,-17.816055297851562
2378,1.3232169151306152,-17.862594604492188
2379,1.226974606513977,-19.381967544555664
2380,1.3751246929168701,-18.636056900024414
2381,1.1868211030960083,-17.281234741210938
2382,1.3114748001098633,-18.63795280456543
2383,1.5957834720611572,-18.180908203125
2384,1.2708840370178223,-17.746984481811523
2385,1.3492224216461182,-17.673826217651367
2386,1.3638179302215576,-17.972137451171875
2387,1.2494654655456543,-18.59084701538086
2388,1.487523078918457,-18.959692001342773
2389,1.3446316719055176,-17.375150680541992
2390,1.3974089622497559,-15.39057731628418
2391,1.4348104000091553,-18.10199546813965
2392,1.3320069313049316,-17.714866638183594
2393,1.3048832416534424,-18.628007888793945
2394,1.4582877159118652,-17.571252822875977
2395,1.1583499908447266,-16.87970542907715
2396,1.0730891227722168,-17.543241500854492
2397,1.4573302268981934,-17.655933380126953
2398,1.5124130249023438,-18.058229446411133
2399,1.0574851036071777,-17.7534236907959
2400,1.1035714149475098,-19.179149627685547
2401,1.563133716583252,-18.807653427124023
2402,1.309917688369751,-17.837909698486328
2403,1.1783190965652466,-17.77901268005371
2404,1.1736857891082764,-17.287019729614258
2405,1.2669934034347534,-19.795351028442383
2406,1.2649803161621094,-17.114120483398438
2407,1.1800669431686401,-18.08306312561035
2408,1.4017608165740967,-20.494096755981445
2409,1.1509900093078613,-17.626239776611328
2410,1.1908241510391235,-17.638267517089844
2411,1.046100378036499,-17.760330200195312
2412,1.0936797857284546,-18.335811614990234
2413,1.3038341999053955,-17.956968307495117
2414,1.5941091775894165,-16.307523727416992
2415,1.4246879816055298,-16.25090980529785
2416,1.3784308433532715,-18.581567764282227
2417,1.168942928314209,-17.961166381835938
2418,1.1982957124710083,-19.040504455566406
2419,1.1571321487426758,-18.115463256835938
2420,1.147207498550415,-17.1564998626709
2421,1.1177078485488892,-18.447416305541992
2422,1.3520312309265137,-17.88519859313965
2423,1.1942083835601807,-18.072891235351562
2424,1.3807637691497803,-17.69622230529785
2425,1.564270257949829,-18.834280014038086
2426,1.2855472564697266,-18.985841751098633
2427,1.4708737134933472,-17.382165908813477
2428,1.2021892070770264,-18.1386661529541
2429,1.1962859630584717,-16.113460540771484
2430,1.4093427658081055,-16.294694900512695
2431,1.4180893898010254,-18.563762664794922
2432,1.106201171875,-17.330297470092773
2433,1.2703921794891357,-18.484180450439453
2434,1.2568614482879639,-19.256450653076172
2435,1.1246005296707153,-18.30297088623047
2436,1.1041849851608276,-18.496925354003906
2437,1.1745264530181885,-19.251998901367188
2438,0.9529135227203369,-17.879533767700195
2439,1.4229336977005005,-16.78461456298828
2440,1.2290432453155518,-17.5445613861084
2441,1.3313417434692383,-17.922731399536133
2442,0.9897818565368652,-18.66172981262207
2443,1.1228525638580322,-18.49390411376953
2444,1.3257721662521362,-20.5845890045166
2445,1.0346367359161377,-17.532154083251953
2446,1.2196691036224365,-16.399154663085938
2447,1.1772806644439697,-18.854595184326172
2448,1.5467922687530518,-19.611085891723633
2449,1.274674415588379,-18.218120574951172
2450,0.9808012247085571,-18.56110191345215
2451,1.0197906494140625,-18.196714401245117
2452,1.2089322805404663,-17.645526885986328
2453,1.1788766384124756,-19.536439895629883
2454,1.1563693284988403,-17.960405349731445
2455,1.0233078002929688,-18.142290115356445
2456,0.99176025390625,-18.38660430908203
2457,1.029086709022522,-17.268505096435547
2458,0.9541634321212769,-19.5507755279541
2459,1.1342462301254272,-17.290016174316406
2460,1.1909880638122559,-16.120559692382812
2461,1.2544052600860596,-17.661020278930664
2462,1.4676523208618164,-20.082374572753906
2463,1.071009635925293,-18.056947708129883
2464,1.2497564554214478,-18.947959899902344
2465,1.14780592918396,-18.7180118560791
2466,1.161784052848816,-17.273683547973633
2467,1.1071192026138306,-20.381067276000977
2468,1.632344365119934,-19.032798767089844
2469,1.1545617580413818,-18.24874496459961
2470,1.071455478668213,-18.209001541137695
2471,1.202517032623291,-17.410629272460938
2472,0.9109861850738525,-16.59980583190918
2473,0.8944433927536011,-18.67456817626953
2474,1.2797949314117432,-17.628952026367188
2475,1.111374020576477,-18.74185562133789
2476,1.4282118082046509,-18.409893035888672
2477,1.2574248313903809,-18.02764129638672
2478,0.9283883571624756,-16.97394371032715
2479,1.170769453048706,-18.28021812438965
2480,1.0800471305847168,-18.66926383972168
2481,1.1693227291107178,-17.700145721435547
2482,1.3465498685836792,-17.727975845336914
2483,1.2968274354934692,-18.766820907592773
2484,1.0361034870147705,-16.997764587402344
2485,1.1375701427459717,-17.487337112426758
2486,0.9925674200057983,-18.036853790283203
2487,1.2141008377075195,-19.08479118347168
2488,1.2404088973999023,-16.97700309753418
2489,1.0372284650802612,-17.940052032470703
2490,1.1693464517593384,-18.40380096435547
2491,1.1884760856628418,-18.617027282714844
2492,1.0779340267181396,-17.297937393188477
2493,1.2665655612945557,-18.066204071044922
2494,1.065442442893982,-18.059595108032227
2495,1.1136332750320435,-17.85363006591797
2496,1.1771478652954102,-19.954124450683594
2497,1.0466821193695068,-20.3641300201416
2498,1.3154101371765137,-18.8094539642334
2499,1.386168360710144,-18.247861862182617
2500,1.0622286796569824,-18.652498245239258
2501,1.1278400421142578,-18.084985733032227
2502,1.432713508605957,-17.19492530822754
2503,1.2418591976165771,-19.86726951599121
2504,1.2125722169876099,-17.411897659301758
2505,1.2687798738479614,-19.04761505126953
2506,0.9806875586509705,-16.051109313964844
2507,1.1493868827819824,-17.818344116210938
2508,1.0998170375823975,-18.62799644470215
2509,1.1654512882232666,-17.98485565185547
2510,1.0449564456939697,-18.566566467285156
2511,1.04105806350708,-17.205272674560547
2512,1.2442381381988525,-18.652040481567383
2513,1.1588973999023438,-17.620664596557617
2514,1.0554001331329346,-19.822031021118164
2515,1.0203557014465332,-18.388404846191406
2516,1.097726821899414,-18.521621704101562
2517,1.1286230087280273,-19.180898666381836
2518,1.111707091331482,-17.488496780395508
2519,1.2118372917175293,-18.41961669921875
2520,1.0385451316833496,-19.28588104248047
2521,1.0994248390197754,-16.822481155395508
2522,0.8974668979644775,-18.19826316833496
2523,0.8414589166641235,-18.06446075439453
2524,1.0446940660476685,-18.265758514404297
2525,0.9290069341659546,-18.089929580688477
2526,1.027829647064209,-17.910755157470703
2527,1.0731377601623535,-19.049209594726562
2528,1.0859923362731934,-17.710533142089844
2529,0.9746361970901489,-18.072734832763672
2530,1.0414443016052246,-17.87613296508789
2531,1.1093076467514038,-17.866390228271484
2532,1.0423178672790527,-18.359149932861328
2533,1.0743412971496582,-16.8978214263916
2534,0.9455488920211792,-19.01603889465332
2535,0.9881623983383179,-19.04973793029785
2536,1.0270919799804688,-20.17283821105957
2537,1.1105331182479858,-17.315975189208984
2538,1.2420443296432495,-19.445995330810547
2539,0.9526558518409729,-19.432422637939453
2540,1.1326550245285034,-19.152496337890625
2541,1.1399526596069336,-19.418380737304688
2542,0.908153772354126,-19.994728088378906
2543,0.9531993269920349,-18.310487747192383
2544,0.9682503342628479,-17.542583465576172
2545,1.0502643585205078,-18.40772819519043
2546,0.8387891054153442,-18.218612670898438
2547,1.0293132066726685,-18.835472106933594
2548,0.8351341485977173,-19.242250442504883
2549,1.228886365890503,-18.078136444091797
2550,1.0378977060317993,-19.5451717376709
2551,1.0279574394226074,-18.001026153564453
2552,1.063532829284668,-19.099903106689453
2553,1.1731730699539185,-19.49595832824707
2554,1.0898040533065796,-17.6101016998291
2555,1.0116174221038818,-17.095516204833984
2556,1.0255123376846313,-18.260669708251953
2557,0.9158483147621155,-19.619667053222656
2558,0.9416191577911377,-17.720714569091797
2559,0.898453950881958,-19.268325805664062
2560,0.8421518802642822,-18.50933074951172
2561,0.7505097389221191,-20.418010711669922
2562,1.0009771585464478,-18.138628005981445
2563,0.8626729249954224,-18.13660430908203
2564,1.0589592456817627,-18.702425003051758
2565,0.9472808837890625,-18.13052749633789
2566,0.9530166983604431,-17.92371940612793
2567,1.1815800666809082,-18.66596221923828
2568,0.8776289224624634,-17.877521514892578
2569,0.9176698923110962,-18.159276962280273
2570,1.003864049911499,-17.783689498901367
2571,0.7718242406845093,-18.339813232421875
2572,1.1793049573898315,-17.441627502441406
2573,0.9412983059883118,-16.236474990844727
2574,1.0388164520263672,-18.283260345458984
2575,0.8626078963279724,-16.724594116210938
2576,0.8703550696372986,-17.848325729370117
2577,1.0108132362365723,-19.052040100097656
2578,0.8457605838775635,-19.947038650512695
2579,0.97449791431427,-19.75788688659668
2580,1.0834842920303345,-18.272567749023438
2581,0.6899259686470032,-17.844247817993164
2582,0.9171880483627319,-18.425399780273438
2583,0.9874290823936462,-18.116727828979492
2584,0.7525478005409241,-17.139604568481445
2585,0.9826643466949463,-17.866073608398438
2586,0.8789632320404053,-18.929079055786133
2587,0.9154723286628723,-18.99504280090332
2588,1.1114287376403809,-19.34516143798828
2589,0.8371740579605103,-18.7365665435791
2590,0.861960768699646,-19.40745735168457
2591,0.8300744295120239,-16.985448837280273
2592,0.7139774560928345,-17.286787033081055
2593,0.9422670006752014,-18.653226852416992
2594,1.013795256614685,-18.44338035583496
2595,0.6686607599258423,-18.238384246826172
2596,0.8647099733352661,-17.424238204956055
2597,0.8838815689086914,-16.867773056030273
2598,0.9549548625946045,-18.732608795166016
2599,0.7994641065597534,-18.025291442871094
2600,0.8702359199523926,-18.354806900024414
2601,0.9364219903945923,-18.386884689331055
2602,0.7461148500442505,-17.30263900756836
2603,0.7562316656112671,-19.151123046875
2604,0.7890608310699463,-16.66407012939453
2605,0.8525042533874512,-19.145309448242188
2606,0.8761512041091919,-17.414443969726562
2607,1.0268092155456543,-17.803482055664062
2608,0.9922114610671997,-17.260631561279297
2609,0.9039305448532104,-18.225383758544922
2610,0.7681543231010437,-17.34210777282715
2611,0.7531052231788635,-18.404979705810547
2612,0.7265779972076416,-18.465255737304688
2613,0.9978818297386169,-19.641016006469727
2614,0.7339369058609009,-18.862627029418945
2615,0.9664129018783569,-17.90516471862793
2616,1.007878065109253,-17.523914337158203
2617,0.7922450304031372,-16.734832763671875
2618,0.8281152844429016,-17.851242065429688
2619,0.9126619696617126,-17.62584114074707
2620,1.2196698188781738,-19.032468795776367
2621,0.7918013334274292,-18.33144760131836
2622,0.7613037824630737,-19.217639923095703
2623,0.8266967535018921,-19.46900749206543
2624,1.0442876815795898,-18.13482093811035
2625,0.8624247312545776,-19.469301223754883
2626,0.7850497961044312,-17.758689880371094
2627,0.820068895816803,-20.793134689331055
2628,0.7541488409042358,-20.020835876464844
2629,1.079590082168579,-18.940000534057617
2630,0.8362739682197571,-20.857219696044922
2631,0.9265503883361816,-17.701581954956055
2632,1.06378173828125,-19.557052612304688
2633,0.8361766338348389,-17.925859451293945
2634,1.0203429460525513,-19.339941024780273
2635,0.9090902805328369,-17.151384353637695
2636,0.8272725343704224,-19.363121032714844
2637,0.729398250579834,-17.25865364074707
2638,0.898058295249939,-17.462820053100586
2639,1.0854403972625732,-17.398717880249023
2640,0.9753026366233826,-16.6131534576416
2641,0.7903263568878174,-18.831396102905273
2642,1.073240041732788,-18.417543411254883
2643,0.8063509464263916,-18.393917083740234
2644,1.0046532154083252,-18.670103073120117
2645,0.9098803997039795,-18.58160400390625
2646,0.8151462078094482,-18.758899688720703
2647,0.9264911413192749,-16.42474365234375
2648,0.8888083696365356,-17.880098342895508
2649,0.8730931282043457,-19.233654022216797
2650,0.9149261713027954,-18.888717651367188
2651,0.6381208300590515,-19.273483276367188
2652,0.8928306698799133,-19.277263641357422
2653,0.8177282214164734,-19.65381622314453
2654,0.8557767271995544,-19.067960739135742
2655,0.9590848684310913,-18.632909774780273
2656,0.6478280425071716,-19.043338775634766
2657,0.7726263999938965,-18.377399444580078
2658,0.7649667859077454,-19.19194793701172
2659,0.7203670740127563,-18.091575622558594
2660,0.7026893496513367,-19.83395767211914
2661,0.8504724502563477,-19.67510986328125
2662,0.799907922744751,-18.456268310546875
2663,0.7827758193016052,-18.505504608154297
2664,0.6676394939422607,-17.925172805786133
2665,1.0814430713653564,-18.258224487304688
2666,1.0762279033660889,-17.818836212158203
2667,0.9721345901489258,-19.50666618347168
2668,0.8377209901809692,-20.52684783935547
2669,0.7093809843063354,-18.865795135498047
2670,0.9332562685012817,-20.03206443786621
2671,0.8474055528640747,-17.182580947875977
2672,0.7685312628746033,-17.376659393310547
2673,0.7654627561569214,-18.53082275390625
2674,0.9581555724143982,-18.529054641723633
2675,0.782958984375,-18.52845001220703
2676,0.6920651793479919,-19.073135375976562
2677,0.9564148187637329,-17.612489700317383
2678,0.9249996542930603,-19.43653678894043
2679,0.8661420345306396,-18.888368606567383
2680,0.8425556421279907,-16.825883865356445
2681,1.0404512882232666,-18.378660202026367
2682,0.7193261384963989,-19.224424362182617
2683,0.8227983713150024,-19.91483497619629
2684,0.959301769733429,-19.031614303588867
2685,0.7111120820045471,-19.040319442749023
2686,0.9519442319869995,-17.572494506835938
2687,0.7814362049102783,-17.952163696289062
2688,0.9078840017318726,-19.65720558166504
2689,0.9863518476486206,-17.649290084838867
2690,1.0430183410644531,-18.31644058227539
2691,0.9447116851806641,-19.80559730529785
2692,0.9565607905387878,-18.061504364013672
2693,1.068776249885559,-18.03728675842285
2694,0.8020142316818237,-18.962753295898438
2695,0.8994964957237244,-17.567840576171875
2696,0.962918758392334,-18.91021156311035
2697,0.8434182405471802,-17.198827743530273
2698,0.693217396736145,-16.35248374938965
2699,0.9285447597503662,-18.494529724121094
2700,0.8264048099517822,-18.29576301574707
2701,0.8441846370697021,-16.961336135864258
2702,0.9159764051437378,-18.769378662109375
2703,0.9154859781265259,-17.680984497070312
2704,1.108223557472229,-16.533878326416016
2705,0.9267382621765137,-16.999197006225586
2706,1.0775059461593628,-16.957962036132812
2707,0.9053654670715332,-18.276784896850586
2708,1.1255757808685303,-18.554500579833984
2709,0.7791600227355957,-19.273927688598633
2710,0.8719598054885864,-18.167795181274414
2711,0.9822227954864502,-18.972244262695312
2712,0.8544983267784119,-18.466236114501953
2713,1.0469144582748413,-18.443872451782227
2714,0.806897759437561,-18.528892517089844
2715,0.7300077080726624,-20.805330276489258
2716,0.8700941205024719,-18.160686492919922
2717,1.0177569389343262,-18.5042667388916
2718,1.23639714717865,-17.774011611938477
2719,0.9290952682495117,-17.45203399658203
2720,0.9818564653396606,-17.794261932373047
2721,0.9555697441101074,-18.730457305908203
2722,1.0690343379974365,-15.346935272216797
2723,1.0684924125671387,-18.126684188842773
2724,1.1218483448028564,-17.151845932006836
2725,0.8427236080169678,-19.643762588500977
2726,0.997444748878479,-17.801979064941406
2727,0.8916395306587219,-18.873809814453125
2728,1.117013692855835,-18.853696823120117
2729,1.024222493171692,-18.107036590576172
2730,1.0385379791259766,-20.038806915283203
2731,1.1537306308746338,-18.416393280029297
2732,1.006885051727295,-17.428607940673828
2733,0.9734963774681091,-19.1374568939209
2734,0.8868271112442017,-17.925048828125
2735,0.8752968311309814,-17.386137008666992
2736,1.0370092391967773,-18.147729873657227
2737,1.0042635202407837,-17.166610717773438
2738,1.1832833290100098,-18.61144256591797
2739,0.844296932220459,-17.637388229370117
2740,0.9529379606246948,-17.5350341796875
2741,1.0461968183517456,-19.032081604003906
2742,0.838858962059021,-18.427152633666992
2743,0.9962947368621826,-18.259843826293945
2744,1.2102913856506348,-17.276447296142578
2745,0.8642771244049072,-15.491049766540527
2746,0.9544464349746704,-17.560401916503906
2747,1.183458685874939,-18.96855926513672
2748,0.9102910757064819,-19.145910263061523
2749,0.8203660249710083,-16.053356170654297
2750,0.9285942912101746,-19.03998374938965
2751,0.8727803826332092,-17.523530960083008
2752,1.070732593536377,-19.39162254333496
2753,0.9784600734710693,-19.422849655151367
2754,1.0943586826324463,-18.16138458251953
2755,0.9932934045791626,-17.614416122436523
2756,1.1297416687011719,-18.537412643432617
2757,0.9556556940078735,-17.519550323486328
2758,1.061957836151123,-18.133769989013672
2759,1.229048252105713,-19.84880828857422
2760,1.0594578981399536,-17.755779266357422
2761,1.2787905931472778,-19.54877471923828
2762,1.297939419746399,-19.337255477905273
2763,1.0465922355651855,-20.299823760986328
2764,1.1573715209960938,-20.038822174072266
2765,1.4222280979156494,-20.32666778564453
2766,1.439500331878662,-21.174684524536133
2767,1.3530514240264893,-21.41727066040039
2768,1.281376600265503,-20.046058654785156
2769,1.1265318393707275,-20.682119369506836
2770,1.1258463859558105,-21.2888126373291
2771,1.3666493892669678,-21.046613693237305
2772,1.26601243019104,-20.76915740966797
2773,1.2519134283065796,-22.269472122192383
2774,0.9716099500656128,-21.41718101501465
2775,1.1767561435699463,-21.02507781982422
2776,1.116036057472229,-20.364233016967773
2777,1.5570273399353027,-20.494722366333008
2778,1.205172061920166,-20.799110412597656
2779,1.636765718460083,-20.92474937438965
2780,1.286588191986084,-20.81243896484375
2781,1.5471280813217163,-20.637060165405273
2782,1.335294246673584,-22.002429962158203
2783,1.3594999313354492,-21.109046936035156
2784,1.8255503177642822,-21.02029037475586
2785,1.492887020111084,-20.57464027404785
2786,1.4737277030944824,-19.971351623535156
2787,1.3260184526443481,-21.859872817993164
2788,1.6360485553741455,-19.53807830810547
2789,1.3858776092529297,-21.138208389282227
2790,1.3319109678268433,-19.64452362060547
2791,1.4631001949310303,-20.983776092529297
2792,1.328873872756958,-21.689783096313477
2793,1.2455313205718994,-21.288042068481445
2794,1.3743431568145752,-20.13214683532715
2795,1.2733768224716187,-19.339523315429688
2796,1.1513357162475586,-22.098569869995117
2797,1.2675926685333252,-21.171358108520508
2798,1.2636420726776123,-21.152053833007812
2799,1.3235752582550049,-20.98550033569336
2800,1.373692512512207,-21.177692413330078
2801,1.4507825374603271,-18.75933074951172
2802,1.1539053916931152,-20.382863998413086
2803,1.110974907875061,-21.02032470703125
2804,1.1014238595962524,-22.431983947753906
2805,1.2977008819580078,-21.306493759155273
2806,1.3226927518844604,-19.930130004882812
2807,1.0400140285491943,-19.881864547729492
2808,1.2140889167785645,-20.102741241455078
2809,1.4103498458862305,-19.617935180664062
2810,1.1452323198318481,-19.75983428955078
2811,1.3111281394958496,-20.771337509155273
2812,1.21799898147583,-19.03480339050293
2813,1.2481796741485596,-19.702367782592773
2814,1.153836727142334,-18.556217193603516
2815,0.9524192214012146,-18.96503448486328
2816,1.2261338233947754,-21.075881958007812
2817,1.2486798763275146,-19.739948272705078
2818,0.9937353730201721,-20.358156204223633
2819,1.2282943725585938,-19.981792449951172
2820,1.1853421926498413,-19.675338745117188
2821,1.2103779315948486,-20.086395263671875
2822,1.0818045139312744,-20.424213409423828
2823,1.1080513000488281,-20.382484436035156
2824,1.4820969104766846,-18.791187286376953
2825,1.2918765544891357,-20.26604461669922
2826,1.087219476699829,-20.651220321655273
2827,1.3458476066589355,-19.4027156829834
2828,1.1064646244049072,-20.084030151367188
2829,1.0823049545288086,-19.4471378326416
2830,1.2813491821289062,-20.69296646118164
2831,1.446791410446167,-19.560083389282227
2832,1.523688793182373,-19.331069946289062
2833,1.291210651397705,-18.085290908813477
2834,1.318542242050171,-18.70823097229004
2835,1.3218207359313965,-13.821573257446289
2836,1.406294584274292,-3.2935750484466553
2837,1.4683890342712402,-3.711507558822632
2838,1.3406015634536743,-2.9103286266326904
2839,1.4234771728515625,-2.6828794479370117
2840,1.3307971954345703,-1.880781888961792
2841,1.2681562900543213,-2.194779872894287
2842,1.2773282527923584,-3.3552749156951904
2843,1.1935597658157349,-1.7067804336547852
2844,1.249741792678833,-2.0895586013793945
2845,1.4317598342895508,-2.6085448265075684
2846,1.3484736680984497,-2.361170530319214
2847,1.2122306823730469,-1.3834342956542969
2848,1.333479642868042,-1.9852077960968018
2849,1.1672275066375732,-1.7061216831207275
2850,1.153446912765503,-2.362795829772949
2851,1.183932900428772,-2.08168888092041
2852,1.4385294914245605,-1.7354639768600464
2853,1.4990588426589966,-2.3596227169036865
2854,1.4086799621582031,-1.4837980270385742
2855,1.9063096046447754,-1.784820556640625
2856,1.7509729862213135,-1.5904812812805176
2857,1.4105329513549805,-1.96368408203125
2858,1.5907154083251953,-1.3236167430877686
2859,1.3948392868041992,-2.025935411453247
2860,1.5099036693572998,-1.7515270709991455
2861,1.6570379734039307,-2.4265215396881104
2862,1.4313313961029053,-1.9112261533737183
2863,1.5797239542007446,-1.7198344469070435
2864,1.9918816089630127,-1.2186070680618286
2865,1.4619418382644653,-1.1509369611740112
2866,1.5580883026123047,-1.7350599765777588
2867,1.522066354751587,-1.8146791458129883
2868,1.6315791606903076,-1.8138242959976196
2869,1.328336238861084,-1.9642431735992432
2870,1.4558982849121094,-1.9749083518981934
2871,1.4815876483917236,-1.2744532823562622
2872,1.2050182819366455,-1.4816484451293945
2873,1.6023989915847778,-1.5383421182632446
2874,1.580275297164917,-0.9639742970466614
2875,1.687381386756897,-1.5636529922485352
2876,1.432969331741333,-1.7434011697769165
2877,1.2693428993225098,-1.8556032180786133
2878,1.426485300064087,-1.819013237953186
2879,1.347344160079956,-2.021383285522461
2880,1.6702014207839966,-1.6454957723617554
2881,1.3640570640563965,-2.0692825317382812
2882,1.3415418863296509,-1.822919487953186
2883,1.4380054473876953,-1.6179814338684082
2884,1.6146764755249023,-1.122024416923523
2885,1.286020040512085,-1.7481080293655396
2886,1.3763632774353027,-1.4194139242172241
2887,1.353564977645874,-1.5828129053115845
2888,1.6567180156707764,-1.646215796470642
2889,1.7662407159805298,-1.2998312711715698
2890,1.2944703102111816,-1.7665599584579468
2891,1.553788185119629,-1.4126538038253784
2892,1.1769845485687256,-1.7874197959899902
2893,1.323501467704773,-1.8332209587097168
2894,1.3335248231887817,-1.969322681427002
2895,1.6360985040664673,-1.9405183792114258
2896,1.3671603202819824,-2.0364181995391846
2897,1.03330397605896,-2.63869047164917
2898,1.3457852602005005,-2.276930332183838
2899,1.1609716415405273,-2.166273355484009
2900,1.2331345081329346,-2.867859125137329
2901,1.3098034858703613,-2.6758980751037598
2902,1.1810888051986694,-2.5415213108062744
2903,1.3340930938720703,-3.041074752807617
2904,1.4722448587417603,-3.45345401763916
2905,1.1911085844039917,-2.6837029457092285
2906,1.2866065502166748,-2.8689401149749756
2907,1.2663764953613281,-3.2212448120117188
2908,1.0929380655288696,-2.96842885017395
2909,1.2730436325073242,-3.291361093521118
2910,1.3551905155181885,-3.6735596656799316
2911,1.1483310461044312,-3.0872039794921875
2912,1.2197372913360596,-2.8096914291381836
2913,1.3727614879608154,-2.717564105987549
2914,1.2314106225967407,-2.4825198650360107
2915,1.149709701538086,-3.455388069152832
2916,1.3671274185180664,-2.915609121322632
2917,1.235997200012207,-2.9217422008514404
2918,1.2325071096420288,-2.7740366458892822
2919,1.3436439037322998,-2.1433095932006836
2920,1.0931313037872314,-2.946584463119507
2921,1.3202521800994873,-2.804644823074341
2922,1.2448536157608032,-3.2762396335601807
2923,1.1344001293182373,-3.275750160217285
2924,1.1801342964172363,-2.832008123397827
2925,1.2107398509979248,-2.09161639213562
2926,1.260574221611023,-3.1050124168395996
2927,1.211198329925537,-2.7905020713806152
2928,1.3612990379333496,-2.8026230335235596
2929,1.1826319694519043,-3.134902000427246
2930,1.5003877878189087,-2.779489040374756
2931,1.3799569606781006,-3.479205369949341
2932,1.257890224456787,-3.091503620147705
2933,1.4525301456451416,-2.7902297973632812
2934,1.1899032592773438,-2.2749433517456055
2935,1.2436516284942627,-3.087078809738159
2936,1.05517578125,-2.802929639816284
2937,1.1153838634490967,-3.1117160320281982
2938,1.3133124113082886,-2.925388813018799
2939,1.413819670677185,-2.689448595046997
2940,1.3040697574615479,-3.1200132369995117
2941,1.4804184436798096,-3.4819183349609375
2942,1.198408603668213,-2.375413179397583
2943,1.207658290863037,-3.250807762145996
2944,1.1596369743347168,-3.3426554203033447
2945,1.3731621503829956,-2.622232437133789
2946,1.2640944719314575,-2.6275136470794678
2947,1.080871820449829,-3.18184232711792
2948,1.4297431707382202,-2.768141508102417
2949,1.5315887928009033,-2.543135166168213
2950,1.1376945972442627,-2.5169055461883545
2951,1.3361284732818604,-2.7659897804260254
2952,1.2591354846954346,-2.8416965007781982
2953,1.2626550197601318,-3.002755641937256
2954,1.230229377746582,-2.4501664638519287
2955,1.22758150100708,-3.240797758102417
2956,1.4091529846191406,-2.9047117233276367
2957,1.3093931674957275,-3.292680263519287
2958,1.2362968921661377,-3.6524498462677
2959,1.2476515769958496,-2.5629589557647705
2960,1.2837259769439697,-2.896850824356079
2961,1.3361605405807495,-2.4218006134033203
2962,1.3491318225860596,-3.088301420211792
2963,1.2447975873947144,-2.4788734912872314
2964,1.338325023651123,-2.8015074729919434
2965,1.290990948677063,-3.3759446144104004
2966,1.278135061264038,-3.450791597366333
2967,1.1507670879364014,-3.4709911346435547
2968,1.1040623188018799,-3.4816534519195557
2969,1.2216447591781616,-2.931133508682251
2970,1.3130607604980469,-2.674528121948242
2971,1.2310118675231934,-3.440286636352539
2972,1.4177870750427246,-3.1693530082702637
2973,1.3297483921051025,-3.341364860534668
2974,1.2097382545471191,-2.7995498180389404
2975,1.1654956340789795,-3.0521271228790283
2976,1.1990554332733154,-2.974038600921631
2977,1.3634625673294067,-2.868342399597168
2978,1.2131834030151367,-3.371100425720215
2979,1.3387025594711304,-3.3190221786499023
2980,1.3544533252716064,-3.3998262882232666
2981,1.2937061786651611,-2.629397392272949
2982,1.4092907905578613,-3.0456786155700684
2983,1.145357370376587,-3.6509859561920166
2984,1.236836314201355,-3.4012351036071777
2985,1.2506464719772339,-3.4721219539642334
2986,1.3813722133636475,-3.682201623916626
2987,1.4078172445297241,-2.8179819583892822
2988,1.2836689949035645,-3.116464853286743
2989,1.1134997606277466,-3.162548303604126
2990,1.169487476348877,-3.66313099861145
2991,1.3141858577728271,-3.3223700523376465
2992,1.3796546459197998,-2.954526424407959
2993,1.4637908935546875,-2.6871654987335205
2994,1.4098660945892334,-3.160815477371216
2995,1.2295641899108887,-2.901155471801758
2996,1.1928291320800781,-3.1116485595703125
2997,1.3164708614349365,-2.7777299880981445
2998,1.1434588432312012,-3.053755283355713
2999,1.3865103721618652,-2.689227342605591
