strategy,player_index,episode,cpa_constraint,budget,reward,all_cost,cpa,x,cls,penalty,score_component
ABid,0,0,100.0,2900.0,24.0,2899.9313326155548,120.83047219231479,0.20830472192314797,超過,0.6849313656352207,16.4383527752453
ABid,0,1,100.0,2900.0,13.0,2899.925181497315,223.07116780748578,1.230711678074858,超過,0.2009616177947818,2.6125010313321644
ABid,0,2,100.0,2900.0,19.0,2899.9798655024215,152.63051923696955,0.5263051923696955,超過,0.42925685237947286,8.155880195209988
ABid,0,3,100.0,2900.0,21.0,2899.9272793222526,138.09177520582156,0.38091775205821565,超過,0.5244020427490835,11.012442897730752
ABid,1,0,70.0,4350.0,41.0,3464.044692085122,84.48889492890541,0.2069842132700772,超過,0.6864308923850626,28.143666587787575
ABid,1,1,70.0,4350.0,19.0,2424.330244321425,127.59632864849607,0.8228046949785153,超過,0.3009675846601587,5.718384108543016
ABid,1,2,70.0,4350.0,32.0,4349.949590637894,135.9359247074342,0.9419417815347741,超過,0.2651719536819523,8.485502517822473
ABid,1,3,70.0,4350.0,33.0,2118.3453228346157,64.19228251013988,-0.08296739271228748,制約内,1.0,33.0
ABid,2,0,90.0,3000.0,31.0,2999.914804103346,96.77144529365631,0.0752382810406258,超過,0.8649491260504623,26.81342290756433
ABid,2,1,90.0,3000.0,16.0,2056.449603952615,128.52810024703842,0.4280900027448713,超過,0.4903304251419555,7.845286802271288
ABid,2,2,90.0,3000.0,27.0,2999.964973827048,111.10981384544623,0.23455348717162483,超過,0.6561153207200405,17.715113659441094
ABid,2,3,90.0,3000.0,19.0,2999.954440037898,157.89233894936305,0.7543593216595894,超過,0.3249098685156039,6.173287501796471
ABid,3,0,110.0,2400.0,14.0,2399.9010875171243,171.42150625122318,0.5583773295565744,超過,0.4117700514155649,5.764780719817906
ABid,3,1,110.0,2400.0,18.0,2399.9617375435087,133.33120764130604,0.2121018876482368,超過,0.6806467025125761,12.25164064522637
ABid,3,2,110.0,2400.0,16.0,2399.9366911249554,149.9960431953097,0.3636003926846336,超過,0.53780615066155,8.604898410584806
ABid,3,3,110.0,2400.0,18.0,2399.9692439364744,133.33162466313746,0.2121056787557951,超過,0.6806424447966549,12.25156400633979
ABid,4,0,60.0,4800.0,28.0,2361.8357013833875,84.3512750494067,0.4058545841567782,超過,0.5059635106385254,14.166978297878718
ABid,4,1,60.0,4800.0,15.0,1958.1015649286237,130.54010432857493,1.175668405476249,超過,0.21125869361744945,3.1688804042617433
ABid,4,2,60.0,4800.0,52.0,4799.916958169464,92.30609534941277,0.538434922490213,超過,0.42251461920233596,21.970760198521454
ABid,4,3,60.0,4800.0,24.0,1957.441471738658,81.56006132244408,0.359334355374068,超過,0.5411870719609311,12.988489727062346
ABid,5,0,130.0,2000.0,11.0,1999.9859232923973,181.81690211749066,0.39859155474992813,超過,0.5112321964495535,5.623554160945089
ABid,5,1,130.0,2000.0,9.0,1999.9582251135696,222.2175805681744,0.7093660043705725,超過,0.3422392968657417,3.0801536717916758
ABid,5,2,130.0,2000.0,20.0,1999.9926036861539,99.99963018430769,-0.2307720755053254,制約内,1.0,20.0
ABid,5,3,130.0,2000.0,14.0,1999.9998539463768,142.8571324247412,0.0989010186518553,超過,0.8281001209576894,11.593401693407651
ABid,6,0,120.0,2050.0,14.0,2049.9616868013018,146.42583477152155,0.22021528976267968,超過,0.6716253422303046,9.402754791224265
ABid,6,1,120.0,2050.0,15.0,2049.9770175120343,136.66513450080228,0.1388761208400191,超過,0.7709869478510541,11.564804217765813
ABid,6,2,120.0,2050.0,10.0,2049.9624514766674,204.99624514766674,0.7083020428972229,超過,0.34266573529397654,3.426657352939768
ABid,6,3,120.0,2050.0,14.0,2049.963060351164,146.42593288222602,0.22021610735188357,超過,0.6716244422037582,9.402742190852607
ABid,7,0,80.0,3500.0,36.0,3499.933391029274,97.22037197303538,0.2152546496629424,超過,0.6771196500184022,24.37630740066248
ABid,7,1,80.0,3500.0,29.0,3499.988284040637,120.68925117381508,0.5086156396726884,超過,0.43938253342720274,12.742093469388879
ABid,7,2,80.0,3500.0,37.0,3499.920190150483,94.59243757163468,0.18240546964543336,超過,0.7152652728138276,26.46481509411162
ABid,7,3,80.0,3500.0,49.0,3499.9079260959506,71.42669236930512,-0.10716634538368608,制約内,1.0,49.0
ABid,8,0,70.0,4600.0,44.0,3558.4783384922475,80.87450769300563,0.15535010990008047,超過,0.7491568933390272,32.962903306917205
ABid,8,1,70.0,4600.0,53.0,4599.934851981574,86.79122362229384,0.23987462317562636,超過,0.6504957409989478,34.47627427294423
ABid,8,2,70.0,4600.0,19.0,4217.011480003293,221.9479726317523,2.1706853233107473,超過,0.09947036586554567,1.8899369514453663
ABid,8,3,70.0,4600.0,46.0,4599.915064454313,99.99815357509377,0.4285450510727682,超過,0.49001809546640895,22.540832391454796
ABid,9,0,130.0,2000.0,16.0,1999.993039783907,124.99956498649419,-0.03846488471927545,制約内,1.0,16.0
ABid,9,1,130.0,2000.0,15.0,1999.9203961703618,133.32802641135746,0.025600203164288127,超過,0.9507006779199585,14.260510168799378
ABid,9,2,130.0,2000.0,13.0,1999.9673074580865,153.84363903523743,0.1834126079633649,超過,0.714048343874673,9.28262847037075
ABid,9,3,130.0,2000.0,9.0,1999.9070664260298,222.21189626955888,0.7093222789966067,超過,0.34225680641654505,3.0803112577489045
ABid,10,0,100.0,2800.0,19.0,2799.993264290646,147.36806654161296,0.47368066541612963,超過,0.46046139905656447,8.748766582074724
ABid,10,1,100.0,2800.0,16.0,2799.9148132973255,174.99467583108284,0.7499467583108284,超過,0.3265504817740619,5.22480770838499
ABid,10,2,100.0,2800.0,23.0,2799.9352647598816,121.73631585912528,0.21736315859125277,超過,0.6747760988838222,15.51985027432791
ABid,10,3,100.0,2800.0,23.0,2799.9623792093157,121.73749474823111,0.21737494748231123,超過,0.6747630300697839,15.51954969160504
ABid,11,0,110.0,2350.0,12.0,2349.9783267726352,195.83152723105295,0.7802866111913904,超過,0.3155150999660294,3.7861811995923524
ABid,11,1,110.0,2350.0,19.0,2349.9846149484715,123.68340078676165,0.12439455260692411,超過,0.7909745939376467,15.028517284815287
ABid,11,2,110.0,2350.0,15.0,2349.991592927947,156.66610619519645,0.42423732904724054,超過,0.4929867776373341,7.394801664560012
ABid,11,3,110.0,2350.0,31.0,2349.922386808331,75.80394796155906,-0.3108732003494631,制約内,1.0,31.0
ABid,12,0,120.0,2050.0,26.0,2049.918699503261,78.84302690397158,-0.34297477580023683,制約内,1.0,26.0
ABid,12,1,120.0,2050.0,15.0,2049.9103574204996,136.66069049469996,0.13883908745583295,超過,0.7710370914058294,11.56555637108744
ABid,12,2,120.0,2050.0,12.0,2049.981140873674,170.83176173947285,0.4235980144956071,超過,0.4934296616373958,5.921155939648748
ABid,12,3,120.0,2050.0,12.0,2049.917745717502,170.82647880979184,0.42355399008159855,超過,0.4934601814318792,5.921522177182551
ABid,13,0,90.0,2900.0,28.0,2899.910673317913,103.5682383327826,0.15075820369758453,超過,0.7551475900135616,21.144132520379724
ABid,13,1,90.0,2900.0,31.0,2899.9034246276155,93.54527176218114,0.03939190846867935,超過,0.9256383443321703,28.694788674297286
ABid,13,2,90.0,2900.0,30.0,2899.9835995688077,96.66611998562692,0.0740679998402991,超過,0.8668350125225488,26.00505037567645
ABid,13,3,90.0,2900.0,18.0,2899.9036759200853,161.10575977333806,0.790063997481534,超過,0.31207780602306745,5.617400508415214
ABid,14,0,60.0,4750.0,61.0,3457.106397084327,56.673875362038146,-0.055435410632697524,制約内,1.0,61.0
ABid,14,1,60.0,4750.0,46.0,4749.909072882305,103.25889288874576,0.7209815481457627,超過,0.3376350869357171,15.531213999042999
ABid,14,2,60.0,4750.0,13.0,1988.295774960142,152.94582884308784,1.5490971473847974,超過,0.15389596247059312,2.0006475121177107
ABid,14,3,60.0,4750.0,59.0,4749.999333444651,80.5084632787229,0.3418077213120483,超過,0.5554173303963139,32.76962249338252
ABid,15,0,80.0,3450.0,17.0,2279.9086029453492,134.11227076149112,0.676403384518639,超過,0.3558303125285658,6.049115312985614
ABid,15,1,80.0,3450.0,31.0,3449.921326625298,111.28778472984833,0.39109730912310403,超過,0.5167553468221525,16.01941575148674
ABid,15,2,80.0,3450.0,28.0,3319.1590453617077,118.54139447720385,0.48176743096504815,超過,0.4554491651723422,12.752576624825576
ABid,15,3,80.0,3450.0,37.0,3449.9760977914348,93.24259723760635,0.16553246547007938,超過,0.7361244616770312,27.236605082050136
ABid,16,0,130.0,2000.0,8.0,1999.976834125268,249.9971042656585,0.9230546481973729,超過,0.2704062641679072,2.1632501133432585
ABid,16,1,130.0,2000.0,16.0,1999.996539886523,124.99978374290768,-0.0384632019776332,制約内,1.0,16.0
ABid,16,2,130.0,2000.0,14.0,1999.926284871835,142.85187749084534,0.09886059608342568,超過,0.8281610468833427,11.5942546563668
ABid,16,3,130.0,2000.0,14.0,1999.9380191572714,142.85271565409082,0.09886704349300635,超過,0.8281513287325709,11.594118602255989
ABid,17,0,80.0,3500.0,37.0,3499.9339608844775,94.59280975363453,0.1824101219204315,超過,0.7152596443028099,26.464606839203967
ABid,17,1,80.0,3500.0,24.0,2963.362637280111,123.47344322000463,0.5434180402500579,超過,0.4197907411495615,10.07497778758948
ABid,17,2,80.0,3500.0,38.0,3499.9695866573247,92.1044628067717,0.15130578508464643,超過,0.7544294377451307,28.668318634314968
ABid,17,3,80.0,3500.0,38.0,3499.999995884613,92.10526304959508,0.1513157881199385,超過,0.754416328307068,28.667820475668574
ABid,18,0,110.0,2200.0,12.0,2199.9007284446325,183.32506070371937,0.6665914609429033,超過,0.3600324910774199,4.320389892929041
ABid,18,1,110.0,2200.0,20.0,2199.9657130776695,109.99828565388347,-1.5584964695669612e-05,制約内,1.0,20.0
ABid,18,2,110.0,2200.0,13.0,2199.992675599216,169.2302058153243,0.5384564165029482,超過,0.42250281325580596,5.4925365723254735
ABid,18,3,110.0,2200.0,18.0,2199.974635654491,122.22081309191617,0.11109830083560146,超過,0.8100186777123763,14.580336198822781
ABid,19,0,100.0,2700.0,19.0,2699.9277221708367,142.101459061623,0.4210145906162299,超過,0.49522541619522287,9.40928290770924
ABid,19,1,100.0,2700.0,22.0,2699.9969589797574,122.72713449907988,0.22727134499079882,超過,0.6639246780075791,14.606342916166742
ABid,19,2,100.0,2700.0,20.0,2699.9991636862583,134.9999581843129,0.34999958184312896,超過,0.548697184911093,10.97394369822186
ABid,19,3,100.0,2700.0,22.0,2699.9431992927916,122.72469087694508,0.22724690876945086,超過,0.663951117629132,14.606924587840902
ABid,20,0,90.0,3100.0,22.0,3099.914945704532,140.90522480475144,0.5656136089416828,超過,0.40797243869827693,8.975393651362088
ABid,20,1,90.0,3100.0,31.0,3099.987345104236,99.99959177755599,0.11110657530617774,超過,0.8100066132476937,25.110205010678506
ABid,20,2,90.0,3100.0,21.0,3099.9647084671587,147.6173670698647,0.6401929674429412,超過,0.3717150191052653,7.806015401210571
ABid,20,3,90.0,3100.0,26.0,3099.9600823469873,119.22923393642259,0.324769265960251,超過,0.5697961516816286,14.81469994372234
ABid,21,0,120.0,2100.0,19.0,2099.9461616981753,110.5234821946408,-0.07897098171132666,制約内,1.0,19.0
ABid,21,1,120.0,2100.0,17.0,2099.9901686289677,123.52883344876281,0.0294069454063568,超過,0.9436823052727218,16.04259918963627
ABid,21,2,120.0,2100.0,17.0,2099.924760013745,123.52498588316148,0.02937488235967889,超過,0.9437410939638978,16.043598597386264
ABid,21,3,120.0,2100.0,8.0,2099.9956755682483,262.49945944603104,1.1874954953835921,超過,0.2089804525282512,1.6718436202260105
ABid,22,0,60.0,4850.0,54.0,3136.506018847565,58.083444793473426,-0.03194258677544293,制約内,1.0,54.0
ABid,22,1,60.0,4850.0,14.0,2259.5559262425522,161.396851874468,1.6899475312411334,超過,0.13820138076920802,1.9348193307689119
ABid,22,2,60.0,4850.0,56.0,4849.960924382223,86.60644507825398,0.4434407513042331,超過,0.4799567188416519,26.877576255132517
ABid,22,3,60.0,4850.0,62.0,4849.957112320681,78.22511471484968,0.3037519119141614,超過,0.5883152192253973,36.475543591974635
ABid,23,0,70.0,4100.0,36.0,4099.97259210356,113.88812755843222,0.6269732508347459,超過,0.37778018464329577,13.600086647158648
ABid,23,1,70.0,4100.0,46.0,4099.953500545528,89.12942392490278,0.2732774846414683,超過,0.616813514986448,28.373421689376613
ABid,23,2,70.0,4100.0,52.0,4099.962205936992,78.84542703724985,0.12636324338928362,超過,0.7882120329994312,40.98702571597041
ABid,23,3,70.0,4100.0,41.0,4099.92657997376,99.9982092676527,0.4285458466807528,超過,0.49001754964981353,20.090719535642343
ABid,24,0,120.0,2000.0,10.0,1999.958690277631,199.9958690277631,0.6666322418980257,超過,0.36001487196765897,3.60014871967659
ABid,24,1,120.0,2000.0,11.0,1999.9743152954663,181.8158468450424,0.5151320570420199,超過,0.43561118848026475,4.791723073282914
ABid,24,2,120.0,2000.0,9.0,1999.932836521152,222.21475961346133,0.8517896634455111,超過,0.29161958586323516,2.6245762727691173
ABid,24,3,120.0,2000.0,10.0,1999.9385272366562,199.9938527236656,0.6666154393638801,超過,0.36002213122198923,3.600221312219892
ABid,25,0,60.0,4800.0,25.0,1847.758178917432,73.91032715669728,0.23183878594495466,超過,0.6590103743992158,16.475259359980406
ABid,25,1,60.0,4800.0,24.0,1480.889213025421,61.70371720939254,0.02839528682320913,超過,0.9455398670240892,22.692956808578142
ABid,25,2,60.0,4800.0,47.0,3994.130235357593,84.98149436931048,0.41635823948850814,超過,0.49848692703690367,23.428885570734465
ABid,25,3,60.0,4800.0,35.0,2352.849636860204,67.22427533886298,0.12040458898104967,超過,0.796618232600704,27.881638141024638
ABid,26,0,90.0,3050.0,21.0,3049.9124069796685,145.23392414188896,0.6137102682432107,超過,0.38401560691347486,8.064327745182966
ABid,26,1,90.0,3050.0,25.0,3049.9491311876636,121.99796524750654,0.3555329471945172,超過,0.5442266994932108,13.605667487330269
ABid,26,2,90.0,3050.0,27.0,3049.993403632459,112.96271865305404,0.25514131836726706,超過,0.6347675938386256,17.138725033642885
ABid,26,3,90.0,3050.0,23.0,3049.959541215681,132.6069365745948,0.4734104063843867,超過,0.4606303340167835,10.59449768238602
ABid,27,0,70.0,4250.0,9.0,2180.5147136992846,242.27941263325386,2.461134466189341,超過,0.08347627398125827,0.751286465831324
ABid,27,1,70.0,4250.0,50.0,4249.937815978812,84.99875631957624,0.21426794742251776,超過,0.6782205387117266,33.91102693558635
ABid,27,2,70.0,4250.0,25.0,1971.1723446311614,78.84689378524645,0.12638419693209224,超過,0.7881827078736721,19.704567696841792
ABid,27,3,70.0,4250.0,8.0,951.5316208377797,118.94145260472246,0.6991636086388922,超過,0.3463614936033209,2.7708919488265695
ABid,28,0,100.0,2850.0,20.0,2849.93354792859,142.4966773964295,0.42496677396429505,超過,0.4924821838952025,9.849643677904051
ABid,28,1,100.0,2850.0,23.0,2849.9562886752356,123.9111429858798,0.23911142985879796,超過,0.6512972942416813,14.979837767558674
ABid,28,2,100.0,2850.0,30.0,2849.9900224868434,94.9996674162281,-0.05000332583771894,制約内,1.0,30.0
ABid,28,3,100.0,2850.0,23.0,2849.97219784109,123.91183468874304,0.2391183468874305,超過,0.6512900228951314,14.979670526588022
ABid,29,0,110.0,2250.0,15.0,2249.9702324334585,149.9980154955639,0.3636183226869445,超過,0.5377920076984328,8.066880115476488
ABid,29,1,110.0,2250.0,17.0,2249.9231476066784,132.34842044745167,0.20316745861319707,超過,0.6907928685114839,11.743478764695226
ABid,29,2,110.0,2250.0,23.0,2249.9886882830065,97.82559514273942,-0.11067640779327803,制約内,1.0,23.0
ABid,29,3,110.0,2250.0,16.0,2249.9529927167277,140.62206204479548,0.27838238222541345,超過,0.6118971723434918,9.79035475749587
ABid,30,0,130.0,2000.0,13.0,1999.9664490929579,153.8435730071506,0.18341210005500463,超過,0.7140489567992854,9.28263643839071
ABid,30,1,130.0,2000.0,14.0,1999.9981672581707,142.85701194701218,0.09890009190009375,超過,0.8281015177062662,11.59342124788772
ABid,30,2,130.0,2000.0,19.0,1999.9861013053862,105.262426384494,-0.19028902781158452,制約内,1.0,19.0
ABid,30,3,130.0,2000.0,11.0,1999.9260859522947,181.81146235929953,0.3985497104561502,超過,0.5112627888126013,5.623890676938614
ABid,31,0,80.0,3900.0,42.0,3899.9055269672317,92.8548934992198,0.16068616874024744,超過,0.7422844822591008,31.175948254882236
ABid,31,1,80.0,3900.0,44.0,3899.9330598748875,88.6348422698838,0.10793552837354747,超過,0.8146499245211913,35.84459667893242
ABid,31,2,80.0,3900.0,33.0,3899.9530039973815,118.18039406052671,0.4772549257565839,超過,0.458235895727163,15.12178455899638
ABid,31,3,80.0,3900.0,31.0,3732.3585055937847,120.39866147076725,0.5049832683845907,超過,0.4415060474301367,13.686687470334238
ABid,32,0,120.0,2000.0,13.0,1999.9059897680359,153.8389222898489,0.28199101908207425,超過,0.6084571998666944,7.9099435982670245
ABid,32,1,120.0,2000.0,17.0,1999.984933476449,117.64617255743818,-0.01961522868801524,制約内,1.0,17.0
ABid,32,2,120.0,2000.0,26.0,1999.937380992145,76.92066849969788,-0.35899442916918434,制約内,1.0,26.0
ABid,32,3,120.0,2000.0,12.0,1999.9823365401312,166.6651947116776,0.38887662259731326,超過,0.5184091568669206,6.220909882403044
ABid,33,0,90.0,3250.0,34.0,3249.9691845317984,95.5873289568176,0.06208143285352885,超過,0.8865114857207959,30.14139051450706
ABid,33,1,90.0,3250.0,42.0,3249.9741338185054,77.38033651948822,-0.14021848311679752,制約内,1.0,42.0
ABid,33,2,90.0,3250.0,28.0,3249.9490757427575,116.06960984795562,0.2896623316439513,超過,0.6012401432970815,16.834724012318283
ABid,33,3,90.0,3250.0,14.0,3249.975188849253,232.14108491780377,1.5793453879755974,超過,0.15030762039398493,2.1043066855157897
ABid,34,0,70.0,4450.0,35.0,4449.935599572509,127.14101713064312,0.8163002447234731,超過,0.30312706679614027,10.609447337864909
ABid,34,1,70.0,4450.0,52.0,4449.937477029591,85.57572071210751,0.22251029588725024,超過,0.6691060383501073,34.79351399420558
ABid,34,2,70.0,4450.0,63.0,4449.97741672288,70.63456217020445,0.009065173860063558,超過,0.9821132380048476,61.87313399430543
ABid,34,3,70.0,4450.0,42.0,4449.968072900261,105.95162078333955,0.5135945826191364,超過,0.4364966055098487,18.332857431413647
ABid,35,0,80.0,3550.0,37.0,3549.9666284598416,95.94504401242816,0.19931305015535195,超過,0.6952402085327725,25.723887715712564
ABid,35,1,80.0,3550.0,51.0,3549.9174977003777,69.60622544510545,-0.12992218193618188,制約内,1.0,51.0
ABid,35,2,80.0,3550.0,29.0,2374.787398644238,81.88922064290475,0.023615258036309372,超過,0.9543913582529255,27.677349389334836
ABid,35,3,80.0,3550.0,35.0,3549.929264991699,101.42655042833425,0.26783188035417815,超過,0.6221235817437246,21.774325361030353
ABid,36,0,100.0,2700.0,22.0,2699.9297630947876,122.72408014067217,0.22724080140672176,超過,0.6639577259498379,14.607069970896434
ABid,36,1,100.0,2700.0,24.0,2699.9810961164612,112.49921233818588,0.12499212338185894,超過,0.7901345209128393,18.963228501908155
ABid,36,2,100.0,2700.0,22.0,2699.936661075202,122.72439368523646,0.22724393685236466,超過,0.6639543333061474,14.606995332735243
ABid,36,3,100.0,2700.0,37.0,2699.9746094188226,72.97228674104926,-0.27027713258950736,制約内,1.0,37.0
ABid,37,0,110.0,2100.0,17.0,2099.961117691728,123.52712457010163,0.12297385972819663,超過,0.7929772100976954,13.48061257166083
ABid,37,1,110.0,2100.0,15.0,2099.9792661853257,139.9986177456884,0.27271470677898546,超過,0.6173591293986566,9.26038694097985
ABid,37,2,110.0,2100.0,17.0,2099.9985206012025,123.52932474124721,0.12299386128406553,超過,0.7929489630390611,13.48013237166404
ABid,37,3,110.0,2100.0,16.0,2099.908597988967,131.24428737431043,0.19312988522100394,超過,0.7024647760264977,11.239436416423963
ABid,38,0,60.0,4650.0,54.0,4649.922165388848,86.10966972942312,0.4351611621570519,超過,0.485510530218066,26.217568631775563
ABid,38,1,60.0,4650.0,59.0,4649.88957739555,78.81168775246695,0.3135281292077825,超過,0.5795904817632274,34.19583842403045
ABid,38,2,60.0,4650.0,25.0,2010.5345368477022,80.42138147390808,0.3403563578984681,超過,0.5566208145690175,13.915520364225427
ABid,38,3,60.0,4650.0,31.0,1844.6466717543694,59.50473134691514,-0.008254477551414285,制約内,1.0,31.0
ABid,39,0,130.0,2000.0,13.0,1999.9974888593601,153.84596068148923,0.1834304667806863,超過,0.714026793030629,9.282348309398179
ABid,39,1,130.0,2000.0,13.0,1999.953794502921,153.84259957714778,0.18340461213190595,超過,0.7140579930334492,9.28275390943484
ABid,39,2,130.0,2000.0,16.0,1999.9862891327282,124.99914307079551,-0.0384681302246499,制約内,1.0,16.0
ABid,39,3,130.0,2000.0,13.0,1999.9703578699207,153.8438736823016,0.18341441294078153,超過,0.7140461657025331,9.28260015413293
ABid,40,0,90.0,3400.0,22.0,3399.8248457493287,154.53749298860586,0.7170832554289541,超過,0.33916989252198276,7.461737635483618
ABid,40,1,90.0,3400.0,30.0,3399.955171876792,113.33183906255974,0.2592426562506638,超過,0.630639466901188,18.919184007035643
ABid,40,2,90.0,3400.0,26.0,3399.9278201036414,130.76645461937082,0.4529606068818981,超過,0.4736879320620755,12.315886233613963
ABid,40,3,90.0,3400.0,21.0,3399.9144506613275,161.90068812672988,0.798896534741443,超過,0.30902074101247257,6.489435561261924
ABid,41,0,100.0,2650.0,31.0,2649.9433540258497,85.48204367825322,-0.14517956321746783,制約内,1.0,31.0
ABid,41,1,100.0,2650.0,19.0,2649.94134168018,139.47059693053578,0.39470596930535784,超過,0.5140847022558664,9.767609342861464
ABid,41,2,100.0,2650.0,10.0,2649.928205402073,264.99282054020733,1.6499282054020732,超過,0.14240714657508205,1.4240714657508198
ABid,41,3,100.0,2650.0,29.0,2649.9943335209405,91.37911494899795,-0.08620885051002047,制約内,1.0,29.0
ABid,42,0,110.0,2300.0,23.0,2299.9324345406544,99.9970623713328,-0.09093579662424722,制約内,1.0,23.0
ABid,42,1,110.0,2300.0,17.0,2299.9658178619993,135.2921069330588,0.22992824484598895,超過,0.661059346465764,11.238008889917989
ABid,42,2,110.0,2300.0,18.0,2299.95956457098,127.77553136505445,0.1615957396823131,超過,0.7411224668824634,13.340204403884341
ABid,42,3,110.0,2300.0,14.0,2299.987260667752,164.28480433341085,0.4934982212128258,超過,0.44832254670617583,6.276515653886458
ABid,43,0,80.0,4100.0,21.0,3199.7829743354096,152.37061782549569,0.9046327228186961,超過,0.27566238986767244,5.788910187221122
ABid,43,1,80.0,4100.0,50.0,4099.938546510037,81.99877093020073,0.02498463662750927,超過,0.9518429296730333,47.592146483651675
ABid,43,2,80.0,4100.0,26.0,1502.607016884113,57.79257757246588,-0.27759278034417645,制約内,1.0,26.0
ABid,43,3,80.0,4100.0,32.0,3174.9542450353806,99.21732015735564,0.24021650196694555,超過,0.650137158373979,20.80438906796732
ABid,44,0,60.0,4800.0,21.0,2328.693108603891,110.8901480287567,0.8481691338126116,超過,0.2927632598837638,6.14802845755904
ABid,44,1,60.0,4800.0,57.0,4799.957381339292,84.20977861998757,0.40349631033312616,超過,0.5076652649662544,28.936920103076503
ABid,44,2,60.0,4800.0,45.0,3410.8564537238544,75.79681008275232,0.26328016804587184,超過,0.6266147929890571,28.19766568450757
ABid,44,3,60.0,4800.0,45.0,3760.4871439633757,83.5663809769639,0.39277301628273165,超過,0.5155126321724093,23.198068447758416
ABid,45,0,70.0,4450.0,56.0,4449.940976425222,79.46323172187897,0.13518902459827098,超過,0.7760034157062958,43.45619127955257
ABid,45,1,70.0,4450.0,54.0,4449.970281470234,82.40685706426359,0.17724081520376567,超過,0.7215548969565488,38.96396443565362
ABid,45,2,70.0,4450.0,36.0,3926.3984288772526,109.06662302436813,0.5580946146338304,超過,0.41191949560943203,14.829101841939552
ABid,45,3,70.0,4450.0,29.0,3133.8124138867543,108.06249703057773,0.5437499575796818,超過,0.4196102445055836,12.168697090661924
ABid,46,0,130.0,2000.0,25.0,1999.9710916127685,79.99884366451074,-0.38462427950376354,制約内,1.0,25.0
ABid,46,1,130.0,2000.0,20.0,1999.900822234964,99.9950411117482,-0.23080737606347546,制約内,1.0,20.0
ABid,46,2,130.0,2000.0,13.0,1999.9802000872457,153.844630775942,0.18342023673801533,超過,0.7140391378527071,9.282508792085192
ABid,46,3,130.0,2000.0,10.0,1999.9684018315963,199.99684018315963,0.538437232178151,超過,0.42251335055056705,4.225133505505671
ABid,47,0,120.0,2050.0,11.0,2049.981853799934,186.3619867090849,0.5530165559090408,超過,0.4146176911859942,4.560794603045938
ABid,47,1,120.0,2050.0,16.0,2049.9985685997362,128.12491053748352,0.06770758781236252,超過,0.8771933725304726,14.035093960487554
ABid,47,2,120.0,2050.0,11.0,2049.909728102295,186.35542982748137,0.5529619152290115,超過,0.41464686819404883,4.561115550134537
ABid,47,3,120.0,2050.0,22.0,2049.960507994468,93.18002309065764,-0.22349980757785304,制約内,1.0,22.0
BC,0,0,100.0,2900.0,36.0,2899.905082360235,80.55291895445097,-0.1944708104554903,制約内,1.0,36.0
BC,0,1,100.0,2900.0,1.0,244.45032956151903,244.45032956151903,1.4445032956151902,超過,0.1673473139036977,0.1673473139036977
BC,0,2,100.0,2900.0,30.0,2899.9589634287904,96.66529878095967,-0.03334701219040326,制約内,1.0,30.0
BC,0,3,100.0,2900.0,30.0,2524.5122354590803,84.15040784863601,-0.1584959215136399,制約内,1.0,30.0
BC,1,0,70.0,4350.0,48.0,4161.613138888662,86.70027372684713,0.23857533895495897,超過,0.6518612165225396,31.2893383930819
BC,1,1,70.0,4350.0,15.0,1820.3764898183172,121.35843265455448,0.7336918950650639,超過,0.33270257505539264,4.990538625830893
BC,1,2,70.0,4350.0,43.0,4306.083110427799,100.14146768436741,0.43059239549096295,超過,0.48861655308166585,21.01051178251165
BC,1,3,70.0,4350.0,51.0,4007.0361364107384,78.5693360080537,0.12241908582933858,超過,0.7937612875956035,40.48182566737578
BC,2,0,90.0,3000.0,41.0,2991.810345100212,72.97098402683444,-0.18921128859072844,制約内,1.0,41.0
BC,2,1,90.0,3000.0,5.0,183.66423223106324,36.73284644621265,-0.5918572617087483,制約内,1.0,5.0
BC,2,2,90.0,3000.0,38.0,2999.9931474137006,78.94718808983423,-0.12280902122406412,制約内,1.0,38.0
BC,2,3,90.0,3000.0,32.0,2937.3816542914806,91.79317669660877,0.019924185517875115,超過,0.9613116805333899,30.761973777068476
BC,3,0,110.0,2400.0,14.0,1999.7757089943948,142.8411220710282,0.29855565519116545,超過,0.5930330045182333,8.302462063255266
BC,3,1,110.0,2400.0,0.0,79.01563934540276,,,購入0・支払いあり,1.9380244568862706e-20,0.0
BC,3,2,110.0,2400.0,22.0,2399.967403864065,109.08942744836659,-0.00827793228757645,制約内,1.0,22.0
BC,3,3,110.0,2400.0,1.0,135.83791006719414,135.83791006719414,0.23489009151994678,超過,0.6557576838846367,0.6557576838846371
BC,4,0,60.0,4800.0,43.0,4758.54334074434,110.66379862196139,0.8443966436993564,超過,0.29396210831120845,12.640370657381963
BC,4,1,60.0,4800.0,10.0,1040.7004982173685,104.07004982173684,0.7345008303622806,超過,0.33239231623000587,3.323923162300061
BC,4,2,60.0,4800.0,57.0,4622.056281663896,81.08870669585782,0.3514784449309638,超過,0.5474970117923338,31.207329672163045
BC,4,3,60.0,4800.0,32.0,2181.3430767705768,68.16697114908052,0.13611618581800866,超過,0.7747373714322516,24.791595885832052
BC,5,0,130.0,2000.0,19.0,1999.9104452108177,105.25844448477987,-0.19031965780938565,制約内,1.0,19.0
BC,5,1,130.0,2000.0,7.0,964.945024684497,137.84928924064243,0.06037914800494182,超過,0.8893601015213943,6.225520710649759
BC,5,2,130.0,2000.0,29.0,1999.9709052266348,68.96451397333223,-0.46950373866667516,制約内,1.0,29.0
BC,5,3,130.0,2000.0,3.0,331.3559336279408,110.45197787598026,-0.15036940095399798,制約内,1.0,3.0
BC,6,0,120.0,2050.0,29.0,2049.9173043709175,70.68680359899716,-0.4109433033416904,制約内,1.0,29.0
BC,6,1,120.0,2050.0,8.0,716.10808069993,89.51351008749126,-0.25405408260423956,制約内,1.0,8.0
BC,6,2,120.0,2050.0,26.0,2038.5046068526156,78.40402334048521,-0.3466331388292899,制約内,1.0,26.0
BC,6,3,120.0,2050.0,33.0,2049.9717104234187,62.12035486131572,-0.4823303761557024,制約内,1.0,33.0
BC,7,0,80.0,3500.0,46.0,3499.9508982588504,76.0858890925837,-0.04892638634270374,制約内,1.0,46.0
BC,7,1,80.0,3500.0,12.0,1010.1220228563825,84.17683523803187,0.05221044047539847,超過,0.9032225808156668,10.838670969788001
BC,7,2,80.0,3500.0,53.0,3499.962714830759,66.03703235529734,-0.17453709555878327,制約内,1.0,53.0
BC,7,3,80.0,3500.0,53.0,3084.7035685842884,58.201954124231854,-0.2724755734471018,制約内,1.0,53.0
BC,8,0,70.0,4600.0,57.0,3879.3137987573464,68.05813682030433,-0.02774090256708106,制約内,1.0,57.0
BC,8,1,70.0,4600.0,49.0,4599.954527445896,93.87662300909992,0.341094614415713,超過,0.5560081570649581,27.244399696182942
BC,8,2,70.0,4600.0,13.0,2261.092769858489,173.93021306603762,1.4847173295148233,超過,0.1619742665626453,2.105665465314388
BC,8,3,70.0,4600.0,44.0,4599.930993256865,104.54388621038329,0.49348408871976135,超過,0.4483310314859112,19.72656538538009
BC,9,0,130.0,2000.0,28.0,1999.9197221660017,71.42570436307149,-0.4505715048994501,制約内,1.0,28.0
BC,9,1,130.0,2000.0,23.0,1999.979615451059,86.95563545439387,-0.3311104965046625,制約内,1.0,23.0
BC,9,2,130.0,2000.0,13.0,930.5480933569886,71.5806225659222,-0.44937982641598306,制約内,1.0,13.0
BC,9,3,130.0,2000.0,28.0,1999.9457168071185,71.42663274311137,-0.4505643635145279,制約内,1.0,28.0
BC,10,0,100.0,2800.0,14.0,1315.0042027208276,93.92887162291626,-0.06071128377083734,制約内,1.0,14.0
BC,10,1,100.0,2800.0,28.0,2799.992381933919,99.9997279262114,-2.7207378859861464e-06,制約内,1.0,28.0
BC,10,2,100.0,2800.0,14.0,1059.8775588545561,75.70553991818258,-0.24294460081817415,制約内,1.0,14.0
BC,10,3,100.0,2800.0,23.0,2799.984128702527,121.73844037837074,0.21738440378370738,超過,0.6747525473696913,15.519308589502899
BC,11,0,110.0,2350.0,24.0,1876.3320491172017,78.18050204655007,-0.28926816321318116,制約内,1.0,24.0
BC,11,1,110.0,2350.0,31.0,2349.980605930619,75.8058259977619,-0.31085612729307366,制約内,1.0,31.0
BC,11,2,110.0,2350.0,1.0,166.9425469861468,166.9425469861468,0.5176595180558798,超過,0.4341614911715654,0.4341614911715653
BC,11,3,110.0,2350.0,30.0,2349.953848698669,78.3317949566223,-0.28789277312161543,制約内,1.0,30.0
BC,12,0,120.0,2050.0,14.0,814.7441921449592,58.19601372463995,-0.5150332189613338,制約内,1.0,14.0
BC,12,1,120.0,2050.0,28.0,2049.8912492130976,73.21040175761063,-0.3899133186865781,制約内,1.0,28.0
BC,12,2,120.0,2050.0,28.0,2049.829140476267,73.20818358843812,-0.38993180342968237,制約内,1.0,28.0
BC,12,3,120.0,2050.0,14.0,2049.9049772645076,146.42178409032198,0.22018153408601648,超過,0.6716625030639197,9.403275042894876
BC,13,0,90.0,2900.0,31.0,2876.7334003491774,92.79785162416701,0.031087240268522276,超過,0.9406090978008776,29.15888203182718
BC,13,1,90.0,2900.0,23.0,2899.9555441738157,126.08502365973112,0.4009447073303458,超過,0.5095162157689165,11.71887296268508
BC,13,2,90.0,2900.0,16.0,1966.255326923439,122.89095793271494,0.36545508814127703,超過,0.5363461404359585,8.58153824697533
BC,13,3,90.0,2900.0,18.0,2899.957823158772,161.1087679532651,0.7900974217029455,超過,0.31206615206482186,5.617190737166793
BC,14,0,60.0,4750.0,70.0,4749.829706693928,67.85471009562754,0.13091183492712566,超過,0.7818843168595726,54.73190218017008
BC,14,1,60.0,4750.0,37.0,4749.961402496963,128.37733520262063,1.1396222533770106,超過,0.2184367909266794,8.082161264287137
BC,14,2,60.0,4750.0,13.0,1800.1291465844445,138.47147281418805,1.3078578802364675,超過,0.18775083528155656,2.440760858660237
BC,14,3,60.0,4750.0,21.0,4749.912499166484,226.18630948411828,2.769771824735305,超過,0.07036713541112302,1.4777098436335834
BC,15,0,80.0,3450.0,12.0,1409.5831821452175,117.46526517876812,0.4683158147346016,超過,0.46383236266293104,5.565988351955169
BC,15,1,80.0,3450.0,29.0,3449.9516501285425,118.9638500044325,0.4870481250554062,超過,0.45222019458181323,13.114385642872584
BC,15,2,80.0,3450.0,18.0,2418.760248068507,134.37556933713927,0.6796946167142408,超過,0.3544372345137504,6.379870221247508
BC,15,3,80.0,3450.0,51.0,3433.4979430865114,67.32348908012767,-0.1584563864984041,制約内,1.0,51.0
BC,16,0,130.0,2000.0,23.0,1916.3260423839756,83.31852358191199,-0.3590882801391385,制約内,1.0,23.0
BC,16,1,130.0,2000.0,25.0,1913.1713859577144,76.52685543830857,-0.4113318812437802,制約内,1.0,25.0
BC,16,2,130.0,2000.0,20.0,1940.8555832064908,97.04277916032454,-0.25351708338211887,制約内,1.0,20.0
BC,16,3,130.0,2000.0,29.0,1999.9321197430568,68.96317654286403,-0.4695140265933536,制約内,1.0,29.0
BC,17,0,80.0,3500.0,43.0,2910.569579401809,67.68766463725137,-0.1539041920343578,制約内,1.0,43.0
BC,17,1,80.0,3500.0,6.0,539.2223693643509,89.87039489405849,0.12337993617573106,超過,0.792404027064598,4.754424162387588
BC,17,2,80.0,3500.0,34.0,2361.595086657424,69.458679019336,-0.13176651225829994,制約内,1.0,34.0
BC,17,3,80.0,3500.0,35.0,3499.9142047697806,99.99754870770802,0.2499693588463503,超過,0.6400313776974486,22.4010982194107
BC,18,0,110.0,2200.0,23.0,2142.766996674529,93.16378246410996,-0.1530565230535459,制約内,1.0,23.0
BC,18,1,110.0,2200.0,26.0,2184.5393541772382,84.02074439143225,-0.23617505098697955,制約内,1.0,26.0
BC,18,2,110.0,2200.0,9.0,1001.5593547441927,111.28437274935474,0.011676115903225037,超過,0.9770504876102004,8.7934543884918
BC,18,3,110.0,2200.0,29.0,2199.9074531576225,75.85887769509043,-0.3103738391355416,制約内,1.0,29.0
BC,19,0,100.0,2700.0,43.0,2650.9152506993605,61.64919187672931,-0.38350808123270685,制約内,1.0,43.0
BC,19,1,100.0,2700.0,31.0,2646.94741211661,85.38540039085838,-0.1461459960914162,制約内,1.0,31.0
BC,19,2,100.0,2700.0,36.0,2693.5001114150045,74.81944753930568,-0.25180552460694317,制約内,1.0,36.0
BC,19,3,100.0,2700.0,41.0,2699.9014954740974,65.8512559871731,-0.3414874401282689,制約内,1.0,41.0
BC,20,0,90.0,3100.0,5.0,448.27086970663754,89.65417394132751,-0.003842511763027634,制約内,1.0,5.0
BC,20,1,90.0,3100.0,17.0,1371.8016445200897,80.69421438353469,-0.10339761796072566,制約内,1.0,17.0
BC,20,2,90.0,3100.0,30.0,3099.931953860145,103.3310651286715,0.14812294587412778,超過,0.7586181110232226,22.758543330696675
BC,20,3,90.0,3100.0,29.0,3099.9156394499164,106.8936427396523,0.1877071415516922,超過,0.7088939408556315,20.557924284813307
BC,21,0,120.0,2100.0,34.0,2099.855089444992,61.76044380720564,-0.48532963493995296,制約内,1.0,34.0
BC,21,1,120.0,2100.0,20.0,1833.45209499436,91.672604749718,-0.23606162708568335,制約内,1.0,20.0
BC,21,2,120.0,2100.0,22.0,2099.912020885407,95.45054640388213,-0.20457877996764895,制約内,1.0,22.0
BC,21,3,120.0,2100.0,28.0,2099.963259610862,74.99868784324508,-0.3750109346396243,制約内,1.0,28.0
BC,22,0,60.0,4850.0,68.0,4724.354165142014,69.47579654620608,0.15792994243676817,超過,0.7458224146955349,50.715924199296374
BC,22,1,60.0,4850.0,6.0,969.0988914784057,161.51648191306762,1.6919413652177937,超過,0.13799673399427864,0.8279804039656719
BC,22,2,60.0,4850.0,58.0,4845.257674071874,83.53892541503231,0.3923154235838717,超過,0.5158515404060051,29.91938934354829
BC,22,3,60.0,4850.0,63.0,4849.913046505761,76.9827467699327,0.2830457794988783,超過,0.6074572156247019,38.26980458435624
BC,23,0,70.0,4100.0,51.0,4081.4879789940155,80.02917605870618,0.1432739436958026,超過,0.7650668573535209,39.01840972502956
BC,23,1,70.0,4100.0,30.0,2892.149926347035,96.40499754490116,0.3772142506414451,超過,0.5272262003017936,15.816786009053807
BC,23,2,70.0,4100.0,59.0,4013.944388570625,68.03295573848517,-0.02810063230735471,制約内,1.0,59.0
BC,23,3,70.0,4100.0,41.0,4099.9658554605385,99.9991672063546,0.42855953151935133,超過,0.4900081614810874,20.090334620724587
BC,24,0,120.0,2000.0,17.0,1503.1990617816616,88.42347422245068,-0.26313771481291104,制約内,1.0,17.0
BC,24,1,120.0,2000.0,5.0,770.1851657483284,154.03703314966566,0.28364194291388056,超過,0.6068931024623934,3.034465512311964
BC,24,2,120.0,2000.0,12.0,1612.2417862150078,134.35348218458398,0.11961235153819993,超過,0.7977460052322515,9.57295206278702
BC,24,3,120.0,2000.0,7.0,311.5582289597131,44.50831842281616,-0.6290973464765319,制約内,1.0,7.0
BC,25,0,60.0,4800.0,13.0,603.8416680309642,46.44935907930494,-0.2258440153449176,制約内,1.0,13.0
BC,25,1,60.0,4800.0,31.0,2229.8723105483523,71.93136485639846,0.19885608093997442,超過,0.6957703204076698,21.56887993263778
BC,25,2,60.0,4800.0,43.0,3439.468683525068,79.98764380290856,0.3331273967151427,超過,0.5626737992873635,24.194973369356646
BC,25,3,60.0,4800.0,45.0,2228.045966815082,49.51213259589071,-0.17479779006848817,制約内,1.0,45.0
BC,26,0,90.0,3050.0,20.0,1384.548501706839,69.22742508534195,-0.230806387940645,制約内,1.0,20.0
BC,26,1,90.0,3050.0,18.0,1493.4005699459522,82.96669833033067,-0.07814779632965918,制約内,1.0,18.0
BC,26,2,90.0,3050.0,34.0,2943.1185439240608,86.56231011541355,-0.0381965542731828,制約内,1.0,34.0
BC,26,3,90.0,3050.0,18.0,1128.7703965864994,62.709466477027746,-0.3032281502552473,制約内,1.0,18.0
BC,27,0,70.0,4250.0,4.0,1038.262394156304,259.565598539076,2.708079979129657,超過,0.0727280284061577,0.2909121136246308
BC,27,1,70.0,4250.0,53.0,4104.984761898079,77.45254267732226,0.106464895390318,超過,0.8168169109924599,43.29129628260038
BC,27,2,70.0,4250.0,39.0,4162.84806940636,106.73969408734257,0.5248527726763224,超過,0.430074974676864,16.772924012397684
BC,27,3,70.0,4250.0,2.0,128.95536585805954,64.47768292902977,-0.0788902438710033,制約内,1.0,2.0
BC,28,0,100.0,2850.0,29.0,2451.7050726439893,84.54155422910308,-0.15458445770896911,制約内,1.0,29.0
BC,28,1,100.0,2850.0,39.0,2849.8242206512255,73.07241591413398,-0.2692758408586602,制約内,1.0,39.0
BC,28,2,100.0,2850.0,29.0,2790.468064904999,96.22303672086204,-0.03776963279137957,制約内,1.0,29.0
BC,28,3,100.0,2850.0,17.0,1394.154608046837,82.00909459099041,-0.17990905409009583,制約内,1.0,17.0
BC,29,0,110.0,2250.0,15.0,1133.7964342843627,75.58642895229085,-0.31285064588826506,制約内,1.0,15.0
BC,29,1,110.0,2250.0,39.0,2217.044910702246,56.84730540262169,-0.483206314521621,制約内,1.0,39.0
BC,29,2,110.0,2250.0,18.0,2220.469052333943,123.35939179633017,0.12144901633027438,超過,0.7951351113524127,14.312432004343428
BC,29,3,110.0,2250.0,3.0,165.42037384729304,55.14012461576434,-0.4987261398566878,制約内,1.0,3.0
BC,30,0,130.0,2000.0,8.0,1065.8744508861735,133.23430636077168,0.024879279698243773,超過,0.9520386374318487,7.6163090994547895
BC,30,1,130.0,2000.0,25.0,1925.4138778224456,77.01655511289782,-0.4075649606700168,制約内,1.0,25.0
BC,30,2,130.0,2000.0,18.0,1924.1427627780736,106.89682015433742,-0.1777167680435583,制約内,1.0,18.0
BC,30,3,130.0,2000.0,10.0,1195.5224030799445,119.55224030799445,-0.08036738224619655,制約内,1.0,10.0
BC,31,0,80.0,3900.0,41.0,2630.7375446395963,64.16433035706332,-0.19794587053670853,制約内,1.0,41.0
BC,31,1,80.0,3900.0,62.0,3783.617688402205,61.026091748422665,-0.23717385314471673,制約内,1.0,62.0
BC,31,2,80.0,3900.0,32.0,3452.0849389934233,107.87765434354448,0.348470679294306,超過,0.5499421212866435,17.598147881172604
BC,31,3,80.0,3900.0,12.0,1169.958421939537,97.49653516162807,0.21870668952035088,超過,0.6732891408736905,8.07946969048428
BC,32,0,120.0,2000.0,26.0,1999.9512025199597,76.92120009692152,-0.35898999919232066,制約内,1.0,26.0
BC,32,1,120.0,2000.0,27.0,1999.9511368612639,74.07226432819496,-0.38273113059837527,制約内,1.0,27.0
BC,32,2,120.0,2000.0,8.0,886.2064057934805,110.77580072418506,-0.07686832729845783,制約内,1.0,8.0
BC,32,3,120.0,2000.0,25.0,1999.9253259331447,79.99701303732579,-0.3333582246889518,制約内,1.0,25.0
BC,33,0,90.0,3250.0,45.0,3249.922291247077,72.22049536104615,-0.19755005154393168,制約内,1.0,45.0
BC,33,1,90.0,3250.0,44.0,3249.9620250879075,73.86277329745245,-0.17930251891719506,制約内,1.0,44.0
BC,33,2,90.0,3250.0,20.0,2066.4604133712664,103.32302066856332,0.1480335629840368,超過,0.7587362436676552,15.174724873353114
BC,33,3,90.0,3250.0,45.0,3249.9141317687872,72.22031403930639,-0.19755206622992905,制約内,1.0,45.0
BC,34,0,70.0,4450.0,31.0,3049.3375610117814,98.3657277745736,0.40522468249390853,超過,0.5064172155754116,15.698933682837758
BC,34,1,70.0,4450.0,60.0,4420.615147578517,73.67691912630862,0.052527416090123014,超過,0.9026786397754548,54.16071838652727
BC,34,2,70.0,4450.0,38.0,2135.280787107476,56.19159966072306,-0.19726286198967058,制約内,1.0,38.0
BC,34,3,70.0,4450.0,60.0,4426.7813570638045,73.77968928439674,0.05399556120566773,超過,0.9001656496201997,54.00993897721199
BC,35,0,80.0,3550.0,54.0,3549.922778486996,65.73931071272214,-0.17825861609097315,制約内,1.0,54.0
BC,35,1,80.0,3550.0,63.0,3458.7641684853493,54.9010185473865,-0.3137372681576688,制約内,1.0,63.0
BC,35,2,80.0,3550.0,1.0,191.24231730233438,191.24231730233438,1.39052896627918,超過,0.1749894955451601,0.17498949554516016
BC,35,3,80.0,3550.0,42.0,3549.91715460668,84.52183701444476,0.05652296268055945,超過,0.8958640700796082,37.62629094334355
BC,36,0,100.0,2700.0,38.0,2684.061990202917,70.63321026849782,-0.29366789731502185,制約内,1.0,38.0
BC,36,1,100.0,2700.0,27.0,2699.937876575071,99.99769913241005,-2.300867589954958e-05,制約内,1.0,27.0
BC,36,2,100.0,2700.0,18.0,1479.1084069697495,82.17268927609719,-0.17827310723902812,制約内,1.0,18.0
BC,36,3,100.0,2700.0,40.0,2699.944135416928,67.4986033854232,-0.32501396614576805,制約内,1.0,40.0
BC,37,0,110.0,2100.0,17.0,2049.483679828177,120.55786351930453,0.09598057744822297,超過,0.8325192501306958,14.15282725222183
BC,37,1,110.0,2100.0,27.0,2099.9459635139638,77.7757764264431,-0.2929474870323354,制約内,1.0,27.0
BC,37,2,110.0,2100.0,28.0,1874.4845576259972,66.94587705807133,-0.39140111765389696,制約内,1.0,28.0
BC,37,3,110.0,2100.0,17.0,2099.939380953981,123.52584593846947,0.1229622358042679,超過,0.7929936265971634,13.480891652151778
BC,38,0,60.0,4650.0,47.0,4649.974517591635,98.93562803386457,0.6489271338977429,超過,0.3677875897992835,17.286016720566312
BC,38,1,60.0,4650.0,56.0,4598.233869696092,82.11131910171594,0.368521985028599,超過,0.5339449000091503,29.900914400512423
BC,38,2,60.0,4650.0,22.0,1670.0049939153646,75.90931790524384,0.2651552984207306,超過,0.6247587146265218,13.744691721783479
BC,38,3,60.0,4650.0,48.0,4649.990578983978,96.87480372883287,0.6145800621472146,超過,0.3836019706066498,18.41289458911919
BC,39,0,130.0,2000.0,23.0,1999.9673383907607,86.95510166916351,-0.3311146025448961,制約内,1.0,23.0
BC,39,1,130.0,2000.0,29.0,1999.9587367989752,68.96409437237845,-0.4695069663663196,制約内,1.0,29.0
BC,39,2,130.0,2000.0,19.0,1285.2440533805407,67.64442386213372,-0.47965827798358673,制約内,1.0,19.0
BC,39,3,130.0,2000.0,22.0,1999.9758854729741,90.9079947942261,-0.3007077323521069,制約内,1.0,22.0
BC,40,0,90.0,3400.0,9.0,1293.1916423245218,143.6879602582802,0.596532891758669,超過,0.39232344259969043,3.530910983397214
BC,40,1,90.0,3400.0,38.0,3353.943272486521,88.26166506543477,-0.019314832606280308,制約内,1.0,38.0
BC,40,2,90.0,3400.0,32.0,3325.463309983247,103.92072843697647,0.15467476041084982,超過,0.7500334876878685,24.00107160601179
BC,40,3,90.0,3400.0,11.0,1630.3671140331571,148.21519218483246,0.6468354687203606,超過,0.36872244583622243,4.05594690419845
BC,41,0,100.0,2650.0,30.0,2631.792648397945,87.72642161326483,-0.12273578386735162,制約内,1.0,30.0
BC,41,1,100.0,2650.0,17.0,1773.750724464164,104.33827790965671,0.04338277909656707,超過,0.9185708747492632,15.61570487073748
BC,41,2,100.0,2650.0,27.0,2649.9623284233835,98.14675290456977,-0.018532470954302327,制約内,1.0,27.0
BC,41,3,100.0,2650.0,26.0,1826.7699881994934,70.26038416151897,-0.29739615838481026,制約内,1.0,26.0
BC,42,0,110.0,2300.0,21.0,2299.9384607876887,109.52087908512803,-0.0043556446806543025,制約内,1.0,21.0
BC,42,1,110.0,2300.0,33.0,2299.923121159871,69.6946400351476,-0.36641236331684,制約内,1.0,33.0
BC,42,2,110.0,2300.0,30.0,2299.9056635344823,76.66352211781607,-0.30305888983803575,制約内,1.0,30.0
BC,42,3,110.0,2300.0,10.0,1179.0532235632309,117.90532235632308,0.0718665668756644,超過,0.8703993345725387,8.703993345725392
BC,43,0,80.0,4100.0,16.0,1642.7675866110087,102.67297416318804,0.28341217703985055,超過,0.6071104228178358,9.713766765085374
BC,43,1,80.0,4100.0,64.0,4053.7850399604613,63.34039124938221,-0.20824510938272245,制約内,1.0,64.0
BC,43,2,80.0,4100.0,10.0,689.506513036911,68.9506513036911,-0.13811685870386126,制約内,1.0,10.0
BC,43,3,80.0,4100.0,5.0,463.4078988382698,92.68157976765396,0.1585197470956745,超過,0.7450632087426066,3.7253160437130344
BC,44,0,60.0,4800.0,22.0,2273.5492984648135,103.3431499302188,0.7223858321703134,超過,0.3370847546420166,7.4158646021243655
BC,44,1,60.0,4800.0,61.0,4799.965286598344,78.68795551800565,0.3114659253000942,超過,0.5814146595036047,35.466294229719885
BC,44,2,60.0,4800.0,54.0,4407.606115690833,81.62233547575616,0.3603722579292694,超過,0.5403615844260126,29.179525559004677
BC,44,3,60.0,4800.0,39.0,3188.8683570848666,81.76585530986837,0.36276425516447275,超過,0.5384663057090644,21.00018592265351
BC,45,0,70.0,4450.0,57.0,4327.560446863987,75.92211310287696,0.08460161575538527,超過,0.8500794270323283,48.45452734084273
BC,45,1,70.0,4450.0,63.0,4429.141205038967,70.30382865141218,0.004340409305888304,超過,0.9913753735342118,62.45664853265534
BC,45,2,70.0,4450.0,11.0,1446.888298041455,131.53529982195047,0.8790757117421497,超過,0.28321186368566414,3.115330500542307
BC,45,3,70.0,4450.0,10.0,960.2586159733935,96.02586159733934,0.37179802281913354,超過,0.5313976810383284,5.313976810383286
BC,46,0,130.0,2000.0,13.0,1958.8246123746737,150.67881633651336,0.1590678179731797,超過,0.7443587617620249,9.67666390290632
BC,46,1,130.0,2000.0,36.0,1999.9715367682518,55.55476491022922,-0.5726556545366983,制約内,1.0,36.0
BC,46,2,130.0,2000.0,26.0,1964.3386629159725,75.55148703522971,-0.4188347151136176,制約内,1.0,26.0
BC,46,3,130.0,2000.0,27.0,1948.8154909279092,72.17835151584849,-0.4447819114165501,制約内,1.0,27.0
BC,47,0,120.0,2050.0,14.0,2049.9341848730223,146.42387034807302,0.2201989195672751,超過,0.6716433634097484,9.40300708773647
BC,47,1,120.0,2050.0,39.0,2049.985359063347,52.56372715547044,-0.5619689403710797,制約内,1.0,39.0
BC,47,2,120.0,2050.0,19.0,1568.8882885988332,82.57306782099123,-0.3118911014917398,制約内,1.0,19.0
BC,47,3,120.0,2050.0,34.0,1928.5118788107297,56.720937612080284,-0.527325519899331,制約内,1.0,34.0
BCQ,0,0,100.0,2900.0,35.0,2899.973997349044,82.8563999242584,-0.17143600075741605,制約内,1.0,35.0
BCQ,0,1,100.0,2900.0,2.0,256.8737811783732,128.4368905891866,0.2843689058918659,超過,0.6062062843159535,1.212412568631907
BCQ,0,2,100.0,2900.0,27.0,2899.946582590423,107.40542898483048,0.07405428984830476,超過,0.8668571424604582,23.405142846432373
BCQ,0,3,100.0,2900.0,28.0,2899.9679542551294,103.57028408054033,0.035702840805403424,超過,0.932244146366269,26.10283609825554
BCQ,1,0,70.0,4350.0,36.0,3117.7639758790738,86.60455488552982,0.23720792693614023,超過,0.6533029393377292,23.518905816158245
BCQ,1,1,70.0,4350.0,14.0,1058.7737399672997,75.62669571194998,0.08038136731357115,超過,0.8567336575329488,11.994271205461287
BCQ,1,2,70.0,4350.0,45.0,4349.960280372844,96.66578400828543,0.3809397715469347,超過,0.5243853193914025,23.597339372613114
BCQ,1,3,70.0,4350.0,47.0,3694.886265226501,78.61460138779789,0.12306573411139854,超過,0.792847473585173,37.263831258503146
BCQ,2,0,90.0,3000.0,37.0,2999.903741950973,81.07847951218847,-0.09912800542012812,制約内,1.0,37.0
BCQ,2,1,90.0,3000.0,3.0,156.98650146810138,52.32883382270046,-0.418568513081106,制約内,1.0,3.0
BCQ,2,2,90.0,3000.0,26.0,2999.994272017912,115.384395077612,0.2820488341956888,超過,0.6084023232798141,15.818460405275168
BCQ,2,3,90.0,3000.0,28.0,2876.228257014148,102.72243775050528,0.14136041945005862,超過,0.7676343218555681,21.4937610119559
BCQ,3,0,110.0,2400.0,16.0,2240.7521355002846,140.04700846876779,0.27315462244334343,超過,0.6169325684353942,9.870921094966308
BCQ,3,1,110.0,2400.0,2.0,163.63104088405828,81.81552044202914,-0.2562225414360987,制約内,1.0,2.0
BCQ,3,2,110.0,2400.0,22.0,2399.9941991652836,109.0906454166038,-0.008266859849056285,制約内,1.0,22.0
BCQ,3,3,110.0,2400.0,3.0,482.01514573800324,160.67171524600107,0.4606519567818279,超過,0.46871247252614573,1.4061374175784367
BCQ,4,0,60.0,4800.0,47.0,3794.3173145881965,80.7301556295361,0.34550259382560156,超過,0.5523710657841825,25.961440091856577
BCQ,4,1,60.0,4800.0,12.0,1138.3356139811265,94.86130116509388,0.581021686084898,超過,0.40005927728969637,4.800711327476355
BCQ,4,2,60.0,4800.0,52.0,4799.973528867685,92.30718324745547,0.5384530541242578,超過,0.4225046600615099,21.97024232319852
BCQ,4,3,60.0,4800.0,29.0,1946.7808760608973,67.13037503658266,0.11883958394304428,超過,0.7988483708625267,23.166602755013272
BCQ,5,0,130.0,2000.0,21.0,1999.8887074187587,95.23279559136947,-0.26744003391254256,制約内,1.0,21.0
BCQ,5,1,130.0,2000.0,6.0,909.7710862897649,151.62851438162747,0.16637318755098063,超過,0.7350636467672207,4.410381880603325
BCQ,5,2,130.0,2000.0,27.0,1999.9459274183637,74.07207138586533,-0.4302148354933436,制約内,1.0,27.0
BCQ,5,3,130.0,2000.0,4.0,588.5895830671503,147.14739576678758,0.13190304435990452,超過,0.7805155216199641,3.1220620864798563
BCQ,6,0,120.0,2050.0,29.0,2049.9195136645726,70.68687978153699,-0.41094266848719174,制約内,1.0,29.0
BCQ,6,1,120.0,2050.0,5.0,501.6302831311265,100.3260566262253,-0.16394952811478924,制約内,1.0,5.0
BCQ,6,2,120.0,2050.0,29.0,2049.9361217777177,70.68745247509372,-0.4109378960408857,制約内,1.0,29.0
BCQ,6,3,120.0,2050.0,21.0,2049.9272983887827,97.61558563756108,-0.18653678635365767,制約内,1.0,21.0
BCQ,7,0,80.0,3500.0,47.0,3499.9188366649178,74.46635822691314,-0.06917052216358566,制約内,1.0,47.0
BCQ,7,1,80.0,3500.0,16.0,1274.880289207267,79.68001807545419,-0.003999774056822725,制約内,1.0,16.0
BCQ,7,2,80.0,3500.0,43.0,3499.9408314078064,81.39397282343735,0.017424660292966854,超過,0.9660408254345658,41.539755493686314
BCQ,7,3,80.0,3500.0,54.0,3499.9743504015746,64.81433982225138,-0.18982075222185768,制約内,1.0,54.0
BCQ,8,0,70.0,4600.0,55.0,3874.298470519396,70.44179037307993,0.006311291043998857,超過,0.9874959173948288,54.31227545671561
BCQ,8,1,70.0,4600.0,56.0,4599.969537538188,82.14231317032478,0.17346161671892557,超過,0.7262099963644123,40.66775979640709
BCQ,8,2,70.0,4600.0,19.0,3154.846801826902,166.04456851720536,1.3720652645315052,超過,0.17772426716065792,3.3767610760524978
BCQ,8,3,70.0,4600.0,49.0,4599.981733011218,93.87717822471873,0.3411025460674104,超過,0.5560015803120995,27.244077435292873
BCQ,9,0,130.0,2000.0,24.0,1999.900265341097,83.32917772254571,-0.3590063252111868,制約内,1.0,24.0
BCQ,9,1,130.0,2000.0,27.0,1999.9642579637903,74.0727502949552,-0.43020961311572925,制約内,1.0,27.0
BCQ,9,2,130.0,2000.0,25.0,1767.7790371918493,70.71116148767398,-0.456067988556354,制約内,1.0,25.0
BCQ,9,3,130.0,2000.0,19.0,1999.958364087207,105.26096653090563,-0.19030025745457202,制約内,1.0,19.0
BCQ,10,0,100.0,2800.0,12.0,936.5472909979799,78.045607583165,-0.2195439241683501,制約内,1.0,12.0
BCQ,10,1,100.0,2800.0,31.0,2799.9500930291033,90.3209707428743,-0.09679029257125704,制約内,1.0,31.0
BCQ,10,2,100.0,2800.0,19.0,1609.4091270519348,84.7057435290492,-0.15294256470950796,制約内,1.0,19.0
BCQ,10,3,100.0,2800.0,35.0,2799.9952235966343,79.99986353133241,-0.20000136468667595,制約内,1.0,35.0
BCQ,11,0,110.0,2350.0,29.0,2070.1682923050075,71.38511352775888,-0.3510444224749193,制約内,1.0,29.0
BCQ,11,1,110.0,2350.0,21.0,2349.904784953546,111.90022785493076,0.017274798681188752,超過,0.9663254743844011,20.292834962072412
BCQ,11,2,110.0,2350.0,2.0,262.15065432861473,131.07532716430737,0.1915938833118851,超過,0.7042769415857626,1.4085538831715256
BCQ,11,3,110.0,2350.0,33.0,2349.9981364875134,71.21206474204587,-0.35261759325412845,制約内,1.0,33.0
BCQ,12,0,120.0,2050.0,17.0,1421.362989050733,83.60958759121958,-0.30325343673983685,制約内,1.0,17.0
BCQ,12,1,120.0,2050.0,25.0,2049.9588451039804,81.99835380415921,-0.3166803849653399,制約内,1.0,25.0
BCQ,12,2,120.0,2050.0,20.0,2049.920526594607,102.49602632973036,-0.14586644725224707,制約内,1.0,20.0
BCQ,12,3,120.0,2050.0,15.0,2049.9712923700854,136.66475282467235,0.1388729402056028,超過,0.7709912542683175,11.564868814024756
BCQ,13,0,90.0,2900.0,32.0,2899.9480773957976,90.62337741861867,0.006926415762429805,超過,0.9862897764125966,31.561272845203106
BCQ,13,1,90.0,2900.0,40.0,2899.9989583226507,72.49997395806626,-0.19444473379926375,制約内,1.0,40.0
BCQ,13,2,90.0,2900.0,25.0,2511.381019716344,100.45524078865375,0.11616934209615293,超過,0.8026751556122983,20.066878890307464
BCQ,13,3,90.0,2900.0,18.0,2899.968879283926,161.10938218244033,0.7901042464715593,超過,0.31206377256628226,5.617147906193081
BCQ,14,0,60.0,4750.0,70.0,4749.999511026963,67.85713587181375,0.13095226453022923,超過,0.7818284158130467,54.72798910691325
BCQ,14,1,60.0,4750.0,54.0,4749.9848774871425,87.96268291642856,0.4660447152738094,超過,0.4652705525751926,25.124609839060412
BCQ,14,2,60.0,4750.0,6.0,1376.638391852209,229.43973197536818,2.823995532922803,超過,0.06838569224034846,0.41031415344209077
BCQ,14,3,60.0,4750.0,50.0,4749.96099382644,94.9992198765288,0.58332033127548,超過,0.3988985181033139,19.944925905165693
BCQ,15,0,80.0,3450.0,10.0,1149.6420162000413,114.96420162000413,0.4370525202500517,超過,0.48423337442263514,4.842333744226352
BCQ,15,1,80.0,3450.0,35.0,3449.9353831524877,98.56958237578536,0.2321197796973169,超過,0.6587098245888985,23.054843860611438
BCQ,15,2,80.0,3450.0,17.0,1762.9633712172565,103.70372771866215,0.2962965964832769,超過,0.5951017652033675,10.116730008457251
BCQ,15,3,80.0,3450.0,46.0,3449.963135830088,74.99919860500191,-0.0625100174374762,制約内,1.0,46.0
BCQ,16,0,130.0,2000.0,19.0,1999.9555952267933,105.26082080141018,-0.19030137845069095,制約内,1.0,19.0
BCQ,16,1,130.0,2000.0,23.0,1999.9567807681028,86.95464264209143,-0.3311181335223736,制約内,1.0,23.0
BCQ,16,2,130.0,2000.0,20.0,1999.9594731028992,99.99797365514496,-0.2307848180373464,制約内,1.0,20.0
BCQ,16,3,130.0,2000.0,24.0,1999.9199538893452,83.32999807872271,-0.3590000147790561,制約内,1.0,24.0
BCQ,17,0,80.0,3500.0,39.0,3499.981493721045,89.74311522361654,0.12178894029520682,超過,0.7946533014110814,30.991478755032183
BCQ,17,1,80.0,3500.0,8.0,1014.3137112680707,126.78921390850884,0.5848651738563606,超過,0.3981212468467154,3.1849699747737223
BCQ,17,2,80.0,3500.0,35.0,2777.6137082207274,79.36039166344935,-0.007995104206883097,制約内,1.0,35.0
BCQ,17,3,80.0,3500.0,41.0,3499.9469722298845,85.36456029828986,0.06705700372862333,超過,0.8782633472641469,36.00879723783004
BCQ,18,0,110.0,2200.0,20.0,2199.9341890666315,109.99670945333158,-2.9914060622027172e-05,制約内,1.0,20.0
BCQ,18,1,110.0,2200.0,23.0,2199.9674128728348,95.6507570814276,-0.13044766289611276,制約内,1.0,23.0
BCQ,18,2,110.0,2200.0,9.0,1104.380618143736,122.70895757152623,0.11553597792296566,超過,0.8035868788110172,7.232281909299153
BCQ,18,3,110.0,2200.0,40.0,2199.925408464855,54.998135211621374,-0.5000169526216238,制約内,1.0,40.0
BCQ,19,0,100.0,2700.0,36.0,2699.9611283152635,74.99892023097954,-0.2500107976902046,制約内,1.0,36.0
BCQ,19,1,100.0,2700.0,32.0,2699.945970616035,84.3733115817511,-0.15626688418248902,制約内,1.0,32.0
BCQ,19,2,100.0,2700.0,34.0,2699.9614843372933,79.41063189227333,-0.2058936810772667,制約内,1.0,34.0
BCQ,19,3,100.0,2700.0,32.0,2699.9747842495126,84.37421200779727,-0.15625787992202733,制約内,1.0,32.0
BCQ,20,0,90.0,3100.0,8.0,700.0542605571571,87.50678256964464,-0.027702415892837284,制約内,1.0,8.0
BCQ,20,1,90.0,3100.0,22.0,2265.358501613929,102.97084098245132,0.14412045536057017,超過,0.7639351610773414,16.80657354370151
BCQ,20,2,90.0,3100.0,31.0,3099.999678931609,99.99998964295513,0.1111109960328347,超過,0.8100001677877586,25.110005201420517
BCQ,20,3,90.0,3100.0,27.0,3099.901318353701,114.81115993902596,0.27567955487806617,超過,0.6144928154899109,16.591306018227595
BCQ,21,0,120.0,2100.0,28.0,2099.9890815435565,74.99961005512702,-0.37500324954060815,制約内,1.0,28.0
BCQ,21,1,120.0,2100.0,23.0,2099.9390082271593,91.3016960098765,-0.23915253325102925,制約内,1.0,23.0
BCQ,21,2,120.0,2100.0,25.0,2099.9285104231003,83.99714041692401,-0.3000238298589666,制約内,1.0,25.0
BCQ,21,3,120.0,2100.0,25.0,2099.9629507613395,83.99851803045358,-0.30001234974622015,制約内,1.0,25.0
BCQ,22,0,60.0,4850.0,71.0,4849.885302498539,68.30824369716252,0.138470728286042,超過,0.7715361196522722,54.779064495311324
BCQ,22,1,60.0,4850.0,8.0,1247.677577104719,155.95969713808987,1.5993282856348312,超過,0.14800545912534316,1.1840436730027455
BCQ,22,2,60.0,4850.0,51.0,4849.968660364984,95.0974247130389,0.5849570785506484,超過,0.39807507757441407,20.301828956295118
BCQ,22,3,60.0,4850.0,56.0,4849.9609553202245,86.6064456307183,0.4434407605119717,超過,0.47995671271834445,26.87757591222729
BCQ,23,0,70.0,4100.0,45.0,4099.968052516195,91.11040116702655,0.3015771595289507,超過,0.5902828456539797,26.562728054429087
BCQ,23,1,70.0,4100.0,50.0,4099.966830050119,81.99933660100238,0.171419094300034,超過,0.7287446884652362,36.43723442326181
BCQ,23,2,70.0,4100.0,58.0,4099.9262518151245,70.6883836519849,0.009834052171213026,超過,0.9806182634727022,56.8758592814167
BCQ,23,3,70.0,4100.0,41.0,4099.958243358628,99.9989815453324,0.4285568792190342,超過,0.4900099810096305,20.09040922139485
BCQ,24,0,120.0,2000.0,15.0,1999.9318530846353,133.32879020564235,0.11107325171368632,超過,0.8100552018323908,12.150828027485861
BCQ,24,1,120.0,2000.0,13.0,1439.515441806,110.73195706199999,-0.07723369115000012,制約内,1.0,13.0
BCQ,24,2,120.0,2000.0,9.0,1235.4158678061626,137.2684297562403,0.14390358130200243,超過,0.7642248593229722,6.878023733906744
BCQ,24,3,120.0,2000.0,14.0,861.8422370703482,61.56015979073916,-0.486998668410507,制約内,1.0,14.0
BCQ,25,0,60.0,4800.0,20.0,1513.220730593128,75.6610365296564,0.2610172754942732,超過,0.6288657283921748,12.577314567843498
BCQ,25,1,60.0,4800.0,47.0,3442.3673059222365,73.24185757281354,0.22069762621355915,超過,0.6710946860215059,31.541450243010782
BCQ,25,2,60.0,4800.0,49.0,3669.713267570315,74.892107501435,0.24820179169058343,超過,0.6418453463348709,31.450421970408673
BCQ,25,3,60.0,4800.0,54.0,3017.940485696543,55.8877867721582,-0.06853688713069661,制約内,1.0,54.0
BCQ,26,0,90.0,3050.0,31.0,2555.437442372996,82.43346588299987,-0.08407260130000149,制約内,1.0,31.0
BCQ,26,1,90.0,3050.0,25.0,2123.8640097430716,84.95456038972287,-0.05606044011419031,制約内,1.0,25.0
BCQ,26,2,90.0,3050.0,35.0,3049.9967011775325,87.14276289078664,-0.0317470789912595,制約内,1.0,35.0
BCQ,26,3,90.0,3050.0,24.0,1934.9405161797008,80.62252150748753,-0.10419420547236069,制約内,1.0,24.0
BCQ,27,0,70.0,4250.0,6.0,1183.129103905249,197.18818398420817,1.8169740569172594,超過,0.1260184998342067,0.7561109990052403
BCQ,27,1,70.0,4250.0,46.0,4249.976690535352,92.39079762033373,0.319868537433339,超過,0.5740353624135713,26.405626671024283
BCQ,27,2,70.0,4250.0,32.0,2069.8678149080833,64.6833692158776,-0.07595186834460566,制約内,1.0,32.0
BCQ,27,3,70.0,4250.0,4.0,393.15220177138553,98.28805044284638,0.404115006326377,超過,0.5072179778874529,2.0288719115498113
BCQ,28,0,100.0,2850.0,33.0,2849.9897174106286,86.36332477001905,-0.13636675229980955,制約内,1.0,33.0
BCQ,28,1,100.0,2850.0,32.0,2849.9451637954467,89.06078636860771,-0.10939213631392297,制約内,1.0,32.0
BCQ,28,2,100.0,2850.0,41.0,2849.9643841211764,69.51132644197992,-0.30488673558020085,制約内,1.0,41.0
BCQ,28,3,100.0,2850.0,24.0,1928.973290093108,80.37388708721284,-0.19626112912787164,制約内,1.0,24.0
BCQ,29,0,110.0,2250.0,28.0,2249.9728531691917,80.35617332747113,-0.2694893333866262,制約内,1.0,28.0
BCQ,29,1,110.0,2250.0,29.0,2249.911579979584,77.58315793033049,-0.29469856426972285,制約内,1.0,29.0
BCQ,29,2,110.0,2250.0,28.0,2249.9524304490965,80.35544394461058,-0.26949596413990373,制約内,1.0,28.0
BCQ,29,3,110.0,2250.0,2.0,223.0502607080347,111.52513035401735,0.013864821400157767,超過,0.9728365777356118,1.9456731554712232
BCQ,30,0,130.0,2000.0,16.0,1999.8895161508703,124.9930947594294,-0.03851465569669699,制約内,1.0,16.0
BCQ,30,1,130.0,2000.0,20.0,1999.9473945358227,99.99736972679113,-0.23078946364006825,制約内,1.0,20.0
BCQ,30,2,130.0,2000.0,23.0,1999.9444408327377,86.9541061231625,-0.33112226059105765,制約内,1.0,23.0
BCQ,30,3,130.0,2000.0,18.0,1999.9122959332003,111.10623866295558,-0.1453366256695725,制約内,1.0,18.0
BCQ,31,0,80.0,3900.0,49.0,3899.976320948265,79.5913534887401,-0.005108081390748809,制約内,1.0,49.0
BCQ,31,1,80.0,3900.0,43.0,3899.9757535152653,90.69711054686664,0.133713881835833,超過,0.778024138165982,33.45503794113723
BCQ,31,2,80.0,3900.0,28.0,2608.043207944413,93.14440028372904,0.16430500354661293,超過,0.7376773898781949,20.654966916589455
BCQ,31,3,80.0,3900.0,19.0,2097.601535960371,110.40008084001954,0.38000101050024426,超過,0.5250989999565299,9.976880999174067
BCQ,32,0,120.0,2000.0,25.0,1999.947360236565,79.9978944094626,-0.333350879921145,制約内,1.0,25.0
BCQ,32,1,120.0,2000.0,25.0,1999.9568348557575,79.9982733942303,-0.3333477217147476,制約内,1.0,25.0
BCQ,32,2,120.0,2000.0,33.0,1999.937653060873,60.60417130487494,-0.4949652391260422,制約内,1.0,33.0
BCQ,32,3,120.0,2000.0,26.0,1999.9558127771056,76.92137741450406,-0.3589885215457994,制約内,1.0,26.0
BCQ,33,0,90.0,3250.0,40.0,3249.9777798595956,81.24944449648989,-0.09722839448344567,制約内,1.0,40.0
BCQ,33,1,90.0,3250.0,51.0,3249.938938792534,63.72429291750066,-0.29195230091665936,制約内,1.0,51.0
BCQ,33,2,90.0,3250.0,38.0,3249.9001142627994,85.52368721744209,-0.0497368086950879,制約内,1.0,38.0
BCQ,33,3,90.0,3250.0,37.0,3249.9029292191226,87.83521430321953,-0.02405317440867194,制約内,1.0,37.0
BCQ,34,0,70.0,4450.0,32.0,3412.314436934456,106.63482615420175,0.5233546593457392,超過,0.43092128825428033,13.78948122413697
BCQ,34,1,70.0,4450.0,53.0,4449.943201860193,83.96119248792817,0.19944560697040248,超過,0.6950865479823691,36.83958704306556
BCQ,34,2,70.0,4450.0,64.0,4449.898699077281,69.52966717308252,-0.006719040384535524,制約内,1.0,64.0
BCQ,34,3,70.0,4450.0,44.0,4449.947507523597,101.13517062553629,0.4447881517933756,超過,0.47906192694415844,21.07872478554297
BCQ,35,0,80.0,3550.0,46.0,3549.9535983479814,77.17290431191263,-0.03533869610109208,制約内,1.0,46.0
BCQ,35,1,80.0,3550.0,53.0,3549.9663968703876,66.98049805415826,-0.16274377432302178,制約内,1.0,53.0
BCQ,35,2,80.0,3550.0,3.0,323.5923127655808,107.8641042551936,0.34830130318992003,超過,0.5500802994920322,1.6502408984760955
BCQ,35,3,80.0,3550.0,48.0,3549.934016296598,73.9569586728458,-0.07553801658942749,制約内,1.0,48.0
BCQ,36,0,100.0,2700.0,33.0,2699.931831283347,81.81611609949536,-0.18183883900504638,制約内,1.0,33.0
BCQ,36,1,100.0,2700.0,29.0,2699.9217300455784,93.1007493119165,-0.06899250688083503,制約内,1.0,29.0
BCQ,36,2,100.0,2700.0,29.0,2699.955626300868,93.1019181483058,-0.06898081851694204,制約内,1.0,29.0
BCQ,36,3,100.0,2700.0,40.0,2699.9799265241963,67.4994981631049,-0.325005018368951,制約内,1.0,40.0
BCQ,37,0,110.0,2100.0,16.0,1508.3883719927333,94.27427324954583,-0.14296115227685613,制約内,1.0,16.0
BCQ,37,1,110.0,2100.0,18.0,2099.9390784338602,116.66328213521446,0.060575292138313364,超過,0.889031173164899,16.002561116968177
BCQ,37,2,110.0,2100.0,20.0,2099.9953910338,104.99976955169,-0.04545664043918185,制約内,1.0,20.0
BCQ,37,3,110.0,2100.0,21.0,2099.998497818076,99.99992846752743,-0.09090974120429618,制約内,1.0,21.0
BCQ,38,0,60.0,4650.0,43.0,4649.926903228574,108.13783495880404,0.8022972493134006,超過,0.3078556725009585,13.237793917541216
BCQ,38,1,60.0,4650.0,61.0,4649.90306500364,76.22791909842033,0.2704653183070056,超過,0.6195471621294941,37.79237688989915
BCQ,38,2,60.0,4650.0,35.0,3144.7296019948985,89.84941719985424,0.49749028666423745,超過,0.44593542286238214,15.60773980018337
BCQ,38,3,60.0,4650.0,27.0,2630.775108961407,97.43611514671878,0.623935252445313,超過,0.3791949813534759,10.238264496543849
BCQ,39,0,130.0,2000.0,18.0,1999.9172255618375,111.1065125312132,-0.14533451899066774,制約内,1.0,18.0
BCQ,39,1,130.0,2000.0,22.0,1999.9381559428266,90.90627981558303,-0.30072092449551513,制約内,1.0,22.0
BCQ,39,2,130.0,2000.0,20.0,1999.9141525352027,99.99570762676014,-0.23080224902492208,制約内,1.0,20.0
BCQ,39,3,130.0,2000.0,26.0,1999.9255767521445,76.92021449046709,-0.4083060423810224,制約内,1.0,26.0
BCQ,40,0,90.0,3400.0,7.0,788.6796351432063,112.66851930617233,0.25187243673524806,超過,0.6380869244082235,4.46660847085756
BCQ,40,1,90.0,3400.0,34.0,3399.9951114518,99.99985621917058,0.1111095135463398,超過,0.8100023292576047,27.540079194758565
BCQ,40,2,90.0,3400.0,35.0,3399.9069940312866,97.14019982946533,0.07933555366072587,超過,0.8583947124798543,30.043814936794902
BCQ,40,3,90.0,3400.0,20.0,3399.9528428274657,169.9976421413733,0.8888626904597032,超過,0.2802845915156929,5.605691830313856
BCQ,41,0,100.0,2650.0,33.0,2649.9613361365864,80.30185867080564,-0.19698141329194352,制約内,1.0,33.0
BCQ,41,1,100.0,2650.0,12.0,1510.216653953713,125.85138782947608,0.2585138782947609,超過,0.6313700575202119,7.576440690242543
BCQ,41,2,100.0,2650.0,27.0,2649.996618172255,98.1480228952687,-0.01851977104731306,制約内,1.0,27.0
BCQ,41,3,100.0,2650.0,31.0,2649.9628793510014,85.48267352745167,-0.1451732647254833,制約内,1.0,31.0
BCQ,42,0,110.0,2300.0,27.0,2299.932504990745,85.1826853700276,-0.2256119511815673,制約内,1.0,27.0
BCQ,42,1,110.0,2300.0,28.0,2299.9174946877333,82.1399105245619,-0.2532735406858009,制約内,1.0,28.0
BCQ,42,2,110.0,2300.0,27.0,2165.1930803854953,80.19233631057389,-0.27097876081296457,制約内,1.0,27.0
BCQ,42,3,110.0,2300.0,17.0,2299.9018680843687,135.28834518143344,0.22989404710394035,超過,0.6610961090655301,11.238633854114012
BCQ,43,0,80.0,4100.0,5.0,1083.149552967091,216.6299105934182,1.7078738824177275,超過,0.13637762816041604,0.6818881408020799
BCQ,43,1,80.0,4100.0,54.0,4099.976163021219,75.92548450039294,-0.05093144374508829,制約内,1.0,54.0
BCQ,43,2,80.0,4100.0,6.0,317.2754610884838,52.879243514747294,-0.3390094560656588,制約内,1.0,6.0
BCQ,43,3,80.0,4100.0,10.0,925.9170666303253,92.59170666303253,0.15739633328790648,超過,0.7465102852243936,7.465102852243936
BCQ,44,0,60.0,4800.0,19.0,2032.007957391101,106.94778723111058,0.7824631205185097,超過,0.31474503938525367,5.980155748319819
BCQ,44,1,60.0,4800.0,59.0,4799.9398038951285,81.35491193042591,0.3559151988404319,超過,0.5439198923561633,32.09127364901366
BCQ,44,2,60.0,4800.0,56.0,4630.8368358814905,82.6935149264552,0.37822524877425323,超過,0.5264529896739016,29.48136742173849
BCQ,44,3,60.0,4800.0,51.0,4799.990774347512,94.11746616367671,0.5686244360612784,超過,0.4064078122397469,20.726798424227105
BCQ,45,0,70.0,4450.0,49.0,3484.274312803105,71.10763903679806,0.015823414811400927,超過,0.969088771859959,47.485349821138016
BCQ,45,1,70.0,4450.0,52.0,4449.944728250008,85.575860158654,0.22251228798077127,超過,0.6691038577246347,34.793400601681
BCQ,45,2,70.0,4450.0,17.0,1740.2016939353498,102.36480552560882,0.46235436465155444,超過,0.46762179932523623,7.949570588529019
BCQ,45,3,70.0,4450.0,15.0,1481.7065183887062,98.78043455924708,0.41114906513210125,超過,0.5021739905484028,7.532609858226042
BCQ,46,0,130.0,2000.0,15.0,1587.1902736156937,105.81268490771292,-0.18605626994066982,制約内,1.0,15.0
BCQ,46,1,130.0,2000.0,27.0,1999.945803553808,74.07206679828919,-0.43021487078239085,制約内,1.0,27.0
BCQ,46,2,130.0,2000.0,17.0,1999.9323449929166,117.64307911723039,-0.09505323755976625,制約内,1.0,17.0
BCQ,46,3,130.0,2000.0,25.0,1999.9395013869923,79.99758005547969,-0.3846339995732332,制約内,1.0,25.0
BCQ,47,0,120.0,2050.0,19.0,2049.926641594747,107.89087587340772,-0.1009093677216023,制約内,1.0,19.0
BCQ,47,1,120.0,2050.0,27.0,2049.9678800352067,75.92473629760025,-0.36729386418666465,制約内,1.0,27.0
BCQ,47,2,120.0,2050.0,23.0,2049.9597900108265,89.12868652220985,-0.2572609456482513,制約内,1.0,23.0
BCQ,47,3,120.0,2050.0,28.0,2049.988446672264,73.213873095438,-0.38988439087134996,制約内,1.0,28.0
CQL,0,0,100.0,2900.0,0.0,0.0,,,購入0・支払いなし,1.0,0.0
CQL,0,1,100.0,2900.0,0.0,0.0,,,購入0・支払いなし,1.0,0.0
CQL,0,2,100.0,2900.0,0.0,0.0,,,購入0・支払いなし,1.0,0.0
CQL,0,3,100.0,2900.0,0.0,0.0,,,購入0・支払いなし,1.0,0.0
CQL,1,0,70.0,4350.0,0.0,0.0,,,購入0・支払いなし,1.0,0.0
CQL,1,1,70.0,4350.0,0.0,0.0,,,購入0・支払いなし,1.0,0.0
CQL,1,2,70.0,4350.0,0.0,0.0,,,購入0・支払いなし,1.0,0.0
CQL,1,3,70.0,4350.0,0.0,0.0,,,購入0・支払いなし,1.0,0.0
CQL,2,0,90.0,3000.0,0.0,0.0,,,購入0・支払いなし,1.0,0.0
CQL,2,1,90.0,3000.0,0.0,0.0,,,購入0・支払いなし,1.0,0.0
CQL,2,2,90.0,3000.0,0.0,0.0,,,購入0・支払いなし,1.0,0.0
CQL,2,3,90.0,3000.0,0.0,0.0,,,購入0・支払いなし,1.0,0.0
CQL,3,0,110.0,2400.0,0.0,0.0,,,購入0・支払いなし,1.0,0.0
CQL,3,1,110.0,2400.0,0.0,0.0,,,購入0・支払いなし,1.0,0.0
CQL,3,2,110.0,2400.0,0.0,0.0,,,購入0・支払いなし,1.0,0.0
CQL,3,3,110.0,2400.0,0.0,0.0,,,購入0・支払いなし,1.0,0.0
CQL,4,0,60.0,4800.0,0.0,0.0,,,購入0・支払いなし,1.0,0.0
CQL,4,1,60.0,4800.0,0.0,0.0,,,購入0・支払いなし,1.0,0.0
CQL,4,2,60.0,4800.0,0.0,0.0,,,購入0・支払いなし,1.0,0.0
CQL,4,3,60.0,4800.0,0.0,0.0,,,購入0・支払いなし,1.0,0.0
CQL,5,0,130.0,2000.0,0.0,0.0,,,購入0・支払いなし,1.0,0.0
CQL,5,1,130.0,2000.0,0.0,0.0,,,購入0・支払いなし,1.0,0.0
CQL,5,2,130.0,2000.0,0.0,0.0,,,購入0・支払いなし,1.0,0.0
CQL,5,3,130.0,2000.0,0.0,0.0,,,購入0・支払いなし,1.0,0.0
CQL,6,0,120.0,2050.0,0.0,0.0,,,購入0・支払いなし,1.0,0.0
CQL,6,1,120.0,2050.0,0.0,0.0,,,購入0・支払いなし,1.0,0.0
CQL,6,2,120.0,2050.0,0.0,0.0,,,購入0・支払いなし,1.0,0.0
CQL,6,3,120.0,2050.0,0.0,0.0,,,購入0・支払いなし,1.0,0.0
CQL,7,0,80.0,3500.0,0.0,0.0,,,購入0・支払いなし,1.0,0.0
CQL,7,1,80.0,3500.0,0.0,0.0,,,購入0・支払いなし,1.0,0.0
CQL,7,2,80.0,3500.0,0.0,0.0,,,購入0・支払いなし,1.0,0.0
CQL,7,3,80.0,3500.0,0.0,0.0,,,購入0・支払いなし,1.0,0.0
CQL,8,0,70.0,4600.0,0.0,0.0,,,購入0・支払いなし,1.0,0.0
CQL,8,1,70.0,4600.0,0.0,0.0,,,購入0・支払いなし,1.0,0.0
CQL,8,2,70.0,4600.0,0.0,0.0,,,購入0・支払いなし,1.0,0.0
CQL,8,3,70.0,4600.0,0.0,0.0,,,購入0・支払いなし,1.0,0.0
CQL,9,0,130.0,2000.0,0.0,0.0,,,購入0・支払いなし,1.0,0.0
CQL,9,1,130.0,2000.0,0.0,0.0,,,購入0・支払いなし,1.0,0.0
CQL,9,2,130.0,2000.0,0.0,0.0,,,購入0・支払いなし,1.0,0.0
CQL,9,3,130.0,2000.0,0.0,0.0,,,購入0・支払いなし,1.0,0.0
CQL,10,0,100.0,2800.0,0.0,0.0,,,購入0・支払いなし,1.0,0.0
CQL,10,1,100.0,2800.0,0.0,0.0,,,購入0・支払いなし,1.0,0.0
CQL,10,2,100.0,2800.0,0.0,0.0,,,購入0・支払いなし,1.0,0.0
CQL,10,3,100.0,2800.0,0.0,0.0,,,購入0・支払いなし,1.0,0.0
CQL,11,0,110.0,2350.0,0.0,0.0,,,購入0・支払いなし,1.0,0.0
CQL,11,1,110.0,2350.0,0.0,0.0,,,購入0・支払いなし,1.0,0.0
CQL,11,2,110.0,2350.0,0.0,0.0,,,購入0・支払いなし,1.0,0.0
CQL,11,3,110.0,2350.0,0.0,0.0,,,購入0・支払いなし,1.0,0.0
CQL,12,0,120.0,2050.0,0.0,0.0,,,購入0・支払いなし,1.0,0.0
CQL,12,1,120.0,2050.0,0.0,0.0,,,購入0・支払いなし,1.0,0.0
CQL,12,2,120.0,2050.0,0.0,0.0,,,購入0・支払いなし,1.0,0.0
CQL,12,3,120.0,2050.0,0.0,0.0,,,購入0・支払いなし,1.0,0.0
CQL,13,0,90.0,2900.0,0.0,0.0,,,購入0・支払いなし,1.0,0.0
CQL,13,1,90.0,2900.0,0.0,0.0,,,購入0・支払いなし,1.0,0.0
CQL,13,2,90.0,2900.0,0.0,0.0,,,購入0・支払いなし,1.0,0.0
CQL,13,3,90.0,2900.0,0.0,0.0,,,購入0・支払いなし,1.0,0.0
CQL,14,0,60.0,4750.0,0.0,0.0,,,購入0・支払いなし,1.0,0.0
CQL,14,1,60.0,4750.0,0.0,0.0,,,購入0・支払いなし,1.0,0.0
CQL,14,2,60.0,4750.0,0.0,0.0,,,購入0・支払いなし,1.0,0.0
CQL,14,3,60.0,4750.0,0.0,0.0,,,購入0・支払いなし,1.0,0.0
CQL,15,0,80.0,3450.0,0.0,0.0,,,購入0・支払いなし,1.0,0.0
CQL,15,1,80.0,3450.0,0.0,0.0,,,購入0・支払いなし,1.0,0.0
CQL,15,2,80.0,3450.0,0.0,0.0,,,購入0・支払いなし,1.0,0.0
CQL,15,3,80.0,3450.0,0.0,0.0,,,購入0・支払いなし,1.0,0.0
CQL,16,0,130.0,2000.0,0.0,0.0,,,購入0・支払いなし,1.0,0.0
CQL,16,1,130.0,2000.0,0.0,0.0,,,購入0・支払いなし,1.0,0.0
CQL,16,2,130.0,2000.0,0.0,0.0,,,購入0・支払いなし,1.0,0.0
CQL,16,3,130.0,2000.0,0.0,0.0,,,購入0・支払いなし,1.0,0.0
CQL,17,0,80.0,3500.0,0.0,0.0,,,購入0・支払いなし,1.0,0.0
CQL,17,1,80.0,3500.0,0.0,0.0,,,購入0・支払いなし,1.0,0.0
CQL,17,2,80.0,3500.0,0.0,0.0,,,購入0・支払いなし,1.0,0.0
CQL,17,3,80.0,3500.0,0.0,0.0,,,購入0・支払いなし,1.0,0.0
CQL,18,0,110.0,2200.0,0.0,0.0,,,購入0・支払いなし,1.0,0.0
CQL,18,1,110.0,2200.0,0.0,0.0,,,購入0・支払いなし,1.0,0.0
CQL,18,2,110.0,2200.0,0.0,0.0,,,購入0・支払いなし,1.0,0.0
CQL,18,3,110.0,2200.0,0.0,0.0,,,購入0・支払いなし,1.0,0.0
CQL,19,0,100.0,2700.0,0.0,0.0,,,購入0・支払いなし,1.0,0.0
CQL,19,1,100.0,2700.0,0.0,0.0,,,購入0・支払いなし,1.0,0.0
CQL,19,2,100.0,2700.0,0.0,0.0,,,購入0・支払いなし,1.0,0.0
CQL,19,3,100.0,2700.0,0.0,0.0,,,購入0・支払いなし,1.0,0.0
CQL,20,0,90.0,3100.0,0.0,0.0,,,購入0・支払いなし,1.0,0.0
CQL,20,1,90.0,3100.0,0.0,0.0,,,購入0・支払いなし,1.0,0.0
CQL,20,2,90.0,3100.0,0.0,0.0,,,購入0・支払いなし,1.0,0.0
CQL,20,3,90.0,3100.0,0.0,0.0,,,購入0・支払いなし,1.0,0.0
CQL,21,0,120.0,2100.0,0.0,0.0,,,購入0・支払いなし,1.0,0.0
CQL,21,1,120.0,2100.0,0.0,0.0,,,購入0・支払いなし,1.0,0.0
CQL,21,2,120.0,2100.0,0.0,0.0,,,購入0・支払いなし,1.0,0.0
CQL,21,3,120.0,2100.0,0.0,0.0,,,購入0・支払いなし,1.0,0.0
CQL,22,0,60.0,4850.0,0.0,0.0,,,購入0・支払いなし,1.0,0.0
CQL,22,1,60.0,4850.0,0.0,0.0,,,購入0・支払いなし,1.0,0.0
CQL,22,2,60.0,4850.0,0.0,0.0,,,購入0・支払いなし,1.0,0.0
CQL,22,3,60.0,4850.0,0.0,0.0,,,購入0・支払いなし,1.0,0.0
CQL,23,0,70.0,4100.0,0.0,0.0,,,購入0・支払いなし,1.0,0.0
CQL,23,1,70.0,4100.0,0.0,0.0,,,購入0・支払いなし,1.0,0.0
CQL,23,2,70.0,4100.0,0.0,0.0,,,購入0・支払いなし,1.0,0.0
CQL,23,3,70.0,4100.0,0.0,0.0,,,購入0・支払いなし,1.0,0.0
CQL,24,0,120.0,2000.0,0.0,0.0,,,購入0・支払いなし,1.0,0.0
CQL,24,1,120.0,2000.0,0.0,0.0,,,購入0・支払いなし,1.0,0.0
CQL,24,2,120.0,2000.0,0.0,0.0,,,購入0・支払いなし,1.0,0.0
CQL,24,3,120.0,2000.0,0.0,0.0,,,購入0・支払いなし,1.0,0.0
CQL,25,0,60.0,4800.0,0.0,0.0,,,購入0・支払いなし,1.0,0.0
CQL,25,1,60.0,4800.0,0.0,0.0,,,購入0・支払いなし,1.0,0.0
CQL,25,2,60.0,4800.0,0.0,0.0,,,購入0・支払いなし,1.0,0.0
CQL,25,3,60.0,4800.0,0.0,0.0,,,購入0・支払いなし,1.0,0.0
CQL,26,0,90.0,3050.0,0.0,0.0,,,購入0・支払いなし,1.0,0.0
CQL,26,1,90.0,3050.0,0.0,0.0,,,購入0・支払いなし,1.0,0.0
CQL,26,2,90.0,3050.0,0.0,0.0,,,購入0・支払いなし,1.0,0.0
CQL,26,3,90.0,3050.0,0.0,0.0,,,購入0・支払いなし,1.0,0.0
CQL,27,0,70.0,4250.0,0.0,0.0,,,購入0・支払いなし,1.0,0.0
CQL,27,1,70.0,4250.0,0.0,0.0,,,購入0・支払いなし,1.0,0.0
CQL,27,2,70.0,4250.0,0.0,0.0,,,購入0・支払いなし,1.0,0.0
CQL,27,3,70.0,4250.0,0.0,0.0,,,購入0・支払いなし,1.0,0.0
CQL,28,0,100.0,2850.0,0.0,0.0,,,購入0・支払いなし,1.0,0.0
CQL,28,1,100.0,2850.0,0.0,0.0,,,購入0・支払いなし,1.0,0.0
CQL,28,2,100.0,2850.0,0.0,0.0,,,購入0・支払いなし,1.0,0.0
CQL,28,3,100.0,2850.0,0.0,0.0,,,購入0・支払いなし,1.0,0.0
CQL,29,0,110.0,2250.0,0.0,0.0,,,購入0・支払いなし,1.0,0.0
CQL,29,1,110.0,2250.0,0.0,0.0,,,購入0・支払いなし,1.0,0.0
CQL,29,2,110.0,2250.0,0.0,0.0,,,購入0・支払いなし,1.0,0.0
CQL,29,3,110.0,2250.0,0.0,0.0,,,購入0・支払いなし,1.0,0.0
CQL,30,0,130.0,2000.0,0.0,0.0,,,購入0・支払いなし,1.0,0.0
CQL,30,1,130.0,2000.0,0.0,0.0,,,購入0・支払いなし,1.0,0.0
CQL,30,2,130.0,2000.0,0.0,0.0,,,購入0・支払いなし,1.0,0.0
CQL,30,3,130.0,2000.0,0.0,0.0,,,購入0・支払いなし,1.0,0.0
CQL,31,0,80.0,3900.0,0.0,0.0,,,購入0・支払いなし,1.0,0.0
CQL,31,1,80.0,3900.0,0.0,0.0,,,購入0・支払いなし,1.0,0.0
CQL,31,2,80.0,3900.0,0.0,0.0,,,購入0・支払いなし,1.0,0.0
CQL,31,3,80.0,3900.0,0.0,0.0,,,購入0・支払いなし,1.0,0.0
CQL,32,0,120.0,2000.0,0.0,0.0,,,購入0・支払いなし,1.0,0.0
CQL,32,1,120.0,2000.0,0.0,0.0,,,購入0・支払いなし,1.0,0.0
CQL,32,2,120.0,2000.0,0.0,0.0,,,購入0・支払いなし,1.0,0.0
CQL,32,3,120.0,2000.0,0.0,0.0,,,購入0・支払いなし,1.0,0.0
CQL,33,0,90.0,3250.0,0.0,0.0,,,購入0・支払いなし,1.0,0.0
CQL,33,1,90.0,3250.0,0.0,0.0,,,購入0・支払いなし,1.0,0.0
CQL,33,2,90.0,3250.0,0.0,0.0,,,購入0・支払いなし,1.0,0.0
CQL,33,3,90.0,3250.0,0.0,0.0,,,購入0・支払いなし,1.0,0.0
CQL,34,0,70.0,4450.0,0.0,0.0,,,購入0・支払いなし,1.0,0.0
CQL,34,1,70.0,4450.0,0.0,0.0,,,購入0・支払いなし,1.0,0.0
CQL,34,2,70.0,4450.0,0.0,0.0,,,購入0・支払いなし,1.0,0.0
CQL,34,3,70.0,4450.0,0.0,0.0,,,購入0・支払いなし,1.0,0.0
CQL,35,0,80.0,3550.0,0.0,0.0,,,購入0・支払いなし,1.0,0.0
CQL,35,1,80.0,3550.0,0.0,0.0,,,購入0・支払いなし,1.0,0.0
CQL,35,2,80.0,3550.0,0.0,0.0,,,購入0・支払いなし,1.0,0.0
CQL,35,3,80.0,3550.0,0.0,0.0,,,購入0・支払いなし,1.0,0.0
CQL,36,0,100.0,2700.0,0.0,0.0,,,購入0・支払いなし,1.0,0.0
CQL,36,1,100.0,2700.0,0.0,0.0,,,購入0・支払いなし,1.0,0.0
CQL,36,2,100.0,2700.0,0.0,0.0,,,購入0・支払いなし,1.0,0.0
CQL,36,3,100.0,2700.0,0.0,0.0,,,購入0・支払いなし,1.0,0.0
CQL,37,0,110.0,2100.0,0.0,0.0,,,購入0・支払いなし,1.0,0.0
CQL,37,1,110.0,2100.0,0.0,0.0,,,購入0・支払いなし,1.0,0.0
CQL,37,2,110.0,2100.0,0.0,0.0,,,購入0・支払いなし,1.0,0.0
CQL,37,3,110.0,2100.0,0.0,0.0,,,購入0・支払いなし,1.0,0.0
CQL,38,0,60.0,4650.0,0.0,0.0,,,購入0・支払いなし,1.0,0.0
CQL,38,1,60.0,4650.0,0.0,0.0,,,購入0・支払いなし,1.0,0.0
CQL,38,2,60.0,4650.0,0.0,0.0,,,購入0・支払いなし,1.0,0.0
CQL,38,3,60.0,4650.0,0.0,0.0,,,購入0・支払いなし,1.0,0.0
CQL,39,0,130.0,2000.0,0.0,0.0,,,購入0・支払いなし,1.0,0.0
CQL,39,1,130.0,2000.0,0.0,0.0,,,購入0・支払いなし,1.0,0.0
CQL,39,2,130.0,2000.0,0.0,0.0,,,購入0・支払いなし,1.0,0.0
CQL,39,3,130.0,2000.0,0.0,0.0,,,購入0・支払いなし,1.0,0.0
CQL,40,0,90.0,3400.0,0.0,0.0,,,購入0・支払いなし,1.0,0.0
CQL,40,1,90.0,3400.0,0.0,0.0,,,購入0・支払いなし,1.0,0.0
CQL,40,2,90.0,3400.0,0.0,0.0,,,購入0・支払いなし,1.0,0.0
CQL,40,3,90.0,3400.0,0.0,0.0,,,購入0・支払いなし,1.0,0.0
CQL,41,0,100.0,2650.0,0.0,0.0,,,購入0・支払いなし,1.0,0.0
CQL,41,1,100.0,2650.0,0.0,0.0,,,購入0・支払いなし,1.0,0.0
CQL,41,2,100.0,2650.0,0.0,0.0,,,購入0・支払いなし,1.0,0.0
CQL,41,3,100.0,2650.0,0.0,0.0,,,購入0・支払いなし,1.0,0.0
CQL,42,0,110.0,2300.0,0.0,0.0,,,購入0・支払いなし,1.0,0.0
CQL,42,1,110.0,2300.0,0.0,0.0,,,購入0・支払いなし,1.0,0.0
CQL,42,2,110.0,2300.0,0.0,0.0,,,購入0・支払いなし,1.0,0.0
CQL,42,3,110.0,2300.0,0.0,0.0,,,購入0・支払いなし,1.0,0.0
CQL,43,0,80.0,4100.0,0.0,0.0,,,購入0・支払いなし,1.0,0.0
CQL,43,1,80.0,4100.0,0.0,0.0,,,購入0・支払いなし,1.0,0.0
CQL,43,2,80.0,4100.0,0.0,0.0,,,購入0・支払いなし,1.0,0.0
CQL,43,3,80.0,4100.0,0.0,0.0,,,購入0・支払いなし,1.0,0.0
CQL,44,0,60.0,4800.0,0.0,0.0,,,購入0・支払いなし,1.0,0.0
CQL,44,1,60.0,4800.0,0.0,0.0,,,購入0・支払いなし,1.0,0.0
CQL,44,2,60.0,4800.0,0.0,0.0,,,購入0・支払いなし,1.0,0.0
CQL,44,3,60.0,4800.0,0.0,0.0,,,購入0・支払いなし,1.0,0.0
CQL,45,0,70.0,4450.0,0.0,0.0,,,購入0・支払いなし,1.0,0.0
CQL,45,1,70.0,4450.0,0.0,0.0,,,購入0・支払いなし,1.0,0.0
CQL,45,2,70.0,4450.0,0.0,0.0,,,購入0・支払いなし,1.0,0.0
CQL,45,3,70.0,4450.0,0.0,0.0,,,購入0・支払いなし,1.0,0.0
CQL,46,0,130.0,2000.0,0.0,0.0,,,購入0・支払いなし,1.0,0.0
CQL,46,1,130.0,2000.0,0.0,0.0,,,購入0・支払いなし,1.0,0.0
CQL,46,2,130.0,2000.0,0.0,0.0,,,購入0・支払いなし,1.0,0.0
CQL,46,3,130.0,2000.0,0.0,0.0,,,購入0・支払いなし,1.0,0.0
CQL,47,0,120.0,2050.0,0.0,0.0,,,購入0・支払いなし,1.0,0.0
CQL,47,1,120.0,2050.0,0.0,0.0,,,購入0・支払いなし,1.0,0.0
CQL,47,2,120.0,2050.0,0.0,0.0,,,購入0・支払いなし,1.0,0.0
CQL,47,3,120.0,2050.0,0.0,0.0,,,購入0・支払いなし,1.0,0.0
IQL,0,0,100.0,2900.0,37.0,2785.313670960547,75.27874786379857,-0.24721252136201433,制約内,1.0,37.0
IQL,0,1,100.0,2900.0,2.0,250.05196808781454,125.02598404390727,0.2502598404390728,超過,0.6397340063953065,1.2794680127906128
IQL,0,2,100.0,2900.0,37.0,2856.06196874653,77.19086402017649,-0.22809135979823514,制約内,1.0,37.0
IQL,0,3,100.0,2900.0,27.0,2423.4511395734003,89.75744961382964,-0.10242550386170368,制約内,1.0,27.0
IQL,1,0,70.0,4350.0,41.0,3548.253868248802,86.54277727436103,0.23632538963372896,超過,0.6542359784960572,26.823675118338368
IQL,1,1,70.0,4350.0,13.0,1686.2629688473312,129.71253606517934,0.853036229502562,超過,0.29122736384431325,3.7859557299760738
IQL,1,2,70.0,4350.0,42.0,3802.2603216634006,90.5300076586524,0.2932858236950342,超過,0.5978757873494936,25.110783068678725
IQL,1,3,70.0,4350.0,45.0,3456.025290418311,76.8005620092958,0.09715088584708287,超過,0.8307441348721576,37.38348606924709
IQL,2,0,90.0,3000.0,45.0,2931.888188268404,65.15307085040898,-0.2760769905510113,制約内,1.0,45.0
IQL,2,1,90.0,3000.0,5.0,244.77090801303873,48.95418160260775,-0.45606464885991393,制約内,1.0,5.0
IQL,2,2,90.0,3000.0,42.0,2869.85779791078,68.32994756930428,-0.2407783603410636,制約内,1.0,42.0
IQL,2,3,90.0,3000.0,27.0,2703.228311034831,100.11956707536412,0.11243963417071234,超過,0.8080664818507749,21.817795009970915
IQL,3,0,110.0,2400.0,15.0,1917.3141662548985,127.82094441699323,0.16200858560902942,超過,0.7405959388669388,11.108939083004087
IQL,3,1,110.0,2400.0,0.0,88.49786601684137,,,購入0・支払いあり,1.5449690128589563e-20,0.0
IQL,3,2,110.0,2400.0,19.0,2223.787975684542,117.04147240444956,0.06401338549499602,超過,0.8832950913868836,16.782606736350782
IQL,3,3,110.0,2400.0,1.0,161.85268870369447,161.85268870369447,0.4713880791244951,超過,0.46189741716603017,0.46189741716603033
IQL,4,0,60.0,4800.0,49.0,4534.4948433854615,92.54071108949921,0.542345184824987,超過,0.42037495720868906,20.598372903225755
IQL,4,1,60.0,4800.0,9.0,965.4069785742157,107.26744206380175,0.7877907010633625,超過,0.312871966564274,2.8158476990784673
IQL,4,2,60.0,4800.0,49.0,4150.909621216618,84.71244124931873,0.4118740208219789,超過,0.5016584198610561,24.581262573191744
IQL,4,3,60.0,4800.0,36.0,2257.179950411937,62.699443066998256,0.04499071778330421,超過,0.9157462194062361,32.96686389862452
IQL,5,0,130.0,2000.0,21.0,1926.179828136737,91.72284895889223,-0.2944396233931367,制約内,1.0,21.0
IQL,5,1,130.0,2000.0,7.0,977.8273116273153,139.68961594675935,0.07453550728276426,超過,0.8660808938390732,6.062566256873512
IQL,5,2,130.0,2000.0,28.0,1998.2858230909128,71.36735082467546,-0.45102037827172725,制約内,1.0,28.0
IQL,5,3,130.0,2000.0,4.0,468.3444978408203,117.08612446020507,-0.09933750415226872,制約内,1.0,4.0
IQL,6,0,120.0,2050.0,31.0,2049.8594522920484,66.12449846103382,-0.4489625128247181,制約内,1.0,31.0
IQL,6,1,120.0,2050.0,8.0,682.1731706061096,85.2716463257637,-0.28940294728530247,制約内,1.0,8.0
IQL,6,2,120.0,2050.0,24.0,1881.0293666773218,78.37622361155508,-0.34686480323704105,制約内,1.0,24.0
IQL,6,3,120.0,2050.0,26.0,1935.3576290752835,74.4368318875109,-0.37969306760407584,制約内,1.0,26.0
IQL,7,0,80.0,3500.0,52.0,3499.9537376834314,67.3068026477583,-0.15866496690302123,制約内,1.0,52.0
IQL,7,1,80.0,3500.0,13.0,1055.184471643648,81.16803628028062,0.014600453503507804,超過,0.9714263863289362,12.628543022276173
IQL,7,2,80.0,3500.0,54.0,3398.6064258760866,62.937156034742344,-0.21328554956572066,制約内,1.0,54.0
IQL,7,3,80.0,3500.0,48.0,2960.045857738919,61.66762203622748,-0.22915472454715657,制約内,1.0,48.0
IQL,8,0,70.0,4600.0,55.0,3389.053064646389,61.61914662993434,-0.11972647671522374,制約内,1.0,55.0
IQL,8,1,70.0,4600.0,48.0,4599.988038986687,95.83308414555597,0.36904405922222816,超過,0.5335377462734571,25.609811821125923
IQL,8,2,70.0,4600.0,14.0,1830.9237196278789,130.78026568770562,0.8682895098243659,超過,0.28649143937962274,4.010880151314721
IQL,8,3,70.0,4600.0,54.0,4599.906707774614,85.18345755138174,0.21690653644831048,超過,0.6752825889132582,36.465259801315945
IQL,9,0,130.0,2000.0,29.0,1900.3316849077996,65.52867878992413,-0.4959332400775067,制約内,1.0,29.0
IQL,9,1,130.0,2000.0,27.0,1999.9724844941695,74.07305498126554,-0.4302072693748804,制約内,1.0,27.0
IQL,9,2,130.0,2000.0,11.0,809.7299682904237,73.61181529912943,-0.4337552669297736,制約内,1.0,11.0
IQL,9,3,130.0,2000.0,32.0,1999.9295396727312,62.49779811477285,-0.5192477068094397,制約内,1.0,32.0
IQL,10,0,100.0,2800.0,11.0,974.196645465854,88.56333140598673,-0.11436668594013266,制約内,1.0,11.0
IQL,10,1,100.0,2800.0,28.0,2724.962144549104,97.32007659103942,-0.026799234089605717,制約内,1.0,28.0
IQL,10,2,100.0,2800.0,14.0,1081.529458160561,77.25210415432579,-0.22747895845674204,制約内,1.0,14.0
IQL,10,3,100.0,2800.0,21.0,2799.9529148240154,133.33109118209597,0.33331091182095984,超過,0.5625189186327846,11.81289729128848
IQL,11,0,110.0,2350.0,25.0,1823.257158611716,72.93028634446864,-0.33699739686846686,制約内,1.0,25.0
IQL,11,1,110.0,2350.0,33.0,2314.8766320453406,70.14777672864669,-0.36229293883048463,制約内,1.0,33.0
IQL,11,2,110.0,2350.0,1.0,137.07799518031754,137.07799518031754,0.24616359254834141,超過,0.6439466411578522,0.6439466411578522
IQL,11,3,110.0,2350.0,28.0,2349.9269739520246,83.92596335542945,-0.23703669676882322,制約内,1.0,28.0
IQL,12,0,120.0,2050.0,12.0,788.3834175214931,65.69861812679109,-0.4525115156100743,制約内,1.0,12.0
IQL,12,1,120.0,2050.0,27.0,1945.8874000695564,72.06990370627987,-0.3994174691143344,制約内,1.0,27.0
IQL,12,2,120.0,2050.0,21.0,1866.5972905685105,88.88558526516717,-0.2592867894569403,制約内,1.0,21.0
IQL,12,3,120.0,2050.0,19.0,2049.9710813527026,107.89321480803699,-0.10088987659969173,制約内,1.0,19.0
IQL,13,0,90.0,2900.0,31.0,2685.3267097437274,86.62344224979766,-0.037517308335581534,制約内,1.0,31.0
IQL,13,1,90.0,2900.0,23.0,2899.9480340105756,126.0846971308946,0.40094107923216216,超過,0.5095188548195917,11.71893366085061
IQL,13,2,90.0,2900.0,10.0,1521.404634563383,152.1404634563383,0.6904495939593145,超過,0.3499415806187363,3.499415806187365
IQL,13,3,90.0,2900.0,28.0,2899.9513956696965,103.56969270248916,0.15077436336099082,超過,0.7551263819547354,21.14353869473257
IQL,14,0,60.0,4750.0,66.0,4515.490069794306,68.41651620900463,0.14027527015007712,超過,0.7690960639981967,50.76034022388099
IQL,14,1,60.0,4750.0,38.0,4749.9651127336165,124.99908191404253,1.083318031900709,超過,0.2304033844702044,8.755328609867767
IQL,14,2,60.0,4750.0,9.0,1492.9009855582906,165.8778872842545,1.7646314547375752,超過,0.13083547340730628,1.177519260665756
IQL,14,3,60.0,4750.0,29.0,4749.999475593622,163.79308536529732,1.7298847560882886,超過,0.13418728724740187,3.891431330174654
IQL,15,0,80.0,3450.0,10.0,976.8044229377346,97.68044229377345,0.22100552867216816,超過,0.6707562671709406,6.707562671709406
IQL,15,1,80.0,3450.0,25.0,3449.9625499453136,137.99850199781255,0.724981274972657,超過,0.3360711482584952,8.401778706462377
IQL,15,2,80.0,3450.0,20.0,2740.2388117194682,137.0119405859734,0.7126492573246677,超過,0.3409283674728375,6.818567349456748
IQL,15,3,80.0,3450.0,40.0,3204.082427996618,80.10206069991546,0.0012757587489431454,超過,0.997453356893494,39.898134275739764
IQL,16,0,130.0,2000.0,18.0,1759.8384503268032,97.76880279593351,-0.24793228618512686,制約内,1.0,18.0
IQL,16,1,130.0,2000.0,22.0,1737.785641266639,78.99025642121086,-0.3923826429137627,制約内,1.0,22.0
IQL,16,2,130.0,2000.0,20.0,1726.6141772488954,86.33070886244477,-0.3359176241350402,制約内,1.0,20.0
IQL,16,3,130.0,2000.0,30.0,1999.9759478645774,66.66586492881925,-0.4871856543936981,制約内,1.0,30.0
IQL,17,0,80.0,3500.0,42.0,2730.084525985427,65.00201252346254,-0.18747484345671828,制約内,1.0,42.0
IQL,17,1,80.0,3500.0,5.0,494.5893194443979,98.91786388887958,0.23647329861099475,超過,0.6540794663052604,3.270397331526302
IQL,17,2,80.0,3500.0,33.0,2312.8102329923213,70.08515857552489,-0.12393551780593892,制約内,1.0,33.0
IQL,17,3,80.0,3500.0,30.0,3499.987524434196,116.6662508144732,0.458328135180915,超過,0.47020743368831064,14.10622301064932
IQL,18,0,110.0,2200.0,25.0,2026.648642136961,81.06594568547844,-0.2630368574047415,制約内,1.0,25.0
IQL,18,1,110.0,2200.0,24.0,2106.519182286151,87.77163259525629,-0.20207606731585193,制約内,1.0,24.0
IQL,18,2,110.0,2200.0,7.0,867.0587150038509,123.86553071483584,0.12605027922578027,超過,0.7886502308593343,5.520551616015341
IQL,18,3,110.0,2200.0,25.0,2199.94353816258,87.99774152650319,-0.20002053157724375,制約内,1.0,25.0
IQL,19,0,100.0,2700.0,42.0,2545.0376330197196,60.59613411951713,-0.3940386588048287,制約内,1.0,42.0
IQL,19,1,100.0,2700.0,29.0,2499.273888912038,86.18185823834614,-0.13818141761653857,制約内,1.0,29.0
IQL,19,2,100.0,2700.0,33.0,2477.737480052098,75.08295394097266,-0.24917046059027337,制約内,1.0,33.0
IQL,19,3,100.0,2700.0,42.0,2664.544151295019,63.44152741178617,-0.3655847258821383,制約内,1.0,42.0
IQL,20,0,90.0,3100.0,6.0,629.3726544465611,104.89544240776019,0.16550491564177983,超過,0.7361592626530278,4.416955575918165
IQL,20,1,90.0,3100.0,17.0,1551.4133484531578,91.2596087325387,0.01399565258376323,超過,0.9725855526088368,16.53395439435022
IQL,20,2,90.0,3100.0,31.0,2905.9258621808444,93.73954394131756,0.041550488236861804,超過,0.9218056088796199,28.575973875268218
IQL,20,3,90.0,3100.0,32.0,3099.950915790181,96.87346611844316,0.07637184576047962,超過,0.8631282691949456,27.620104614238244
IQL,21,0,120.0,2100.0,35.0,2087.910785522822,59.65459387208063,-0.5028783843993281,制約内,1.0,35.0
IQL,21,1,120.0,2100.0,20.0,1564.1639328235021,78.2081966411751,-0.3482650279902074,制約内,1.0,20.0
IQL,21,2,120.0,2100.0,24.0,2069.6556178540322,86.23565074391801,-0.28136957713401656,制約内,1.0,24.0
IQL,21,3,120.0,2100.0,28.0,2080.9417037504936,74.31934656251762,-0.38067211197901984,制約内,1.0,28.0
IQL,22,0,60.0,4850.0,63.0,4480.527048726986,71.11947696392042,0.18532461606534034,超過,0.7117465860726294,44.840034922575654
IQL,22,1,60.0,4850.0,5.0,934.9681132888095,186.9936226577619,2.116560377629365,超過,0.10295534780604225,0.5147767390302114
IQL,22,2,60.0,4850.0,53.0,4522.14990492522,85.3235831117966,0.4220597185299433,超過,0.494497762202576,26.208381396736513
IQL,22,3,60.0,4850.0,61.0,4781.46664326439,78.38469906990802,0.3064116511651338,超過,0.5859221416421663,35.741250640172126
IQL,23,0,70.0,4100.0,46.0,3883.8380789358125,84.43126258556114,0.20616089407944482,超過,0.6873683205741571,31.618942746411214
IQL,23,1,70.0,4100.0,30.0,2819.7312886061072,93.9910429535369,0.3427291850505272,超過,0.5546552685886358,16.639658057659076
IQL,23,2,70.0,4100.0,52.0,3565.079808753873,68.55922709142064,-0.020582470122562313,制約内,1.0,52.0
IQL,23,3,70.0,4100.0,42.0,4099.939959151128,97.61761807502687,0.39453740107181234,超過,0.514208992339907,21.596777678276094
IQL,24,0,120.0,2000.0,18.0,1649.315127449739,91.62861819165217,-0.23642818173623192,制約内,1.0,18.0
IQL,24,1,120.0,2000.0,4.0,734.6982785924647,183.67456964811618,0.5306214137343015,超過,0.42683933065324814,1.7073573226129926
IQL,24,2,120.0,2000.0,6.0,954.7720686116429,159.1286781019405,0.32607231751617083,超過,0.5686768930255074,3.4120613581530437
IQL,24,3,120.0,2000.0,7.0,334.1617706180527,47.73739580257895,-0.6021883683118421,制約内,1.0,7.0
IQL,25,0,60.0,4800.0,16.0,897.7085267300124,56.106782920625776,-0.06488695132290379,制約内,1.0,16.0
IQL,25,1,60.0,4800.0,34.0,2473.6208572025616,72.75355462360476,0.21255924372674584,超過,0.6801333433461065,23.12453367376762
IQL,25,2,60.0,4800.0,36.0,2600.483135739163,72.2356426594212,0.20392737765702007,超過,0.6899210867150459,24.83715912174167
IQL,25,3,60.0,4800.0,43.0,2187.2826214746215,50.867037708712125,-0.15221603818813123,制約内,1.0,43.0
IQL,26,0,90.0,3050.0,25.0,1715.1407050709486,68.60562820283795,-0.2377152421906895,制約内,1.0,25.0
IQL,26,1,90.0,3050.0,21.0,1650.2406205637647,78.5828866935126,-0.12685681451652664,制約内,1.0,21.0
IQL,26,2,90.0,3050.0,34.0,2697.295543515616,79.33222186810634,-0.11853086813215175,制約内,1.0,34.0
IQL,26,3,90.0,3050.0,18.0,1142.0024891250796,63.44458272917109,-0.29506019189809907,制約内,1.0,18.0
IQL,27,0,70.0,4250.0,6.0,1328.6992356005667,221.44987260009444,2.163569608572778,超過,0.09991834005835136,0.5995100403501081
IQL,27,1,70.0,4250.0,43.0,3749.2719886167424,87.19237182829633,0.24560531183280476,超過,0.644524004587675,27.71453219727005
IQL,27,2,70.0,4250.0,42.0,4249.998306042932,101.19043585816505,0.4455776551166435,超過,0.4785387897759506,20.098629170589927
IQL,27,3,70.0,4250.0,2.0,155.85631187377197,77.92815593688599,0.11325937052694268,超過,0.8068768982306671,1.613753796461335
IQL,28,0,100.0,2850.0,33.0,2426.98266106158,73.54492912307819,-0.26455070876921805,制約内,1.0,33.0
IQL,28,1,100.0,2850.0,36.0,2539.410972806256,70.53919368906266,-0.2946080631093735,制約内,1.0,36.0
IQL,28,2,100.0,2850.0,29.0,2849.935327216119,98.27363197296961,-0.017263680270303894,制約内,1.0,29.0
IQL,28,3,100.0,2850.0,16.0,1307.580105963816,81.7237566227385,-0.18276243377261492,制約内,1.0,16.0
IQL,29,0,110.0,2250.0,19.0,1485.7323658085445,78.19644030571287,-0.2891232699480648,制約内,1.0,19.0
IQL,29,1,110.0,2250.0,34.0,1990.341226082979,58.539447825969965,-0.46782320158209123,制約内,1.0,34.0
IQL,29,2,110.0,2250.0,17.0,2249.9679135716706,132.35105373951004,0.20319139763190952,超過,0.6907653803846127,11.743011466538416
IQL,29,3,110.0,2250.0,3.0,207.85322787319552,69.28440929106517,-0.3701417337175893,制約内,1.0,3.0
IQL,30,0,130.0,2000.0,10.0,1282.5309112906475,128.25309112906476,-0.013437760545655708,制約内,1.0,10.0
IQL,30,1,130.0,2000.0,26.0,1785.9642943862013,68.69093439946928,-0.4716081969271594,制約内,1.0,26.0
IQL,30,2,130.0,2000.0,18.0,1716.4913021312675,95.36062789618153,-0.2664567084909113,制約内,1.0,18.0
IQL,30,3,130.0,2000.0,9.0,1187.9467897415027,131.99408774905586,0.015339136531199005,超過,0.9700134295584537,8.730120866026088
IQL,31,0,80.0,3900.0,45.0,2949.6559564796444,65.5479101439921,-0.1806511232000988,制約内,1.0,45.0
IQL,31,1,80.0,3900.0,55.0,3476.5107372547864,63.20928613190521,-0.2098839233511849,制約内,1.0,55.0
IQL,31,2,80.0,3900.0,27.0,2858.5792621442497,105.87330600534258,0.3234163250667823,超過,0.5709617630605412,15.415967602634623
IQL,31,3,80.0,3900.0,15.0,1332.5287326360553,88.83524884240369,0.11044061053004617,超過,0.8109784754593578,12.16467713189037
IQL,32,0,120.0,2000.0,26.0,1861.905200120494,71.61173846617285,-0.40323551278189285,制約内,1.0,26.0
IQL,32,1,120.0,2000.0,27.0,1893.0863813726983,70.11431042121104,-0.41571407982324127,制約内,1.0,27.0
IQL,32,2,120.0,2000.0,9.0,898.6221950822905,99.84691056469894,-0.16794241196084214,制約内,1.0,9.0
IQL,32,3,120.0,2000.0,31.0,1999.9359461040942,64.51406277755143,-0.4623828101870714,制約内,1.0,31.0
IQL,33,0,90.0,3250.0,39.0,3139.4132574893288,80.4977758330597,-0.10558026852155877,制約内,1.0,39.0
IQL,33,1,90.0,3250.0,56.0,3217.8761201765637,57.462073574581495,-0.3615325158379834,制約内,1.0,56.0
IQL,33,2,90.0,3250.0,22.0,2202.393919847095,100.1088145385043,0.11232016153893665,超過,0.8082400775798426,17.781281706756523
IQL,33,3,90.0,3250.0,46.0,3249.928424796655,70.65061793036206,-0.2149931341070882,制約内,1.0,46.0
IQL,34,0,70.0,4450.0,29.0,2671.0735302228663,92.1059838007885,0.31579976858269276,超過,0.5775909616820922,16.750137888780674
IQL,34,1,70.0,4450.0,50.0,3996.3457007280604,79.9269140145612,0.14181305735087446,超過,0.7670258307943704,38.35129153971851
IQL,34,2,70.0,4450.0,38.0,2231.903214447333,58.73429511703508,-0.16093864118521317,制約内,1.0,38.0
IQL,34,3,70.0,4450.0,60.0,4320.868147265677,72.01446912109462,0.02877813030135168,超過,0.944836262606702,56.69017575640212
IQL,35,0,80.0,3550.0,48.0,3255.6686979972706,67.82643120827647,-0.15216960989654404,制約内,1.0,48.0
IQL,35,1,80.0,3550.0,59.0,3213.510340421041,54.46627695628883,-0.31917153804638965,制約内,1.0,59.0
IQL,35,2,80.0,3550.0,1.0,196.32318801415482,196.32318801415482,1.4540398501769354,超過,0.16604919653793557,0.16604919653793562
IQL,35,3,80.0,3550.0,46.0,3549.933197404913,77.17246081315028,-0.035344239835621516,制約内,1.0,46.0
IQL,36,0,100.0,2700.0,35.0,2434.9202214957595,69.56914918559313,-0.3043085081440686,制約内,1.0,35.0
IQL,36,1,100.0,2700.0,27.0,2633.0764351789626,97.5213494510727,-0.02478650548927308,制約内,1.0,27.0
IQL,36,2,100.0,2700.0,17.0,1451.4409033623333,85.37887666837254,-0.1462112333162746,制約内,1.0,17.0
IQL,36,3,100.0,2700.0,40.0,2699.9319154789596,67.49829788697399,-0.3250170211302601,制約内,1.0,40.0
IQL,37,0,110.0,2100.0,16.0,1917.307670616533,119.83172941353331,0.08937935830484833,超過,0.8426393110736238,13.482228977177975
IQL,37,1,110.0,2100.0,31.0,2046.5784230290737,66.01865880738947,-0.3998303744782775,制約内,1.0,31.0
IQL,37,2,110.0,2100.0,26.0,1768.7133756993555,68.0274375268983,-0.38156874975547006,制約内,1.0,26.0
IQL,37,3,110.0,2100.0,19.0,2099.9521744129042,110.52379865331075,0.004761805939188735,超過,0.9905439831818785,18.820335680455692
IQL,38,0,60.0,4650.0,47.0,4508.301703891384,95.92131284875285,0.5986885474792141,超過,0.3912661458496014,18.389508854931275
IQL,38,1,60.0,4650.0,60.0,4188.495460195989,69.80825766993316,0.1634709611655525,超過,0.7387353874560798,44.324123247364774
IQL,38,2,60.0,4650.0,22.0,1678.6628129577243,76.30285513444201,0.2717142522407001,超過,0.6183308613539784,13.603278949787525
IQL,38,3,60.0,4650.0,40.0,3755.598105385522,93.88995263463805,0.5648325439106341,超過,0.408379808203566,16.33519232814264
IQL,39,0,130.0,2000.0,23.0,1951.097134674564,84.83031020324191,-0.3474591522827546,制約内,1.0,23.0
IQL,39,1,130.0,2000.0,27.0,1884.5608661102524,69.79855059667601,-0.46308807233326144,制約内,1.0,27.0
IQL,39,2,130.0,2000.0,19.0,1210.259527258435,63.6978698557071,-0.51001638572533,制約内,1.0,19.0
IQL,39,3,130.0,2000.0,20.0,1999.9750308614507,99.99875154307253,-0.23077883428405743,制約内,1.0,20.0
IQL,40,0,90.0,3400.0,8.0,795.7877337162977,99.47346671453721,0.10526074127263563,超過,0.8185976839979477,6.548781471983582
IQL,40,1,90.0,3400.0,41.0,3232.6656437974916,78.8455035072559,-0.12393884991937887,制約内,1.0,41.0
IQL,40,2,90.0,3400.0,28.0,2973.8854380286366,106.21019421530845,0.18011326905898284,超過,0.7180465715228942,20.105304002641038
IQL,40,3,90.0,3400.0,14.0,1795.5575919543398,128.25411371102427,0.42504570790026963,超過,0.4924276277797102,6.893986788915941
IQL,41,0,100.0,2650.0,33.0,2649.912271086916,80.30037185111867,-0.19699628148881332,制約内,1.0,33.0
IQL,41,1,100.0,2650.0,14.0,1617.3777606051203,115.52698290036574,0.15526982900365738,超過,0.7492610163407446,10.489654228770425
IQL,41,2,100.0,2650.0,27.0,2516.278698593127,93.195507355301,-0.06804492644699,制約内,1.0,27.0
IQL,41,3,100.0,2650.0,25.0,1892.2679070554568,75.69071628221828,-0.24309283717781727,制約内,1.0,25.0
IQL,42,0,110.0,2300.0,20.0,2299.901515559435,114.99507577797176,0.045409779799743255,超過,0.9150121961626942,18.300243923253895
IQL,42,1,110.0,2300.0,37.0,2275.0695319072393,61.488365727222686,-0.44101485702524834,制約内,1.0,37.0
IQL,42,2,110.0,2300.0,27.0,2045.836700175827,75.77172963614174,-0.31116609421689323,制約内,1.0,27.0
IQL,42,3,110.0,2300.0,12.0,1425.9881614451679,118.83234678709732,0.08029406170088471,超過,0.856872139606529,10.282465675278349
IQL,43,0,80.0,4100.0,15.0,1518.6587604200156,101.24391736133437,0.2655489670166795,超過,0.6243700933443463,9.3655514001652
IQL,43,1,80.0,4100.0,60.0,3938.0510326509057,65.6341838775151,-0.1795727015310613,制約内,1.0,60.0
IQL,43,2,80.0,4100.0,6.0,474.8496734791141,79.14161224651902,-0.010729846918512309,制約内,1.0,6.0
IQL,43,3,80.0,4100.0,8.0,664.141006765635,83.01762584570437,0.03772032307130457,超過,0.9286228281380448,7.428982625104361
IQL,44,0,60.0,4800.0,20.0,2127.3468055407056,106.36734027703528,0.7727890046172547,超過,0.3181895417402677,6.363790834805348
IQL,44,1,60.0,4800.0,69.0,4738.675563143721,68.67645743686552,0.14460762394775872,超過,0.763285006373008,52.66666543973753
IQL,44,2,60.0,4800.0,43.0,3921.380182967715,91.19488797599337,0.5199147995998894,超過,0.43287401108836704,18.613582476799778
IQL,44,3,60.0,4800.0,38.0,3150.7254365347158,82.91382727722936,0.381897121287156,超過,0.5236590044627362,19.899042169583982
IQL,45,0,70.0,4450.0,50.0,3790.3757449924506,75.80751489984901,0.08296449856927168,超過,0.8526514994179302,42.632574970896506
IQL,45,1,70.0,4450.0,64.0,4382.686606303126,68.47947822348634,-0.021721739664480877,制約内,1.0,64.0
IQL,45,2,70.0,4450.0,10.0,1440.4015729149812,144.04015729149813,1.0577165327356877,超過,0.23617227122304105,2.361722712230409
IQL,45,3,70.0,4450.0,11.0,1069.4063914812943,97.21876286193584,0.38883946945622627,超過,0.5184368933862626,5.702805827248888
IQL,46,0,130.0,2000.0,16.0,1933.8404669192334,120.86502918245209,-0.07026900628883004,制約内,1.0,16.0
IQL,46,1,130.0,2000.0,34.0,1900.8339654713825,55.9068813373936,-0.5699470666354338,制約内,1.0,34.0
IQL,46,2,130.0,2000.0,22.0,1861.3655094088372,84.60752315494715,-0.3491728988080989,制約内,1.0,22.0
IQL,46,3,130.0,2000.0,21.0,1823.7409487259945,86.84480708219021,-0.33196302244469067,制約内,1.0,21.0
IQL,47,0,120.0,2050.0,16.0,1977.793886747254,123.61211792170337,0.030100982680861366,超過,0.9424111094052422,15.078577750483882
IQL,47,1,120.0,2050.0,40.0,2047.8306316872186,51.19576579218047,-0.5733686183984961,制約内,1.0,40.0
IQL,47,2,120.0,2050.0,19.0,1497.9013073154276,78.8369109113383,-0.3430257424055142,制約内,1.0,19.0
IQL,47,3,120.0,2050.0,34.0,1833.226943272506,53.918439508014885,-0.5506796707665427,制約内,1.0,34.0
OnlineLP,0,0,100.0,2900.0,36.0,2863.3108998409207,79.53641388447002,-0.20463586115529975,制約内,1.0,36.0
OnlineLP,0,1,100.0,2900.0,1.0,132.49433570287462,132.49433570287462,0.3249433570287463,超過,0.5696464247808565,0.5696464247808565
OnlineLP,0,2,100.0,2900.0,52.0,2899.9523943355275,55.76831527568322,-0.4423168472431678,制約内,1.0,52.0
OnlineLP,0,3,100.0,2900.0,29.0,2423.5754953331893,83.57156880459273,-0.16428431195407267,制約内,1.0,29.0
OnlineLP,1,0,70.0,4350.0,24.0,2337.613005952142,97.40054191467259,0.3914363130667513,超過,0.5165035771106492,12.396085850655576
OnlineLP,1,1,70.0,4350.0,8.0,429.7513923991628,53.71892404989535,-0.23258679928720927,制約内,1.0,8.0
OnlineLP,1,2,70.0,4350.0,43.0,3573.002952396727,83.09309191620295,0.18704417023147069,超過,0.7096860050513799,30.516498217209342
OnlineLP,1,3,70.0,4350.0,24.0,1563.1380764048613,65.13075318353589,-0.06956066880663014,制約内,1.0,24.0
OnlineLP,2,0,90.0,3000.0,53.0,2999.78701561899,56.59975501167906,-0.37111383320356606,制約内,1.0,53.0
OnlineLP,2,1,90.0,3000.0,1.0,115.737763728553,115.737763728553,0.2859751525394778,超過,0.6046928667962613,0.6046928667962613
OnlineLP,2,2,90.0,3000.0,37.0,2999.957360901819,81.07992867302214,-0.0991119036330873,制約内,1.0,37.0
OnlineLP,2,3,90.0,3000.0,24.0,1877.37298282019,78.22387428417458,-0.1308458412869491,制約内,1.0,24.0
OnlineLP,3,0,110.0,2400.0,17.0,2355.6169930434244,138.5657054731426,0.25968823157402365,超過,0.6301934078237503,10.713287933003755
OnlineLP,3,1,110.0,2400.0,0.0,4.179332933908167,,,購入0・支払いあり,6.927418606630371e-18,0.0
OnlineLP,3,2,110.0,2400.0,19.0,2399.8714386606916,126.30902308740482,0.1482638462491348,超過,0.7584319464639548,14.410206982815147
OnlineLP,3,3,110.0,2400.0,0.0,42.732300033566375,,,購入0・支払いあり,6.62632651756881e-20,0.0
OnlineLP,4,0,60.0,4800.0,34.0,2164.36972732345,63.657933156572064,0.06096555260953429,超過,0.8883772595369629,30.204826824256738
OnlineLP,4,1,60.0,4800.0,5.0,486.6017653409512,97.32035306819024,0.6220058844698373,超過,0.3800976189971335,1.9004880949856675
OnlineLP,4,2,60.0,4800.0,41.0,3738.883935129946,91.1922911007304,0.5198715183455067,超過,0.43289866527367177,17.74884527622055
OnlineLP,4,3,60.0,4800.0,7.0,506.4586160248134,72.35123086068764,0.2058538476781273,超過,0.6877184141610714,4.8140288991275
OnlineLP,5,0,130.0,2000.0,16.0,1970.4661431006846,123.15413394379279,-0.052660508124670824,制約内,1.0,16.0
OnlineLP,5,1,130.0,2000.0,9.0,1971.8239543587438,219.09155048430486,0.6853196191100375,超過,0.3520752099856765,3.1686768898710884
OnlineLP,5,2,130.0,2000.0,32.0,1999.897835340089,62.49680735437778,-0.5192553280432479,制約内,1.0,32.0
OnlineLP,5,3,130.0,2000.0,1.0,480.54308543127695,480.54308543127695,2.6964852725482844,超過,0.07318499367344701,0.07318499367344701
OnlineLP,6,0,120.0,2050.0,32.0,2049.866188716274,64.05831839738356,-0.4661806800218037,制約内,1.0,32.0
OnlineLP,6,1,120.0,2050.0,11.0,2043.675625413066,185.78869321936963,0.5482391101614137,超過,0.41718043442007097,4.58898477862078
OnlineLP,6,2,120.0,2050.0,17.0,1960.2981010210076,115.31165300123574,-0.03906955832303549,制約内,1.0,17.0
OnlineLP,6,3,120.0,2050.0,22.0,2049.9931943460497,93.18150883391135,-0.22348742638407204,制約内,1.0,22.0
OnlineLP,7,0,80.0,3500.0,48.0,3499.9101125261527,72.91479401096151,-0.08856507486298104,制約内,1.0,48.0
OnlineLP,7,1,80.0,3500.0,8.0,363.4760570030678,45.434507125383476,-0.43206866093270657,制約内,1.0,8.0
OnlineLP,7,2,80.0,3500.0,61.0,3499.8239823340086,57.37416364481982,-0.28282295443975225,制約内,1.0,61.0
OnlineLP,7,3,80.0,3500.0,41.0,2120.7586727299636,51.725821286096675,-0.3534272339237916,制約内,1.0,41.0
OnlineLP,8,0,70.0,4600.0,56.0,3892.340945011897,69.50608830378387,-0.007055881374516182,制約内,1.0,56.0
OnlineLP,8,1,70.0,4600.0,60.0,4599.936885619951,76.66561476033252,0.09522306800475033,超過,0.8336712698407012,50.02027619044207
OnlineLP,8,2,70.0,4600.0,14.0,2446.600055647703,174.7571468319788,1.4965306690282683,超過,0.16044500046442767,2.2462300065019867
OnlineLP,8,3,70.0,4600.0,52.0,4599.937445735212,88.46033549490792,0.2637190784986847,超過,0.6261796012973965,32.56133926746463
OnlineLP,9,0,130.0,2000.0,43.0,1999.955488867228,46.51059276435414,-0.6422262095049681,制約内,1.0,43.0
OnlineLP,9,1,130.0,2000.0,31.0,1999.954209485056,64.51465191887277,-0.5037334467779018,制約内,1.0,31.0
OnlineLP,9,2,130.0,2000.0,6.0,410.45043545188776,68.40840590864796,-0.4737814930104003,制約内,1.0,6.0
OnlineLP,9,3,130.0,2000.0,40.0,1999.9049669599908,49.99762417399977,-0.6154028909692326,制約内,1.0,40.0
OnlineLP,10,0,100.0,2800.0,13.0,996.6047780042452,76.66190600032655,-0.23338093999673448,制約内,1.0,13.0
OnlineLP,10,1,100.0,2800.0,29.0,2799.8712129951723,96.54728320673009,-0.034527167932699165,制約内,1.0,29.0
OnlineLP,10,2,100.0,2800.0,21.0,1744.8533033698732,83.08825254142253,-0.16911747458577464,制約内,1.0,21.0
OnlineLP,10,3,100.0,2800.0,29.0,2799.97437495172,96.55084051557655,-0.034491594844234474,制約内,1.0,29.0
OnlineLP,11,0,110.0,2350.0,28.0,2349.8180497878775,83.92207320670991,-0.23707206175718265,制約内,1.0,28.0
OnlineLP,11,1,110.0,2350.0,37.0,2349.980640136565,63.512990273961215,-0.4226091793276253,制約内,1.0,37.0
OnlineLP,11,2,110.0,2350.0,0.0,81.71661349956149,,,購入0・支払いあり,1.8120269380464974e-20,0.0
OnlineLP,11,3,110.0,2350.0,32.0,2349.9300252592902,73.43531328935282,-0.3324062428240653,制約内,1.0,32.0
OnlineLP,12,0,120.0,2050.0,6.0,575.1863347721968,95.86438912869947,-0.20113009059417108,制約内,1.0,6.0
OnlineLP,12,1,120.0,2050.0,21.0,2049.870664743242,97.61288879729723,-0.1865592600225231,制約内,1.0,21.0
OnlineLP,12,2,120.0,2050.0,24.0,1671.0641742866087,69.6276739286087,-0.4197693839282608,制約内,1.0,24.0
OnlineLP,12,3,120.0,2050.0,21.0,2049.989079632942,97.61852760156866,-0.18651226998692783,制約内,1.0,21.0
OnlineLP,13,0,90.0,2900.0,38.0,2899.847523585928,76.31177693647179,-0.1520913673725357,制約内,1.0,38.0
OnlineLP,13,1,90.0,2900.0,43.0,2899.8841723644764,67.43916679917388,-0.25067592445362363,制約内,1.0,43.0
OnlineLP,13,2,90.0,2900.0,12.0,1012.3950025848055,84.36625021540046,-0.06259721982888378,制約内,1.0,12.0
OnlineLP,13,3,90.0,2900.0,40.0,2899.947481464081,72.49868703660204,-0.19445903292664402,制約内,1.0,40.0
OnlineLP,14,0,60.0,4750.0,74.0,4749.34907005808,64.1803928386227,0.06967321397704485,超過,0.8739724822525748,64.67396368669054
OnlineLP,14,1,60.0,4750.0,49.0,4749.842994659227,96.93557131957606,0.6155928553262675,超過,0.3831211716449555,18.77293741060282
OnlineLP,14,2,60.0,4750.0,3.0,807.0873890452992,269.0291296817664,3.48381882802944,超過,0.049739783138018974,0.1492193494140569
OnlineLP,14,3,60.0,4750.0,67.0,4749.91488979062,70.89425208642716,0.1815708681071193,超過,0.7162760836647069,47.99049760553536
OnlineLP,15,0,80.0,3450.0,10.0,959.514812623264,95.9514812623264,0.19939351577908004,超過,0.6951469262969857,6.951469262969859
OnlineLP,15,1,80.0,3450.0,47.0,3449.9814961249635,73.40386161968007,-0.08245172975399906,制約内,1.0,47.0
OnlineLP,15,2,80.0,3450.0,17.0,1403.6372749846964,82.56689852851156,0.032086231606394566,超過,0.9387890840360745,15.95941442861326
OnlineLP,15,3,80.0,3450.0,49.0,3449.9500026753713,70.40714291174227,-0.11991071360322159,制約内,1.0,49.0
OnlineLP,16,0,130.0,2000.0,23.0,1961.9366812486562,85.30159483689809,-0.34383388587001473,制約内,1.0,23.0
OnlineLP,16,1,130.0,2000.0,23.0,1999.9116003989514,86.95267827821527,-0.3311332440137287,制約内,1.0,23.0
OnlineLP,16,2,130.0,2000.0,18.0,1879.8111745769331,104.43395414316295,-0.19666189120643884,制約内,1.0,18.0
OnlineLP,16,3,130.0,2000.0,35.0,1999.9701888369764,57.14200539534218,-0.5604461123435217,制約内,1.0,35.0
OnlineLP,17,0,80.0,3500.0,34.0,2249.6300209406586,66.16558885119584,-0.17293013936005208,制約内,1.0,34.0
OnlineLP,17,1,80.0,3500.0,2.0,195.44147302000465,97.72073651000233,0.22150920637502902,超過,0.6702032213359397,1.34040644267188
OnlineLP,17,2,80.0,3500.0,24.0,1545.9064305637978,64.41276794015825,-0.1948404007480219,制約内,1.0,24.0
OnlineLP,17,3,80.0,3500.0,61.0,3499.9909364263376,57.376900597153075,-0.2827887425355866,制約内,1.0,61.0
OnlineLP,18,0,110.0,2200.0,25.0,2180.6028149314316,87.22411259725726,-0.20705352184311576,制約内,1.0,25.0
OnlineLP,18,1,110.0,2200.0,35.0,2199.9718572179595,62.856338777655985,-0.42857873838494565,制約内,1.0,35.0
OnlineLP,18,2,110.0,2200.0,3.0,171.81832584791945,57.27277528263982,-0.4793384065214562,制約内,1.0,3.0
OnlineLP,18,3,110.0,2200.0,46.0,2199.9072579736503,47.824070825514134,-0.5652357197680533,制約内,1.0,46.0
OnlineLP,19,0,100.0,2700.0,52.0,2699.9307205160094,51.92174462530787,-0.48078255374692125,制約内,1.0,52.0
OnlineLP,19,1,100.0,2700.0,27.0,2699.9399061816894,99.99777430302554,-2.225696974467173e-05,制約内,1.0,27.0
OnlineLP,19,2,100.0,2700.0,27.0,2699.9982353634077,99.99993464308918,-6.535691082776296e-07,制約内,1.0,27.0
OnlineLP,19,3,100.0,2700.0,39.0,2699.9812273893576,69.2302878817784,-0.30769712118221604,制約内,1.0,39.0
OnlineLP,20,0,90.0,3100.0,6.0,446.5893551768704,74.43155919614507,-0.1729826755983881,制約内,1.0,6.0
OnlineLP,20,1,90.0,3100.0,17.0,1647.7662947119627,96.92742910070369,0.07697143445226318,超過,0.8621674676933924,14.656846950787669
OnlineLP,20,2,90.0,3100.0,29.0,3039.686256849344,104.81676747756359,0.16463074975070646,超過,0.73726479214382,21.380678972170774
OnlineLP,20,3,90.0,3100.0,33.0,3030.4626156128306,91.83220047311607,0.0203577830346231,超過,0.9604948419677208,31.696329784934786
OnlineLP,21,0,120.0,2100.0,43.0,2099.9432231869005,48.835888911323266,-0.5930342590723061,制約内,1.0,43.0
OnlineLP,21,1,120.0,2100.0,13.0,1528.7202736237816,117.59386720182935,-0.020051106651422068,制約内,1.0,13.0
OnlineLP,21,2,120.0,2100.0,20.0,2099.919614625598,104.9959807312799,-0.12503349390600083,制約内,1.0,20.0
OnlineLP,21,3,120.0,2100.0,29.0,2099.9704485753728,72.41277408880596,-0.39656021592661694,制約内,1.0,29.0
OnlineLP,22,0,60.0,4850.0,46.0,3320.615279875675,72.18728869294945,0.20312147821582416,超過,0.6908456703848062,31.778900837701084
OnlineLP,22,1,60.0,4850.0,3.0,412.9949031788905,137.66496772629685,1.2944161287716143,超過,0.18995714175407666,0.5698714252622303
OnlineLP,22,2,60.0,4850.0,57.0,4718.6527742318995,82.78338200406841,0.37972303340114033,超過,0.5253106079307622,29.942704652053454
OnlineLP,22,3,60.0,4850.0,50.0,3570.686680027522,71.41373360055044,0.19022889334250737,超過,0.7058932393700702,35.29466196850349
OnlineLP,23,0,70.0,4100.0,59.0,4099.731969519959,69.4869825342366,-0.007328820939477065,制約内,1.0,59.0
OnlineLP,23,1,70.0,4100.0,26.0,1988.0913894226358,76.46505343933214,0.09235790627617346,超過,0.8380503026758618,21.789307869572408
OnlineLP,23,2,70.0,4100.0,39.0,2682.74859561282,68.78842552853384,-0.017308206735230924,制約内,1.0,39.0
OnlineLP,23,3,70.0,4100.0,46.0,4099.985390069422,89.13011717542221,0.2732873882203173,超過,0.6168039199216092,28.372980316394024
OnlineLP,24,0,120.0,2000.0,23.0,1999.9786424165507,86.95559314854567,-0.2753700570954527,制約内,1.0,23.0
OnlineLP,24,1,120.0,2000.0,16.0,1999.9591656917378,124.99744785573361,0.041645398797780064,超過,0.9216376340611062,14.746202144977703
OnlineLP,24,2,120.0,2000.0,12.0,1926.8531151900465,160.5710929325039,0.338092441104199,超過,0.5585058999224655,6.702070799069586
OnlineLP,24,3,120.0,2000.0,5.0,551.0756598443688,110.21513196887376,-0.08154056692605194,制約内,1.0,5.0
OnlineLP,25,0,60.0,4800.0,17.0,877.9860530582188,51.64623841518934,-0.13922935974684436,制約内,1.0,17.0
OnlineLP,25,1,60.0,4800.0,32.0,2390.134682178712,74.69170881808475,0.2448618136347458,超過,0.6452941230601748,20.649411937925578
OnlineLP,25,2,60.0,4800.0,33.0,2158.626035927042,65.41291017960732,0.09021516966012211,超過,0.8413477907252559,27.764477093933444
OnlineLP,25,3,60.0,4800.0,38.0,2076.0929347394995,54.63402459840788,-0.08943292335986863,制約内,1.0,38.0
OnlineLP,26,0,90.0,3050.0,33.0,2886.6394300183542,87.47392212176831,-0.028067531980352056,制約内,1.0,33.0
OnlineLP,26,1,90.0,3050.0,31.0,3049.9765716907923,98.38634102228362,0.09318156691426238,超過,0.8367879158488474,25.940425391314257
OnlineLP,26,2,90.0,3050.0,37.0,3049.8920126708044,82.42951385596768,-0.08411651271147014,制約内,1.0,37.0
OnlineLP,26,3,90.0,3050.0,22.0,1896.9169747938147,86.2234988542643,-0.04196112384150774,制約内,1.0,22.0
OnlineLP,27,0,70.0,4250.0,6.0,1168.4956535102397,194.74927558503995,1.7821325083577135,超過,0.12919460494177654,0.7751676296506589
OnlineLP,27,1,70.0,4250.0,52.0,4249.9719373150765,81.73022956375146,0.16757470805359231,超過,0.7335515557405352,38.14468089850783
OnlineLP,27,2,70.0,4250.0,21.0,1176.6256775579002,56.029794169423816,-0.19957436900823122,制約内,1.0,21.0
OnlineLP,27,3,70.0,4250.0,2.0,230.40528507209004,115.20264253604502,0.6457520362292146,超過,0.3692080808393953,0.738416161678791
OnlineLP,28,0,100.0,2850.0,32.0,2764.8075768234503,86.40023677573282,-0.1359976322426718,制約内,1.0,32.0
OnlineLP,28,1,100.0,2850.0,34.0,2849.9598177723065,83.82234758153842,-0.16177652418461574,制約内,1.0,34.0
OnlineLP,28,2,100.0,2850.0,34.0,2849.9616701082814,83.82240206200828,-0.16177597937991717,制約内,1.0,34.0
OnlineLP,28,3,100.0,2850.0,25.0,2297.752161880441,91.91008647521762,-0.08089913524782377,制約内,1.0,25.0
OnlineLP,29,0,110.0,2250.0,21.0,1520.5044261834516,72.40497267540246,-0.34177297567815945,制約内,1.0,21.0
OnlineLP,29,1,110.0,2250.0,39.0,2249.9136032862625,57.690092391955446,-0.4755446146185869,制約内,1.0,39.0
OnlineLP,29,2,110.0,2250.0,23.0,2249.8664815946922,97.82028180846488,-0.11072471083213742,制約内,1.0,23.0
OnlineLP,29,3,110.0,2250.0,3.0,580.5116902096868,193.50389673656227,0.759126333968748,超過,0.3231513242852019,0.969453972855606
OnlineLP,30,0,130.0,2000.0,19.0,1986.1892240894194,104.5362749520747,-0.1958748080609638,制約内,1.0,19.0
OnlineLP,30,1,130.0,2000.0,20.0,1999.949858343317,99.99749291716584,-0.23078851602180117,制約内,1.0,20.0
OnlineLP,30,2,130.0,2000.0,15.0,1999.9171388153852,133.327809254359,0.025598532725838563,超過,0.950703774820371,14.260556622305572
OnlineLP,30,3,130.0,2000.0,6.0,592.3442008370897,98.72403347284829,-0.24058435790116695,制約内,1.0,6.0
OnlineLP,31,0,80.0,3900.0,50.0,3497.4525244616098,69.94905048923219,-0.12563686888459757,制約内,1.0,50.0
OnlineLP,31,1,80.0,3900.0,61.0,3899.935145530731,63.9333630414874,-0.20083296198140754,制約内,1.0,61.0
OnlineLP,31,2,80.0,3900.0,26.0,2071.6761636635765,79.67985244859909,-0.004001844392511389,制約内,1.0,26.0
OnlineLP,31,3,80.0,3900.0,24.0,2542.514564273573,105.9381068447322,0.3242263355591526,超過,0.5702634782457957,13.686323477899098
OnlineLP,32,0,120.0,2000.0,21.0,1881.4336522395472,89.59207867807368,-0.25339934434938605,制約内,1.0,21.0
OnlineLP,32,1,120.0,2000.0,29.0,1999.9715140859282,68.96453496848028,-0.42529554192933106,制約内,1.0,29.0
OnlineLP,32,2,120.0,2000.0,8.0,738.2839793041588,92.28549741301985,-0.2309541882248346,制約内,1.0,8.0
OnlineLP,32,3,120.0,2000.0,22.0,1999.9204718085061,90.90547599129573,-0.2424543667392023,制約内,1.0,22.0
OnlineLP,33,0,90.0,3250.0,66.0,3249.9262888403937,49.24130740667263,-0.45287436214808185,制約内,1.0,66.0
OnlineLP,33,1,90.0,3250.0,46.0,3249.9907427503226,70.65197266848527,-0.21497808146127473,制約内,1.0,46.0
OnlineLP,33,2,90.0,3250.0,16.0,1764.5085792631535,110.28178620394709,0.22535318004385663,超過,0.6660049171535005,10.656078674456007
OnlineLP,33,3,90.0,3250.0,41.0,3249.999437866427,79.26827897235188,-0.11924134475164583,制約内,1.0,41.0
OnlineLP,34,0,70.0,4450.0,30.0,2990.917404553136,99.69724681843786,0.42424638312054097,超過,0.49298050972346363,14.789415291703905
OnlineLP,34,1,70.0,4450.0,58.0,4449.99595212102,76.7240681400176,0.09605811628596572,超過,0.8324014638655569,48.2792849042023
OnlineLP,34,2,70.0,4450.0,42.0,3165.4128004990735,75.36697144045414,0.0766710205779162,超過,0.8626486605462516,36.23124374294257
OnlineLP,34,3,70.0,4450.0,48.0,4449.9278109125535,92.70682939401154,0.32438327705730763,超過,0.570128332015823,27.366159936759505
OnlineLP,35,0,80.0,3550.0,78.0,3501.464504222976,44.89057056696123,-0.4388678679129846,制約内,1.0,78.0
OnlineLP,35,1,80.0,3550.0,68.0,3549.925260187041,52.204783238044726,-0.3474402095244409,制約内,1.0,68.0
OnlineLP,35,2,80.0,3550.0,8.0,334.86510327964663,41.85813790995583,-0.4767732761255521,制約内,1.0,8.0
OnlineLP,35,3,80.0,3550.0,43.0,3549.9321996498425,82.55656278255448,0.031957034781930904,超過,0.9390241638957608,40.37803904751772
OnlineLP,36,0,100.0,2700.0,58.0,2686.8790868274527,46.325501497025044,-0.5367449850297495,制約内,1.0,58.0
OnlineLP,36,1,100.0,2700.0,40.0,2699.976283085567,67.49940707713918,-0.32500592922860816,制約内,1.0,40.0
OnlineLP,36,2,100.0,2700.0,4.0,550.5474062579386,137.63685156448466,0.37636851564484664,超過,0.5278743270983618,2.111497308393448
OnlineLP,36,3,100.0,2700.0,30.0,2699.971261073111,89.99904203577036,-0.1000095796422964,制約内,1.0,30.0
OnlineLP,37,0,110.0,2100.0,7.0,1343.5366059063904,191.93380084377006,0.7448527349433642,超過,0.3284599655377087,2.299219758763961
OnlineLP,37,1,110.0,2100.0,30.0,2099.947006587592,69.99823355291974,-0.3636524222461841,制約内,1.0,30.0
OnlineLP,37,2,110.0,2100.0,23.0,1587.0778279545218,69.00338382410965,-0.3726965106899123,制約内,1.0,23.0
OnlineLP,37,3,110.0,2100.0,16.0,2099.994417961383,131.24965112258644,0.19317864656896755,超過,0.7024073622778235,11.238517796445176
OnlineLP,38,0,60.0,4650.0,72.0,4649.998906962165,64.58331815225229,0.07638863587087141,超過,0.8631013422886136,62.14329664478018
OnlineLP,38,1,60.0,4650.0,44.0,2931.8998451365046,66.63408738946602,0.11056812315776687,超過,0.8107922571411268,35.67485931420958
OnlineLP,38,2,60.0,4650.0,14.0,995.2792230061275,71.09137307186624,0.1848562178644373,超過,0.7123094336422282,9.972332070991202
OnlineLP,38,3,60.0,4650.0,11.0,586.208460468401,53.29167822440009,-0.11180536292666521,制約内,1.0,11.0
OnlineLP,39,0,130.0,2000.0,19.0,1999.927223002576,105.25932752645137,-0.19031286518114332,制約内,1.0,19.0
OnlineLP,39,1,130.0,2000.0,43.0,1999.966324533506,46.51084475659316,-0.6422242711031296,制約内,1.0,43.0
OnlineLP,39,2,130.0,2000.0,11.0,617.4591847363886,56.132653157853504,-0.5682103603242038,制約内,1.0,11.0
OnlineLP,39,3,130.0,2000.0,21.0,1999.9329024640915,95.23490011733769,-0.2674238452512485,制約内,1.0,21.0
OnlineLP,40,0,90.0,3400.0,9.0,1160.9683666900105,128.99648518777894,0.43329427986421054,超過,0.4867761200186883,4.380985080168195
OnlineLP,40,1,90.0,3400.0,37.0,3399.9971804686907,91.89181568834299,0.02102017431492209,超過,0.9592489958070671,35.49221284486152
OnlineLP,40,2,90.0,3400.0,34.0,3399.984106427732,99.99953254199212,0.1111059171332458,超過,0.8100075728759726,27.54025747778306
OnlineLP,40,3,90.0,3400.0,22.0,3304.0796896363167,150.1854404380144,0.668727115977938,超過,0.3591115338151721,7.900453743933785
OnlineLP,41,0,100.0,2650.0,27.0,2179.954643655363,80.73906087612455,-0.19260939123875442,制約内,1.0,27.0
OnlineLP,41,1,100.0,2650.0,23.0,2649.970043559272,115.21608885040314,0.1521608885040313,超過,0.7533100180479037,17.326130415101783
OnlineLP,41,2,100.0,2650.0,25.0,2649.9919493409247,105.99967797363699,0.059996779736369854,超過,0.890001847635204,22.250046190880088
OnlineLP,41,3,100.0,2650.0,30.0,2555.529228764476,85.18430762548253,-0.14815692374517464,制約内,1.0,30.0
OnlineLP,42,0,110.0,2300.0,35.0,2299.9333954897966,65.7123827282799,-0.4026147024701827,制約内,1.0,35.0
OnlineLP,42,1,110.0,2300.0,28.0,2299.960578350032,82.14144922678686,-0.25325955248375576,制約内,1.0,28.0
OnlineLP,42,2,110.0,2300.0,28.0,2299.9397804775995,82.14070644562855,-0.25326630503974046,制約内,1.0,28.0
OnlineLP,42,3,110.0,2300.0,24.0,2299.9136528186,95.82973553410834,-0.12882058605356062,制約内,1.0,24.0
OnlineLP,43,0,80.0,4100.0,14.0,1760.660015942562,125.76142971018301,0.5720178713772877,超過,0.40465512211117843,5.6651717095565
OnlineLP,43,1,80.0,4100.0,49.0,4099.972984242509,83.67291804576548,0.04591147557206865,超過,0.9141345929134033,44.79259505275679
OnlineLP,43,2,80.0,4100.0,7.0,555.6293071927951,79.37561531325643,-0.007804808584294554,制約内,1.0,7.0
OnlineLP,43,3,80.0,4100.0,16.0,1266.6953927943125,79.16846204964453,-0.010394224379443373,制約内,1.0,16.0
OnlineLP,44,0,60.0,4800.0,7.0,795.113502005148,113.58764314359257,0.8931273857265429,超過,0.2790232057240725,1.9531624400685084
OnlineLP,44,1,60.0,4800.0,62.0,4799.943861512926,77.41844937924074,0.2903074896540123,超過,0.6006390494880257,37.23962106825759
OnlineLP,44,2,60.0,4800.0,29.0,2433.3925729494354,83.91008872239432,0.39850147870657193,超過,0.5112980544449997,14.82764357890499
OnlineLP,44,3,60.0,4800.0,39.0,3319.251957683865,85.10902455599654,0.41848374259994237,超過,0.4969941475841212,19.38277175578071
OnlineLP,45,0,70.0,4450.0,52.0,3747.419924852773,72.06576778563024,0.029510968366146306,超過,0.9434916134305049,49.06156389838627
OnlineLP,45,1,70.0,4450.0,52.0,4449.94973635759,85.5759564684152,0.22251366383450288,超過,0.6691023516661772,34.79332228664122
OnlineLP,45,2,70.0,4450.0,19.0,1974.7784796398,103.93570945472632,0.48479584935323317,超過,0.4535931739769379,8.618270305561818
OnlineLP,45,3,70.0,4450.0,20.0,1834.4075521634306,91.72037760817153,0.3102911086881648,超過,0.5824577282001782,11.649154564003563
OnlineLP,46,0,130.0,2000.0,8.0,1052.5899766457078,131.57374708071347,0.012105746774718984,超過,0.976221163287972,7.80976930630378
OnlineLP,46,1,130.0,2000.0,32.0,1999.9035797563365,62.496986867385516,-0.5192539471739576,制約内,1.0,32.0
OnlineLP,46,2,130.0,2000.0,20.0,1999.927005356038,99.9963502678019,-0.23079730563229306,制約内,1.0,20.0
OnlineLP,46,3,130.0,2000.0,24.0,1999.9862623626339,83.3327609317764,-0.3589787620632584,制約内,1.0,24.0
OnlineLP,47,0,120.0,2050.0,19.0,1724.2749368609034,90.75131246636333,-0.24373906278030555,制約内,1.0,19.0
OnlineLP,47,1,120.0,2050.0,36.0,2049.9757848998415,56.94377180277338,-0.5254685683102218,制約内,1.0,36.0
OnlineLP,47,2,120.0,2050.0,24.0,1997.8073062124677,83.24197109218615,-0.3063169075651154,制約内,1.0,24.0
OnlineLP,47,3,120.0,2050.0,36.0,2049.9120559287953,56.94200155357765,-0.525483320386853,制約内,1.0,36.0
PID,0,0,100.0,2900.0,24.0,2899.9743841562813,120.83226600651172,0.20832266006511713,超過,0.6849110295026906,16.437864708064566
PID,0,1,100.0,2900.0,22.0,2861.8117857578954,130.08235389808615,0.30082353898086156,超過,0.5909669940109415,13.001273868240714
PID,0,2,100.0,2900.0,40.0,2861.191903056262,71.52979757640655,-0.2847020242359345,制約内,1.0,40.0
PID,0,3,100.0,2900.0,26.0,2899.980605750286,111.53771560578024,0.1153771560578023,超過,0.8038157453361015,20.899209378738625
PID,1,0,70.0,4350.0,26.0,4241.4487677516245,163.13264491352402,1.330466355907486,超過,0.18412566351522044,4.787267251395732
PID,1,1,70.0,4350.0,24.0,4349.815354014883,181.2423064172868,1.58917580596124,超過,0.1491684302864281,3.580042326874274
PID,1,2,70.0,4350.0,21.0,4349.963526395833,207.14112030456346,1.9591588614937638,超過,0.11419929912161994,2.3981852815540186
PID,1,3,70.0,4350.0,28.0,4349.977586469744,155.35634237391943,1.2193763196274205,超過,0.20301966380185948,5.684550586452065
PID,2,0,90.0,3000.0,15.0,2999.9288338696506,199.99525559131004,1.2221695065701117,超過,0.20250960777196725,3.0376441165795094
PID,2,1,90.0,3000.0,17.0,2999.99197910977,176.47011641822178,0.9607790713135753,超過,0.2601013908307089,4.421723644122051
PID,2,2,90.0,3000.0,13.0,2999.9901135852256,230.76847027578657,1.5640941141754063,超過,0.15210100248962186,1.977313032365084
PID,2,3,90.0,3000.0,22.0,2994.4010985514915,136.1091408432496,0.5123237871472179,超過,0.43723048402254605,9.619070648496013
PID,3,0,110.0,2400.0,17.0,2357.32074946093,138.66592643887824,0.26059933126252943,超過,0.6292827909248564,10.697807445722558
PID,3,1,110.0,2400.0,9.0,2382.764397486183,264.751599720687,1.4068327247335182,超過,0.17262678584387414,1.5536410725948673
PID,3,2,110.0,2400.0,15.0,2399.9059445134944,159.99372963423295,0.45448845122029957,超過,0.47269329877821725,7.090399481673261
PID,3,3,110.0,2400.0,9.0,2399.9845961189235,266.6649551243248,1.4242268647665894,超過,0.17015843424688182,1.5314259082219364
PID,4,0,60.0,4800.0,24.0,4799.921700183169,199.99673750763205,2.333278958460534,超過,0.09000293631563876,2.16007047157533
PID,4,1,60.0,4800.0,30.0,4799.982889289766,159.9994296429922,1.6666571607165368,超過,0.14062600258680044,4.218780077604014
PID,4,2,60.0,4800.0,47.0,4365.789779196142,92.88914423821579,0.5481524039702632,超過,0.4172271651353224,19.609676761360152
PID,4,3,60.0,4800.0,51.0,4799.920638579816,94.11609095254542,0.5686015158757569,超過,0.4064196890745126,20.727404142800136
PID,5,0,130.0,2000.0,9.0,1999.9200950676864,222.21334389640958,0.7093334145877661,超過,0.34225234711162406,3.0802711240046166
PID,5,1,130.0,2000.0,10.0,1999.9415464714639,199.9941546471464,0.5384165742088183,超過,0.4225246977065802,4.2252469770658
PID,5,2,130.0,2000.0,26.0,1999.7741713469693,76.91439120565266,-0.40835083687959495,制約内,1.0,26.0
PID,5,3,130.0,2000.0,13.0,1999.9177213643804,153.83982472033696,0.18338326707951502,超過,0.7140837526383957,9.283088784299144
PID,6,0,120.0,2050.0,12.0,2049.983449039404,170.831954086617,0.42359961738847507,超過,0.493428550490089,5.921142605881069
PID,6,1,120.0,2050.0,7.0,2049.953980748579,292.8505686783684,1.44042140565307,超過,0.16790759792745813,1.1753531854922068
PID,6,2,120.0,2050.0,17.0,2049.9355654647006,120.58444502733533,0.004870375227794543,超過,0.9903299519039604,16.835609182367335
PID,6,3,120.0,2050.0,15.0,2049.9502800428595,136.6633520028573,0.13886126669047738,超過,0.7710070599234189,11.565105898851284
PID,7,0,80.0,3500.0,21.0,3499.943739144478,166.66398757830848,1.083299844728856,超過,0.23040740732401402,4.838555553804292
PID,7,1,80.0,3500.0,30.0,3457.7256049682096,115.25752016560699,0.4407190020700873,超過,0.48177186219304624,14.453155865791388
PID,7,2,80.0,3500.0,27.0,3499.978926007335,129.62884911138278,0.6203606138922848,超過,0.3808698926533454,10.283487101640326
PID,7,3,80.0,3500.0,31.0,3499.9693176346254,112.90223605272985,0.4112779506591231,超過,0.502082272249649,15.564550439739111
PID,8,0,70.0,4600.0,44.0,4367.448829572833,99.26020067210985,0.41800286674442644,超過,0.49733128795981335,21.882576670231803
PID,8,1,70.0,4600.0,41.0,4599.965404184379,112.1942781508385,0.6027754021548357,超過,0.3892733411183342,15.960206985851707
PID,8,2,70.0,4600.0,31.0,4599.996325108619,148.3869782293103,1.119813974704433,超過,0.22253816275113084,6.898683045285056
PID,8,3,70.0,4600.0,51.0,4599.969775803038,90.19548580005957,0.2885069400008511,超過,0.6023188791036065,30.71826283428393
PID,9,0,130.0,2000.0,17.0,1999.903062543933,117.64135662023135,-0.0950664875366819,制約内,1.0,17.0
PID,9,1,130.0,2000.0,24.0,1999.9273525761594,83.33030635733998,-0.3589976434050771,制約内,1.0,24.0
PID,9,2,130.0,2000.0,7.0,1999.926938809467,285.70384840135245,1.1977219107796344,超過,0.20704012632759589,1.4492808842931713
PID,9,3,130.0,2000.0,34.0,1972.0525935460873,58.00154686900257,-0.5538342548538264,制約内,1.0,34.0
PID,10,0,100.0,2800.0,20.0,2799.8304675107843,139.9915233755392,0.39991523375539195,超過,0.5102658702257897,10.205317404515792
PID,10,1,100.0,2800.0,23.0,2799.9268189592512,121.73594865040222,0.21735948650402226,超過,0.674780169728073,15.519943903745679
PID,10,2,100.0,2800.0,29.0,2664.163389410769,91.86770308312997,-0.0813229691687003,制約内,1.0,29.0
PID,10,3,100.0,2800.0,28.0,2799.952420269201,99.99830072390003,-1.699276099964564e-05,制約内,1.0,28.0
PID,11,0,110.0,2350.0,19.0,2349.975236200781,123.68290716846217,0.1243900651678378,超過,0.7909809075071133,15.028637242635153
PID,11,1,110.0,2350.0,26.0,2349.915001635472,90.38134621674892,-0.17835139802955524,制約内,1.0,26.0
PID,11,2,110.0,2350.0,13.0,2349.9979185206844,180.76907065543725,0.6433551877767023,超過,0.37028585287761134,4.813716087408947
PID,11,3,110.0,2350.0,27.0,2334.3095035416736,86.4559075385805,-0.21403720419472272,制約内,1.0,27.0
PID,12,0,120.0,2050.0,9.0,2049.9184309846014,227.7687145538446,0.8980726212820385,超過,0.2775711664784678,2.4981404983062103
PID,12,1,120.0,2050.0,15.0,2049.9887246175017,136.6659149745001,0.13888262478750102,超過,0.7709781419492159,11.564672129238238
PID,12,2,120.0,2050.0,10.0,2049.965134473664,204.9965134473664,0.7083042787280533,超過,0.3426648383318564,3.4266483833185624
PID,12,3,120.0,2050.0,23.0,2049.904997229489,89.12630422736908,-0.2572807981052577,制約内,1.0,23.0
PID,13,0,90.0,2900.0,23.0,2899.9894653382203,126.0864984929661,0.40096109436629,超過,0.5095042962206238,11.71859881307435
PID,13,1,90.0,2900.0,32.0,2899.9133381635666,90.62229181761145,0.006914353529016148,超過,0.9863134068806966,31.56202902018229
PID,13,2,90.0,2900.0,11.0,2899.9089179835605,263.628083453051,1.929200927256122,超過,0.11654715434949035,1.282018697844394
PID,13,3,90.0,2900.0,47.0,2899.9592990231695,61.70126168134403,-0.3144304257628441,制約内,1.0,47.0
PID,14,0,60.0,4750.0,63.0,4749.9564213858375,75.39613367279107,0.2566022278798512,超過,0.63329250658827,39.89742791506101
PID,14,1,60.0,4750.0,31.0,4749.961521001488,153.2245651935964,1.5537427532266066,超過,0.1533365563232547,4.753433246020895
PID,14,2,60.0,4750.0,32.0,4692.2057904744615,146.63143095232692,1.4438571825387823,超過,0.1674358129715262,5.357946015088836
PID,14,3,60.0,4750.0,49.0,4749.960944496614,96.93797845911456,0.615632974318576,超過,0.38310214474374044,18.772005092443287
PID,15,0,80.0,3450.0,23.0,3444.686894524791,149.76899541412135,0.8721124426765168,超過,0.28532257873721667,6.562419310955983
PID,15,1,80.0,3450.0,16.0,3449.9199019968455,215.61999387480284,1.6952499234350356,超過,0.13765814572734003,2.202530331637439
PID,15,2,80.0,3450.0,15.0,3440.3937213964205,229.35958142642804,1.8669947678303505,超過,0.12165954818350923,1.824893222752639
PID,15,3,80.0,3450.0,30.0,3449.9435156344452,114.99811718781484,0.43747646484768543,超過,0.4839477936000444,14.518433808001333
PID,16,0,130.0,2000.0,12.0,1999.9374962016773,166.66145801680645,0.28201121551389585,超過,0.6084380291030228,7.301256349236275
PID,16,1,130.0,2000.0,21.0,1999.9304003459104,95.23478096885287,-0.26742476177805485,制約内,1.0,21.0
PID,16,2,130.0,2000.0,14.0,1999.90827042427,142.85059074459073,0.09885069803531343,超過,0.828175966498574,11.594463530980036
PID,16,3,130.0,2000.0,18.0,1999.9265653621592,111.10703140900884,-0.1453305276230089,制約内,1.0,18.0
PID,17,0,80.0,3500.0,20.0,3499.9623581896326,174.99811790948164,1.1874764738685206,超過,0.20898408697976872,4.179681739595375
PID,17,1,80.0,3500.0,33.0,3499.8430836966622,106.05585102111098,0.32569813776388723,超過,0.5689979576662599,18.77693260298657
PID,17,2,80.0,3500.0,15.0,3499.9263025980736,233.3284201732049,1.9166052521650614,超過,0.11755597096873253,1.7633395645309868
PID,17,3,80.0,3500.0,28.0,3499.9112741346275,124.99683121909383,0.5624603902386729,超過,0.40962076771451367,11.469381496006383
PID,18,0,110.0,2200.0,17.0,2199.9849719505128,129.41088070297133,0.17646255184519388,超過,0.7225098708046643,12.282667803679288
PID,18,1,110.0,2200.0,25.0,2199.993125661465,87.9997250264586,-0.20000249975946727,制約内,1.0,25.0
PID,18,2,110.0,2200.0,11.0,2199.9327666917707,199.99388788107007,0.8181262534642733,超過,0.3025184900125549,3.3277033901381055
PID,18,3,110.0,2200.0,33.0,2199.9693378713123,66.66573751125189,-0.393947840806801,制約内,1.0,33.0
PID,19,0,100.0,2700.0,20.0,2699.937868203643,134.99689341018217,0.3499689341018217,超過,0.5487220988477641,10.974441976955283
PID,19,1,100.0,2700.0,25.0,2699.9274014295916,107.99709605718367,0.07997096057183661,超過,0.857384927035321,21.43462317588303
PID,19,2,100.0,2700.0,14.0,2699.937442897695,192.8526744926925,0.928526744926925,超過,0.26887391314504455,3.7642347840306236
PID,19,3,100.0,2700.0,20.0,2699.982517830888,134.9991258915444,0.3499912589154439,超過,0.548703950556483,10.974079011129653
PID,20,0,90.0,3100.0,18.0,3099.9326942757407,172.21848301531892,0.9135387001702102,超過,0.27310238950931365,4.915843011167645
PID,20,1,90.0,3100.0,22.0,3099.9483475606844,140.9067430709402,0.5656304785660022,超過,0.4079636469625649,8.975200233176427
PID,20,2,90.0,3100.0,16.0,3099.9531370383465,193.74707106489666,1.1527452340544073,超過,0.21578175806637528,3.4525081290620045
PID,20,3,90.0,3100.0,25.0,3099.990773110831,123.99963092443323,0.377773676938147,超過,0.5267981411422971,13.169953528557427
PID,21,0,120.0,2100.0,26.0,2099.988196578111,80.76877679146581,-0.32692686007111826,制約内,1.0,26.0
PID,21,1,120.0,2100.0,17.0,2077.0275047411637,122.1780885141861,0.018150737618217505,超過,0.9646634847213162,16.399279240262377
PID,21,2,120.0,2100.0,9.0,2099.990937048812,233.3323263387569,0.9444360528229743,超過,0.26449207885128295,2.380428709661544
PID,21,3,120.0,2100.0,18.0,2099.943922853221,116.66355126962338,-0.027803739419805185,制約内,1.0,18.0
PID,22,0,60.0,4850.0,41.0,4753.203891916408,115.93180224186361,0.9321967040310601,超過,0.26785350030853944,10.98199351265012
PID,22,1,60.0,4850.0,35.0,4753.243987097316,135.8069710599233,1.2634495176653884,超過,0.19519036424255085,6.831662748489277
PID,22,2,60.0,4850.0,32.0,4849.970895704348,151.56159049076086,1.5260265081793478,超過,0.15671991683479772,5.015037338713527
PID,22,3,60.0,4850.0,47.0,4813.745104095022,102.42010859776641,0.7070018099627735,超過,0.34318795495914073,16.129833883079602
PID,23,0,70.0,4100.0,27.0,4099.901770531593,151.84821372339232,1.1692601960484619,超過,0.21250869540892006,5.737734776040838
PID,23,1,70.0,4100.0,28.0,4099.843153460761,146.42296976645574,1.0917567109493675,超過,0.2285481225254417,6.399347430712366
PID,23,2,70.0,4100.0,34.0,4099.954894472036,120.58690866094224,0.7226701237277464,超過,0.33697350589857683,11.457099200551612
PID,23,3,70.0,4100.0,27.0,4099.910839725045,151.8485496194461,1.1692649945635156,超過,0.21250775525172494,5.737709391796576
PID,24,0,120.0,2000.0,5.0,1999.9188893345095,399.9837778669019,2.3331981488908493,超過,0.0900073004075519,0.45003650203775947
PID,24,1,120.0,2000.0,8.0,1999.9852785610192,249.9981598201274,1.0833179985010615,超過,0.2304033918625667,1.8432271349005336
PID,24,2,120.0,2000.0,13.0,1947.1938259329393,149.78414045637993,0.2482011704698328,超過,0.6418459852267723,8.343997807948039
PID,24,3,120.0,2000.0,16.0,1999.9223204363677,124.99514502727298,0.04162620856060828,超過,0.9216715936668854,14.746745498670167
PID,25,0,60.0,4800.0,32.0,4726.108900547377,147.69090314210553,1.4615150523684255,超過,0.16504220158041158,5.281350450573172
PID,25,1,60.0,4800.0,33.0,4799.967407951913,145.45355781672464,1.4242259636120775,超過,0.17015856074961672,5.6152325047373495
PID,25,2,60.0,4800.0,32.0,4799.954352735264,149.998573522977,1.4999762253829503,超過,0.16000304319517958,5.120097382245744
PID,25,3,60.0,4800.0,36.0,4706.285172785759,130.73014368849329,1.178835728141555,超過,0.21064493637417897,7.583217709470443
PID,26,0,90.0,3050.0,22.0,3049.9630787201595,138.63468539637088,0.5403853932930098,超過,0.42144530150872933,9.271796633192048
PID,26,1,90.0,3050.0,28.0,3049.8878573310403,108.92456633325143,0.2102729592583492,超過,0.6827054028405842,19.115751279536365
PID,26,2,90.0,3050.0,20.0,3049.9330700335227,152.49665350167612,0.6944072611297347,超過,0.3483087560824946,6.966175121649894
PID,26,3,90.0,3050.0,22.0,3049.9097129183137,138.63225967810516,0.540358440867835,超過,0.4214600501179227,9.2721211025943
PID,27,0,70.0,4250.0,17.0,4249.98222069146,249.99895415832114,2.571413630833159,超過,0.07840065595687672,1.3328111512669047
PID,27,1,70.0,4250.0,30.0,4249.989868139996,141.66632893799988,1.023804699114284,超過,0.2441534132422329,7.324602397266987
PID,27,2,70.0,4250.0,27.0,4115.6053872741495,152.42982915830183,1.1775689879757403,超過,0.21089008131768427,5.694032195577475
PID,27,3,70.0,4250.0,23.0,4228.679957829836,183.85565034042764,1.6265092905775376,超過,0.14495797628426443,3.33403345453808
PID,28,0,100.0,2850.0,15.0,2849.908870546871,189.99392470312475,0.8999392470312475,超過,0.2770260259205224,4.1553903888078345
PID,28,1,100.0,2850.0,14.0,2849.92620231317,203.56615730808358,1.0356615730808358,超過,0.24131751408501345,3.3784451971901897
PID,28,2,100.0,2850.0,22.0,2849.923463092531,129.54197559511505,0.29541975595115044,超過,0.5959076598883943,13.109968517544676
PID,28,3,100.0,2850.0,15.0,2849.9199157690914,189.99466105127277,0.8999466105127276,超過,0.27702387862643807,4.155358179396571
PID,29,0,110.0,2250.0,11.0,2249.9389069989643,204.5399006362695,0.8594536421479044,超過,0.28922064415856263,3.181427085744189
PID,29,1,110.0,2250.0,18.0,2249.985448131568,124.99919156286488,0.13635628693513535,超過,0.7744100169640212,13.939380305352381
PID,29,2,110.0,2250.0,19.0,2249.948080149881,118.41832000788848,0.07653018188989535,超過,0.8628743899462844,16.394613408979403
PID,29,3,110.0,2250.0,11.0,2249.9142122399535,204.53765565817758,0.8594332332561598,超過,0.28922699308801564,3.181496923968173
PID,30,0,130.0,2000.0,13.0,1999.962897038103,153.84329977216177,0.18340999824739823,超過,0.7140514931896557,9.282669411465516
PID,30,1,130.0,2000.0,24.0,1920.176777493557,80.00736572889821,-0.3845587251623215,制約内,1.0,24.0
PID,30,2,130.0,2000.0,16.0,1999.9402656853663,124.99626660533539,-0.038490256882035445,制約内,1.0,16.0
PID,30,3,130.0,2000.0,8.0,1999.9982896877327,249.9997862109666,0.9230752785458969,超過,0.270400462475574,2.163203699804592
PID,31,0,80.0,3900.0,18.0,3899.9469728741706,216.6637207152317,1.7082965089403963,超過,0.1363350683366859,2.4540312300603464
PID,31,1,80.0,3900.0,48.0,3899.974051156123,81.2494593990859,0.015618242488573575,超過,0.9694803565515301,46.53505711447347
PID,31,2,80.0,3900.0,26.0,3540.657475633345,136.17913367820557,0.7022391709775697,超過,0.3451110300381073,8.97288678099079
PID,31,3,80.0,3900.0,22.0,3899.9312792306528,177.2696036013933,1.2158700450174162,超過,0.20366266710934872,4.480578676405671
PID,32,0,120.0,2000.0,19.0,1999.9780198229573,105.26200104331355,-0.12281665797238717,制約内,1.0,19.0
PID,32,1,120.0,2000.0,19.0,1999.9917638841293,105.26272441495418,-0.12281062987538183,制約内,1.0,19.0
PID,32,2,120.0,2000.0,23.0,1999.81535885026,86.94849386305478,-0.2754292178078769,制約内,1.0,23.0
PID,32,3,120.0,2000.0,19.0,1999.9921516184438,105.26274482202336,-0.12281045981647198,制約内,1.0,19.0
PID,33,0,90.0,3250.0,35.0,3249.981784364861,92.8566224104246,0.031740249004717835,超過,0.9394188145269601,32.8796585084436
PID,33,1,90.0,3250.0,49.0,3249.92946867131,66.32509119737368,-0.26305454225140357,制約内,1.0,49.0
PID,33,2,90.0,3250.0,23.0,2466.146659419093,107.22376780083013,0.19137519778700152,超過,0.7045355154922163,16.20431685632097
PID,33,3,90.0,3250.0,21.0,3249.9629735587005,154.76014159803336,0.7195571288670373,超過,0.3381946881432661,7.102088451008588
PID,34,0,70.0,4450.0,37.0,4386.801580756894,118.56220488532145,0.6937457840760206,超過,0.3485808668566487,12.897492073696002
PID,34,1,70.0,4450.0,43.0,4449.864187342946,103.48521365913828,0.47836019513054695,超過,0.4575509682301927,19.674691633898288
PID,34,2,70.0,4450.0,50.0,3747.2283890761146,74.9445677815223,0.07063668259317568,超過,0.8724002099931627,43.620010499658136
PID,34,3,70.0,4450.0,29.0,4449.947150151654,153.44645345350528,1.1920921921929328,超過,0.20810493040961994,6.035042981878978
PID,35,0,80.0,3550.0,35.0,3549.9490592696666,101.42711597913333,0.26783894973916667,超過,0.6221166439242971,21.7740825373504
PID,35,1,80.0,3550.0,64.0,3328.792058756305,52.012375918067264,-0.3498453010241592,制約内,1.0,64.0
PID,35,2,80.0,3550.0,28.0,2732.4986760356924,97.58923842984616,0.21986548037307707,超過,0.6720105888619584,18.816296488134828
PID,35,3,80.0,3550.0,28.0,3549.9553740138663,126.78412050049522,0.5848015062561902,超過,0.3981532356197968,11.148290597354311
PID,36,0,100.0,2700.0,14.0,2699.9375664454583,192.85268331753272,0.9285268331753271,超過,0.26887388853797933,3.7642344395317107
PID,36,1,100.0,2700.0,28.0,2699.9577122627684,96.42706115224173,-0.03572938847758267,制約内,1.0,28.0
PID,36,2,100.0,2700.0,15.0,2666.9877735163673,177.79918490109114,0.7779918490109115,超過,0.31633006360450155,4.744950954067523
PID,36,3,100.0,2700.0,13.0,2699.947339519856,207.68825688614277,1.0768825688614276,超過,0.2318334602294441,3.013834982982771
PID,37,0,110.0,2100.0,10.0,2014.9094741836554,201.49094741836555,0.8317358856215049,超過,0.2980398200054339,2.980398200054339
PID,37,1,110.0,2100.0,26.0,2099.9852544823643,80.7686636339371,-0.2657394215096628,制約内,1.0,26.0
PID,37,2,110.0,2100.0,25.0,1808.4890349437171,72.33956139774868,-0.34236762365683016,制約内,1.0,25.0
PID,37,3,110.0,2100.0,15.0,2099.9774077467464,139.9984938497831,0.27271358045257377,超過,0.6173602221004416,9.260403331506625
PID,38,0,60.0,4650.0,41.0,4649.926894590971,113.41285108758466,0.8902141847930776,超過,0.2798839304472076,11.475241148335511
PID,38,1,60.0,4650.0,49.0,4649.8274396399165,94.89443754367177,0.5815739590611961,超過,0.39977993106639703,19.58921662225346
PID,38,2,60.0,4650.0,36.0,3355.152604160109,93.19868344889193,0.5533113908148655,超過,0.414460308485414,14.920571105474894
PID,38,3,60.0,4650.0,24.0,4649.957809969772,193.74824208207383,2.229137368034564,超過,0.09590184430987816,2.301644263437076
PID,39,0,130.0,2000.0,21.0,1999.9981219300143,95.23800580619115,-0.2673999553369911,制約内,1.0,21.0
PID,39,1,130.0,2000.0,29.0,1994.7711984396738,68.7852137392991,-0.47088297123616085,制約内,1.0,29.0
PID,39,2,130.0,2000.0,14.0,1909.468948036344,136.39063914545315,0.04915876265733199,超過,0.9084846118600753,12.718784566041048
PID,39,3,130.0,2000.0,12.0,1999.9473136835386,166.6622761402949,0.2820175087714991,超過,0.6084320556310093,7.301184667572113
PID,40,0,90.0,3400.0,11.0,3299.655787316723,299.9687079378839,2.3329856437542653,超過,0.09001877817683437,0.9902065599451781
PID,40,1,90.0,3400.0,30.0,3399.9529009352345,113.33176336450782,0.25924181516119793,超過,0.6306403093515942,18.919209280547836
PID,40,2,90.0,3400.0,27.0,3329.08206528769,123.29933575139593,0.36999261945995476,超過,0.5327991766230853,14.385577768823294
PID,40,3,90.0,3400.0,22.0,3399.973021013444,154.54422822788382,0.7171580914209312,超過,0.3391403302325352,7.461087265115772
PID,41,0,100.0,2650.0,22.0,2497.5970947185046,113.52714066902294,0.1352714066902294,超過,0.7758907968874221,17.06959753152328
PID,41,1,100.0,2650.0,15.0,2649.99792989251,176.66652865950067,0.7666652865950068,超過,0.3203992189830462,4.805988284745693
PID,41,2,100.0,2650.0,30.0,2529.5658439991357,84.31886146663786,-0.1568113853336215,制約内,1.0,30.0
PID,41,3,100.0,2650.0,22.0,2649.9102638274967,120.45046653761348,0.20450466537613488,超過,0.6892599227748646,15.163718301047028
PID,42,0,110.0,2300.0,20.0,2299.9627533192743,114.99813766596371,0.045437615145124566,超過,0.9149634714161052,18.29926942832211
PID,42,1,110.0,2300.0,24.0,2299.936985075182,95.8307077114659,-0.12881174807758267,制約内,1.0,24.0
PID,42,2,110.0,2300.0,18.0,2299.944415126447,127.77468972924706,0.16158808844770056,超過,0.741132230275533,13.340380144959594
PID,42,3,110.0,2300.0,19.0,2299.952097953432,121.05011041860168,0.10045554926001521,超過,0.825762184188569,15.68948149958281
PID,43,0,80.0,4100.0,24.0,3731.5731142835825,155.48221309514926,0.9435276636893657,超過,0.2647393795502709,6.3537451092065
PID,43,1,80.0,4100.0,23.0,4099.915579306073,178.25719910026402,1.2282149887533,超過,0.2014122204721851,4.6324810708602575
PID,43,2,80.0,4100.0,31.0,3918.5530106842784,126.40493582852511,0.5800616978565638,超過,0.4005455479997419,12.416911987992002
PID,43,3,80.0,4100.0,34.0,4099.942481323074,120.58654356832572,0.5073317946040716,超過,0.4401313258716079,14.96446507963467
PID,44,0,60.0,4800.0,24.0,4799.976136528299,199.99900568867915,2.333316761477986,超過,0.09000089488752222,2.160021477300534
PID,44,1,60.0,4800.0,47.0,4799.959629326822,102.12680062397494,0.7021133437329157,超過,0.3451620559866085,16.2226166313706
PID,44,2,60.0,4800.0,42.0,4799.966250050673,114.28491071549222,0.9047485119248704,超過,0.27562887601245306,11.57641279252302
PID,44,3,60.0,4800.0,33.0,4799.8949125133895,145.45136098525424,1.4241893497542373,超過,0.1701637007840805,5.615402125874656
PID,45,0,70.0,4450.0,46.0,4449.941706881428,96.73786319307453,0.38196947418677896,超過,0.5236041736484783,24.08579198782999
PID,45,1,70.0,4450.0,42.0,4449.939246488301,105.95093444019764,0.5135847777171092,超過,0.4365022607204155,18.33309495025745
PID,45,2,70.0,4450.0,35.0,4325.885437146722,123.59672677562064,0.765667525366009,超過,0.3207614301424589,11.226650054986058
PID,45,3,70.0,4450.0,36.0,4299.773141103622,119.43814280843395,0.7062591829776279,超過,0.3434867561046102,12.365523219765969
PID,46,0,130.0,2000.0,12.0,1909.6337762031417,159.13614801692847,0.2241242155148344,超過,0.667342865177575,8.008114382130897
PID,46,1,130.0,2000.0,22.0,1999.9970624843213,90.90895738565096,-0.30070032780268485,制約内,1.0,22.0
PID,46,2,130.0,2000.0,15.0,1999.9948953760463,133.33299302506975,0.025638407885151926,超過,0.950629852612973,14.259447789194601
PID,46,3,130.0,2000.0,17.0,1999.9663039454613,117.64507670267419,-0.09503787151789089,制約内,1.0,17.0
PID,47,0,120.0,2050.0,16.0,2031.1830689509788,126.94894180943618,0.057907848411968166,超過,0.893520090311998,14.296321444991964
PID,47,1,120.0,2050.0,16.0,2049.9079004304313,128.11924377690195,0.06766036480751625,超過,0.8772709714080561,14.036335542528898
PID,47,2,120.0,2050.0,16.0,1969.4664074304087,123.09165046440054,0.025763753870004624,超過,0.9503975372192414,15.206360595507865
PID,47,3,120.0,2050.0,28.0,2049.9834680699146,73.21369528821124,-0.3898858725982397,制約内,1.0,28.0
TD3_BC,0,0,100.0,2900.0,0.0,0.0,,,購入0・支払いなし,1.0,0.0
TD3_BC,0,1,100.0,2900.0,0.0,0.0,,,購入0・支払いなし,1.0,0.0
TD3_BC,0,2,100.0,2900.0,0.0,0.0,,,購入0・支払いなし,1.0,0.0
TD3_BC,0,3,100.0,2900.0,0.0,0.0,,,購入0・支払いなし,1.0,0.0
TD3_BC,1,0,70.0,4350.0,0.0,0.0,,,購入0・支払いなし,1.0,0.0
TD3_BC,1,1,70.0,4350.0,0.0,0.0,,,購入0・支払いなし,1.0,0.0
TD3_BC,1,2,70.0,4350.0,0.0,0.0,,,購入0・支払いなし,1.0,0.0
TD3_BC,1,3,70.0,4350.0,0.0,0.0,,,購入0・支払いなし,1.0,0.0
TD3_BC,2,0,90.0,3000.0,0.0,0.11447267565190702,,,購入0・支払いあり,6.1813217611741805e-15,0.0
TD3_BC,2,1,90.0,3000.0,0.0,0.0,,,購入0・支払いなし,1.0,0.0
TD3_BC,2,2,90.0,3000.0,0.0,0.0,,,購入0・支払いなし,1.0,0.0
TD3_BC,2,3,90.0,3000.0,0.0,0.03208658706246147,,,購入0・支払いあり,7.867522045718664e-14,0.0
TD3_BC,3,0,110.0,2400.0,0.0,0.0,,,購入0・支払いなし,1.0,0.0
TD3_BC,3,1,110.0,2400.0,0.0,0.0,,,購入0・支払いなし,1.0,0.0
TD3_BC,3,2,110.0,2400.0,0.0,0.0,,,購入0・支払いなし,1.0,0.0
TD3_BC,3,3,110.0,2400.0,0.0,0.0,,,購入0・支払いなし,1.0,0.0
TD3_BC,4,0,60.0,4800.0,0.0,0.0,,,購入0・支払いなし,1.0,0.0
TD3_BC,4,1,60.0,4800.0,0.0,0.0,,,購入0・支払いなし,1.0,0.0
TD3_BC,4,2,60.0,4800.0,0.0,0.0,,,購入0・支払いなし,1.0,0.0
TD3_BC,4,3,60.0,4800.0,0.0,0.02602638909818193,,,購入0・支払いあり,5.314649941370801e-14,0.0
TD3_BC,5,0,130.0,2000.0,0.0,0.0,,,購入0・支払いなし,1.0,0.0
TD3_BC,5,1,130.0,2000.0,0.0,0.0,,,購入0・支払いなし,1.0,0.0
TD3_BC,5,2,130.0,2000.0,0.0,0.0,,,購入0・支払いなし,1.0,0.0
TD3_BC,5,3,130.0,2000.0,0.0,0.0,,,購入0・支払いなし,1.0,0.0
TD3_BC,6,0,120.0,2050.0,0.0,0.11262878643185392,,,購入0・支払いあり,1.1351772602876587e-14,0.0
TD3_BC,6,1,120.0,2050.0,0.0,0.0,,,購入0・支払いなし,1.0,0.0
TD3_BC,6,2,120.0,2050.0,0.0,0.0,,,購入0・支払いなし,1.0,0.0
TD3_BC,6,3,120.0,2050.0,0.0,0.0,,,購入0・支払いなし,1.0,0.0
TD3_BC,7,0,80.0,3500.0,0.0,0.9365948734123906,,,購入0・支払いあり,7.295858818793916e-17,0.0
TD3_BC,7,1,80.0,3500.0,0.0,0.0,,,購入0・支払いなし,1.0,0.0
TD3_BC,7,2,80.0,3500.0,0.0,0.1613543885160794,,,購入0・支払いあり,2.4582067694362776e-15,0.0
TD3_BC,7,3,80.0,3500.0,0.0,0.10268406246327245,,,購入0・支払いあり,6.069793127068165e-15,0.0
TD3_BC,8,0,70.0,4600.0,0.0,0.0,,,購入0・支払いなし,1.0,0.0
TD3_BC,8,1,70.0,4600.0,0.0,0.0,,,購入0・支払いなし,1.0,0.0
TD3_BC,8,2,70.0,4600.0,0.0,0.0,,,購入0・支払いなし,1.0,0.0
TD3_BC,8,3,70.0,4600.0,0.0,0.25622019850896266,,,購入0・支払いあり,7.463960860126686e-16,0.0
TD3_BC,9,0,130.0,2000.0,0.0,0.0,,,購入0・支払いなし,1.0,0.0
TD3_BC,9,1,130.0,2000.0,0.0,0.4528957836193662,,,購入0・支払いあり,8.239296840084026e-16,0.0
TD3_BC,9,2,130.0,2000.0,0.0,0.0,,,購入0・支払いなし,1.0,0.0
TD3_BC,9,3,130.0,2000.0,0.0,8.311107287920262,,,購入0・支払いあり,2.4466335529596507e-18,0.0
TD3_BC,10,0,100.0,2800.0,0.0,0.0,,,購入0・支払いなし,1.0,0.0
TD3_BC,10,1,100.0,2800.0,0.0,0.0,,,購入0・支払いなし,1.0,0.0
TD3_BC,10,2,100.0,2800.0,0.0,0.0,,,購入0・支払いなし,1.0,0.0
TD3_BC,10,3,100.0,2800.0,0.0,2.2792661788785695,,,購入0・支払いあり,1.924907690128544e-17,0.0
TD3_BC,11,0,110.0,2350.0,0.0,0.0,,,購入0・支払いなし,1.0,0.0
TD3_BC,11,1,110.0,2350.0,0.0,0.12072131900949166,,,購入0・支払いあり,8.302663304583116e-15,0.0
TD3_BC,11,2,110.0,2350.0,0.0,0.0,,,購入0・支払いなし,1.0,0.0
TD3_BC,11,3,110.0,2350.0,0.0,0.6380429371944834,,,購入0・支払いあり,2.972251528628935e-16,0.0
TD3_BC,12,0,120.0,2050.0,0.0,0.0,,,購入0・支払いなし,1.0,0.0
TD3_BC,12,1,120.0,2050.0,0.0,0.0,,,購入0・支払いなし,1.0,0.0
TD3_BC,12,2,120.0,2050.0,0.0,0.0,,,購入0・支払いなし,1.0,0.0
TD3_BC,12,3,120.0,2050.0,0.0,18.02176000900514,,,購入0・支払いあり,4.433718215138807e-19,0.0
TD3_BC,13,0,90.0,2900.0,0.0,0.0,,,購入0・支払いなし,1.0,0.0
TD3_BC,13,1,90.0,2900.0,0.0,0.0,,,購入0・支払いなし,1.0,0.0
TD3_BC,13,2,90.0,2900.0,0.0,0.0,,,購入0・支払いなし,1.0,0.0
TD3_BC,13,3,90.0,2900.0,0.0,11.667415116854057,,,購入0・支払いあり,5.950256931517511e-19,0.0
TD3_BC,14,0,60.0,4750.0,0.0,0.0,,,購入0・支払いなし,1.0,0.0
TD3_BC,14,1,60.0,4750.0,0.0,0.0,,,購入0・支払いなし,1.0,0.0
TD3_BC,14,2,60.0,4750.0,0.0,0.0,,,購入0・支払いなし,1.0,0.0
TD3_BC,14,3,60.0,4750.0,0.0,0.60108570869055,,,購入0・支払いあり,9.963907704131149e-17,0.0
TD3_BC,15,0,80.0,3450.0,0.0,0.0,,,購入0・支払いなし,1.0,0.0
TD3_BC,15,1,80.0,3450.0,0.0,0.0,,,購入0・支払いなし,1.0,0.0
TD3_BC,15,2,80.0,3450.0,0.0,0.0,,,購入0・支払いなし,1.0,0.0
TD3_BC,15,3,80.0,3450.0,0.0,0.0,,,購入0・支払いなし,1.0,0.0
TD3_BC,16,0,130.0,2000.0,0.0,0.0,,,購入0・支払いなし,1.0,0.0
TD3_BC,16,1,130.0,2000.0,0.0,0.0,,,購入0・支払いなし,1.0,0.0
TD3_BC,16,2,130.0,2000.0,0.0,0.0,,,購入0・支払いなし,1.0,0.0
TD3_BC,16,3,130.0,2000.0,0.0,2.8349121311979095,,,購入0・支払いあり,2.1028461509524517e-17,0.0
TD3_BC,17,0,80.0,3500.0,0.0,0.0,,,購入0・支払いなし,1.0,0.0
TD3_BC,17,1,80.0,3500.0,0.0,0.0,,,購入0・支払いなし,1.0,0.0
TD3_BC,17,2,80.0,3500.0,0.0,0.0,,,購入0・支払いなし,1.0,0.0
TD3_BC,17,3,80.0,3500.0,2.0,34.39607144256582,17.19803572128291,-0.7850245534839636,制約内,1.0,2.0
TD3_BC,18,0,110.0,2200.0,0.0,0.0,,,購入0・支払いなし,1.0,0.0
TD3_BC,18,1,110.0,2200.0,0.0,0.0,,,購入0・支払いなし,1.0,0.0
TD3_BC,18,2,110.0,2200.0,0.0,0.0,,,購入0・支払いなし,1.0,0.0
TD3_BC,18,3,110.0,2200.0,0.0,0.19906366941350048,,,購入0・支払いあり,3.053524153860536e-15,0.0
TD3_BC,19,0,100.0,2700.0,0.0,0.0,,,購入0・支払いなし,1.0,0.0
TD3_BC,19,1,100.0,2700.0,0.0,0.0,,,購入0・支払いなし,1.0,0.0
TD3_BC,19,2,100.0,2700.0,0.0,0.0,,,購入0・支払いなし,1.0,0.0
TD3_BC,19,3,100.0,2700.0,0.0,0.3674308164024076,,,購入0・支払いあり,7.407110857297071e-16,0.0
TD3_BC,20,0,90.0,3100.0,0.0,0.0,,,購入0・支払いなし,1.0,0.0
TD3_BC,20,1,90.0,3100.0,0.0,0.0,,,購入0・支払いなし,1.0,0.0
TD3_BC,20,2,90.0,3100.0,0.0,0.0,,,購入0・支払いなし,1.0,0.0
TD3_BC,20,3,90.0,3100.0,0.0,0.0,,,購入0・支払いなし,1.0,0.0
TD3_BC,21,0,120.0,2100.0,0.0,0.3587042632774833,,,購入0・支払いあり,1.11915287656147e-15,0.0
TD3_BC,21,1,120.0,2100.0,0.0,0.0,,,購入0・支払いなし,1.0,0.0
TD3_BC,21,2,120.0,2100.0,0.0,0.0,,,購入0・支払いなし,1.0,0.0
TD3_BC,21,3,120.0,2100.0,0.0,0.24439404595225345,,,購入0・支払いあり,2.410911395335354e-15,0.0
TD3_BC,22,0,60.0,4850.0,0.0,0.0,,,購入0・支払いなし,1.0,0.0
TD3_BC,22,1,60.0,4850.0,0.0,0.0,,,購入0・支払いなし,1.0,0.0
TD3_BC,22,2,60.0,4850.0,0.0,0.051935609254949104,,,購入0・支払いあり,1.3346642859264052e-14,0.0
TD3_BC,22,3,60.0,4850.0,0.0,0.3970469768398577,,,購入0・支払いあり,2.283593055144208e-16,0.0
TD3_BC,23,0,70.0,4100.0,0.0,0.0,,,購入0・支払いなし,1.0,0.0
TD3_BC,23,1,70.0,4100.0,0.0,0.0,,,購入0・支払いなし,1.0,0.0
TD3_BC,23,2,70.0,4100.0,0.0,0.0,,,購入0・支払いなし,1.0,0.0
TD3_BC,23,3,70.0,4100.0,0.0,6.3895103845337236,,,購入0・支払いあり,1.2002201658183266e-18,0.0
TD3_BC,24,0,120.0,2000.0,0.0,0.0,,,購入0・支払いなし,1.0,0.0
TD3_BC,24,1,120.0,2000.0,0.0,0.0,,,購入0・支払いなし,1.0,0.0
TD3_BC,24,2,120.0,2000.0,0.0,0.0,,,購入0・支払いなし,1.0,0.0
TD3_BC,24,3,120.0,2000.0,0.0,0.0,,,購入0・支払いなし,1.0,0.0
TD3_BC,25,0,60.0,4800.0,0.0,0.0,,,購入0・支払いなし,1.0,0.0
TD3_BC,25,1,60.0,4800.0,0.0,0.0,,,購入0・支払いなし,1.0,0.0
TD3_BC,25,2,60.0,4800.0,0.0,0.0,,,購入0・支払いなし,1.0,0.0
TD3_BC,25,3,60.0,4800.0,0.0,0.0,,,購入0・支払いなし,1.0,0.0
TD3_BC,26,0,90.0,3050.0,0.0,0.0,,,購入0・支払いなし,1.0,0.0
TD3_BC,26,1,90.0,3050.0,0.0,0.0,,,購入0・支払いなし,1.0,0.0
TD3_BC,26,2,90.0,3050.0,0.0,0.0,,,購入0・支払いなし,1.0,0.0
TD3_BC,26,3,90.0,3050.0,0.0,0.0,,,購入0・支払いなし,1.0,0.0
TD3_BC,27,0,70.0,4250.0,0.0,0.0,,,購入0・支払いなし,1.0,0.0
TD3_BC,27,1,70.0,4250.0,0.0,0.0,,,購入0・支払いなし,1.0,0.0
TD3_BC,27,2,70.0,4250.0,0.0,0.0,,,購入0・支払いなし,1.0,0.0
TD3_BC,27,3,70.0,4250.0,0.0,0.0,,,購入0・支払いなし,1.0,0.0
TD3_BC,28,0,100.0,2850.0,0.0,0.05822433139730546,,,購入0・支払いあり,2.949789189877098e-14,0.0
TD3_BC,28,1,100.0,2850.0,0.0,0.0,,,購入0・支払いなし,1.0,0.0
TD3_BC,28,2,100.0,2850.0,0.0,0.0,,,購入0・支払いなし,1.0,0.0
TD3_BC,28,3,100.0,2850.0,0.0,0.0,,,購入0・支払いなし,1.0,0.0
TD3_BC,29,0,110.0,2250.0,0.0,0.0,,,購入0・支払いなし,1.0,0.0
TD3_BC,29,1,110.0,2250.0,0.0,0.0,,,購入0・支払いなし,1.0,0.0
TD3_BC,29,2,110.0,2250.0,0.0,0.0,,,購入0・支払いなし,1.0,0.0
TD3_BC,29,3,110.0,2250.0,0.0,0.0,,,購入0・支払いなし,1.0,0.0
TD3_BC,30,0,130.0,2000.0,0.0,0.0,,,購入0・支払いなし,1.0,0.0
TD3_BC,30,1,130.0,2000.0,0.0,0.0,,,購入0・支払いなし,1.0,0.0
TD3_BC,30,2,130.0,2000.0,0.0,0.0,,,購入0・支払いなし,1.0,0.0
TD3_BC,30,3,130.0,2000.0,0.0,0.0,,,購入0・支払いなし,1.0,0.0
TD3_BC,31,0,80.0,3900.0,0.0,0.0,,,購入0・支払いなし,1.0,0.0
TD3_BC,31,1,80.0,3900.0,0.0,0.0,,,購入0・支払いなし,1.0,0.0
TD3_BC,31,2,80.0,3900.0,0.0,0.0,,,購入0・支払いなし,1.0,0.0
TD3_BC,31,3,80.0,3900.0,0.0,0.0,,,購入0・支払いなし,1.0,0.0
TD3_BC,32,0,120.0,2000.0,0.0,0.0,,,購入0・支払いなし,1.0,0.0
TD3_BC,32,1,120.0,2000.0,0.0,0.0,,,購入0・支払いなし,1.0,0.0
TD3_BC,32,2,120.0,2000.0,0.0,0.0,,,購入0・支払いなし,1.0,0.0
TD3_BC,32,3,120.0,2000.0,0.0,14.018784876922634,,,購入0・支払いあり,7.327262480350548e-19,0.0
TD3_BC,33,0,90.0,3250.0,0.0,3.23366693627235,,,購入0・支払いあり,7.746302395866277e-18,0.0
TD3_BC,33,1,90.0,3250.0,0.0,0.19240539116185035,,,購入0・支払いあり,2.188016261786874e-15,0.0
TD3_BC,33,2,90.0,3250.0,0.0,0.0,,,購入0・支払いなし,1.0,0.0
TD3_BC,33,3,90.0,3250.0,0.0,2.7816405843243173,,,購入0・支払いあり,1.0468464645402331e-17,0.0
TD3_BC,34,0,70.0,4450.0,0.0,0.0,,,購入0・支払いなし,1.0,0.0
TD3_BC,34,1,70.0,4450.0,0.0,0.0,,,購入0・支払いなし,1.0,0.0
TD3_BC,34,2,70.0,4450.0,0.0,0.0,,,購入0・支払いなし,1.0,0.0
TD3_BC,34,3,70.0,4450.0,0.0,0.3219824169655349,,,購入0・支払いあり,4.72641408478351e-16,0.0
TD3_BC,35,0,80.0,3550.0,0.0,2.391188539716318,,,購入0・支払いあり,1.1193150232146129e-17,0.0
TD3_BC,35,1,80.0,3550.0,0.0,0.0,,,購入0・支払いなし,1.0,0.0
TD3_BC,35,2,80.0,3550.0,0.0,0.0,,,購入0・支払いなし,1.0,0.0
TD3_BC,35,3,80.0,3550.0,1.0,2.920492314992491,2.920492314992491,-0.9634938460625939,制約内,1.0,1.0
TD3_BC,36,0,100.0,2700.0,0.0,0.6107482352509892,,,購入0・支払いあり,2.680868788100774e-16,0.0
TD3_BC,36,1,100.0,2700.0,0.0,0.0,,,購入0・支払いなし,1.0,0.0
TD3_BC,36,2,100.0,2700.0,0.0,0.0,,,購入0・支払いなし,1.0,0.0
TD3_BC,36,3,100.0,2700.0,0.0,0.28290548899401063,,,購入0・支払いあり,1.2494453133926179e-15,0.0
TD3_BC,37,0,110.0,2100.0,0.0,0.0,,,購入0・支払いなし,1.0,0.0
TD3_BC,37,1,110.0,2100.0,0.0,0.0,,,購入0・支払いなし,1.0,0.0
TD3_BC,37,2,110.0,2100.0,0.0,0.0,,,購入0・支払いなし,1.0,0.0
TD3_BC,37,3,110.0,2100.0,3.0,44.41160758648139,14.803869195493796,-0.8654193709500564,制約内,1.0,3.0
TD3_BC,38,0,60.0,4650.0,0.0,0.06294475662036376,,,購入0・支払いあり,9.086222834777323e-15,0.0
TD3_BC,38,1,60.0,4650.0,0.0,0.0,,,購入0・支払いなし,1.0,0.0
TD3_BC,38,2,60.0,4650.0,0.0,0.0,,,購入0・支払いなし,1.0,0.0
TD3_BC,38,3,60.0,4650.0,0.0,0.0,,,購入0・支払いなし,1.0,0.0
TD3_BC,39,0,130.0,2000.0,0.0,0.0,,,購入0・支払いなし,1.0,0.0
TD3_BC,39,1,130.0,2000.0,0.0,0.0,,,購入0・支払いなし,1.0,0.0
TD3_BC,39,2,130.0,2000.0,0.0,0.0,,,購入0・支払いなし,1.0,0.0
TD3_BC,39,3,130.0,2000.0,2.0,22.18562155530552,11.09281077765276,-0.914670686325748,制約内,1.0,2.0
TD3_BC,40,0,90.0,3400.0,0.0,0.0,,,購入0・支払いなし,1.0,0.0
TD3_BC,40,1,90.0,3400.0,0.0,0.0,,,購入0・支払いなし,1.0,0.0
TD3_BC,40,2,90.0,3400.0,0.0,0.0,,,購入0・支払いなし,1.0,0.0
TD3_BC,40,3,90.0,3400.0,0.0,0.0,,,購入0・支払いなし,1.0,0.0
TD3_BC,41,0,100.0,2650.0,0.0,0.07626446925729372,,,購入0・支払いあり,1.7193151716159163e-14,0.0
TD3_BC,41,1,100.0,2650.0,0.0,0.0,,,購入0・支払いなし,1.0,0.0
TD3_BC,41,2,100.0,2650.0,0.0,0.0,,,購入0・支払いなし,1.0,0.0
TD3_BC,41,3,100.0,2650.0,0.0,0.0,,,購入0・支払いなし,1.0,0.0
TD3_BC,42,0,110.0,2300.0,0.0,0.049927645305357975,,,購入0・支払いあり,4.854038333708486e-14,0.0
TD3_BC,42,1,110.0,2300.0,0.0,1.0339958615623777,,,購入0・支払いあり,1.131742875467399e-16,0.0
TD3_BC,42,2,110.0,2300.0,0.0,0.0,,,購入0・支払いなし,1.0,0.0
TD3_BC,42,3,110.0,2300.0,0.0,0.0,,,購入0・支払いなし,1.0,0.0
TD3_BC,43,0,80.0,4100.0,0.0,0.0,,,購入0・支払いなし,1.0,0.0
TD3_BC,43,1,80.0,4100.0,0.0,0.08788546590631958,,,購入0・支払いあり,8.286017671979311e-15,0.0
TD3_BC,43,2,80.0,4100.0,0.0,0.0,,,購入0・支払いなし,1.0,0.0
TD3_BC,43,3,80.0,4100.0,0.0,0.0,,,購入0・支払いなし,1.0,0.0
TD3_BC,44,0,60.0,4800.0,0.0,0.0,,,購入0・支払いなし,1.0,0.0
TD3_BC,44,1,60.0,4800.0,0.0,0.5156028973418321,,,購入0・支払いあり,1.3541656789741145e-16,0.0
TD3_BC,44,2,60.0,4800.0,0.0,0.0,,,購入0・支払いなし,1.0,0.0
TD3_BC,44,3,60.0,4800.0,0.0,0.0,,,購入0・支払いなし,1.0,0.0
TD3_BC,45,0,70.0,4450.0,0.0,0.0,,,購入0・支払いなし,1.0,0.0
TD3_BC,45,1,70.0,4450.0,0.0,1.080296115643397,,,購入0・支払いあり,4.198657518338853e-17,0.0
TD3_BC,45,2,70.0,4450.0,0.0,0.0,,,購入0・支払いなし,1.0,0.0
TD3_BC,45,3,70.0,4450.0,0.0,0.0,,,購入0・支払いなし,1.0,0.0
TD3_BC,46,0,130.0,2000.0,0.0,0.0,,,購入0・支払いなし,1.0,0.0
TD3_BC,46,1,130.0,2000.0,0.0,0.0,,,購入0・支払いなし,1.0,0.0
TD3_BC,46,2,130.0,2000.0,0.0,0.0,,,購入0・支払いなし,1.0,0.0
TD3_BC,46,3,130.0,2000.0,0.0,0.0,,,購入0・支払いなし,1.0,0.0
TD3_BC,47,0,120.0,2050.0,0.0,0.0,,,購入0・支払いなし,1.0,0.0
TD3_BC,47,1,120.0,2050.0,0.0,0.837176265112321,,,購入0・支払いあり,2.0546065953827803e-16,0.0
TD3_BC,47,2,120.0,2050.0,0.0,0.0,,,購入0・支払いなし,1.0,0.0
TD3_BC,47,3,120.0,2050.0,0.0,0.0,,,購入0・支払いなし,1.0,0.0
