step,Q_loss,A_loss
0,13.837377548217773,-9.998758316040039
1,20.596050262451172,-9.364459037780762
2,34.164024353027344,-9.060760498046875
3,40.519287109375,-9.115442276000977
4,42.498226165771484,-8.919563293457031
5,38.71836471557617,-8.836580276489258
6,42.39945983886719,-7.907987117767334
7,48.48731231689453,-6.657345771789551
8,35.47250747680664,-0.5382915735244751
9,21.632404327392578,-8.028722763061523
10,15.416686058044434,-7.656145095825195
11,13.855142593383789,-7.5758185386657715
12,12.032564163208008,-6.535268783569336
13,5.224345684051514,-8.550217628479004
14,9.140107154846191,-7.699037075042725
15,12.930179595947266,-7.921140193939209
16,7.8059210777282715,-7.78464412689209
17,3.891774892807007,-8.055262565612793
18,7.571077346801758,-7.92353630065918
19,7.443314552307129,-7.123881816864014
20,5.257353782653809,-7.203890800476074
21,5.758527755737305,-5.328781604766846
22,6.243321418762207,-6.894119739532471
23,2.825629949569702,-8.152591705322266
24,2.2148542404174805,-7.757778167724609
25,3.750579833984375,-8.010961532592773
26,2.345965623855591,-7.476506233215332
27,2.44046688079834,-8.539398193359375
28,3.6577978134155273,-7.681070327758789
29,4.62650203704834,-8.381156921386719
30,3.2441959381103516,-8.156371116638184
31,4.323113918304443,-8.932263374328613
32,4.051286220550537,-9.050578117370605
33,5.378811359405518,-8.157442092895508
34,3.2213239669799805,-7.605145454406738
35,5.080852508544922,-8.376388549804688
36,4.261105537414551,-8.497200012207031
37,9.407435417175293,-8.672707557678223
38,7.66969108581543,-9.316910743713379
39,7.61892032623291,-8.85584831237793
40,7.556093215942383,-8.766383171081543
41,7.771915435791016,-8.664203643798828
42,6.463528633117676,-9.36510181427002
43,5.683663845062256,-9.221895217895508
44,6.000611782073975,-2.0157432556152344
45,4.3549041748046875,-9.636530876159668
46,4.217081546783447,-9.546566009521484
47,4.5715131759643555,-9.444828987121582
48,2.972993850708008,-9.877907752990723
49,2.2605395317077637,-9.075129508972168
50,5.665210723876953,-9.237205505371094
51,3.767629623413086,-6.62515115737915
52,6.512438774108887,-10.219657897949219
53,7.596545696258545,-10.094399452209473
54,1.8990229368209839,-9.821595191955566
55,2.9990954399108887,-10.293408393859863
56,2.48830509185791,-9.706010818481445
57,7.462693691253662,-9.617849349975586
58,2.2772140502929688,-9.261486053466797
59,3.389371156692505,-9.208325386047363
60,2.4178314208984375,-9.858229637145996
61,1.229755163192749,-9.424219131469727
62,4.6115264892578125,-8.574467658996582
63,1.5769823789596558,-9.05434513092041
64,1.5827527046203613,-8.314096450805664
65,1.8930113315582275,-9.45418930053711
66,3.484450101852417,-8.550265312194824
67,1.5116620063781738,-9.200554847717285
68,1.866036057472229,-9.320347785949707
69,1.589665174484253,-8.757431983947754
70,1.3931907415390015,-8.594608306884766
71,1.3157542943954468,-8.566902160644531
72,1.5892002582550049,-8.864934921264648
73,4.122313499450684,-7.927091598510742
74,1.9138541221618652,-8.195239067077637
75,1.7011144161224365,-8.264023780822754
76,1.2862591743469238,-8.683145523071289
77,1.5335605144500732,-8.37161636352539
78,1.7570725679397583,-9.298990249633789
79,1.3270437717437744,-8.250961303710938
80,2.4333438873291016,-9.626562118530273
81,1.7104089260101318,-9.145018577575684
82,2.2949140071868896,-9.386119842529297
83,1.7843823432922363,-9.179804801940918
84,2.6109795570373535,-9.892147064208984
85,2.975780963897705,-9.024017333984375
86,1.8165724277496338,-6.838899612426758
87,1.5930404663085938,-8.635972023010254
88,1.5146212577819824,-10.017724990844727
89,1.528634786605835,-10.670561790466309
90,1.627396583557129,-10.073917388916016
91,1.266616940498352,-10.611706733703613
92,1.2318419218063354,-10.322127342224121
93,1.8394248485565186,-10.491482734680176
94,1.6283118724822998,-10.607290267944336
95,4.3472418785095215,-10.979186058044434
96,1.278664469718933,-11.046579360961914
97,3.8609671592712402,-10.95531940460205
98,1.3927878141403198,-9.817964553833008
99,2.598170042037964,-9.100715637207031
100,1.2520320415496826,-10.29347038269043
101,1.1461942195892334,-11.094917297363281
102,1.285099744796753,-11.479771614074707
103,3.5274569988250732,-11.254663467407227
104,1.2213534116744995,-11.287566184997559
105,1.2647607326507568,-11.581063270568848
106,1.4101462364196777,-11.255598068237305
107,1.7860878705978394,-11.354222297668457
108,1.3443233966827393,-11.598701477050781
109,3.454315662384033,-11.262401580810547
110,1.3172993659973145,-11.271620750427246
111,1.3872761726379395,-10.95065689086914
112,2.286905288696289,-10.840991973876953
113,3.2258474826812744,-8.937887191772461
114,3.9583306312561035,-7.7355499267578125
115,1.7586734294891357,-10.804914474487305
116,2.146524429321289,-11.301529884338379
117,1.7834594249725342,-11.609477996826172
118,4.622809410095215,-11.268013954162598
119,1.6256155967712402,-11.3694486618042
120,1.28890061378479,-11.34808349609375
121,1.4696080684661865,-10.6746244430542
122,1.500773310661316,-10.022189140319824
123,3.7278642654418945,-9.121042251586914
124,2.4004740715026855,-9.207135200500488
125,1.6126747131347656,-8.441755294799805
126,2.3188016414642334,-8.338957786560059
127,1.4849536418914795,-7.721513748168945
128,1.7856519222259521,-9.268608093261719
129,1.2487950325012207,-10.508443832397461
130,1.7364215850830078,-10.833609580993652
131,6.737919807434082,-10.495806694030762
132,3.327310562133789,-10.80737590789795
133,1.2783123254776,-10.492339134216309
134,1.5716264247894287,-9.335461616516113
135,1.5437349081039429,-8.656961441040039
136,1.534341812133789,-8.802188873291016
137,1.4281301498413086,-10.017149925231934
138,1.2300795316696167,-10.81728744506836
139,1.2395501136779785,-11.0842866897583
140,1.3805334568023682,-10.822020530700684
141,1.194227695465088,-10.773968696594238
142,1.3120694160461426,-10.378361701965332
143,1.2453482151031494,-10.751060485839844
144,1.2055039405822754,-11.111849784851074
145,2.0501174926757812,-11.242016792297363
146,1.7667155265808105,-11.1504487991333
147,2.3803927898406982,-11.085033416748047
148,1.3011953830718994,-10.376171112060547
149,1.7836344242095947,-10.076481819152832
150,1.207580804824829,-9.37094497680664
151,2.3180770874023438,-9.588668823242188
152,1.990454912185669,-9.789714813232422
153,1.1871262788772583,-10.470190048217773
154,1.6029695272445679,-10.752801895141602
155,1.3832409381866455,-10.827156066894531
156,1.5563814640045166,-10.763262748718262
157,1.2152334451675415,-10.541281700134277
158,1.2182426452636719,-10.567858695983887
159,1.124656081199646,-10.462303161621094
160,1.3974285125732422,-10.336068153381348
161,1.1875576972961426,-10.414493560791016
162,1.218065619468689,-9.908002853393555
163,1.897489070892334,-9.510558128356934
164,1.1813462972640991,-10.153373718261719
165,1.2665956020355225,-10.020750999450684
166,1.1398684978485107,-10.411053657531738
167,1.045393466949463,-10.278887748718262
168,1.3124438524246216,-10.567155838012695
169,1.2601110935211182,-10.477020263671875
170,2.0368282794952393,-9.834822654724121
171,1.3607875108718872,-8.446264266967773
172,1.3454698324203491,-8.25876522064209
173,1.374011754989624,-9.254493713378906
174,1.7075340747833252,-9.851007461547852
175,2.016029119491577,-10.003478050231934
176,1.3004944324493408,-10.350322723388672
177,1.8578975200653076,-10.372264862060547
178,1.13747239112854,-10.27637004852295
179,1.8483811616897583,-9.797233581542969
180,1.7014329433441162,-9.326824188232422
181,1.2560124397277832,-9.53752326965332
182,1.2988266944885254,-9.955842018127441
183,1.2585549354553223,-10.322434425354004
184,1.2578552961349487,-10.144734382629395
185,1.2499725818634033,-10.579580307006836
186,1.4607670307159424,-10.833552360534668
187,1.245870590209961,-10.724417686462402
188,1.9055410623550415,-10.709660530090332
189,1.5416194200515747,-10.50054931640625
190,1.3569869995117188,-10.321941375732422
191,1.2361278533935547,-10.340097427368164
192,1.3558498620986938,-10.603093147277832
193,1.533735752105713,-10.416081428527832
194,2.084908962249756,-10.59610366821289
195,1.3207478523254395,-10.434187889099121
196,1.3971726894378662,-10.189472198486328
197,1.184465765953064,-10.40771198272705
198,2.2511422634124756,-10.653851509094238
199,1.354752779006958,-10.667109489440918
200,1.1853872537612915,-10.787674903869629
201,1.5927914381027222,-10.70257568359375
202,2.40075945854187,-10.116582870483398
203,1.674701452255249,-9.785021781921387
204,1.5738720893859863,-9.512165069580078
205,1.5157768726348877,-9.855755805969238
206,1.7381646633148193,-8.961397171020508
207,1.3917243480682373,-8.26168155670166
208,1.5501976013183594,-8.602330207824707
209,1.8687162399291992,-10.291357040405273
210,1.550262212753296,-9.742108345031738
211,1.6450574398040771,-10.492304801940918
212,1.2963531017303467,-10.909793853759766
213,1.6925597190856934,-10.016669273376465
214,1.350172758102417,-9.020729064941406
215,1.441404104232788,-8.845656394958496
216,1.3311407566070557,-9.220373153686523
217,2.1019139289855957,-9.438423156738281
218,1.7400431632995605,-8.895807266235352
219,2.254014730453491,-10.361052513122559
220,2.4195029735565186,-10.537217140197754
221,1.2632193565368652,-10.266863822937012
222,1.6482634544372559,-9.882002830505371
223,1.313858985900879,-7.772464752197266
224,1.8439626693725586,-10.697591781616211
225,1.9694533348083496,-10.300760269165039
226,1.4643099308013916,-11.13026237487793
227,1.6410541534423828,-11.240034103393555
228,1.2351093292236328,-11.035447120666504
229,2.0351345539093018,-10.49979019165039
230,1.5412335395812988,-10.372291564941406
231,2.0727455615997314,-9.523857116699219
232,1.4365298748016357,-10.975647926330566
233,2.5280046463012695,-10.833288192749023
234,2.1031806468963623,-11.156572341918945
235,1.6746940612792969,-11.518808364868164
236,1.53965425491333,-11.050324440002441
237,1.7498843669891357,-11.160297393798828
238,2.0962917804718018,-11.283354759216309
239,1.7499253749847412,-11.566370010375977
240,2.097621440887451,-11.545571327209473
241,3.1046712398529053,-11.094226837158203
242,2.0508925914764404,-10.959214210510254
243,4.186924934387207,-10.537215232849121
244,2.1455304622650146,-6.39646053314209
245,1.577561855316162,-10.903996467590332
246,2.459134578704834,-11.238093376159668
247,2.3162412643432617,-10.706932067871094
248,1.673189401626587,-11.10821533203125
249,2.590684413909912,-11.038383483886719
250,1.6992075443267822,-11.514970779418945
251,1.632758617401123,-11.665087699890137
252,1.7760103940963745,-11.38385009765625
253,2.678067684173584,-11.199380874633789
254,1.4778406620025635,-11.090163230895996
255,1.7146636247634888,-11.28203010559082
256,1.6473629474639893,-11.577705383300781
257,1.7975685596466064,-11.189697265625
258,1.5529203414916992,-10.467930793762207
259,2.0013420581817627,-8.905555725097656
260,1.6705304384231567,-7.749109268188477
261,1.8836007118225098,-10.946664810180664
262,1.6735060214996338,-11.267561912536621
263,1.5760629177093506,-11.08749771118164
264,1.835089921951294,-11.072162628173828
265,1.5729575157165527,-11.099435806274414
266,1.5717651844024658,-11.501875877380371
267,2.142534017562866,-11.360218048095703
268,1.5916059017181396,-11.046222686767578
269,1.2941148281097412,-11.038360595703125
270,1.5650520324707031,-11.11828899383545
271,1.618323802947998,-11.464029312133789
272,1.9254136085510254,-11.355223655700684
273,1.304422378540039,-11.099526405334473
274,1.6405647993087769,-11.099346160888672
275,1.5679091215133667,-11.169586181640625
276,1.326359510421753,-11.456738471984863
277,1.7836109399795532,-11.23649787902832
278,1.4899373054504395,-10.804596900939941
279,1.339174509048462,-10.697349548339844
280,1.540369987487793,-10.374205589294434
281,1.757314682006836,-10.046083450317383
282,1.460425615310669,-9.044139862060547
283,1.4807934761047363,-8.973564147949219
284,1.3918395042419434,-9.70463752746582
285,1.4728041887283325,-10.28141975402832
286,1.6734707355499268,-10.860934257507324
287,1.437409520149231,-11.148824691772461
288,1.4056519269943237,-11.094237327575684
289,1.3317835330963135,-11.104990005493164
290,1.4415369033813477,-11.175614356994629
291,1.1986467838287354,-11.413832664489746
292,1.5383727550506592,-11.229927062988281
293,1.2087148427963257,-11.042698860168457
294,1.3781061172485352,-10.861948013305664
295,1.5163308382034302,-10.423195838928223
296,1.3488619327545166,-9.760087013244629
297,1.451908826828003,-9.437688827514648
298,1.4042844772338867,-10.13923454284668
299,1.3720580339431763,-10.537300109863281
300,1.3403069972991943,-11.071141242980957
301,1.3443264961242676,-11.2517671585083
302,1.3468250036239624,-11.1654052734375
303,1.3422472476959229,-11.160338401794434
304,1.5281022787094116,-11.23924446105957
305,1.4765878915786743,-11.414071083068848
306,1.4903004169464111,-11.271310806274414
307,1.299368143081665,-11.058886528015137
308,1.4214959144592285,-10.954543113708496
309,1.6379494667053223,-10.743354797363281
310,1.2320544719696045,-10.51302719116211
311,1.5710632801055908,-9.322063446044922
312,1.3287662267684937,-9.577884674072266
313,1.4798892736434937,-9.8928861618042
314,1.3038756847381592,-10.54703140258789
315,1.4987678527832031,-10.959253311157227
316,1.1319711208343506,-11.128564834594727
317,1.2791428565979004,-11.200540542602539
318,1.091291904449463,-11.300202369689941
319,1.1743204593658447,-11.396873474121094
320,1.3335769176483154,-11.372594833374023
321,1.239945888519287,-11.327600479125977
322,1.264017105102539,-11.323585510253906
323,1.3289732933044434,-11.375864028930664
324,1.3867173194885254,-11.382120132446289
325,1.1863951683044434,-11.314762115478516
326,1.4389338493347168,-11.262121200561523
327,1.800705909729004,-11.09118938446045
328,1.2868437767028809,-10.579154014587402
329,1.3279340267181396,-9.805865287780762
330,1.360404372215271,-9.999451637268066
331,1.3269884586334229,-10.482888221740723
332,1.3717093467712402,-10.75941276550293
333,1.3041061162948608,-10.915691375732422
334,1.2271902561187744,-10.986322402954102
335,1.385133147239685,-10.984977722167969
336,1.43739652633667,-10.671253204345703
337,1.2005634307861328,-11.215357780456543
338,1.2251421213150024,-11.244643211364746
339,1.4050472974777222,-11.179304122924805
340,1.8095072507858276,-10.98781967163086
341,1.2771518230438232,-10.468293190002441
342,1.2809879779815674,-9.389328956604004
343,1.2924411296844482,-9.225749969482422
344,1.516474723815918,-10.516258239746094
345,1.360310673713684,-11.059151649475098
346,1.237248182296753,-11.265342712402344
347,1.6031925678253174,-11.303902626037598
348,1.5175085067749023,-11.340849876403809
349,1.1864185333251953,-11.324193954467773
350,1.5363833904266357,-11.273774147033691
351,1.531383991241455,-11.326850891113281
352,1.4135632514953613,-11.285399436950684
353,1.3352251052856445,-11.07612419128418
354,1.3133928775787354,-10.729863166809082
355,1.399754285812378,-10.079360961914062
356,1.3650736808776855,-9.821754455566406
357,1.337636113166809,-10.565204620361328
358,1.2771000862121582,-11.053417205810547
359,1.238007664680481,-11.162304878234863
360,1.4457881450653076,-11.411843299865723
361,1.6296501159667969,-11.366917610168457
362,1.4820995330810547,-11.264551162719727
363,1.5569349527359009,-11.20730972290039
364,1.2451794147491455,-11.089666366577148
365,1.2519166469573975,-10.775416374206543
366,1.1570271253585815,-10.488748550415039
367,1.1843271255493164,-10.425928115844727
368,1.729081630706787,-10.442346572875977
369,1.4268784523010254,-9.833407402038574
370,1.4872064590454102,-10.23470687866211
371,1.5347706079483032,-10.143929481506348
372,1.4085195064544678,-10.374473571777344
373,1.2077068090438843,-10.921175956726074
374,1.181969165802002,-11.16955280303955
375,1.369746208190918,-11.217148780822754
376,1.2127022743225098,-11.29020881652832
377,1.2356269359588623,-11.355524063110352
378,1.3717784881591797,-11.390018463134766
379,1.2165910005569458,-11.321163177490234
380,1.412137508392334,-11.311059951782227
381,1.8009026050567627,-11.302740097045898
382,1.6293509006500244,-11.072842597961426
383,1.224766492843628,-10.577927589416504
384,1.6008050441741943,-9.894935607910156
385,1.4406110048294067,-9.288318634033203
386,1.4201654195785522,-11.178265571594238
387,1.343012809753418,-11.355629920959473
388,1.2442731857299805,-11.488582611083984
389,1.6199078559875488,-11.4369478225708
390,1.5675380229949951,-11.336237907409668
391,1.4077885150909424,-11.276554107666016
392,1.4042837619781494,-10.891061782836914
393,1.7709165811538696,-10.207554817199707
394,1.639140248298645,-9.519457817077637
395,1.623989462852478,-10.566486358642578
396,1.492678165435791,-10.925981521606445
397,1.9422820806503296,-10.32406234741211
398,1.5383410453796387,-9.438543319702148
399,1.5565266609191895,-10.515088081359863
400,1.3322644233703613,-11.059828758239746
401,1.5445406436920166,-11.16319465637207
402,1.2522578239440918,-11.211238861083984
403,1.2705316543579102,-11.269914627075195
404,1.6048767566680908,-11.24538803100586
405,1.238736867904663,-11.143177032470703
406,1.428147315979004,-10.763937950134277
407,1.2061604261398315,-10.541116714477539
408,1.593745231628418,-9.8051118850708
409,1.4443886280059814,-10.378337860107422
410,1.367695927619934,-10.918560981750488
411,1.3844894170761108,-11.149720191955566
412,1.236925721168518,-11.290133476257324
413,1.3535486459732056,-11.29647445678711
414,1.4920510053634644,-11.2640962600708
415,1.691527009010315,-11.224028587341309
416,1.3826056718826294,-11.172628402709961
417,1.7408342361450195,-10.979453086853027
418,1.596038579940796,-10.534939765930176
419,1.4080370664596558,-10.096291542053223
420,1.3883857727050781,-10.25172233581543
421,1.7537758350372314,-10.546296119689941
422,1.2699812650680542,-10.80063247680664
423,1.2538974285125732,-10.978809356689453
424,1.2774226665496826,-11.097620010375977
425,1.3882540464401245,-11.159477233886719
426,1.1941585540771484,-11.242657661437988
427,1.1938467025756836,-11.268148422241211
428,1.5369998216629028,-11.24194622039795
429,1.7086517810821533,-11.228797912597656
430,1.4678411483764648,-11.225292205810547
431,1.6057080030441284,-10.818438529968262
432,1.4711496829986572,-10.431884765625
433,1.4769561290740967,-9.157546043395996
434,1.3623359203338623,-9.49286937713623
435,1.4336247444152832,-10.528568267822266
436,1.2243437767028809,-11.071832656860352
437,1.2054003477096558,-11.26333236694336
438,1.2076542377471924,-11.376594543457031
439,1.1523919105529785,-11.404394149780273
440,1.46699857711792,-11.372756004333496
441,1.5999120473861694,-11.369263648986816
442,1.9331954717636108,-11.3069486618042
443,1.3611897230148315,-10.074739456176758
444,1.2174142599105835,-9.818350791931152
445,1.5443243980407715,-9.509869575500488
446,1.3892710208892822,-9.537567138671875
447,1.3295832872390747,-8.867755889892578
448,1.6652292013168335,-8.551079750061035
449,1.2814409732818604,-8.2279052734375
450,1.6033493280410767,-8.188972473144531
451,1.422990322113037,-8.346968650817871
452,1.4523022174835205,-7.965116024017334
453,1.3705114126205444,-7.940964221954346
454,1.576277732849121,-8.123099327087402
455,1.3574340343475342,-7.772644519805908
456,1.3732459545135498,-9.351269721984863
457,1.406940221786499,-8.651430130004883
458,1.4700700044631958,-7.9168806076049805
459,1.4176406860351562,-8.929668426513672
460,1.3337328433990479,-9.075613021850586
461,1.373530626296997,-9.003617286682129
462,1.6414052248001099,-7.907673358917236
463,1.4141833782196045,-8.580706596374512
464,1.3403842449188232,-8.295592308044434
465,1.6329578161239624,-9.433877944946289
466,1.3061363697052002,-9.773733139038086
467,1.501757264137268,-9.979270935058594
468,1.3434288501739502,-10.163207054138184
469,1.4019510746002197,-9.192381858825684
470,1.332296371459961,-9.035599708557129
471,1.394731044769287,-10.131674766540527
472,1.3496925830841064,-10.023916244506836
473,1.484798789024353,-10.807234764099121
474,1.2477238178253174,-10.701568603515625
475,1.4717397689819336,-10.800766944885254
476,1.481916904449463,-10.738180160522461
477,1.2313792705535889,-10.389312744140625
478,1.6618528366088867,-10.6242036819458
479,1.317490816116333,-10.554302215576172
480,1.326977014541626,-10.545731544494629
481,1.3822788000106812,-9.994070053100586
482,1.348778247833252,-9.912191390991211
483,1.4607436656951904,-10.721264839172363
484,1.4144277572631836,-10.840631484985352
485,1.304996132850647,-11.107524871826172
486,1.4699885845184326,-10.521766662597656
487,1.2729132175445557,-10.334529876708984
488,1.2215605974197388,-10.355280876159668
489,1.1795737743377686,-10.46963119506836
490,1.253350019454956,-11.001502990722656
491,1.448582649230957,-11.190374374389648
492,1.2444969415664673,-11.009703636169434
493,1.4411559104919434,-10.570107460021973
494,1.3685723543167114,-11.08720588684082
495,1.277457594871521,-10.988067626953125
496,1.4325004816055298,-10.872332572937012
497,1.2996039390563965,-10.427887916564941
498,1.408777117729187,-10.253134727478027
499,1.4863817691802979,-10.332616806030273
500,1.4647698402404785,-10.671588897705078
501,1.5423152446746826,-11.034919738769531
502,1.3754119873046875,-10.993522644042969
503,1.4428945779800415,-10.865625381469727
504,1.3742762804031372,-10.826873779296875
505,1.5839719772338867,-10.328730583190918
506,1.4558091163635254,-10.57170295715332
507,1.262491226196289,-10.078969955444336
508,1.3024649620056152,-10.581047058105469
509,1.6192561388015747,-10.0985107421875
510,1.4371511936187744,-10.186081886291504
511,1.3543078899383545,-10.399493217468262
512,1.4901256561279297,-9.895204544067383
513,1.277529239654541,-10.658917427062988
514,1.3769469261169434,-9.916664123535156
515,1.4041846990585327,-9.391958236694336
516,1.5101220607757568,-9.305281639099121
517,1.3115177154541016,-10.061470031738281
518,1.2864582538604736,-10.723420143127441
519,1.388867735862732,-10.557624816894531
520,1.3858826160430908,-10.242890357971191
521,1.268019676208496,-10.327199935913086
522,1.4164977073669434,-10.508426666259766
523,2.0238733291625977,-10.075759887695312
524,1.394329309463501,-8.691256523132324
525,1.4764430522918701,-9.3173246383667
526,1.325285792350769,-9.899413108825684
527,1.285328984260559,-9.207891464233398
528,1.4221715927124023,-9.875330924987793
529,1.3408621549606323,-10.07365608215332
530,1.4841768741607666,-9.56401538848877
531,1.2538883686065674,-9.891617774963379
532,1.20415198802948,-9.7953519821167
533,1.5856828689575195,-9.075218200683594
534,1.7797987461090088,-8.68277645111084
535,1.196974754333496,-9.4500093460083
536,1.4560343027114868,-9.49675464630127
537,1.3956501483917236,-9.143462181091309
538,1.5624432563781738,-9.163527488708496
539,1.3361032009124756,-9.016168594360352
540,1.463900089263916,-8.65738296508789
541,1.4526135921478271,-8.40246868133545
542,1.1319870948791504,-9.483282089233398
543,1.2572064399719238,-9.658101081848145
544,1.5188267230987549,-9.900187492370605
545,1.3885809183120728,-9.905003547668457
546,1.3616371154785156,-9.814969062805176
547,1.1600542068481445,-9.569090843200684
548,1.3874733448028564,-9.916312217712402
549,1.442743182182312,-9.392417907714844
550,1.22991943359375,-9.724346160888672
551,1.2865896224975586,-9.488933563232422
552,1.3842353820800781,-9.872036933898926
553,1.242680311203003,-9.441315650939941
554,1.4686603546142578,-9.644367218017578
555,1.3307709693908691,-10.036294937133789
556,1.377063274383545,-9.499281883239746
557,1.421154260635376,-9.546527862548828
558,1.2904410362243652,-8.971343040466309
559,1.403813362121582,-10.000448226928711
560,1.3414386510849,-8.846977233886719
561,1.558595895767212,-7.997338771820068
562,1.1998555660247803,-9.224905014038086
563,1.4279606342315674,-9.0038423538208
564,1.2433730363845825,-10.476755142211914
565,1.3671234846115112,-10.669639587402344
566,1.4841926097869873,-11.338613510131836
567,1.3461377620697021,-11.196586608886719
568,1.721737265586853,-9.982672691345215
569,1.6936089992523193,-11.149295806884766
570,1.2847355604171753,-11.335474014282227
571,1.4297995567321777,-10.839138984680176
572,1.2990641593933105,-10.924091339111328
573,1.7126140594482422,-10.424843788146973
574,1.2025976181030273,-10.635039329528809
575,1.2741854190826416,-10.991869926452637
576,1.7084200382232666,-10.726362228393555
577,1.405261516571045,-10.698107719421387
578,1.637479305267334,-10.135639190673828
579,1.4180041551589966,-10.619390487670898
580,1.6364831924438477,-9.679900169372559
581,1.2679139375686646,-10.058815002441406
582,1.4533088207244873,-9.697122573852539
583,1.1219327449798584,-9.459307670593262
584,1.531001091003418,-10.302943229675293
585,1.4616425037384033,-10.0755033493042
586,1.1846811771392822,-10.487144470214844
587,1.3670778274536133,-9.923412322998047
588,1.2175713777542114,-9.975143432617188
589,1.211324691772461,-10.034460067749023
590,1.8521974086761475,-9.305670738220215
591,1.481828212738037,-10.235686302185059
592,1.4552042484283447,-8.827679634094238
593,1.2620563507080078,-8.948636054992676
594,1.2054443359375,-8.887166023254395
595,1.6777443885803223,-9.26181411743164
596,1.532867193222046,-10.033623695373535
597,1.4438974857330322,-9.212703704833984
598,1.4700045585632324,-10.109359741210938
599,1.5907676219940186,-8.983000755310059
600,1.6531187295913696,-9.077659606933594
601,1.3140184879302979,-9.191855430603027
602,1.874355673789978,-9.150964736938477
603,1.2523655891418457,-9.084576606750488
604,1.4074901342391968,-9.175355911254883
605,1.3446170091629028,-8.802862167358398
606,1.5166336297988892,-7.988490104675293
607,1.4228260517120361,-8.777242660522461
608,1.249255657196045,-9.010575294494629
609,1.334731101989746,-8.755763053894043
610,1.4431343078613281,-8.422889709472656
611,1.3581329584121704,-9.126716613769531
612,1.3579201698303223,-8.823051452636719
613,1.6376042366027832,-9.686346054077148
614,1.379288911819458,-8.313061714172363
615,1.284266710281372,-8.452961921691895
616,1.3891410827636719,-9.026878356933594
617,1.2683602571487427,-9.411840438842773
618,1.468984603881836,-7.5726118087768555
619,1.5526723861694336,-7.7599406242370605
620,1.2057379484176636,-8.382759094238281
621,1.3233623504638672,-8.367276191711426
622,1.4711652994155884,-7.880035877227783
623,1.2213122844696045,-7.619015693664551
624,1.2484815120697021,-7.481637001037598
625,1.2136502265930176,-8.395835876464844
626,1.4085958003997803,-8.839803695678711
627,1.100454330444336,-7.805333137512207
628,1.2407701015472412,-7.313131332397461
629,1.19553542137146,-8.079203605651855
630,1.249063491821289,-8.630670547485352
631,1.478478193283081,-7.214434623718262
632,1.412366271018982,-8.209260940551758
633,1.2545236349105835,-7.249521255493164
634,1.279958963394165,-8.661476135253906
635,1.2326579093933105,-8.659555435180664
636,1.4870188236236572,-7.520207405090332
637,1.4949877262115479,-9.038285255432129
638,1.409781575202942,-7.523051738739014
639,1.2181681394577026,-8.321704864501953
640,1.3559563159942627,-8.177297592163086
641,1.193291187286377,-8.026765823364258
642,1.3203035593032837,-8.053452491760254
643,1.515044927597046,-7.3136467933654785
644,1.214100956916809,-8.442733764648438
645,1.2840925455093384,-9.103893280029297
646,1.2090134620666504,-8.993943214416504
647,1.398262619972229,-8.717426300048828
648,1.262772560119629,-8.481561660766602
649,1.3050575256347656,-7.7141547203063965
650,1.3814730644226074,-7.7696356773376465
651,1.611283302307129,-7.387027740478516
652,1.3162963390350342,-7.889971733093262
653,1.4415982961654663,-8.00690746307373
654,1.2909190654754639,-8.400484085083008
655,1.1934354305267334,-8.405404090881348
656,1.439946174621582,-7.544501781463623
657,1.5163958072662354,-8.629990577697754
658,1.6713197231292725,-8.23000717163086
659,1.2682857513427734,-8.60654067993164
660,1.416931390762329,-7.811478137969971
661,1.22013258934021,-7.70427131652832
662,1.4594297409057617,-6.922600746154785
663,1.2962515354156494,-8.302709579467773
664,1.2436991930007935,-7.911919116973877
665,1.40822434425354,-8.732966423034668
666,1.242384672164917,-8.225860595703125
667,1.2947990894317627,-7.806032180786133
668,1.3844506740570068,-7.663236141204834
669,1.4989311695098877,-8.130335807800293
670,1.2732453346252441,-8.451228141784668
671,1.3417037725448608,-9.116789817810059
672,1.214066982269287,-10.155949592590332
673,1.203782081604004,-11.138879776000977
674,1.3425618410110474,-11.070026397705078
675,1.2146859169006348,-10.989311218261719
676,1.194514513015747,-11.298666000366211
677,1.2194368839263916,-11.387665748596191
678,1.1850364208221436,-11.37286376953125
679,1.1215388774871826,-11.377141952514648
680,1.4386045932769775,-11.17928695678711
681,1.3303892612457275,-11.338287353515625
682,1.2086905241012573,-11.079292297363281
683,1.1408565044403076,-10.969992637634277
684,1.2078925371170044,-10.964516639709473
685,1.1726019382476807,-10.764315605163574
686,1.3793857097625732,-11.077353477478027
687,1.0987262725830078,-10.899396896362305
688,1.1598408222198486,-10.907951354980469
689,1.101845622062683,-10.782074928283691
690,1.167987585067749,-11.111083984375
691,1.202850341796875,-10.575440406799316
692,1.2001032829284668,-11.10133171081543
693,1.23369562625885,-11.127910614013672
694,1.120385766029358,-11.220353126525879
695,1.0519777536392212,-10.97258186340332
696,1.5033729076385498,-11.24751091003418
697,1.5131254196166992,-10.876195907592773
698,1.2223522663116455,-10.049399375915527
699,1.367253303527832,-9.965099334716797
700,1.3095557689666748,-10.603222846984863
701,1.2161660194396973,-10.740527153015137
702,1.3795952796936035,-10.938509941101074
703,1.1136802434921265,-11.408239364624023
704,1.2022340297698975,-11.517373085021973
705,1.0095419883728027,-11.487357139587402
706,1.2377643585205078,-11.609166145324707
707,1.2796725034713745,-11.578437805175781
708,1.2223765850067139,-11.518040657043457
709,1.2743301391601562,-11.562265396118164
710,1.1726346015930176,-11.580718994140625
711,1.0022938251495361,-11.451525688171387
712,1.337237000465393,-11.157115936279297
713,1.1595878601074219,-11.233972549438477
714,1.2428922653198242,-10.937251091003418
715,1.0732303857803345,-10.454833984375
716,1.34299898147583,-10.561816215515137
717,1.2624131441116333,-10.654687881469727
718,1.0744118690490723,-10.614428520202637
719,1.166392207145691,-11.133522033691406
720,1.2168858051300049,-11.25938606262207
721,0.9536921977996826,-11.508027076721191
722,1.157519817352295,-11.478900909423828
723,1.0600881576538086,-11.4396333694458
724,1.3029515743255615,-11.153024673461914
725,1.0649933815002441,-11.124798774719238
726,1.1782615184783936,-11.36196517944336
727,1.030012845993042,-11.082021713256836
728,0.9909069538116455,-10.681412696838379
729,1.0261571407318115,-10.276738166809082
730,1.1112498044967651,-11.0237398147583
731,0.936559796333313,-11.084768295288086
732,0.9659090638160706,-11.374521255493164
733,1.1830949783325195,-11.214865684509277
734,1.2160186767578125,-11.387277603149414
735,1.1690213680267334,-11.332253456115723
736,1.1237821578979492,-11.412006378173828
737,1.3163399696350098,-11.080960273742676
738,1.0710883140563965,-11.088817596435547
739,1.0160669088363647,-11.400334358215332
740,1.5000747442245483,-10.912925720214844
741,1.0543221235275269,-10.346784591674805
742,1.0429705381393433,-10.479745864868164
743,1.1595239639282227,-11.038914680480957
744,0.9910868406295776,-11.080994606018066
745,1.5958162546157837,-10.824067115783691
746,1.2037566900253296,-10.58041763305664
747,0.974707841873169,-10.562540054321289
748,1.013548731803894,-10.966357231140137
749,1.0636684894561768,-11.212672233581543
750,0.9105859398841858,-11.374882698059082
751,0.9363610744476318,-10.776320457458496
752,0.9391820430755615,-11.318978309631348
753,1.1505513191223145,-10.877614974975586
754,0.9636853337287903,-11.508418083190918
755,1.167937994003296,-11.471863746643066
756,0.9726563692092896,-11.434969902038574
757,0.9880733489990234,-11.283835411071777
758,1.1689815521240234,-11.306804656982422
759,1.0170743465423584,-10.868882179260254
760,1.1540019512176514,-10.806129455566406
761,0.8529460430145264,-10.640037536621094
762,0.9032547473907471,-10.324268341064453
763,1.1366957426071167,-10.741440773010254
764,0.8207821846008301,-11.273537635803223
765,1.1556837558746338,-10.987203598022461
766,0.9277557134628296,-10.70001220703125
767,0.9593058228492737,-11.078703880310059
768,1.0421712398529053,-10.944372177124023
769,0.8363847732543945,-10.537276268005371
770,1.210243821144104,-11.11669921875
771,0.9537960290908813,-10.729877471923828
772,0.7901026010513306,-11.06540298461914
773,1.052407145500183,-11.208940505981445
774,1.086658239364624,-11.116555213928223
775,0.9460638761520386,-9.933050155639648
776,0.7362525463104248,-10.137714385986328
777,0.8199049830436707,-10.793710708618164
778,0.854400098323822,-11.30767822265625
779,0.8261099457740784,-11.444480895996094
780,0.9186024069786072,-11.214125633239746
781,1.157051682472229,-10.814896583557129
782,0.7285253405570984,-11.104766845703125
783,0.8610237836837769,-11.038434028625488
784,0.7591116428375244,-11.373161315917969
785,0.8298252820968628,-11.427587509155273
786,0.8243904113769531,-11.249067306518555
787,0.9154204726219177,-10.834331512451172
788,0.7951271533966064,-10.635366439819336
789,0.8151775598526001,-11.09963607788086
790,0.6765843033790588,-10.911717414855957
791,0.7484899759292603,-11.185027122497559
792,0.6518025398254395,-10.741657257080078
793,1.0217102766036987,-11.019465446472168
794,0.76589035987854,-11.128007888793945
795,0.7183108329772949,-11.215537071228027
796,0.8187662363052368,-11.387609481811523
797,0.6505029201507568,-11.251059532165527
798,0.7678478360176086,-11.489693641662598
799,0.7923570871353149,-11.52310562133789
800,0.7479037046432495,-11.652246475219727
801,0.7368630170822144,-11.425540924072266
802,1.124373197555542,-10.742186546325684
803,0.7090756297111511,-10.250426292419434
804,0.9060722589492798,-10.718598365783691
805,0.8068719506263733,-11.227094650268555
806,0.7458771467208862,-11.507765769958496
807,0.7355436086654663,-11.593770980834961
808,0.9656901359558105,-11.443380355834961
809,0.7738259434700012,-11.306781768798828
810,0.6681460738182068,-11.13576889038086
811,0.8451398611068726,-11.413055419921875
812,0.8317327499389648,-11.39682388305664
813,1.0162088871002197,-10.911307334899902
814,0.7583110332489014,-10.638065338134766
815,0.8881874084472656,-9.6821870803833
816,0.9235751628875732,-10.26408576965332
817,0.6696333885192871,-10.926202774047852
818,0.8303256034851074,-11.379171371459961
819,0.8909024596214294,-10.74289321899414
820,1.1129939556121826,-11.173748970031738
821,1.0605981349945068,-10.800694465637207
822,0.6801254749298096,-11.042464256286621
823,0.817091703414917,-10.711844444274902
824,0.7815032005310059,-10.744123458862305
825,0.9223670959472656,-11.138812065124512
826,0.8060693144798279,-10.987710952758789
827,1.0268943309783936,-10.786401748657227
828,0.8943946361541748,-10.323956489562988
829,0.8343758583068848,-10.21400260925293
830,0.9158347845077515,-10.431295394897461
831,0.8646829724311829,-10.680456161499023
832,0.9929548501968384,-9.66777229309082
833,1.01418137550354,-10.601052284240723
834,0.8253525495529175,-10.59167194366455
835,0.9429608583450317,-10.648045539855957
836,0.9794015288352966,-10.609591484069824
837,0.96426922082901,-10.740096092224121
838,0.8310604095458984,-10.836749076843262
839,0.9217127561569214,-11.310245513916016
840,1.0784823894500732,-10.712663650512695
841,1.335963487625122,-10.893324851989746
842,0.8345780968666077,-10.633118629455566
843,0.9764836430549622,-11.401700019836426
844,0.9346922636032104,-10.790024757385254
845,1.0491266250610352,-10.684772491455078
846,0.9260509014129639,-10.817885398864746
847,0.9878115653991699,-9.948352813720703
848,1.1716609001159668,-10.675415992736816
849,1.0136024951934814,-10.771993637084961
850,1.0489177703857422,-10.11608600616455
851,1.003883719444275,-10.345418930053711
852,0.9159222841262817,-9.910923957824707
853,0.9792426228523254,-10.052436828613281
854,1.201188087463379,-9.867959022521973
855,0.9745668172836304,-10.906394004821777
856,1.013184905052185,-10.320696830749512
857,1.0602922439575195,-10.35352897644043
858,1.248105764389038,-10.201189041137695
859,1.2319364547729492,-10.23208236694336
860,1.088932752609253,-10.010218620300293
861,1.1312081813812256,-10.409688949584961
862,0.9641053080558777,-10.966809272766113
863,1.0636414289474487,-10.39315414428711
864,1.3351250886917114,-10.004283905029297
865,1.1578383445739746,-10.619043350219727
866,1.101927399635315,-10.494641304016113
867,1.0915837287902832,-9.421789169311523
868,1.2500996589660645,-9.522570610046387
869,1.055375099182129,-9.756867408752441
870,1.0087555646896362,-9.94705581665039
871,1.0734264850616455,-10.375521659851074
872,1.044952154159546,-10.88134479522705
873,1.382047176361084,-10.79809284210205
874,1.898407220840454,-10.26278305053711
875,1.7490794658660889,-9.045358657836914
876,2.04013991355896,-7.292048454284668
877,1.580923080444336,-7.399363994598389
878,2.36128830909729,-9.134439468383789
879,1.8053702116012573,-9.741042137145996
880,1.487743854522705,-9.764649391174316
881,1.3748337030410767,-9.894613265991211
882,1.7581005096435547,-10.273260116577148
883,1.8499906063079834,-10.030057907104492
884,1.5712783336639404,-9.557785034179688
885,1.7918789386749268,-10.14024829864502
886,1.361546516418457,-9.943229675292969
887,0.9999270439147949,-9.076519012451172
888,1.3125323057174683,-9.790989875793457
889,1.0972546339035034,-8.848071098327637
890,1.588489055633545,-9.453478813171387
891,1.678041934967041,-9.268699645996094
892,1.272428274154663,-8.810250282287598
893,1.289609432220459,-10.042537689208984
894,1.2097939252853394,-11.695612907409668
895,1.4422225952148438,-11.555449485778809
896,1.2711963653564453,-11.477755546569824
897,1.3760713338851929,-11.399527549743652
898,1.1869690418243408,-11.308625221252441
899,1.1198279857635498,-11.345603942871094
900,1.15584135055542,-11.555397987365723
901,1.243021011352539,-11.489930152893066
902,1.0829386711120605,-11.571952819824219
903,1.248955249786377,-11.390841484069824
904,1.030050277709961,-11.479700088500977
905,1.1816139221191406,-11.053581237792969
906,1.071495532989502,-11.256417274475098
907,1.218711018562317,-11.182796478271484
908,1.029462218284607,-11.398835182189941
909,1.252899169921875,-10.991538047790527
910,1.0474565029144287,-10.846688270568848
911,1.144883632659912,-10.98324966430664
912,1.1502231359481812,-11.189545631408691
913,1.5239969491958618,-10.852210998535156
914,1.1754873991012573,-10.85909652709961
915,1.0616376399993896,-11.295726776123047
916,1.122140645980835,-11.357460021972656
917,1.1528699398040771,-11.463972091674805
918,1.1805720329284668,-11.393774032592773
919,1.148071050643921,-11.381356239318848
920,1.1379501819610596,-11.364582061767578
921,1.1801677942276,-11.399123191833496
922,1.3083672523498535,-11.130902290344238
923,1.0449140071868896,-10.713628768920898
924,1.1985249519348145,-9.850481986999512
925,1.0672943592071533,-10.651101112365723
926,1.173961877822876,-10.204706192016602
927,1.2075144052505493,-10.00268268585205
928,1.0379366874694824,-9.724642753601074
929,1.2596755027770996,-9.989147186279297
930,1.135803461074829,-11.414565086364746
931,1.1248183250427246,-11.638976097106934
932,1.254220962524414,-11.68200969696045
933,1.2070544958114624,-11.724067687988281
934,1.3143906593322754,-11.645801544189453
935,1.1704686880111694,-11.424324035644531
936,1.0769870281219482,-10.618304252624512
937,1.254260778427124,-10.976036071777344
938,1.173938274383545,-10.650381088256836
939,1.1182634830474854,-11.33106803894043
940,1.0659639835357666,-11.76852035522461
941,0.9861501455307007,-11.77400016784668
942,1.4138365983963013,-11.662569999694824
943,1.2879546880722046,-11.788135528564453
944,1.0791206359863281,-11.789729118347168
945,1.0328874588012695,-11.498156547546387
946,1.1233588457107544,-11.176108360290527
947,1.1021015644073486,-10.781384468078613
948,1.1297520399093628,-11.068085670471191
949,1.0995513200759888,-11.35821533203125
950,1.4800851345062256,-11.440003395080566
951,1.4261245727539062,-11.472991943359375
952,1.3261209726333618,-11.42346477508545
953,1.144500494003296,-11.015132904052734
954,1.1483948230743408,-11.007402420043945
955,1.0295579433441162,-11.334795951843262
956,1.028379201889038,-11.557068824768066
957,1.223451852798462,-11.58049201965332
958,1.0862035751342773,-11.57849407196045
959,1.297039270401001,-11.585610389709473
960,1.169145107269287,-11.432670593261719
961,1.220027208328247,-11.18824577331543
962,1.2843945026397705,-10.984932899475098
963,1.087104320526123,-10.862834930419922
964,1.1411430835723877,-11.024377822875977
965,1.0345005989074707,-10.711102485656738
966,1.4101910591125488,-11.060986518859863
967,1.332348108291626,-10.496447563171387
968,1.250382900238037,-10.808802604675293
969,1.158900499343872,-11.140992164611816
970,1.187140941619873,-11.44477653503418
971,1.197384238243103,-11.067708969116211
972,1.2425029277801514,-10.88635540008545
973,1.2666475772857666,-11.043745040893555
974,1.2242789268493652,-11.197870254516602
975,1.16053307056427,-11.5830717086792
976,1.315350890159607,-11.514365196228027
977,0.9699718952178955,-11.206491470336914
978,1.2073546648025513,-11.327818870544434
979,1.2444994449615479,-11.384661674499512
980,1.2905352115631104,-11.354347229003906
981,1.0832858085632324,-10.975829124450684
982,1.1513643264770508,-11.257467269897461
983,1.0528919696807861,-11.245636940002441
984,1.0764321088790894,-11.491338729858398
985,1.2969032526016235,-11.418335914611816
986,1.2211475372314453,-10.978978157043457
987,1.2668026685714722,-10.90761947631836
988,1.2087327241897583,-10.938529968261719
989,1.1580476760864258,-10.964133262634277
990,1.210334300994873,-10.828198432922363
991,1.461540937423706,-10.532829284667969
992,1.2475216388702393,-10.594351768493652
993,1.3978745937347412,-10.90041732788086
994,1.331862211227417,-10.637303352355957
995,1.2388808727264404,-11.0089750289917
996,1.227125644683838,-10.957200050354004
997,1.2351386547088623,-11.172699928283691
998,1.1488274335861206,-11.372241973876953
999,1.216022253036499,-11.374337196350098
1000,1.2101997137069702,-11.260200500488281
1001,1.203786849975586,-11.305681228637695
1002,1.2116742134094238,-11.3514986038208
1003,1.3834527730941772,-11.180011749267578
1004,1.1920630931854248,-11.142809867858887
1005,1.2949104309082031,-11.044855117797852
1006,1.2380279302597046,-10.974513053894043
1007,1.2151811122894287,-11.428149223327637
1008,1.1596076488494873,-11.53941535949707
1009,1.2781624794006348,-11.374149322509766
1010,1.2100911140441895,-11.150609016418457
1011,1.2401478290557861,-10.002508163452148
1012,1.3348419666290283,-10.066877365112305
1013,1.3410420417785645,-10.686850547790527
1014,1.3515641689300537,-10.844806671142578
1015,1.3096897602081299,-10.760746002197266
1016,1.1202950477600098,-10.7642183303833
1017,1.2934688329696655,-10.315568923950195
1018,1.4073219299316406,-10.580965995788574
1019,1.1974719762802124,-11.43082046508789
1020,1.3758147954940796,-11.49531364440918
1021,1.3144031763076782,-11.284250259399414
1022,1.2531781196594238,-10.8938570022583
1023,1.238520622253418,-10.790818214416504
1024,1.3838367462158203,-11.10145378112793
1025,1.1989858150482178,-11.272760391235352
1026,1.2579785585403442,-11.481493949890137
1027,1.44879949092865,-11.379040718078613
1028,1.2497552633285522,-11.488886833190918
1029,1.3933045864105225,-11.337873458862305
1030,1.3679420948028564,-10.98724365234375
1031,1.0910983085632324,-10.865521430969238
1032,1.1983869075775146,-11.06289291381836
1033,1.2222216129302979,-10.40222454071045
1034,1.3412296772003174,-10.349047660827637
1035,1.274294137954712,-11.044659614562988
1036,1.4091947078704834,-11.218132019042969
1037,1.3645381927490234,-10.6527099609375
1038,1.2661840915679932,-11.066070556640625
1039,1.1440348625183105,-10.791852951049805
1040,1.2533588409423828,-10.836277961730957
1041,1.2951536178588867,-11.131773948669434
1042,1.278050184249878,-10.960823059082031
1043,1.3972254991531372,-11.11489486694336
1044,1.4344110488891602,-10.988717079162598
1045,1.2507152557373047,-10.890689849853516
1046,1.2683104276657104,-11.257658958435059
1047,1.2048492431640625,-11.075831413269043
1048,1.2249938249588013,-11.229574203491211
1049,1.3487998247146606,-10.798038482666016
1050,1.2751764059066772,-10.682816505432129
1051,1.301367998123169,-11.261120796203613
1052,1.2284643650054932,-11.173405647277832
1053,1.308673620223999,-11.305659294128418
1054,1.3484766483306885,-11.381487846374512
1055,1.472198486328125,-11.077153205871582
1056,1.274760127067566,-11.538091659545898
1057,1.3999135494232178,-10.663369178771973
1058,1.1701419353485107,-10.99913215637207
1059,1.2933663129806519,-11.25216293334961
1060,1.3305354118347168,-11.103349685668945
1061,1.2787096500396729,-10.989470481872559
1062,1.299791932106018,-10.860926628112793
1063,1.3239740133285522,-11.273395538330078
1064,1.3320348262786865,-11.060853004455566
1065,1.430445671081543,-11.234082221984863
1066,1.4430639743804932,-11.328590393066406
1067,1.1765246391296387,-11.356096267700195
1068,1.3421443700790405,-11.566717147827148
1069,1.3295824527740479,-11.166914939880371
1070,1.3089076280593872,-11.015734672546387
1071,1.3784523010253906,-10.856742858886719
1072,1.3871581554412842,-10.737613677978516
1073,1.3630709648132324,-10.297257423400879
1074,1.2511570453643799,-11.426117897033691
1075,1.3006070852279663,-11.288616180419922
1076,1.3902595043182373,-11.205460548400879
1077,1.3104370832443237,-11.020169258117676
1078,1.2142260074615479,-10.956049919128418
1079,1.342402696609497,-11.055498123168945
1080,1.448613166809082,-11.049817085266113
1081,1.3393853902816772,-11.411360740661621
1082,1.3428075313568115,-11.106093406677246
1083,1.191631555557251,-11.576804161071777
1084,1.2855727672576904,-11.537018775939941
1085,1.245574712753296,-11.641327857971191
1086,1.2860643863677979,-11.401598930358887
1087,1.5890381336212158,-11.321885108947754
1088,1.340698003768921,-11.427933692932129
1089,1.487203598022461,-11.380288124084473
1090,1.357133150100708,-11.498205184936523
1091,1.3755762577056885,-11.480749130249023
1092,1.439252257347107,-11.488777160644531
1093,1.42600679397583,-11.397319793701172
1094,1.3235418796539307,-11.279305458068848
1095,1.5496169328689575,-11.002516746520996
1096,1.4230384826660156,-11.117833137512207
1097,1.2955564260482788,-11.229175567626953
1098,1.344005823135376,-11.296060562133789
1099,1.3073499202728271,-11.3533296585083
1100,1.222731113433838,-11.457135200500488
1101,1.7097432613372803,-10.819138526916504
1102,1.317643642425537,-10.786864280700684
1103,1.433889389038086,-10.864213943481445
1104,1.4657049179077148,-11.079070091247559
1105,1.366734266281128,-11.139054298400879
1106,1.4270899295806885,-11.429739952087402
1107,1.7016724348068237,-10.395425796508789
1108,1.4117376804351807,-11.090520858764648
1109,1.3460276126861572,-10.908256530761719
1110,1.5730030536651611,-10.975214004516602
1111,1.3798127174377441,-11.484355926513672
1112,1.4989086389541626,-11.013680458068848
1113,1.3388947248458862,-11.032096862792969
1114,1.3090498447418213,-10.989604949951172
1115,1.3770999908447266,-10.965214729309082
1116,1.2743604183197021,-11.541735649108887
1117,1.454838752746582,-11.330031394958496
1118,1.2939372062683105,-11.548004150390625
1119,1.4506518840789795,-11.155562400817871
1120,1.4881821870803833,-11.155251502990723
1121,1.3419848680496216,-11.465951919555664
1122,1.44227933883667,-11.527387619018555
1123,1.7576524019241333,-11.405290603637695
1124,1.4001994132995605,-11.174736022949219
1125,1.5876414775848389,-11.10870361328125
1126,1.456807017326355,-10.97945785522461
1127,1.6090452671051025,-11.33281135559082
1128,1.5623812675476074,-10.873086929321289
1129,1.4093201160430908,-10.742511749267578
1130,1.4493591785430908,-10.566722869873047
1131,1.5157618522644043,-10.928149223327637
1132,1.3572940826416016,-10.994895935058594
1133,1.3620777130126953,-11.249140739440918
1134,1.4580597877502441,-11.162856101989746
1135,1.5954031944274902,-10.88515853881836
1136,1.2764511108398438,-11.517444610595703
1137,1.3671921491622925,-11.40601921081543
1138,1.4522008895874023,-11.309736251831055
1139,1.4541923999786377,-10.875870704650879
1140,1.6615350246429443,-11.171883583068848
1141,1.276496410369873,-11.402727127075195
1142,1.3805745840072632,-10.917523384094238
1143,1.7155230045318604,-10.965351104736328
1144,1.5536110401153564,-10.873247146606445
1145,1.3046602010726929,-10.698132514953613
1146,1.2643516063690186,-11.3591947555542
1147,1.6258575916290283,-11.252584457397461
1148,1.4366787672042847,-11.131843566894531
1149,1.3052582740783691,-11.696158409118652
1150,1.4340803623199463,-11.219590187072754
1151,1.7322906255722046,-10.887611389160156
1152,1.4905493259429932,-11.011244773864746
1153,1.588538408279419,-11.133103370666504
1154,1.4438283443450928,-11.161887168884277
1155,1.3927645683288574,-11.219132423400879
1156,1.5570151805877686,-10.804177284240723
1157,1.4803324937820435,-10.734375
1158,1.5526041984558105,-11.036938667297363
1159,1.3904975652694702,-11.131416320800781
1160,1.4722657203674316,-11.353133201599121
1161,1.5051170587539673,-10.836387634277344
1162,1.5452370643615723,-10.9772367477417
1163,1.4407484531402588,-11.196986198425293
1164,1.591165542602539,-11.003239631652832
1165,1.3398282527923584,-10.71247673034668
1166,1.2612736225128174,-11.27664566040039
1167,1.4343905448913574,-11.514647483825684
1168,1.378749966621399,-11.3776216506958
1169,1.6897481679916382,-11.550755500793457
1170,1.532254934310913,-11.531332015991211
1171,1.537054181098938,-11.408138275146484
1172,1.3980603218078613,-11.289427757263184
1173,1.8818022012710571,-11.452126502990723
1174,1.4672702550888062,-11.520349502563477
1175,1.6915186643600464,-11.638679504394531
1176,1.6473793983459473,-11.419742584228516
1177,1.5464634895324707,-11.305176734924316
1178,1.5573612451553345,-11.046613693237305
1179,1.5256409645080566,-11.303051948547363
1180,1.4878084659576416,-11.227627754211426
1181,1.5126250982284546,-11.727685928344727
1182,1.536435842514038,-11.3663330078125
1183,1.7179789543151855,-10.950828552246094
1184,1.4002019166946411,-10.763397216796875
1185,1.460620403289795,-10.580400466918945
1186,1.4909284114837646,-11.030850410461426
1187,1.3834552764892578,-11.195810317993164
1188,1.5945429801940918,-10.865038871765137
1189,1.4741041660308838,-11.251791000366211
1190,1.4518251419067383,-10.461040496826172
1191,1.4319570064544678,-11.03233528137207
1192,1.7016487121582031,-10.456104278564453
1193,1.5989575386047363,-11.092084884643555
1194,1.5397241115570068,-11.410480499267578
1195,1.6259784698486328,-11.36782455444336
1196,1.5740553140640259,-11.384160995483398
1197,1.367751121520996,-11.688512802124023
1198,1.3502717018127441,-11.425153732299805
1199,1.5823580026626587,-10.799145698547363
1200,1.7108898162841797,-11.294587135314941
1201,1.6327521800994873,-11.251072883605957
1202,1.601229190826416,-11.27267837524414
1203,1.6401450634002686,-11.360828399658203
1204,1.670219898223877,-11.158263206481934
1205,1.4603794813156128,-11.506638526916504
1206,1.938236951828003,-10.753138542175293
1207,2.137082099914551,-10.30111312866211
1208,1.7974438667297363,-10.49482536315918
1209,1.7913882732391357,-11.099660873413086
1210,1.8701870441436768,-11.010326385498047
1211,1.8912007808685303,-9.66372299194336
1212,1.9871115684509277,-9.630965232849121
1213,1.842454195022583,-10.543842315673828
1214,1.640276312828064,-11.056968688964844
1215,1.7014292478561401,-11.610766410827637
1216,1.8269050121307373,-11.434414863586426
1217,1.8738982677459717,-10.838698387145996
1218,1.9264037609100342,-10.585378646850586
1219,1.9088184833526611,-10.363107681274414
1220,1.439995288848877,-11.249429702758789
1221,1.5119433403015137,-11.365357398986816
1222,1.56105375289917,-11.673108100891113
1223,1.6803754568099976,-11.311388969421387
1224,1.9058265686035156,-10.748571395874023
1225,1.8720495700836182,-10.574378967285156
1226,1.6438260078430176,-10.11900806427002
1227,1.68394136428833,-11.310321807861328
1228,1.9554368257522583,-10.987905502319336
1229,1.7411139011383057,-10.697867393493652
1230,1.6049702167510986,-10.662631034851074
1231,1.6753532886505127,-11.005890846252441
1232,1.8868236541748047,-10.739433288574219
1233,1.8296892642974854,-10.734787940979004
1234,1.7874412536621094,-10.720012664794922
1235,1.5337492227554321,-11.293038368225098
1236,1.6950836181640625,-10.742759704589844
1237,1.777076005935669,-10.963400840759277
1238,2.0246076583862305,-10.618885040283203
1239,1.7775605916976929,-10.989150047302246
1240,1.7199609279632568,-10.672821998596191
1241,1.7458702325820923,-10.512385368347168
1242,1.7699875831604004,-11.172898292541504
1243,1.629305362701416,-10.944440841674805
1244,1.807063341140747,-10.760939598083496
1245,1.931684970855713,-10.563714981079102
1246,1.9238932132720947,-10.966081619262695
1247,1.5634475946426392,-11.253198623657227
1248,1.5655417442321777,-11.656764030456543
1249,2.060167074203491,-10.892871856689453
1250,1.6316776275634766,-11.367584228515625
1251,2.3128530979156494,-10.312851905822754
1252,1.845369815826416,-10.949065208435059
1253,1.7843163013458252,-10.828765869140625
1254,1.705702543258667,-11.319392204284668
1255,1.4975416660308838,-11.240745544433594
1256,2.0432791709899902,-10.697470664978027
1257,1.7648289203643799,-10.542197227478027
1258,1.7710328102111816,-10.623627662658691
1259,2.0090723037719727,-10.660120964050293
1260,1.6806223392486572,-11.286520004272461
1261,1.7283258438110352,-10.861783027648926
1262,2.0761687755584717,-10.2214937210083
1263,1.6956870555877686,-10.027789115905762
1264,1.6418943405151367,-10.477042198181152
1265,1.8498561382293701,-10.866935729980469
1266,1.801943302154541,-11.375136375427246
1267,1.8761625289916992,-10.857592582702637
1268,1.5892198085784912,-10.970417022705078
1269,1.9674811363220215,-10.912300109863281
1270,1.8496092557907104,-11.386857986450195
1271,1.9435710906982422,-10.658312797546387
1272,1.9473228454589844,-10.965126991271973
1273,1.8783228397369385,-10.652178764343262
1274,1.9611576795578003,-10.992999076843262
1275,1.8314895629882812,-10.921306610107422
1276,2.3273203372955322,-10.54652214050293
1277,1.9069312810897827,-11.130614280700684
1278,1.5786420106887817,-11.558083534240723
1279,2.4300642013549805,-10.762940406799316
1280,1.967303991317749,-10.684331893920898
1281,2.0792112350463867,-10.721502304077148
1282,2.002610921859741,-11.389447212219238
1283,2.102890729904175,-11.067604064941406
1284,1.8876378536224365,-11.136061668395996
1285,1.7194130420684814,-10.969627380371094
1286,1.592519760131836,-11.070401191711426
1287,1.8063913583755493,-11.323342323303223
1288,1.9656307697296143,-11.306178092956543
1289,1.6359726190567017,-10.763287544250488
1290,1.9481101036071777,-10.584948539733887
1291,1.7780253887176514,-10.589363098144531
1292,1.8759582042694092,-10.936273574829102
1293,1.9360651969909668,-10.747013092041016
1294,1.8251991271972656,-11.014737129211426
1295,1.7853566408157349,-10.929008483886719
1296,2.0436530113220215,-11.04421615600586
1297,1.9719583988189697,-10.755297660827637
1298,1.8755946159362793,-11.002037048339844
1299,1.9436464309692383,-10.654058456420898
1300,1.6690576076507568,-10.923758506774902
1301,2.0005452632904053,-10.651329040527344
1302,1.634318232536316,-10.577949523925781
1303,2.1050662994384766,-10.730228424072266
1304,1.833627462387085,-10.7737455368042
1305,1.6405456066131592,-11.192353248596191
1306,1.8410873413085938,-10.847667694091797
1307,2.00347900390625,-10.539719581604004
1308,1.8721266984939575,-10.859954833984375
1309,1.5664105415344238,-11.079090118408203
1310,1.630151629447937,-11.197124481201172
1311,1.694713830947876,-11.182943344116211
1312,1.9320204257965088,-10.909850120544434
1313,2.0179522037506104,-10.905506134033203
1314,1.7986900806427002,-10.980391502380371
1315,1.9106287956237793,-11.00808334350586
1316,1.9107216596603394,-11.200971603393555
1317,1.9544990062713623,-10.514878273010254
1318,1.942969799041748,-10.43667221069336
1319,1.789203405380249,-10.665282249450684
1320,1.9228150844573975,-10.627969741821289
1321,2.14642333984375,-10.758916854858398
1322,1.823312759399414,-11.080048561096191
1323,2.1102182865142822,-10.910649299621582
1324,2.138629198074341,-10.2388334274292
1325,1.998988151550293,-10.653848648071289
1326,2.1002933979034424,-10.136527061462402
1327,1.9831256866455078,-10.621562957763672
1328,1.729060173034668,-10.896363258361816
1329,2.020272970199585,-10.288678169250488
1330,2.0734128952026367,-10.301715850830078
1331,1.7304213047027588,-11.10396957397461
1332,2.2264697551727295,-10.481590270996094
1333,2.1402037143707275,-10.265732765197754
1334,1.9916540384292603,-10.548949241638184
1335,2.015202522277832,-10.774009704589844
1336,1.867431640625,-10.246230125427246
1337,2.0599265098571777,-10.451327323913574
1338,2.0320019721984863,-10.336872100830078
1339,1.8645601272583008,-10.97331428527832
1340,2.0768167972564697,-11.36959457397461
1341,1.9250088930130005,-10.501386642456055
1342,1.817441463470459,-10.115203857421875
1343,2.0739810466766357,-10.157939910888672
1344,2.0095062255859375,-10.936578750610352
1345,2.302713394165039,-10.246041297912598
1346,2.3146767616271973,-10.435196876525879
1347,2.0573577880859375,-10.284933090209961
1348,2.539241075515747,-9.870756149291992
1349,1.9843777418136597,-10.399206161499023
1350,1.9036526679992676,-10.513463973999023
1351,1.7741191387176514,-10.78104019165039
1352,1.8262660503387451,-10.641719818115234
1353,1.8551747798919678,-10.460092544555664
1354,2.061809778213501,-10.447846412658691
1355,1.6929705142974854,-11.070578575134277
1356,2.175359010696411,-10.36419677734375
1357,1.995436429977417,-10.647115707397461
1358,1.9812803268432617,-11.048694610595703
1359,1.9111378192901611,-11.099932670593262
1360,1.7205017805099487,-10.494171142578125
1361,1.84446120262146,-10.297392845153809
1362,1.9321184158325195,-10.50617790222168
1363,1.8963285684585571,-10.828669548034668
1364,1.9382197856903076,-10.702174186706543
1365,1.8101744651794434,-11.027237892150879
1366,2.011789321899414,-10.629373550415039
1367,1.734938621520996,-10.86591911315918
1368,1.8850884437561035,-10.559627532958984
1369,1.6019067764282227,-10.35479736328125
1370,1.949780821800232,-10.749689102172852
1371,1.9292829036712646,-10.561369895935059
1372,2.0958285331726074,-10.278947830200195
1373,1.6707875728607178,-10.972417831420898
1374,1.8592133522033691,-10.74100112915039
1375,2.1160430908203125,-10.447134971618652
1376,2.006436347961426,-10.304577827453613
1377,1.7761121988296509,-10.299219131469727
1378,1.9919722080230713,-10.715066909790039
1379,2.251187562942505,-10.587976455688477
1380,2.0236220359802246,-10.820747375488281
1381,2.009610652923584,-10.096019744873047
1382,1.8497227430343628,-10.372218132019043
1383,2.1296586990356445,-10.468661308288574
1384,2.0113630294799805,-10.698663711547852
1385,2.059342861175537,-10.456374168395996
1386,1.705033779144287,-10.694890975952148
1387,1.468374490737915,-11.186444282531738
1388,1.8706471920013428,-10.348609924316406
1389,1.9282015562057495,-10.336782455444336
1390,1.6223690509796143,-10.112324714660645
1391,1.6272376775741577,-10.678216934204102
1392,1.586827039718628,-10.85036849975586
1393,1.7840096950531006,-10.627920150756836
1394,1.5614547729492188,-10.619858741760254
1395,1.7287042140960693,-10.679024696350098
1396,1.6974477767944336,-10.989004135131836
1397,2.042964458465576,-10.699541091918945
1398,1.7828112840652466,-10.494085311889648
1399,1.8614908456802368,-10.271149635314941
1400,1.9047801494598389,-10.617976188659668
1401,1.8294386863708496,-10.428763389587402
1402,2.022388219833374,-10.694954872131348
1403,2.0837957859039307,-9.95969009399414
1404,1.780731439590454,-10.916254997253418
1405,2.0780413150787354,-10.733180046081543
1406,1.7787375450134277,-10.589361190795898
1407,1.604236125946045,-10.385001182556152
1408,1.911134123802185,-10.142967224121094
1409,1.6978189945220947,-10.596144676208496
1410,1.931420087814331,-10.335484504699707
1411,1.7853474617004395,-10.381871223449707
1412,2.0939323902130127,-10.337170600891113
1413,1.5932557582855225,-10.863059997558594
1414,2.3170535564422607,-9.561420440673828
1415,1.8582839965820312,-10.18416690826416
1416,2.04750919342041,-10.64771842956543
1417,1.656940221786499,-11.155678749084473
1418,1.7748582363128662,-11.137432098388672
1419,2.0405354499816895,-10.231996536254883
1420,2.108499526977539,-9.844505310058594
1421,2.10923433303833,-10.415029525756836
1422,1.940413475036621,-11.03580093383789
1423,1.961409568786621,-10.456275939941406
1424,1.8945589065551758,-10.153109550476074
1425,1.5006022453308105,-10.581509590148926
1426,2.1954505443573,-10.893433570861816
1427,1.804633617401123,-11.158069610595703
1428,2.0899927616119385,-10.74343490600586
1429,1.7159215211868286,-10.525442123413086
1430,1.8521525859832764,-10.15864372253418
1431,2.0550196170806885,-10.592229843139648
1432,1.7355449199676514,-9.68057632446289
1433,1.936779499053955,-10.382878303527832
1434,1.6622501611709595,-10.66049575805664
1435,1.9724544286727905,-10.467379570007324
1436,2.040562629699707,-10.393779754638672
1437,1.6318562030792236,-10.461369514465332
1438,1.9322117567062378,-10.42431926727295
1439,1.6960391998291016,-10.76313591003418
1440,2.0916717052459717,-10.304060935974121
1441,1.6091593503952026,-10.877902030944824
1442,1.917869210243225,-11.25030517578125
1443,1.7995531558990479,-11.016942024230957
1444,1.6511540412902832,-10.808147430419922
1445,1.9920639991760254,-10.685194969177246
1446,1.9716224670410156,-10.677847862243652
1447,1.8299905061721802,-10.754615783691406
1448,1.9107387065887451,-10.551331520080566
1449,1.7543113231658936,-10.64511489868164
1450,1.970644235610962,-10.57479476928711
1451,1.692723035812378,-10.542502403259277
1452,1.6758997440338135,-10.508686065673828
1453,1.9002692699432373,-10.58784294128418
1454,1.9606513977050781,-10.82298469543457
1455,1.689965844154358,-10.415203094482422
1456,1.793095588684082,-10.596351623535156
1457,1.8081073760986328,-11.131769180297852
1458,1.921568751335144,-10.983528137207031
1459,2.0391297340393066,-10.379508018493652
1460,1.9705849885940552,-10.755014419555664
1461,2.0021510124206543,-10.144611358642578
1462,1.8199574947357178,-10.816542625427246
1463,1.6827008724212646,-11.346783638000488
1464,2.255631685256958,-10.412152290344238
1465,1.8070547580718994,-10.502913475036621
1466,1.7669742107391357,-11.013001441955566
1467,2.04278564453125,-10.776078224182129
1468,1.4966084957122803,-11.438554763793945
1469,1.893930196762085,-10.789484024047852
1470,1.7659223079681396,-10.787875175476074
1471,2.3333334922790527,-10.398144721984863
1472,1.7066218852996826,-10.316640853881836
1473,1.5315556526184082,-9.945259094238281
1474,1.715627670288086,-10.12450122833252
1475,1.9333386421203613,-10.834968566894531
1476,1.418351173400879,-10.794836044311523
1477,1.8853745460510254,-10.480477333068848
1478,1.9815893173217773,-10.360578536987305
1479,1.8604795932769775,-10.705061912536621
1480,1.568287968635559,-10.400245666503906
1481,1.750455617904663,-10.840245246887207
1482,2.036404609680176,-10.537712097167969
1483,2.141808032989502,-10.341290473937988
1484,1.9811499118804932,-10.723358154296875
1485,1.7595244646072388,-10.380170822143555
1486,1.6075468063354492,-10.956342697143555
1487,1.7201108932495117,-11.143807411193848
1488,1.7486157417297363,-11.005571365356445
1489,1.8040225505828857,-10.490278244018555
1490,1.6883128881454468,-10.880178451538086
1491,1.4832334518432617,-11.190290451049805
1492,1.983346700668335,-10.193795204162598
1493,1.837694764137268,-10.90676498413086
1494,1.4585868120193481,-11.014235496520996
1495,1.7519304752349854,-10.648675918579102
1496,2.0872435569763184,-10.526206016540527
1497,1.687326192855835,-9.802534103393555
1498,1.5211551189422607,-10.485770225524902
1499,2.0145139694213867,-10.165677070617676
1500,2.0772876739501953,-10.265327453613281
1501,1.9031562805175781,-10.373498916625977
1502,1.4127123355865479,-10.76264762878418
1503,1.3389837741851807,-11.138004302978516
1504,1.3897372484207153,-10.815766334533691
1505,1.5397090911865234,-10.81250286102295
1506,1.526315450668335,-11.074943542480469
1507,2.2397074699401855,-10.368785858154297
1508,1.6612083911895752,-10.467950820922852
1509,1.8701860904693604,-9.821584701538086
1510,1.6117384433746338,-10.236893653869629
1511,1.4815160036087036,-10.871472358703613
1512,1.350180745124817,-11.30415153503418
1513,1.7057554721832275,-10.687819480895996
1514,1.8473963737487793,-10.204246520996094
1515,1.7473015785217285,-10.16590404510498
1516,1.722671389579773,-10.541051864624023
1517,1.5357078313827515,-10.426194190979004
1518,1.5028300285339355,-10.43770980834961
1519,1.267514705657959,-10.328658103942871
1520,1.674759864807129,-9.931970596313477
1521,1.4599573612213135,-10.173391342163086
1522,2.0076286792755127,-10.245685577392578
1523,1.6105998754501343,-10.611444473266602
1524,1.741438865661621,-10.346787452697754
1525,1.668136477470398,-10.290409088134766
1526,1.68093740940094,-9.551876068115234
1527,1.7866463661193848,-10.531081199645996
1528,1.9601609706878662,-10.225935935974121
1529,1.8296564817428589,-10.491357803344727
1530,2.261350631713867,-10.188799858093262
1531,1.3831124305725098,-10.68067741394043
1532,1.6412335634231567,-9.928821563720703
1533,1.6773903369903564,-10.951061248779297
1534,1.4555038213729858,-10.981485366821289
1535,1.8854702711105347,-10.598540306091309
1536,1.6812717914581299,-10.311783790588379
1537,1.820478081703186,-10.445089340209961
1538,1.9552268981933594,-10.900757789611816
1539,1.6997685432434082,-11.2919921875
1540,2.2749600410461426,-10.317049980163574
1541,2.0146076679229736,-9.629820823669434
1542,2.1319222450256348,-10.292147636413574
1543,1.954185962677002,-11.239288330078125
1544,2.319943428039551,-10.351262092590332
1545,1.888472318649292,-10.334092140197754
1546,2.453860282897949,-10.501516342163086
1547,2.373447895050049,-9.905069351196289
1548,2.066906452178955,-10.899819374084473
1549,2.0259945392608643,-9.933318138122559
1550,1.838974952697754,-10.596014022827148
1551,2.087031841278076,-9.040360450744629
1552,2.242361068725586,-10.189884185791016
1553,1.7798707485198975,-9.849827766418457
1554,2.031334400177002,-10.085286140441895
1555,2.113821268081665,-9.801514625549316
1556,2.0520801544189453,-9.831857681274414
1557,1.6580414772033691,-9.640825271606445
1558,1.5741215944290161,-10.033336639404297
1559,1.8058143854141235,-10.06529426574707
1560,2.056516647338867,-9.935099601745605
1561,1.9528353214263916,-9.926097869873047
1562,2.0303869247436523,-10.300065040588379
1563,2.1739022731781006,-10.002779960632324
1564,2.027669906616211,-9.272586822509766
1565,2.0636379718780518,-9.643439292907715
1566,2.139157295227051,-9.212430953979492
1567,2.231802463531494,-9.86996078491211
1568,1.9937453269958496,-9.407760620117188
1569,1.8206743001937866,-10.821874618530273
1570,1.6953489780426025,-10.334495544433594
1571,1.9718949794769287,-10.345111846923828
1572,1.9382257461547852,-9.260591506958008
1573,2.017930507659912,-9.846742630004883
1574,2.077460289001465,-9.772521018981934
1575,2.204028606414795,-9.966785430908203
1576,1.6565306186676025,-9.149759292602539
1577,1.875607967376709,-10.278387069702148
1578,2.0955698490142822,-9.967446327209473
1579,1.8507559299468994,-9.973392486572266
1580,1.9204974174499512,-10.47887897491455
1581,2.1926052570343018,-9.972021102905273
1582,1.7384302616119385,-9.97366714477539
1583,1.9425067901611328,-10.051444053649902
1584,2.1038503646850586,-9.705743789672852
1585,2.115187644958496,-10.018782615661621
1586,2.0619425773620605,-9.776169776916504
1587,1.8660842180252075,-10.154295921325684
1588,2.341623306274414,-9.167193412780762
1589,1.6918317079544067,-10.23470687866211
1590,1.902496099472046,-10.258505821228027
1591,2.300395965576172,-9.689617156982422
1592,1.8858962059020996,-10.194544792175293
1593,1.7876577377319336,-10.387785911560059
1594,1.9987332820892334,-9.818123817443848
1595,1.9446194171905518,-9.795156478881836
1596,2.1835246086120605,-9.96854019165039
1597,2.1713356971740723,-9.73327922821045
1598,2.375866651535034,-9.990447998046875
1599,2.154369354248047,-9.81546401977539
1600,1.873826026916504,-10.328936576843262
1601,1.8960927724838257,-9.492871284484863
1602,2.192483425140381,-9.707436561584473
1603,1.6423040628433228,-10.348252296447754
1604,2.0949082374572754,-10.129494667053223
1605,2.107680320739746,-9.541409492492676
1606,1.8649852275848389,-10.384093284606934
1607,2.2054128646850586,-10.094313621520996
1608,2.0240488052368164,-10.038810729980469
1609,2.446126937866211,-10.264077186584473
1610,2.269761562347412,-10.502367973327637
1611,2.219362258911133,-10.697159767150879
1612,2.3367831707000732,-9.475146293640137
1613,1.9220001697540283,-9.979846954345703
1614,2.0251193046569824,-10.429912567138672
1615,2.053774118423462,-10.832982063293457
1616,1.7672725915908813,-11.388526916503906
1617,1.9675631523132324,-11.046414375305176
1618,1.9850120544433594,-9.704912185668945
1619,2.150925636291504,-9.953789710998535
1620,1.9606608152389526,-10.40035629272461
1621,2.2224643230438232,-10.601999282836914
1622,2.092414140701294,-10.837920188903809
1623,2.447082042694092,-9.74827766418457
1624,2.2510406970977783,-9.863748550415039
1625,2.2872016429901123,-9.856009483337402
1626,2.0453453063964844,-10.559167861938477
1627,1.675368309020996,-11.3611478805542
1628,1.8106962442398071,-10.9427490234375
1629,2.364043712615967,-10.031878471374512
1630,2.351104497909546,-9.712882041931152
1631,2.287374973297119,-9.57816219329834
1632,1.9466290473937988,-10.355140686035156
1633,2.01792049407959,-10.841325759887695
1634,2.027907371520996,-10.430732727050781
1635,1.9667906761169434,-10.014617919921875
1636,1.6684248447418213,-10.291607856750488
1637,2.1519241333007812,-10.064957618713379
1638,1.8575592041015625,-10.704553604125977
1639,1.9820061922073364,-10.08007526397705
1640,1.9381706714630127,-10.238131523132324
1641,2.2375404834747314,-10.069132804870605
1642,1.9028018712997437,-10.228741645812988
1643,2.4736437797546387,-10.265135765075684
1644,2.358248233795166,-10.144876480102539
1645,2.998945951461792,-9.852364540100098
1646,2.083285093307495,-10.209750175476074
1647,2.198509931564331,-10.265514373779297
1648,2.2249581813812256,-10.754714012145996
1649,2.155820846557617,-10.324172019958496
1650,1.9409031867980957,-10.601219177246094
1651,2.0518784523010254,-10.768305778503418
1652,1.9382729530334473,-10.96069622039795
1653,2.1164021492004395,-10.66563606262207
1654,2.1813907623291016,-9.989420890808105
1655,2.101921558380127,-10.355219841003418
1656,2.029597282409668,-10.582036018371582
1657,2.380100727081299,-10.490655899047852
1658,2.1601033210754395,-10.334750175476074
1659,2.050288677215576,-10.168924331665039
1660,2.219270706176758,-9.701712608337402
1661,2.2115461826324463,-10.078248023986816
1662,2.3071646690368652,-10.312538146972656
1663,2.097499370574951,-10.340392112731934
1664,1.9209094047546387,-10.313516616821289
1665,2.5167369842529297,-9.092918395996094
1666,1.9679491519927979,-10.476444244384766
1667,2.0419552326202393,-10.362029075622559
1668,1.5960915088653564,-10.085896492004395
1669,2.0674219131469727,-10.230027198791504
1670,2.1416852474212646,-10.365427017211914
1671,1.7535502910614014,-10.417619705200195
1672,2.318119525909424,-10.434159278869629
1673,2.0183169841766357,-10.578912734985352
1674,2.1540093421936035,-10.446249008178711
1675,2.1597697734832764,-10.42408561706543
1676,1.9592974185943604,-10.572665214538574
1677,2.099440097808838,-10.181796073913574
1678,2.234860420227051,-10.0008544921875
1679,1.9499187469482422,-10.370711326599121
1680,2.040025234222412,-10.379844665527344
1681,1.9997107982635498,-10.316720962524414
1682,1.867876410484314,-10.269444465637207
1683,2.20627498626709,-10.327413558959961
1684,1.8273496627807617,-10.724928855895996
1685,1.8788983821868896,-10.106024742126465
1686,1.8567668199539185,-10.654850959777832
1687,2.3620996475219727,-10.119418144226074
1688,2.063483238220215,-11.085679054260254
1689,2.075270652770996,-10.278270721435547
1690,2.1515395641326904,-9.885909080505371
1691,2.208048105239868,-10.018501281738281
1692,2.1743035316467285,-10.302570343017578
1693,1.9890222549438477,-9.335342407226562
1694,1.9915664196014404,-9.97936725616455
1695,1.9740296602249146,-9.711655616760254
1696,1.8803784847259521,-9.893908500671387
1697,2.153388261795044,-10.669146537780762
1698,1.965288519859314,-10.305595397949219
1699,1.9697279930114746,-10.246108055114746
1700,2.153870105743408,-10.542516708374023
1701,1.878013014793396,-10.649553298950195
1702,1.9911878108978271,-10.658661842346191
1703,1.9198544025421143,-10.874608993530273
1704,1.989861011505127,-10.178112030029297
1705,2.214968204498291,-10.321128845214844
1706,2.0509347915649414,-10.511771202087402
1707,2.317445755004883,-10.236109733581543
1708,1.9963905811309814,-10.4666748046875
1709,2.23168683052063,-9.717207908630371
1710,1.9334056377410889,-10.86373519897461
1711,1.9265270233154297,-10.082823753356934
1712,2.1556758880615234,-10.203012466430664
1713,2.139404535293579,-10.00393295288086
1714,2.1905436515808105,-10.145137786865234
1715,1.919809341430664,-10.17813777923584
1716,2.130033016204834,-10.808097839355469
1717,1.6962676048278809,-10.739402770996094
1718,2.107891082763672,-9.73938274383545
1719,2.2949981689453125,-9.763540267944336
1720,2.117699146270752,-10.651897430419922
1721,2.2361583709716797,-10.023317337036133
1722,2.082580089569092,-10.141341209411621
1723,1.8653290271759033,-10.489227294921875
1724,2.2220335006713867,-10.016282081604004
1725,1.9448391199111938,-10.297466278076172
1726,1.9738856554031372,-10.369248390197754
1727,1.8838722705841064,-10.184638977050781
1728,2.1327505111694336,-10.078983306884766
1729,2.3367297649383545,-10.189770698547363
1730,1.9606965780258179,-10.492218971252441
1731,1.867854356765747,-10.886425018310547
1732,1.9733153581619263,-10.251232147216797
1733,1.9676225185394287,-10.267995834350586
1734,2.0257551670074463,-9.863314628601074
1735,2.0738344192504883,-10.308101654052734
1736,1.727398157119751,-11.00571060180664
1737,2.099559783935547,-9.928923606872559
1738,1.967796802520752,-9.821300506591797
1739,1.988173484802246,-10.023518562316895
1740,2.116227149963379,-9.701576232910156
1741,1.881432294845581,-10.150693893432617
1742,2.0494022369384766,-10.639817237854004
1743,2.064518928527832,-10.570398330688477
1744,2.360598087310791,-10.096528053283691
1745,1.9467817544937134,-10.372723579406738
1746,1.8718085289001465,-10.116686820983887
1747,2.376530647277832,-9.253337860107422
1748,2.0587172508239746,-10.108084678649902
1749,2.389216423034668,-10.044910430908203
1750,1.956885576248169,-9.535285949707031
1751,2.0305352210998535,-9.839293479919434
1752,2.0229058265686035,-10.312300682067871
1753,2.0798630714416504,-9.912144660949707
1754,2.0722856521606445,-10.343610763549805
1755,1.892350673675537,-10.670928001403809
1756,2.023291826248169,-10.136517524719238
1757,2.45866060256958,-10.308716773986816
1758,1.9232276678085327,-10.107634544372559
1759,2.056340217590332,-9.877176284790039
1760,2.0987133979797363,-9.95506763458252
1761,1.9560314416885376,-9.666988372802734
1762,1.9890916347503662,-10.118412971496582
1763,1.9653310775756836,-10.17438793182373
1764,1.9200732707977295,-9.653392791748047
1765,2.017368793487549,-10.201408386230469
1766,2.328066825866699,-10.471458435058594
1767,2.1266300678253174,-10.127655982971191
1768,2.0817768573760986,-9.993492126464844
1769,2.269883632659912,-9.482823371887207
1770,2.165432929992676,-9.534451484680176
1771,2.0742874145507812,-10.552376747131348
1772,2.1510729789733887,-10.800972938537598
1773,2.025602102279663,-10.672968864440918
1774,2.040565013885498,-10.364734649658203
1775,1.6946070194244385,-9.863834381103516
1776,2.1560311317443848,-10.571495056152344
1777,1.9962913990020752,-10.487220764160156
1778,1.787635087966919,-10.037781715393066
1779,2.141312599182129,-10.019333839416504
1780,2.0568318367004395,-9.826911926269531
1781,2.414524555206299,-9.936727523803711
1782,2.0356616973876953,-9.580806732177734
1783,2.306325912475586,-10.420975685119629
1784,2.0676116943359375,-9.814380645751953
1785,2.0508217811584473,-10.18554401397705
1786,2.1945462226867676,-10.202657699584961
1787,2.0933847427368164,-9.94848918914795
1788,2.144287347793579,-10.728161811828613
1789,2.0767478942871094,-9.32101058959961
1790,1.9042937755584717,-9.820181846618652
1791,1.9508508443832397,-9.830586433410645
1792,2.0909526348114014,-9.88851547241211
1793,2.0407767295837402,-9.956977844238281
1794,1.9390580654144287,-9.898031234741211
1795,1.8288275003433228,-10.380088806152344
1796,2.1527717113494873,-10.42068862915039
1797,2.159609794616699,-9.813619613647461
1798,2.2068111896514893,-10.022618293762207
1799,2.321051597595215,-9.727190971374512
1800,2.0239861011505127,-9.794610023498535
1801,2.0743417739868164,-10.18004322052002
1802,2.1133341789245605,-10.418793678283691
1803,2.002335786819458,-10.527862548828125
1804,1.8077683448791504,-10.237199783325195
1805,1.7939931154251099,-10.9173583984375
1806,1.9177966117858887,-10.218021392822266
1807,2.0139341354370117,-9.75710391998291
1808,2.0671281814575195,-10.183703422546387
1809,1.974073052406311,-10.365314483642578
1810,1.893504023551941,-10.292693138122559
1811,1.9080134630203247,-9.617424964904785
1812,2.088322162628174,-9.796932220458984
1813,2.0832066535949707,-9.919731140136719
1814,1.8145956993103027,-10.52678108215332
1815,2.1410703659057617,-10.340712547302246
1816,2.0227887630462646,-10.473087310791016
1817,2.1774380207061768,-10.069930076599121
1818,2.051326036453247,-9.839200019836426
1819,1.6608457565307617,-10.092209815979004
1820,1.9597187042236328,-10.593445777893066
1821,1.9732747077941895,-9.968489646911621
1822,1.9509342908859253,-9.983908653259277
1823,1.9419416189193726,-10.234539031982422
1824,2.0326900482177734,-10.13152027130127
1825,2.2383084297180176,-9.739092826843262
1826,2.339097499847412,-9.760154724121094
1827,1.9209003448486328,-10.647377014160156
1828,2.017300605773926,-10.052279472351074
1829,1.9545999765396118,-9.363149642944336
1830,1.8005449771881104,-9.902702331542969
1831,2.1820523738861084,-10.354278564453125
1832,1.945193886756897,-10.026232719421387
1833,1.7952238321304321,-9.693328857421875
1834,2.1087570190429688,-9.641410827636719
1835,1.9006969928741455,-10.200492858886719
1836,2.1362884044647217,-9.770349502563477
1837,1.8373754024505615,-10.462591171264648
1838,2.196420192718506,-9.872127532958984
1839,1.9756745100021362,-9.627947807312012
1840,1.8462646007537842,-10.575239181518555
1841,1.9715921878814697,-10.70715618133545
1842,1.9852486848831177,-10.16425609588623
1843,1.7687464952468872,-10.117836952209473
1844,1.8428094387054443,-9.48362922668457
1845,2.1901297569274902,-10.327116966247559
1846,2.348628044128418,-9.728790283203125
1847,2.5667881965637207,-9.790908813476562
1848,2.076812505722046,-9.272708892822266
1849,2.4601120948791504,-9.843910217285156
1850,2.2272212505340576,-9.703601837158203
1851,2.523258686065674,-9.344517707824707
1852,1.724540114402771,-10.192049026489258
1853,2.191066026687622,-10.673680305480957
1854,1.912271499633789,-10.480368614196777
1855,1.860992670059204,-10.808941841125488
1856,1.8213789463043213,-9.285945892333984
1857,2.0669727325439453,-9.95639419555664
1858,1.8240573406219482,-10.834245681762695
1859,2.0810139179229736,-9.614618301391602
1860,1.8323684930801392,-10.3580961227417
1861,2.1846084594726562,-9.642562866210938
1862,2.0681312084198,-10.597594261169434
1863,2.035996913909912,-10.04260540008545
1864,1.7002532482147217,-10.312655448913574
1865,2.1988329887390137,-10.238832473754883
1866,1.9706975221633911,-10.257390975952148
1867,2.063831329345703,-9.954632759094238
1868,1.858951449394226,-10.20236587524414
1869,2.029019832611084,-10.049092292785645
1870,1.9533097743988037,-9.667132377624512
1871,1.899574637413025,-10.256914138793945
1872,2.0693540573120117,-9.661393165588379
1873,2.1126294136047363,-10.165101051330566
1874,1.6744506359100342,-10.533434867858887
1875,2.188549518585205,-10.065914154052734
1876,1.9666423797607422,-9.635318756103516
1877,2.0082638263702393,-9.715736389160156
1878,1.808159351348877,-10.669300079345703
1879,1.788999080657959,-10.227374076843262
1880,2.0979175567626953,-9.854423522949219
1881,2.1248111724853516,-9.504549980163574
1882,1.7744919061660767,-10.657096862792969
1883,1.9650399684906006,-11.026921272277832
1884,2.503415107727051,-9.502429008483887
1885,2.2724266052246094,-9.682058334350586
1886,2.215487003326416,-9.655346870422363
1887,2.0985302925109863,-9.512250900268555
1888,2.0773184299468994,-10.137313842773438
1889,1.7471299171447754,-10.235071182250977
1890,1.8472511768341064,-10.060154914855957
1891,1.8173754215240479,-9.896661758422852
1892,2.185558795928955,-10.094439506530762
1893,2.151447296142578,-9.950165748596191
1894,2.3371691703796387,-9.66657829284668
1895,1.966536521911621,-10.158974647521973
1896,1.9920523166656494,-9.938990592956543
1897,2.0704050064086914,-10.000539779663086
1898,1.7286896705627441,-10.54888916015625
1899,1.88479745388031,-10.608925819396973
1900,2.0762906074523926,-9.475302696228027
1901,1.658910870552063,-10.48388957977295
1902,1.6939563751220703,-10.717803001403809
1903,1.6748452186584473,-10.192811965942383
1904,2.0329220294952393,-9.625907897949219
1905,2.161777973175049,-9.989108085632324
1906,1.8064346313476562,-9.899230003356934
1907,1.8831782341003418,-10.228533744812012
1908,2.091799736022949,-10.474892616271973
1909,1.9229626655578613,-10.00693130493164
1910,1.8142242431640625,-9.928694725036621
1911,1.90311598777771,-9.6890287399292
1912,1.6929421424865723,-11.004476547241211
1913,1.898526668548584,-10.046789169311523
1914,2.2452547550201416,-9.976000785827637
1915,1.8437188863754272,-10.493590354919434
1916,1.8338708877563477,-9.810182571411133
1917,1.92633056640625,-10.558080673217773
1918,2.0947728157043457,-9.79455280303955
1919,1.8138000965118408,-10.29195785522461
1920,1.8426871299743652,-9.756888389587402
1921,2.006056547164917,-9.765992164611816
1922,1.9479377269744873,-9.76123046875
1923,1.7811239957809448,-9.753496170043945
1924,1.8662059307098389,-10.108524322509766
1925,2.252256155014038,-10.056612968444824
1926,2.218921661376953,-10.24429702758789
1927,2.4471559524536133,-9.739755630493164
1928,1.9552979469299316,-10.080521583557129
1929,1.8963727951049805,-9.560308456420898
1930,1.8780642747879028,-10.138179779052734
1931,1.9116904735565186,-10.145968437194824
1932,2.041680097579956,-9.32827091217041
1933,1.711949348449707,-10.285674095153809
1934,1.9267830848693848,-9.898370742797852
1935,2.0505573749542236,-10.0789155960083
1936,1.7438453435897827,-10.702292442321777
1937,1.8441541194915771,-10.622793197631836
1938,1.9235413074493408,-10.27191162109375
1939,1.8364429473876953,-10.336217880249023
1940,1.8221545219421387,-10.418465614318848
1941,2.0906782150268555,-9.814000129699707
1942,1.8932318687438965,-9.556676864624023
1943,1.7179632186889648,-10.040233612060547
1944,2.1300811767578125,-9.807512283325195
1945,1.929297924041748,-10.673600196838379
1946,1.837315559387207,-9.912596702575684
1947,1.9068026542663574,-10.332101821899414
1948,2.2927606105804443,-9.768848419189453
1949,1.9375836849212646,-9.7853364944458
1950,1.8802332878112793,-9.87875747680664
1951,1.7249068021774292,-10.571056365966797
1952,1.8173682689666748,-10.033689498901367
1953,2.03340482711792,-10.139354705810547
1954,2.165710926055908,-9.821292877197266
1955,1.7505085468292236,-10.150023460388184
1956,1.9582470655441284,-10.100427627563477
1957,1.743161678314209,-10.046234130859375
1958,1.8772187232971191,-9.419201850891113
1959,1.9040071964263916,-9.8710355758667
1960,1.5768191814422607,-9.956448554992676
1961,1.8062639236450195,-10.152031898498535
1962,1.970832109451294,-9.783578872680664
1963,1.786921501159668,-10.057992935180664
1964,1.7084717750549316,-10.951934814453125
1965,1.6722935438156128,-9.93398666381836
1966,1.8684864044189453,-9.808259010314941
1967,2.143157958984375,-10.074091911315918
1968,1.763359546661377,-10.359332084655762
1969,1.8901454210281372,-9.79004192352295
1970,1.8918490409851074,-9.999090194702148
1971,2.1956138610839844,-10.295768737792969
1972,1.9140623807907104,-9.998785018920898
1973,1.5699479579925537,-10.191697120666504
1974,1.8907221555709839,-10.129213333129883
1975,2.057882785797119,-9.473673820495605
1976,1.8445544242858887,-11.025359153747559
1977,2.016083002090454,-10.363900184631348
1978,1.8196086883544922,-9.817865371704102
1979,1.8752844333648682,-10.4473295211792
1980,1.956592321395874,-8.947721481323242
1981,1.7515537738800049,-10.360538482666016
1982,2.0580694675445557,-9.291282653808594
1983,2.2127881050109863,-8.99596881866455
1984,1.820608377456665,-10.3623685836792
1985,1.8221170902252197,-9.777976989746094
1986,1.8732671737670898,-9.789381980895996
1987,1.7585396766662598,-10.171833992004395
1988,1.664145588874817,-9.845412254333496
1989,1.6594499349594116,-10.727399826049805
1990,1.4146777391433716,-10.170323371887207
1991,1.8229374885559082,-9.901071548461914
1992,1.8601593971252441,-9.996663093566895
1993,1.7657315731048584,-10.592238426208496
1994,2.096428394317627,-9.676521301269531
1995,1.8902608156204224,-9.909139633178711
1996,1.7225421667099,-9.788677215576172
1997,1.5359495878219604,-10.770423889160156
1998,1.7239832878112793,-9.970067977905273
1999,1.8096281290054321,-10.358525276184082
2000,1.8890080451965332,-9.498210906982422
2001,2.0960099697113037,-9.89098834991455
2002,1.83891761302948,-10.179229736328125
2003,1.9939320087432861,-9.842757225036621
2004,1.5487232208251953,-10.402740478515625
2005,1.8473482131958008,-10.141985893249512
2006,1.492598295211792,-10.373404502868652
2007,1.804600477218628,-9.852490425109863
2008,1.807051420211792,-10.366260528564453
2009,1.8587504625320435,-9.59900188446045
2010,1.8406212329864502,-10.133160591125488
2011,1.6214971542358398,-10.223989486694336
2012,1.6568353176116943,-10.392267227172852
2013,1.6876850128173828,-10.200835227966309
2014,1.9382541179656982,-10.292956352233887
2015,1.922898530960083,-9.825307846069336
2016,1.868434190750122,-10.226489067077637
2017,1.780280590057373,-9.916278839111328
2018,1.3927476406097412,-10.124009132385254
2019,1.6187814474105835,-9.705154418945312
2020,1.8815231323242188,-10.018092155456543
2021,1.716064214706421,-10.619841575622559
2022,2.032421588897705,-9.773111343383789
2023,1.7570717334747314,-9.514791488647461
2024,1.955599069595337,-9.512188911437988
2025,1.918721318244934,-10.080192565917969
2026,1.9896581172943115,-10.285157203674316
2027,1.9844856262207031,-9.445662498474121
2028,2.176154136657715,-9.981344223022461
2029,1.7468596696853638,-9.868618965148926
2030,2.032212257385254,-9.67926025390625
2031,2.398153305053711,-9.073210716247559
2032,1.7544136047363281,-9.564611434936523
2033,2.093128204345703,-9.79338264465332
2034,1.7998239994049072,-10.23572063446045
2035,2.1693685054779053,-10.12530517578125
2036,2.1092514991760254,-9.667561531066895
2037,2.223479747772217,-9.185246467590332
2038,2.095977783203125,-10.239912033081055
2039,1.6739423274993896,-10.851850509643555
2040,2.321617603302002,-9.356377601623535
2041,1.900755524635315,-8.752622604370117
2042,2.1030452251434326,-9.101778984069824
2043,1.8309696912765503,-9.997228622436523
2044,1.9482489824295044,-9.426907539367676
2045,1.7499120235443115,-9.775779724121094
2046,2.105825901031494,-9.017879486083984
2047,2.098963737487793,-9.040788650512695
2048,2.4248147010803223,-9.369426727294922
2049,2.0646746158599854,-9.815956115722656
2050,2.1407415866851807,-9.240558624267578
2051,2.4137868881225586,-9.25759506225586
2052,3.100623369216919,-9.24377727508545
2053,1.843592882156372,-9.419912338256836
2054,1.9350314140319824,-9.832554817199707
2055,2.3880362510681152,-8.865348815917969
2056,1.8821969032287598,-9.91208553314209
2057,2.8073019981384277,-9.111442565917969
2058,1.7645115852355957,-10.187326431274414
2059,2.343385696411133,-10.033443450927734
2060,2.253206968307495,-9.723886489868164
2061,2.806995391845703,-8.681875228881836
2062,2.4069199562072754,-9.487154006958008
2063,1.877955675125122,-9.521210670471191
2064,2.3240456581115723,-10.292835235595703
2065,2.0433707237243652,-9.967121124267578
2066,2.7711825370788574,-8.678779602050781
2067,2.3250837326049805,-9.08604907989502
2068,2.0450966358184814,-9.476733207702637
2069,2.431595802307129,-9.276529312133789
2070,2.307570457458496,-9.821565628051758
2071,2.2627968788146973,-10.260907173156738
2072,2.0744404792785645,-10.288860321044922
2073,2.296940803527832,-9.624152183532715
2074,1.9278709888458252,-10.487552642822266
2075,1.9958388805389404,-9.990808486938477
2076,2.3592467308044434,-9.7662353515625
2077,2.0939712524414062,-9.692513465881348
2078,1.9167613983154297,-9.879166603088379
2079,2.078068733215332,-10.013774871826172
2080,2.2783193588256836,-9.986631393432617
2081,2.657754421234131,-9.327644348144531
2082,2.835249423980713,-9.714624404907227
2083,2.2325286865234375,-8.937592506408691
2084,2.2270822525024414,-9.332987785339355
2085,2.010500907897949,-10.273554801940918
2086,1.9477217197418213,-9.974608421325684
2087,2.2555580139160156,-9.363916397094727
2088,2.154737949371338,-10.235627174377441
2089,2.1121253967285156,-10.082462310791016
2090,2.4425501823425293,-9.548789024353027
2091,2.163461208343506,-9.748149871826172
2092,1.8603041172027588,-10.803898811340332
2093,1.884779453277588,-10.086764335632324
2094,2.636740207672119,-9.610736846923828
2095,2.2502074241638184,-9.231574058532715
2096,2.0102145671844482,-9.452709197998047
2097,2.4876410961151123,-9.705694198608398
2098,2.2542927265167236,-9.880581855773926
2099,1.8638107776641846,-10.126933097839355
2100,1.971152663230896,-10.26089096069336
2101,2.0397183895111084,-9.102882385253906
2102,2.202599048614502,-9.859577178955078
2103,2.169558048248291,-9.726481437683105
2104,2.7180590629577637,-9.269259452819824
2105,2.316741466522217,-9.13215446472168
2106,2.429090976715088,-9.923190116882324
2107,2.317255973815918,-9.67189884185791
2108,2.4586920738220215,-9.201482772827148
2109,2.11968994140625,-9.352919578552246
2110,1.780555248260498,-10.558184623718262
2111,2.312218189239502,-9.808359146118164
2112,1.9729939699172974,-9.924185752868652
2113,2.382136344909668,-10.059514999389648
2114,1.998547077178955,-10.124757766723633
2115,2.273118734359741,-9.607730865478516
2116,2.3033928871154785,-9.7250337600708
2117,2.221412181854248,-8.967068672180176
2118,2.077408790588379,-9.966226577758789
2119,2.3356432914733887,-9.476784706115723
2120,2.403001070022583,-9.334822654724121
2121,2.3540091514587402,-9.441559791564941
2122,2.1754651069641113,-9.519784927368164
2123,1.933223009109497,-9.642216682434082
2124,2.3073036670684814,-9.908851623535156
2125,2.337714672088623,-9.669775009155273
2126,1.923708438873291,-10.016149520874023
2127,2.2371270656585693,-10.264110565185547
2128,2.1913304328918457,-10.050252914428711
2129,2.256272792816162,-9.97542953491211
2130,2.268731117248535,-10.308793067932129
2131,2.3900465965270996,-9.535676002502441
2132,2.0785789489746094,-9.153995513916016
2133,2.296794891357422,-9.306196212768555
2134,2.226856231689453,-10.458379745483398
2135,2.283390522003174,-10.330156326293945
2136,2.319523811340332,-9.113567352294922
2137,2.1180272102355957,-9.785935401916504
2138,2.0216236114501953,-9.937664985656738
2139,2.216017007827759,-10.574901580810547
2140,2.2688822746276855,-10.090462684631348
2141,2.1125168800354004,-10.018080711364746
2142,2.0705809593200684,-9.377498626708984
2143,2.1638364791870117,-9.364791870117188
2144,2.089357852935791,-9.810153007507324
2145,2.344606637954712,-9.553004264831543
2146,2.178783416748047,-10.351205825805664
2147,2.933582305908203,-8.560075759887695
2148,2.250850200653076,-9.893136978149414
2149,1.8328524827957153,-9.650444030761719
2150,2.2219786643981934,-9.728655815124512
2151,2.407284736633301,-9.270096778869629
2152,2.0560009479522705,-9.616083145141602
2153,1.9266631603240967,-9.327967643737793
2154,2.1016697883605957,-9.727424621582031
2155,2.4504857063293457,-9.267829895019531
2156,2.044466972351074,-9.81152057647705
2157,1.9009079933166504,-9.907567977905273
2158,2.3059260845184326,-9.100581169128418
2159,2.32096529006958,-9.328886032104492
2160,2.4322147369384766,-10.120262145996094
2161,2.1477837562561035,-10.204190254211426
2162,2.6266465187072754,-9.372833251953125
2163,2.3834052085876465,-9.329083442687988
2164,2.2106385231018066,-9.774964332580566
2165,2.679429054260254,-10.18160343170166
2166,2.1798884868621826,-9.473919868469238
2167,2.754927158355713,-9.23766803741455
2168,1.8682388067245483,-10.388679504394531
2169,2.300495147705078,-9.427913665771484
2170,2.5699899196624756,-9.287866592407227
2171,2.285205841064453,-9.88550090789795
2172,2.1725573539733887,-10.108665466308594
2173,1.9770269393920898,-10.119502067565918
2174,2.152163028717041,-9.488423347473145
2175,2.417266368865967,-9.313209533691406
2176,2.0523128509521484,-9.786301612854004
2177,2.229887008666992,-9.69093132019043
2178,2.528320074081421,-8.594439506530762
2179,2.848418712615967,-9.020421981811523
2180,2.1563706398010254,-10.236502647399902
2181,2.390564441680908,-9.77529525756836
2182,2.864825487136841,-9.726302146911621
2183,2.3842530250549316,-9.187217712402344
2184,2.4031615257263184,-9.85500431060791
2185,2.412548780441284,-9.970317840576172
2186,2.3640477657318115,-9.611536026000977
2187,2.856217861175537,-8.929632186889648
2188,2.185267925262451,-9.01168441772461
2189,2.5252645015716553,-9.805986404418945
2190,2.7892990112304688,-8.7518949508667
2191,2.7660646438598633,-9.424951553344727
2192,2.5661449432373047,-9.088829040527344
2193,2.386472702026367,-9.8787841796875
2194,2.556955337524414,-9.758709907531738
2195,2.421442985534668,-9.924882888793945
2196,2.232562303543091,-10.221755981445312
2197,2.4868557453155518,-8.9472017288208
2198,2.1529901027679443,-10.161063194274902
2199,1.9696598052978516,-9.411826133728027
2200,2.3296003341674805,-9.842063903808594
2201,2.2851128578186035,-8.938284873962402
2202,2.1693568229675293,-10.353060722351074
2203,2.191406726837158,-10.002877235412598
2204,2.261280059814453,-9.559187889099121
2205,2.138759136199951,-9.435912132263184
2206,2.3344407081604004,-9.303659439086914
2207,2.2118897438049316,-9.539897918701172
2208,2.3636231422424316,-8.993145942687988
2209,2.269291877746582,-9.72407054901123
2210,2.5503878593444824,-9.319064140319824
2211,2.2757277488708496,-9.839218139648438
2212,2.695847988128662,-9.071263313293457
2213,2.3727805614471436,-9.59045696258545
2214,2.625433921813965,-9.456827163696289
2215,1.984066367149353,-9.767891883850098
2216,2.59153151512146,-9.410046577453613
2217,2.386284351348877,-9.056200981140137
2218,2.0619678497314453,-9.91301155090332
2219,2.5043039321899414,-9.179736137390137
2220,2.4450595378875732,-9.091146469116211
2221,2.287038803100586,-9.424398422241211
2222,2.2023537158966064,-9.241710662841797
2223,2.3387346267700195,-8.860831260681152
2224,2.367885112762451,-9.703032493591309
2225,2.2993712425231934,-9.55185604095459
2226,2.353363275527954,-9.605209350585938
2227,2.1163554191589355,-10.212189674377441
2228,2.215782642364502,-9.150646209716797
2229,1.9292547702789307,-10.503785133361816
2230,2.362966299057007,-9.784329414367676
2231,2.2241578102111816,-9.310898780822754
2232,2.2439656257629395,-9.936391830444336
2233,2.6417808532714844,-10.026593208312988
2234,2.786294937133789,-9.356427192687988
2235,2.3593406677246094,-9.882584571838379
2236,2.191568613052368,-9.673796653747559
2237,2.095898151397705,-8.943572044372559
2238,2.4908409118652344,-8.97461223602295
2239,3.0619277954101562,-8.372815132141113
2240,2.399860382080078,-8.643387794494629
2241,2.335482597351074,-8.29041576385498
2242,2.8410234451293945,-7.2928314208984375
2243,2.1698708534240723,-7.9763336181640625
2244,3.054856777191162,-7.318052768707275
2245,2.2041726112365723,-5.892116069793701
2246,2.3565664291381836,-7.060731410980225
2247,2.942357063293457,-5.6750922203063965
2248,2.5981760025024414,-5.496038913726807
2249,3.5674352645874023,-4.316168785095215
2250,2.8505747318267822,-5.575076103210449
2251,2.513446807861328,-6.568490028381348
2252,2.4342854022979736,-5.8271164894104
2253,2.132880210876465,-5.649770736694336
2254,2.4181106090545654,-6.575779438018799
2255,2.223130702972412,-6.557433605194092
2256,2.4261999130249023,-6.152655124664307
2257,2.6052298545837402,-6.175274848937988
2258,2.0185775756835938,-7.242130279541016
2259,2.16520357131958,-6.58057975769043
2260,2.3908305168151855,-6.625572681427002
2261,2.05148983001709,-6.444983005523682
2262,2.5302987098693848,-6.222155570983887
2263,2.50007963180542,-6.799921989440918
2264,2.3698840141296387,-6.929754734039307
2265,2.349137783050537,-6.211471080780029
2266,2.296962022781372,-6.741912364959717
2267,2.3981521129608154,-6.825675010681152
2268,2.309199333190918,-6.352506637573242
2269,2.20375394821167,-7.083851337432861
2270,2.7467164993286133,-6.77499532699585
2271,2.5414676666259766,-6.772885799407959
2272,2.4634902477264404,-6.861506462097168
2273,2.422905921936035,-6.72126579284668
2274,2.446340799331665,-7.2751383781433105
2275,2.2215778827667236,-6.794520378112793
2276,1.998664379119873,-7.543637752532959
2277,2.7282347679138184,-7.103292465209961
2278,2.67608904838562,-5.976490497589111
2279,2.144449472427368,-5.740422248840332
2280,2.276871681213379,-6.6033711433410645
2281,2.189246654510498,-6.246666431427002
2282,2.5387473106384277,-6.509601593017578
2283,2.2373435497283936,-7.606872081756592
2284,2.658900737762451,-6.756638050079346
2285,2.220304250717163,-6.477776527404785
2286,2.183295726776123,-7.79525089263916
2287,2.551421642303467,-6.463726997375488
2288,2.236475944519043,-6.059906482696533
2289,2.4898476600646973,-7.723086357116699
2290,3.155726432800293,-7.237270355224609
2291,2.5269885063171387,-6.169671058654785
2292,2.3918919563293457,-6.187108039855957
2293,2.734727621078491,-7.393620491027832
2294,2.3679299354553223,-5.758211612701416
2295,2.645059823989868,-6.467219829559326
2296,2.6975245475769043,-6.422406196594238
2297,2.2799265384674072,-6.5358099937438965
2298,3.0910682678222656,-6.211452484130859
2299,2.432892322540283,-6.618157863616943
2300,2.8923659324645996,-6.910446643829346
2301,2.4134702682495117,-7.203294277191162
2302,2.417628288269043,-6.967560291290283
2303,2.579805374145508,-5.748455047607422
2304,3.000441312789917,-6.5187201499938965
2305,2.5085957050323486,-6.060814380645752
2306,2.2990927696228027,-6.560387134552002
2307,2.4791433811187744,-7.237309455871582
2308,2.3714637756347656,-6.059602737426758
2309,2.8217387199401855,-6.66728401184082
2310,2.215944290161133,-6.1205949783325195
2311,2.351813793182373,-6.746375560760498
2312,2.0199294090270996,-6.755584716796875
2313,2.636442184448242,-6.581103324890137
2314,2.2721638679504395,-6.300478458404541
2315,2.3133087158203125,-7.194555282592773
2316,1.8980302810668945,-7.893820285797119
2317,2.571843147277832,-7.184725284576416
2318,2.5730183124542236,-6.876817226409912
2319,2.7411346435546875,-6.217800140380859
2320,2.154834747314453,-6.172783851623535
2321,2.7643139362335205,-5.8422651290893555
2322,2.7239906787872314,-6.679913520812988
2323,2.6070122718811035,-7.862903594970703
2324,2.362816333770752,-7.375670909881592
2325,2.7979979515075684,-5.485275745391846
2326,2.167802333831787,-6.742959976196289
2327,2.97576642036438,-7.249902248382568
2328,2.116718053817749,-7.213229179382324
2329,2.3618946075439453,-6.666823863983154
2330,2.508340358734131,-5.7833099365234375
2331,2.9683008193969727,-6.046151161193848
2332,2.2877402305603027,-6.508011341094971
2333,2.580789566040039,-6.635887622833252
2334,3.129115104675293,-6.328329086303711
2335,2.2769572734832764,-6.618880748748779
2336,2.2500929832458496,-8.134008407592773
2337,2.66738224029541,-6.441872596740723
2338,2.305698871612549,-6.296756744384766
2339,1.9657961130142212,-7.63692569732666
2340,2.8129265308380127,-6.506711483001709
2341,2.569612979888916,-6.785750865936279
2342,2.6875641345977783,-7.292666435241699
2343,2.295302391052246,-6.199135780334473
2344,2.5426888465881348,-6.718322277069092
2345,2.5122504234313965,-6.2728190422058105
2346,2.0809895992279053,-7.696014881134033
2347,2.3411495685577393,-6.565268516540527
2348,2.6118874549865723,-7.037320137023926
2349,2.333219528198242,-6.9727935791015625
2350,2.225024700164795,-7.4867963790893555
2351,2.627098321914673,-6.130321502685547
2352,1.9040560722351074,-7.085116386413574
2353,2.1735599040985107,-7.894469738006592
2354,2.8853912353515625,-6.149119853973389
2355,2.633390426635742,-6.648126602172852
2356,2.6578621864318848,-6.664182662963867
2357,2.2615513801574707,-7.768256664276123
2358,2.724466323852539,-6.652302265167236
2359,2.467937469482422,-7.810230255126953
2360,2.327148199081421,-6.406023979187012
2361,2.157681941986084,-7.431456089019775
2362,2.461160659790039,-5.851478099822998
2363,2.3837971687316895,-7.04111385345459
2364,2.08697772026062,-8.035662651062012
2365,2.304941415786743,-6.990714073181152
2366,2.613100290298462,-6.855556488037109
2367,2.2815375328063965,-7.164855480194092
2368,2.5955638885498047,-6.3411664962768555
2369,2.3318827152252197,-6.95604133605957
2370,2.5247721672058105,-7.133359909057617
2371,2.9584996700286865,-7.581863880157471
2372,2.488875389099121,-5.9313178062438965
2373,2.311487913131714,-6.976909160614014
2374,2.5459530353546143,-7.082608222961426
2375,2.5863513946533203,-7.529758930206299
2376,2.810537338256836,-6.996784687042236
2377,2.4160895347595215,-8.014115333557129
2378,3.1116228103637695,-5.999143600463867
2379,2.19180965423584,-7.321789741516113
2380,2.936911106109619,-7.051433563232422
2381,2.2262141704559326,-5.9090118408203125
2382,2.303276300430298,-6.944555759429932
2383,2.3725533485412598,-6.551764965057373
2384,2.4563589096069336,-7.184881210327148
2385,2.5065417289733887,-6.140851974487305
2386,2.477656841278076,-6.840023040771484
2387,2.3584325313568115,-7.636033535003662
2388,2.5893702507019043,-7.028124809265137
2389,2.836913824081421,-6.563757419586182
2390,2.305330991744995,-6.586989879608154
2391,2.4377052783966064,-6.953734874725342
2392,2.4917917251586914,-6.095028877258301
2393,2.5952515602111816,-7.1348114013671875
2394,2.4312329292297363,-6.91317892074585
2395,2.1639459133148193,-7.157429218292236
2396,2.1985278129577637,-6.953584671020508
2397,2.5436525344848633,-6.90512752532959
2398,2.358053207397461,-6.245221138000488
2399,2.4974465370178223,-5.490828037261963
2400,2.3638720512390137,-5.885568618774414
2401,2.830383777618408,-5.799202919006348
2402,2.538235664367676,-6.952932357788086
2403,2.430558681488037,-7.931825160980225
2404,3.023798942565918,-6.284500598907471
2405,2.5718865394592285,-6.8024702072143555
2406,2.456918239593506,-7.063420295715332
2407,2.4619898796081543,-6.3667731285095215
2408,2.4056782722473145,-6.964849948883057
2409,2.3414306640625,-6.490164279937744
2410,2.6274573802948,-6.62899923324585
2411,2.2417423725128174,-6.8285956382751465
2412,2.5232186317443848,-6.72833251953125
2413,2.4637067317962646,-7.5061845779418945
2414,2.6047897338867188,-6.772341251373291
2415,2.4893572330474854,-5.986166954040527
2416,2.784104824066162,-7.090020656585693
2417,2.2361507415771484,-6.028026103973389
2418,2.421590805053711,-7.601756572723389
2419,2.2593870162963867,-6.893655300140381
2420,2.5482211112976074,-6.209912300109863
2421,2.7958755493164062,-5.479978561401367
2422,2.3712942600250244,-6.929925441741943
2423,2.7766199111938477,-7.049098491668701
2424,2.2796664237976074,-6.590944290161133
2425,2.8063201904296875,-7.125104904174805
2426,2.610952615737915,-6.3360443115234375
2427,2.7615902423858643,-7.248648643493652
2428,2.4485580921173096,-7.662664413452148
2429,2.453861951828003,-6.463845252990723
2430,2.3586349487304688,-6.542879104614258
2431,2.5029220581054688,-6.609265327453613
2432,2.4910879135131836,-6.903241157531738
2433,2.454080581665039,-7.247839450836182
2434,2.9583921432495117,-6.981827259063721
2435,2.3542723655700684,-5.68709659576416
2436,2.718959331512451,-6.831881046295166
2437,2.4936015605926514,-6.310529708862305
2438,2.4064488410949707,-7.2033281326293945
2439,2.6492419242858887,-6.5059590339660645
2440,3.4630398750305176,-6.412181854248047
2441,2.3009958267211914,-7.526855945587158
2442,2.1514954566955566,-7.104718208312988
2443,2.8716704845428467,-6.963613510131836
2444,2.294783115386963,-5.937501907348633
2445,2.7169604301452637,-6.157278537750244
2446,2.443068027496338,-5.388377666473389
2447,2.3692665100097656,-5.874001979827881
2448,3.299715518951416,-6.668443202972412
2449,2.0953431129455566,-7.397885322570801
2450,2.3932456970214844,-7.261192798614502
2451,2.32251238822937,-6.368340015411377
2452,2.353252410888672,-6.5070013999938965
2453,2.368466854095459,-6.920077323913574
2454,2.4951720237731934,-6.441991806030273
2455,2.349348545074463,-7.032003402709961
2456,2.9280381202697754,-5.731298923492432
2457,2.5843148231506348,-6.727445125579834
2458,3.3750975131988525,-6.8061065673828125
2459,3.210005283355713,-6.223685264587402
2460,2.7519009113311768,-5.959009170532227
2461,2.971205711364746,-5.975666522979736
2462,2.2844011783599854,-7.009580135345459
2463,2.5683095455169678,-7.019345283508301
2464,2.6296586990356445,-7.205073356628418
2465,3.0430679321289062,-7.391562461853027
2466,2.906309127807617,-6.4514265060424805
2467,3.0540614128112793,-6.080226421356201
2468,2.407107353210449,-5.785950183868408
2469,2.7887120246887207,-6.3540358543396
2470,2.924816608428955,-6.886834621429443
2471,2.5708494186401367,-6.466421127319336
2472,2.6988396644592285,-6.00823974609375
2473,2.9690780639648438,-7.115476608276367
2474,2.5011496543884277,-6.317045211791992
2475,2.569180965423584,-6.572511672973633
2476,2.588329315185547,-6.828554630279541
2477,2.460503101348877,-7.530829906463623
2478,2.5392751693725586,-6.6937479972839355
2479,2.714582920074463,-6.251047134399414
2480,2.819732666015625,-6.620787143707275
2481,2.40633225440979,-5.688591957092285
2482,2.356914758682251,-6.88801383972168
2483,2.680799722671509,-6.491415977478027
2484,2.630631685256958,-6.475919723510742
2485,2.593348503112793,-7.011352062225342
2486,2.9171059131622314,-5.558896064758301
2487,2.354743003845215,-7.8569254875183105
2488,3.146313190460205,-5.173407554626465
2489,2.5802807807922363,-6.874563694000244
2490,2.8939247131347656,-6.832701206207275
2491,2.2016353607177734,-6.364178657531738
2492,2.6421337127685547,-7.4296369552612305
2493,2.964017629623413,-6.070127964019775
2494,2.422868251800537,-6.969081401824951
2495,2.3000826835632324,-7.158021450042725
2496,2.1876778602600098,-6.698017597198486
2497,3.2151010036468506,-6.5912933349609375
2498,2.5944814682006836,-7.740173816680908
2499,2.882903814315796,-6.727471351623535
2500,2.4672069549560547,-6.890137195587158
2501,2.576124668121338,-6.0871686935424805
2502,2.5532541275024414,-7.303333282470703
2503,2.232245445251465,-6.0914306640625
2504,2.371694564819336,-6.89621639251709
2505,2.6131181716918945,-6.314950466156006
2506,2.4899911880493164,-6.218730926513672
2507,2.369873046875,-6.724374294281006
2508,2.1603946685791016,-6.933073043823242
2509,2.3852949142456055,-6.785064697265625
2510,2.3424935340881348,-7.60209846496582
2511,2.4092016220092773,-6.652758598327637
2512,2.586991310119629,-7.095947265625
2513,2.2545876502990723,-7.609438419342041
2514,2.713559150695801,-6.658251762390137
2515,2.8376152515411377,-6.444357395172119
2516,2.3553595542907715,-7.530377388000488
2517,2.6816036701202393,-6.258209228515625
2518,2.6926674842834473,-5.911023139953613
2519,2.720945119857788,-5.972468852996826
2520,2.641781806945801,-6.114153861999512
2521,2.6198039054870605,-6.482133388519287
2522,2.651271343231201,-7.367850303649902
2523,2.4398014545440674,-5.978498458862305
2524,2.317239761352539,-6.419774055480957
2525,2.6346335411071777,-6.950340747833252
2526,2.2517006397247314,-5.875270843505859
2527,2.056166410446167,-6.965582370758057
2528,2.715174436569214,-7.31207275390625
2529,2.8221964836120605,-6.659007549285889
2530,2.776506185531616,-6.504228115081787
2531,2.2557053565979004,-7.544958591461182
2532,3.103243350982666,-6.9679856300354
2533,2.355271816253662,-6.72177267074585
2534,2.754891872406006,-6.984418869018555
2535,2.5642025470733643,-6.855200290679932
2536,2.7249670028686523,-5.388404369354248
2537,2.6767425537109375,-5.969915390014648
2538,2.9200620651245117,-6.503037929534912
2539,2.5797030925750732,-7.282978534698486
2540,2.4838051795959473,-7.129591464996338
2541,3.1381218433380127,-6.823311805725098
2542,2.6601667404174805,-7.3121113777160645
2543,3.071530342102051,-6.507646083831787
2544,2.6025948524475098,-6.781195163726807
2545,2.5222108364105225,-7.459769248962402
2546,2.593034267425537,-7.437833309173584
2547,2.3082737922668457,-7.0777058601379395
2548,2.6465601921081543,-7.210636138916016
2549,2.3910975456237793,-7.325763702392578
2550,2.316725492477417,-7.79344367980957
2551,2.6529762744903564,-7.948288440704346
2552,2.8570175170898438,-6.918145656585693
2553,2.529900312423706,-7.283135414123535
2554,2.774935722351074,-6.9784440994262695
2555,2.699833869934082,-6.734537124633789
2556,2.447014808654785,-7.538936614990234
2557,2.375783920288086,-7.1543169021606445
2558,2.559326648712158,-7.009379863739014
2559,2.6183922290802,-6.354540824890137
2560,2.4177088737487793,-6.743938446044922
2561,2.6415951251983643,-6.1742706298828125
2562,2.4681153297424316,-5.829873085021973
2563,2.272369861602783,-6.111892223358154
2564,2.4592275619506836,-7.054720878601074
2565,2.3817639350891113,-6.955544471740723
2566,2.5463004112243652,-6.228694915771484
2567,3.134735107421875,-5.6199259757995605
2568,2.792428493499756,-6.951268196105957
2569,2.353332996368408,-6.943291664123535
2570,2.1283118724823,-5.478135585784912
2571,2.4276814460754395,-6.278151988983154
2572,2.2696878910064697,-5.474041938781738
2573,2.42732834815979,-5.941976547241211
2574,2.155604839324951,-6.259748458862305
2575,2.485380172729492,-6.5519585609436035
2576,2.2418880462646484,-6.311953067779541
2577,2.209995746612549,-5.010288715362549
2578,2.513105630874634,-5.5739827156066895
2579,2.219620704650879,-5.916718006134033
2580,3.223629951477051,-6.081036567687988
2581,2.4769740104675293,-5.526506423950195
2582,2.6516947746276855,-5.111310005187988
2583,2.5755178928375244,-4.693422317504883
2584,2.821434497833252,-5.457977294921875
2585,2.2969002723693848,-5.4091973304748535
2586,2.3424158096313477,-6.22285270690918
2587,2.631295919418335,-5.186502456665039
2588,2.327822685241699,-5.91763973236084
2589,2.451735258102417,-5.408785343170166
2590,2.790834903717041,-4.874714374542236
2591,2.5886034965515137,-4.902771472930908
2592,2.8826987743377686,-6.1921515464782715
2593,2.2300777435302734,-5.554539680480957
2594,2.6009607315063477,-5.7547688484191895
2595,2.70835018157959,-3.3121392726898193
2596,2.600766181945801,-4.52906608581543
2597,2.3961915969848633,-4.1142425537109375
2598,2.4059348106384277,-4.984292984008789
2599,2.42854642868042,-4.5869245529174805
2600,2.541184425354004,-5.752254486083984
2601,2.4872958660125732,-4.035614013671875
2602,2.3233189582824707,-5.235795974731445
2603,2.436129570007324,-5.767613410949707
2604,2.4550628662109375,-5.567905426025391
2605,2.6540260314941406,-5.630972862243652
2606,2.477614402770996,-5.766134262084961
2607,2.427602529525757,-5.855908393859863
2608,3.748988151550293,-5.648395538330078
2609,2.411555051803589,-5.741636276245117
2610,3.141585350036621,-4.892965316772461
2611,2.417097568511963,-5.339272499084473
2612,2.7744197845458984,-5.5710673332214355
2613,2.236575126647949,-5.532003402709961
2614,2.496403694152832,-5.530395030975342
2615,2.342125415802002,-5.142810821533203
2616,2.989805221557617,-4.941733360290527
2617,2.9773595333099365,-5.486688613891602
2618,2.8335671424865723,-5.485246181488037
2619,2.197615623474121,-5.702678203582764
2620,2.8523342609405518,-5.131162166595459
2621,2.432048797607422,-5.049778461456299
2622,2.055556297302246,-5.571102142333984
2623,2.4237618446350098,-5.292489051818848
2624,2.6293692588806152,-6.45844841003418
2625,2.4463160037994385,-6.3572468757629395
2626,2.5862293243408203,-4.957816123962402
2627,2.0864815711975098,-5.426733493804932
2628,2.698873281478882,-5.831172466278076
2629,3.149092197418213,-5.330692291259766
2630,2.223231792449951,-4.943484306335449
2631,2.3693807125091553,-5.564061164855957
2632,2.945979118347168,-4.862921237945557
2633,2.3672056198120117,-5.172738075256348
2634,2.771745204925537,-5.081753730773926
2635,2.773634910583496,-4.2507243156433105
2636,2.271005868911743,-5.099932670593262
2637,2.6808815002441406,-5.482909679412842
2638,2.4144372940063477,-6.46776008605957
2639,2.641326427459717,-4.212120532989502
2640,2.67144775390625,-4.746873378753662
2641,2.4035160541534424,-5.65352725982666
2642,2.5569586753845215,-3.870011568069458
2643,2.1644954681396484,-5.860706329345703
2644,2.3298943042755127,-5.691517353057861
2645,2.456326484680176,-4.804150581359863
2646,2.28469181060791,-5.126006603240967
2647,2.6361937522888184,-3.8241186141967773
2648,2.632950782775879,-6.372028350830078
2649,2.4358925819396973,-4.794390678405762
2650,2.4616353511810303,-4.926818370819092
2651,2.339879035949707,-5.498814105987549
2652,2.40071439743042,-4.573008060455322
2653,2.3323163986206055,-5.680366039276123
2654,2.529916286468506,-4.34274435043335
2655,2.5951743125915527,-4.995226860046387
2656,3.1332502365112305,-4.6506571769714355
2657,2.2887778282165527,-4.637778282165527
2658,2.383183717727661,-4.805622100830078
2659,2.1058850288391113,-5.4354753494262695
2660,2.253734588623047,-5.096035480499268
2661,2.2408995628356934,-4.552123546600342
2662,2.7532365322113037,-5.7694501876831055
2663,2.965559244155884,-5.080129623413086
2664,2.3224401473999023,-5.578098297119141
2665,1.9790053367614746,-6.2901129722595215
2666,2.3241429328918457,-5.149951934814453
2667,2.4842467308044434,-5.313809871673584
2668,2.7917375564575195,-4.220218658447266
2669,2.1019115447998047,-6.043940544128418
2670,3.4714462757110596,-6.257436752319336
2671,2.544154644012451,-5.291418075561523
2672,3.3345627784729004,-3.0262084007263184
2673,2.5361952781677246,-5.0039167404174805
2674,2.5550620555877686,-4.771085739135742
2675,2.4831552505493164,-5.2403788566589355
2676,2.4349303245544434,-5.478260040283203
2677,2.048069477081299,-5.939886569976807
2678,2.4133901596069336,-5.305479049682617
2679,2.3072733879089355,-6.402064800262451
2680,2.3361566066741943,-5.891905307769775
2681,3.102752208709717,-6.191123008728027
2682,2.8917908668518066,-6.012745380401611
2683,2.475759506225586,-6.272596836090088
2684,2.731717109680176,-6.074779510498047
2685,2.7109103202819824,-6.0792670249938965
2686,2.5117673873901367,-5.767621994018555
2687,2.478954315185547,-5.751611232757568
2688,2.5517520904541016,-5.984112739562988
2689,2.3671765327453613,-5.98465633392334
2690,3.677718162536621,-6.420187950134277
2691,2.7201709747314453,-5.625773906707764
2692,2.4176995754241943,-6.6275315284729
2693,2.453235626220703,-6.290626049041748
2694,2.4027085304260254,-5.562307834625244
2695,2.5059990882873535,-5.912156581878662
2696,3.104905128479004,-5.406490325927734
2697,2.462404251098633,-6.871517181396484
2698,2.3900115489959717,-5.591400146484375
2699,2.378602981567383,-6.68116569519043
2700,2.193946123123169,-5.951956272125244
2701,2.6856179237365723,-5.4561920166015625
2702,2.5740089416503906,-5.95958137512207
2703,2.440718173980713,-5.214455604553223
2704,2.454650402069092,-5.527938365936279
2705,2.532670497894287,-5.688442230224609
2706,2.7713513374328613,-6.061917304992676
2707,2.354133129119873,-6.659106254577637
2708,2.4082155227661133,-6.137173652648926
2709,2.9693002700805664,-5.321547985076904
2710,2.5855276584625244,-6.080705165863037
2711,2.4619369506835938,-4.663101673126221
2712,2.4280476570129395,-6.643556118011475
2713,2.3379578590393066,-6.000885486602783
2714,2.3938348293304443,-6.191328525543213
2715,2.277733325958252,-6.709627628326416
2716,2.1713714599609375,-6.1241679191589355
2717,2.3244576454162598,-5.990512847900391
2718,2.3434929847717285,-6.333209991455078
2719,1.8981571197509766,-7.077713489532471
2720,2.296084403991699,-6.676252365112305
2721,2.382786750793457,-5.897421360015869
2722,2.5460610389709473,-5.174675941467285
2723,2.684591770172119,-4.862255096435547
2724,2.7699713706970215,-6.3665266036987305
2725,2.0932154655456543,-5.719709873199463
2726,1.809944987297058,-6.7689032554626465
2727,2.951184034347534,-6.457759380340576
2728,2.607299327850342,-5.085592269897461
2729,2.509230136871338,-5.865264892578125
2730,2.1924781799316406,-6.372774124145508
2731,2.1373863220214844,-6.224682807922363
2732,2.3910207748413086,-6.532135009765625
2733,2.425510883331299,-5.944614410400391
2734,2.1709933280944824,-5.495505332946777
2735,2.2653093338012695,-5.85371208190918
2736,2.67069935798645,-5.928804874420166
2737,2.1082091331481934,-6.379780292510986
2738,1.9992939233779907,-5.879885673522949
2739,1.9553605318069458,-5.700918674468994
2740,2.556334972381592,-7.214283466339111
2741,2.1620311737060547,-5.9062933921813965
2742,2.142101287841797,-5.074561595916748
2743,3.1259677410125732,-6.211776256561279
2744,2.248840808868408,-6.372635364532471
2745,2.1112165451049805,-7.050666332244873
2746,1.8570244312286377,-5.8798322677612305
2747,2.458315372467041,-6.848196983337402
2748,2.133078098297119,-5.633791923522949
2749,2.036613941192627,-6.168757915496826
2750,2.305178165435791,-5.874085903167725
2751,2.5476651191711426,-5.414791107177734
2752,2.5321717262268066,-5.599772930145264
2753,2.311871290206909,-5.427125453948975
2754,2.0474400520324707,-5.69258975982666
2755,2.705657482147217,-6.645106315612793
2756,2.317448616027832,-5.229762554168701
2757,1.9117894172668457,-6.599618434906006
2758,1.9493639469146729,-5.4490251541137695
2759,2.433957815170288,-5.789585113525391
2760,2.7739267349243164,-5.316246509552002
2761,2.1287426948547363,-5.581085681915283
2762,2.048046112060547,-6.305108547210693
2763,1.7382123470306396,-6.740933895111084
2764,2.274311065673828,-5.951491832733154
2765,2.325923442840576,-4.988174915313721
2766,2.5212459564208984,-5.356833457946777
2767,2.1288552284240723,-6.18072509765625
2768,3.7685346603393555,-6.266556262969971
2769,2.601304054260254,-5.329624176025391
2770,2.26213002204895,-5.836224555969238
2771,2.1335644721984863,-5.705809116363525
2772,2.33756160736084,-6.072086334228516
2773,1.9384429454803467,-6.579258441925049
2774,2.4111580848693848,-6.081768035888672
2775,2.1539804935455322,-6.346219062805176
2776,2.1515917778015137,-5.957698345184326
2777,3.202462673187256,-5.43454122543335
2778,2.2690846920013428,-5.369024276733398
2779,2.1599693298339844,-6.319266319274902
2780,3.1924400329589844,-5.61937141418457
2781,1.9873723983764648,-5.732274055480957
2782,2.257234573364258,-6.002908229827881
2783,2.2442283630371094,-6.090301036834717
2784,1.964965581893921,-6.6975789070129395
2785,2.77713680267334,-5.936080455780029
2786,2.5824689865112305,-5.588101863861084
2787,2.1977734565734863,-6.67282247543335
2788,2.2989208698272705,-6.640382289886475
2789,2.319319248199463,-6.323473930358887
2790,2.7434744834899902,-6.036657810211182
2791,2.8909597396850586,-6.090925216674805
2792,2.2911577224731445,-7.492331027984619
2793,2.5686593055725098,-8.25113296508789
2794,2.262838840484619,-9.10629653930664
2795,2.6309030055999756,-8.440764427185059
2796,2.15999698638916,-8.591382026672363
2797,1.9250340461730957,-9.274407386779785
2798,2.3144826889038086,-8.762876510620117
2799,2.3963565826416016,-8.979371070861816
2800,2.151660919189453,-8.980064392089844
2801,1.9606094360351562,-9.497819900512695
2802,2.192870855331421,-9.078046798706055
2803,2.7363767623901367,-8.649130821228027
2804,2.4266891479492188,-9.270862579345703
2805,2.251025915145874,-8.411620140075684
2806,2.2500436305999756,-9.479947090148926
2807,1.837283968925476,-9.686936378479004
2808,2.2700185775756836,-9.868204116821289
2809,2.539586067199707,-8.68384075164795
2810,2.5084824562072754,-9.341324806213379
2811,2.542361259460449,-9.19200611114502
2812,2.693958282470703,-8.848827362060547
2813,2.1777353286743164,-9.652137756347656
2814,2.576652765274048,-9.915020942687988
2815,2.3250489234924316,-9.66370964050293
2816,2.3354592323303223,-9.562117576599121
2817,2.461881399154663,-8.406628608703613
2818,2.3553717136383057,-9.754042625427246
2819,2.229707956314087,-9.416949272155762
2820,2.289266586303711,-8.930888175964355
2821,2.4151558876037598,-8.461289405822754
2822,2.4246938228607178,-8.369375228881836
2823,2.3067052364349365,-8.806553840637207
2824,2.4092330932617188,-9.054214477539062
2825,2.642188549041748,-7.7569990158081055
2826,2.0322437286376953,-9.084694862365723
2827,2.3602657318115234,-9.004255294799805
2828,2.3746633529663086,-9.269927978515625
2829,2.520106792449951,-8.8939847946167
2830,2.736079216003418,-8.950601577758789
2831,2.553321599960327,-8.682592391967773
2832,2.1528193950653076,-9.898000717163086
2833,2.0393967628479004,-9.840315818786621
2834,2.410816192626953,-9.523553848266602
2835,2.300736427307129,-9.093618392944336
2836,1.7841752767562866,-10.493311882019043
2837,2.270437479019165,-8.790035247802734
2838,2.199761390686035,-9.767223358154297
2839,2.5329551696777344,-8.809369087219238
2840,2.3385300636291504,-9.618839263916016
2841,2.337761640548706,-9.657001495361328
2842,2.3704867362976074,-8.727363586425781
2843,2.3779425621032715,-9.226487159729004
2844,2.154947280883789,-10.536555290222168
2845,2.031033754348755,-8.637246131896973
2846,2.5598270893096924,-8.307071685791016
2847,2.8957810401916504,-8.786686897277832
2848,2.648411989212036,-9.023940086364746
2849,2.841158866882324,-9.978076934814453
2850,2.5993082523345947,-8.813363075256348
2851,2.6355104446411133,-9.124932289123535
2852,2.1855602264404297,-9.216470718383789
2853,2.3244616985321045,-9.11508560180664
2854,2.3085153102874756,-8.7774019241333
2855,2.8682284355163574,-8.73257827758789
2856,2.37066650390625,-9.425745010375977
2857,2.4250106811523438,-9.219463348388672
2858,2.2083005905151367,-8.229561805725098
2859,2.228790283203125,-9.618913650512695
2860,2.2606778144836426,-9.927544593811035
2861,2.2163524627685547,-8.936182022094727
2862,2.437727928161621,-9.085870742797852
2863,2.4831366539001465,-8.33130931854248
2864,2.368903160095215,-9.292770385742188
2865,2.5287487506866455,-9.287858963012695
2866,2.248518943786621,-8.576467514038086
2867,2.2992725372314453,-9.49380111694336
2868,2.864780902862549,-9.092855453491211
2869,2.424268960952759,-9.082391738891602
2870,2.2487244606018066,-9.170799255371094
2871,2.229391098022461,-9.588249206542969
2872,2.1129941940307617,-9.760531425476074
2873,2.500758171081543,-9.637767791748047
2874,2.3740835189819336,-9.30424690246582
2875,2.7831993103027344,-8.344887733459473
2876,2.4285013675689697,-8.858575820922852
2877,2.261396884918213,-9.189788818359375
2878,2.5033674240112305,-9.117968559265137
2879,2.488102436065674,-8.835546493530273
2880,2.5731148719787598,-8.303587913513184
2881,2.0666816234588623,-9.590465545654297
2882,2.2485110759735107,-8.88223648071289
2883,2.6365652084350586,-8.706958770751953
2884,2.3734560012817383,-8.432438850402832
2885,2.330995798110962,-8.789386749267578
2886,2.2671890258789062,-8.78195571899414
2887,2.2066750526428223,-9.429664611816406
2888,2.498410701751709,-9.232051849365234
2889,2.201995849609375,-9.051591873168945
2890,2.280154228210449,-8.632681846618652
2891,2.2407398223876953,-9.63880729675293
2892,2.1277832984924316,-8.944584846496582
2893,2.4241886138916016,-8.946094512939453
2894,2.2866756916046143,-9.475210189819336
2895,2.4764184951782227,-9.649996757507324
2896,2.3543694019317627,-9.362384796142578
2897,2.7140793800354004,-8.97060775756836
2898,2.394284963607788,-9.001060485839844
2899,2.518733024597168,-8.207119941711426
2900,2.2673826217651367,-9.457718849182129
2901,2.048285961151123,-9.023542404174805
2902,2.79685640335083,-8.519309997558594
2903,2.376038074493408,-9.24057674407959
2904,2.674704074859619,-8.537862777709961
2905,2.3402676582336426,-9.598856925964355
2906,2.6236233711242676,-8.493047714233398
2907,2.269214153289795,-8.76781177520752
2908,2.025376796722412,-9.091261863708496
2909,2.101915121078491,-10.083588600158691
2910,2.3184986114501953,-9.359813690185547
2911,2.105647325515747,-8.597978591918945
2912,2.136427640914917,-9.300178527832031
2913,2.411637783050537,-8.843204498291016
2914,2.3975229263305664,-9.049647331237793
2915,2.4112863540649414,-10.002785682678223
2916,2.3240857124328613,-8.732288360595703
2917,2.293929100036621,-9.041404724121094
2918,2.511836051940918,-8.828009605407715
2919,2.3200130462646484,-9.244112968444824
2920,2.5317397117614746,-9.478567123413086
2921,2.3058221340179443,-9.72863483428955
2922,2.590322494506836,-8.152915954589844
2923,2.2003636360168457,-9.134157180786133
2924,2.3477635383605957,-8.848113059997559
2925,2.193718433380127,-8.954601287841797
2926,2.228773593902588,-9.926737785339355
2927,2.651634931564331,-8.043853759765625
2928,2.317869186401367,-9.640336990356445
2929,2.5334577560424805,-8.950153350830078
2930,2.5206103324890137,-8.902843475341797
2931,2.0863285064697266,-9.321246147155762
2932,2.147214889526367,-9.141334533691406
2933,2.0770633220672607,-8.460887908935547
2934,2.3413312435150146,-9.121480941772461
2935,2.52237606048584,-8.744763374328613
2936,2.353466749191284,-8.363855361938477
2937,2.6663260459899902,-8.559839248657227
2938,1.9685821533203125,-9.588922500610352
2939,2.0094685554504395,-10.068868637084961
2940,2.349428176879883,-8.534028053283691
2941,2.4254631996154785,-9.268159866333008
2942,2.1598401069641113,-9.46346664428711
2943,2.460334539413452,-8.823355674743652
2944,2.4180431365966797,-9.08787727355957
2945,2.40260648727417,-8.419696807861328
2946,2.0160155296325684,-8.973061561584473
2947,2.928175926208496,-9.375886917114258
2948,2.6613030433654785,-8.318743705749512
2949,2.4983925819396973,-9.206982612609863
2950,2.223921775817871,-9.5095796585083
2951,2.6327927112579346,-8.386969566345215
2952,2.477583646774292,-8.900026321411133
2953,2.2609763145446777,-9.24280071258545
2954,2.293727397918701,-9.029696464538574
2955,2.6023499965667725,-7.959633827209473
2956,2.5363051891326904,-8.16537094116211
2957,2.4240427017211914,-8.255102157592773
2958,2.502220869064331,-8.810839653015137
2959,2.1575326919555664,-9.824455261230469
2960,2.330868721008301,-10.127945899963379
2961,2.4648308753967285,-8.155128479003906
2962,2.2961268424987793,-8.680728912353516
2963,2.806793451309204,-8.540487289428711
2964,2.5169878005981445,-8.760854721069336
2965,2.1202821731567383,-8.994422912597656
2966,2.592257022857666,-9.392755508422852
2967,2.2370805740356445,-9.224956512451172
2968,2.7619118690490723,-7.956744194030762
2969,2.56246280670166,-8.995182991027832
2970,2.6533026695251465,-8.702521324157715
2971,2.436272144317627,-8.879650115966797
2972,2.614779233932495,-8.625256538391113
2973,2.1846394538879395,-8.921357154846191
2974,2.662745475769043,-7.9559550285339355
2975,2.3514015674591064,-8.702759742736816
2976,2.4766499996185303,-8.5425443649292
2977,2.5276713371276855,-8.31419849395752
2978,2.702930450439453,-8.137219429016113
2979,2.315261125564575,-8.954442024230957
2980,2.541774272918701,-8.668035507202148
2981,2.4914493560791016,-9.626672744750977
2982,2.600484848022461,-7.894437789916992
2983,2.731353998184204,-9.001031875610352
2984,2.4193854331970215,-8.895648002624512
2985,2.308117389678955,-9.352532386779785
2986,2.557339668273926,-9.182287216186523
2987,2.345747947692871,-8.780029296875
2988,2.176769256591797,-9.489968299865723
2989,2.262667179107666,-9.023037910461426
2990,2.4641473293304443,-8.097928047180176
2991,2.665537118911743,-8.552282333374023
2992,2.555342197418213,-8.106090545654297
2993,2.195923089981079,-8.84399700164795
2994,2.4265129566192627,-9.73829174041748
2995,2.497685432434082,-8.760753631591797
2996,2.4542441368103027,-8.962376594543457
2997,2.7132019996643066,-8.896101951599121
2998,2.4432058334350586,-9.551371574401855
2999,2.3468244075775146,-9.227100372314453
3000,2.395852565765381,-9.172693252563477
3001,2.3739705085754395,-8.61389446258545
3002,2.350327968597412,-8.67259693145752
3003,2.534435272216797,-8.189374923706055
3004,2.4954946041107178,-9.465082168579102
3005,2.18747615814209,-9.923249244689941
3006,2.51900315284729,-8.797489166259766
3007,2.771698474884033,-9.040199279785156
3008,2.6234936714172363,-8.418858528137207
3009,2.562892198562622,-8.383477210998535
3010,2.3966739177703857,-8.598069190979004
3011,2.5492660999298096,-7.8025593757629395
3012,2.3847620487213135,-8.591320037841797
3013,2.225475549697876,-9.445928573608398
3014,2.4584925174713135,-8.902828216552734
3015,2.283700942993164,-9.006476402282715
3016,2.2488882541656494,-8.619624137878418
3017,2.0570600032806396,-8.914133071899414
3018,2.486252784729004,-7.747678279876709
3019,2.1691300868988037,-9.931646347045898
3020,2.3621623516082764,-9.321866035461426
3021,2.346477746963501,-8.881465911865234
3022,2.41274356842041,-8.3600492477417
3023,2.328744411468506,-8.511706352233887
3024,2.7099151611328125,-8.584868431091309
3025,2.2600746154785156,-8.997282981872559
3026,2.2617850303649902,-8.390957832336426
3027,2.056527853012085,-9.379969596862793
3028,2.326084613800049,-9.32641315460205
3029,2.0832834243774414,-8.863988876342773
3030,2.177366256713867,-9.376687049865723
3031,2.2426774501800537,-8.045219421386719
3032,2.4105143547058105,-9.009795188903809
3033,2.1473169326782227,-9.880311965942383
3034,2.4610605239868164,-8.90857219696045
3035,2.5767388343811035,-7.523737907409668
3036,2.3404297828674316,-8.88732624053955
3037,2.4799089431762695,-8.669901847839355
3038,2.2949881553649902,-8.53988265991211
3039,2.0597667694091797,-9.447003364562988
3040,2.2755632400512695,-8.528100967407227
3041,2.2547311782836914,-9.311012268066406
3042,2.194624662399292,-8.605094909667969
3043,2.293391227722168,-8.063926696777344
3044,2.4275293350219727,-8.690671920776367
3045,2.301150321960449,-9.483773231506348
3046,2.1029715538024902,-9.46384048461914
3047,2.167295455932617,-9.858948707580566
3048,2.5885887145996094,-8.344651222229004
3049,2.2127389907836914,-8.341449737548828
3050,2.36983585357666,-8.32082748413086
3051,2.0766162872314453,-9.067181587219238
3052,2.2442994117736816,-8.943493843078613
3053,2.714099407196045,-8.244366645812988
3054,2.253103494644165,-9.269922256469727
3055,2.3746609687805176,-8.655172348022461
3056,2.377640962600708,-8.8280668258667
3057,2.912107467651367,-9.193511962890625
3058,2.1213016510009766,-10.347726821899414
3059,2.1411471366882324,-9.900308609008789
3060,2.9416096210479736,-8.377154350280762
3061,2.670137882232666,-8.764237403869629
3062,2.1603922843933105,-9.457680702209473
3063,2.543990135192871,-9.325161933898926
3064,3.0604591369628906,-8.612807273864746
3065,2.321925640106201,-8.898521423339844
3066,2.424792766571045,-9.08786392211914
3067,2.5178065299987793,-9.446324348449707
3068,2.2386202812194824,-9.316636085510254
3069,2.7287020683288574,-8.541879653930664
3070,2.569398880004883,-8.831098556518555
3071,2.433490753173828,-8.47568130493164
3072,2.424283027648926,-8.852886199951172
3073,2.7080373764038086,-7.518454551696777
3074,2.0966036319732666,-8.844867706298828
3075,2.3623239994049072,-8.3911714553833
3076,2.444838762283325,-8.601252555847168
3077,2.601400852203369,-8.725321769714355
3078,2.235430955886841,-9.706567764282227
3079,2.6466588973999023,-7.23081111907959
3080,2.4512486457824707,-8.643707275390625
3081,2.7165956497192383,-8.350276947021484
3082,2.520699977874756,-8.758482933044434
3083,2.6269359588623047,-8.639739036560059
3084,2.4450395107269287,-8.272599220275879
3085,2.5330286026000977,-8.169569969177246
3086,2.2664566040039062,-9.220017433166504
3087,2.687957763671875,-8.643885612487793
3088,2.271331310272217,-9.69227123260498
3089,2.7220468521118164,-7.890440464019775
3090,2.2040109634399414,-9.325644493103027
3091,2.247750759124756,-7.97943115234375
3092,2.5422844886779785,-7.8203864097595215
3093,2.555330514907837,-8.593045234680176
3094,2.51383638381958,-7.894525051116943
3095,2.4655442237854004,-8.638906478881836
3096,2.5235018730163574,-8.662055969238281
3097,2.441786766052246,-9.518072128295898
3098,2.6980140209198,-8.789198875427246
3099,2.3994081020355225,-9.339669227600098
3100,2.528163433074951,-8.69294548034668
3101,2.2590086460113525,-9.045570373535156
3102,2.3967225551605225,-9.639781951904297
3103,2.479921817779541,-9.139464378356934
3104,2.6000232696533203,-9.085580825805664
3105,2.542672634124756,-8.691863059997559
3106,2.6058828830718994,-8.487759590148926
3107,2.169658660888672,-8.594762802124023
3108,2.662177562713623,-9.366661071777344
3109,2.093625068664551,-8.940677642822266
3110,2.601950168609619,-8.805188179016113
3111,2.465850830078125,-9.661974906921387
3112,2.474290609359741,-8.570263862609863
3113,2.3765134811401367,-7.910899639129639
3114,2.5322022438049316,-8.656022071838379
3115,2.169111728668213,-8.989453315734863
3116,2.201305866241455,-8.511083602905273
3117,2.309969425201416,-8.716586112976074
3118,2.2531514167785645,-8.811822891235352
3119,2.226032257080078,-8.50854206085205
3120,2.223781108856201,-8.993435859680176
3121,2.465137481689453,-8.920814514160156
3122,2.288022756576538,-9.006744384765625
3123,1.9798989295959473,-9.349196434020996
3124,2.4602742195129395,-8.11504077911377
3125,3.001800060272217,-7.206638336181641
3126,2.8544111251831055,-8.4238862991333
3127,2.49721097946167,-9.054099082946777
3128,2.2215731143951416,-10.28023910522461
3129,2.3039865493774414,-9.013081550598145
3130,2.0718255043029785,-9.709521293640137
3131,2.364121437072754,-9.271257400512695
3132,2.3370957374572754,-8.448638916015625
3133,2.3925347328186035,-9.257665634155273
3134,2.6575775146484375,-8.065350532531738
3135,2.360405921936035,-9.607178688049316
3136,2.1205787658691406,-9.02744197845459
3137,2.4993505477905273,-7.743454456329346
3138,2.1941261291503906,-8.924895286560059
3139,2.4965429306030273,-8.5404052734375
3140,2.1116247177124023,-8.070847511291504
3141,2.323489189147949,-9.271573066711426
3142,2.519543409347534,-10.08745288848877
3143,2.705386161804199,-8.430245399475098
3144,2.4627938270568848,-8.812271118164062
3145,2.429708957672119,-8.39931869506836
3146,2.3985402584075928,-7.9177703857421875
3147,2.186366081237793,-8.644070625305176
3148,2.6073803901672363,-8.054015159606934
3149,2.1754775047302246,-7.829155921936035
3150,2.3311915397644043,-10.130128860473633
3151,2.0124192237854004,-8.867273330688477
3152,2.3179001808166504,-7.364259243011475
3153,2.4068169593811035,-8.955596923828125
3154,2.5827012062072754,-7.738218784332275
3155,2.589292526245117,-8.409261703491211
3156,2.398996114730835,-8.887139320373535
3157,2.316720724105835,-8.499529838562012
3158,2.293252468109131,-8.868932723999023
3159,2.3289811611175537,-8.809316635131836
3160,2.713430404663086,-8.028541564941406
3161,2.341179609298706,-8.647651672363281
3162,2.0666985511779785,-9.838103294372559
3163,2.4508395195007324,-7.9726481437683105
3164,2.3904833793640137,-8.564779281616211
3165,2.514406681060791,-7.481701850891113
3166,2.4075896739959717,-8.906103134155273
3167,2.1677470207214355,-9.089691162109375
3168,2.5759053230285645,-8.747901916503906
3169,2.469484806060791,-8.612597465515137
3170,2.4210381507873535,-8.903844833374023
3171,2.195737600326538,-8.775376319885254
3172,2.2179031372070312,-8.775053977966309
3173,2.492950677871704,-8.306427955627441
3174,2.163084030151367,-8.347057342529297
3175,2.6582956314086914,-8.283291816711426
3176,2.189711332321167,-9.16886043548584
3177,2.3978652954101562,-8.461758613586426
3178,2.404691219329834,-9.044116973876953
3179,2.3519411087036133,-8.68002700805664
3180,2.4714231491088867,-7.977182388305664
3181,2.600217819213867,-7.586856842041016
3182,2.2609639167785645,-9.839702606201172
3183,2.5078110694885254,-8.819125175476074
3184,2.5441126823425293,-8.64562702178955
3185,2.2623214721679688,-9.408827781677246
3186,2.391322135925293,-8.789651870727539
3187,2.3228864669799805,-8.591773986816406
3188,2.6879587173461914,-8.83772087097168
3189,2.2548983097076416,-8.081341743469238
3190,2.4713871479034424,-8.1412935256958
3191,2.5911340713500977,-8.685367584228516
3192,2.4526641368865967,-8.78249740600586
3193,2.4113523960113525,-8.907251358032227
3194,2.1877222061157227,-9.910179138183594
3195,2.158419132232666,-8.317813873291016
3196,2.2263402938842773,-8.435868263244629
3197,2.2952213287353516,-8.79096508026123
3198,2.5080723762512207,-8.20582103729248
3199,2.312326192855835,-8.235326766967773
3200,2.6047091484069824,-8.298839569091797
3201,2.3068161010742188,-8.464930534362793
3202,2.527289390563965,-8.98813247680664
3203,2.534963607788086,-7.9693098068237305
3204,2.3178889751434326,-8.278493881225586
3205,2.0759997367858887,-8.281228065490723
3206,2.3776681423187256,-8.656669616699219
3207,2.6957216262817383,-7.913083553314209
3208,2.5291171073913574,-9.340810775756836
3209,2.732362985610962,-8.1354341506958
3210,2.9114556312561035,-8.0538969039917
3211,2.1381900310516357,-9.579202651977539
3212,2.8439197540283203,-9.301362991333008
3213,2.3784570693969727,-7.814664840698242
3214,2.103147506713867,-9.55116081237793
3215,2.6559576988220215,-8.423881530761719
3216,2.4388718605041504,-9.022433280944824
3217,2.5749025344848633,-8.292915344238281
3218,2.645646095275879,-8.465821266174316
3219,2.5648865699768066,-8.400678634643555
3220,2.5431971549987793,-7.979891300201416
3221,2.6639490127563477,-8.811775207519531
3222,2.4219651222229004,-8.849966049194336
3223,2.7807841300964355,-8.260791778564453
3224,2.1277565956115723,-9.953120231628418
3225,2.7517824172973633,-8.463793754577637
3226,2.4109272956848145,-8.233611106872559
3227,2.818659782409668,-8.750014305114746
3228,2.4834342002868652,-8.196335792541504
3229,2.4961304664611816,-8.497888565063477
3230,2.3392486572265625,-8.805257797241211
3231,2.3410115242004395,-9.438488006591797
3232,2.460677146911621,-8.35976505279541
3233,2.574514865875244,-7.810510158538818
3234,2.5229952335357666,-8.183566093444824
3235,2.506953239440918,-8.138895988464355
3236,2.314852714538574,-9.432575225830078
3237,2.312011957168579,-8.300915718078613
3238,2.4142956733703613,-8.589364051818848
3239,2.1955742835998535,-9.059462547302246
3240,2.2840795516967773,-7.891757011413574
3241,2.4403531551361084,-8.594733238220215
3242,2.2335617542266846,-9.445086479187012
3243,2.254794120788574,-8.701436996459961
3244,2.383246421813965,-8.729042053222656
3245,2.5403456687927246,-9.309788703918457
3246,2.3891258239746094,-8.244214057922363
3247,2.389359712600708,-8.606441497802734
3248,2.3042750358581543,-9.3245267868042
3249,2.560448169708252,-8.842674255371094
3250,2.7091662883758545,-7.183183670043945
3251,2.4706850051879883,-8.080728530883789
3252,3.0201194286346436,-8.255226135253906
3253,2.1783509254455566,-9.32384967803955
3254,2.930380344390869,-7.901309967041016
3255,2.838803768157959,-6.800786972045898
3256,2.190582275390625,-7.8418779373168945
3257,2.5746045112609863,-8.018031120300293
3258,2.456869125366211,-7.7619218826293945
3259,2.5202126502990723,-7.803708076477051
3260,2.312497615814209,-8.780271530151367
3261,2.3088040351867676,-9.019450187683105
3262,2.259859561920166,-8.755127906799316
3263,2.1036014556884766,-8.988757133483887
3264,2.2444286346435547,-8.743125915527344
3265,2.499136447906494,-8.240520477294922
3266,2.604301929473877,-7.770092964172363
3267,2.337965965270996,-8.321880340576172
3268,2.3896946907043457,-7.823429584503174
3269,2.365495204925537,-9.23965072631836
3270,2.4852309226989746,-8.521005630493164
3271,2.1526970863342285,-9.56545352935791
3272,2.212677001953125,-8.315852165222168
3273,2.3033547401428223,-8.454221725463867
3274,2.466522693634033,-8.763043403625488
3275,2.303370952606201,-9.775832176208496
3276,2.4235777854919434,-9.083805084228516
3277,2.6030473709106445,-8.631906509399414
3278,2.7710416316986084,-7.780412197113037
3279,2.5711822509765625,-8.176336288452148
3280,2.2256810665130615,-9.994477272033691
3281,2.5075862407684326,-8.595010757446289
3282,2.456799030303955,-9.237278938293457
3283,2.5907058715820312,-8.577759742736816
3284,2.7319507598876953,-7.9922356605529785
3285,2.644897937774658,-8.783098220825195
3286,2.2383785247802734,-8.3831148147583
3287,2.9831595420837402,-8.341634750366211
3288,2.6016504764556885,-8.972424507141113
3289,2.866222858428955,-8.370427131652832
3290,2.6839075088500977,-8.267512321472168
3291,2.448552131652832,-8.235486030578613
3292,2.618029832839966,-8.215388298034668
3293,2.61557674407959,-8.298914909362793
3294,2.39583158493042,-9.215374946594238
3295,2.5329270362854004,-9.144437789916992
3296,2.4191107749938965,-8.525540351867676
3297,2.628127098083496,-7.2728447914123535
3298,2.4627795219421387,-8.573424339294434
3299,2.523120403289795,-8.846114158630371
3300,3.3939905166625977,-9.839715957641602
3301,2.401484966278076,-8.320562362670898
3302,2.351405143737793,-8.659197807312012
3303,2.687770366668701,-8.914729118347168
3304,2.616161346435547,-8.364212989807129
3305,2.4923553466796875,-8.524292945861816
3306,2.0321712493896484,-9.783130645751953
3307,2.567964792251587,-8.854955673217773
3308,2.38322114944458,-7.986446380615234
3309,2.41925311088562,-8.495882987976074
3310,2.3137588500976562,-8.411813735961914
3311,2.3748888969421387,-8.465042114257812
3312,2.4359865188598633,-8.156542778015137
3313,2.4397573471069336,-8.582084655761719
3314,2.515791177749634,-9.037881851196289
3315,2.1743924617767334,-8.757665634155273
3316,2.735969066619873,-9.036700248718262
3317,2.5925865173339844,-8.739354133605957
3318,2.4581258296966553,-8.044780731201172
3319,2.7142181396484375,-7.911038875579834
3320,2.2794103622436523,-8.869344711303711
3321,2.421198844909668,-9.13901138305664
3322,2.2813282012939453,-8.822218894958496
3323,2.3567042350769043,-8.413537979125977
3324,2.150524139404297,-8.432120323181152
3325,2.1949734687805176,-8.834568977355957
3326,2.2769317626953125,-9.303373336791992
3327,2.521005392074585,-8.646502494812012
3328,2.30594801902771,-8.060087203979492
3329,2.4694833755493164,-8.902996063232422
3330,2.087573528289795,-9.009583473205566
3331,2.245410442352295,-9.274813652038574
3332,2.82607364654541,-8.804930686950684
3333,2.568682909011841,-8.93754768371582
3334,2.5469326972961426,-8.211752891540527
3335,2.329357624053955,-8.040675163269043
3336,2.5552830696105957,-8.88134479522705
3337,2.268022060394287,-8.551790237426758
3338,2.381091594696045,-7.959424018859863
3339,2.079763412475586,-8.511285781860352
3340,2.47192120552063,-8.305641174316406
3341,2.064272403717041,-8.316812515258789
3342,2.466111898422241,-9.265257835388184
3343,2.432845115661621,-9.596258163452148
3344,2.4371533393859863,-7.751974105834961
3345,2.565180778503418,-9.076702117919922
3346,2.2142202854156494,-8.827445030212402
3347,2.3819851875305176,-8.415149688720703
3348,2.551866054534912,-7.879819393157959
3349,2.6510355472564697,-8.495630264282227
3350,2.3261170387268066,-9.087717056274414
3351,2.467642307281494,-7.896434783935547
3352,2.5673558712005615,-8.811870574951172
3353,2.44093656539917,-8.978719711303711
3354,2.5412657260894775,-7.824077129364014
3355,2.6206977367401123,-7.604189395904541
3356,2.7865042686462402,-7.8680806159973145
3357,2.346200466156006,-9.009395599365234
3358,2.6823439598083496,-8.721332550048828
3359,2.520134449005127,-8.38650131225586
3360,2.145094871520996,-9.315563201904297
3361,2.701063394546509,-8.435467720031738
3362,2.2616233825683594,-8.702607154846191
3363,2.6680400371551514,-8.779075622558594
3364,2.3529539108276367,-8.953044891357422
3365,2.3837051391601562,-8.893712043762207
3366,2.2119879722595215,-8.577820777893066
3367,2.395658493041992,-8.60494613647461
3368,2.4332408905029297,-8.687932968139648
3369,2.404078960418701,-8.165443420410156
3370,2.386969566345215,-8.595306396484375
3371,2.4785962104797363,-9.368210792541504
3372,2.733977794647217,-8.069400787353516
3373,2.5296249389648438,-9.016279220581055
3374,2.50260853767395,-9.227873802185059
3375,2.246975898742676,-7.864194393157959
3376,2.4609265327453613,-8.738748550415039
3377,2.430163621902466,-9.368232727050781
3378,2.372797966003418,-8.542784690856934
3379,2.4240760803222656,-7.821451187133789
3380,2.563265323638916,-8.781106948852539
3381,2.2199435234069824,-8.735725402832031
3382,2.48972225189209,-8.210375785827637
3383,2.2872891426086426,-8.704222679138184
3384,2.5157346725463867,-7.253133773803711
3385,2.7952768802642822,-8.314072608947754
3386,2.2507710456848145,-8.443160057067871
3387,2.7274153232574463,-8.18203353881836
3388,2.386765480041504,-8.316523551940918
3389,2.5527708530426025,-9.123208999633789
3390,2.2088942527770996,-8.016427040100098
3391,2.513112783432007,-8.22191047668457
3392,2.319991111755371,-8.675576210021973
3393,2.4393930435180664,-8.5230131149292
3394,2.356152057647705,-8.12529182434082
3395,2.37869930267334,-8.465682029724121
3396,2.279703378677368,-8.272120475769043
3397,2.427341938018799,-8.624225616455078
3398,2.320572853088379,-7.176588535308838
3399,2.2384719848632812,-9.019344329833984
3400,2.5702109336853027,-8.693428993225098
3401,2.1562447547912598,-8.757315635681152
3402,2.433802604675293,-8.05664348602295
3403,2.2996578216552734,-8.217609405517578
3404,2.6356024742126465,-8.21618938446045
3405,2.1366679668426514,-8.355052947998047
3406,2.605988025665283,-9.370532035827637
3407,2.472048282623291,-8.316349029541016
3408,2.6287479400634766,-8.575190544128418
3409,2.3065919876098633,-8.267621994018555
3410,2.084007740020752,-8.994132995605469
3411,2.2968950271606445,-8.445573806762695
3412,2.6212801933288574,-7.6151628494262695
3413,2.128462791442871,-8.778304100036621
3414,2.640024185180664,-7.453482151031494
3415,2.5058088302612305,-8.297067642211914
3416,2.456315040588379,-8.798890113830566
3417,2.366565227508545,-8.74649429321289
3418,2.5728678703308105,-8.262823104858398
3419,2.3202455043792725,-8.890756607055664
3420,2.4630675315856934,-8.67300033569336
3421,2.1696834564208984,-7.6980299949646
3422,2.7370095252990723,-8.710314750671387
3423,2.4266066551208496,-8.54907512664795
3424,2.345362663269043,-8.27971076965332
3425,2.646416187286377,-7.97303581237793
3426,2.0904970169067383,-8.467327117919922
3427,2.1783695220947266,-9.136892318725586
3428,2.385223865509033,-7.86866569519043
3429,2.2259273529052734,-8.835111618041992
3430,2.3816890716552734,-9.380049705505371
3431,2.317180633544922,-8.329571723937988
3432,2.1883978843688965,-8.392721176147461
3433,2.316342353820801,-8.431037902832031
3434,2.360717296600342,-8.412263870239258
3435,2.4541397094726562,-7.99465799331665
3436,2.2852067947387695,-7.903091907501221
3437,2.4651734828948975,-7.9119672775268555
3438,2.2552614212036133,-8.265593528747559
3439,2.0458483695983887,-8.222896575927734
3440,2.1674046516418457,-8.261066436767578
3441,2.0323963165283203,-9.008323669433594
3442,2.8028507232666016,-7.7665276527404785
3443,2.4811525344848633,-10.032966613769531
3444,2.421605110168457,-8.894657135009766
3445,2.1033987998962402,-8.023799896240234
3446,2.493159294128418,-8.044991493225098
3447,2.775590181350708,-8.509422302246094
3448,2.419329881668091,-8.5641508102417
3449,2.4503612518310547,-8.299288749694824
3450,2.4739301204681396,-9.074353218078613
3451,2.3411922454833984,-8.275827407836914
3452,2.1636271476745605,-8.682692527770996
3453,2.8309099674224854,-7.463144302368164
3454,2.776212215423584,-8.005485534667969
3455,2.307631254196167,-8.995800018310547
3456,2.4614593982696533,-8.570274353027344
3457,2.550936698913574,-7.492764472961426
3458,2.2386364936828613,-8.393291473388672
3459,2.5694470405578613,-8.617464065551758
3460,2.2967450618743896,-9.043396949768066
3461,2.4278836250305176,-8.282729148864746
3462,2.5838468074798584,-8.761929512023926
3463,2.3088855743408203,-9.058996200561523
3464,2.297372817993164,-7.983537673950195
3465,2.2588157653808594,-8.633460998535156
3466,2.329042434692383,-9.22726058959961
3467,2.313772678375244,-8.600211143493652
3468,2.559206962585449,-8.848111152648926
3469,2.3992655277252197,-9.336006164550781
3470,2.641326427459717,-8.737009048461914
3471,2.4713191986083984,-9.539581298828125
3472,2.3375444412231445,-9.189983367919922
3473,2.8173089027404785,-8.002481460571289
3474,3.1496925354003906,-7.513723373413086
3475,2.5858001708984375,-8.63174819946289
3476,2.8096156120300293,-8.520320892333984
3477,2.382382869720459,-8.4879150390625
3478,2.3377208709716797,-9.620298385620117
3479,3.289222240447998,-8.456978797912598
3480,2.4926280975341797,-8.255550384521484
3481,2.370081901550293,-8.09365177154541
3482,2.8373069763183594,-8.186588287353516
3483,2.3401637077331543,-9.335168838500977
3484,2.3731601238250732,-8.493843078613281
3485,2.367393970489502,-8.543749809265137
3486,2.400820732116699,-8.698304176330566
3487,2.388500690460205,-8.256752014160156
3488,2.580449104309082,-8.25024700164795
3489,2.488426446914673,-8.836830139160156
3490,2.1524128913879395,-8.107059478759766
3491,2.1122875213623047,-9.693868637084961
3492,2.40108585357666,-8.869309425354004
3493,2.23824405670166,-8.412864685058594
3494,2.388550043106079,-7.83210563659668
3495,2.386268138885498,-8.62933349609375
3496,2.1791529655456543,-8.672651290893555
3497,2.4827146530151367,-7.976490497589111
3498,2.5130200386047363,-7.942221164703369
3499,2.3682637214660645,-8.460972785949707
3500,2.3343100547790527,-8.236884117126465
3501,2.29396390914917,-8.366506576538086
3502,2.183549642562866,-9.20313835144043
3503,2.3293938636779785,-8.643597602844238
3504,2.312007188796997,-8.622822761535645
3505,2.1301345825195312,-9.23621940612793
3506,2.1409645080566406,-8.421175956726074
3507,2.1038031578063965,-8.797959327697754
3508,2.518476963043213,-7.886406421661377
3509,2.036550998687744,-8.923781394958496
3510,1.8538646697998047,-8.627323150634766
3511,2.272261142730713,-8.813115119934082
3512,2.3029518127441406,-8.178596496582031
3513,2.1247105598449707,-9.427597999572754
3514,2.3335018157958984,-8.669201850891113
3515,2.0597422122955322,-8.964821815490723
3516,2.229076623916626,-8.161693572998047
3517,1.9691399335861206,-8.619054794311523
3518,1.959566593170166,-8.387908935546875
3519,2.198300838470459,-7.761472702026367
3520,2.280686378479004,-7.086667060852051
3521,1.9164535999298096,-8.655671119689941
3522,2.1847963333129883,-7.851562023162842
3523,2.3862619400024414,-7.666599273681641
3524,2.239743232727051,-8.37202262878418
3525,2.489373207092285,-8.736576080322266
3526,2.4083657264709473,-7.799769878387451
3527,2.105462074279785,-8.755513191223145
3528,1.7406619787216187,-8.988408088684082
3529,1.9915435314178467,-9.352149963378906
3530,2.1353979110717773,-8.850358009338379
3531,1.8673927783966064,-8.58840560913086
3532,2.366255283355713,-7.819317817687988
3533,1.6877684593200684,-8.9593505859375
3534,2.2251181602478027,-9.069869041442871
3535,2.0265533924102783,-8.265944480895996
3536,2.3440160751342773,-7.793214797973633
3537,2.0220515727996826,-8.967090606689453
3538,2.008626937866211,-9.075554847717285
3539,2.4001529216766357,-8.201025009155273
3540,2.1428680419921875,-7.59122371673584
3541,1.9758590459823608,-9.160548210144043
3542,2.2345261573791504,-7.832676410675049
3543,2.20554780960083,-8.813414573669434
3544,1.6250147819519043,-8.725961685180664
3545,2.0549235343933105,-8.72730827331543
3546,2.14046573638916,-8.210270881652832
3547,2.7124545574188232,-8.520846366882324
3548,2.2361650466918945,-8.462698936462402
3549,2.0994746685028076,-7.778066635131836
3550,1.9529461860656738,-8.443490982055664
3551,1.8477373123168945,-8.807259559631348
3552,2.2001898288726807,-8.677406311035156
3553,2.525400161743164,-7.85459041595459
3554,2.0494279861450195,-8.0778169631958
3555,2.1367316246032715,-9.373444557189941
3556,2.0758891105651855,-8.968744277954102
3557,2.160304546356201,-8.702898979187012
3558,2.056541919708252,-8.14814567565918
3559,2.3875184059143066,-8.425553321838379
3560,1.9674301147460938,-8.9900541305542
3561,2.5394763946533203,-6.934182167053223
3562,2.457639217376709,-7.481778144836426
3563,2.1068694591522217,-7.848505973815918
3564,2.385922908782959,-8.286308288574219
3565,2.2457423210144043,-7.991765975952148
3566,2.42295503616333,-8.485986709594727
3567,2.194981575012207,-7.6124186515808105
3568,2.475635528564453,-7.129209518432617
3569,2.7875146865844727,-8.161759376525879
3570,2.36741304397583,-7.504305362701416
3571,2.121368885040283,-9.174711227416992
3572,2.0984954833984375,-8.304280281066895
3573,1.8572289943695068,-8.846214294433594
3574,1.9252262115478516,-9.568663597106934
3575,2.2077322006225586,-7.760677337646484
3576,2.015504837036133,-8.1078462600708
3577,2.0843985080718994,-8.225493431091309
3578,1.989794135093689,-9.303221702575684
3579,2.3559951782226562,-8.855936050415039
3580,2.0256423950195312,-9.15306282043457
3581,2.0973384380340576,-8.552299499511719
3582,2.277700424194336,-7.837210655212402
3583,1.962188720703125,-8.62646484375
3584,2.2382092475891113,-7.445612907409668
3585,2.0644493103027344,-8.782098770141602
3586,2.180619239807129,-8.982475280761719
3587,2.6301751136779785,-7.95553731918335
3588,2.5270276069641113,-7.825441360473633
3589,2.2793009281158447,-8.384644508361816
3590,2.1605212688446045,-8.269756317138672
3591,2.0294675827026367,-8.334689140319824
3592,2.079108715057373,-8.73991584777832
3593,2.2893011569976807,-8.554350852966309
3594,2.0515975952148438,-8.898992538452148
3595,2.2859456539154053,-7.677333354949951
3596,1.8891702890396118,-8.482671737670898
3597,2.532471179962158,-7.537686824798584
3598,2.4520514011383057,-8.094941139221191
3599,2.3936662673950195,-8.537583351135254
3600,2.493638753890991,-7.985545635223389
3601,2.5660743713378906,-7.925973415374756
3602,2.5878396034240723,-8.274203300476074
3603,2.410216808319092,-8.644862174987793
3604,2.3583693504333496,-8.993705749511719
3605,2.374135971069336,-6.801284313201904
3606,2.4264354705810547,-8.487140655517578
3607,2.6875715255737305,-7.639621734619141
3608,2.0743954181671143,-8.382223129272461
3609,2.382448434829712,-7.450273513793945
3610,2.457111358642578,-7.746757984161377
3611,2.2564330101013184,-8.144654273986816
3612,2.351633310317993,-8.871577262878418
3613,2.112170934677124,-8.521486282348633
3614,2.310757637023926,-8.744141578674316
3615,2.205805778503418,-8.479720115661621
3616,2.2926435470581055,-8.967803955078125
3617,2.001400947570801,-8.782361030578613
3618,2.3310017585754395,-8.417854309082031
3619,2.018704652786255,-8.358967781066895
3620,2.4687397480010986,-8.663976669311523
3621,2.2448596954345703,-7.922544956207275
3622,2.6405348777770996,-8.332866668701172
3623,2.4506096839904785,-7.530670166015625
3624,2.570204973220825,-8.302145957946777
3625,2.379814624786377,-8.382987022399902
3626,2.3304502964019775,-8.65762996673584
3627,2.265364170074463,-8.65086841583252
3628,2.5234758853912354,-8.179303169250488
3629,2.2968273162841797,-7.816412448883057
3630,2.4393982887268066,-7.706591606140137
3631,2.5040578842163086,-8.508127212524414
3632,2.787914276123047,-8.634767532348633
3633,2.51310658454895,-8.59196662902832
3634,2.2709245681762695,-8.638313293457031
3635,2.09238862991333,-8.735995292663574
3636,2.4931583404541016,-6.8037614822387695
3637,2.7379751205444336,-7.689053535461426
3638,2.4293649196624756,-9.125887870788574
3639,2.29547381401062,-8.631939888000488
3640,2.1206235885620117,-8.629693984985352
3641,2.3105735778808594,-7.836359024047852
3642,2.320286512374878,-7.671137809753418
3643,2.4181387424468994,-9.007494926452637
3644,2.2175564765930176,-8.05472183227539
3645,2.478555202484131,-8.464278221130371
3646,2.5819554328918457,-7.895755767822266
3647,2.3463807106018066,-8.320317268371582
3648,2.5179882049560547,-7.576052188873291
3649,2.3845200538635254,-7.994510650634766
3650,2.3089547157287598,-8.132647514343262
3651,2.563786506652832,-8.350974082946777
3652,2.1391119956970215,-8.484101295471191
3653,2.394019842147827,-8.23813247680664
3654,2.4374845027923584,-8.463221549987793
3655,2.1796092987060547,-8.31020736694336
3656,2.8523964881896973,-7.659998893737793
3657,2.4789133071899414,-8.408407211303711
3658,2.6139726638793945,-8.399188041687012
3659,2.3496272563934326,-7.196395397186279
3660,2.252892017364502,-8.365880012512207
3661,2.601245880126953,-8.168696403503418
3662,2.7912821769714355,-8.932801246643066
3663,2.2620043754577637,-9.240691184997559
3664,2.365659475326538,-7.628119945526123
3665,3.0577969551086426,-8.053433418273926
3666,2.1419389247894287,-8.548254013061523
3667,2.4850873947143555,-8.157792091369629
3668,2.318610191345215,-9.0543212890625
3669,2.2273964881896973,-9.37641716003418
3670,2.701192855834961,-6.954134464263916
3671,2.5743961334228516,-7.833234786987305
3672,2.727640151977539,-7.163689136505127
3673,2.3743667602539062,-8.67793083190918
3674,2.2381224632263184,-8.890397071838379
3675,2.2607884407043457,-8.735981941223145
3676,2.406665325164795,-8.293031692504883
3677,2.482436180114746,-7.753695011138916
3678,2.994274139404297,-7.367639064788818
3679,2.069446563720703,-8.084169387817383
3680,2.60050630569458,-8.171277046203613
3681,3.013761043548584,-7.233863353729248
3682,2.461303472518921,-6.5261006355285645
3683,2.5716686248779297,-8.771707534790039
3684,2.329192638397217,-8.229755401611328
3685,2.5844500064849854,-7.561573505401611
3686,2.340487480163574,-8.224664688110352
3687,2.4850845336914062,-8.077488899230957
3688,2.4510324001312256,-8.320791244506836
3689,2.115363597869873,-9.062036514282227
3690,2.512594223022461,-8.469289779663086
3691,2.397430896759033,-8.729072570800781
3692,2.333308219909668,-8.494136810302734
3693,2.419729471206665,-8.222171783447266
3694,2.2369089126586914,-7.429522514343262
3695,2.5403549671173096,-7.815128326416016
3696,2.6897358894348145,-7.480280876159668
3697,2.480872631072998,-8.593113899230957
3698,2.243478298187256,-8.407252311706543
3699,2.272721290588379,-8.375201225280762
3700,2.326582431793213,-8.296363830566406
3701,2.3862853050231934,-8.696572303771973
3702,2.349283218383789,-8.864664077758789
3703,2.3331546783447266,-8.456369400024414
3704,2.503408908843994,-7.625067234039307
3705,2.65541672706604,-7.619406700134277
3706,2.2177982330322266,-8.743388175964355
3707,2.331969738006592,-8.412140846252441
3708,2.290482997894287,-8.794305801391602
3709,2.4140994548797607,-7.866538047790527
3710,2.685014009475708,-7.186717987060547
3711,2.4234580993652344,-8.707761764526367
3712,2.674150228500366,-8.304251670837402
3713,2.4958810806274414,-8.554540634155273
3714,2.3956451416015625,-8.346159934997559
3715,2.574687957763672,-8.614331245422363
3716,2.2964954376220703,-8.447688102722168
3717,2.002377510070801,-8.619563102722168
3718,2.5410187244415283,-8.772320747375488
3719,2.094027519226074,-7.7041192054748535
3720,2.3874809741973877,-8.496078491210938
3721,2.5045371055603027,-7.044509410858154
3722,2.5027520656585693,-7.068613052368164
3723,2.532907009124756,-8.318756103515625
3724,2.79740309715271,-8.083292961120605
3725,2.1761980056762695,-8.106451034545898
3726,2.326695442199707,-8.958646774291992
3727,2.424105644226074,-8.10219955444336
3728,2.221306324005127,-9.166189193725586
3729,2.432473659515381,-8.275025367736816
3730,2.827395439147949,-8.396064758300781
3731,2.1942780017852783,-8.928218841552734
3732,2.321734666824341,-9.633094787597656
3733,2.193923234939575,-8.743518829345703
3734,2.67677640914917,-8.801172256469727
3735,2.4358067512512207,-7.138049125671387
3736,2.5787441730499268,-8.501816749572754
3737,2.6607112884521484,-6.859007358551025
3738,2.342909097671509,-8.112259864807129
3739,2.186706066131592,-8.288854598999023
3740,2.413025379180908,-8.477191925048828
3741,2.5235185623168945,-8.091126441955566
3742,2.25221848487854,-8.134856224060059
3743,2.60105562210083,-7.769420623779297
3744,2.8623180389404297,-8.249513626098633
3745,2.2674217224121094,-9.074291229248047
3746,2.4683964252471924,-7.934128284454346
3747,2.3287405967712402,-7.513856410980225
3748,2.4194962978363037,-8.242471694946289
3749,2.3508353233337402,-8.162784576416016
3750,2.272120475769043,-9.437621116638184
3751,2.414374589920044,-7.699711799621582
3752,2.5361034870147705,-7.985681056976318
3753,2.4302380084991455,-8.561254501342773
3754,2.3193695545196533,-8.547137260437012
3755,2.685045003890991,-7.9979376792907715
3756,2.9270596504211426,-7.464239597320557
3757,2.615750789642334,-7.168112277984619
3758,2.1761043071746826,-7.711414813995361
3759,2.214510917663574,-7.999920845031738
3760,2.471266269683838,-7.6102614402771
3761,2.5294947624206543,-8.566824913024902
3762,2.302838087081909,-8.195544242858887
3763,2.323699474334717,-8.58395767211914
3764,2.2069640159606934,-8.724570274353027
3765,2.404876232147217,-7.427880764007568
3766,2.4950408935546875,-7.463472843170166
3767,2.573662281036377,-8.33707046508789
3768,2.408932685852051,-9.042645454406738
3769,2.7859883308410645,-8.226444244384766
3770,2.21347713470459,-8.728208541870117
3771,2.3218860626220703,-7.648310661315918
3772,2.6373109817504883,-7.846665859222412
3773,2.523953914642334,-8.565141677856445
3774,2.6051602363586426,-7.798975944519043
3775,2.6324052810668945,-7.9312968254089355
3776,2.3243579864501953,-7.714778423309326
3777,2.4639294147491455,-7.270999908447266
3778,2.619394302368164,-6.953787803649902
3779,2.3698577880859375,-8.28244400024414
3780,2.4241604804992676,-8.61075496673584
3781,1.9717044830322266,-8.10138988494873
3782,2.7895350456237793,-7.968385219573975
3783,2.1930155754089355,-8.714591026306152
3784,2.5933237075805664,-8.24825382232666
3785,2.210681915283203,-9.208612442016602
3786,2.4015984535217285,-7.786581993103027
3787,2.3346359729766846,-8.178191184997559
3788,2.4470925331115723,-8.526674270629883
3789,2.6547093391418457,-8.338038444519043
3790,2.3046975135803223,-8.107553482055664
3791,2.5163886547088623,-7.633950233459473
3792,2.2412328720092773,-9.38988971710205
3793,2.5308690071105957,-8.353644371032715
3794,2.2800397872924805,-8.686809539794922
3795,2.6032071113586426,-8.05864429473877
3796,2.5687942504882812,-7.537898540496826
3797,2.2130484580993652,-8.571077346801758
3798,2.279086112976074,-9.024531364440918
3799,2.351016044616699,-8.648364067077637
3800,2.49000883102417,-8.093250274658203
3801,2.2349348068237305,-8.391095161437988
3802,2.585658073425293,-6.8533549308776855
3803,2.121711492538452,-8.093118667602539
3804,1.9642455577850342,-7.238898754119873
3805,2.2764556407928467,-7.809170722961426
3806,2.5528626441955566,-9.838353157043457
3807,2.408451557159424,-8.54919719696045
3808,2.306422472000122,-8.3775053024292
3809,2.321972370147705,-7.965326309204102
3810,2.5136265754699707,-7.142338752746582
3811,1.9219770431518555,-8.529317855834961
3812,2.2757339477539062,-7.365615367889404
3813,2.635308265686035,-8.692448616027832
3814,2.5894370079040527,-7.562541484832764
3815,2.2975611686706543,-8.993337631225586
3816,2.7656824588775635,-8.00419807434082
3817,2.3850178718566895,-7.524313449859619
3818,2.171858310699463,-9.137423515319824
3819,2.410862445831299,-8.191465377807617
3820,2.7582316398620605,-7.992877960205078
3821,2.324763774871826,-8.658329963684082
3822,2.439558982849121,-8.145120620727539
3823,2.4391841888427734,-8.799376487731934
3824,2.39697265625,-7.986151218414307
3825,2.4054996967315674,-7.705333232879639
3826,2.444685697555542,-8.483563423156738
3827,2.478379726409912,-8.068676948547363
3828,2.31911563873291,-8.952583312988281
3829,2.146181106567383,-8.714345932006836
3830,2.6365785598754883,-8.915962219238281
3831,2.6075334548950195,-7.957193374633789
3832,2.5091118812561035,-9.279511451721191
3833,2.5278987884521484,-7.1897993087768555
3834,2.4225025177001953,-7.735541820526123
3835,2.477609157562256,-8.096752166748047
3836,2.272418260574341,-8.046850204467773
3837,2.137716770172119,-8.302812576293945
3838,2.1850292682647705,-9.213204383850098
3839,2.265361785888672,-8.675559043884277
3840,3.4967763423919678,-8.821802139282227
3841,2.499330520629883,-7.627131462097168
3842,2.709444522857666,-8.21609115600586
3843,2.620060443878174,-7.2746124267578125
3844,3.2390975952148438,-7.773776054382324
3845,2.4787497520446777,-8.988838195800781
3846,2.444713830947876,-8.066577911376953
3847,2.2715508937835693,-8.188536643981934
3848,2.3967273235321045,-8.93007755279541
3849,2.4171547889709473,-8.880988121032715
3850,2.5854010581970215,-8.89880657196045
3851,2.500798463821411,-8.030533790588379
3852,2.445071220397949,-8.094399452209473
3853,2.3032474517822266,-8.348970413208008
3854,2.314148426055908,-8.643370628356934
3855,2.004380226135254,-7.912967681884766
3856,2.425752639770508,-9.409952163696289
3857,1.9401741027832031,-8.8660888671875
3858,2.8065218925476074,-6.977484703063965
3859,2.137556791305542,-7.995156288146973
3860,2.398329734802246,-8.050782203674316
3861,2.3885250091552734,-8.018122673034668
3862,2.388601779937744,-8.043405532836914
3863,2.3292770385742188,-8.397343635559082
3864,2.6740775108337402,-7.935143947601318
3865,2.6085152626037598,-8.332694053649902
3866,2.642307996749878,-7.837526321411133
3867,2.391329288482666,-7.458489894866943
3868,2.7215065956115723,-8.244085311889648
3869,2.5303080081939697,-8.666303634643555
3870,2.3388705253601074,-8.102139472961426
3871,2.451730489730835,-9.056520462036133
3872,2.774895668029785,-8.293303489685059
3873,2.319232940673828,-8.341197967529297
3874,2.4165635108947754,-7.208053112030029
3875,2.7099294662475586,-7.949674606323242
3876,1.9614280462265015,-8.61874008178711
3877,2.9756765365600586,-7.7132039070129395
3878,2.6324915885925293,-7.675611972808838
3879,2.7346973419189453,-7.849027156829834
3880,2.742574691772461,-7.9461846351623535
3881,2.387765407562256,-7.630961894989014
3882,2.4804086685180664,-8.824825286865234
3883,2.234332799911499,-8.53122615814209
3884,2.1610376834869385,-8.08249282836914
3885,2.2219550609588623,-8.540164947509766
3886,2.7700276374816895,-7.057147979736328
3887,2.539876937866211,-9.245726585388184
3888,2.436835289001465,-7.231395721435547
3889,2.505880117416382,-7.203302383422852
3890,2.426544427871704,-8.16348648071289
3891,2.415430784225464,-8.059809684753418
3892,2.279582977294922,-8.721899032592773
3893,2.4752516746520996,-8.101888656616211
3894,2.5691637992858887,-7.663062572479248
3895,2.3421382904052734,-7.893264293670654
3896,2.41147518157959,-8.274811744689941
3897,2.3160247802734375,-7.32278299331665
3898,2.3609962463378906,-8.656173706054688
3899,2.625040054321289,-7.052507400512695
3900,2.374330520629883,-7.846212387084961
3901,2.2764437198638916,-8.699982643127441
3902,2.370286464691162,-7.215127944946289
3903,2.600627899169922,-8.056755065917969
3904,2.383976936340332,-8.388213157653809
3905,2.3367700576782227,-8.514986991882324
3906,2.518508195877075,-7.5991716384887695
3907,2.535142421722412,-7.165774345397949
3908,2.11729097366333,-9.071402549743652
3909,2.340496301651001,-9.144596099853516
3910,2.5188117027282715,-7.104136943817139
3911,2.679020404815674,-7.862323760986328
3912,2.3303422927856445,-7.641109466552734
3913,2.409290313720703,-7.755569934844971
3914,2.887582778930664,-7.902468204498291
3915,2.337985038757324,-8.057276725769043
3916,2.851508140563965,-7.277034282684326
3917,2.4532718658447266,-9.378412246704102
3918,2.410493850708008,-8.372836112976074
3919,2.5682482719421387,-7.294732570648193
3920,2.5509603023529053,-8.262373924255371
3921,2.236593723297119,-8.407000541687012
3922,2.6363892555236816,-8.643239974975586
3923,2.328599452972412,-8.253637313842773
3924,2.476362705230713,-7.233243942260742
3925,2.529831886291504,-7.1819987297058105
3926,2.211132049560547,-8.729147911071777
3927,2.2602720260620117,-8.555395126342773
3928,2.426565647125244,-7.435837268829346
3929,2.342801094055176,-7.748529434204102
3930,2.0152251720428467,-8.955120086669922
3931,2.056459665298462,-7.6904706954956055
3932,2.378908157348633,-8.22542953491211
3933,2.712047576904297,-7.264358043670654
3934,2.540046215057373,-7.20704460144043
3935,2.533423900604248,-7.973398208618164
3936,2.453869581222534,-8.33315372467041
3937,2.646273136138916,-7.780237197875977
3938,2.489715099334717,-8.465446472167969
3939,2.4197182655334473,-8.344010353088379
3940,2.654052972793579,-7.991405010223389
3941,2.2885618209838867,-8.608464241027832
3942,2.669524669647217,-7.633963108062744
3943,2.5250115394592285,-6.532141208648682
3944,2.697936773300171,-7.211800575256348
3945,2.562626361846924,-7.719375133514404
3946,2.686750650405884,-7.097449779510498
3947,2.4094772338867188,-7.619863510131836
3948,2.586454153060913,-8.121524810791016
3949,2.461897373199463,-8.181351661682129
3950,2.4769484996795654,-7.709376335144043
3951,2.195495843887329,-8.910820007324219
3952,2.1422524452209473,-8.475208282470703
3953,2.425473928451538,-7.9743146896362305
3954,2.7797632217407227,-8.707303047180176
3955,2.1013011932373047,-9.038350105285645
3956,2.8455312252044678,-8.668755531311035
3957,2.6213107109069824,-7.795530319213867
3958,2.6324586868286133,-8.717842102050781
3959,2.5601329803466797,-7.6696553230285645
3960,2.3210394382476807,-8.882885932922363
3961,2.193584442138672,-8.260753631591797
3962,2.6360526084899902,-7.598029136657715
3963,2.2928719520568848,-8.489226341247559
3964,2.508741855621338,-7.064141750335693
3965,2.654794216156006,-7.3083953857421875
3966,2.4497129917144775,-8.533866882324219
3967,2.2127928733825684,-7.895328521728516
3968,2.218846321105957,-7.021646499633789
3969,2.6976990699768066,-8.537130355834961
3970,2.4298205375671387,-7.540830612182617
3971,2.47019100189209,-8.2152738571167
3972,2.5448124408721924,-8.65299129486084
3973,2.3688220977783203,-7.9817914962768555
3974,2.3926758766174316,-8.086852073669434
3975,2.802227020263672,-8.467397689819336
3976,2.538361072540283,-8.347955703735352
3977,2.4396767616271973,-8.125452041625977
3978,3.8099615573883057,-7.718202114105225
3979,2.364621162414551,-7.940609931945801
3980,2.9903392791748047,-7.610467910766602
3981,2.5491292476654053,-8.568893432617188
3982,2.718109607696533,-6.864362716674805
3983,2.7178854942321777,-7.709433555603027
3984,2.3698878288269043,-7.004269599914551
3985,2.376420021057129,-7.825543403625488
3986,2.8981752395629883,-8.1840238571167
3987,2.5226728916168213,-8.271535873413086
3988,2.5131402015686035,-8.582788467407227
3989,2.6993205547332764,-6.701893329620361
3990,2.4712038040161133,-7.083154678344727
3991,2.5557994842529297,-8.440778732299805
3992,2.8357229232788086,-6.6628899574279785
3993,2.355536699295044,-9.26651382446289
3994,2.5823965072631836,-8.00214958190918
3995,2.3308606147766113,-8.883681297302246
3996,2.5068812370300293,-6.799861431121826
3997,2.614013910293579,-7.7360076904296875
3998,2.5106146335601807,-8.241643905639648
3999,2.625415802001953,-7.684988498687744
4000,2.5862605571746826,-9.323293685913086
4001,2.7118029594421387,-7.6503448486328125
4002,2.498694658279419,-7.367914199829102
4003,2.299139976501465,-8.226912498474121
4004,2.800405263900757,-7.4686689376831055
4005,2.224510431289673,-8.558624267578125
4006,3.013895034790039,-7.885732650756836
4007,2.795053482055664,-7.730239391326904
4008,2.6865811347961426,-6.797707557678223
4009,2.4554076194763184,-8.320516586303711
4010,2.868100643157959,-8.225975036621094
4011,2.7350685596466064,-8.068015098571777
4012,2.472824811935425,-8.34115982055664
4013,2.689607620239258,-8.58178997039795
4014,2.3245186805725098,-8.096478462219238
4015,2.8609619140625,-7.525617599487305
4016,2.3982315063476562,-7.977296829223633
4017,2.8559556007385254,-8.30395221710205
4018,2.625434637069702,-7.102200508117676
4019,2.378108024597168,-7.8319196701049805
4020,2.248779058456421,-8.223888397216797
4021,2.6818690299987793,-8.422603607177734
4022,2.4283499717712402,-7.785984992980957
4023,2.079561233520508,-9.139473915100098
4024,2.439079761505127,-8.79731559753418
4025,2.5301294326782227,-7.268856048583984
4026,2.7464325428009033,-8.007184028625488
4027,2.5141146183013916,-8.270723342895508
4028,2.661954402923584,-7.596296787261963
4029,2.6410539150238037,-8.411362648010254
4030,2.385159969329834,-7.882651329040527
4031,2.481058120727539,-7.623424053192139
4032,2.3394033908843994,-8.135881423950195
4033,2.5634591579437256,-7.284524440765381
4034,2.7562875747680664,-7.062586784362793
4035,2.394284725189209,-7.2104926109313965
4036,2.577472686767578,-8.059141159057617
4037,2.370086669921875,-7.973973274230957
4038,2.5880868434906006,-8.371014595031738
4039,2.377779006958008,-8.428552627563477
4040,2.4686198234558105,-8.747466087341309
4041,2.474430561065674,-7.287492275238037
4042,2.3809714317321777,-7.4334397315979
4043,2.447671890258789,-8.377646446228027
4044,2.2066378593444824,-9.392292022705078
4045,2.6136817932128906,-7.1162004470825195
4046,2.7222001552581787,-8.866042137145996
4047,2.54707670211792,-8.310243606567383
4048,2.8303704261779785,-7.0547380447387695
4049,2.397649049758911,-6.732112884521484
4050,3.0607714653015137,-8.285422325134277
4051,2.522585391998291,-7.389090061187744
4052,2.462883472442627,-8.253561973571777
4053,2.7293925285339355,-8.110048294067383
4054,2.482544422149658,-7.982227802276611
4055,2.673661470413208,-6.537842273712158
4056,2.3931450843811035,-8.235250473022461
4057,2.6623342037200928,-7.726500034332275
4058,2.139618396759033,-8.980956077575684
4059,2.8689181804656982,-8.005820274353027
4060,2.5305986404418945,-8.019189834594727
4061,2.438352108001709,-7.779430389404297
4062,2.544053554534912,-7.718915939331055
4063,2.274014949798584,-7.939573764801025
4064,2.457054615020752,-8.522510528564453
4065,2.5973825454711914,-8.193446159362793
4066,2.650395154953003,-7.91769552230835
4067,2.6255180835723877,-7.651840686798096
4068,2.2804322242736816,-8.613972663879395
4069,2.2990355491638184,-6.971832275390625
4070,2.2933120727539062,-6.855188369750977
4071,2.438039779663086,-7.862771987915039
4072,2.438138484954834,-7.344573497772217
4073,2.518198013305664,-7.813716411590576
4074,2.187227249145508,-7.773125171661377
4075,2.859482765197754,-7.047138690948486
4076,2.5808582305908203,-7.1312689781188965
4077,2.2964441776275635,-7.540173530578613
4078,2.3131983280181885,-8.697427749633789
4079,2.5853607654571533,-8.842596054077148
4080,2.5113577842712402,-8.78776741027832
4081,2.355055809020996,-7.197044849395752
4082,2.693815231323242,-7.742746353149414
4083,2.5053067207336426,-8.619067192077637
4084,2.363797664642334,-7.523998260498047
4085,2.754410743713379,-7.444649696350098
4086,2.5236642360687256,-7.622325420379639
4087,2.4128143787384033,-7.778525352478027
4088,2.4208388328552246,-7.596489429473877
4089,2.867399215698242,-7.122509956359863
4090,2.462733030319214,-8.725218772888184
4091,2.4084835052490234,-8.541688919067383
4092,2.5541374683380127,-8.29294204711914
4093,2.321556568145752,-7.444050312042236
4094,2.4919843673706055,-7.099033832550049
4095,2.927917003631592,-8.182779312133789
4096,2.6033878326416016,-7.786501884460449
4097,2.6565661430358887,-6.900731086730957
4098,2.6473605632781982,-8.440258979797363
4099,1.9468986988067627,-8.747008323669434
4100,2.3860514163970947,-8.254222869873047
4101,2.563892364501953,-8.492707252502441
4102,2.4868812561035156,-8.093561172485352
4103,2.298926830291748,-8.577132225036621
4104,2.537996768951416,-8.034672737121582
4105,2.6147661209106445,-7.607766628265381
4106,2.417264461517334,-7.9430694580078125
4107,2.9202346801757812,-8.485174179077148
4108,2.5893125534057617,-7.102838516235352
4109,2.711446523666382,-7.989331245422363
4110,2.397937297821045,-8.096733093261719
4111,2.624377965927124,-7.514657974243164
4112,2.3600854873657227,-7.796828746795654
4113,2.574092149734497,-7.816059112548828
4114,2.5875754356384277,-7.229375839233398
4115,2.2897791862487793,-8.502243995666504
4116,2.283109188079834,-7.998055458068848
4117,2.668078899383545,-7.163057804107666
4118,2.1348774433135986,-7.952690601348877
4119,2.9893085956573486,-7.035870552062988
4120,2.6260151863098145,-7.884204864501953
4121,2.6931285858154297,-7.855612754821777
4122,2.6052565574645996,-6.917088508605957
4123,2.5862746238708496,-7.875420570373535
4124,2.804442882537842,-7.282739162445068
4125,2.4367799758911133,-7.833007335662842
4126,2.3716554641723633,-7.983283519744873
4127,2.224091053009033,-8.069916725158691
4128,2.335939884185791,-8.924005508422852
4129,2.094552755355835,-7.12725830078125
4130,2.4951603412628174,-7.61135721206665
4131,2.3274917602539062,-8.592670440673828
4132,2.6450119018554688,-7.448102951049805
4133,2.848721504211426,-6.521989822387695
4134,2.4524948596954346,-8.799437522888184
4135,2.2606406211853027,-8.2988862991333
4136,2.5356013774871826,-6.849667549133301
4137,2.6529440879821777,-7.273855209350586
4138,2.3739442825317383,-8.489706993103027
4139,2.617753505706787,-7.036907196044922
4140,2.762688159942627,-7.936386585235596
4141,2.7145724296569824,-6.8163838386535645
4142,2.2105650901794434,-8.947977066040039
4143,2.4114580154418945,-8.498969078063965
4144,2.3632824420928955,-7.082988262176514
4145,2.88307523727417,-6.399801731109619
4146,2.6825289726257324,-8.549839973449707
4147,2.1589951515197754,-7.5625691413879395
4148,2.78352952003479,-7.755054950714111
4149,2.4832401275634766,-7.571270942687988
4150,2.6893324851989746,-8.041547775268555
4151,2.6011242866516113,-8.303187370300293
4152,2.347322702407837,-7.837306499481201
4153,2.540731906890869,-8.766363143920898
4154,2.5241775512695312,-7.539474964141846
4155,2.398831367492676,-7.735569000244141
4156,2.430514335632324,-6.933089733123779
4157,2.5411062240600586,-6.986973762512207
4158,2.367732524871826,-7.86263370513916
4159,2.8511407375335693,-8.431221961975098
4160,2.789823293685913,-7.543785572052002
4161,2.8086466789245605,-8.00153636932373
4162,2.387817621231079,-8.205266952514648
4163,2.4295098781585693,-7.567108154296875
4164,2.571157932281494,-8.301505088806152
4165,2.352839469909668,-7.6396355628967285
4166,2.5147409439086914,-7.7535810470581055
4167,2.5903990268707275,-7.764538764953613
4168,2.1557698249816895,-7.882280349731445
4169,2.646778106689453,-7.343804359436035
4170,2.895876884460449,-7.831401824951172
4171,2.4404871463775635,-8.486322402954102
4172,2.6378605365753174,-7.612417221069336
4173,2.873971462249756,-7.684665679931641
4174,2.3525075912475586,-7.623073101043701
4175,2.6170706748962402,-7.533128261566162
4176,2.6048898696899414,-8.315417289733887
4177,2.649244785308838,-7.459989070892334
4178,2.720022678375244,-8.182899475097656
4179,2.223574638366699,-8.22591781616211
4180,2.47294545173645,-7.981234073638916
4181,2.568000555038452,-8.801326751708984
4182,2.445557117462158,-7.571622848510742
4183,2.5213241577148438,-7.717309474945068
4184,2.3693950176239014,-6.999208927154541
4185,2.146359443664551,-8.152287483215332
4186,2.6145825386047363,-7.932615756988525
4187,3.0987696647644043,-7.316173076629639
4188,2.6995158195495605,-8.306201934814453
4189,2.644367218017578,-6.6663713455200195
4190,2.407548189163208,-7.157032012939453
4191,2.7809200286865234,-8.085546493530273
4192,2.4238600730895996,-8.039682388305664
4193,2.5932729244232178,-7.848265171051025
4194,2.5804145336151123,-7.670693874359131
4195,2.361131429672241,-8.766008377075195
4196,2.2322115898132324,-8.481846809387207
4197,2.7231972217559814,-7.286003589630127
4198,2.7785701751708984,-7.255829334259033
4199,2.491269826889038,-7.545822620391846
4200,2.6503419876098633,-6.850396156311035
4201,2.3741579055786133,-7.8403167724609375
4202,2.1913485527038574,-7.7730817794799805
4203,2.3112282752990723,-8.423537254333496
4204,2.2693004608154297,-7.756968975067139
4205,2.414454460144043,-8.096111297607422
4206,2.376333475112915,-7.663285732269287
4207,2.469482421875,-6.782787322998047
4208,2.523733615875244,-8.079944610595703
4209,2.2289249897003174,-7.835694789886475
4210,2.4258503913879395,-6.860261917114258
4211,2.4006187915802,-8.2373046875
4212,2.486222743988037,-7.192789077758789
4213,2.5798122882843018,-7.300604820251465
4214,2.4088165760040283,-8.706629753112793
4215,3.035907745361328,-6.951653957366943
4216,2.758456230163574,-8.023538589477539
4217,2.1789369583129883,-8.217019081115723
4218,2.6184942722320557,-8.368782997131348
4219,2.436610698699951,-8.320043563842773
4220,2.697394371032715,-8.212568283081055
4221,2.5331039428710938,-7.290237903594971
4222,2.825277090072632,-7.361968994140625
4223,2.7667176723480225,-7.412916660308838
4224,2.428114175796509,-7.41118049621582
4225,2.499594211578369,-7.220869064331055
4226,2.264586925506592,-8.216490745544434
4227,2.4114530086517334,-7.966561317443848
4228,2.554408550262451,-8.440906524658203
4229,2.3829269409179688,-8.705584526062012
4230,2.7028114795684814,-7.844609260559082
4231,2.5118050575256348,-7.297604560852051
4232,2.4155309200286865,-8.471197128295898
4233,2.743865966796875,-7.595077037811279
4234,2.2113091945648193,-7.928383827209473
4235,2.8820040225982666,-6.968321323394775
4236,2.5173416137695312,-7.131831169128418
4237,2.8436851501464844,-7.501475811004639
4238,2.551316738128662,-7.480173110961914
4239,2.543140411376953,-8.5759859085083
4240,2.3023793697357178,-8.489584922790527
4241,2.675812244415283,-7.8484086990356445
4242,2.401031017303467,-6.894402503967285
4243,2.375971555709839,-7.068946361541748
4244,2.4134445190429688,-8.641600608825684
4245,2.745577335357666,-7.532188892364502
4246,2.5127146244049072,-7.8362717628479
4247,3.135171890258789,-6.508050918579102
4248,2.6740365028381348,-8.084711074829102
4249,2.4950973987579346,-8.255289077758789
4250,2.4687070846557617,-8.530319213867188
4251,2.1708621978759766,-8.258545875549316
4252,2.9235029220581055,-6.991336822509766
4253,2.7247917652130127,-6.572869777679443
4254,2.4588470458984375,-7.785225868225098
4255,2.613649845123291,-8.787406921386719
4256,2.5337791442871094,-7.3184099197387695
4257,2.539910316467285,-7.232241153717041
4258,2.6151764392852783,-7.351853847503662
4259,2.347574234008789,-7.966184616088867
4260,2.579425811767578,-7.063004016876221
4261,2.649186372756958,-7.241535186767578
4262,2.2904562950134277,-8.534015655517578
4263,2.5460939407348633,-7.846126079559326
4264,2.510221481323242,-7.701841354370117
4265,2.570122480392456,-6.779362201690674
4266,2.7583911418914795,-6.997682571411133
4267,2.5018954277038574,-8.046509742736816
4268,2.300199508666992,-8.098465919494629
4269,2.82426118850708,-7.540102481842041
4270,2.447463035583496,-6.559391498565674
4271,2.4907703399658203,-8.07270622253418
4272,2.3910915851593018,-7.617183685302734
4273,2.5186915397644043,-7.598178863525391
4274,2.7196578979492188,-6.983173847198486
4275,2.3148915767669678,-8.985383033752441
4276,2.557704448699951,-7.5281782150268555
4277,2.462209463119507,-7.328116416931152
4278,2.5715560913085938,-7.235620021820068
4279,2.5339174270629883,-8.337662696838379
4280,2.4249250888824463,-8.172625541687012
4281,2.6262154579162598,-7.246006965637207
4282,2.721937656402588,-7.933155536651611
4283,2.55126953125,-7.296924591064453
4284,2.3375158309936523,-7.167962074279785
4285,2.543945789337158,-8.038108825683594
4286,2.4484293460845947,-8.856342315673828
4287,2.680295467376709,-7.843050479888916
4288,2.426309108734131,-7.411197662353516
4289,2.4240314960479736,-7.335926055908203
4290,2.4163272380828857,-7.649359703063965
4291,2.543708086013794,-7.9267072677612305
4292,2.038705348968506,-8.43939208984375
4293,2.3530149459838867,-8.508514404296875
4294,2.5184617042541504,-7.009814262390137
4295,2.671082019805908,-6.874381065368652
4296,2.457491874694824,-7.094515323638916
4297,2.541250228881836,-7.653965950012207
4298,2.009917736053467,-8.615017890930176
4299,2.2009804248809814,-7.484677314758301
4300,2.2853055000305176,-7.93656063079834
4301,2.468174934387207,-6.815788745880127
4302,2.331724166870117,-7.456747531890869
4303,2.435636281967163,-6.928715229034424
4304,2.5955817699432373,-7.831501483917236
4305,2.3604891300201416,-8.136198997497559
4306,2.528038263320923,-6.451922416687012
4307,2.2087326049804688,-7.35328483581543
4308,2.8642749786376953,-7.478058338165283
4309,2.3032493591308594,-7.384798526763916
4310,2.307084798812866,-7.344519138336182
4311,2.450829029083252,-7.276900768280029
4312,2.4402246475219727,-7.480855941772461
4313,2.4222300052642822,-6.828344821929932
4314,2.4058845043182373,-7.800887584686279
4315,2.474297523498535,-6.9820966720581055
4316,2.566101312637329,-7.087430000305176
4317,2.364295482635498,-7.44070291519165
4318,2.4750442504882812,-6.99258279800415
4319,2.6775670051574707,-7.18147087097168
4320,2.874424934387207,-7.340676784515381
4321,2.294814348220825,-7.241637706756592
4322,2.4282593727111816,-7.770847320556641
4323,2.331559181213379,-6.8511457443237305
4324,2.257662773132324,-7.817456245422363
4325,2.7346630096435547,-7.786334037780762
4326,2.6449241638183594,-7.55441951751709
4327,2.3428988456726074,-8.423666000366211
4328,2.5967886447906494,-7.457258224487305
4329,2.2248525619506836,-7.211162090301514
4330,2.3710827827453613,-7.721412181854248
4331,2.5199904441833496,-7.644725322723389
4332,2.149949550628662,-7.831347465515137
4333,2.272977828979492,-6.177225112915039
4334,2.1870877742767334,-7.302524566650391
4335,2.475562334060669,-7.6743693351745605
4336,2.4368128776550293,-8.150773048400879
4337,2.620044708251953,-6.6289825439453125
4338,2.3170864582061768,-7.9258317947387695
4339,2.463862895965576,-7.855462551116943
4340,2.4181251525878906,-7.843050479888916
4341,2.1895992755889893,-7.84879207611084
4342,2.7466378211975098,-7.4123125076293945
4343,2.513948917388916,-7.586343765258789
4344,2.423520803451538,-7.917974472045898
4345,2.317530632019043,-6.926048755645752
4346,2.6180129051208496,-7.341085910797119
4347,2.418074131011963,-7.204914093017578
4348,2.319845199584961,-8.152486801147461
4349,2.504720687866211,-7.890114784240723
4350,2.374307632446289,-8.142616271972656
4351,2.1157116889953613,-7.780822277069092
4352,2.1978402137756348,-7.617961406707764
4353,2.249924659729004,-8.000584602355957
4354,2.2770795822143555,-6.793719291687012
4355,2.6062397956848145,-7.548155307769775
4356,2.2487239837646484,-7.216859340667725
4357,2.2626943588256836,-6.321526527404785
4358,2.4746923446655273,-8.149848937988281
4359,2.298020839691162,-7.360904693603516
4360,2.45023775100708,-6.153436183929443
4361,2.367794990539551,-6.557309150695801
4362,2.1478891372680664,-7.4288201332092285
4363,3.450566053390503,-7.149680137634277
4364,2.5237207412719727,-7.446243762969971
4365,2.6462557315826416,-6.8847270011901855
4366,2.7711994647979736,-6.7861552238464355
4367,2.7018280029296875,-6.886007308959961
4368,2.4241156578063965,-7.196086406707764
4369,2.214425802230835,-7.543321132659912
4370,2.5998361110687256,-7.096718788146973
4371,2.335568904876709,-7.629550933837891
4372,2.6733174324035645,-7.6085286140441895
4373,2.317554235458374,-6.263357639312744
4374,2.58613920211792,-6.995239734649658
4375,2.4550633430480957,-7.438536167144775
4376,2.421060085296631,-7.123443603515625
4377,2.4885177612304688,-7.475610256195068
4378,2.2940659523010254,-7.469995021820068
4379,2.467691659927368,-6.830859184265137
4380,2.215294122695923,-9.076327323913574
4381,2.3319995403289795,-7.082014560699463
4382,2.421579599380493,-8.53129768371582
4383,2.315373182296753,-8.311800956726074
4384,2.5718348026275635,-8.419587135314941
4385,2.3231372833251953,-7.204189300537109
4386,2.4107112884521484,-6.660620212554932
4387,2.4720206260681152,-7.2026567459106445
4388,2.4377341270446777,-6.894430160522461
4389,2.4475955963134766,-7.765404224395752
4390,2.4202592372894287,-6.593619346618652
4391,2.379887342453003,-7.993215560913086
4392,2.0729448795318604,-7.639410972595215
4393,2.5043115615844727,-7.849320888519287
4394,2.2199454307556152,-8.027604103088379
4395,2.439297676086426,-7.357880115509033
4396,2.101480007171631,-7.953253746032715
4397,2.4352078437805176,-7.514890670776367
4398,2.2379655838012695,-7.3808274269104
4399,2.2780861854553223,-6.722625255584717
4400,2.883288860321045,-8.173469543457031
4401,2.495715618133545,-7.694220542907715
4402,2.4710683822631836,-7.466125011444092
4403,2.4052979946136475,-7.902428150177002
4404,2.675489902496338,-7.898719310760498
4405,2.585843086242676,-7.79464864730835
4406,2.6901473999023438,-7.456178188323975
4407,2.377901554107666,-7.080577373504639
4408,2.473754644393921,-8.560098648071289
4409,2.801680088043213,-7.34621524810791
4410,2.438411235809326,-7.586605072021484
4411,2.6994996070861816,-7.029689788818359
4412,2.599384307861328,-7.461083889007568
4413,2.2267253398895264,-7.7678303718566895
4414,2.538264751434326,-6.777413368225098
4415,2.271678924560547,-7.071918487548828
4416,2.665877342224121,-6.2579216957092285
4417,2.936676025390625,-6.716780185699463
4418,2.1383612155914307,-7.031831741333008
4419,2.6487913131713867,-5.6004509925842285
4420,2.469482898712158,-6.465107440948486
4421,2.6188254356384277,-7.875622749328613
4422,2.591280698776245,-7.445972442626953
4423,1.9710733890533447,-7.687225341796875
4424,2.683098554611206,-7.288158416748047
4425,2.599029541015625,-7.9904961585998535
4426,2.5072970390319824,-7.787168502807617
4427,2.5652270317077637,-7.731764316558838
4428,2.3514113426208496,-6.733951568603516
4429,3.1161139011383057,-5.480752944946289
4430,2.539797306060791,-7.556378364562988
4431,2.4647622108459473,-6.216899871826172
4432,2.291773557662964,-7.766083240509033
4433,2.035195827484131,-8.23674488067627
4434,2.5697832107543945,-7.302211761474609
4435,2.5544872283935547,-7.522818088531494
4436,2.5215282440185547,-7.1139960289001465
4437,2.4528298377990723,-6.6354217529296875
4438,2.3689467906951904,-7.2664384841918945
4439,2.3681654930114746,-7.743039608001709
4440,2.1327805519104004,-8.472060203552246
4441,2.0605435371398926,-8.709073066711426
4442,2.3999977111816406,-8.48580265045166
4443,2.17435884475708,-7.029260158538818
4444,2.355609178543091,-8.349279403686523
4445,2.4342989921569824,-7.042159557342529
4446,2.3853564262390137,-7.003261566162109
4447,2.281097412109375,-7.975528717041016
4448,2.3813791275024414,-7.357086658477783
4449,2.2815585136413574,-8.545449256896973
4450,2.307131767272949,-7.374983310699463
4451,2.2778849601745605,-8.974562644958496
4452,2.375328540802002,-7.333921909332275
4453,2.3561153411865234,-7.782415866851807
4454,2.4171433448791504,-7.444580554962158
4455,2.3941311836242676,-7.079021453857422
4456,2.151401996612549,-7.222126483917236
4457,2.3179662227630615,-7.512327671051025
4458,2.4350552558898926,-7.386838436126709
4459,2.022433042526245,-8.412249565124512
4460,2.567626953125,-7.739081382751465
4461,2.3526675701141357,-6.202030658721924
4462,2.5575923919677734,-7.291706562042236
4463,2.010681629180908,-7.569940567016602
4464,2.699868679046631,-7.5181427001953125
4465,2.792747974395752,-7.441648960113525
4466,2.37923002243042,-7.277679443359375
4467,2.609844923019409,-6.9398722648620605
4468,2.519960403442383,-6.9130353927612305
4469,2.621743679046631,-6.689667224884033
4470,2.5905075073242188,-7.035729885101318
4471,2.4163830280303955,-8.004034996032715
4472,2.4142279624938965,-7.076374053955078
4473,2.3372323513031006,-6.992987632751465
4474,2.275890827178955,-7.491231918334961
4475,2.25834321975708,-8.443401336669922
4476,2.680685520172119,-7.652507781982422
4477,2.7441890239715576,-6.554147243499756
4478,2.4560670852661133,-6.883065223693848
4479,2.74768328666687,-7.117308139801025
4480,2.647040843963623,-7.0749592781066895
4481,2.885359048843384,-6.652847766876221
4482,2.5609450340270996,-8.225057601928711
4483,2.327258586883545,-7.673032283782959
4484,2.6186819076538086,-6.606072902679443
4485,2.5986714363098145,-7.191678524017334
4486,2.477771759033203,-7.560740947723389
4487,2.292191505432129,-6.846148490905762
4488,2.522456645965576,-6.34266471862793
4489,2.5118722915649414,-8.258257865905762
4490,2.3702402114868164,-8.308366775512695
4491,2.346778631210327,-7.935650825500488
4492,2.256526231765747,-7.241649627685547
4493,2.8014607429504395,-6.915084362030029
4494,2.7781221866607666,-7.974857807159424
4495,2.426535129547119,-7.57823371887207
4496,2.39298152923584,-7.3940815925598145
4497,2.5085811614990234,-7.084782600402832
4498,2.723808765411377,-7.782172203063965
4499,2.4917497634887695,-6.878780364990234
4500,2.4775986671447754,-7.23076057434082
4501,2.566331386566162,-7.0457563400268555
4502,2.931941032409668,-6.72235107421875
4503,2.237074375152588,-7.759259223937988
4504,2.3180840015411377,-7.1955695152282715
4505,2.3119826316833496,-7.454378128051758
4506,2.7683346271514893,-6.48201847076416
4507,2.247952461242676,-7.578711032867432
4508,2.603119373321533,-7.129191875457764
4509,2.4293980598449707,-7.142032623291016
4510,2.133148670196533,-7.013176441192627
4511,2.407804012298584,-7.110787868499756
4512,2.34643292427063,-7.117801666259766
4513,2.3635401725769043,-7.256153583526611
4514,2.3093349933624268,-7.937140464782715
4515,2.5060324668884277,-7.604588031768799
4516,2.666517734527588,-6.441585063934326
4517,2.709655523300171,-7.949042320251465
4518,2.396578073501587,-7.916285991668701
4519,2.3688859939575195,-7.3311357498168945
4520,2.7590436935424805,-7.060357570648193
4521,2.3475937843322754,-8.790234565734863
4522,2.597456455230713,-6.569927215576172
4523,2.4923644065856934,-7.95908260345459
4524,2.293588161468506,-7.033714771270752
4525,2.9377174377441406,-7.352706432342529
4526,2.452793598175049,-7.087681770324707
4527,2.2478599548339844,-7.914182186126709
4528,2.3632259368896484,-6.7235941886901855
4529,2.576233386993408,-5.960576057434082
4530,2.713157892227173,-7.068437099456787
4531,2.972280979156494,-6.866697788238525
4532,2.5969653129577637,-5.706891059875488
4533,2.4563684463500977,-5.314881801605225
4534,2.977372646331787,-4.5001020431518555
4535,2.731182098388672,-4.207040309906006
4536,2.6698226928710938,-4.358489513397217
4537,2.5868778228759766,-5.080887317657471
4538,3.1053366661071777,-4.51291561126709
4539,2.5446391105651855,-6.409262657165527
4540,3.0628151893615723,-3.750598192214966
4541,2.2025766372680664,-5.467799663543701
4542,2.4965362548828125,-5.625320911407471
4543,2.5188629627227783,-4.514368057250977
4544,2.7712583541870117,-4.995190620422363
4545,2.597350597381592,-5.493532180786133
4546,2.4579949378967285,-5.0143914222717285
4547,2.762204170227051,-4.635659694671631
4548,2.884885311126709,-4.980799674987793
4549,2.5394184589385986,-6.732295513153076
4550,2.5266213417053223,-6.8438262939453125
4551,2.8722496032714844,-6.256555557250977
4552,2.6473195552825928,-5.329988479614258
4553,2.7831056118011475,-6.566339015960693
4554,2.547501802444458,-6.119644641876221
4555,2.9061038494110107,-6.189860820770264
4556,2.609477996826172,-5.978962421417236
4557,2.717564105987549,-7.476382255554199
4558,2.316037893295288,-6.950158596038818
4559,2.7801856994628906,-8.076241493225098
4560,2.2931289672851562,-7.604946136474609
4561,2.7866628170013428,-7.483738422393799
4562,2.502729892730713,-8.000195503234863
4563,2.334113359451294,-6.596521377563477
4564,2.8209433555603027,-7.388160228729248
4565,2.522629499435425,-7.5226335525512695
4566,2.3203301429748535,-8.336848258972168
4567,2.6740942001342773,-7.4401140213012695
4568,2.367607593536377,-7.785568714141846
4569,2.7389793395996094,-7.08682107925415
4570,2.33223295211792,-7.259839057922363
4571,2.4794702529907227,-6.558987617492676
4572,2.718061685562134,-7.407857894897461
4573,2.7452237606048584,-7.8116583824157715
4574,2.4764456748962402,-8.452393531799316
4575,2.6872706413269043,-6.993513107299805
4576,2.483567714691162,-7.1719255447387695
4577,2.519160509109497,-8.08830738067627
4578,2.426711082458496,-7.749237537384033
4579,2.543844699859619,-7.307575702667236
4580,2.42378568649292,-8.082032203674316
4581,2.2977261543273926,-7.450277328491211
4582,2.3255763053894043,-8.303592681884766
4583,2.5088770389556885,-6.4948601722717285
4584,2.3478708267211914,-7.046484470367432
4585,2.394057512283325,-7.4826250076293945
4586,2.597414016723633,-7.241753101348877
4587,2.3286852836608887,-7.725890636444092
4588,2.553852081298828,-7.757752895355225
4589,2.3233466148376465,-7.863704681396484
4590,2.6538772583007812,-7.237739086151123
4591,2.150813579559326,-8.125876426696777
4592,2.2787985801696777,-7.222501277923584
4593,2.361461877822876,-7.888908863067627
4594,2.5574965476989746,-7.823580265045166
4595,2.4041714668273926,-6.344570159912109
4596,2.5985705852508545,-6.720879077911377
4597,2.366171360015869,-7.257571220397949
4598,2.3027102947235107,-7.245409965515137
4599,2.656137466430664,-7.473207473754883
4600,2.746398448944092,-7.308449745178223
4601,2.790602207183838,-7.362988471984863
4602,2.5911550521850586,-7.638867378234863
4603,2.274139881134033,-8.188873291015625
4604,2.3732664585113525,-7.927762508392334
4605,2.3944382667541504,-6.476477146148682
4606,2.6583645343780518,-7.284266948699951
4607,2.3995213508605957,-7.665238857269287
4608,2.5430245399475098,-8.28243350982666
4609,2.4660630226135254,-7.650745391845703
4610,2.337423801422119,-7.898594379425049
4611,2.7893242835998535,-7.240229606628418
4612,2.763225555419922,-7.334942817687988
4613,2.3035035133361816,-7.845575332641602
4614,2.665311813354492,-7.337158679962158
4615,2.7783920764923096,-6.640982151031494
4616,2.4613218307495117,-7.385126113891602
4617,2.46295166015625,-6.659167289733887
4618,2.615013599395752,-7.584903717041016
4619,2.3296291828155518,-7.319634437561035
4620,2.5618419647216797,-8.223474502563477
4621,2.4277026653289795,-7.164970874786377
4622,2.500291347503662,-7.222360610961914
4623,2.5762171745300293,-7.244600772857666
4624,2.8074519634246826,-7.445322036743164
4625,2.3541088104248047,-6.460992336273193
4626,2.6334924697875977,-6.663053512573242
4627,2.5804665088653564,-7.834536552429199
4628,2.43186616897583,-6.835787296295166
4629,2.331851005554199,-7.768326282501221
4630,2.389944553375244,-5.9600114822387695
4631,2.425273895263672,-7.399191379547119
4632,2.441521644592285,-7.857476234436035
4633,2.6020312309265137,-8.31920337677002
4634,2.395617961883545,-8.237916946411133
4635,2.730743408203125,-7.293682098388672
4636,2.5138840675354004,-7.953671455383301
4637,2.7028567790985107,-5.94516134262085
4638,2.3140170574188232,-7.486581325531006
4639,2.6042890548706055,-7.751861572265625
4640,2.6633386611938477,-6.841378211975098
4641,2.325897216796875,-7.716265678405762
4642,2.411393880844116,-8.024535179138184
4643,2.6018500328063965,-7.431436061859131
4644,2.331543445587158,-7.02553653717041
4645,2.4007396697998047,-7.733980655670166
4646,2.6362528800964355,-6.689869403839111
4647,2.73638916015625,-7.546448230743408
4648,2.3327646255493164,-6.849559307098389
4649,2.5159525871276855,-5.685763359069824
4650,2.6307320594787598,-6.889017105102539
4651,2.2583718299865723,-8.757974624633789
4652,2.400087356567383,-6.952279090881348
4653,2.3847241401672363,-6.891785144805908
4654,2.3310556411743164,-7.263769149780273
4655,2.483673334121704,-7.101294040679932
4656,2.4414987564086914,-7.39747428894043
4657,2.550719976425171,-6.687211513519287
4658,2.5089221000671387,-8.180388450622559
4659,2.4882307052612305,-8.089089393615723
4660,2.774242401123047,-7.272769927978516
4661,2.501229763031006,-6.731882095336914
4662,2.3076884746551514,-7.194293022155762
4663,2.7583703994750977,-7.382005214691162
4664,2.687640905380249,-6.465228080749512
4665,2.3686623573303223,-7.070361137390137
4666,2.6918954849243164,-7.6656036376953125
4667,2.481781005859375,-7.2656636238098145
4668,2.279776096343994,-7.582549571990967
4669,2.4762415885925293,-7.903525352478027
4670,2.3062868118286133,-7.883592128753662
4671,2.509707450866699,-7.73178243637085
4672,2.6955389976501465,-7.02132511138916
4673,2.699528217315674,-7.531980991363525
4674,2.7325079441070557,-7.4092230796813965
4675,2.4445290565490723,-7.4813127517700195
4676,3.038163661956787,-6.907991409301758
4677,2.443537712097168,-8.055235862731934
4678,2.6366825103759766,-6.872358322143555
4679,2.542100667953491,-7.356181621551514
4680,2.697230815887451,-6.965712070465088
4681,2.372523307800293,-7.378816604614258
4682,2.324636936187744,-6.610570907592773
4683,2.660594940185547,-8.102892875671387
4684,2.2555642127990723,-6.599510669708252
4685,2.79048490524292,-7.904873847961426
4686,2.5298967361450195,-8.243817329406738
4687,2.7484753131866455,-7.148477077484131
4688,2.639803886413574,-5.857484340667725
4689,2.4834322929382324,-6.777282238006592
4690,2.6901564598083496,-6.220086097717285
4691,2.6946444511413574,-7.427950859069824
4692,2.504260778427124,-6.193427562713623
4693,3.5086545944213867,-7.406039237976074
4694,2.361083507537842,-6.226926326751709
4695,2.636260747909546,-6.991418838500977
4696,2.512922763824463,-8.599316596984863
4697,2.8088667392730713,-6.7529826164245605
4698,2.4037246704101562,-7.520038604736328
4699,2.2991321086883545,-8.677563667297363
4700,2.338819980621338,-8.02515697479248
4701,2.93951416015625,-7.1011061668396
4702,2.3807947635650635,-6.324987888336182
4703,2.602649211883545,-6.746395111083984
4704,2.4318788051605225,-6.408201694488525
4705,2.4267468452453613,-5.822336196899414
4706,2.646240472793579,-7.201103687286377
4707,2.61555814743042,-7.325979232788086
4708,2.4170451164245605,-6.926496982574463
4709,2.6874685287475586,-7.219297885894775
4710,2.5806126594543457,-7.0584917068481445
4711,2.322093963623047,-6.669583320617676
4712,2.557581663131714,-5.978099346160889
4713,2.7014071941375732,-7.071574687957764
4714,2.6445412635803223,-7.788801193237305
4715,2.3630170822143555,-7.587426662445068
4716,2.846395254135132,-6.4886250495910645
4717,2.394542694091797,-7.836368560791016
4718,2.4461469650268555,-7.882544040679932
4719,2.5658531188964844,-6.6659135818481445
4720,2.523911476135254,-7.6289381980896
4721,2.421372890472412,-6.5942559242248535
4722,2.4528470039367676,-7.1842474937438965
4723,2.3420445919036865,-7.47813606262207
4724,2.5551414489746094,-7.806215763092041
4725,2.5785741806030273,-7.738592147827148
4726,2.4805259704589844,-7.236362934112549
4727,2.3715882301330566,-6.4105095863342285
4728,2.597106456756592,-6.720691680908203
4729,2.4583215713500977,-7.095509052276611
4730,2.2409896850585938,-7.234630107879639
4731,2.3901004791259766,-8.40633773803711
4732,2.552598237991333,-6.916929244995117
4733,2.4122703075408936,-8.143491744995117
4734,2.7617151737213135,-6.313844203948975
4735,2.5549123287200928,-7.430995464324951
4736,2.316458225250244,-6.275235176086426
4737,2.5855557918548584,-8.596539497375488
4738,2.4589321613311768,-6.913687229156494
4739,2.5374131202697754,-7.8601908683776855
4740,2.3386549949645996,-7.200714111328125
4741,2.511564254760742,-7.625510215759277
4742,2.9292235374450684,-7.312608242034912
4743,2.246762275695801,-6.865536689758301
4744,2.5035929679870605,-6.714669227600098
4745,2.465083599090576,-7.9662933349609375
4746,2.42311954498291,-6.859462738037109
4747,2.588773727416992,-7.415294647216797
4748,2.6661734580993652,-7.000650405883789
4749,2.4723165035247803,-6.827889442443848
4750,2.472133159637451,-7.730887413024902
4751,2.6893515586853027,-6.901562690734863
4752,2.585598945617676,-6.860886096954346
4753,2.4263510704040527,-6.383680820465088
4754,2.3988633155822754,-5.896735668182373
4755,2.3207082748413086,-7.138322353363037
4756,2.5947465896606445,-6.996817111968994
4757,2.5623936653137207,-5.9525837898254395
4758,2.4357590675354004,-7.2451677322387695
4759,2.634108304977417,-7.909572124481201
4760,2.909482002258301,-6.3261823654174805
4761,2.550692558288574,-6.638940334320068
4762,2.688058853149414,-7.863909721374512
4763,2.3917593955993652,-6.295507907867432
4764,2.412923812866211,-7.621603965759277
4765,2.443568706512451,-7.9673895835876465
4766,2.5386452674865723,-7.138142108917236
4767,2.661022663116455,-5.6872639656066895
4768,2.4548842906951904,-8.230311393737793
4769,2.550009250640869,-7.817683696746826
4770,2.5328259468078613,-7.301548480987549
4771,2.33718204498291,-7.196514129638672
4772,3.0137085914611816,-7.630613327026367
4773,2.6422290802001953,-7.052875518798828
4774,2.399472236633301,-6.639533519744873
4775,2.188275098800659,-7.301444053649902
4776,2.7465054988861084,-6.224757194519043
4777,2.170043468475342,-7.576092720031738
4778,2.4637598991394043,-7.420488357543945
4779,2.397763967514038,-8.044882774353027
4780,2.6990950107574463,-6.0631303787231445
4781,2.7380332946777344,-6.98147439956665
4782,2.4487080574035645,-6.871400833129883
4783,2.6200997829437256,-8.2639741897583
4784,2.4890201091766357,-8.318424224853516
4785,2.3974790573120117,-6.8595051765441895
4786,2.3283791542053223,-6.288573741912842
4787,2.6324777603149414,-7.1204071044921875
4788,2.5240612030029297,-6.813618183135986
4789,2.617614269256592,-7.016286849975586
4790,2.671133518218994,-5.547574043273926
4791,2.4275741577148438,-7.428449630737305
4792,2.4449715614318848,-7.036860942840576
4793,2.113128662109375,-8.165792465209961
4794,2.5334982872009277,-6.868063449859619
4795,2.6058616638183594,-7.618753433227539
4796,2.2973523139953613,-7.898614883422852
4797,2.503770112991333,-7.132897853851318
4798,2.843883991241455,-7.086118698120117
4799,2.752917766571045,-6.034590244293213
4800,2.4145636558532715,-6.6525139808654785
4801,2.467606544494629,-7.353194713592529
4802,2.3597517013549805,-7.029112339019775
4803,2.362183094024658,-7.52877950668335
4804,2.579876661300659,-7.022259712219238
4805,2.3565075397491455,-9.60861587524414
4806,2.652545928955078,-6.9463629722595215
4807,2.3326992988586426,-8.06027603149414
4808,2.3065648078918457,-6.5223493576049805
4809,2.1487765312194824,-7.431362152099609
4810,2.682652235031128,-7.764842510223389
4811,2.6321067810058594,-5.915937423706055
4812,2.9648258686065674,-6.015643119812012
4813,2.600283145904541,-6.115520000457764
4814,2.4049429893493652,-7.484342098236084
4815,2.2225303649902344,-7.097213268280029
4816,2.6148791313171387,-6.739667892456055
4817,2.380162477493286,-6.307026386260986
4818,2.5939130783081055,-6.56402587890625
4819,2.811282157897949,-6.448298931121826
4820,2.558781623840332,-8.551496505737305
4821,2.4363436698913574,-7.681918144226074
4822,2.551579475402832,-6.815082550048828
4823,2.461858034133911,-6.515493869781494
4824,2.344907760620117,-7.367031097412109
4825,2.383615493774414,-7.5490570068359375
4826,2.8088207244873047,-6.529726982116699
4827,2.6450159549713135,-7.2707624435424805
4828,2.200988531112671,-7.185174942016602
4829,2.6689491271972656,-6.294531345367432
4830,2.5265591144561768,-7.350939750671387
4831,2.2617597579956055,-8.017012596130371
4832,2.853853225708008,-7.579868316650391
4833,2.6582202911376953,-6.406756401062012
4834,2.7511117458343506,-7.553575038909912
4835,2.233455181121826,-8.701751708984375
4836,2.480377197265625,-7.830319881439209
4837,2.471231460571289,-7.743727207183838
4838,2.4852871894836426,-7.141819953918457
4839,2.4669389724731445,-6.5854878425598145
4840,2.9223179817199707,-7.499053478240967
4841,2.6273412704467773,-5.974750995635986
4842,2.5704407691955566,-7.264264106750488
4843,2.56827974319458,-7.292698860168457
4844,2.7741947174072266,-8.000626564025879
4845,2.6108312606811523,-6.146617412567139
4846,2.3048954010009766,-5.976292133331299
4847,2.651736259460449,-6.666676044464111
4848,2.5080037117004395,-7.1514410972595215
4849,2.4628653526306152,-7.620041370391846
4850,2.676600456237793,-7.4246954917907715
4851,2.6076159477233887,-7.616897106170654
4852,2.7591516971588135,-6.7900166511535645
4853,2.8085591793060303,-7.251126766204834
4854,2.568535327911377,-6.352068901062012
4855,2.700613021850586,-6.516585826873779
4856,2.6531171798706055,-6.89337158203125
4857,2.7616357803344727,-5.882707118988037
4858,2.4999780654907227,-6.5832390785217285
4859,2.06827449798584,-8.219490051269531
4860,2.5287365913391113,-6.712650775909424
4861,2.658048391342163,-5.956637382507324
4862,2.549823760986328,-6.81296443939209
4863,2.963533639907837,-6.9965500831604
4864,2.6285858154296875,-7.3591413497924805
4865,2.681691884994507,-7.152282238006592
4866,2.489680290222168,-7.580880165100098
4867,2.447913885116577,-6.141726493835449
4868,2.5679051876068115,-6.10958194732666
4869,2.5972213745117188,-5.050779819488525
4870,2.4553427696228027,-7.190962314605713
4871,2.74446439743042,-6.651650905609131
4872,2.4957594871520996,-7.134235858917236
4873,2.579789161682129,-7.361588954925537
4874,2.64443302154541,-7.066325664520264
4875,2.4628002643585205,-5.830465316772461
4876,2.439230442047119,-7.720724105834961
4877,2.5509696006774902,-7.334812164306641
4878,2.4533772468566895,-7.6012725830078125
4879,2.617739200592041,-5.817854404449463
4880,2.623400926589966,-6.640914440155029
4881,2.803410053253174,-6.272274017333984
4882,2.6495566368103027,-6.43448543548584
4883,2.41005802154541,-6.375461578369141
4884,2.633338451385498,-6.886082649230957
4885,2.386904239654541,-6.538794040679932
4886,2.2106406688690186,-7.300069808959961
4887,2.3252036571502686,-7.978744029998779
4888,2.70078444480896,-7.409814834594727
4889,2.706838607788086,-6.482921600341797
4890,2.6919355392456055,-7.025850296020508
4891,2.552628517150879,-7.298007011413574
4892,2.933250665664673,-8.087005615234375
4893,2.9085378646850586,-6.565491199493408
4894,2.5906805992126465,-6.387697696685791
4895,2.981642246246338,-7.127238750457764
4896,2.863511562347412,-6.7709059715271
4897,2.6653575897216797,-6.789223670959473
4898,3.119811773300171,-8.026834487915039
4899,2.6134519577026367,-5.933516979217529
4900,2.526890754699707,-6.077930927276611
4901,2.6721701622009277,-7.5089616775512695
4902,2.718144416809082,-7.329244613647461
4903,3.081779956817627,-7.747342586517334
4904,2.5729193687438965,-5.902303695678711
4905,2.924561023712158,-6.809402942657471
4906,2.6784987449645996,-7.133965015411377
4907,2.373115062713623,-6.973232269287109
4908,2.861776828765869,-7.142543315887451
4909,2.6969170570373535,-7.383895397186279
4910,2.4746227264404297,-7.603009223937988
4911,2.498410224914551,-7.4231767654418945
4912,2.5260720252990723,-7.132207870483398
4913,2.514194965362549,-6.777301788330078
4914,2.3846237659454346,-7.196503162384033
4915,2.4303078651428223,-8.741349220275879
4916,2.3059167861938477,-6.345678329467773
4917,2.7716851234436035,-6.798669815063477
4918,2.3819985389709473,-5.57861328125
4919,2.590865135192871,-7.60519552230835
4920,2.373636484146118,-6.215014457702637
4921,2.5066845417022705,-7.516104221343994
4922,2.663052558898926,-6.640041351318359
4923,2.5290045738220215,-6.2784342765808105
4924,2.4958791732788086,-6.232541561126709
4925,2.957634210586548,-5.9442949295043945
4926,2.339533805847168,-7.431636333465576
4927,2.5321784019470215,-7.6379075050354
4928,2.5254688262939453,-6.825275897979736
4929,2.9224963188171387,-5.886219501495361
4930,2.5367581844329834,-7.01199197769165
4931,2.6186392307281494,-8.149931907653809
4932,2.54356050491333,-7.846384048461914
4933,2.4065020084381104,-7.165526866912842
4934,2.538865089416504,-6.954051494598389
4935,2.4170289039611816,-7.405317783355713
4936,2.5297605991363525,-6.843481063842773
4937,2.5952041149139404,-6.341740131378174
4938,2.2110512256622314,-6.908600330352783
4939,2.4627737998962402,-6.644681930541992
4940,2.2142786979675293,-7.192860126495361
4941,2.5271143913269043,-5.863261699676514
4942,2.7095532417297363,-6.149111747741699
4943,2.5141522884368896,-6.834656238555908
4944,2.6392312049865723,-8.537522315979004
4945,2.5112342834472656,-6.385857105255127
4946,2.6813459396362305,-6.521094799041748
4947,2.3958983421325684,-7.838054180145264
4948,3.2142326831817627,-6.1226582527160645
4949,2.5611448287963867,-6.3487629890441895
4950,2.3601222038269043,-6.567600727081299
4951,2.641057252883911,-6.662418365478516
4952,2.2453551292419434,-7.379056453704834
4953,2.504985809326172,-7.262575149536133
4954,2.5765011310577393,-7.346973896026611
4955,2.736278533935547,-6.446455001831055
4956,2.619706153869629,-6.910465717315674
4957,2.358973979949951,-6.628717422485352
4958,2.618680953979492,-7.225674629211426
4959,2.208571672439575,-7.543719291687012
4960,2.598330497741699,-7.109726428985596
4961,2.699819564819336,-6.794036388397217
4962,2.536539316177368,-6.685684680938721
4963,2.6095755100250244,-6.845458984375
4964,2.5191667079925537,-8.019251823425293
4965,2.2353482246398926,-6.5121073722839355
4966,2.465127944946289,-7.703277587890625
4967,2.528779983520508,-6.017488956451416
4968,2.672348976135254,-6.570573329925537
4969,2.3805832862854004,-7.125813007354736
4970,2.2430734634399414,-6.155313014984131
4971,2.56601619720459,-6.474795341491699
4972,2.585782527923584,-6.86465311050415
4973,2.510502576828003,-6.359064102172852
4974,2.283611536026001,-7.217587947845459
4975,2.456955909729004,-8.00036907196045
4976,2.369413375854492,-7.391470909118652
4977,2.1903905868530273,-8.134082794189453
4978,2.5041792392730713,-7.313410758972168
4979,2.303169012069702,-6.554065704345703
4980,2.484179973602295,-6.7904744148254395
4981,2.2043466567993164,-7.933375358581543
4982,2.6245274543762207,-7.120204925537109
4983,2.3521156311035156,-7.320341110229492
4984,2.4402670860290527,-7.475668907165527
4985,2.4185683727264404,-7.2337541580200195
4986,2.824901580810547,-6.711938858032227
4987,2.6759095191955566,-6.141463756561279
4988,2.5953545570373535,-8.454036712646484
4989,2.4461159706115723,-7.156447887420654
4990,2.638113260269165,-6.819671154022217
4991,2.543304681777954,-6.352028846740723
4992,2.767986536026001,-6.969056606292725
4993,2.539073944091797,-6.448215484619141
4994,2.2652108669281006,-7.259645462036133
4995,2.6179161071777344,-7.292251110076904
4996,2.728820323944092,-7.652902603149414
4997,2.379992961883545,-7.6432881355285645
4998,2.6054792404174805,-5.023008346557617
4999,2.266479015350342,-7.110006809234619
5000,2.8492026329040527,-5.428645133972168
5001,2.6351122856140137,-7.057443141937256
5002,2.722242832183838,-7.667722225189209
5003,2.4616684913635254,-6.547368049621582
5004,2.456956624984741,-8.268045425415039
5005,2.2851834297180176,-6.6387224197387695
5006,2.5125184059143066,-6.635382652282715
5007,2.2893314361572266,-7.199512481689453
5008,2.50185489654541,-5.650623798370361
5009,2.3881444931030273,-6.922840118408203
5010,2.575806140899658,-7.214075088500977
5011,2.2950780391693115,-6.437785625457764
5012,2.280446767807007,-7.185164928436279
5013,2.547295570373535,-8.0911283493042
5014,2.5081064701080322,-6.99398946762085
5015,2.6524105072021484,-7.2183051109313965
5016,2.8441576957702637,-6.88868522644043
5017,2.5834221839904785,-6.807270526885986
5018,2.63631272315979,-6.5207600593566895
5019,2.6747562885284424,-6.328035831451416
5020,2.4327096939086914,-6.599954128265381
5021,2.506366491317749,-7.799769401550293
5022,2.6196272373199463,-7.721692085266113
5023,2.763805389404297,-6.473142147064209
5024,2.617586374282837,-7.627117156982422
5025,2.4818239212036133,-8.05945110321045
5026,2.6946325302124023,-6.575352668762207
5027,2.3219823837280273,-6.973348617553711
5028,2.4041759967803955,-6.608318328857422
5029,2.427635908126831,-8.032122611999512
5030,2.5304503440856934,-7.003526210784912
5031,2.234462261199951,-7.378068923950195
5032,2.826962947845459,-6.778965473175049
5033,2.41025972366333,-6.117748260498047
5034,2.3035473823547363,-7.281154632568359
5035,2.3562631607055664,-7.444089412689209
5036,2.6311659812927246,-6.8387603759765625
5037,2.5824012756347656,-6.205917835235596
5038,2.61616587638855,-6.167842864990234
5039,2.624725341796875,-7.231263637542725
5040,2.9561283588409424,-7.179149627685547
5041,2.633686065673828,-6.4485182762146
5042,2.4042320251464844,-7.192773818969727
5043,2.716270923614502,-6.777580738067627
5044,2.2617363929748535,-6.942890167236328
5045,2.5956411361694336,-6.838491439819336
5046,2.557967185974121,-6.550296783447266
5047,2.523013114929199,-6.66465950012207
5048,2.566347122192383,-6.005927085876465
5049,2.5606508255004883,-7.19254207611084
5050,2.664611577987671,-6.662513256072998
5051,2.4239468574523926,-8.007030487060547
5052,2.6706480979919434,-6.933563232421875
5053,2.3513073921203613,-6.713087558746338
5054,2.7922263145446777,-5.942687511444092
5055,2.6106648445129395,-6.373145580291748
5056,2.688981533050537,-7.7616095542907715
5057,2.6560120582580566,-6.651510238647461
5058,2.3425889015197754,-7.083399772644043
5059,2.272714138031006,-6.634054183959961
5060,2.608781576156616,-7.517623424530029
5061,2.4899797439575195,-6.588657379150391
5062,2.632952928543091,-6.9332804679870605
5063,2.504760265350342,-6.650850296020508
5064,2.558666229248047,-6.291281700134277
5065,2.228165864944458,-6.989185810089111
5066,2.6798689365386963,-7.161728382110596
5067,2.611846446990967,-5.802706241607666
5068,2.5822768211364746,-6.841210842132568
5069,2.651763916015625,-7.517146110534668
5070,2.415588140487671,-7.098168849945068
5071,2.487677574157715,-6.516635894775391
5072,2.502434730529785,-7.236900806427002
5073,2.4229304790496826,-7.284994125366211
5074,2.8394787311553955,-6.589506149291992
5075,2.674055576324463,-6.10024356842041
5076,2.270782232284546,-6.807206630706787
5077,2.306375741958618,-6.737200736999512
5078,2.6781580448150635,-7.281004428863525
5079,2.1349477767944336,-7.860477924346924
5080,2.41461181640625,-6.189815521240234
5081,2.709568738937378,-6.66567850112915
5082,2.448012351989746,-6.236666202545166
5083,2.5687267780303955,-6.445404052734375
5084,2.8780064582824707,-6.443995952606201
5085,2.707948923110962,-7.011739730834961
5086,2.3245410919189453,-6.6231465339660645
5087,2.44920015335083,-6.4014410972595215
5088,2.3654327392578125,-6.4340949058532715
5089,2.535456657409668,-7.420022964477539
5090,2.6922383308410645,-6.734300136566162
5091,2.6042041778564453,-5.577459335327148
5092,2.2728209495544434,-7.197287559509277
5093,2.4186854362487793,-7.199007511138916
5094,2.2361509799957275,-5.987994194030762
5095,2.1048853397369385,-7.090633392333984
5096,2.6939308643341064,-6.627434253692627
5097,3.019306182861328,-6.496660232543945
5098,2.3489580154418945,-7.195126533508301
5099,2.659884452819824,-7.42532205581665
5100,2.661362648010254,-6.4740824699401855
5101,2.871986150741577,-6.657202243804932
5102,2.653313159942627,-6.4658074378967285
5103,2.77022123336792,-7.662900924682617
5104,2.5870823860168457,-6.980982780456543
5105,2.5599207878112793,-6.928963661193848
5106,2.4565200805664062,-6.867784023284912
5107,2.2918200492858887,-6.9770026206970215
5108,2.5297341346740723,-6.595917224884033
5109,2.277810573577881,-6.203035831451416
5110,2.385226249694824,-6.516102313995361
5111,2.5388543605804443,-6.513466835021973
5112,2.8451223373413086,-6.343277454376221
5113,2.2892887592315674,-6.5526123046875
5114,2.372969627380371,-6.371640682220459
5115,2.371769905090332,-7.342294692993164
5116,2.4257919788360596,-6.944526195526123
5117,2.3871257305145264,-6.928973197937012
5118,2.574410915374756,-6.197757720947266
5119,2.7444779872894287,-6.3116021156311035
5120,2.623650074005127,-6.710411548614502
5121,2.6729016304016113,-6.7017340660095215
5122,2.5333034992218018,-6.457981109619141
5123,2.7110142707824707,-7.1292548179626465
5124,2.7518081665039062,-7.742308139801025
5125,2.4593582153320312,-7.0732011795043945
5126,2.5960888862609863,-5.115739345550537
5127,2.5170559883117676,-6.920120716094971
5128,2.2377824783325195,-6.829310417175293
5129,2.7315802574157715,-7.137472152709961
5130,2.754688024520874,-6.145997524261475
5131,2.433504581451416,-7.117808818817139
5132,2.4317469596862793,-6.385042190551758
5133,2.219029426574707,-7.115511894226074
5134,2.5701518058776855,-6.577014923095703
5135,2.600285530090332,-6.217538356781006
5136,2.5174245834350586,-7.0544328689575195
5137,2.587125778198242,-6.714191436767578
5138,2.608957529067993,-6.006875514984131
5139,2.254307270050049,-7.716648578643799
5140,2.5376768112182617,-6.429803848266602
5141,2.487619638442993,-6.85955810546875
5142,2.7271807193756104,-6.301201343536377
5143,2.5624160766601562,-6.96242618560791
5144,2.419752836227417,-7.336116313934326
5145,2.2398786544799805,-7.2807536125183105
5146,2.682750701904297,-7.3417067527771
5147,2.45177960395813,-5.739399433135986
5148,2.2988779544830322,-6.262915134429932
5149,2.3854103088378906,-7.645627975463867
5150,2.4916458129882812,-7.323291778564453
5151,2.317905902862549,-7.732170581817627
5152,2.727825403213501,-6.780659198760986
5153,2.290675401687622,-6.763803482055664
5154,2.7931580543518066,-7.546363353729248
5155,2.4872777462005615,-5.975519180297852
5156,2.5305418968200684,-6.739218711853027
5157,2.217113494873047,-7.727964878082275
5158,2.5648372173309326,-6.635946273803711
5159,2.3334388732910156,-6.46574592590332
5160,2.5262820720672607,-7.0921950340271
5161,2.7030296325683594,-6.890515327453613
5162,2.5063109397888184,-7.11012077331543
5163,2.747234344482422,-6.937375545501709
5164,2.638535976409912,-6.559282302856445
5165,2.5456371307373047,-6.462274074554443
5166,2.251563549041748,-5.977526664733887
5167,2.385857582092285,-6.4225382804870605
5168,2.4792449474334717,-6.716066837310791
5169,2.6497931480407715,-6.416040420532227
5170,2.7236194610595703,-7.330308437347412
5171,2.463047504425049,-5.965051174163818
5172,2.519129991531372,-5.933810234069824
5173,2.3824498653411865,-6.730669021606445
5174,2.361382484436035,-5.964508056640625
5175,2.278144359588623,-6.490463733673096
5176,2.719122886657715,-6.3643798828125
5177,2.5928640365600586,-7.449193000793457
5178,2.438567638397217,-7.034011363983154
5179,2.652242660522461,-5.466243267059326
5180,2.8573765754699707,-6.927677154541016
5181,2.6870622634887695,-5.91192626953125
5182,2.3605008125305176,-6.8208327293396
5183,2.6548941135406494,-7.18726921081543
5184,2.5331268310546875,-6.693271636962891
5185,2.692512035369873,-6.685014724731445
5186,2.18644380569458,-6.98739767074585
5187,2.722850799560547,-7.707319259643555
5188,2.299565315246582,-6.203470230102539
5189,2.7924439907073975,-5.257933139801025
5190,2.431313991546631,-5.926763534545898
5191,2.666473865509033,-7.292935371398926
5192,2.8586511611938477,-6.067953586578369
5193,2.3947601318359375,-6.981668472290039
5194,2.648766040802002,-6.896652698516846
5195,2.330554485321045,-6.603580474853516
5196,2.3488502502441406,-6.754539966583252
5197,2.4866631031036377,-6.9065165519714355
5198,2.512263298034668,-5.201636791229248
5199,2.2334132194519043,-6.693078994750977
5200,2.3575010299682617,-7.021223068237305
5201,2.3168270587921143,-7.174970626831055
5202,2.4878222942352295,-6.756240367889404
5203,2.281120777130127,-5.964900016784668
5204,2.230851173400879,-5.266185760498047
5205,2.471616268157959,-7.498801231384277
5206,2.552814483642578,-7.437129020690918
5207,2.5882036685943604,-5.229612827301025
5208,2.5070981979370117,-6.572259426116943
5209,2.3490447998046875,-6.930639743804932
5210,2.531791925430298,-5.908264636993408
5211,2.3385467529296875,-7.865240573883057
5212,2.8041887283325195,-5.601508617401123
5213,2.3942384719848633,-5.7955803871154785
5214,2.127748966217041,-6.675933837890625
5215,2.826803684234619,-6.614702224731445
5216,2.9967525005340576,-5.616230487823486
5217,2.4433844089508057,-6.979934215545654
5218,2.454589605331421,-5.999494552612305
5219,2.4303135871887207,-6.482931613922119
5220,2.3573074340820312,-6.403154373168945
5221,2.7466063499450684,-7.39150857925415
5222,2.595453977584839,-5.585358142852783
5223,2.5729472637176514,-6.710460662841797
5224,2.418267250061035,-5.928531646728516
5225,2.44818377494812,-6.110892295837402
5226,2.558380603790283,-6.428339004516602
5227,2.6259117126464844,-6.8114824295043945
5228,2.3542840480804443,-5.772404670715332
5229,2.871079444885254,-5.989034652709961
5230,2.246514320373535,-6.3060173988342285
5231,2.417325019836426,-6.643128871917725
5232,2.583125591278076,-7.650674819946289
5233,2.402419090270996,-5.42869758605957
5234,2.597323417663574,-6.536313056945801
5235,2.718611717224121,-5.886044502258301
5236,2.432478904724121,-7.4410080909729
5237,2.717031478881836,-7.121783256530762
5238,2.9393439292907715,-6.8717451095581055
5239,2.413757801055908,-6.608788967132568
5240,2.7431411743164062,-6.209601402282715
5241,2.449331045150757,-6.545717716217041
5242,2.6122183799743652,-6.633171558380127
5243,2.4951682090759277,-6.0651044845581055
5244,2.329897403717041,-4.811078071594238
5245,2.7015724182128906,-6.441151142120361
5246,2.3035130500793457,-6.632980823516846
5247,2.364593505859375,-7.424149036407471
5248,2.966871738433838,-6.336366176605225
5249,2.4204764366149902,-6.640539646148682
5250,3.303131580352783,-7.2643818855285645
5251,2.362569570541382,-5.941807270050049
5252,2.307342052459717,-6.784415245056152
5253,2.5566632747650146,-5.385317325592041
5254,2.873584270477295,-6.562988758087158
5255,2.615875720977783,-6.872308254241943
5256,2.507077217102051,-6.098394393920898
5257,2.7069215774536133,-6.32120418548584
5258,2.4155821800231934,-5.970691680908203
5259,2.53812837600708,-7.399878978729248
5260,2.6831741333007812,-7.689640998840332
5261,2.5085792541503906,-6.561656475067139
5262,2.4928903579711914,-6.120091438293457
5263,2.540167808532715,-7.523258209228516
5264,2.373723030090332,-7.0944318771362305
5265,2.633457899093628,-6.589325428009033
5266,2.681159019470215,-6.841301441192627
5267,2.1885766983032227,-6.341469764709473
5268,2.6002984046936035,-6.743752956390381
5269,2.7631752490997314,-5.850079536437988
5270,2.4236230850219727,-7.177172660827637
5271,2.6128153800964355,-7.162375450134277
5272,2.6185879707336426,-5.839414596557617
5273,2.3904528617858887,-6.036056995391846
5274,2.438112735748291,-6.3922600746154785
5275,2.8255839347839355,-7.378993988037109
5276,2.6255874633789062,-6.333410739898682
5277,2.4852304458618164,-6.532299041748047
5278,2.6503207683563232,-7.4505696296691895
5279,2.8252012729644775,-5.87795877456665
5280,2.587618827819824,-6.4321608543396
5281,2.8060836791992188,-6.425784111022949
5282,2.940979480743408,-6.796177864074707
5283,2.3933815956115723,-7.608615875244141
5284,2.4770631790161133,-6.809149265289307
5285,3.0559520721435547,-5.544241428375244
5286,2.5396690368652344,-7.2956695556640625
5287,2.775775671005249,-7.156684398651123
5288,2.6110622882843018,-6.660114765167236
5289,2.602339744567871,-6.079583644866943
5290,3.3227508068084717,-6.936169624328613
5291,2.6498889923095703,-5.458099842071533
5292,2.63411808013916,-5.935744762420654
5293,3.03926420211792,-6.603464126586914
5294,2.6137008666992188,-6.262455940246582
5295,2.9342668056488037,-5.959930896759033
5296,2.7345190048217773,-7.745749473571777
5297,2.379434585571289,-6.742883205413818
5298,2.772792339324951,-6.2948384284973145
5299,2.5830249786376953,-6.174739837646484
5300,2.369490623474121,-6.365823745727539
5301,2.636946201324463,-6.835464954376221
5302,2.272717237472534,-7.185365676879883
5303,2.5810325145721436,-5.369766712188721
5304,2.9247829914093018,-6.5027570724487305
5305,2.3715572357177734,-6.760781288146973
5306,2.395507335662842,-6.292234897613525
5307,2.491544246673584,-6.330277919769287
5308,2.499687671661377,-7.234893321990967
5309,2.448106050491333,-5.570678234100342
5310,2.3985402584075928,-6.826355457305908
5311,2.6573166847229004,-7.309597969055176
5312,2.386566638946533,-6.263277053833008
5313,2.699856758117676,-7.207788467407227
5314,2.505028009414673,-6.3338847160339355
5315,2.58984375,-6.420726776123047
5316,2.9173059463500977,-5.507452964782715
5317,2.8588614463806152,-6.635909557342529
5318,2.633371353149414,-5.909330368041992
5319,2.497504472732544,-6.598358631134033
5320,2.430912494659424,-6.022708892822266
5321,2.8563764095306396,-6.961798667907715
5322,2.6198043823242188,-6.008199691772461
5323,2.4520864486694336,-5.999847888946533
5324,2.5665969848632812,-6.350639820098877
5325,2.440103054046631,-5.855825901031494
5326,2.4561767578125,-6.289087295532227
5327,2.7137317657470703,-6.139877796173096
5328,2.4915528297424316,-6.891414642333984
5329,2.329338312149048,-6.917717933654785
5330,2.7172317504882812,-6.505720138549805
5331,2.469534397125244,-6.875377178192139
5332,2.3409695625305176,-6.226377487182617
5333,2.800291061401367,-6.748188495635986
5334,2.6795389652252197,-7.317504405975342
5335,2.4827980995178223,-6.3302226066589355
5336,2.7536187171936035,-6.386594772338867
5337,2.4663729667663574,-7.122997283935547
5338,2.4439496994018555,-6.3323259353637695
5339,2.640275001525879,-6.411868095397949
5340,2.5983710289001465,-5.775649547576904
5341,2.288743495941162,-6.208962917327881
5342,2.910057544708252,-6.845792293548584
5343,2.4190664291381836,-7.378139019012451
5344,2.4081954956054688,-6.7004289627075195
5345,2.4170608520507812,-4.923488140106201
5346,2.5597259998321533,-6.3002238273620605
5347,2.5412697792053223,-5.207281589508057
5348,2.730616569519043,-6.675510406494141
5349,2.377803325653076,-6.770117282867432
5350,2.2246780395507812,-5.318607807159424
5351,2.8142833709716797,-6.816532611846924
5352,2.543008327484131,-6.556730270385742
5353,2.4640145301818848,-5.635128974914551
5354,2.6808090209960938,-6.018624782562256
5355,2.698303461074829,-5.90669059753418
5356,2.2820401191711426,-6.445986270904541
5357,2.5037841796875,-6.3910346031188965
5358,2.446035385131836,-6.566312313079834
5359,2.197540760040283,-5.906378269195557
5360,2.5309901237487793,-6.133337020874023
5361,2.4119629859924316,-7.1002278327941895
5362,2.391852855682373,-7.754827499389648
5363,2.6043405532836914,-6.5875043869018555
5364,2.4866342544555664,-6.131577014923096
5365,2.6495444774627686,-7.369256019592285
5366,2.8192548751831055,-6.307781219482422
5367,2.6535372734069824,-6.586099624633789
5368,2.566873073577881,-6.758735179901123
5369,2.8572909832000732,-5.537695407867432
5370,2.875185489654541,-6.4586615562438965
5371,2.7250561714172363,-6.703397274017334
5372,2.9271817207336426,-7.3398518562316895
5373,2.42148756980896,-5.836906909942627
5374,2.4588727951049805,-7.240988731384277
5375,2.7556405067443848,-7.045982837677002
5376,2.853714942932129,-7.3335747718811035
5377,2.290012836456299,-7.990271091461182
5378,2.612678289413452,-6.828303337097168
5379,2.3849334716796875,-7.248371124267578
5380,2.3638415336608887,-5.566105365753174
5381,2.6564695835113525,-5.512275218963623
5382,2.491431474685669,-6.328670501708984
5383,2.595109462738037,-6.778693675994873
5384,2.6110310554504395,-6.063525199890137
5385,2.5920982360839844,-5.890932083129883
5386,2.388604164123535,-6.323279857635498
5387,2.6398918628692627,-5.856083869934082
5388,2.5114340782165527,-5.866743564605713
5389,2.5209197998046875,-6.708121299743652
5390,2.5376076698303223,-6.691345691680908
5391,2.4935383796691895,-7.276329517364502
5392,2.569427728652954,-6.909520149230957
5393,2.557386875152588,-6.357338905334473
5394,2.5149176120758057,-5.827904224395752
5395,2.577465057373047,-5.85665225982666
5396,2.274047613143921,-5.702013969421387
5397,2.574820041656494,-6.815156936645508
5398,2.9801294803619385,-5.830087661743164
5399,2.316899299621582,-5.922031402587891
5400,2.5036849975585938,-6.160688400268555
5401,2.3178884983062744,-6.174588203430176
5402,2.394300699234009,-6.0110273361206055
5403,2.531498908996582,-7.008965969085693
5404,2.3705716133117676,-7.130755424499512
5405,2.558526039123535,-6.270361423492432
5406,2.478210926055908,-7.579333305358887
5407,2.585129499435425,-5.3991594314575195
5408,2.300067186355591,-6.442385196685791
5409,2.532595157623291,-6.6558122634887695
5410,2.523202896118164,-5.286762237548828
5411,2.315030574798584,-6.38410758972168
5412,2.612504243850708,-6.675229072570801
5413,2.6426968574523926,-6.0694403648376465
5414,2.6458022594451904,-6.090102672576904
5415,2.452327251434326,-6.178539276123047
5416,2.394338607788086,-6.357053756713867
5417,2.390500545501709,-6.127686977386475
5418,2.2591190338134766,-7.426007270812988
5419,2.7850685119628906,-5.79147481918335
5420,2.601154327392578,-6.788821220397949
5421,2.4337639808654785,-6.589838027954102
5422,2.5191152095794678,-7.1728668212890625
5423,2.6161162853240967,-6.806602954864502
5424,2.572784423828125,-7.332252025604248
5425,2.212590217590332,-6.59744119644165
5426,2.2169041633605957,-6.4245100021362305
5427,2.488844633102417,-6.588929653167725
5428,2.343628168106079,-7.25485372543335
5429,2.5671157836914062,-7.285516262054443
5430,2.41206955909729,-5.982316970825195
5431,2.5289344787597656,-6.337909698486328
5432,2.6315159797668457,-6.050674915313721
5433,2.6840004920959473,-6.624046802520752
5434,2.581882953643799,-5.937017917633057
5435,2.1207361221313477,-6.2277445793151855
5436,3.038395404815674,-6.576315879821777
5437,2.6201162338256836,-5.451614856719971
5438,2.5122385025024414,-6.103848934173584
5439,2.5917396545410156,-6.637077808380127
5440,2.5107855796813965,-7.092772960662842
5441,2.530439853668213,-6.370020866394043
5442,2.2739486694335938,-6.192916393280029
5443,2.4633097648620605,-6.959820747375488
5444,2.1082491874694824,-5.926955699920654
5445,2.579425096511841,-5.827718734741211
5446,2.347402572631836,-7.275310039520264
5447,2.361921787261963,-7.107532978057861
5448,2.7531492710113525,-5.681751251220703
5449,2.4211649894714355,-8.140015602111816
5450,2.2904648780822754,-6.57649040222168
5451,3.02435302734375,-6.278719902038574
5452,2.6253600120544434,-6.350673675537109
5453,2.604665994644165,-5.816950798034668
5454,2.909109115600586,-5.369909763336182
5455,2.7173213958740234,-6.725927352905273
5456,2.167661666870117,-7.457340717315674
5457,2.8430142402648926,-6.780877590179443
5458,2.638481378555298,-6.626096248626709
5459,2.452899694442749,-5.9608893394470215
5460,2.317544937133789,-6.096795558929443
5461,2.748138904571533,-5.6373162269592285
5462,2.816555976867676,-5.587273120880127
5463,2.6352524757385254,-6.372124195098877
5464,2.771202564239502,-6.362559795379639
5465,2.6513566970825195,-7.311447620391846
5466,2.3693535327911377,-6.807782173156738
5467,2.2967491149902344,-6.356305122375488
5468,2.3027524948120117,-6.04581356048584
5469,2.699681520462036,-6.540721416473389
5470,2.23470139503479,-6.911014556884766
5471,2.49697208404541,-6.677976608276367
5472,2.425722599029541,-5.977680206298828
5473,2.525407552719116,-6.565343856811523
5474,2.411895751953125,-6.324264049530029
5475,2.5012762546539307,-6.642242908477783
5476,2.6812806129455566,-5.920783519744873
5477,2.2937231063842773,-6.404879093170166
5478,2.2676777839660645,-6.083179950714111
5479,2.6568603515625,-6.5492048263549805
5480,2.7170000076293945,-6.421181678771973
5481,2.4868969917297363,-6.606266975402832
5482,2.4633593559265137,-6.353759765625
5483,2.565486192703247,-6.102154731750488
5484,2.3369529247283936,-6.788466930389404
5485,2.930222511291504,-6.1379241943359375
5486,2.489945888519287,-5.9593586921691895
5487,2.491816997528076,-6.076459884643555
5488,2.493546962738037,-5.976657867431641
5489,2.6839210987091064,-7.084457874298096
5490,2.798647880554199,-6.917474746704102
5491,2.5921733379364014,-6.387388706207275
5492,2.596303939819336,-6.665383338928223
5493,2.4733424186706543,-5.992311477661133
5494,2.448072910308838,-6.447948455810547
5495,2.4304580688476562,-5.655107021331787
5496,2.3822498321533203,-6.263136386871338
5497,2.68820858001709,-6.237030506134033
5498,2.4617161750793457,-7.644718170166016
5499,2.638896942138672,-5.946376323699951
5500,2.478240966796875,-6.303579330444336
5501,2.522280693054199,-4.949323654174805
5502,2.6210122108459473,-6.522412300109863
5503,2.313555955886841,-5.884050369262695
5504,2.5377492904663086,-5.375741004943848
5505,2.3105406761169434,-7.260066509246826
5506,2.178229808807373,-6.040638446807861
5507,2.1142091751098633,-6.425695896148682
5508,2.6309914588928223,-6.263329029083252
5509,2.6384105682373047,-5.835932731628418
5510,2.3278932571411133,-6.4781413078308105
5511,2.3629770278930664,-6.739107608795166
5512,2.1657555103302,-5.735065937042236
5513,2.4691226482391357,-6.445609092712402
5514,2.1677908897399902,-6.102161884307861
5515,2.312295913696289,-6.507364273071289
5516,2.5747580528259277,-5.999542236328125
5517,2.59773850440979,-6.689259052276611
5518,2.3111820220947266,-7.136047840118408
5519,2.393444538116455,-5.9330034255981445
5520,2.1695871353149414,-6.934849262237549
5521,2.322275400161743,-5.906316757202148
5522,2.8663177490234375,-6.494258880615234
5523,2.188884735107422,-6.611437797546387
5524,2.086487293243408,-6.445655345916748
5525,2.354027271270752,-6.373025894165039
5526,2.569868564605713,-5.575149059295654
5527,2.4275174140930176,-6.44400691986084
5528,2.8967928886413574,-6.636502742767334
5529,2.44520902633667,-6.479605197906494
5530,2.371140956878662,-5.758873462677002
5531,2.7895069122314453,-5.7616705894470215
5532,2.717299461364746,-6.13607931137085
5533,2.795980453491211,-5.755285263061523
5534,2.7192158699035645,-5.931210994720459
5535,2.648345947265625,-5.95213508605957
5536,2.3313374519348145,-6.586532115936279
5537,2.8486790657043457,-7.730900764465332
5538,2.711836338043213,-6.338298797607422
5539,2.362844467163086,-5.827702522277832
5540,2.6324548721313477,-5.971114635467529
5541,2.633246898651123,-6.08927059173584
5542,2.7231545448303223,-5.7781147956848145
5543,2.5359866619110107,-6.650876998901367
5544,2.5872011184692383,-7.076629638671875
5545,2.6032190322875977,-6.302280902862549
5546,2.350414276123047,-6.4700541496276855
5547,2.672792911529541,-6.323216438293457
5548,2.5561742782592773,-5.669582366943359
5549,2.271644115447998,-6.274352550506592
5550,2.7068493366241455,-5.579898834228516
5551,2.6660025119781494,-5.693577766418457
5552,2.5880038738250732,-6.759889125823975
5553,2.513599395751953,-6.559488296508789
5554,2.743795871734619,-6.13223123550415
5555,2.3076424598693848,-5.714136123657227
5556,2.5690646171569824,-6.748691558837891
5557,2.3442559242248535,-6.714048385620117
5558,2.527395725250244,-5.939810276031494
5559,2.635286331176758,-6.160749435424805
5560,2.6143877506256104,-6.861849308013916
5561,2.555285930633545,-5.329594612121582
5562,2.5757670402526855,-6.081151008605957
5563,2.2381958961486816,-6.503557205200195
5564,2.74546217918396,-6.359154224395752
5565,2.3372201919555664,-6.110187530517578
5566,2.5600392818450928,-5.592532157897949
5567,2.746816635131836,-6.477684497833252
5568,2.5105581283569336,-7.638162136077881
5569,2.209505558013916,-6.837503433227539
5570,2.2552149295806885,-6.820483207702637
5571,2.390974760055542,-7.646693706512451
5572,2.1142067909240723,-5.777952671051025
5573,2.92385196685791,-6.4719624519348145
5574,2.465179920196533,-5.886617660522461
5575,2.6569759845733643,-6.303460597991943
5576,2.1457509994506836,-5.701500415802002
5577,2.4155731201171875,-6.299299240112305
5578,2.842499017715454,-6.404716968536377
5579,2.4672646522521973,-6.363779067993164
5580,2.6050548553466797,-5.979976177215576
5581,2.2194886207580566,-5.2167067527771
5582,2.80855131149292,-6.445214748382568
5583,2.3863706588745117,-7.340778827667236
5584,2.3548200130462646,-6.1524271965026855
5585,2.592905282974243,-6.118095874786377
5586,2.1912240982055664,-5.432200908660889
5587,2.459533214569092,-6.803717613220215
5588,2.359498977661133,-5.5897746086120605
5589,2.4859700202941895,-6.190962314605713
5590,2.628222942352295,-6.019063949584961
5591,2.442887306213379,-5.460987567901611
5592,2.674975633621216,-6.811447620391846
5593,2.6503846645355225,-5.978591442108154
5594,2.514653205871582,-6.288484573364258
5595,2.9211394786834717,-5.638721942901611
5596,2.4372661113739014,-5.611204147338867
5597,2.1827211380004883,-5.917956352233887
5598,2.4109840393066406,-6.481400012969971
5599,2.4510014057159424,-7.08842658996582
5600,2.5709891319274902,-5.42336893081665
5601,2.6284642219543457,-6.045315742492676
5602,2.5586769580841064,-6.993814468383789
5603,2.4857635498046875,-6.541507720947266
5604,2.2814693450927734,-7.867498397827148
5605,2.328834056854248,-7.119207382202148
5606,2.293163776397705,-5.747209548950195
5607,2.2079758644104004,-6.585420608520508
5608,2.728483200073242,-6.899852275848389
5609,2.6244921684265137,-6.4164814949035645
5610,2.4642317295074463,-6.230388641357422
5611,2.5143260955810547,-6.854570388793945
5612,2.737192392349243,-4.514703273773193
5613,2.5498499870300293,-6.576204776763916
5614,2.503208637237549,-6.440054416656494
5615,2.3716678619384766,-6.376962661743164
5616,2.452315330505371,-6.52690315246582
5617,2.6486520767211914,-5.985363006591797
5618,2.605844259262085,-4.845956325531006
5619,2.5303235054016113,-5.898110389709473
5620,2.4894027709960938,-6.398733615875244
5621,2.5330326557159424,-6.0659894943237305
5622,2.843503475189209,-4.878684043884277
5623,2.8296031951904297,-6.10283088684082
5624,2.170475959777832,-5.837441444396973
5625,2.4670703411102295,-6.651342391967773
5626,2.274235248565674,-6.079864501953125
5627,2.480814218521118,-5.4752912521362305
5628,2.5210635662078857,-5.282773971557617
5629,2.4590773582458496,-5.594635009765625
5630,3.068361759185791,-6.231382369995117
5631,2.9513070583343506,-6.117783069610596
5632,2.6165530681610107,-5.055841445922852
5633,2.58787202835083,-6.8725385665893555
5634,2.5637001991271973,-6.03582763671875
5635,2.4414803981781006,-6.668451309204102
5636,2.4985876083374023,-6.213496685028076
5637,2.5723695755004883,-6.361917495727539
5638,2.4204816818237305,-6.351001739501953
5639,2.285501003265381,-6.418085098266602
5640,2.391866683959961,-5.816874980926514
5641,2.5941202640533447,-6.370098114013672
5642,2.4631237983703613,-7.280475616455078
5643,2.627702236175537,-6.231874465942383
5644,2.813462495803833,-5.706290245056152
5645,2.2837777137756348,-5.9764204025268555
5646,2.5556910037994385,-5.033968448638916
5647,2.2495956420898438,-6.182458400726318
5648,2.6284234523773193,-6.120487213134766
5649,2.390562057495117,-5.586093902587891
5650,2.396048069000244,-7.256848335266113
5651,2.3884119987487793,-5.897086143493652
5652,2.6982522010803223,-6.261328220367432
5653,2.565725088119507,-6.202721118927002
5654,2.3923964500427246,-5.3725175857543945
5655,2.7406129837036133,-6.012274742126465
5656,2.545241355895996,-6.288872241973877
5657,2.4853572845458984,-5.81120491027832
5658,2.4674646854400635,-6.275698184967041
5659,2.443819284439087,-7.385745048522949
5660,2.436326026916504,-6.831523895263672
5661,2.344762086868286,-6.244699001312256
5662,2.4696481227874756,-6.726017475128174
5663,2.9105191230773926,-6.2217817306518555
5664,2.5416626930236816,-5.684929847717285
5665,2.576002836227417,-6.42524528503418
5666,2.6014695167541504,-6.247358798980713
5667,2.5746641159057617,-5.662194728851318
5668,2.597202777862549,-5.918294906616211
5669,2.6573870182037354,-5.240781307220459
5670,2.454200267791748,-6.019007682800293
5671,2.5283827781677246,-7.217024326324463
5672,2.5993893146514893,-5.685660362243652
5673,2.7348196506500244,-6.139418125152588
5674,2.421062469482422,-6.409427642822266
5675,2.1450772285461426,-6.5608038902282715
5676,2.612968921661377,-6.5966339111328125
5677,2.563664674758911,-5.783737659454346
5678,2.543682336807251,-6.365923881530762
5679,2.328713893890381,-5.708544731140137
5680,2.3395423889160156,-6.008418083190918
5681,2.8839869499206543,-6.1578593254089355
5682,2.7421493530273438,-6.205820083618164
5683,2.463099479675293,-5.5875043869018555
5684,2.4909887313842773,-5.465391635894775
5685,2.3647594451904297,-6.419215679168701
5686,2.2210376262664795,-6.7991766929626465
5687,2.4085445404052734,-6.613278865814209
5688,2.598989963531494,-5.48373556137085
5689,2.760969638824463,-5.860085487365723
5690,2.5119118690490723,-6.289124965667725
5691,2.3118438720703125,-6.187260627746582
5692,2.2361040115356445,-5.976862907409668
5693,2.6326794624328613,-6.9017252922058105
5694,2.2785403728485107,-5.928716659545898
5695,2.791585683822632,-5.115573883056641
5696,2.705937147140503,-5.458978652954102
5697,2.7819294929504395,-5.518227577209473
5698,2.491255283355713,-5.886725902557373
5699,2.617905855178833,-6.1885151863098145
5700,2.8256242275238037,-5.4276862144470215
5701,2.733140468597412,-6.730131149291992
5702,2.4470198154449463,-5.959355354309082
5703,2.8556900024414062,-6.503284454345703
5704,2.5492560863494873,-7.294533729553223
5705,2.478384017944336,-6.01588249206543
5706,2.2925033569335938,-6.780170917510986
5707,2.3779306411743164,-6.18563985824585
5708,2.2307443618774414,-5.977874755859375
5709,2.6257832050323486,-5.212834358215332
5710,2.5191221237182617,-6.073455810546875
5711,2.633064031600952,-6.29233455657959
5712,2.4895272254943848,-5.532802581787109
5713,2.5941991806030273,-7.102506637573242
5714,2.328619956970215,-5.337230205535889
5715,2.2406516075134277,-5.339810848236084
5716,2.9768643379211426,-6.036883354187012
5717,2.7801802158355713,-6.099121570587158
5718,2.70064115524292,-6.363760948181152
5719,2.704713821411133,-5.457040786743164
5720,2.5049896240234375,-5.555742263793945
5721,2.5605263710021973,-5.667164325714111
5722,2.5055243968963623,-6.779664516448975
5723,2.6063151359558105,-5.770382881164551
5724,2.6503524780273438,-6.324228286743164
5725,2.6420645713806152,-6.246488094329834
5726,2.631014823913574,-6.043406963348389
5727,2.448452949523926,-6.432265758514404
5728,2.610713005065918,-5.001077175140381
5729,2.569352626800537,-5.076925277709961
5730,2.611785650253296,-5.731854438781738
5731,2.6311287879943848,-5.589299201965332
5732,1.9757578372955322,-6.1656599044799805
5733,2.320945978164673,-6.919347763061523
5734,2.357865333557129,-7.350801944732666
5735,2.596221446990967,-6.174244403839111
5736,2.5958738327026367,-5.6782331466674805
5737,2.4191670417785645,-6.789893627166748
5738,2.39166259765625,-6.6021833419799805
5739,2.373447895050049,-7.491916656494141
5740,2.4048538208007812,-6.840409755706787
5741,2.7192893028259277,-6.772741794586182
5742,2.3830726146698,-6.63067626953125
5743,2.561967611312866,-6.5468597412109375
5744,2.478822946548462,-5.7607011795043945
5745,2.6784896850585938,-6.013207912445068
5746,2.6206717491149902,-6.084264755249023
5747,2.4663243293762207,-6.223351955413818
5748,2.6357603073120117,-6.014735698699951
5749,2.61181640625,-5.043692111968994
5750,2.534846782684326,-6.149785995483398
5751,2.692302703857422,-7.091432094573975
5752,2.3097901344299316,-5.62710428237915
5753,3.1355693340301514,-5.342516899108887
5754,2.3586199283599854,-6.14825439453125
5755,2.598994255065918,-5.611971378326416
5756,2.3312878608703613,-6.086543083190918
5757,2.3431856632232666,-5.440678119659424
5758,2.7589967250823975,-5.9152679443359375
5759,2.4551913738250732,-4.940281867980957
5760,2.12845516204834,-5.713810443878174
5761,2.80216646194458,-6.3184027671813965
5762,2.5682992935180664,-5.3302483558654785
5763,2.40177583694458,-5.888742446899414
5764,2.686722755432129,-6.1768269538879395
5765,2.5980679988861084,-5.335784912109375
5766,2.4373769760131836,-6.595180511474609
5767,2.3620753288269043,-5.233792781829834
5768,2.653613567352295,-6.177563667297363
5769,2.782832622528076,-5.987966537475586
5770,2.5586509704589844,-6.515292167663574
5771,2.415376663208008,-6.453628063201904
5772,2.795327663421631,-6.49908447265625
5773,2.6364779472351074,-5.99720573425293
5774,2.4522705078125,-7.1735734939575195
5775,2.2634010314941406,-5.654184341430664
5776,2.5334224700927734,-6.727512836456299
5777,2.31402587890625,-6.500929355621338
5778,2.618849277496338,-5.94957160949707
5779,2.5037267208099365,-6.6359381675720215
5780,2.624486207962036,-5.205608367919922
5781,2.482292890548706,-5.007469654083252
5782,2.612846851348877,-5.399745464324951
5783,2.6926052570343018,-6.42250919342041
5784,2.569293975830078,-5.571494102478027
5785,2.279231548309326,-5.9284467697143555
5786,2.8551504611968994,-4.740477085113525
5787,2.556013584136963,-6.189952373504639
5788,2.7610549926757812,-5.819287300109863
5789,2.6948981285095215,-5.315954685211182
5790,2.7085776329040527,-5.836718559265137
5791,2.6959228515625,-5.715421676635742
5792,2.434133768081665,-5.228830337524414
5793,2.629352569580078,-6.376187801361084
5794,2.455582618713379,-6.183599948883057
5795,2.7443177700042725,-6.420745372772217
5796,2.264850616455078,-5.581110000610352
5797,2.654959201812744,-5.328004360198975
5798,2.600630283355713,-5.0310845375061035
5799,2.4046120643615723,-7.05635929107666
5800,2.36667799949646,-5.770941734313965
5801,2.69183349609375,-5.865228176116943
5802,2.4469151496887207,-6.173370838165283
5803,2.2722086906433105,-5.959227085113525
5804,2.530632734298706,-5.4267377853393555
5805,2.511651039123535,-6.390030384063721
5806,2.567115306854248,-6.4791388511657715
5807,2.6136388778686523,-5.7614874839782715
5808,2.3320319652557373,-6.122434139251709
5809,2.200958251953125,-4.691192626953125
5810,2.615842819213867,-5.783766269683838
5811,2.5753724575042725,-5.707343101501465
5812,2.454864978790283,-5.595958232879639
5813,2.4799492359161377,-5.029957294464111
5814,2.486739158630371,-5.788038730621338
5815,2.756324052810669,-6.7973856925964355
5816,2.7005183696746826,-6.390873432159424
5817,2.4625117778778076,-6.6070780754089355
5818,2.823040008544922,-5.9786763191223145
5819,2.420466899871826,-5.732761383056641
5820,2.500577688217163,-6.392557144165039
5821,2.6345632076263428,-5.726762771606445
5822,2.5511348247528076,-5.647391319274902
5823,2.427845001220703,-6.669853687286377
5824,2.8327460289001465,-5.367158889770508
5825,2.4672493934631348,-6.451451301574707
5826,2.24735164642334,-6.80515193939209
5827,2.431309938430786,-5.1161394119262695
5828,2.7029623985290527,-5.831909656524658
5829,2.470766067504883,-6.058534622192383
5830,2.4516758918762207,-5.920487880706787
5831,2.289515733718872,-6.8712286949157715
5832,2.788689136505127,-5.152727127075195
5833,2.487959623336792,-4.988808631896973
5834,2.6547791957855225,-4.939364433288574
5835,2.9874353408813477,-5.940920352935791
5836,2.3177905082702637,-5.7931671142578125
5837,2.5526885986328125,-6.081489086151123
5838,2.777947187423706,-6.312922477722168
5839,2.605431079864502,-5.701360702514648
5840,2.510049819946289,-5.789228439331055
5841,2.6893653869628906,-6.383248805999756
5842,2.665442943572998,-5.836477756500244
5843,3.0643789768218994,-5.860001087188721
5844,2.443068027496338,-6.198110580444336
5845,2.3393771648406982,-6.150918483734131
5846,2.972580671310425,-6.560464382171631
5847,2.5592222213745117,-5.958071708679199
5848,2.747846841812134,-5.174718856811523
5849,2.461513042449951,-5.721348285675049
5850,2.5487852096557617,-6.759543418884277
5851,2.6121950149536133,-5.585514068603516
5852,2.4127790927886963,-5.699404716491699
5853,2.4360899925231934,-5.416193962097168
5854,2.258664131164551,-4.567596912384033
5855,2.474001884460449,-6.100024223327637
5856,2.6251559257507324,-5.650191783905029
5857,2.1704037189483643,-6.4109392166137695
5858,2.585662364959717,-5.624835968017578
5859,2.547222137451172,-5.514238357543945
5860,2.426443099975586,-4.835628986358643
5861,2.5610225200653076,-4.857257843017578
5862,2.729180335998535,-5.0378193855285645
5863,2.7383532524108887,-5.448519229888916
5864,2.818345069885254,-5.631516933441162
5865,2.735081911087036,-5.33945369720459
5866,2.5859761238098145,-5.654621601104736
5867,2.448892593383789,-6.376242160797119
5868,2.461148500442505,-6.238344192504883
5869,2.8230221271514893,-6.274509906768799
5870,2.634997844696045,-5.4380598068237305
5871,2.582000732421875,-4.850310325622559
5872,2.436344861984253,-6.421369552612305
5873,2.4774394035339355,-5.968035697937012
5874,2.5595502853393555,-5.892077445983887
5875,2.796980381011963,-4.781208038330078
5876,2.4094324111938477,-5.129538536071777
5877,2.392982006072998,-6.074059963226318
5878,2.4706809520721436,-5.2964582443237305
5879,2.4432411193847656,-6.612555980682373
5880,2.7159318923950195,-5.3797221183776855
5881,2.5001628398895264,-4.579437255859375
5882,2.496586799621582,-6.196618556976318
5883,2.3359453678131104,-5.995453357696533
5884,2.376335620880127,-7.297578811645508
5885,2.6157021522521973,-6.908564567565918
5886,2.194316864013672,-6.5915937423706055
5887,2.614962577819824,-6.548115253448486
5888,2.6781845092773438,-4.993623733520508
5889,2.4708309173583984,-6.028791904449463
5890,2.5877459049224854,-6.184776782989502
5891,2.402677536010742,-5.499468803405762
5892,2.684731960296631,-5.552929878234863
5893,2.3302292823791504,-5.352022647857666
5894,2.5472660064697266,-6.279220104217529
5895,2.56640887260437,-6.4263505935668945
5896,2.207878351211548,-5.713274002075195
5897,2.658911943435669,-5.809605598449707
5898,2.532743453979492,-5.819355010986328
5899,2.9811887741088867,-5.731341361999512
5900,2.6701178550720215,-6.220242977142334
5901,2.5477328300476074,-5.773770809173584
5902,2.445483922958374,-5.520570278167725
5903,2.2720155715942383,-5.013755798339844
5904,2.4975666999816895,-5.695224761962891
5905,2.400908946990967,-6.059506416320801
5906,2.80661678314209,-6.1288957595825195
5907,2.5550975799560547,-5.0792012214660645
5908,2.2766032218933105,-6.32480525970459
5909,2.4515552520751953,-5.278237342834473
5910,2.600177526473999,-7.0449395179748535
5911,2.351588249206543,-6.35762882232666
5912,2.87204647064209,-5.736596584320068
5913,2.5769901275634766,-5.2522969245910645
5914,2.4720711708068848,-6.094091415405273
5915,2.6463489532470703,-5.201166152954102
5916,2.391918659210205,-5.067169666290283
5917,2.2158923149108887,-6.354600429534912
5918,2.560189723968506,-5.186741828918457
5919,2.449885368347168,-6.171024799346924
5920,2.8362598419189453,-6.223276138305664
5921,2.4055142402648926,-5.047104358673096
5922,2.335676670074463,-6.090456008911133
5923,2.740231513977051,-6.448634147644043
5924,2.4655299186706543,-6.288088321685791
5925,2.545927047729492,-5.483405590057373
5926,2.3652358055114746,-5.5307841300964355
5927,2.628788471221924,-5.537473201751709
5928,2.5080044269561768,-5.381227016448975
5929,2.773648977279663,-5.416694164276123
5930,2.769545555114746,-5.640411376953125
5931,2.7487072944641113,-5.317534923553467
5932,2.6275975704193115,-4.524296283721924
5933,2.3395190238952637,-4.895998477935791
5934,2.5383596420288086,-5.548999786376953
5935,2.875457525253296,-4.725487232208252
5936,2.774599552154541,-5.099554061889648
5937,2.8211004734039307,-5.385293006896973
5938,2.616668701171875,-5.830239295959473
5939,3.3227524757385254,-5.432233810424805
5940,2.5104293823242188,-4.803707122802734
5941,2.6728880405426025,-4.575802803039551
5942,2.8604700565338135,-5.917867660522461
5943,2.4965057373046875,-5.595721244812012
5944,2.6837010383605957,-6.583651065826416
5945,2.507158041000366,-5.348445892333984
5946,2.466122627258301,-6.127851963043213
5947,2.683276414871216,-5.230967998504639
5948,2.5171661376953125,-4.879891872406006
5949,2.2915148735046387,-6.6756272315979
5950,2.5463719367980957,-5.147885799407959
5951,2.4649996757507324,-5.163002967834473
5952,2.57948637008667,-6.079009532928467
5953,2.579019784927368,-5.572596549987793
5954,2.31387996673584,-4.968367576599121
5955,2.645279884338379,-4.965827465057373
5956,2.1460447311401367,-5.934150218963623
5957,2.6826767921447754,-5.288393497467041
5958,2.670018196105957,-5.613861083984375
5959,2.524106979370117,-5.946617603302002
5960,2.5608348846435547,-5.999719142913818
5961,2.2385406494140625,-6.198224067687988
5962,2.3562402725219727,-6.405075550079346
5963,2.542020320892334,-6.235959053039551
5964,2.050234079360962,-4.776859283447266
5965,2.6976733207702637,-4.540460109710693
5966,2.5740137100219727,-6.054882049560547
5967,2.615598201751709,-4.406216621398926
5968,2.282410144805908,-5.420341968536377
5969,2.7382752895355225,-6.021909713745117
5970,2.3597168922424316,-6.440740585327148
5971,2.4040229320526123,-6.608633518218994
5972,2.526200771331787,-6.017216682434082
5973,2.515139579772949,-5.968494415283203
5974,2.616018056869507,-5.8127360343933105
5975,3.0232186317443848,-6.197455883026123
5976,2.3860621452331543,-5.250013828277588
5977,2.4726076126098633,-5.060959339141846
5978,2.4427614212036133,-4.141939163208008
5979,2.4005861282348633,-5.656827926635742
5980,2.5287399291992188,-5.529338836669922
5981,2.5671486854553223,-5.983518123626709
5982,2.466155529022217,-6.008581161499023
5983,2.3129000663757324,-5.179230213165283
5984,2.2111759185791016,-6.130395889282227
5985,2.345388650894165,-5.742610931396484
5986,2.3690648078918457,-5.597655773162842
5987,2.42756986618042,-5.641801834106445
5988,2.6071226596832275,-5.755782604217529
5989,2.548945665359497,-6.385916709899902
5990,2.523905038833618,-5.643056869506836
5991,2.4282944202423096,-5.2751617431640625
5992,2.6695175170898438,-5.5398335456848145
5993,2.6683120727539062,-5.749689102172852
5994,2.497649669647217,-5.803524017333984
5995,2.6235105991363525,-6.467197418212891
5996,2.5147523880004883,-7.11500358581543
5997,2.401451349258423,-5.901892185211182
5998,2.6218135356903076,-4.731090545654297
5999,2.3221778869628906,-5.538486957550049
6000,2.47829008102417,-5.090306758880615
6001,2.4039182662963867,-5.739170551300049
6002,2.539860963821411,-6.225996017456055
6003,2.294015884399414,-5.396490097045898
6004,2.603172779083252,-5.490408420562744
6005,2.294569492340088,-5.670628070831299
6006,2.5393152236938477,-5.777040958404541
6007,2.5312399864196777,-7.0010762214660645
6008,2.3830151557922363,-5.839055061340332
6009,2.5414319038391113,-5.901880264282227
6010,2.530661106109619,-5.325470447540283
6011,2.7639379501342773,-5.946043014526367
6012,2.671205997467041,-5.828842639923096
6013,2.4474000930786133,-6.254826068878174
6014,2.957522392272949,-4.924531936645508
6015,2.7125613689422607,-5.500140190124512
6016,2.418416738510132,-6.28498649597168
6017,2.7999653816223145,-5.639269828796387
6018,2.673525810241699,-5.154888153076172
6019,2.0964930057525635,-6.0492706298828125
6020,2.3621299266815186,-4.898191928863525
6021,2.276397705078125,-6.531836986541748
6022,2.338139057159424,-5.589841842651367
6023,2.8642640113830566,-6.097106456756592
6024,2.3417696952819824,-5.171658992767334
6025,2.4746203422546387,-5.5107879638671875
6026,2.830681562423706,-5.867779731750488
6027,2.547727584838867,-5.313543796539307
6028,2.6876039505004883,-5.527623176574707
6029,2.6701269149780273,-4.378927230834961
6030,2.4852371215820312,-6.030169486999512
6031,2.7110190391540527,-6.245880126953125
6032,2.678194046020508,-5.397807598114014
6033,2.449397087097168,-5.155858993530273
6034,2.446249485015869,-4.997409820556641
6035,2.461271047592163,-5.704199314117432
6036,2.5320067405700684,-5.356135845184326
6037,2.4845023155212402,-5.885036468505859
6038,2.6260643005371094,-5.6291422843933105
6039,2.3812665939331055,-4.155160903930664
6040,2.4453086853027344,-6.273745059967041
6041,2.400334358215332,-6.797262191772461
6042,2.408508539199829,-5.9003005027771
6043,2.655679702758789,-5.764779567718506
6044,2.6193130016326904,-6.319309234619141
6045,2.761373996734619,-5.041355133056641
6046,2.859959363937378,-5.716814994812012
6047,2.8371591567993164,-6.080264091491699
6048,2.6886394023895264,-5.212666034698486
6049,2.742257833480835,-5.883108615875244
6050,2.5139989852905273,-6.124675750732422
6051,2.5474634170532227,-5.942622661590576
6052,2.4720983505249023,-5.482973575592041
6053,2.563114643096924,-6.309426784515381
6054,2.333407402038574,-6.92905330657959
6055,2.619533061981201,-6.229201793670654
6056,2.537386178970337,-5.713510513305664
6057,2.60079288482666,-5.313073635101318
6058,2.3949990272521973,-4.7296528816223145
6059,2.4793670177459717,-5.574681282043457
6060,2.3232192993164062,-7.15207052230835
6061,2.3119616508483887,-5.635692119598389
6062,2.351104497909546,-5.306418418884277
6063,2.63893461227417,-5.70115852355957
6064,2.475633144378662,-5.87590217590332
6065,2.416269540786743,-5.956094264984131
6066,2.613187313079834,-6.530940532684326
6067,2.7316017150878906,-6.2264180183410645
6068,2.898125648498535,-7.589555740356445
6069,2.4890031814575195,-4.921592712402344
6070,2.645289182662964,-6.168550968170166
6071,2.5307722091674805,-5.564629077911377
6072,2.645895481109619,-6.080718517303467
6073,2.210876941680908,-5.598628044128418
6074,2.530852794647217,-5.721232891082764
6075,2.7258944511413574,-4.933419704437256
6076,2.3534507751464844,-6.484479904174805
6077,2.506709098815918,-6.069497108459473
6078,2.6596436500549316,-5.779277324676514
6079,2.498058319091797,-5.764398574829102
6080,2.194855213165283,-4.725203990936279
6081,2.4339613914489746,-6.458227634429932
6082,2.4576661586761475,-6.790950775146484
6083,2.8976502418518066,-6.2063307762146
6084,2.4245588779449463,-5.3567304611206055
6085,2.313284158706665,-5.3586530685424805
6086,2.738110303878784,-5.066134929656982
6087,2.4495620727539062,-6.171229839324951
6088,2.3785104751586914,-5.586487293243408
6089,2.5923500061035156,-5.541524887084961
6090,2.923865795135498,-4.914397716522217
6091,2.299102544784546,-5.935421943664551
6092,2.440518379211426,-6.366208076477051
6093,2.6146087646484375,-6.429430961608887
6094,2.2895023822784424,-5.834036827087402
6095,2.406282901763916,-5.5469770431518555
6096,2.4241838455200195,-5.229755878448486
6097,2.582327365875244,-5.4788103103637695
6098,2.9562735557556152,-5.755613327026367
6099,2.818272113800049,-4.80177116394043
6100,2.450010061264038,-4.920482158660889
6101,2.587193489074707,-5.371096134185791
6102,2.378612995147705,-5.609899997711182
6103,2.7335338592529297,-5.337456703186035
6104,2.573637008666992,-5.7706451416015625
6105,2.5669846534729004,-4.634331703186035
6106,2.4762072563171387,-5.146685600280762
6107,2.5177254676818848,-5.723231792449951
6108,2.3979427814483643,-5.473360538482666
6109,2.6157889366149902,-6.331561088562012
6110,2.531374931335449,-4.702143669128418
6111,2.207278251647949,-6.219707012176514
6112,2.604280471801758,-4.416451930999756
6113,2.583486795425415,-5.423626899719238
6114,2.6507043838500977,-5.107372283935547
6115,2.6489620208740234,-4.766149044036865
6116,2.466886281967163,-5.570455551147461
6117,2.4764246940612793,-5.566524028778076
6118,2.5404951572418213,-5.364198684692383
6119,2.2626757621765137,-6.525209426879883
6120,2.6513142585754395,-6.188504219055176
6121,2.7560088634490967,-6.127018928527832
6122,2.3915019035339355,-5.599376678466797
6123,2.514967441558838,-5.188957691192627
6124,2.6613755226135254,-5.874141693115234
6125,2.5888752937316895,-4.811087608337402
6126,2.64871883392334,-4.492001056671143
6127,2.38419771194458,-5.426027774810791
6128,2.7424416542053223,-3.982318162918091
6129,2.546396017074585,-5.763652801513672
6130,3.0795366764068604,-5.004251003265381
6131,2.2396817207336426,-5.0505290031433105
6132,2.418663501739502,-4.91827917098999
6133,2.4780921936035156,-5.325200080871582
6134,2.4957704544067383,-5.921321868896484
6135,2.134655714035034,-5.250243663787842
6136,2.388871908187866,-6.216042995452881
6137,2.680800437927246,-5.665194034576416
6138,2.3198111057281494,-5.988486289978027
6139,2.3803420066833496,-5.881094455718994
6140,2.7168025970458984,-4.722857475280762
6141,2.4646787643432617,-4.662857532501221
6142,2.2992630004882812,-4.7952070236206055
6143,2.526043653488159,-4.916879177093506
6144,2.387296199798584,-5.083024501800537
6145,2.787888526916504,-5.6671881675720215
6146,2.716377019882202,-4.845930099487305
6147,2.5610733032226562,-5.112846374511719
6148,2.3330330848693848,-4.975874423980713
6149,2.6468074321746826,-4.5485310554504395
6150,2.601025104522705,-5.710501194000244
6151,2.386275291442871,-5.0835065841674805
6152,2.6349148750305176,-4.975094318389893
6153,2.709434986114502,-5.728888988494873
6154,2.504579544067383,-5.880504131317139
6155,2.4495534896850586,-5.844395160675049
6156,2.551449775695801,-5.888271331787109
6157,2.5484559535980225,-5.216472148895264
6158,2.5931832790374756,-5.430398941040039
6159,2.6912384033203125,-4.932188034057617
6160,2.4980130195617676,-4.8673200607299805
6161,2.501889944076538,-5.300930976867676
6162,2.6134109497070312,-5.513526439666748
6163,2.5492100715637207,-5.636714458465576
6164,2.793898582458496,-5.135504245758057
6165,2.5770955085754395,-6.266457557678223
6166,2.4476404190063477,-4.974562168121338
6167,2.6465489864349365,-5.304160118103027
6168,2.371211051940918,-4.9914164543151855
6169,2.667238712310791,-5.715285778045654
6170,2.5100862979888916,-5.6887125968933105
6171,2.6849989891052246,-5.158753871917725
6172,2.491809129714966,-5.306528091430664
6173,2.6641616821289062,-5.686752796173096
6174,2.535634994506836,-4.8306965827941895
6175,2.4089646339416504,-6.978191375732422
6176,2.623438596725464,-6.335984706878662
6177,2.3567330837249756,-6.031774997711182
6178,2.4891300201416016,-5.276162147521973
6179,2.3483047485351562,-5.386949062347412
6180,2.400075912475586,-5.679744243621826
6181,2.549194574356079,-5.3257622718811035
6182,2.4441964626312256,-5.813965320587158
6183,2.408297300338745,-5.953473091125488
6184,2.2969560623168945,-6.197960376739502
6185,2.2539994716644287,-5.895211219787598
6186,2.450617790222168,-5.061249256134033
6187,2.3256759643554688,-4.732989311218262
6188,2.424743175506592,-5.619843006134033
6189,2.6083357334136963,-5.571483612060547
6190,2.4102511405944824,-5.078326225280762
6191,2.512091636657715,-5.610837459564209
6192,2.6452412605285645,-6.216529369354248
6193,2.3125252723693848,-4.931124687194824
6194,2.63189435005188,-6.154447555541992
6195,2.3879120349884033,-5.019274711608887
6196,3.056345224380493,-5.229251861572266
6197,2.4085533618927,-5.178924560546875
6198,2.695786714553833,-6.299542427062988
6199,2.3482236862182617,-5.143266201019287
6200,2.289144992828369,-5.035584926605225
6201,2.280855178833008,-5.242002010345459
6202,2.514556884765625,-4.581567764282227
6203,2.399604320526123,-5.728703498840332
6204,2.4389359951019287,-4.910820007324219
6205,2.6546945571899414,-5.430922031402588
6206,2.5275793075561523,-5.398627758026123
6207,2.6900386810302734,-6.49443244934082
6208,2.2948408126831055,-5.472284317016602
6209,2.72721004486084,-4.88693380355835
6210,2.768730640411377,-5.130351543426514
6211,2.354806900024414,-6.266201019287109
6212,2.4293785095214844,-5.098203659057617
6213,2.5805861949920654,-4.833458423614502
6214,2.4864730834960938,-4.979679584503174
6215,2.6721253395080566,-6.266871929168701
6216,2.448366641998291,-5.9462890625
6217,2.383105993270874,-5.916445732116699
6218,2.18398380279541,-5.454504489898682
6219,2.3253743648529053,-4.172407150268555
6220,2.580476760864258,-4.978953838348389
6221,2.5396761894226074,-6.160587787628174
6222,2.853860378265381,-5.6934494972229
6223,2.23121976852417,-4.359622955322266
6224,2.5350279808044434,-6.9344635009765625
6225,2.4745678901672363,-4.465685844421387
6226,2.365666389465332,-4.761563301086426
6227,2.608717203140259,-4.897780418395996
6228,2.456984281539917,-5.326786518096924
6229,2.8115320205688477,-6.955117225646973
6230,2.7915334701538086,-5.432796478271484
6231,2.5231194496154785,-5.80723762512207
6232,2.8513689041137695,-5.367161273956299
6233,2.9912683963775635,-4.975053310394287
6234,2.415071964263916,-4.844285488128662
6235,2.7581372261047363,-4.566922187805176
6236,2.3996386528015137,-5.366650581359863
6237,2.8180148601531982,-4.8461079597473145
6238,2.7796077728271484,-4.593739032745361
6239,2.770556688308716,-5.270720958709717
6240,2.424466133117676,-5.178800582885742
6241,2.367064952850342,-6.0172200202941895
6242,2.329892158508301,-6.100921154022217
6243,2.4576926231384277,-6.120842456817627
6244,2.7546820640563965,-4.667361259460449
6245,2.6923654079437256,-6.410404682159424
6246,2.5261659622192383,-5.5222296714782715
6247,2.639195442199707,-4.36595344543457
6248,2.2878007888793945,-5.2478132247924805
6249,2.552180767059326,-5.219597339630127
6250,2.524479389190674,-5.326168060302734
6251,2.7866711616516113,-6.256805419921875
6252,2.2467284202575684,-5.757340908050537
6253,2.4359817504882812,-5.906875133514404
6254,2.6000566482543945,-5.728597640991211
6255,2.75862455368042,-4.789007663726807
6256,2.6001784801483154,-5.157103061676025
6257,2.6545283794403076,-5.688602447509766
6258,2.476165771484375,-5.570883750915527
6259,2.530571699142456,-5.4752678871154785
6260,2.2455949783325195,-4.190427780151367
6261,2.6326422691345215,-5.531316757202148
6262,2.628918170928955,-6.3656840324401855
6263,2.584897994995117,-5.761716365814209
6264,2.9969561100006104,-5.653590679168701
6265,2.5252280235290527,-4.335149765014648
6266,2.60396146774292,-6.308534622192383
6267,2.755925178527832,-4.831991672515869
6268,2.663743734359741,-5.70595645904541
6269,2.608146905899048,-6.502825736999512
6270,2.5504660606384277,-4.9973883628845215
6271,2.8090100288391113,-5.511280536651611
6272,2.6165733337402344,-5.978553295135498
6273,2.564756155014038,-5.381270885467529
6274,2.8798563480377197,-6.296240329742432
6275,2.4579296112060547,-5.059969902038574
6276,3.072648763656616,-4.790180206298828
6277,2.4109044075012207,-6.192525863647461
6278,2.375135898590088,-4.972902774810791
6279,2.8249459266662598,-4.971790790557861
6280,2.847567319869995,-4.328717231750488
6281,2.2547950744628906,-5.5811448097229
6282,2.822183132171631,-4.693518161773682
6283,2.95310640335083,-5.944951057434082
6284,2.6419677734375,-5.284524917602539
6285,2.543917655944824,-5.574713230133057
6286,2.5758674144744873,-6.3597612380981445
6287,2.5828795433044434,-5.106132507324219
6288,2.5787277221679688,-6.294869899749756
6289,2.4844095706939697,-6.56770133972168
6290,2.702725410461426,-4.5052595138549805
6291,2.585968017578125,-4.655078887939453
6292,2.2768173217773438,-5.690974235534668
6293,2.618640422821045,-5.708262920379639
6294,2.560823440551758,-5.229461193084717
6295,2.6120924949645996,-4.632856845855713
6296,2.343628406524658,-5.557033538818359
6297,2.5611648559570312,-4.0839009284973145
6298,2.4356775283813477,-5.277263641357422
6299,2.414595127105713,-4.9831929206848145
6300,2.2711665630340576,-5.105555534362793
6301,2.799187660217285,-5.629885196685791
6302,2.512848377227783,-5.302534103393555
6303,2.6800081729888916,-4.946734428405762
6304,2.5802104473114014,-5.047415256500244
6305,2.49521541595459,-5.755850315093994
6306,2.4603147506713867,-6.013160228729248
6307,2.949766159057617,-5.803380012512207
6308,2.7348690032958984,-4.586348533630371
6309,2.441293239593506,-4.639451026916504
6310,2.4854512214660645,-5.585214138031006
6311,2.4305155277252197,-5.752368927001953
6312,2.5458498001098633,-6.028575897216797
6313,2.48256254196167,-5.27382755279541
6314,2.384881019592285,-5.020167827606201
6315,2.6153335571289062,-5.245861053466797
6316,2.588395595550537,-6.112260818481445
6317,2.8135952949523926,-5.809597969055176
6318,2.3416526317596436,-5.429693222045898
6319,2.675428867340088,-5.108954906463623
6320,2.579951047897339,-5.709468841552734
6321,2.4317567348480225,-5.043576240539551
6322,2.4171767234802246,-5.546323776245117
6323,2.4976181983947754,-5.916543483734131
6324,2.4790360927581787,-5.572809219360352
6325,2.536722421646118,-5.569847583770752
6326,2.6181631088256836,-3.929844856262207
6327,2.2146973609924316,-6.204473972320557
6328,2.508810520172119,-4.546069145202637
6329,2.55452299118042,-4.434357166290283
6330,2.820157051086426,-4.733531475067139
6331,2.500997543334961,-5.930675029754639
6332,2.5441417694091797,-5.364656925201416
6333,2.9037561416625977,-5.549133777618408
6334,2.863271713256836,-5.608076095581055
6335,2.5361080169677734,-6.99728536605835
6336,2.770221710205078,-5.227303504943848
6337,2.930041551589966,-4.476237773895264
6338,2.6830220222473145,-5.077988147735596
6339,2.615067958831787,-5.703255653381348
6340,2.781026840209961,-5.278124809265137
6341,2.2204999923706055,-5.886736869812012
6342,2.3458046913146973,-5.283427715301514
6343,2.5390639305114746,-6.906282424926758
6344,2.7416906356811523,-6.6035075187683105
6345,2.8998637199401855,-4.622249603271484
6346,2.622591733932495,-5.064579010009766
6347,2.5941572189331055,-5.675408840179443
6348,2.4721806049346924,-4.360530376434326
6349,2.9295427799224854,-5.8206706047058105
6350,2.6092333793640137,-6.199029445648193
6351,2.589839458465576,-5.325164794921875
6352,2.9711484909057617,-5.811928749084473
6353,2.465803623199463,-5.166525363922119
6354,2.507931709289551,-5.586013317108154
6355,2.420172929763794,-5.6280999183654785
6356,2.890591621398926,-5.924253940582275
6357,2.2254083156585693,-4.431045055389404
6358,2.356717586517334,-4.528240203857422
6359,2.2836194038391113,-5.8412885665893555
6360,2.5241427421569824,-5.724326133728027
6361,2.458742141723633,-5.242227554321289
6362,2.362536668777466,-5.157698154449463
6363,2.5949954986572266,-5.498098373413086
6364,2.4262847900390625,-5.035755634307861
6365,2.353264808654785,-6.243068218231201
6366,2.7384681701660156,-6.229422569274902
6367,2.6980679035186768,-4.697556495666504
6368,2.8355603218078613,-5.706420421600342
6369,2.5236241817474365,-6.507444381713867
6370,2.613769769668579,-4.11027193069458
6371,2.750734567642212,-5.979859828948975
6372,2.325681447982788,-4.404226779937744
6373,2.7472152709960938,-5.648827075958252
6374,2.834294319152832,-4.764850616455078
6375,2.863933563232422,-6.792341232299805
6376,2.4353809356689453,-4.754827499389648
6377,2.79768705368042,-5.396142959594727
6378,2.9315848350524902,-4.279017448425293
6379,2.452298402786255,-4.895193576812744
6380,2.3432493209838867,-4.591627597808838
6381,2.633697032928467,-5.327816009521484
6382,2.65385103225708,-5.068357467651367
6383,3.2226006984710693,-5.205535411834717
6384,2.7510249614715576,-4.645873546600342
6385,2.486692428588867,-5.081308364868164
6386,2.4578566551208496,-4.676626682281494
6387,2.9697558879852295,-5.390933990478516
6388,2.6588950157165527,-4.321954727172852
6389,2.8203625679016113,-4.977140426635742
6390,2.7143678665161133,-5.665054798126221
6391,2.688833713531494,-5.858651161193848
6392,2.556455373764038,-5.512623310089111
6393,2.3122801780700684,-4.698574066162109
6394,2.863260269165039,-5.577450752258301
6395,2.8960788249969482,-5.5746026039123535
6396,2.638948917388916,-5.456528186798096
6397,2.483968734741211,-4.322214126586914
6398,2.43001651763916,-3.9261176586151123
6399,2.7611429691314697,-5.237649917602539
6400,2.792006015777588,-5.245017051696777
6401,2.6469197273254395,-6.122125148773193
6402,2.4939749240875244,-5.275595664978027
6403,2.6712794303894043,-4.5820841789245605
6404,2.6099812984466553,-4.473214149475098
6405,2.7648849487304688,-5.107033729553223
6406,2.738933563232422,-4.886885643005371
6407,2.3048081398010254,-5.589557647705078
6408,2.490725040435791,-5.530720233917236
6409,2.455691337585449,-5.063684463500977
6410,2.463634967803955,-4.814708232879639
6411,2.4578092098236084,-4.424262046813965
6412,2.6463255882263184,-5.883325099945068
6413,2.452460765838623,-4.625727653503418
6414,2.2904458045959473,-5.5915985107421875
6415,2.640852928161621,-4.402278900146484
6416,2.8051016330718994,-5.498327732086182
6417,2.8769145011901855,-5.091231822967529
6418,2.6451876163482666,-6.052448272705078
6419,2.669370174407959,-5.448208808898926
6420,2.681795358657837,-4.348668098449707
6421,2.735123634338379,-5.47544002532959
6422,2.775163173675537,-5.3670268058776855
6423,2.5009007453918457,-4.719040870666504
6424,2.34259295463562,-4.838272571563721
6425,2.776538133621216,-6.0565409660339355
6426,2.4125161170959473,-4.707026481628418
6427,2.6326749324798584,-5.135705471038818
6428,2.50521183013916,-6.074689865112305
6429,2.4242732524871826,-6.188258647918701
6430,2.3096923828125,-5.127918243408203
6431,2.491147994995117,-4.572888374328613
6432,2.700521945953369,-6.077449798583984
6433,2.563915252685547,-4.931525707244873
6434,2.4937729835510254,-4.749683856964111
6435,2.8581702709198,-4.8571457862854
6436,2.3288142681121826,-5.494414806365967
6437,2.548907518386841,-4.2989182472229
6438,2.6246871948242188,-5.8548359870910645
6439,2.688039779663086,-5.766786098480225
6440,2.2802796363830566,-5.8061418533325195
6441,2.582313060760498,-4.498875617980957
6442,2.6761956214904785,-5.4875168800354
6443,2.714679718017578,-4.801912784576416
6444,2.7051095962524414,-5.940093994140625
6445,2.7279000282287598,-5.006895542144775
6446,2.5295803546905518,-5.766850471496582
6447,2.485290765762329,-5.343356132507324
6448,2.357685089111328,-4.0465474128723145
6449,2.762303352355957,-4.972753524780273
6450,2.504607677459717,-4.750449180603027
6451,2.5959346294403076,-5.219664096832275
6452,2.677633047103882,-4.4226975440979
6453,2.3459441661834717,-4.634294033050537
6454,2.4344260692596436,-5.041918754577637
6455,2.402618408203125,-5.254329204559326
6456,2.600590944290161,-5.067016124725342
6457,2.714653491973877,-5.453059196472168
6458,2.53776216506958,-5.970969200134277
6459,2.4440739154815674,-5.137434005737305
6460,2.9726998805999756,-5.201923370361328
6461,2.549072265625,-5.319082260131836
6462,2.3270249366760254,-4.850461483001709
6463,2.487602949142456,-4.79244327545166
6464,2.5922975540161133,-5.508876323699951
6465,2.539412260055542,-4.960727691650391
6466,2.538041114807129,-5.757810115814209
6467,2.7008891105651855,-5.124251842498779
6468,2.699326992034912,-5.055093288421631
6469,2.5666613578796387,-5.3629255294799805
6470,2.4038162231445312,-4.603675842285156
6471,2.8756637573242188,-4.791299819946289
6472,2.53594708442688,-4.575052261352539
6473,2.4310460090637207,-6.809411525726318
6474,2.499474287033081,-5.813817977905273
6475,2.393136978149414,-5.053462982177734
6476,2.2415366172790527,-4.312108039855957
6477,2.412851333618164,-5.297047138214111
6478,2.4599199295043945,-5.401035785675049
6479,3.062131881713867,-4.721377372741699
6480,2.4215736389160156,-5.446760177612305
6481,2.630769729614258,-5.299676418304443
6482,2.3816380500793457,-4.92672061920166
6483,2.450122833251953,-5.215702533721924
6484,2.4771642684936523,-4.616321086883545
6485,2.336859703063965,-5.113245964050293
6486,2.572638511657715,-5.044814586639404
6487,2.601560115814209,-5.976337432861328
6488,2.5914788246154785,-5.594959735870361
6489,2.7403688430786133,-5.384344100952148
6490,2.4242148399353027,-4.554205894470215
6491,2.8613200187683105,-3.9782114028930664
6492,2.5915253162384033,-5.553767204284668
6493,2.6795220375061035,-5.796126842498779
6494,2.554996967315674,-5.60159158706665
6495,2.353184223175049,-4.891342639923096
6496,2.2255759239196777,-4.859352111816406
6497,2.4937222003936768,-6.517227649688721
6498,2.511582374572754,-5.024240970611572
6499,2.8633460998535156,-5.784156322479248
6500,2.6491689682006836,-5.713095188140869
6501,2.597590923309326,-5.208929538726807
6502,2.548919677734375,-4.404829025268555
6503,2.4674606323242188,-4.562557220458984
6504,2.6512022018432617,-5.752324104309082
6505,2.7817862033843994,-5.317020893096924
6506,2.485962390899658,-3.984039306640625
6507,2.7307543754577637,-5.161828517913818
6508,2.3452718257904053,-4.821042537689209
6509,2.2284040451049805,-4.5593461990356445
6510,2.7361583709716797,-4.852948188781738
6511,2.8253769874572754,-4.876065254211426
6512,2.579277992248535,-4.61577033996582
6513,2.5774989128112793,-3.323140859603882
6514,2.7379536628723145,-5.488708972930908
6515,2.5397443771362305,-5.653925895690918
6516,2.897860527038574,-5.781543731689453
6517,2.4889252185821533,-4.2176008224487305
6518,2.7386891841888428,-5.083992004394531
6519,2.5206918716430664,-4.630642890930176
6520,2.560243606567383,-4.515030384063721
6521,2.6190128326416016,-3.9919228553771973
6522,2.4021220207214355,-4.7717509269714355
6523,2.9863336086273193,-4.623605251312256
6524,2.660216808319092,-5.798648834228516
6525,2.3831565380096436,-5.293847560882568
6526,2.6187214851379395,-6.109180450439453
6527,2.426879405975342,-3.88181209564209
6528,2.871283769607544,-5.059023857116699
6529,3.2042858600616455,-5.215809345245361
6530,2.5079526901245117,-4.083643913269043
6531,3.1562910079956055,-5.205649375915527
6532,2.5018982887268066,-4.615576267242432
6533,2.608736991882324,-4.082827568054199
6534,2.5594096183776855,-5.366696357727051
6535,2.511972427368164,-5.2360992431640625
6536,3.017864465713501,-4.774138927459717
6537,2.9390316009521484,-5.081157207489014
6538,2.971090793609619,-4.103482246398926
6539,2.672970771789551,-4.582382678985596
6540,2.597050666809082,-4.857212543487549
6541,2.4702959060668945,-5.253187656402588
6542,2.6983370780944824,-5.147589206695557
6543,2.692319631576538,-4.8896002769470215
6544,2.5475316047668457,-4.581093788146973
6545,3.031482219696045,-5.491995334625244
6546,2.478487014770508,-4.529922008514404
6547,2.4540398120880127,-4.270875453948975
6548,2.6174604892730713,-5.323963165283203
6549,2.6743552684783936,-3.8900985717773438
6550,2.5920538902282715,-5.0324859619140625
6551,2.425908088684082,-4.767472743988037
6552,2.5794930458068848,-5.669050216674805
6553,2.47044038772583,-5.3354082107543945
6554,2.625338077545166,-4.735714912414551
6555,2.6385397911071777,-4.9748992919921875
6556,2.585888385772705,-4.105992317199707
6557,2.9034175872802734,-5.444921493530273
6558,3.195824384689331,-4.606093883514404
6559,2.863959312438965,-4.883151531219482
6560,2.551351547241211,-5.385558605194092
6561,2.4354944229125977,-4.108146667480469
6562,2.708864450454712,-4.501378059387207
6563,2.439821720123291,-5.117385387420654
6564,2.5769290924072266,-5.503178596496582
6565,2.7393341064453125,-4.5544233322143555
6566,2.467665433883667,-5.450779914855957
6567,2.7727415561676025,-4.28961706161499
6568,2.5975699424743652,-4.7664055824279785
6569,2.826566219329834,-4.228396415710449
6570,2.35860013961792,-4.60101318359375
6571,2.7363247871398926,-4.837502479553223
6572,2.718207359313965,-4.424099922180176
6573,2.8313307762145996,-4.782404899597168
6574,2.410494089126587,-5.504837512969971
6575,2.55867338180542,-4.621211051940918
6576,2.556184768676758,-5.2176408767700195
6577,2.3940868377685547,-4.112605094909668
6578,2.4635939598083496,-5.295987606048584
6579,2.6514334678649902,-5.8131489753723145
6580,2.5799803733825684,-4.83396577835083
6581,2.5294182300567627,-5.340295791625977
6582,2.8976752758026123,-5.074016571044922
6583,2.4473209381103516,-5.017890453338623
6584,2.620706558227539,-5.134129524230957
6585,2.515125274658203,-5.358928680419922
6586,2.5242390632629395,-4.8877997398376465
6587,2.353118419647217,-6.009686470031738
6588,2.8692715167999268,-4.649194240570068
6589,2.39029598236084,-4.36793327331543
6590,2.661224126815796,-5.4990644454956055
6591,3.018641233444214,-5.794550895690918
6592,2.5268516540527344,-4.231071949005127
6593,2.7390923500061035,-5.771615028381348
6594,2.4655661582946777,-4.993144512176514
6595,2.5904269218444824,-5.142782211303711
6596,2.269876003265381,-4.287179470062256
6597,2.5909647941589355,-4.878900527954102
6598,2.353663206100464,-5.079516410827637
6599,2.452083110809326,-5.481877326965332
6600,2.544102668762207,-4.931887626647949
6601,2.574105739593506,-4.425467014312744
6602,2.748807191848755,-4.776820659637451
6603,2.4632768630981445,-4.712549209594727
6604,2.8213164806365967,-4.983090400695801
6605,2.456850528717041,-3.8891544342041016
6606,2.649352550506592,-5.280537128448486
6607,2.389291286468506,-4.654885292053223
6608,2.5148696899414062,-5.007940769195557
6609,2.2082860469818115,-4.980599403381348
6610,2.571141004562378,-4.681767463684082
6611,2.4808571338653564,-4.399049282073975
6612,2.4616689682006836,-4.7148613929748535
6613,2.6166350841522217,-4.866396903991699
6614,2.4671077728271484,-4.518397808074951
6615,2.479478359222412,-4.595638275146484
6616,2.4257359504699707,-5.299421310424805
6617,2.7040324211120605,-4.595177173614502
6618,2.5827784538269043,-5.616356372833252
6619,2.646115779876709,-4.225780010223389
6620,2.5184178352355957,-5.443714141845703
6621,2.1721062660217285,-4.24893045425415
6622,2.494772434234619,-4.9272990226745605
6623,2.4185218811035156,-5.759565830230713
6624,2.490440845489502,-3.7544302940368652
6625,2.627094268798828,-4.120121955871582
6626,2.455151081085205,-4.948107719421387
6627,2.429173707962036,-4.752481460571289
6628,2.386845588684082,-4.898294925689697
6629,2.392976760864258,-4.422482490539551
6630,2.4808125495910645,-4.115393161773682
6631,2.491015911102295,-4.264275074005127
6632,2.3105316162109375,-5.368072032928467
6633,2.5573840141296387,-4.600668907165527
6634,2.539425849914551,-5.0512375831604
6635,2.6666526794433594,-4.919562816619873
6636,2.678913116455078,-5.237241744995117
6637,2.4921717643737793,-3.9832284450531006
6638,2.3648681640625,-3.7028815746307373
6639,2.9034433364868164,-5.308697700500488
6640,2.5607287883758545,-5.201205253601074
6641,2.4564528465270996,-5.579561710357666
6642,2.6357581615448,-4.32871150970459
6643,2.5160164833068848,-4.938943386077881
6644,2.511146068572998,-5.633423328399658
6645,2.589141607284546,-5.400900840759277
6646,2.569561243057251,-6.265082836151123
6647,2.941434860229492,-4.435690879821777
6648,2.539219856262207,-4.645684719085693
6649,2.697843313217163,-4.620907783508301
6650,2.653926372528076,-4.471374034881592
6651,2.3534774780273438,-5.676929950714111
6652,2.4315268993377686,-4.431210041046143
6653,2.5155420303344727,-4.571340560913086
6654,2.532763957977295,-5.494960784912109
6655,2.4501357078552246,-4.523507118225098
6656,2.320465564727783,-4.9253830909729
6657,2.6089141368865967,-3.648160696029663
6658,2.3036587238311768,-4.824143886566162
6659,2.417060613632202,-4.427191257476807
6660,2.3619253635406494,-4.7111711502075195
6661,2.833794116973877,-4.555531024932861
6662,2.2984466552734375,-4.262973785400391
6663,2.6850154399871826,-5.0464277267456055
6664,2.5920891761779785,-4.769741535186768
6665,2.1775689125061035,-3.7703158855438232
6666,2.5141983032226562,-4.810974597930908
6667,2.242440700531006,-3.240572452545166
6668,2.4272451400756836,-5.290052890777588
6669,2.819096565246582,-5.024444103240967
6670,2.6433234214782715,-4.553158760070801
6671,2.6850786209106445,-4.794320106506348
6672,2.3091330528259277,-4.670339584350586
6673,2.72172212600708,-4.814774036407471
6674,2.6093573570251465,-5.089504241943359
6675,2.5336923599243164,-5.161137104034424
6676,2.4432010650634766,-4.755548477172852
6677,2.5304222106933594,-4.410634994506836
6678,2.6777868270874023,-5.395468235015869
6679,2.3421530723571777,-4.361346244812012
6680,2.513723850250244,-4.176974773406982
6681,2.4896140098571777,-4.802791118621826
6682,2.3182430267333984,-5.016651630401611
6683,2.4429855346679688,-4.053206920623779
6684,2.623046875,-4.345721244812012
6685,2.89207124710083,-4.1536970138549805
6686,2.4193310737609863,-4.517683506011963
6687,2.8748955726623535,-4.105649471282959
6688,2.47689151763916,-4.7721781730651855
6689,2.5910487174987793,-4.333455562591553
6690,2.295401096343994,-4.704310417175293
6691,2.689826011657715,-5.8890838623046875
6692,2.4840097427368164,-4.694479465484619
6693,2.6440327167510986,-4.3297576904296875
6694,2.6874852180480957,-5.576266288757324
6695,2.450725793838501,-5.133224010467529
6696,2.376180648803711,-4.997529983520508
6697,2.397352457046509,-3.6487669944763184
6698,2.4767587184906006,-4.496511459350586
6699,2.4652585983276367,-4.531967639923096
6700,2.3623485565185547,-3.8294167518615723
6701,2.2504196166992188,-4.494381904602051
6702,2.6026206016540527,-4.1828179359436035
6703,2.439483404159546,-5.114753246307373
6704,2.516171932220459,-4.970780849456787
6705,2.575796604156494,-5.023586750030518
6706,2.503783702850342,-5.707709312438965
6707,3.13748836517334,-4.2627949714660645
6708,2.4929585456848145,-4.492027759552002
6709,2.461397409439087,-5.023507118225098
6710,2.717024087905884,-4.232061386108398
6711,2.5681800842285156,-5.376861572265625
6712,2.7721590995788574,-5.048598766326904
6713,2.5261898040771484,-4.751111030578613
6714,2.7415823936462402,-4.552907466888428
6715,2.6497364044189453,-3.754931688308716
6716,2.518761157989502,-3.733438014984131
6717,2.5665998458862305,-4.586026668548584
6718,3.176307201385498,-5.17274284362793
6719,2.537189483642578,-5.25830078125
6720,2.628936290740967,-4.118284702301025
6721,2.126725673675537,-4.524979114532471
6722,2.564174175262451,-5.359139442443848
6723,2.347795009613037,-4.286189079284668
6724,2.4273133277893066,-5.196694374084473
6725,2.588901996612549,-4.726461410522461
6726,2.6580653190612793,-4.729215145111084
6727,2.8619937896728516,-4.478137493133545
6728,2.3294920921325684,-4.979629039764404
6729,2.5411581993103027,-5.302938461303711
6730,2.608375072479248,-5.177233695983887
6731,2.8491177558898926,-4.152910232543945
6732,2.319511890411377,-4.607603073120117
6733,2.44636869430542,-4.072788238525391
6734,2.449064254760742,-5.314801216125488
6735,3.139054298400879,-4.798878192901611
6736,3.0930917263031006,-4.610817909240723
6737,3.3723275661468506,-4.994675159454346
6738,2.551852226257324,-5.190589427947998
6739,2.9182138442993164,-4.178410053253174
6740,3.1794352531433105,-5.300414562225342
6741,2.788637638092041,-4.723057746887207
6742,2.9789741039276123,-4.892288684844971
6743,2.944822311401367,-5.726174831390381
6744,2.7318172454833984,-4.991525650024414
6745,2.780123472213745,-4.701934337615967
6746,2.607293128967285,-4.828301906585693
6747,2.74387264251709,-4.317126274108887
6748,2.7381539344787598,-5.246312141418457
6749,2.7087130546569824,-5.727123260498047
6750,2.678314685821533,-6.12879753112793
6751,2.7060134410858154,-4.238790512084961
6752,2.6175498962402344,-3.6563611030578613
6753,2.592649459838867,-3.4359078407287598
6754,2.543593406677246,-4.671688079833984
6755,2.38649320602417,-5.669852256774902
6756,2.6888797283172607,-4.971881866455078
6757,2.5565338134765625,-4.279378890991211
6758,2.4650869369506836,-3.621466636657715
6759,2.518922805786133,-4.233992576599121
6760,2.7066454887390137,-4.76899528503418
6761,2.6038596630096436,-4.048529148101807
6762,2.6964263916015625,-3.911048650741577
6763,2.623732566833496,-4.454672336578369
6764,2.8922176361083984,-5.375341892242432
6765,2.63677978515625,-5.331889629364014
6766,2.416620969772339,-4.150083541870117
6767,2.7088475227355957,-5.366171360015869
6768,2.9600234031677246,-4.436524868011475
6769,2.924598455429077,-4.7835612297058105
6770,2.5507187843322754,-4.320171356201172
6771,2.752208709716797,-4.510080337524414
6772,2.5440375804901123,-4.1668009757995605
6773,2.4462814331054688,-4.094430446624756
6774,3.1428139209747314,-5.098576068878174
6775,2.675189733505249,-4.694085121154785
6776,2.681854724884033,-4.919707298278809
6777,2.682976484298706,-5.588343620300293
6778,2.681495189666748,-5.2168474197387695
6779,3.1223042011260986,-5.229525089263916
6780,2.8371856212615967,-4.636114120483398
6781,2.6750216484069824,-4.606485366821289
6782,2.551577091217041,-4.494854927062988
6783,2.713160991668701,-5.036993026733398
6784,2.498154640197754,-4.416627407073975
6785,3.040562868118286,-4.5363969802856445
6786,2.701305866241455,-4.468186855316162
6787,2.6537094116210938,-3.917745351791382
6788,2.4594554901123047,-5.2638750076293945
6789,2.32791805267334,-4.498740196228027
6790,2.4179999828338623,-4.505558490753174
6791,2.8601887226104736,-5.056689262390137
6792,2.3970019817352295,-4.4973955154418945
6793,2.804564952850342,-4.913619041442871
6794,2.276902437210083,-5.296838760375977
6795,2.804441452026367,-5.231260776519775
6796,2.5513756275177,-5.3969244956970215
6797,2.480478286743164,-4.442452907562256
6798,2.4391727447509766,-4.054738998413086
6799,2.803910255432129,-4.9208478927612305
6800,2.1995277404785156,-5.578485488891602
6801,2.575685501098633,-5.100628852844238
6802,2.795402765274048,-4.516955375671387
6803,2.7367429733276367,-4.156824588775635
6804,2.467900276184082,-4.497010231018066
6805,2.8492956161499023,-4.970971584320068
6806,2.578845500946045,-4.937946796417236
6807,2.6553807258605957,-4.957457542419434
6808,2.646212577819824,-4.263936519622803
6809,2.4707798957824707,-3.704724073410034
6810,2.86818790435791,-4.175434112548828
6811,2.6785173416137695,-5.842350482940674
6812,2.5613903999328613,-4.818009376525879
6813,2.5323739051818848,-4.628396987915039
6814,2.581080675125122,-5.316720008850098
6815,2.5905239582061768,-4.912398815155029
6816,2.5477867126464844,-4.468301773071289
6817,2.6445271968841553,-4.822267055511475
6818,2.1828739643096924,-4.334808826446533
6819,2.534878730773926,-4.3803582191467285
6820,2.4002509117126465,-4.537402153015137
6821,2.4639816284179688,-4.649598598480225
6822,2.4527511596679688,-4.8392720222473145
6823,2.6459121704101562,-5.076480388641357
6824,2.5819544792175293,-4.8562331199646
6825,2.3315653800964355,-5.410186767578125
6826,2.554163932800293,-5.244253158569336
6827,2.5538687705993652,-4.367948532104492
6828,2.706472873687744,-5.001832485198975
6829,2.385737895965576,-4.055671691894531
6830,2.325017213821411,-4.144116401672363
6831,2.3787245750427246,-4.231041431427002
6832,2.299093246459961,-4.0993170738220215
6833,2.655200481414795,-5.097084999084473
6834,2.4455881118774414,-4.6901774406433105
6835,2.4101004600524902,-3.9412758350372314
6836,2.4356565475463867,-4.349207878112793
6837,2.4033403396606445,-4.664735794067383
6838,2.45961332321167,-4.831479072570801
6839,2.690570592880249,-4.663653373718262
6840,2.6460633277893066,-5.032880783081055
6841,2.472393035888672,-4.687912940979004
6842,2.4494566917419434,-4.400754451751709
6843,2.5554134845733643,-4.800363063812256
6844,2.346311330795288,-4.17458963394165
6845,2.6404895782470703,-5.078894138336182
6846,2.7688918113708496,-4.284147262573242
6847,2.6438331604003906,-4.556375026702881
6848,2.413339614868164,-4.815794467926025
6849,2.801314353942871,-4.423891067504883
6850,2.471920967102051,-5.284502029418945
6851,2.609807252883911,-4.476565361022949
6852,2.7896597385406494,-4.454240798950195
6853,2.6986889839172363,-5.866533279418945
6854,2.4470791816711426,-4.231935977935791
6855,2.773075580596924,-5.018054008483887
6856,2.3982508182525635,-3.7411794662475586
6857,2.8354415893554688,-5.489312648773193
6858,2.7267167568206787,-3.725155830383301
6859,2.5728466510772705,-4.556639194488525
6860,2.676499366760254,-4.619903564453125
6861,2.679292678833008,-4.441045761108398
6862,2.821389675140381,-3.955479383468628
6863,2.731459856033325,-5.323765754699707
6864,2.884303092956543,-4.21829080581665
6865,3.1576929092407227,-4.807168960571289
6866,2.4381003379821777,-5.146481990814209
6867,2.797342538833618,-3.9831924438476562
6868,2.895143985748291,-3.608579158782959
6869,2.5655441284179688,-4.689852237701416
6870,2.678022623062134,-4.4505815505981445
6871,2.8417840003967285,-4.6064372062683105
6872,2.5539069175720215,-4.984289646148682
6873,2.678866386413574,-3.7395827770233154
6874,2.5965728759765625,-3.6468732357025146
6875,2.6879982948303223,-4.196093559265137
6876,2.6276352405548096,-5.3560709953308105
6877,2.8922133445739746,-4.243319511413574
6878,2.585608959197998,-4.023115158081055
6879,2.4089767932891846,-4.397499084472656
6880,2.934603691101074,-4.507800102233887
6881,2.7963552474975586,-4.588163375854492
6882,2.6512937545776367,-4.620448112487793
6883,2.963163375854492,-5.474044322967529
6884,2.619335651397705,-4.1613664627075195
6885,2.3109235763549805,-4.931247234344482
6886,3.0213379859924316,-4.4945220947265625
6887,2.5564279556274414,-5.374340057373047
6888,3.075857162475586,-4.729570388793945
6889,2.5287094116210938,-4.617730140686035
6890,2.675786018371582,-4.567866802215576
6891,2.5877723693847656,-4.277226448059082
6892,2.274519920349121,-4.471868515014648
6893,2.3315248489379883,-5.099681377410889
6894,2.5163650512695312,-4.202918529510498
6895,2.56842041015625,-5.0845947265625
6896,2.4999942779541016,-4.117060661315918
6897,2.720414638519287,-4.21840238571167
6898,2.5326619148254395,-4.383998394012451
6899,2.4748404026031494,-5.330808162689209
6900,2.3264646530151367,-5.36960506439209
6901,2.5896284580230713,-4.135694980621338
6902,2.608943462371826,-4.867592811584473
6903,2.6502389907836914,-5.3310465812683105
6904,2.53237247467041,-4.952072620391846
6905,2.684271812438965,-5.5445780754089355
6906,2.8212575912475586,-3.4705822467803955
6907,2.679628372192383,-4.365017890930176
6908,2.6782567501068115,-3.4225475788116455
6909,2.659752607345581,-4.769356727600098
6910,2.4420013427734375,-4.097211837768555
6911,2.7017617225646973,-4.345330715179443
6912,2.5959267616271973,-3.777189016342163
6913,3.1053924560546875,-3.9774482250213623
6914,2.3733136653900146,-3.868190050125122
6915,2.5237717628479004,-3.948784589767456
6916,2.370736598968506,-4.263517379760742
6917,2.4474081993103027,-4.434988498687744
6918,2.5008466243743896,-4.2736496925354
6919,2.5097591876983643,-4.18625020980835
6920,2.844547986984253,-4.665632247924805
6921,2.5036110877990723,-4.368532180786133
6922,2.7223496437072754,-4.529117584228516
6923,2.6213135719299316,-4.036207675933838
6924,2.928128957748413,-4.90537166595459
6925,2.283261299133301,-4.3094801902771
6926,2.8659119606018066,-4.115077972412109
6927,2.9814891815185547,-4.467228412628174
6928,2.520266056060791,-4.461747646331787
6929,2.74623441696167,-4.751257419586182
6930,2.7611379623413086,-4.221111297607422
6931,2.3068649768829346,-3.7891955375671387
6932,2.6278135776519775,-5.090601921081543
6933,2.844918727874756,-4.99989128112793
6934,2.3300509452819824,-4.087949752807617
6935,2.749067783355713,-4.0061116218566895
6936,2.6519088745117188,-3.764724016189575
6937,2.755692720413208,-4.652246475219727
6938,2.9207522869110107,-4.5776472091674805
6939,2.604947805404663,-4.206262588500977
6940,2.579235792160034,-4.775295257568359
6941,2.817639112472534,-5.475710391998291
6942,2.476205825805664,-4.866084575653076
6943,2.6756348609924316,-4.76107931137085
6944,2.4183425903320312,-4.506567478179932
6945,2.454277276992798,-4.421102046966553
6946,2.490194797515869,-4.917632579803467
6947,2.4400177001953125,-3.6199121475219727
6948,2.4230520725250244,-5.413698196411133
6949,2.5316572189331055,-5.3177618980407715
6950,2.4844253063201904,-5.343548774719238
6951,2.5186984539031982,-3.93013858795166
6952,2.3861799240112305,-4.663843154907227
6953,2.5320706367492676,-4.6153340339660645
6954,2.486828327178955,-4.520246982574463
6955,2.496121406555176,-3.564786672592163
6956,2.7064731121063232,-5.172464370727539
6957,2.361354351043701,-4.159160614013672
6958,2.496857166290283,-3.4977903366088867
6959,2.648669481277466,-4.181471347808838
6960,2.465801477432251,-4.808184623718262
6961,2.5531563758850098,-3.8565447330474854
6962,2.6435317993164062,-4.352797508239746
6963,2.504678249359131,-4.069972038269043
6964,3.081162691116333,-4.444312572479248
6965,2.4760842323303223,-3.8450777530670166
6966,2.519850254058838,-4.1996846199035645
6967,2.5672647953033447,-4.615205764770508
6968,3.065157890319824,-4.083482265472412
6969,2.6037378311157227,-4.415452480316162
6970,2.747814655303955,-4.662302017211914
6971,2.74397611618042,-4.083800792694092
6972,2.458085060119629,-3.21175479888916
6973,2.6854677200317383,-5.031403064727783
6974,2.3678956031799316,-3.8652331829071045
6975,2.6433815956115723,-3.868328332901001
6976,2.4095280170440674,-3.7672295570373535
6977,2.4492063522338867,-5.242747783660889
6978,2.461709976196289,-3.7184953689575195
6979,2.708348274230957,-4.379448890686035
6980,2.7310166358947754,-3.708510398864746
6981,2.4753191471099854,-4.1193132400512695
6982,2.5929532051086426,-4.24598503112793
6983,2.804164409637451,-4.630744457244873
6984,2.43741512298584,-4.299285888671875
6985,2.826040744781494,-4.152012825012207
6986,2.429082155227661,-4.105293273925781
6987,2.3573174476623535,-3.7956883907318115
6988,2.4166066646575928,-4.1651201248168945
6989,2.5628480911254883,-3.3670873641967773
6990,2.7699878215789795,-4.458742141723633
6991,2.631368637084961,-4.76370096206665
6992,2.397848606109619,-4.337899684906006
6993,3.0807528495788574,-4.619769096374512
6994,2.808915138244629,-4.642146587371826
6995,2.9514992237091064,-3.882389545440674
6996,2.5187249183654785,-5.010861396789551
6997,2.7299013137817383,-5.221884250640869
6998,2.635258913040161,-4.306910037994385
6999,2.6659932136535645,-4.5925493240356445
7000,2.612467050552368,-3.457451105117798
7001,2.602475881576538,-4.299156665802002
7002,2.2960450649261475,-4.206265449523926
7003,2.6070783138275146,-3.9401748180389404
7004,2.3742547035217285,-3.9990129470825195
7005,2.4145824909210205,-5.098348617553711
7006,2.319108486175537,-4.381648540496826
7007,2.337430477142334,-4.237728595733643
7008,2.718522310256958,-4.18914794921875
7009,2.588094711303711,-5.217902183532715
7010,2.331057071685791,-3.8638052940368652
7011,2.423503875732422,-4.576253890991211
7012,2.5714690685272217,-4.343294143676758
7013,2.385464668273926,-3.5975611209869385
7014,2.8130736351013184,-4.102541923522949
7015,2.586444854736328,-4.070383548736572
7016,2.5693039894104004,-3.891761064529419
7017,2.429633140563965,-4.4607930183410645
7018,2.4531335830688477,-4.127677917480469
7019,2.537276029586792,-4.170353412628174
7020,2.6633358001708984,-4.325557231903076
7021,2.3580808639526367,-4.078866958618164
7022,2.3069510459899902,-4.178939342498779
7023,2.5309648513793945,-3.6500208377838135
7024,2.3672213554382324,-3.8053817749023438
7025,2.491927146911621,-3.8483026027679443
7026,2.6930484771728516,-3.857492685317993
7027,2.267148017883301,-4.336091995239258
7028,2.3663907051086426,-5.226995944976807
7029,2.9266109466552734,-4.598642349243164
7030,2.3539767265319824,-3.710676670074463
7031,2.5403265953063965,-4.529062747955322
7032,2.4721333980560303,-4.806049823760986
7033,2.3812379837036133,-5.4058685302734375
7034,2.765904664993286,-4.1886491775512695
7035,3.051236152648926,-4.451047420501709
7036,2.6611530780792236,-3.9372506141662598
7037,2.3606762886047363,-4.325305938720703
7038,3.1572351455688477,-5.291742324829102
7039,2.5186855792999268,-3.564053535461426
7040,2.743297576904297,-5.119378566741943
7041,2.4938430786132812,-4.884199142456055
7042,2.5127086639404297,-3.193800926208496
7043,2.5347962379455566,-4.285867214202881
7044,2.4258852005004883,-3.876664638519287
7045,2.8048458099365234,-5.227046012878418
7046,3.210723400115967,-4.600991725921631
7047,2.695620536804199,-4.028624057769775
7048,2.5386338233947754,-4.15533447265625
7049,2.392608880996704,-4.483929634094238
7050,2.5954689979553223,-5.016448020935059
7051,2.682267427444458,-4.6579389572143555
7052,2.837723731994629,-3.8546228408813477
7053,2.6588010787963867,-3.948545217514038
7054,2.3707213401794434,-4.2761454582214355
7055,2.577897071838379,-3.8987936973571777
7056,2.7960867881774902,-3.878167152404785
7057,2.2999684810638428,-3.9404611587524414
7058,2.2693819999694824,-4.759453773498535
7059,2.671853542327881,-4.7148590087890625
7060,2.624359130859375,-4.873105049133301
7061,2.634556293487549,-4.340667247772217
7062,2.4923925399780273,-2.919548749923706
7063,2.555607795715332,-4.286661624908447
7064,3.039835214614868,-3.9313783645629883
7065,2.472938299179077,-3.8171346187591553
7066,2.5806808471679688,-4.0291547775268555
7067,2.6534557342529297,-4.1929826736450195
7068,2.561776638031006,-3.911900043487549
7069,2.8606300354003906,-4.008975982666016
7070,2.5004119873046875,-4.553781986236572
7071,3.2126829624176025,-3.89796781539917
7072,2.5321974754333496,-4.686340808868408
7073,2.2191061973571777,-3.840362787246704
7074,2.6903061866760254,-4.309184551239014
7075,2.4549806118011475,-3.7251739501953125
7076,3.052656412124634,-5.114335536956787
7077,2.4026598930358887,-3.7875380516052246
7078,2.655074119567871,-4.161658763885498
7079,2.3992228507995605,-4.007053375244141
7080,2.4768078327178955,-3.637733221054077
7081,2.5616002082824707,-3.9626944065093994
7082,2.7200605869293213,-3.954758882522583
7083,2.518026351928711,-4.379638195037842
7084,2.1471176147460938,-3.2249693870544434
7085,2.7183938026428223,-3.9760358333587646
7086,2.4012837409973145,-3.9202017784118652
7087,2.520414352416992,-4.386218070983887
7088,2.5615975856781006,-4.275424003601074
7089,2.6036877632141113,-4.185754299163818
7090,2.3403053283691406,-4.237587928771973
7091,2.35068416595459,-3.8599681854248047
7092,2.5434114933013916,-4.113617897033691
7093,2.6373181343078613,-5.215101718902588
7094,2.6831743717193604,-3.6986639499664307
7095,2.4276375770568848,-3.0999035835266113
7096,2.5239386558532715,-3.8582193851470947
7097,2.872185230255127,-4.091129779815674
7098,2.4349679946899414,-4.104118347167969
7099,2.6801490783691406,-4.349408149719238
7100,2.2854249477386475,-5.073858261108398
7101,2.6499273777008057,-4.960377216339111
7102,2.4323222637176514,-4.722601413726807
7103,2.4437332153320312,-4.078277111053467
7104,2.633946657180786,-4.340037822723389
7105,2.3745205402374268,-4.202355861663818
7106,2.5069522857666016,-3.5010385513305664
7107,3.049774646759033,-4.873589992523193
7108,2.4798412322998047,-3.9166147708892822
7109,2.485922336578369,-4.303260326385498
7110,2.5980687141418457,-4.176430702209473
7111,2.4196181297302246,-3.824289560317993
7112,2.404097080230713,-4.068688869476318
7113,2.8094115257263184,-4.8950514793396
7114,2.7234652042388916,-4.1165361404418945
7115,2.878801107406616,-3.9926764965057373
7116,2.4293532371520996,-3.764249801635742
7117,2.5670313835144043,-4.365078449249268
7118,2.731358528137207,-3.6683013439178467
7119,2.8138766288757324,-3.6017956733703613
7120,2.564772844314575,-3.508103132247925
7121,2.3253026008605957,-4.35319709777832
7122,2.588651657104492,-4.632863998413086
7123,2.8598217964172363,-4.43467903137207
7124,2.6293249130249023,-3.6049880981445312
7125,2.497206211090088,-3.5133919715881348
7126,2.33005952835083,-3.6307616233825684
7127,2.488853931427002,-3.9400200843811035
7128,2.4885945320129395,-4.516367435455322
7129,2.2156548500061035,-3.4718477725982666
7130,2.280141830444336,-3.731351613998413
7131,2.3910162448883057,-4.387399673461914
7132,2.396923542022705,-4.492741584777832
7133,2.600703001022339,-4.5151166915893555
7134,2.362184524536133,-3.9441564083099365
7135,2.839296817779541,-3.671337366104126
7136,2.3890199661254883,-4.29030704498291
7137,2.384331703186035,-4.569875717163086
7138,2.3620285987854004,-4.401076316833496
7139,2.5411672592163086,-4.149564743041992
7140,2.3606457710266113,-3.3634371757507324
7141,2.542229652404785,-4.666522026062012
7142,2.6320364475250244,-5.286269664764404
7143,2.5679244995117188,-3.287541389465332
7144,2.3653857707977295,-4.207483291625977
7145,2.1561710834503174,-3.6284432411193848
7146,2.2663800716400146,-3.245781898498535
7147,2.552102565765381,-3.955111026763916
7148,2.173560619354248,-4.09930944442749
7149,2.3777360916137695,-4.58552360534668
7150,2.6030712127685547,-4.784811019897461
7151,2.4740002155303955,-3.6028592586517334
7152,2.430983066558838,-3.7453725337982178
7153,2.519221305847168,-3.8215415477752686
7154,2.562920331954956,-3.896768093109131
7155,2.3418660163879395,-2.9660277366638184
7156,2.7899327278137207,-3.436558723449707
7157,2.2841029167175293,-3.9159350395202637
7158,2.364536762237549,-4.3667893409729
7159,2.5102145671844482,-4.143206596374512
7160,2.757777690887451,-4.414602279663086
7161,2.770805597305298,-4.466127395629883
7162,2.4387454986572266,-4.37733268737793
7163,2.313962459564209,-4.960963249206543
7164,2.4521427154541016,-3.7738823890686035
7165,2.49481201171875,-4.12380838394165
7166,2.676499366760254,-3.669187307357788
7167,2.614628791809082,-4.516880512237549
7168,2.582611560821533,-3.530271291732788
7169,2.4358878135681152,-4.311656475067139
7170,2.666968822479248,-4.00405740737915
7171,2.512857437133789,-3.7426891326904297
7172,2.3659982681274414,-4.529909610748291
7173,2.745473623275757,-3.9678215980529785
7174,2.4221904277801514,-3.4740960597991943
7175,2.4319562911987305,-4.745089530944824
7176,2.5659351348876953,-3.984419345855713
7177,2.6763176918029785,-4.41567850112915
7178,2.2681589126586914,-4.57639217376709
7179,2.5154566764831543,-3.9808411598205566
7180,2.753420352935791,-4.352668285369873
7181,2.549250602722168,-4.7075886726379395
7182,2.534411907196045,-3.014474391937256
7183,2.7719151973724365,-4.497976303100586
7184,2.8751230239868164,-3.789957046508789
7185,2.573420524597168,-3.9878997802734375
7186,2.762361526489258,-4.3502116203308105
7187,3.379976272583008,-4.864489555358887
7188,2.308807134628296,-4.153097152709961
7189,2.4823508262634277,-5.242302417755127
7190,2.5203397274017334,-4.353226184844971
7191,2.5988943576812744,-4.546422004699707
7192,2.5909624099731445,-4.491319179534912
7193,2.6234607696533203,-3.6485369205474854
7194,2.4004297256469727,-3.1522998809814453
7195,2.710702896118164,-3.116793155670166
7196,2.813255786895752,-3.9301445484161377
7197,2.7748584747314453,-3.886476993560791
7198,2.3315863609313965,-3.4078478813171387
7199,2.984891176223755,-3.8392550945281982
7200,2.3859548568725586,-3.3424367904663086
7201,2.8004517555236816,-4.682727813720703
7202,3.158564805984497,-3.4697105884552
7203,2.607750415802002,-3.42704701423645
7204,2.212127685546875,-4.094143867492676
7205,2.46415638923645,-4.329946517944336
7206,2.4660964012145996,-3.565469264984131
7207,2.7683629989624023,-3.639164924621582
7208,2.6230618953704834,-3.7268643379211426
7209,2.2888400554656982,-4.336050033569336
7210,2.415198802947998,-5.140261650085449
7211,2.506721258163452,-4.312482833862305
7212,2.7586357593536377,-5.142593860626221
7213,2.943833351135254,-3.7626953125
7214,2.4465267658233643,-4.296319007873535
7215,2.9539427757263184,-4.129155158996582
7216,2.3863043785095215,-4.367280960083008
7217,2.8711156845092773,-3.4084198474884033
7218,2.457796573638916,-3.7377469539642334
7219,2.6563568115234375,-3.5801992416381836
7220,2.7248497009277344,-4.598283767700195
7221,2.910862922668457,-4.4172043800354
7222,2.6194581985473633,-4.276523590087891
7223,2.5265445709228516,-4.097769260406494
7224,2.46505069732666,-3.223660469055176
7225,2.4687509536743164,-4.584981918334961
7226,3.005535125732422,-4.070757865905762
7227,2.4721481800079346,-4.375204086303711
7228,2.3991518020629883,-5.022475242614746
7229,2.46791410446167,-4.845674514770508
7230,2.6474101543426514,-4.315933704376221
7231,2.478522539138794,-3.9682250022888184
7232,2.400118589401245,-4.313188076019287
7233,2.3161847591400146,-4.441857814788818
7234,2.689091920852661,-4.1649041175842285
7235,2.476400852203369,-3.4617702960968018
7236,2.7528693675994873,-3.8253612518310547
7237,2.3332126140594482,-3.5551092624664307
7238,2.7718613147735596,-4.631686210632324
7239,2.72471284866333,-4.2316813468933105
7240,3.1486685276031494,-3.7109079360961914
7241,2.992093563079834,-3.186840772628784
7242,2.3678674697875977,-3.2150685787200928
7243,2.7649078369140625,-4.044622898101807
7244,2.6275830268859863,-4.309933185577393
7245,2.3315539360046387,-3.7803516387939453
7246,2.554563283920288,-3.5857040882110596
7247,2.5104479789733887,-4.162403106689453
7248,2.504002094268799,-4.444912910461426
7249,2.4255261421203613,-3.593135118484497
7250,2.269348621368408,-3.7833831310272217
7251,2.2753195762634277,-3.6177752017974854
7252,2.659947395324707,-4.4512619972229
7253,2.6002683639526367,-3.653243064880371
7254,2.309574604034424,-4.4058732986450195
7255,2.2818565368652344,-3.1610066890716553
7256,2.6816368103027344,-3.661318778991699
7257,2.5829429626464844,-3.263345956802368
7258,2.340311050415039,-3.8686916828155518
7259,2.7918009757995605,-4.52486515045166
7260,2.2508513927459717,-4.011783599853516
7261,2.35841965675354,-4.096268177032471
7262,2.180492401123047,-3.959872245788574
7263,2.4613842964172363,-3.3443374633789062
7264,3.1253621578216553,-3.766174077987671
7265,2.6038424968719482,-4.2389044761657715
7266,2.4492599964141846,-3.7255797386169434
7267,2.324244976043701,-3.998612880706787
7268,2.267892360687256,-4.75693416595459
7269,2.3757143020629883,-3.545886516571045
7270,2.5932388305664062,-4.097658634185791
7271,2.5481433868408203,-3.999709129333496
7272,2.6072559356689453,-3.550006151199341
7273,2.4802374839782715,-3.3245270252227783
7274,2.67586612701416,-3.840116262435913
7275,2.618515968322754,-3.8107800483703613
7276,2.768777847290039,-4.0313520431518555
7277,2.6936771869659424,-4.4447550773620605
7278,2.583848714828491,-3.872861862182617
7279,2.5063090324401855,-4.543979167938232
7280,2.222315788269043,-3.5185348987579346
7281,2.637460947036743,-3.787933588027954
7282,2.4582839012145996,-4.553601264953613
7283,2.6979660987854004,-4.14857292175293
7284,2.6334457397460938,-3.7503960132598877
7285,2.5355238914489746,-4.13556432723999
7286,2.4708964824676514,-4.531710624694824
7287,2.530032157897949,-3.6543610095977783
7288,2.595466375350952,-5.046781539916992
7289,2.7760844230651855,-4.320367813110352
7290,2.652099132537842,-3.361797571182251
7291,2.8087611198425293,-4.290911674499512
7292,2.512510299682617,-4.113788604736328
7293,2.612628221511841,-4.321174144744873
7294,2.535562515258789,-4.005815505981445
7295,2.8955531120300293,-3.8307650089263916
7296,2.3447213172912598,-4.486812591552734
7297,2.6407628059387207,-4.605933666229248
7298,2.6290011405944824,-4.365748882293701
7299,2.5452263355255127,-4.377826690673828
7300,2.6484012603759766,-3.2786688804626465
7301,2.1027040481567383,-4.79024600982666
7302,2.432361125946045,-3.4823975563049316
7303,2.86256742477417,-3.9130301475524902
7304,2.145233154296875,-3.5190916061401367
7305,2.2130208015441895,-4.323382377624512
7306,2.4881792068481445,-4.896338939666748
7307,2.721513271331787,-3.7468788623809814
7308,2.4740562438964844,-3.167539119720459
7309,2.9419355392456055,-3.655582904815674
7310,2.648527145385742,-3.909501075744629
7311,2.411803960800171,-3.0249266624450684
7312,2.747666358947754,-4.58974552154541
7313,2.594179630279541,-4.50240421295166
7314,2.7846603393554688,-3.221879005432129
7315,2.6295390129089355,-3.433518886566162
7316,2.544149875640869,-4.24558687210083
7317,2.673292636871338,-3.330456256866455
7318,2.252304792404175,-3.6355409622192383
7319,2.664271354675293,-4.656322002410889
7320,2.7150027751922607,-4.516757011413574
7321,2.5390071868896484,-3.7293872833251953
7322,2.5703792572021484,-3.163008689880371
7323,2.4241013526916504,-2.998512029647827
7324,2.3430471420288086,-3.740807294845581
7325,2.4566540718078613,-3.985109567642212
7326,2.4791531562805176,-5.2093610763549805
7327,2.5093729496002197,-4.169739246368408
7328,2.3943374156951904,-4.403357982635498
7329,2.4861526489257812,-4.734301567077637
7330,2.7404158115386963,-3.33589506149292
7331,2.4356794357299805,-4.251281261444092
7332,2.3769097328186035,-3.860039472579956
7333,2.213359832763672,-4.356945514678955
7334,2.5418033599853516,-4.233006477355957
7335,2.279066562652588,-3.110713005065918
7336,2.4896960258483887,-3.1556622982025146
7337,2.1869194507598877,-3.955043077468872
7338,2.438005208969116,-3.521738290786743
7339,2.691770315170288,-4.278964996337891
7340,2.355773448944092,-4.365011692047119
7341,2.2669014930725098,-4.209335803985596
7342,2.1735434532165527,-4.300474643707275
7343,2.494442939758301,-3.980417490005493
7344,2.277085542678833,-3.5311453342437744
7345,2.3038172721862793,-3.3857479095458984
7346,2.5237538814544678,-4.69484281539917
7347,2.457977771759033,-4.382005214691162
7348,2.462721824645996,-3.558333158493042
7349,2.550044059753418,-4.5651535987854
7350,2.166795253753662,-3.720038652420044
7351,2.3657803535461426,-3.7559378147125244
7352,2.9276609420776367,-4.200846195220947
7353,2.553689479827881,-3.230358600616455
7354,2.2670226097106934,-3.41644287109375
7355,2.5921778678894043,-4.194367408752441
7356,2.305541753768921,-3.307199716567993
7357,2.4658379554748535,-3.5146939754486084
7358,2.267092227935791,-3.5561795234680176
7359,2.9293606281280518,-4.115862846374512
7360,2.219093084335327,-3.5147292613983154
7361,2.9370155334472656,-3.6230382919311523
7362,2.6065115928649902,-3.4844884872436523
7363,2.7038259506225586,-3.3007683753967285
7364,3.1693999767303467,-3.70621395111084
7365,2.5496644973754883,-3.418233633041382
7366,2.699589729309082,-5.158411026000977
7367,2.4393563270568848,-3.9468352794647217
7368,2.448883533477783,-3.4791629314422607
7369,2.429098606109619,-3.8024659156799316
7370,2.5618999004364014,-4.037006378173828
7371,2.24664044380188,-3.822967290878296
7372,2.837925434112549,-3.8601267337799072
7373,2.5582375526428223,-2.9570975303649902
7374,2.3870203495025635,-4.080041885375977
7375,2.4683361053466797,-3.80171275138855
7376,2.6596407890319824,-3.88911771774292
7377,2.4931178092956543,-3.426640272140503
7378,2.7935733795166016,-3.885418176651001
7379,2.6438381671905518,-3.413588285446167
7380,2.6988096237182617,-3.5035343170166016
7381,2.421940803527832,-5.073032379150391
7382,2.3982958793640137,-4.065690517425537
7383,2.741722822189331,-4.287814140319824
7384,2.504037380218506,-4.058897972106934
7385,2.527163028717041,-3.9793195724487305
7386,2.629852294921875,-4.108242988586426
7387,2.772442102432251,-3.4990172386169434
7388,2.4192097187042236,-3.325641393661499
7389,2.905679225921631,-3.8167946338653564
7390,2.9179773330688477,-3.668776512145996
7391,2.3742103576660156,-2.8963210582733154
7392,3.078150749206543,-4.073362350463867
7393,2.4333512783050537,-3.57913875579834
7394,2.8779709339141846,-4.495292663574219
7395,2.3417868614196777,-4.040040969848633
7396,2.570605754852295,-4.050629615783691
7397,2.4603610038757324,-3.4124388694763184
7398,2.8680338859558105,-3.226004123687744
7399,3.2499966621398926,-4.260438442230225
7400,2.7740912437438965,-3.354494333267212
7401,2.5981383323669434,-4.420802116394043
7402,2.7257351875305176,-3.8103954792022705
7403,2.5803675651550293,-2.838449001312256
7404,2.573484182357788,-3.3343138694763184
7405,2.35945725440979,-3.6366875171661377
7406,2.62308669090271,-3.193706750869751
7407,2.2519729137420654,-4.654891490936279
7408,2.7405264377593994,-3.2691826820373535
7409,2.277827024459839,-3.298802137374878
7410,2.4210734367370605,-3.705552101135254
7411,2.522937297821045,-3.975843906402588
7412,2.4740967750549316,-4.00938081741333
7413,2.5402541160583496,-3.969036340713501
7414,2.33622407913208,-3.6577954292297363
7415,2.205683946609497,-3.5379714965820312
7416,2.8986101150512695,-3.809128522872925
7417,2.3810644149780273,-4.435607433319092
7418,2.5626327991485596,-3.818127393722534
7419,2.6731231212615967,-3.917086124420166
7420,2.3944687843322754,-3.146663188934326
7421,2.321000814437866,-3.8008387088775635
7422,2.676504135131836,-3.9110910892486572
7423,2.480731964111328,-4.027833461761475
7424,2.4444079399108887,-3.5508832931518555
7425,2.5898101329803467,-4.295417785644531
7426,2.5830063819885254,-3.344308376312256
7427,2.7681825160980225,-3.8873462677001953
7428,2.437403678894043,-3.1803743839263916
7429,2.283928871154785,-3.3103291988372803
7430,2.4509639739990234,-4.443426609039307
7431,2.748337984085083,-3.574876308441162
7432,2.273625373840332,-4.055288791656494
7433,2.3022234439849854,-3.5781960487365723
7434,2.597482681274414,-3.6485750675201416
7435,2.557344913482666,-3.3100826740264893
7436,2.6066699028015137,-4.384016513824463
7437,2.3073058128356934,-3.8001840114593506
7438,2.428025484085083,-3.382047414779663
7439,2.3588650226593018,-3.4375481605529785
7440,2.227081775665283,-4.284538269042969
7441,2.5359537601470947,-4.253890514373779
7442,2.916887044906616,-4.296363353729248
7443,2.4919180870056152,-4.3212480545043945
7444,2.5455892086029053,-3.6582655906677246
7445,2.4250664710998535,-3.8110103607177734
7446,2.298567295074463,-3.7316651344299316
7447,2.205612897872925,-4.132544040679932
7448,2.117518901824951,-3.5066211223602295
7449,2.3258566856384277,-3.6889865398406982
7450,2.7279505729675293,-3.944986581802368
7451,2.57279634475708,-3.298530340194702
7452,2.5431742668151855,-3.5182363986968994
7453,2.4310462474823,-3.283681869506836
7454,2.4271345138549805,-2.963887929916382
7455,2.3448219299316406,-3.864461898803711
7456,2.3894896507263184,-3.839787006378174
7457,2.6099300384521484,-3.3436930179595947
7458,3.3173398971557617,-3.446099281311035
7459,2.7294862270355225,-3.7237720489501953
7460,2.887556314468384,-3.3307743072509766
7461,2.360194683074951,-2.4598259925842285
7462,2.387267589569092,-3.071845769882202
7463,2.312516212463379,-3.2220458984375
7464,2.593745708465576,-4.074337959289551
7465,2.453397750854492,-3.3585736751556396
7466,2.3421614170074463,-3.7230286598205566
7467,2.3477210998535156,-3.7024123668670654
7468,2.629596710205078,-3.573723554611206
7469,2.8330607414245605,-2.9119157791137695
7470,2.5761802196502686,-3.7825558185577393
7471,2.5104172229766846,-3.401512861251831
7472,2.5207128524780273,-3.2054004669189453
7473,2.5406270027160645,-3.7555344104766846
7474,2.687018394470215,-2.859637498855591
7475,2.4085257053375244,-3.4875354766845703
7476,2.5779809951782227,-4.568552494049072
7477,2.3579673767089844,-3.954191207885742
7478,2.3017263412475586,-3.8207144737243652
7479,2.192749500274658,-3.413999557495117
7480,2.544621467590332,-3.440389394760132
7481,2.7233779430389404,-3.484196424484253
7482,2.4750828742980957,-3.7464993000030518
7483,2.0092530250549316,-2.9757065773010254
7484,2.5669355392456055,-4.263644695281982
7485,2.4240870475769043,-3.3510804176330566
7486,2.8528451919555664,-3.699385404586792
7487,2.256927251815796,-3.0326735973358154
7488,2.815488815307617,-4.155779838562012
7489,2.6515424251556396,-4.299314022064209
7490,2.593043804168701,-4.238570690155029
7491,2.8332881927490234,-4.312230587005615
7492,3.379194736480713,-3.134953022003174
7493,2.437685489654541,-3.036301374435425
7494,2.782658576965332,-3.71748685836792
7495,2.6251039505004883,-3.5397157669067383
7496,3.1037545204162598,-3.372880220413208
7497,2.4297003746032715,-3.213273286819458
7498,2.634673595428467,-2.804292917251587
7499,2.4726967811584473,-3.8573594093322754
7500,2.6696176528930664,-3.9818170070648193
7501,2.423579692840576,-3.2536187171936035
7502,2.763308525085449,-3.9869039058685303
7503,2.537280321121216,-3.1145505905151367
7504,2.3978781700134277,-4.0779571533203125
7505,2.5523855686187744,-3.8070478439331055
7506,2.4173216819763184,-4.350835800170898
7507,2.35898494720459,-4.196756839752197
7508,2.499277353286743,-4.082165718078613
7509,2.6613211631774902,-2.924562454223633
7510,2.7010087966918945,-3.137335777282715
7511,2.434870481491089,-3.7844479084014893
7512,2.3153557777404785,-4.119104862213135
7513,2.643531322479248,-3.9099369049072266
7514,2.2808985710144043,-3.5118179321289062
7515,2.201540946960449,-3.055244207382202
7516,2.396914005279541,-3.55305552482605
7517,2.7055792808532715,-3.7833809852600098
7518,2.323363780975342,-2.7663376331329346
7519,2.7703804969787598,-3.332568883895874
7520,2.57804012298584,-3.563122272491455
7521,2.2179524898529053,-3.791491746902466
7522,2.489147901535034,-3.6490283012390137
7523,2.501167058944702,-3.6173486709594727
7524,2.2670254707336426,-3.490962505340576
7525,2.1811776161193848,-2.82281494140625
7526,2.3893494606018066,-3.5398099422454834
7527,2.39672589302063,-3.514838457107544
7528,2.3598179817199707,-4.204870700836182
7529,2.488839864730835,-3.818301200866699
7530,2.588275671005249,-4.2729620933532715
7531,2.4658079147338867,-4.503603935241699
7532,2.59938645362854,-3.370378017425537
7533,2.5660908222198486,-4.085648059844971
7534,2.496708393096924,-3.458646297454834
7535,2.142317533493042,-3.1266167163848877
7536,2.6287624835968018,-3.046414852142334
7537,2.4510772228240967,-3.477614164352417
7538,2.4294958114624023,-3.4255080223083496
7539,2.59712553024292,-3.949693202972412
7540,2.6041183471679688,-3.9413907527923584
7541,2.446092128753662,-4.471105098724365
7542,2.435978889465332,-2.8841748237609863
7543,2.7362022399902344,-3.8070528507232666
7544,2.5727124214172363,-3.371793270111084
7545,2.476689577102661,-3.512472629547119
7546,2.855987071990967,-3.925574541091919
7547,2.6358323097229004,-4.0853800773620605
7548,2.8496546745300293,-3.8859059810638428
7549,2.502440929412842,-3.200880527496338
7550,2.429886817932129,-3.8117001056671143
7551,3.2941761016845703,-3.657938241958618
7552,2.454526901245117,-3.3154940605163574
7553,2.5320277214050293,-3.8497073650360107
7554,2.6771607398986816,-5.373540878295898
7555,2.335493564605713,-4.073432922363281
7556,3.027702808380127,-3.8401410579681396
7557,2.517505645751953,-4.00330924987793
7558,2.9859485626220703,-3.9814438819885254
7559,2.5535106658935547,-3.2913787364959717
7560,2.3827075958251953,-3.9222631454467773
7561,2.4972708225250244,-2.9149363040924072
7562,2.529340982437134,-3.4855217933654785
7563,2.3640494346618652,-3.6006882190704346
7564,2.5327820777893066,-3.3260467052459717
7565,2.412870407104492,-4.311842441558838
7566,2.508213996887207,-3.0728516578674316
7567,2.4915924072265625,-3.7266385555267334
7568,2.4389562606811523,-2.9512925148010254
7569,2.6397509574890137,-3.5382392406463623
7570,2.875605583190918,-3.098294258117676
7571,2.4044647216796875,-3.535526752471924
7572,2.5814666748046875,-3.5855026245117188
7573,2.2962584495544434,-3.049863576889038
7574,2.426572322845459,-3.5973925590515137
7575,2.3979172706604004,-2.6267406940460205
7576,2.961437940597534,-4.429921627044678
7577,2.5308966636657715,-3.2354917526245117
7578,2.2001566886901855,-3.5190887451171875
7579,2.6749348640441895,-3.2774672508239746
7580,2.4962470531463623,-3.681169033050537
7581,2.587848663330078,-4.065592288970947
7582,2.3542866706848145,-3.3979969024658203
7583,2.2504212856292725,-4.280500411987305
7584,2.635075092315674,-3.921584367752075
7585,2.6757307052612305,-3.5180671215057373
7586,2.86114501953125,-3.2665317058563232
7587,2.8338584899902344,-3.0893588066101074
7588,2.4054360389709473,-3.850842237472534
7589,2.7920923233032227,-4.08866024017334
7590,2.5901551246643066,-2.786280870437622
7591,2.7144272327423096,-3.4859280586242676
7592,3.155182361602783,-3.493588447570801
7593,2.344346046447754,-3.651434898376465
7594,2.5642127990722656,-3.3415372371673584
7595,2.485426902770996,-3.4984357357025146
7596,2.8193717002868652,-3.715484380722046
7597,2.4528679847717285,-3.6785330772399902
7598,2.4486474990844727,-3.4454751014709473
7599,2.490241527557373,-3.60469126701355
7600,2.6967873573303223,-3.277003765106201
7601,2.7275867462158203,-4.030925273895264
7602,2.4687585830688477,-4.2227301597595215
7603,2.3952512741088867,-3.2193567752838135
7604,2.254760265350342,-2.941054344177246
7605,2.5598902702331543,-4.007575988769531
7606,2.4149303436279297,-3.1460962295532227
7607,2.5504326820373535,-3.735146999359131
7608,2.3434529304504395,-3.484036445617676
7609,2.2717809677124023,-3.2673113346099854
7610,2.879580020904541,-4.515463352203369
7611,2.813490390777588,-4.108434677124023
7612,2.4570555686950684,-3.351104974746704
7613,2.4642598628997803,-3.986016035079956
7614,2.5585765838623047,-3.3780517578125
7615,2.4555373191833496,-3.291848659515381
7616,2.8699655532836914,-4.358514785766602
7617,2.472594738006592,-3.638204574584961
7618,2.7161173820495605,-4.130087852478027
7619,2.587963581085205,-4.106801986694336
7620,2.599275588989258,-2.9780962467193604
7621,2.826991558074951,-3.5309295654296875
7622,2.4722142219543457,-3.191237449645996
7623,2.855116367340088,-3.074251174926758
7624,2.5942130088806152,-3.3321280479431152
7625,2.4490504264831543,-3.828918218612671
7626,2.608414649963379,-3.588982343673706
7627,2.2759644985198975,-3.7705910205841064
7628,2.696918487548828,-3.351297616958618
7629,2.526726007461548,-3.2385501861572266
7630,2.478564500808716,-3.674720525741577
7631,2.736738443374634,-4.294964790344238
7632,2.3813982009887695,-4.048650741577148
7633,2.624044895172119,-3.745680332183838
7634,2.4774250984191895,-3.0821871757507324
7635,2.4796690940856934,-3.6870739459991455
7636,2.9572806358337402,-3.1216444969177246
7637,2.3507299423217773,-3.7160046100616455
7638,2.5280399322509766,-3.1647021770477295
7639,2.5223565101623535,-3.1247620582580566
7640,2.511660575866699,-3.6882412433624268
7641,2.735896110534668,-3.816025972366333
7642,2.9868228435516357,-4.036553859710693
7643,2.4987573623657227,-3.4951629638671875
7644,2.4485480785369873,-3.1464684009552
7645,2.698676824569702,-3.783339262008667
7646,3.036264657974243,-3.706958532333374
7647,2.5664420127868652,-3.872276544570923
7648,2.33607816696167,-3.6509106159210205
7649,2.586108684539795,-3.0258262157440186
7650,2.5923938751220703,-3.566821575164795
7651,2.269697666168213,-3.4392473697662354
7652,2.4735074043273926,-2.980743169784546
7653,2.9175002574920654,-3.6110754013061523
7654,2.7932443618774414,-3.2053940296173096
7655,2.723015785217285,-3.0407559871673584
7656,2.5957651138305664,-3.7064483165740967
7657,2.3988184928894043,-3.7518913745880127
7658,2.4081015586853027,-3.609128713607788
7659,2.5668787956237793,-3.635763168334961
7660,2.35180401802063,-3.5287399291992188
7661,2.4342126846313477,-3.286025285720825
7662,2.107722759246826,-3.1818935871124268
7663,2.341688632965088,-3.1531739234924316
7664,2.41249942779541,-3.12556791305542
7665,2.5123448371887207,-3.59431791305542
7666,2.6229453086853027,-4.386844635009766
7667,2.6438679695129395,-3.6427812576293945
7668,2.825200080871582,-3.8701107501983643
7669,2.2541677951812744,-2.9749321937561035
7670,2.5819108486175537,-3.0950982570648193
7671,2.583799362182617,-3.0757150650024414
7672,2.54823637008667,-3.0673131942749023
7673,2.7671425342559814,-3.7850961685180664
7674,2.633692502975464,-4.281202793121338
7675,2.5083460807800293,-3.3584842681884766
7676,2.6477887630462646,-3.935234785079956
7677,2.629662036895752,-3.307924270629883
7678,2.5584683418273926,-3.680293321609497
7679,2.4811384677886963,-3.6141164302825928
7680,2.381004571914673,-3.818324089050293
7681,2.479050636291504,-3.7953696250915527
7682,2.2382616996765137,-2.767749071121216
7683,2.6213674545288086,-3.7484936714172363
7684,2.7570505142211914,-3.62192440032959
7685,2.730483293533325,-3.1621367931365967
7686,2.7155699729919434,-3.0656280517578125
7687,2.4164600372314453,-2.3983075618743896
7688,2.62713623046875,-3.1434624195098877
7689,2.9330482482910156,-4.128605842590332
7690,2.4311418533325195,-3.605832576751709
7691,3.3778867721557617,-3.55794620513916
7692,2.612287998199463,-3.2808942794799805
7693,2.9487972259521484,-3.4044899940490723
7694,2.7587013244628906,-3.576394557952881
7695,2.4954068660736084,-3.3764123916625977
7696,3.039541244506836,-3.4228110313415527
7697,2.385416030883789,-3.6748406887054443
7698,3.1170148849487305,-3.603468418121338
7699,2.8303399085998535,-3.3677115440368652
7700,3.2894654273986816,-3.2190299034118652
7701,3.3716797828674316,-3.8259832859039307
7702,2.3364365100860596,-2.798771381378174
7703,3.038543224334717,-2.688530206680298
7704,2.9062845706939697,-4.2699294090271
7705,2.750002145767212,-3.020946741104126
7706,3.5727293491363525,-3.072634220123291
7707,2.785106897354126,-3.9875705242156982
7708,2.856369972229004,-3.4114267826080322
7709,2.7523467540740967,-3.0954668521881104
7710,2.748711109161377,-3.208138942718506
7711,3.206845760345459,-3.6599655151367188
7712,2.724483013153076,-3.2513039112091064
7713,2.6825904846191406,-2.7024712562561035
7714,2.6183273792266846,-2.75425386428833
7715,2.7436447143554688,-3.9735944271087646
7716,2.4516115188598633,-3.8788845539093018
7717,2.4455010890960693,-3.5802016258239746
7718,2.610339641571045,-3.339792490005493
7719,2.389737129211426,-3.427393913269043
7720,3.2354860305786133,-3.383558988571167
7721,2.8145995140075684,-3.8821654319763184
7722,2.899606943130493,-4.173326015472412
7723,3.7366836071014404,-4.4660797119140625
7724,2.537903308868408,-3.287379741668701
7725,2.6521830558776855,-2.6938822269439697
7726,2.9042696952819824,-3.790224313735962
7727,2.6175215244293213,-3.483828544616699
7728,3.2629408836364746,-3.5326943397521973
7729,2.3818039894104004,-4.017612457275391
7730,2.698154926300049,-2.9132425785064697
7731,2.922569751739502,-3.814530372619629
7732,2.616830348968506,-3.526711940765381
7733,2.910299777984619,-3.3221633434295654
7734,2.4711697101593018,-3.0661730766296387
7735,3.022979736328125,-3.1460022926330566
7736,2.636064291000366,-3.304964542388916
7737,2.7420549392700195,-3.318695068359375
7738,2.7467617988586426,-3.4844298362731934
7739,2.3645386695861816,-3.16249942779541
7740,2.7520365715026855,-4.432932376861572
7741,2.984816551208496,-3.2379114627838135
7742,2.8382487297058105,-3.330265760421753
7743,2.7596755027770996,-3.4560556411743164
7744,2.7094621658325195,-3.6662631034851074
7745,2.6160144805908203,-3.3150763511657715
7746,2.4531750679016113,-3.0340497493743896
7747,2.653939723968506,-3.704932451248169
7748,2.5085015296936035,-3.943502426147461
7749,2.8813068866729736,-3.8174099922180176
7750,2.431593418121338,-3.568141460418701
7751,2.3771276473999023,-3.3755271434783936
7752,2.433432102203369,-3.0497994422912598
7753,2.4187254905700684,-3.157876491546631
7754,2.491605758666992,-3.944157600402832
7755,2.457005500793457,-3.6308116912841797
7756,2.908874273300171,-3.1764845848083496
7757,2.538339614868164,-2.922302007675171
7758,2.644503593444824,-3.4384539127349854
7759,2.809722900390625,-3.6120615005493164
7760,3.263594627380371,-3.097505807876587
7761,2.577329158782959,-3.295835018157959
7762,2.408823013305664,-3.501774311065674
7763,2.389958381652832,-2.846322536468506
7764,2.3267452716827393,-2.9367895126342773
7765,2.6800341606140137,-3.088585138320923
7766,2.578866720199585,-2.629441738128662
7767,2.433126449584961,-3.1346848011016846
7768,3.003232002258301,-2.9412682056427
7769,3.1148159503936768,-3.102741003036499
7770,2.721379280090332,-2.7417633533477783
7771,2.575533866882324,-3.919957160949707
7772,2.676478862762451,-4.202668190002441
7773,2.7962353229522705,-3.5635814666748047
7774,2.456270694732666,-3.345721483230591
7775,2.4375240802764893,-3.6400809288024902
7776,2.651465892791748,-3.5366697311401367
7777,2.806878089904785,-3.1727542877197266
7778,2.4581525325775146,-3.336240768432617
7779,2.3541126251220703,-2.4912633895874023
7780,2.48634934425354,-3.940305709838867
7781,2.919739246368408,-3.5263311862945557
7782,2.626354217529297,-3.2866241931915283
7783,2.6529922485351562,-3.52213716506958
7784,2.7134199142456055,-3.499267578125
7785,2.6031503677368164,-2.8021676540374756
7786,2.5289597511291504,-3.135951519012451
7787,2.492396354675293,-3.4098944664001465
7788,2.6628551483154297,-3.5014917850494385
7789,2.4522080421447754,-3.0868947505950928
7790,2.3487517833709717,-3.0135576725006104
7791,2.4832706451416016,-3.1832709312438965
7792,3.184798240661621,-3.23443603515625
7793,2.410761833190918,-2.7763776779174805
7794,2.522310733795166,-3.157670497894287
7795,2.6244969367980957,-3.117750644683838
7796,2.2570741176605225,-3.006972074508667
7797,2.4970502853393555,-3.128303289413452
7798,3.0258307456970215,-3.3119564056396484
7799,2.50840163230896,-3.6803290843963623
7800,2.3702216148376465,-3.5032927989959717
7801,2.627717971801758,-3.381418228149414
7802,2.540896415710449,-3.189103126525879
7803,2.3616342544555664,-3.376453161239624
7804,2.4435415267944336,-3.551362991333008
7805,2.528695583343506,-4.215502738952637
7806,2.8184759616851807,-3.9284796714782715
7807,2.5030994415283203,-3.0729875564575195
7808,2.4654598236083984,-2.7502007484436035
7809,2.6776750087738037,-3.4258487224578857
7810,2.8765861988067627,-2.761218547821045
7811,2.8039422035217285,-2.8917627334594727
7812,2.8948163986206055,-3.2731518745422363
7813,2.4095849990844727,-3.3985955715179443
7814,2.547961711883545,-4.325737953186035
7815,2.5091938972473145,-3.1532540321350098
7816,2.526331663131714,-3.0719995498657227
7817,2.457486629486084,-3.04201602935791
7818,3.1237707138061523,-3.1075310707092285
7819,2.558953285217285,-2.5104312896728516
7820,2.4102039337158203,-3.1380951404571533
7821,2.2775135040283203,-2.9969899654388428
7822,2.814520835876465,-3.4659247398376465
7823,2.0895609855651855,-3.0658860206604004
7824,2.2704644203186035,-3.577049970626831
7825,2.7090845108032227,-3.4865241050720215
7826,2.4784345626831055,-3.696755886077881
7827,2.516524314880371,-3.7623510360717773
7828,2.5962653160095215,-3.8851819038391113
7829,2.188535213470459,-2.9605298042297363
7830,2.5461063385009766,-2.7216556072235107
7831,2.442800760269165,-3.0974597930908203
7832,2.60050106048584,-3.290745735168457
7833,2.6738474369049072,-3.1264593601226807
7834,2.2672088146209717,-3.180783748626709
7835,2.5628037452697754,-3.301515579223633
7836,2.3003835678100586,-2.996389865875244
7837,2.5911898612976074,-2.866894006729126
7838,2.4255847930908203,-3.135483980178833
7839,2.638331413269043,-2.8362231254577637
7840,2.4708409309387207,-2.8290014266967773
7841,2.5518393516540527,-3.025665283203125
7842,2.9579854011535645,-4.189635753631592
7843,2.360691547393799,-3.768796443939209
7844,2.3582677841186523,-2.9647936820983887
7845,2.4281487464904785,-2.9970016479492188
7846,2.1991095542907715,-2.941983938217163
7847,2.5096631050109863,-2.837677240371704
7848,2.3001973628997803,-3.543586015701294
7849,2.55326509475708,-3.38759183883667
7850,2.307985305786133,-3.5912413597106934
7851,2.552928924560547,-2.92437744140625
7852,2.3624091148376465,-3.3906726837158203
7853,2.7048580646514893,-3.5985753536224365
7854,2.451824903488159,-3.3868207931518555
7855,2.815598487854004,-3.879387617111206
7856,2.6686484813690186,-3.893472671508789
7857,2.395338773727417,-3.040034770965576
7858,2.7070508003234863,-3.4254322052001953
7859,2.4264934062957764,-3.4421169757843018
7860,2.6877737045288086,-3.3364779949188232
7861,2.4361352920532227,-3.8917183876037598
7862,2.320524215698242,-2.7120444774627686
7863,2.9091010093688965,-3.7721118927001953
7864,2.5029687881469727,-3.492802619934082
7865,2.641472816467285,-3.135935068130493
7866,2.3945555686950684,-3.451934814453125
7867,2.745661973953247,-3.1455864906311035
7868,2.752858877182007,-3.6721038818359375
7869,2.378640651702881,-3.0748560428619385
7870,2.6304194927215576,-3.0130481719970703
7871,2.6560797691345215,-3.5813677310943604
7872,2.628350019454956,-3.300323247909546
7873,2.6026864051818848,-3.53989315032959
7874,2.637218952178955,-3.776350975036621
7875,2.353066921234131,-3.4826343059539795
7876,2.9869494438171387,-3.4867823123931885
7877,2.4520392417907715,-2.4122159481048584
7878,2.515153408050537,-3.474703073501587
7879,2.560079574584961,-4.046539783477783
7880,2.9385180473327637,-3.277852773666382
7881,2.4601287841796875,-3.4776771068573
7882,2.433067798614502,-3.6304104328155518
7883,2.5905308723449707,-3.4510691165924072
7884,2.8365864753723145,-3.123008966445923
7885,2.5373923778533936,-3.408095598220825
7886,2.960437774658203,-3.4697933197021484
7887,2.308537483215332,-2.6183528900146484
7888,2.6141858100891113,-3.3506457805633545
7889,2.567488193511963,-3.1995697021484375
7890,2.468079090118408,-3.3634591102600098
7891,2.5930981636047363,-2.8336868286132812
7892,2.4364535808563232,-3.5428903102874756
7893,2.432650327682495,-3.5855050086975098
7894,2.2354371547698975,-2.6671838760375977
7895,2.3716037273406982,-2.275472640991211
7896,2.753495693206787,-2.4807024002075195
7897,2.6210365295410156,-3.7910962104797363
7898,2.834500312805176,-2.571634531021118
7899,3.2823116779327393,-3.068385124206543
7900,2.3003134727478027,-3.1732337474823
7901,2.282274007797241,-3.380113124847412
7902,2.4760313034057617,-2.863664150238037
7903,2.691399097442627,-3.2334601879119873
7904,2.5730795860290527,-3.130955696105957
7905,2.4211106300354004,-3.2735486030578613
7906,2.5509533882141113,-3.1107938289642334
7907,2.083021640777588,-2.7426581382751465
7908,2.628451108932495,-3.338451862335205
7909,2.7545065879821777,-3.07267689704895
7910,2.7623355388641357,-3.043428659439087
7911,2.5984811782836914,-3.496145725250244
7912,2.5233025550842285,-2.7574732303619385
7913,2.4272608757019043,-2.7960879802703857
7914,2.2884035110473633,-3.254215717315674
7915,2.537627696990967,-3.3909101486206055
7916,2.4161648750305176,-2.673207998275757
7917,2.5058321952819824,-2.9418108463287354
7918,2.546884059906006,-2.8747811317443848
7919,2.265120506286621,-2.778818368911743
7920,2.5876004695892334,-2.9829723834991455
7921,2.5206565856933594,-3.1723084449768066
7922,2.6090686321258545,-3.3067026138305664
7923,2.3527884483337402,-3.213057041168213
7924,2.463493585586548,-2.826427936553955
7925,2.361125946044922,-2.7393884658813477
7926,2.4800314903259277,-3.030318021774292
7927,2.511162042617798,-3.322364568710327
7928,2.2649011611938477,-3.0770339965820312
7929,2.42172908782959,-3.0952258110046387
7930,2.6730265617370605,-2.867905378341675
7931,2.9242172241210938,-2.8594226837158203
7932,2.472440719604492,-3.499990940093994
7933,2.756866455078125,-3.2984840869903564
7934,2.363593816757202,-3.1409406661987305
7935,2.6334500312805176,-2.780470609664917
7936,2.3102610111236572,-2.1150026321411133
7937,2.4607224464416504,-2.970050573348999
7938,2.65826416015625,-2.4966161251068115
7939,2.4844789505004883,-3.3736813068389893
7940,2.4925894737243652,-3.0304770469665527
7941,2.25759220123291,-2.603739023208618
7942,2.4592742919921875,-2.771655559539795
7943,2.1177310943603516,-2.561141014099121
7944,2.650961399078369,-2.525094985961914
7945,2.5958914756774902,-3.5370092391967773
7946,2.660360813140869,-3.0511226654052734
7947,2.6044654846191406,-2.875638961791992
7948,2.3833413124084473,-3.2515435218811035
7949,2.27023983001709,-2.9022905826568604
7950,2.607786178588867,-2.9256370067596436
7951,2.6422815322875977,-3.564093589782715
7952,2.298125982284546,-2.914456844329834
7953,2.471367835998535,-2.946195602416992
7954,2.2232449054718018,-2.689589262008667
7955,2.4938058853149414,-3.2586541175842285
7956,2.407162666320801,-3.542051315307617
7957,2.428859233856201,-3.1867189407348633
7958,2.513765573501587,-2.7455520629882812
7959,2.6805758476257324,-3.09865140914917
7960,2.9896774291992188,-3.5841758251190186
7961,2.597252368927002,-3.029524564743042
7962,2.5568089485168457,-2.8094522953033447
7963,2.548330545425415,-2.354135036468506
7964,2.3750717639923096,-2.6691019535064697
7965,2.50408673286438,-3.7573328018188477
7966,2.2482244968414307,-2.902390480041504
7967,2.5831146240234375,-2.781601905822754
7968,2.493302822113037,-2.942203998565674
7969,2.5172371864318848,-3.0316991806030273
7970,2.4024643898010254,-3.0073471069335938
7971,2.9078516960144043,-2.7693960666656494
7972,3.2852964401245117,-3.0422472953796387
7973,2.6679742336273193,-2.976285934448242
7974,2.852846145629883,-3.3448126316070557
7975,2.8727173805236816,-3.0302672386169434
7976,2.7234749794006348,-3.5219783782958984
7977,2.8003172874450684,-2.872790813446045
7978,2.5023891925811768,-2.9521727561950684
7979,2.322061061859131,-2.9637463092803955
7980,2.5885486602783203,-2.6887450218200684
7981,2.5231194496154785,-3.899120807647705
7982,2.8910627365112305,-2.585775852203369
7983,2.513855457305908,-2.295846462249756
7984,2.715559959411621,-2.7727646827697754
7985,2.4408085346221924,-3.3892486095428467
7986,2.542097568511963,-3.181701898574829
7987,2.7315914630889893,-3.316787004470825
7988,2.553656578063965,-3.012958288192749
7989,2.20949387550354,-2.7350778579711914
7990,2.5188441276550293,-3.6989963054656982
7991,2.70888614654541,-3.3851468563079834
7992,2.438681125640869,-3.315276861190796
7993,2.5248825550079346,-3.2596435546875
7994,2.513798713684082,-2.818937063217163
7995,2.5808868408203125,-3.442234754562378
7996,2.6120195388793945,-2.579362154006958
7997,2.3235251903533936,-2.9583022594451904
7998,2.2079999446868896,-2.8104183673858643
7999,2.514739990234375,-3.017177104949951
8000,2.9001898765563965,-3.118182897567749
8001,2.74198579788208,-2.6606838703155518
8002,2.414642810821533,-3.4440646171569824
8003,3.0575883388519287,-3.0902321338653564
8004,2.514578104019165,-3.307743787765503
8005,2.30230975151062,-3.2172741889953613
8006,2.347649574279785,-2.6247427463531494
8007,2.6299610137939453,-3.052433967590332
8008,2.396832227706909,-3.326068162918091
8009,2.5073280334472656,-3.0580108165740967
8010,2.305636405944824,-2.3693151473999023
8011,2.6477537155151367,-2.926539659500122
8012,2.419673442840576,-2.4470629692077637
8013,2.509847640991211,-2.6317901611328125
8014,2.357665538787842,-2.8253889083862305
8015,2.8371424674987793,-3.334907293319702
8016,2.2078194618225098,-2.7810323238372803
8017,2.286623001098633,-2.837371826171875
8018,2.330369710922241,-2.8656933307647705
8019,2.2284598350524902,-2.6391782760620117
8020,2.7261548042297363,-3.458594560623169
8021,2.722644090652466,-3.144570827484131
8022,2.6423072814941406,-3.7202460765838623
8023,2.6218109130859375,-2.82808256149292
8024,2.7003121376037598,-3.3011889457702637
8025,2.3310952186584473,-3.1648166179656982
8026,2.4949722290039062,-2.7952356338500977
8027,2.3886475563049316,-2.8309333324432373
8028,2.739551544189453,-3.461312770843506
8029,2.6315181255340576,-2.6302428245544434
8030,2.751162528991699,-3.075822353363037
8031,2.4728317260742188,-2.400529384613037
8032,2.562767744064331,-3.3461761474609375
8033,2.411550998687744,-2.914872169494629
8034,2.5653586387634277,-2.894740343093872
8035,2.3527023792266846,-2.973195791244507
8036,2.6339945793151855,-2.7882065773010254
8037,2.708674430847168,-2.6486597061157227
8038,2.5255985260009766,-2.4341940879821777
8039,2.8056674003601074,-3.2197561264038086
8040,2.45497465133667,-3.065429449081421
8041,2.3108510971069336,-3.104438543319702
8042,2.3945627212524414,-2.538071632385254
8043,2.8031575679779053,-3.3179733753204346
8044,2.3984882831573486,-2.877417802810669
8045,2.338576316833496,-2.4826836585998535
8046,2.411105155944824,-2.930440664291382
8047,2.4251413345336914,-2.314054489135742
8048,2.567986488342285,-2.676950693130493
8049,2.3858842849731445,-2.8740344047546387
8050,2.3561911582946777,-3.587122917175293
8051,2.2794809341430664,-3.3985085487365723
8052,2.6275229454040527,-2.870858669281006
8053,3.0576539039611816,-2.4100348949432373
8054,2.3808860778808594,-2.14707612991333
8055,2.5315897464752197,-1.888138771057129
8056,2.7446975708007812,-2.9050774574279785
8057,2.5258235931396484,-3.2357850074768066
8058,2.540989875793457,-3.4560253620147705
8059,3.30263614654541,-2.9696695804595947
8060,2.509037494659424,-3.178316593170166
8061,2.7204947471618652,-2.144089937210083
8062,2.4320807456970215,-3.2286734580993652
8063,2.067246437072754,-2.825917959213257
8064,2.6063337326049805,-2.815208673477173
8065,2.3986172676086426,-2.5061888694763184
8066,2.595407247543335,-3.577471971511841
8067,2.6200718879699707,-2.7770867347717285
8068,2.392653465270996,-3.1266863346099854
8069,2.681920051574707,-3.047428607940674
8070,2.7843470573425293,-2.7561841011047363
8071,2.823389768600464,-2.7600796222686768
8072,2.824495553970337,-2.930340051651001
8073,2.9105277061462402,-2.911276340484619
8074,2.7531909942626953,-3.1819522380828857
8075,2.3960061073303223,-2.685025930404663
8076,2.57833194732666,-3.0299267768859863
8077,2.4723727703094482,-2.823343515396118
8078,2.4578568935394287,-3.3783862590789795
8079,2.3483757972717285,-2.7185933589935303
8080,2.5342297554016113,-3.1408393383026123
8081,2.689115285873413,-3.361375093460083
8082,2.223473310470581,-3.246612548828125
8083,2.3666906356811523,-3.1954879760742188
8084,2.415882110595703,-3.4744861125946045
8085,2.359748363494873,-3.3452842235565186
8086,2.9547948837280273,-3.1346535682678223
8087,2.491302013397217,-2.4613351821899414
8088,2.5704610347747803,-2.8445370197296143
8089,2.606381893157959,-2.931455373764038
8090,2.6061840057373047,-2.766630172729492
8091,2.3775410652160645,-2.7852652072906494
8092,2.5455408096313477,-3.1273279190063477
8093,2.8174633979797363,-2.492502450942993
8094,2.5616064071655273,-3.1470959186553955
8095,2.5765373706817627,-3.3509533405303955
8096,2.898480176925659,-2.9865245819091797
8097,2.643111228942871,-3.189084053039551
8098,2.49583101272583,-3.1740965843200684
8099,2.3805553913116455,-2.3863587379455566
8100,2.743739128112793,-3.522292137145996
8101,2.8528032302856445,-3.3803069591522217
8102,2.395601272583008,-2.000459671020508
8103,2.4636433124542236,-3.0825088024139404
8104,2.4247357845306396,-2.5590240955352783
8105,2.718864917755127,-2.8436691761016846
8106,2.549025774002075,-3.155777931213379
8107,2.3716678619384766,-3.078444242477417
8108,2.344435691833496,-3.1607062816619873
8109,2.4958043098449707,-2.566153049468994
8110,2.117988348007202,-2.6865575313568115
8111,2.5876622200012207,-2.982759952545166
8112,2.5033621788024902,-2.2143850326538086
8113,2.730717658996582,-2.8382604122161865
8114,2.4249348640441895,-3.081864833831787
8115,2.512012481689453,-3.0517184734344482
8116,2.5112667083740234,-2.602247953414917
8117,2.7196407318115234,-2.4628865718841553
8118,2.5968902111053467,-3.101470947265625
8119,2.448582887649536,-3.097855806350708
8120,2.472144603729248,-2.657531976699829
8121,2.4392268657684326,-2.7674059867858887
8122,2.52720308303833,-2.154372453689575
8123,2.746303081512451,-2.9079318046569824
8124,2.4600443840026855,-3.0740108489990234
8125,2.3547606468200684,-2.2729594707489014
8126,2.6086344718933105,-2.6942267417907715
8127,2.6793065071105957,-2.835740089416504
8128,2.3062400817871094,-2.6281282901763916
8129,2.45744252204895,-2.949237108230591
8130,2.3020544052124023,-3.4434261322021484
8131,2.8153557777404785,-3.6205999851226807
8132,2.9663515090942383,-2.9330074787139893
8133,2.7432727813720703,-3.0491907596588135
8134,2.482581615447998,-2.020153284072876
8135,2.4519314765930176,-2.6033270359039307
8136,2.6544201374053955,-2.80502986907959
8137,2.428626537322998,-3.0532443523406982
8138,3.06972074508667,-3.2280819416046143
8139,2.5643985271453857,-2.5865824222564697
8140,2.699549674987793,-2.842822790145874
8141,2.8650009632110596,-3.597519874572754
8142,2.6511130332946777,-3.5257394313812256
8143,2.403439521789551,-2.7375729084014893
8144,2.4716176986694336,-2.663034677505493
8145,2.715808868408203,-2.9667370319366455
8146,2.816229820251465,-2.653902292251587
8147,2.402331829071045,-3.134446144104004
8148,2.5215344429016113,-2.0919737815856934
8149,2.4630398750305176,-2.389148473739624
8150,2.4347143173217773,-3.1479852199554443
8151,2.6392905712127686,-2.919620990753174
8152,2.622683048248291,-2.6860857009887695
8153,2.449516773223877,-3.4975192546844482
8154,2.3428099155426025,-2.3489065170288086
8155,2.59458589553833,-2.4834015369415283
8156,2.866262435913086,-2.817502021789551
8157,2.63771390914917,-2.6208412647247314
8158,2.534508228302002,-3.479193925857544
8159,2.675139904022217,-2.603242874145508
8160,2.2523677349090576,-3.294590473175049
8161,2.9391591548919678,-2.8979499340057373
8162,2.657440662384033,-2.8125624656677246
8163,2.64676833152771,-2.744366407394409
8164,2.4393553733825684,-2.2109649181365967
8165,2.2176895141601562,-2.9098098278045654
8166,2.454744338989258,-2.585681676864624
8167,2.506526470184326,-2.7216503620147705
8168,2.5447001457214355,-2.617576837539673
8169,2.800610303878784,-2.9155614376068115
8170,2.420199394226074,-2.710155963897705
8171,2.7920961380004883,-3.7944746017456055
8172,2.4169671535491943,-2.5909230709075928
8173,2.8627216815948486,-2.540220260620117
8174,2.524184226989746,-2.8868863582611084
8175,2.7013132572174072,-2.7224855422973633
8176,2.555727243423462,-3.3622307777404785
8177,2.2377779483795166,-2.519615411758423
8178,2.6455416679382324,-2.6792409420013428
8179,2.664917230606079,-2.6978704929351807
8180,2.719423532485962,-2.8161699771881104
8181,2.9709346294403076,-2.7867789268493652
8182,2.5291123390197754,-2.3352227210998535
8183,2.628556728363037,-2.6500375270843506
8184,2.6099257469177246,-2.8238840103149414
8185,2.62479305267334,-3.0013742446899414
8186,2.4972634315490723,-2.6472179889678955
8187,2.5354840755462646,-2.914560317993164
8188,2.91397762298584,-2.827885389328003
8189,2.595926284790039,-2.495745897293091
8190,2.56744647026062,-3.12087345123291
8191,2.929818868637085,-3.6194803714752197
8192,2.5150437355041504,-2.9288878440856934
8193,2.631042003631592,-3.3284833431243896
8194,2.8269729614257812,-3.0491132736206055
8195,2.7286553382873535,-3.616946220397949
8196,2.419976234436035,-3.180234432220459
8197,2.2722039222717285,-2.5284318923950195
8198,2.5564396381378174,-2.5878145694732666
8199,2.6545939445495605,-2.445072889328003
8200,2.5064711570739746,-2.7300329208374023
8201,2.5094547271728516,-2.6180899143218994
8202,2.776395559310913,-2.912602424621582
8203,2.462130546569824,-3.623624563217163
8204,2.5876412391662598,-2.4697656631469727
8205,2.5008316040039062,-2.524670362472534
8206,2.406912326812744,-2.8989365100860596
8207,2.845625877380371,-2.0542311668395996
8208,2.724731922149658,-3.0269196033477783
8209,2.6619668006896973,-2.6288669109344482
8210,2.6671879291534424,-2.4624571800231934
8211,2.4338455200195312,-2.7697136402130127
8212,2.481724500656128,-2.634885311126709
8213,2.8561596870422363,-2.9923768043518066
8214,2.580271005630493,-2.545137882232666
8215,2.7303597927093506,-2.5648763179779053
8216,2.6651315689086914,-2.633023738861084
8217,2.4567432403564453,-2.8655643463134766
8218,2.6317386627197266,-2.903791904449463
8219,2.6451072692871094,-2.9091734886169434
8220,2.507310390472412,-3.087057590484619
8221,2.4373421669006348,-2.443974018096924
8222,2.9461922645568848,-2.2059781551361084
8223,2.914609909057617,-2.9992570877075195
8224,2.455378532409668,-2.9161441326141357
8225,2.3912601470947266,-3.0403146743774414
8226,2.8140485286712646,-2.6740148067474365
8227,2.423086643218994,-2.9231646060943604
8228,2.523904323577881,-2.24416184425354
8229,2.6777045726776123,-2.318624496459961
8230,2.500415802001953,-3.2189807891845703
8231,2.483206033706665,-2.2403154373168945
8232,2.4465270042419434,-2.6744544506073
8233,2.404552936553955,-2.6543426513671875
8234,2.765869140625,-2.893481969833374
8235,2.3836240768432617,-2.6910629272460938
8236,2.600986957550049,-3.0361204147338867
8237,2.782057285308838,-3.0226786136627197
8238,2.564319610595703,-2.5291779041290283
8239,2.6203970909118652,-2.6611905097961426
8240,2.5313477516174316,-2.979262590408325
8241,2.5572361946105957,-2.971830368041992
8242,2.852038860321045,-2.726593255996704
8243,2.816502094268799,-3.431572198867798
8244,2.5423638820648193,-2.6749930381774902
8245,2.41108775138855,-2.437079906463623
8246,2.402404308319092,-2.7934463024139404
8247,2.5155975818634033,-3.445333480834961
8248,2.4632158279418945,-2.5988008975982666
8249,2.4681453704833984,-2.6939589977264404
8250,2.340698719024658,-2.651102066040039
8251,2.50051212310791,-2.4783272743225098
8252,2.5106170177459717,-1.8777178525924683
8253,2.330756664276123,-2.6589043140411377
8254,2.637791633605957,-3.417694330215454
8255,2.155986785888672,-2.7661046981811523
8256,2.7378740310668945,-2.4119272232055664
8257,2.457894802093506,-2.9910123348236084
8258,2.837594985961914,-3.4252185821533203
8259,2.444960117340088,-2.538635015487671
8260,2.340625762939453,-2.4926581382751465
8261,2.1773195266723633,-2.4429898262023926
8262,2.1614418029785156,-2.1542863845825195
8263,2.3254776000976562,-2.2536423206329346
8264,2.5722060203552246,-2.0045125484466553
8265,2.334888219833374,-2.6218178272247314
8266,2.5449464321136475,-3.3560147285461426
8267,2.5038866996765137,-3.120732069015503
8268,2.632236957550049,-3.099151372909546
8269,2.7594141960144043,-2.715285539627075
8270,2.3857686519622803,-2.4334113597869873
8271,2.5819156169891357,-2.779634952545166
8272,2.257761240005493,-2.6540961265563965
8273,2.2619102001190186,-2.8181939125061035
8274,2.2307937145233154,-2.6286635398864746
8275,2.8013551235198975,-3.116767644882202
8276,2.30126953125,-2.702578067779541
8277,2.579342842102051,-2.909555673599243
8278,2.512986183166504,-2.906972646713257
8279,2.9139204025268555,-3.0165305137634277
8280,2.721555709838867,-3.135035514831543
8281,2.5338921546936035,-2.794370174407959
8282,3.0515830516815186,-2.3347840309143066
8283,2.449228286743164,-2.7453744411468506
8284,2.7617459297180176,-2.4939217567443848
8285,2.5191664695739746,-3.042349338531494
8286,2.564687728881836,-2.878269672393799
8287,2.4526615142822266,-2.028195858001709
8288,2.544408082962036,-2.5488200187683105
8289,2.835052967071533,-3.111328363418579
8290,2.0344488620758057,-2.8122591972351074
8291,2.4367427825927734,-2.363722324371338
8292,2.559248924255371,-2.4208061695098877
8293,2.206854820251465,-2.369479179382324
8294,2.369624137878418,-2.5436220169067383
8295,2.444612979888916,-2.8438305854797363
8296,2.564135789871216,-2.721222162246704
8297,2.359127998352051,-2.2228589057922363
8298,2.6693925857543945,-2.4345014095306396
8299,2.444448471069336,-2.8891518115997314
8300,2.4968841075897217,-2.7970974445343018
8301,2.6281914710998535,-2.562704086303711
8302,2.4267635345458984,-1.8405407667160034
8303,2.3314385414123535,-2.527559757232666
8304,2.340730667114258,-2.3258261680603027
8305,2.5087668895721436,-2.5322000980377197
8306,2.4519617557525635,-3.2317276000976562
8307,2.6374692916870117,-2.7689003944396973
8308,2.6337876319885254,-2.6118195056915283
8309,2.3441877365112305,-2.683051109313965
8310,2.452603340148926,-2.7495272159576416
8311,2.8148927688598633,-2.3085484504699707
8312,2.3558189868927,-2.4518320560455322
8313,2.326165199279785,-2.8589258193969727
8314,2.8791611194610596,-2.3691468238830566
8315,2.797028064727783,-2.558781385421753
8316,3.3067479133605957,-3.136355400085449
8317,2.760566234588623,-2.7012877464294434
8318,2.530003070831299,-3.190291166305542
8319,2.824981212615967,-2.5604240894317627
8320,2.933736801147461,-3.3252344131469727
8321,2.5756027698516846,-2.434678554534912
8322,3.0380983352661133,-2.468865156173706
8323,2.6675472259521484,-2.533029317855835
8324,2.666083812713623,-2.6931543350219727
8325,2.8093767166137695,-2.7746942043304443
8326,2.1812050342559814,-2.1882622241973877
8327,2.348269462585449,-2.5454468727111816
8328,2.7798328399658203,-2.7202486991882324
8329,2.6093015670776367,-3.2526798248291016
8330,2.416740894317627,-2.666288137435913
8331,2.7520666122436523,-2.324026107788086
8332,2.667940139770508,-2.631183385848999
8333,2.8194212913513184,-2.2557473182678223
8334,2.838634490966797,-2.7364792823791504
8335,2.382157325744629,-2.5681774616241455
8336,2.4550437927246094,-3.0164954662323
8337,2.904650926589966,-2.2485170364379883
8338,2.4389915466308594,-3.1751654148101807
8339,2.5227715969085693,-1.9074985980987549
8340,2.895906925201416,-2.2534101009368896
8341,2.1795873641967773,-2.3087213039398193
8342,2.638579845428467,-2.245392322540283
8343,2.3048977851867676,-2.8163743019104004
8344,2.7857179641723633,-3.3322267532348633
8345,2.535557270050049,-2.8754661083221436
8346,2.611114263534546,-2.524836778640747
8347,2.648383617401123,-2.7254323959350586
8348,2.541700839996338,-2.555911064147949
8349,2.800900459289551,-2.4897496700286865
8350,2.8284215927124023,-3.225729465484619
8351,2.3809282779693604,-2.1697163581848145
8352,2.5054962635040283,-2.3843204975128174
8353,2.4922945499420166,-3.052645683288574
8354,2.492966651916504,-2.6724791526794434
8355,2.8834047317504883,-2.99436616897583
8356,2.7594096660614014,-2.773205041885376
8357,2.7662343978881836,-2.677006244659424
8358,2.786428689956665,-2.4329781532287598
8359,2.542039632797241,-2.768862009048462
8360,2.7875733375549316,-3.2212696075439453
8361,2.256455898284912,-3.1799914836883545
8362,2.5332510471343994,-2.6481029987335205
8363,2.6400012969970703,-2.560600996017456
8364,2.458794593811035,-2.3263099193573
8365,2.4820899963378906,-2.386744737625122
8366,2.718719482421875,-3.060805082321167
8367,2.3940038681030273,-2.3566770553588867
8368,3.0468273162841797,-2.9701929092407227
8369,2.2401442527770996,-2.4156367778778076
8370,2.592339515686035,-2.4001095294952393
8371,2.318857192993164,-2.8401968479156494
8372,2.425720453262329,-2.8690176010131836
8373,2.8027141094207764,-2.398702383041382
8374,2.804823637008667,-3.143131732940674
8375,2.2447962760925293,-2.3690335750579834
8376,2.328601837158203,-2.243584632873535
8377,2.43029522895813,-2.110755443572998
8378,2.451409339904785,-2.794512987136841
8379,2.989307165145874,-2.4193761348724365
8380,3.011875867843628,-2.3880836963653564
8381,2.4606056213378906,-2.689960241317749
8382,2.6479640007019043,-2.435936212539673
8383,2.5798258781433105,-2.4906461238861084
8384,2.346698760986328,-2.783689498901367
8385,2.049854278564453,-1.8683230876922607
8386,2.5757126808166504,-3.097203254699707
8387,2.4126226902008057,-2.838757276535034
8388,2.7523794174194336,-1.9195858240127563
8389,2.3017256259918213,-2.0270979404449463
8390,2.6574015617370605,-2.6884047985076904
8391,2.5631847381591797,-2.627103328704834
8392,2.202620267868042,-2.431159734725952
8393,2.540832281112671,-2.9527392387390137
8394,2.376168966293335,-1.8942811489105225
8395,2.274214267730713,-2.348130226135254
8396,2.1954612731933594,-2.1214118003845215
8397,2.528916835784912,-2.8354015350341797
8398,2.683553695678711,-2.786161184310913
8399,2.5891976356506348,-3.4343061447143555
8400,2.2718238830566406,-2.463528871536255
8401,2.4674079418182373,-2.4666624069213867
8402,2.0662317276000977,-2.114880323410034
8403,2.414503574371338,-2.5309369564056396
8404,2.7555675506591797,-2.608097553253174
8405,2.833615303039551,-2.8269052505493164
8406,2.5181703567504883,-3.0236895084381104
8407,2.3733577728271484,-2.5422956943511963
8408,2.4972996711730957,-2.4854068756103516
8409,2.5116071701049805,-2.9214019775390625
8410,2.4204518795013428,-2.5123908519744873
8411,2.277310848236084,-2.1771841049194336
8412,2.90464448928833,-2.5948266983032227
8413,2.9927525520324707,-3.060880422592163
8414,2.8537490367889404,-2.567533254623413
8415,2.4114322662353516,-2.87784481048584
8416,2.5373613834381104,-2.6573126316070557
8417,3.2249059677124023,-2.737088918685913
8418,2.702099323272705,-2.4951581954956055
8419,2.6350579261779785,-2.813096284866333
8420,2.4605679512023926,-2.2932870388031006
8421,3.1032989025115967,-2.5758254528045654
8422,2.3241724967956543,-2.576695203781128
8423,2.9610981941223145,-2.0590617656707764
8424,2.4520156383514404,-2.332211971282959
8425,2.5392394065856934,-2.4067113399505615
8426,2.3317689895629883,-2.6472465991973877
8427,2.3180418014526367,-2.0707895755767822
8428,2.351445436477661,-2.141818046569824
8429,2.9366836547851562,-2.8723888397216797
8430,2.5105767250061035,-2.1838271617889404
8431,2.554856777191162,-2.103609323501587
8432,2.658425807952881,-2.661775588989258
8433,2.2212424278259277,-2.407806396484375
8434,2.6186935901641846,-2.5076630115509033
8435,2.7254037857055664,-2.6390130519866943
8436,2.344841957092285,-2.7363691329956055
8437,2.5712203979492188,-2.765329360961914
8438,2.385326385498047,-2.3562636375427246
8439,2.4499855041503906,-2.7814910411834717
8440,2.688051223754883,-2.081632614135742
8441,2.5695767402648926,-2.562129497528076
8442,3.2105560302734375,-2.6188037395477295
8443,2.859982967376709,-2.460577964782715
8444,2.595271110534668,-2.2688918113708496
8445,2.648751735687256,-2.636836051940918
8446,2.827755928039551,-2.478217124938965
8447,2.297312021255493,-2.677112340927124
8448,2.522378921508789,-3.052365303039551
8449,2.284898281097412,-2.203584909439087
8450,2.957052707672119,-2.2762398719787598
8451,2.5691027641296387,-2.574286699295044
8452,2.264026165008545,-2.007175922393799
8453,2.5617833137512207,-2.51054310798645
8454,2.652566432952881,-2.3082427978515625
8455,2.469684600830078,-2.2024104595184326
8456,2.3372726440429688,-2.1922447681427
8457,2.319965362548828,-2.578409433364868
8458,2.2035508155822754,-1.959094524383545
8459,2.389021873474121,-2.3957877159118652
8460,2.2545628547668457,-1.8634729385375977
8461,2.6099047660827637,-2.449298620223999
8462,2.4497766494750977,-2.958918809890747
8463,2.5350942611694336,-2.6159374713897705
8464,2.377528429031372,-3.0340099334716797
8465,2.2882022857666016,-2.3920676708221436
8466,3.042048931121826,-2.588818311691284
8467,2.3724632263183594,-2.628786563873291
8468,2.117121696472168,-2.4921796321868896
8469,2.679579257965088,-1.883758544921875
8470,2.727644681930542,-2.8509528636932373
8471,2.1600098609924316,-2.3280861377716064
8472,3.063779830932617,-2.519615411758423
8473,2.6795594692230225,-2.7829580307006836
8474,2.503014326095581,-2.811809778213501
8475,2.546825408935547,-2.5990912914276123
8476,2.4463868141174316,-2.159540891647339
8477,2.764434576034546,-2.769791603088379
8478,2.6015915870666504,-2.5276575088500977
8479,2.5944714546203613,-2.500478744506836
8480,2.4780640602111816,-2.548015832901001
8481,2.834080219268799,-2.278336763381958
8482,2.654717445373535,-2.4840755462646484
8483,2.682560443878174,-2.347105026245117
8484,2.5820717811584473,-2.6765246391296387
8485,2.90048885345459,-2.399308204650879
8486,2.907796859741211,-1.6453166007995605
8487,2.9206228256225586,-2.7007882595062256
8488,2.9378209114074707,-2.1643528938293457
8489,2.6824214458465576,-2.320451259613037
8490,2.689141035079956,-2.3617422580718994
8491,2.9925947189331055,-2.3536596298217773
8492,3.053011894226074,-1.9530442953109741
8493,3.232755184173584,-2.431128740310669
8494,2.820399284362793,-2.4394760131835938
8495,2.6794300079345703,-2.81573486328125
8496,2.980442523956299,-2.4928524494171143
8497,2.895944595336914,-2.5569374561309814
8498,2.5241994857788086,-2.0894458293914795
8499,2.1371641159057617,-1.9316104650497437
8500,2.633455753326416,-1.9157031774520874
8501,2.4406299591064453,-2.4520227909088135
8502,2.3577232360839844,-2.594008445739746
8503,3.155543565750122,-3.153987169265747
8504,2.618753433227539,-2.213663101196289
8505,2.3572399616241455,-2.3248775005340576
8506,2.5742697715759277,-2.8203234672546387
8507,2.4269561767578125,-1.880333662033081
8508,2.250425338745117,-2.1354458332061768
8509,2.9190988540649414,-2.495537042617798
8510,2.8638768196105957,-2.2271840572357178
8511,2.71634578704834,-2.3940906524658203
8512,2.846856117248535,-1.9985342025756836
8513,2.3616929054260254,-2.5973148345947266
8514,2.9048409461975098,-2.179859161376953
8515,2.8377113342285156,-1.8808059692382812
8516,2.8256630897521973,-2.221891403198242
8517,2.3216071128845215,-2.4960501194000244
8518,2.588325023651123,-2.936448097229004
8519,2.7269532680511475,-2.6263396739959717
8520,2.649660348892212,-1.859595537185669
8521,2.5998525619506836,-2.3911540508270264
8522,2.797309637069702,-2.293123245239258
8523,2.379671096801758,-1.9668705463409424
8524,2.625213384628296,-2.7547507286071777
8525,2.4831433296203613,-2.5375638008117676
8526,2.370441198348999,-2.0143883228302
8527,2.6284143924713135,-2.395179033279419
8528,2.5956103801727295,-2.4469711780548096
8529,2.6274094581604004,-2.647341728210449
8530,2.757874011993408,-2.8469862937927246
8531,2.492182970046997,-2.6478710174560547
8532,2.4841320514678955,-2.367940664291382
8533,2.5800976753234863,-2.5564234256744385
8534,2.637157440185547,-2.7595090866088867
8535,2.3514866828918457,-2.197659969329834
8536,2.442566394805908,-2.8926987648010254
8537,2.4511876106262207,-2.377896308898926
8538,2.6607179641723633,-2.6308155059814453
8539,2.7771127223968506,-2.491171360015869
8540,2.3465867042541504,-2.3775908946990967
8541,2.178407669067383,-2.2176287174224854
8542,2.60239577293396,-2.500277519226074
8543,2.8293042182922363,-1.990562081336975
8544,2.550879955291748,-2.2881968021392822
8545,2.4966793060302734,-2.076896905899048
8546,2.4703307151794434,-2.5913774967193604
8547,2.414247512817383,-2.555506467819214
8548,2.4667468070983887,-2.7703256607055664
8549,2.507972002029419,-2.6167404651641846
8550,2.6148295402526855,-2.669238805770874
8551,2.479556083679199,-2.732434034347534
8552,2.489572048187256,-2.4493296146392822
8553,2.5243101119995117,-2.7248904705047607
8554,2.497955083847046,-2.80672025680542
8555,2.319878339767456,-2.5488076210021973
8556,2.7211170196533203,-2.9407854080200195
8557,2.4333338737487793,-2.5073888301849365
8558,2.726271152496338,-2.828521490097046
8559,2.44162654876709,-2.260455846786499
8560,2.8224854469299316,-2.08402156829834
8561,2.4257500171661377,-2.318119525909424
8562,2.4691977500915527,-2.530358076095581
8563,2.6894257068634033,-2.2616934776306152
8564,2.471395254135132,-2.245870590209961
8565,2.216381549835205,-1.9595516920089722
8566,2.6092369556427,-2.6178247928619385
8567,2.5551278591156006,-2.6579625606536865
8568,2.2297286987304688,-2.8839316368103027
8569,2.5895957946777344,-2.4370293617248535
8570,2.9333202838897705,-2.0953354835510254
8571,2.644097328186035,-2.0668022632598877
8572,2.4748568534851074,-1.9036166667938232
8573,2.4013943672180176,-2.3111412525177
8574,2.6474485397338867,-2.58280873298645
8575,3.0914933681488037,-1.8640034198760986
8576,2.2713851928710938,-2.4570374488830566
8577,2.6073410511016846,-2.530409574508667
8578,2.8363592624664307,-2.6434600353240967
8579,2.264458179473877,-2.355365514755249
8580,2.367281436920166,-2.1347436904907227
8581,2.386035680770874,-2.7838993072509766
8582,2.3458781242370605,-2.283224105834961
8583,2.273827075958252,-2.537555456161499
8584,2.3179054260253906,-2.425907611846924
8585,2.2584681510925293,-2.478996753692627
8586,2.4624953269958496,-2.290788173675537
8587,2.5494563579559326,-2.938676118850708
8588,2.532470464706421,-2.856227159500122
8589,2.6970818042755127,-2.530074119567871
8590,2.3790512084960938,-2.1736245155334473
8591,2.514498710632324,-2.1307718753814697
8592,2.624366521835327,-2.819000482559204
8593,2.6606907844543457,-2.522029161453247
8594,2.4990739822387695,-2.9504685401916504
8595,2.594743251800537,-2.1659200191497803
8596,3.104374408721924,-2.6927568912506104
8597,2.7223429679870605,-2.349177360534668
8598,2.5859785079956055,-2.5215041637420654
8599,2.2844715118408203,-2.3566641807556152
8600,2.6598048210144043,-2.3637616634368896
8601,2.373845100402832,-1.6636605262756348
8602,2.329030990600586,-2.175767660140991
8603,2.5594751834869385,-2.38547682762146
8604,2.5734291076660156,-1.7062832117080688
8605,2.1961278915405273,-2.3046388626098633
8606,2.881209373474121,-2.4375860691070557
8607,2.3454010486602783,-2.092259168624878
8608,2.7786660194396973,-2.528721570968628
8609,2.1710197925567627,-2.4356353282928467
8610,2.269988536834717,-1.894200086593628
8611,2.660767078399658,-2.363633394241333
8612,2.302525281906128,-2.9669911861419678
8613,2.595937728881836,-2.4044573307037354
8614,2.6324024200439453,-2.4714348316192627
8615,2.852933406829834,-2.1832401752471924
8616,2.7033300399780273,-2.4856226444244385
8617,2.7114644050598145,-3.100738286972046
8618,2.7990002632141113,-2.937241554260254
8619,2.9199838638305664,-2.061281681060791
8620,2.8385910987854004,-2.2123687267303467
8621,2.451408863067627,-2.188570737838745
8622,2.958437204360962,-2.3670096397399902
8623,2.982290744781494,-3.0542447566986084
8624,2.736300230026245,-2.624478340148926
8625,3.234581708908081,-2.2958643436431885
8626,3.4069981575012207,-2.510521173477173
8627,2.8185129165649414,-1.9589062929153442
8628,2.5976479053497314,-2.662801504135132
8629,2.8645877838134766,-2.6965866088867188
8630,2.5723490715026855,-2.3619842529296875
8631,2.531721353530884,-1.983960747718811
8632,2.6039068698883057,-2.1707448959350586
8633,2.648813247680664,-2.493826150894165
8634,2.8124301433563232,-2.1707639694213867
8635,2.6087162494659424,-2.3823282718658447
8636,2.5642828941345215,-2.5616228580474854
8637,2.783083200454712,-2.653491258621216
8638,2.616101026535034,-2.549485683441162
8639,2.836538791656494,-2.2244882583618164
8640,2.979836940765381,-2.198096990585327
8641,2.7873482704162598,-2.406249523162842
8642,2.4918570518493652,-2.3373489379882812
8643,2.525350332260132,-2.3122615814208984
8644,2.6539194583892822,-2.031557559967041
8645,2.385537624359131,-2.210378646850586
8646,2.5163493156433105,-2.3408896923065186
8647,2.5607411861419678,-2.2683451175689697
8648,2.5344748497009277,-1.9547005891799927
8649,2.739182949066162,-2.3761706352233887
8650,2.4869117736816406,-2.183762550354004
8651,2.5047521591186523,-2.3205974102020264
8652,2.708604097366333,-2.471381187438965
8653,2.662112236022949,-2.7235121726989746
8654,2.6888136863708496,-2.3336801528930664
8655,2.5211949348449707,-2.3192925453186035
8656,2.4028258323669434,-2.455221176147461
8657,3.0142931938171387,-2.238250494003296
8658,2.7000584602355957,-2.0958034992218018
8659,2.9779105186462402,-2.383168935775757
8660,2.6890578269958496,-2.518449306488037
8661,2.4032411575317383,-2.3471157550811768
8662,2.7717766761779785,-2.2222440242767334
8663,2.5451972484588623,-2.0856435298919678
8664,3.042431354522705,-2.2452938556671143
8665,2.8869547843933105,-2.3427956104278564
8666,2.769395351409912,-2.244464159011841
8667,2.927786350250244,-3.2481849193573
8668,2.8891377449035645,-2.046293258666992
8669,2.7516050338745117,-1.9315959215164185
8670,2.6161131858825684,-2.8248772621154785
8671,2.757452964782715,-2.598099708557129
8672,2.515380859375,-2.586117744445801
8673,2.467604637145996,-2.358128547668457
8674,2.8034377098083496,-2.590064764022827
8675,2.5487847328186035,-2.366044521331787
8676,2.7300305366516113,-2.526521682739258
8677,2.4486441612243652,-2.226367473602295
8678,2.524066686630249,-2.146491765975952
8679,2.6613171100616455,-2.105675458908081
8680,2.5543580055236816,-2.460822105407715
8681,2.4987287521362305,-2.3991599082946777
8682,2.3536081314086914,-2.3034608364105225
8683,2.5171709060668945,-2.13858699798584
8684,2.622466564178467,-2.233999013900757
8685,2.453639030456543,-2.2837960720062256
8686,2.315497875213623,-2.039369583129883
8687,2.6694037914276123,-2.702319860458374
8688,2.7981019020080566,-2.6713759899139404
8689,2.953707218170166,-2.2660880088806152
8690,3.023069143295288,-2.188518524169922
8691,2.836595058441162,-2.290461778640747
8692,2.534012794494629,-2.0288233757019043
8693,2.487043857574463,-2.5519814491271973
8694,2.347342014312744,-2.2260046005249023
8695,2.405808925628662,-2.3929622173309326
8696,2.6472721099853516,-1.8586549758911133
8697,2.511507272720337,-2.391953468322754
8698,2.2763919830322266,-2.012354612350464
8699,2.4936132431030273,-2.4903926849365234
8700,2.7242631912231445,-2.2100000381469727
8701,3.2063567638397217,-2.0922884941101074
8702,2.2143492698669434,-2.108010768890381
8703,2.609170436859131,-2.244036912918091
8704,2.5010926723480225,-1.9763281345367432
8705,2.6254372596740723,-2.948881149291992
8706,2.332042694091797,-2.1855428218841553
8707,2.6938867568969727,-1.9934114217758179
8708,2.8250863552093506,-2.0879359245300293
8709,2.5136122703552246,-2.2997665405273438
8710,2.493198871612549,-2.641397714614868
8711,2.2843575477600098,-2.6014440059661865
8712,2.3213400840759277,-1.9321234226226807
8713,2.6039650440216064,-2.2437381744384766
8714,2.4307336807250977,-2.5526366233825684
8715,2.5438742637634277,-1.9385673999786377
8716,2.522373676300049,-2.3207805156707764
8717,2.7819697856903076,-2.2532718181610107
8718,2.5695245265960693,-1.9413766860961914
8719,2.293367862701416,-2.258931875228882
8720,2.696018695831299,-2.425494909286499
8721,2.6513214111328125,-2.235713243484497
8722,2.4851527214050293,-2.274096727371216
8723,2.536930799484253,-2.3272335529327393
8724,2.5355160236358643,-2.361469030380249
8725,2.5430898666381836,-2.6467113494873047
8726,2.911949634552002,-2.423891544342041
8727,2.7268176078796387,-2.732250928878784
8728,2.443904399871826,-2.231688976287842
8729,2.264883279800415,-2.1244633197784424
8730,2.4695773124694824,-1.956080436706543
8731,2.530599594116211,-2.263190984725952
8732,2.596383571624756,-2.1042847633361816
8733,2.7380855083465576,-2.0207600593566895
8734,2.322448253631592,-2.347285509109497
8735,2.3147807121276855,-1.9386600255966187
8736,2.4436745643615723,-2.4740281105041504
8737,2.2667317390441895,-1.6393588781356812
8738,2.7095720767974854,-2.663098096847534
8739,2.3466763496398926,-2.376335382461548
8740,2.5172033309936523,-2.0694103240966797
8741,2.6207525730133057,-1.7240947484970093
8742,2.4485442638397217,-2.4493863582611084
8743,2.7082319259643555,-1.9319236278533936
8744,2.554462432861328,-2.2953598499298096
8745,2.595836639404297,-2.325768232345581
8746,2.8049302101135254,-2.4692983627319336
8747,2.368422269821167,-2.0600430965423584
8748,2.5216009616851807,-2.3652560710906982
8749,2.712127208709717,-2.2975165843963623
8750,2.26845645904541,-2.0705080032348633
8751,2.5066418647766113,-1.7661221027374268
8752,2.298431396484375,-2.3674676418304443
8753,2.972644567489624,-2.0768890380859375
8754,2.7879719734191895,-2.4271929264068604
8755,2.587984800338745,-2.1038787364959717
8756,2.4496030807495117,-2.214812994003296
8757,2.6097044944763184,-2.115178108215332
8758,2.1737489700317383,-1.7996902465820312
8759,2.6900296211242676,-2.2958600521087646
8760,2.486733913421631,-2.0754969120025635
8761,2.61671781539917,-2.406363010406494
8762,2.2706727981567383,-1.5471667051315308
8763,2.490954875946045,-2.5355074405670166
8764,2.559109926223755,-2.476854085922241
8765,2.868332624435425,-2.2515313625335693
8766,2.5886898040771484,-2.0384645462036133
8767,2.296105146408081,-2.221261501312256
8768,2.8378491401672363,-1.629799485206604
8769,2.5330848693847656,-2.142198324203491
8770,2.660041332244873,-2.166170120239258
8771,2.597846031188965,-2.4737472534179688
8772,2.5898303985595703,-2.5467047691345215
8773,2.255750894546509,-1.9761871099472046
8774,2.4883956909179688,-2.5303022861480713
8775,2.495166301727295,-2.2078800201416016
8776,2.9553334712982178,-2.0662636756896973
8777,2.64913010597229,-2.63254976272583
8778,2.674696445465088,-2.6586062908172607
8779,2.8613486289978027,-2.006525993347168
8780,3.243105411529541,-1.882063627243042
8781,2.3281259536743164,-2.382896900177002
8782,2.688666582107544,-2.3990626335144043
8783,2.568568468093872,-2.6585495471954346
8784,2.559600353240967,-2.118792772293091
8785,2.524000644683838,-1.9824082851409912
8786,2.3594446182250977,-1.902980089187622
8787,2.5254368782043457,-2.6249332427978516
8788,2.6486380100250244,-2.608367681503296
8789,2.401416778564453,-2.3531930446624756
8790,2.723837375640869,-1.9494552612304688
8791,2.64670991897583,-2.0957703590393066
8792,2.4037728309631348,-1.5383782386779785
8793,2.4111924171447754,-1.9680719375610352
8794,2.599526882171631,-2.298999547958374
8795,2.709873676300049,-2.545497179031372
8796,2.791916847229004,-2.0965802669525146
8797,2.8092703819274902,-2.5992259979248047
8798,2.510702133178711,-2.151888370513916
8799,2.8706488609313965,-2.547255754470825
8800,2.4801015853881836,-2.1331920623779297
8801,2.2681660652160645,-2.2190353870391846
8802,2.752236843109131,-2.001554489135742
8803,2.591948986053467,-2.334693431854248
8804,2.3989782333374023,-1.9345403909683228
8805,2.4511160850524902,-2.0176100730895996
8806,2.635220527648926,-2.6587555408477783
8807,3.2346413135528564,-2.1885054111480713
8808,2.365056037902832,-2.170217514038086
8809,2.563058853149414,-2.455239772796631
8810,2.6192474365234375,-1.817320704460144
8811,2.518165111541748,-2.376194953918457
8812,2.67655611038208,-2.462737798690796
8813,2.920332908630371,-2.285849094390869
8814,2.650343418121338,-2.120875358581543
8815,2.809070587158203,-2.2915804386138916
8816,2.3787050247192383,-1.4925514459609985
8817,3.021975040435791,-2.612563371658325
8818,2.40651798248291,-2.4954962730407715
8819,2.518160820007324,-2.315338373184204
8820,2.743673801422119,-1.970703125
8821,2.6300716400146484,-2.2672672271728516
8822,2.40907621383667,-2.414628505706787
8823,2.4541306495666504,-1.9658303260803223
8824,2.8027751445770264,-2.4672353267669678
8825,2.3068699836730957,-2.082240343093872
8826,1.9767600297927856,-1.8874493837356567
8827,2.296760082244873,-1.729901909828186
8828,2.6610045433044434,-1.6477746963500977
8829,2.786552906036377,-2.117302179336548
8830,2.7723031044006348,-1.9711120128631592
8831,2.4782605171203613,-1.8661694526672363
8832,2.919227123260498,-2.6270620822906494
8833,2.730875015258789,-2.4115521907806396
8834,2.59260892868042,-2.3710131645202637
8835,2.2897400856018066,-1.7630709409713745
8836,2.7926383018493652,-2.138822317123413
8837,2.956784725189209,-2.216057777404785
8838,2.3959848880767822,-2.080754518508911
8839,2.6892666816711426,-2.323431968688965
8840,2.551140308380127,-1.9601060152053833
8841,2.6522774696350098,-1.861134648323059
8842,2.9352641105651855,-2.198284864425659
8843,2.7765016555786133,-2.4294638633728027
8844,2.2805240154266357,-2.180185079574585
8845,2.853083610534668,-2.2069191932678223
8846,2.8634631633758545,-2.0872743129730225
8847,2.6189708709716797,-2.210629940032959
8848,2.502817153930664,-1.909962773323059
8849,2.9206724166870117,-2.101874351501465
8850,2.5865628719329834,-2.2593576908111572
8851,2.834115982055664,-2.1039435863494873
8852,3.043914318084717,-2.1696617603302
8853,2.6053519248962402,-1.7366936206817627
8854,2.4659347534179688,-1.8320717811584473
8855,2.541166067123413,-2.0323898792266846
8856,2.6189017295837402,-2.2240798473358154
8857,2.5935120582580566,-2.2339794635772705
8858,2.3884737491607666,-2.235583543777466
8859,2.3905510902404785,-1.646726369857788
8860,2.8618040084838867,-1.879958152770996
8861,2.446228504180908,-2.0467758178710938
8862,2.374640464782715,-1.6987080574035645
8863,2.4207634925842285,-2.307607650756836
8864,2.7480006217956543,-2.4139223098754883
8865,2.5480823516845703,-2.4129433631896973
8866,2.6641547679901123,-2.3429477214813232
8867,2.637134075164795,-2.0109360218048096
8868,2.5861051082611084,-2.336831569671631
8869,2.4350099563598633,-2.371203660964966
8870,2.306570529937744,-1.9991804361343384
8871,2.419100522994995,-2.2749853134155273
8872,2.663776397705078,-1.9557430744171143
8873,2.576782703399658,-1.6379040479660034
8874,2.51278018951416,-1.9623967409133911
8875,3.397167205810547,-2.045506238937378
8876,2.0733237266540527,-2.120983839035034
8877,2.596000909805298,-1.8786548376083374
8878,2.6078743934631348,-2.2355222702026367
8879,2.465576171875,-2.018683671951294
8880,2.4692177772521973,-1.9142379760742188
8881,2.5223913192749023,-1.7209070920944214
8882,2.9016289710998535,-1.8034099340438843
8883,2.7492928504943848,-2.409317970275879
8884,2.378112316131592,-2.0005807876586914
8885,2.5533366203308105,-1.966062307357788
8886,2.3917298316955566,-1.9293583631515503
8887,2.470275402069092,-1.6194863319396973
8888,2.261895179748535,-2.140328884124756
8889,2.5401418209075928,-2.5039267539978027
8890,2.6172707080841064,-2.4700207710266113
8891,2.7910094261169434,-2.1729166507720947
8892,2.700162887573242,-2.2142858505249023
8893,2.731660842895508,-1.999189853668213
8894,2.530701160430908,-2.1635282039642334
8895,2.6772608757019043,-2.1228017807006836
8896,2.4969005584716797,-2.0298802852630615
8897,2.838066577911377,-1.473107933998108
8898,2.2902984619140625,-1.7787226438522339
8899,2.475614309310913,-1.9350967407226562
8900,2.369497776031494,-2.0357913970947266
8901,2.5862340927124023,-2.352400779724121
8902,2.8175716400146484,-2.6139144897460938
8903,2.5136053562164307,-2.5219671726226807
8904,2.4316487312316895,-2.2899465560913086
8905,2.610673427581787,-1.6496089696884155
8906,2.7040815353393555,-2.360342264175415
8907,2.546870708465576,-2.384735345840454
8908,2.6434617042541504,-2.3881676197052
8909,2.6721549034118652,-2.3645427227020264
8910,2.6547632217407227,-1.6934982538223267
8911,2.479275703430176,-1.9667822122573853
8912,2.795584201812744,-2.287374258041382
8913,2.528170108795166,-2.3446848392486572
8914,2.271493911743164,-2.365589141845703
8915,2.579050064086914,-1.8820723295211792
8916,2.3611373901367188,-2.1443653106689453
8917,2.6436526775360107,-2.305971622467041
8918,2.3100130558013916,-2.158845901489258
8919,2.5443644523620605,-1.9950919151306152
8920,2.6273653507232666,-2.8988943099975586
8921,2.240553379058838,-2.2544634342193604
8922,2.790783405303955,-1.847660779953003
8923,2.840336322784424,-2.1062750816345215
8924,2.6812939643859863,-1.6506484746932983
8925,2.3288536071777344,-1.9560678005218506
8926,2.688490390777588,-2.211726427078247
8927,2.5290396213531494,-1.916443943977356
8928,2.4667246341705322,-2.4573512077331543
8929,2.329850673675537,-1.8217543363571167
8930,2.505462408065796,-2.3246030807495117
8931,2.616389274597168,-2.2162280082702637
8932,2.48996639251709,-1.9568381309509277
8933,2.375340223312378,-1.6553524732589722
8934,2.765167236328125,-2.3135733604431152
8935,2.454658031463623,-2.2795979976654053
8936,2.5103812217712402,-2.4800262451171875
8937,2.506126642227173,-1.897996425628662
8938,2.4124083518981934,-1.8395073413848877
8939,2.487868309020996,-2.452610492706299
8940,2.5711982250213623,-2.0806493759155273
8941,2.9309396743774414,-2.469071865081787
8942,2.73533034324646,-2.1787397861480713
8943,2.4970860481262207,-2.211806535720825
8944,2.7290701866149902,-1.7753878831863403
8945,2.7175586223602295,-2.1661267280578613
8946,2.524960517883301,-2.3673741817474365
8947,2.589999198913574,-2.3437061309814453
8948,2.6187758445739746,-1.9512810707092285
8949,2.541135787963867,-1.9218950271606445
8950,2.2789249420166016,-2.190063953399658
8951,2.6051952838897705,-2.0223891735076904
8952,2.459423542022705,-1.8106613159179688
8953,2.6727426052093506,-1.9498610496520996
8954,2.641599416732788,-1.8248182535171509
8955,2.306680202484131,-2.1339101791381836
8956,2.4986071586608887,-2.0314667224884033
8957,2.5207808017730713,-2.116685628890991
8958,3.214860677719116,-2.3231141567230225
8959,2.7254855632781982,-2.2136940956115723
8960,2.4545249938964844,-2.1363439559936523
8961,2.6864113807678223,-2.000051736831665
8962,2.549872875213623,-2.144289970397949
8963,2.060184955596924,-2.0717613697052
8964,2.298170566558838,-2.4790120124816895
8965,2.729917526245117,-2.3541884422302246
8966,2.5682778358459473,-1.8146188259124756
8967,2.5298948287963867,-2.075195550918579
8968,2.646209239959717,-1.9245314598083496
8969,2.4072465896606445,-2.15336012840271
8970,2.5823967456817627,-2.003209114074707
8971,2.4714367389678955,-1.7572382688522339
8972,2.715932607650757,-2.330277442932129
8973,3.2108330726623535,-2.4137940406799316
8974,2.587914228439331,-2.260424852371216
8975,2.261484146118164,-1.9591262340545654
8976,2.3148107528686523,-1.8752864599227905
8977,2.371537208557129,-1.8104188442230225
8978,2.4210286140441895,-2.211164951324463
8979,2.3988094329833984,-1.9880261421203613
8980,2.4504899978637695,-1.614535927772522
8981,2.5754714012145996,-1.8537558317184448
8982,2.4977033138275146,-1.8054323196411133
8983,2.54164719581604,-1.8542762994766235
8984,2.815702438354492,-1.8029985427856445
8985,2.8788046836853027,-1.9490461349487305
8986,2.7310423851013184,-1.9838556051254272
8987,2.924561023712158,-2.0141918659210205
8988,2.718602180480957,-2.0862770080566406
8989,2.444525718688965,-2.2758145332336426
8990,2.5645029544830322,-1.918229341506958
8991,2.4503116607666016,-2.2501776218414307
8992,2.423325300216675,-2.24535870552063
8993,2.532097816467285,-1.8873554468154907
8994,2.4265341758728027,-1.6765053272247314
8995,2.4465646743774414,-2.2637381553649902
8996,2.265162229537964,-1.7475489377975464
8997,2.3746085166931152,-1.839332938194275
8998,2.7016355991363525,-1.7677602767944336
8999,2.453144073486328,-1.7493702173233032
9000,2.5500855445861816,-2.1100385189056396
9001,2.5944132804870605,-2.189685106277466
9002,2.1529488563537598,-1.6982427835464478
9003,2.519106864929199,-2.1995983123779297
9004,2.789229393005371,-1.7815152406692505
9005,2.7804765701293945,-2.24841046333313
9006,2.4048690795898438,-1.7396663427352905
9007,2.4106016159057617,-2.2937304973602295
9008,2.4247655868530273,-2.2336983680725098
9009,2.911769390106201,-1.8636454343795776
9010,2.504312753677368,-1.640284538269043
9011,2.9081616401672363,-1.9954737424850464
9012,2.5162949562072754,-1.9723899364471436
9013,2.3247904777526855,-1.8028887510299683
9014,3.0297739505767822,-2.0218067169189453
9015,2.539135456085205,-1.7329564094543457
9016,2.6355373859405518,-1.9756910800933838
9017,2.5675034523010254,-1.6481267213821411
9018,2.208470344543457,-2.450033187866211
9019,2.168992519378662,-2.213970184326172
9020,2.468310594558716,-1.7280752658843994
9021,2.4704530239105225,-1.8715579509735107
9022,2.739332675933838,-2.053908348083496
9023,2.632505416870117,-1.440901756286621
9024,2.5265984535217285,-1.716333270072937
9025,2.654080867767334,-1.8542625904083252
9026,2.2915806770324707,-2.059600591659546
9027,2.994983673095703,-1.9793667793273926
9028,2.549862861633301,-2.4026894569396973
9029,2.1247849464416504,-2.1095330715179443
9030,2.471565008163452,-2.070223331451416
9031,2.514510154724121,-1.6531578302383423
9032,2.874235153198242,-1.9725887775421143
9033,2.770442485809326,-2.228074312210083
9034,2.2740890979766846,-1.8425768613815308
9035,2.2655811309814453,-2.0205631256103516
9036,2.5174713134765625,-1.6229928731918335
9037,2.263028621673584,-1.7476459741592407
9038,2.2974743843078613,-1.5536630153656006
9039,2.5440423488616943,-2.041217088699341
9040,2.4734530448913574,-2.617149591445923
9041,2.4594573974609375,-2.169545888900757
9042,2.716721773147583,-1.6919599771499634
9043,2.452005386352539,-1.790366530418396
9044,2.589850902557373,-1.811097264289856
9045,2.8044209480285645,-1.8526209592819214
9046,2.266890048980713,-2.1171927452087402
9047,2.410953998565674,-1.8696867227554321
9048,2.799638271331787,-2.4636435508728027
9049,2.4743356704711914,-2.0386722087860107
9050,2.796621561050415,-1.9300075769424438
9051,2.6559665203094482,-1.740470290184021
9052,2.387885570526123,-2.1524291038513184
9053,2.577353000640869,-2.24961519241333
9054,2.5103602409362793,-2.1431081295013428
9055,2.3773789405822754,-2.0612194538116455
9056,3.167658805847168,-2.0287716388702393
9057,2.450291395187378,-2.052865743637085
9058,2.5260865688323975,-2.1448988914489746
9059,2.375760793685913,-2.0199520587921143
9060,2.2036752700805664,-1.8826528787612915
9061,2.674375534057617,-1.9734634160995483
9062,2.614582061767578,-1.9089802503585815
9063,2.7818493843078613,-2.3198719024658203
9064,2.5306813716888428,-2.0505480766296387
9065,2.748014450073242,-2.149083137512207
9066,2.66471791267395,-1.7229225635528564
9067,2.7834577560424805,-2.070063829421997
9068,2.7809324264526367,-1.9268606901168823
9069,2.294038772583008,-1.610525369644165
9070,2.643847942352295,-1.976812481880188
9071,2.5798726081848145,-1.8270574808120728
9072,2.4007225036621094,-2.44549560546875
9073,2.504464626312256,-1.8774971961975098
9074,2.185446262359619,-1.7760499715805054
9075,2.724825382232666,-1.8086540699005127
9076,2.604858875274658,-1.909874677658081
9077,2.6811134815216064,-1.582021951675415
9078,2.5049562454223633,-2.0878708362579346
9079,2.5970847606658936,-2.481895923614502
9080,2.3462164402008057,-1.9550464153289795
9081,2.5892882347106934,-1.7887500524520874
9082,2.661500930786133,-1.7116183042526245
9083,2.722486734390259,-2.108170509338379
9084,2.542389154434204,-2.4760565757751465
9085,2.2223634719848633,-1.9963271617889404
9086,2.5346269607543945,-1.6878650188446045
9087,2.4666991233825684,-2.218808174133301
9088,2.6325786113739014,-1.8296422958374023
9089,2.183473587036133,-2.002772331237793
9090,2.615995407104492,-1.6581408977508545
9091,2.760040521621704,-1.6960619688034058
9092,2.7621684074401855,-2.182389736175537
9093,3.1207075119018555,-1.9838318824768066
9094,2.2760281562805176,-1.5533794164657593
9095,2.5137596130371094,-1.7670636177062988
9096,2.404099464416504,-1.6571251153945923
9097,2.355530261993408,-1.868300199508667
9098,2.736514091491699,-1.8903967142105103
9099,2.7130930423736572,-1.9232831001281738
9100,2.4654016494750977,-1.9508018493652344
9101,2.1641385555267334,-2.246849298477173
9102,2.4518184661865234,-2.011117696762085
9103,2.299257755279541,-1.5275737047195435
9104,2.6702539920806885,-1.786402702331543
9105,2.6377387046813965,-1.6951695680618286
9106,2.5116324424743652,-1.5844606161117554
9107,2.377030849456787,-1.8052514791488647
9108,2.4378466606140137,-1.9035755395889282
9109,2.7689146995544434,-1.8822118043899536
9110,2.3484530448913574,-2.0560665130615234
9111,2.247872829437256,-1.7607488632202148
9112,2.452871322631836,-1.9092764854431152
9113,2.692228317260742,-2.1408638954162598
9114,2.3944015502929688,-1.718003273010254
9115,2.2600274085998535,-1.8997021913528442
9116,2.9239678382873535,-1.9127637147903442
9117,2.767631769180298,-1.5105998516082764
9118,2.4743452072143555,-2.084988832473755
9119,2.5225024223327637,-2.3647587299346924
9120,2.6425247192382812,-1.9017733335494995
9121,2.537961006164551,-1.854785442352295
9122,2.3432528972625732,-1.6403805017471313
9123,2.4767918586730957,-1.8334765434265137
9124,2.791813373565674,-2.5057806968688965
9125,2.768172264099121,-2.044660806655884
9126,2.50079345703125,-1.6741784811019897
9127,2.4033501148223877,-2.186724901199341
9128,2.531344413757324,-1.8045660257339478
9129,2.458986282348633,-1.821492314338684
9130,2.1446428298950195,-1.5972154140472412
9131,2.4509453773498535,-1.8962767124176025
9132,2.1917381286621094,-1.8132166862487793
9133,2.6321473121643066,-2.0538742542266846
9134,2.7560994625091553,-2.102280378341675
9135,2.5813846588134766,-2.0721914768218994
9136,2.6232120990753174,-2.2107274532318115
9137,2.2382256984710693,-2.0299599170684814
9138,2.226205587387085,-1.56673264503479
9139,2.3061091899871826,-1.7508431673049927
9140,2.3584823608398438,-1.845922827720642
9141,2.4573922157287598,-1.589556097984314
9142,2.3393640518188477,-1.688017725944519
9143,2.86297345161438,-1.5894986391067505
9144,2.572384834289551,-2.115356206893921
9145,2.8932406902313232,-1.8205947875976562
9146,2.145869255065918,-1.6842979192733765
9147,2.187638759613037,-1.7258778810501099
9148,2.5555615425109863,-1.6808030605316162
9149,2.523252487182617,-1.8582961559295654
9150,2.6449475288391113,-2.1595258712768555
9151,2.476834535598755,-1.9582676887512207
9152,2.510141134262085,-1.4976383447647095
9153,2.6167380809783936,-2.3678836822509766
9154,2.8364357948303223,-2.259434223175049
9155,2.473430871963501,-1.3849269151687622
9156,2.8145337104797363,-1.7881125211715698
9157,2.614157199859619,-2.136852264404297
9158,2.4371049404144287,-1.843166708946228
9159,2.8939268589019775,-2.086446523666382
9160,2.5303733348846436,-2.00498366355896
9161,2.4673452377319336,-2.2672719955444336
9162,2.1363720893859863,-1.6529213190078735
9163,2.5729880332946777,-1.8380895853042603
9164,2.3472695350646973,-1.7597742080688477
9165,2.4000678062438965,-2.0073957443237305
9166,2.758603572845459,-1.9611420631408691
9167,2.7402615547180176,-2.2431631088256836
9168,2.2987523078918457,-1.6820459365844727
9169,2.5333499908447266,-1.7212660312652588
9170,2.5882651805877686,-1.9012641906738281
9171,2.3468165397644043,-1.8642640113830566
9172,2.5538668632507324,-1.639846682548523
9173,2.585237979888916,-1.7101916074752808
9174,2.2782440185546875,-1.6585994958877563
9175,2.414361000061035,-1.7086344957351685
9176,2.674471855163574,-1.9966086149215698
9177,2.9316515922546387,-1.698594570159912
9178,2.2991671562194824,-1.823423147201538
9179,2.5029397010803223,-1.6064425706863403
9180,2.4157094955444336,-1.8508986234664917
9181,2.5230298042297363,-2.054187059402466
9182,2.2489092350006104,-1.3901857137680054
9183,2.750060796737671,-1.8332769870758057
9184,2.510223150253296,-1.923722505569458
9185,2.5837368965148926,-1.8954806327819824
9186,2.4898223876953125,-2.0224945545196533
9187,2.346259593963623,-2.083595037460327
9188,3.04841685295105,-1.8788821697235107
9189,2.75167179107666,-2.0260443687438965
9190,2.3187687397003174,-1.6457085609436035
9191,2.5353260040283203,-1.6465630531311035
9192,2.840862512588501,-1.9226683378219604
9193,2.9521355628967285,-2.1142868995666504
9194,2.4056549072265625,-2.0378501415252686
9195,2.65488862991333,-1.8107635974884033
9196,2.90169620513916,-1.626309871673584
9197,2.420774459838867,-1.716264009475708
9198,2.3469653129577637,-2.2750701904296875
9199,2.732809066772461,-1.6562353372573853
9200,3.0127062797546387,-1.7719439268112183
9201,2.5078823566436768,-2.0651347637176514
9202,2.2332708835601807,-1.553604006767273
9203,2.5184388160705566,-2.2245194911956787
9204,2.5255417823791504,-2.0909371376037598
9205,2.4110307693481445,-1.675562858581543
9206,2.3886537551879883,-1.5957655906677246
9207,2.2649638652801514,-1.5845282077789307
9208,2.677971124649048,-1.5180473327636719
9209,2.2979302406311035,-1.9376306533813477
9210,2.6840438842773438,-2.197622060775757
9211,2.8793678283691406,-1.7742358446121216
9212,2.405113697052002,-1.9220471382141113
9213,2.5634195804595947,-1.714223027229309
9214,2.59501051902771,-1.7119630575180054
9215,2.3597326278686523,-2.2157082557678223
9216,2.5809996128082275,-1.5719366073608398
9217,3.253084659576416,-2.0184710025787354
9218,2.427471160888672,-1.522647738456726
9219,2.282453775405884,-1.618290901184082
9220,2.3974356651306152,-1.7765368223190308
9221,2.746206760406494,-1.9081615209579468
9222,2.193702220916748,-1.7253477573394775
9223,2.5697085857391357,-1.788262963294983
9224,2.49029541015625,-1.908720850944519
9225,2.610133171081543,-1.4805582761764526
9226,2.5360870361328125,-1.9001199007034302
9227,2.533228874206543,-1.912289023399353
9228,2.2794363498687744,-1.940637469291687
9229,2.52435302734375,-1.846235990524292
9230,2.633589744567871,-2.0063316822052
9231,2.441854238510132,-1.5665240287780762
9232,2.417247772216797,-1.8479541540145874
9233,2.4522128105163574,-1.8738130331039429
9234,2.4494001865386963,-1.7870160341262817
9235,2.2150473594665527,-1.6221034526824951
9236,2.187107563018799,-1.880914568901062
9237,2.2035930156707764,-1.8042720556259155
9238,2.5172576904296875,-1.9537627696990967
9239,2.226196765899658,-1.646317720413208
9240,2.2451095581054688,-2.213348150253296
9241,2.692352771759033,-1.4215790033340454
9242,2.428429126739502,-1.7756547927856445
9243,2.3082070350646973,-1.758044719696045
9244,2.309903621673584,-1.562536597251892
9245,2.4140944480895996,-1.7669148445129395
9246,2.416827917098999,-1.7944138050079346
9247,2.31738018989563,-2.212747573852539
9248,2.4633712768554688,-1.7173477411270142
9249,2.309032917022705,-1.7819768190383911
9250,2.4953746795654297,-1.9968987703323364
9251,2.602121114730835,-1.5945812463760376
9252,2.236431121826172,-1.5575532913208008
9253,2.530444383621216,-1.9364639520645142
9254,2.457108497619629,-2.048940658569336
9255,2.728588104248047,-1.4226008653640747
9256,2.406310558319092,-2.156292200088501
9257,2.540031909942627,-1.9239712953567505
9258,2.666030168533325,-1.9265164136886597
9259,2.441340446472168,-1.9451946020126343
9260,2.402129650115967,-1.9980069398880005
9261,2.5815229415893555,-1.7975000143051147
9262,2.391418933868408,-1.8118091821670532
9263,2.403045654296875,-1.8643020391464233
9264,2.6742658615112305,-1.4979101419448853
9265,2.6099183559417725,-1.698639988899231
9266,2.4025959968566895,-1.7280491590499878
9267,2.619194269180298,-1.6248096227645874
9268,2.7313475608825684,-1.6506870985031128
9269,2.636298656463623,-1.433928370475769
9270,2.4859619140625,-1.5063668489456177
9271,2.6635923385620117,-1.642228364944458
9272,2.414862632751465,-1.8832260370254517
9273,2.352599620819092,-2.18198299407959
9274,2.5946731567382812,-2.0745558738708496
9275,2.6039023399353027,-1.6677800416946411
9276,2.39433217048645,-1.9506287574768066
9277,2.2510478496551514,-1.4164067506790161
9278,2.7352206707000732,-1.9226762056350708
9279,2.5647568702697754,-1.7389718294143677
9280,2.363879680633545,-2.0048751831054688
9281,2.4358034133911133,-1.7027697563171387
9282,2.9058518409729004,-1.8265575170516968
9283,2.349216938018799,-1.7669792175292969
9284,2.6665902137756348,-1.9481251239776611
9285,2.8230979442596436,-1.626246452331543
9286,2.5239226818084717,-2.0490822792053223
9287,2.5823516845703125,-2.025923013687134
9288,2.3892197608947754,-1.6773936748504639
9289,2.394515037536621,-1.5637555122375488
9290,2.3186230659484863,-1.7576555013656616
9291,2.448556900024414,-1.6271167993545532
9292,2.6610851287841797,-2.058602809906006
9293,3.1758599281311035,-1.6689047813415527
9294,2.4597816467285156,-2.0066733360290527
9295,2.254460096359253,-1.7093336582183838
9296,2.420163154602051,-1.693590521812439
9297,2.214932680130005,-1.7145947217941284
9298,3.005997657775879,-1.932946801185608
9299,2.533337116241455,-1.7016006708145142
9300,2.6239047050476074,-1.7962517738342285
9301,2.3974432945251465,-1.82960844039917
9302,2.231692314147949,-1.448127031326294
9303,2.312304973602295,-1.8162058591842651
9304,2.446948528289795,-1.8221009969711304
9305,2.254688024520874,-1.8082950115203857
9306,2.441784381866455,-1.8249298334121704
9307,2.453540563583374,-1.526188611984253
9308,2.6052451133728027,-1.9116911888122559
9309,2.427520513534546,-1.4980331659317017
9310,2.330599784851074,-1.9508007764816284
9311,2.2978739738464355,-1.6904107332229614
9312,2.1244916915893555,-2.073925256729126
9313,2.3843681812286377,-1.700992465019226
9314,2.2372682094573975,-1.8381285667419434
9315,2.3739349842071533,-1.8115661144256592
9316,2.539043664932251,-2.2960071563720703
9317,2.1858885288238525,-1.6426526308059692
9318,2.5233347415924072,-1.502453327178955
9319,2.6117262840270996,-1.6619054079055786
9320,2.742542266845703,-2.191838026046753
9321,2.870537042617798,-1.580673336982727
9322,2.7479000091552734,-2.131317138671875
9323,2.630096197128296,-1.7490432262420654
9324,2.6762571334838867,-1.5451992750167847
9325,2.8053503036499023,-1.8519054651260376
9326,2.8405542373657227,-1.744368314743042
9327,2.4286139011383057,-2.0363357067108154
9328,2.301065444946289,-1.7507736682891846
9329,2.1371078491210938,-1.6262966394424438
9330,2.4461889266967773,-1.5645982027053833
9331,2.795773983001709,-1.7691237926483154
9332,2.385542869567871,-1.8842486143112183
9333,2.5407869815826416,-2.1269137859344482
9334,2.3359546661376953,-1.6584770679473877
9335,2.9362335205078125,-1.7618440389633179
9336,2.878203868865967,-2.0166537761688232
9337,2.6047534942626953,-1.6195749044418335
9338,2.7860610485076904,-1.5593740940093994
9339,2.483531951904297,-1.6120582818984985
9340,2.383368968963623,-1.5793026685714722
9341,2.402700424194336,-1.7327239513397217
9342,2.3083314895629883,-1.7931149005889893
9343,3.032708168029785,-2.158304214477539
9344,2.549130439758301,-1.7525423765182495
9345,2.0814971923828125,-1.7622346878051758
9346,2.825303316116333,-1.4346108436584473
9347,2.388706684112549,-1.623997449874878
9348,2.7053022384643555,-1.7121559381484985
9349,2.44260311126709,-1.6433895826339722
9350,2.756847381591797,-1.9924899339675903
9351,2.5174765586853027,-1.8009191751480103
9352,2.58795166015625,-1.6791596412658691
9353,2.9723596572875977,-1.7922179698944092
9354,2.4959592819213867,-1.458708643913269
9355,2.6851892471313477,-1.7764815092086792
9356,2.583087921142578,-1.6716973781585693
9357,2.5445542335510254,-1.4853057861328125
9358,2.512373924255371,-1.835197925567627
9359,2.458303689956665,-1.7951985597610474
9360,2.4052176475524902,-1.9606930017471313
9361,2.7988367080688477,-1.7631820440292358
9362,2.3635153770446777,-1.7883083820343018
9363,2.4493088722229004,-1.5393164157867432
9364,2.609177589416504,-1.9625810384750366
9365,2.7295291423797607,-1.6759960651397705
9366,2.591099977493286,-1.9320694208145142
9367,2.753389835357666,-1.582647681236267
9368,2.624025344848633,-1.8444633483886719
9369,2.650479316711426,-1.7837371826171875
9370,2.5137734413146973,-1.6294437646865845
9371,2.6393015384674072,-1.58980131149292
9372,2.3591480255126953,-2.0278635025024414
9373,2.356959819793701,-2.0511221885681152
9374,2.629023551940918,-1.905757188796997
9375,2.421133041381836,-1.7817792892456055
9376,2.2406065464019775,-1.773901343345642
9377,2.4066710472106934,-1.475965142250061
9378,2.485222339630127,-2.0816876888275146
9379,2.5138463973999023,-1.9090080261230469
9380,2.7584075927734375,-1.7054537534713745
9381,2.4118540287017822,-1.4558519124984741
9382,2.495741605758667,-1.6102020740509033
9383,2.6254124641418457,-2.179668664932251
9384,2.29066801071167,-1.573186993598938
9385,2.1870250701904297,-1.7205309867858887
9386,2.8084375858306885,-1.6802843809127808
9387,2.317932367324829,-1.8634772300720215
9388,2.523365020751953,-1.558681607246399
9389,2.505561590194702,-1.5428032875061035
9390,2.429349899291992,-1.88283371925354
9391,2.444272994995117,-1.7032678127288818
9392,2.3656656742095947,-1.610561490058899
9393,2.3534646034240723,-2.077343225479126
9394,2.485698938369751,-1.562880277633667
9395,2.364959716796875,-1.775994896888733
9396,2.2709903717041016,-1.857900857925415
9397,2.618551254272461,-1.8765722513198853
9398,2.5968480110168457,-1.7184110879898071
9399,2.672229290008545,-1.5063165426254272
9400,2.271094560623169,-1.752095341682434
9401,2.3223886489868164,-1.910488486289978
9402,2.3736417293548584,-1.9731041193008423
9403,2.4458465576171875,-1.7569612264633179
9404,2.6796090602874756,-2.0325052738189697
9405,2.362293243408203,-1.6111760139465332
9406,2.3306782245635986,-1.8034214973449707
9407,2.5511581897735596,-1.912786841392517
9408,3.123061418533325,-1.781410574913025
9409,2.420423746109009,-1.5055336952209473
9410,2.604163646697998,-1.5607080459594727
9411,2.364088535308838,-1.5551292896270752
9412,2.586064577102661,-1.6230028867721558
9413,2.7900595664978027,-2.019822120666504
9414,2.6459619998931885,-1.6575125455856323
9415,2.4032397270202637,-1.8142849206924438
9416,2.3125152587890625,-1.635778546333313
9417,2.793618679046631,-1.4418330192565918
9418,2.355355739593506,-1.534270167350769
9419,2.665996551513672,-1.8667047023773193
9420,2.5990076065063477,-2.3120996952056885
9421,2.3443233966827393,-1.8574153184890747
9422,2.405158519744873,-1.5251086950302124
9423,2.510465621948242,-1.8012096881866455
9424,2.423520565032959,-1.7127515077590942
9425,2.547471523284912,-1.3257451057434082
9426,2.419724941253662,-1.2843552827835083
9427,2.2736573219299316,-1.6062819957733154
9428,2.4711756706237793,-1.3373020887374878
9429,2.6903297901153564,-1.8802306652069092
9430,2.129855155944824,-2.0216948986053467
9431,2.3769094944000244,-1.7934157848358154
9432,2.5996527671813965,-1.645990014076233
9433,2.6995186805725098,-1.5648117065429688
9434,2.5446064472198486,-2.0944488048553467
9435,2.4006214141845703,-1.9821683168411255
9436,2.148500442504883,-1.5957123041152954
9437,2.4683022499084473,-1.3535860776901245
9438,2.7870593070983887,-1.6890488862991333
9439,2.3915529251098633,-1.6705137491226196
9440,2.6632187366485596,-1.6628299951553345
9441,2.3852121829986572,-1.7256808280944824
9442,2.0966930389404297,-1.5910917520523071
9443,2.2811594009399414,-1.9236291646957397
9444,2.375328540802002,-1.7408138513565063
9445,2.2672955989837646,-2.1108524799346924
9446,2.1510276794433594,-1.8298025131225586
9447,2.5066118240356445,-1.67972993850708
9448,2.6191811561584473,-1.5980803966522217
9449,2.43806529045105,-1.607415795326233
9450,2.235355854034424,-1.5457879304885864
9451,2.2198433876037598,-1.5067224502563477
9452,2.4375431537628174,-1.6246256828308105
9453,2.439023017883301,-1.8825254440307617
9454,2.2048068046569824,-1.8723821640014648
9455,2.522036552429199,-1.6157608032226562
9456,2.31972074508667,-1.5499824285507202
9457,2.327049732208252,-1.5629032850265503
9458,2.5600976943969727,-1.450340986251831
9459,2.31541109085083,-1.8603124618530273
9460,2.718759059906006,-1.8602911233901978
9461,2.2581100463867188,-1.435774564743042
9462,2.8959946632385254,-1.7771437168121338
9463,2.598906993865967,-1.7402273416519165
9464,2.901595115661621,-1.5033410787582397
9465,2.2370831966400146,-1.5196332931518555
9466,2.7454779148101807,-1.6205188035964966
9467,2.318894863128662,-1.5571190118789673
9468,2.370234727859497,-1.9282596111297607
9469,2.6608457565307617,-1.8176161050796509
9470,2.4199981689453125,-1.5506619215011597
9471,2.397951126098633,-1.8307974338531494
9472,2.3464927673339844,-1.2867751121520996
9473,2.5635697841644287,-1.7945961952209473
9474,2.3546600341796875,-1.8085331916809082
9475,2.565162181854248,-1.396433711051941
9476,2.8192989826202393,-1.439253807067871
9477,2.3809947967529297,-1.7062972784042358
9478,2.5809707641601562,-1.7163233757019043
9479,2.3887176513671875,-1.3717771768569946
9480,2.635180711746216,-1.6826062202453613
9481,2.362731456756592,-1.5618976354599
9482,2.670224905014038,-1.7465929985046387
9483,2.411487579345703,-1.5074952840805054
9484,2.533639669418335,-1.2738410234451294
9485,2.484788417816162,-1.8055388927459717
9486,2.1253318786621094,-1.891721487045288
9487,2.52040958404541,-1.3222254514694214
9488,2.5433473587036133,-1.6361796855926514
9489,2.495479106903076,-1.8223145008087158
9490,2.2817153930664062,-1.3375779390335083
9491,2.4781861305236816,-1.5259662866592407
9492,2.2339115142822266,-1.6610679626464844
9493,2.1881721019744873,-1.4885653257369995
9494,2.260551929473877,-1.880448341369629
9495,2.3916947841644287,-1.3638622760772705
9496,2.568826198577881,-1.9217056035995483
9497,2.3417458534240723,-2.0084240436553955
9498,2.4620392322540283,-1.5287950038909912
9499,2.378424644470215,-1.689083218574524
9500,2.5694375038146973,-1.381178379058838
9501,2.619839906692505,-1.584780216217041
9502,2.4173738956451416,-1.6308631896972656
9503,2.5254833698272705,-1.687654972076416
9504,2.252202033996582,-1.500954270362854
9505,2.5071544647216797,-1.8625013828277588
9506,2.56624174118042,-1.6705511808395386
9507,2.597644567489624,-1.545111060142517
9508,2.380080223083496,-1.614254117012024
9509,2.4788904190063477,-1.613014817237854
9510,2.2993459701538086,-1.4440488815307617
9511,2.5967776775360107,-1.598371982574463
9512,2.4466772079467773,-1.8496644496917725
9513,2.360994815826416,-1.4627070426940918
9514,2.560123920440674,-1.5110093355178833
9515,2.447201728820801,-1.5721771717071533
9516,2.322089910507202,-1.569371223449707
9517,2.4089670181274414,-1.5399301052093506
9518,2.482539653778076,-2.0551440715789795
9519,2.353116512298584,-1.677537202835083
9520,2.1988754272460938,-1.6911883354187012
9521,2.2103991508483887,-1.543174147605896
9522,2.605952262878418,-2.0270745754241943
9523,2.04984188079834,-1.5911329984664917
9524,2.3142967224121094,-1.3794742822647095
9525,2.21697998046875,-1.5379226207733154
9526,2.283766984939575,-1.5116363763809204
9527,2.5712947845458984,-1.656899094581604
9528,2.360106945037842,-1.8596749305725098
9529,2.7098283767700195,-2.0402283668518066
9530,2.6666107177734375,-1.320320725440979
9531,2.9889609813690186,-1.714028000831604
9532,2.5559029579162598,-1.4916906356811523
9533,2.2237133979797363,-1.6473388671875
9534,2.8668298721313477,-1.6400490999221802
9535,2.3663580417633057,-1.4210528135299683
9536,2.4758753776550293,-1.741402268409729
9537,2.6942665576934814,-1.924444317817688
9538,2.4519519805908203,-1.7353847026824951
9539,2.5699005126953125,-1.756955623626709
9540,2.6127891540527344,-1.5941201448440552
9541,2.6536598205566406,-1.6021112203598022
9542,2.5117788314819336,-1.467748999595642
9543,2.720912456512451,-1.2993742227554321
9544,2.4238440990448,-1.6464450359344482
9545,2.633129358291626,-1.3579859733581543
9546,2.390589952468872,-1.4848551750183105
9547,2.5023021697998047,-1.3162537813186646
9548,2.949519157409668,-1.482848048210144
9549,2.7838122844696045,-1.3586719036102295
9550,2.389590263366699,-1.6312692165374756
9551,2.6762728691101074,-1.3573261499404907
9552,2.433525562286377,-1.7990127801895142
9553,2.3520541191101074,-1.8798210620880127
9554,2.402790069580078,-1.6446048021316528
9555,2.668367862701416,-1.409225583076477
9556,2.6898763179779053,-1.6025484800338745
9557,2.6643290519714355,-1.5174793004989624
9558,2.22434139251709,-1.4936579465866089
9559,2.6510584354400635,-1.5228344202041626
9560,2.648202896118164,-1.7577519416809082
9561,2.462139129638672,-1.3297439813613892
9562,2.8956689834594727,-2.0541887283325195
9563,2.6651229858398438,-1.7264872789382935
9564,2.6510815620422363,-1.4493730068206787
9565,2.3533904552459717,-1.5632685422897339
9566,2.426870107650757,-1.4023547172546387
9567,3.1790966987609863,-1.4343523979187012
9568,2.4858574867248535,-1.5565377473831177
9569,2.5455822944641113,-1.560386300086975
9570,2.508232593536377,-1.7056649923324585
9571,2.8435606956481934,-1.421504259109497
9572,2.5026803016662598,-1.621396780014038
9573,2.783325433731079,-1.8362423181533813
9574,2.392648220062256,-1.5166963338851929
9575,2.646660327911377,-1.8507808446884155
9576,2.534771680831909,-1.4063665866851807
9577,2.5921897888183594,-1.6859544515609741
9578,2.4214863777160645,-1.427696704864502
9579,2.675121545791626,-1.3585695028305054
9580,2.5775084495544434,-1.6853750944137573
9581,2.2675364017486572,-1.8918991088867188
9582,2.3078532218933105,-1.6078734397888184
9583,2.6294376850128174,-1.744085669517517
9584,2.4172849655151367,-1.4800349473953247
9585,2.3178014755249023,-1.5732461214065552
9586,2.7278640270233154,-1.6799631118774414
9587,2.4576902389526367,-1.6149765253067017
9588,2.6145472526550293,-1.2978014945983887
9589,2.3923375606536865,-1.5630933046340942
9590,2.585798740386963,-1.5277577638626099
9591,2.6549394130706787,-1.6957921981811523
9592,2.0962326526641846,-1.85005784034729
9593,2.4328408241271973,-1.8233447074890137
9594,2.306504726409912,-1.3749771118164062
9595,2.2613892555236816,-1.2973300218582153
9596,2.595127820968628,-1.3396066427230835
9597,2.3054208755493164,-1.6445698738098145
9598,2.5639455318450928,-1.9866724014282227
9599,2.370375156402588,-1.9320377111434937
9600,2.7178280353546143,-1.6194431781768799
9601,2.1670775413513184,-1.479243516921997
9602,2.301769733428955,-1.5863877534866333
9603,2.464475393295288,-1.6405404806137085
9604,2.3107779026031494,-1.510075569152832
9605,2.480734348297119,-1.5778703689575195
9606,2.77453351020813,-1.5901312828063965
9607,2.6880011558532715,-1.3776495456695557
9608,2.5141191482543945,-1.7463905811309814
9609,2.4602794647216797,-1.493322730064392
9610,2.4871325492858887,-1.759881854057312
9611,2.833479166030884,-1.6558175086975098
9612,2.3365397453308105,-1.7552260160446167
9613,3.0028905868530273,-1.4333033561706543
9614,3.0198678970336914,-1.6843154430389404
9615,2.547996997833252,-1.6849541664123535
9616,2.480921745300293,-1.7791404724121094
9617,2.2901573181152344,-1.9543135166168213
9618,2.3256335258483887,-1.3418488502502441
9619,2.7141315937042236,-1.895754337310791
9620,2.6859748363494873,-1.7271190881729126
9621,2.4691379070281982,-1.5127384662628174
9622,2.556539535522461,-1.595312237739563
9623,2.312366485595703,-1.454593539237976
9624,2.6913726329803467,-1.3128712177276611
9625,2.6639890670776367,-1.8134939670562744
9626,2.314582586288452,-1.4157501459121704
9627,2.724217414855957,-1.3767683506011963
9628,2.496164321899414,-1.44792902469635
9629,2.5915603637695312,-1.523047924041748
9630,2.2768044471740723,-1.741172194480896
9631,2.5374231338500977,-1.9191786050796509
9632,2.454246997833252,-1.3292559385299683
9633,2.267274856567383,-1.4987910985946655
9634,2.7863893508911133,-1.637505054473877
9635,2.6144471168518066,-1.67372465133667
9636,2.6854166984558105,-1.7043945789337158
9637,2.345700263977051,-1.413210153579712
9638,2.412459135055542,-1.5793938636779785
9639,2.4859728813171387,-1.653124213218689
9640,2.4086694717407227,-1.6411532163619995
9641,2.541680335998535,-1.5639456510543823
9642,2.8301353454589844,-1.61871337890625
9643,2.428009510040283,-1.8473514318466187
9644,2.3077282905578613,-1.3945428133010864
9645,2.560311794281006,-1.451889157295227
9646,2.5047857761383057,-1.3790740966796875
9647,2.5385372638702393,-1.1941916942596436
9648,2.433445453643799,-1.795070767402649
9649,2.5047993659973145,-1.774086594581604
9650,2.584406852722168,-1.6994199752807617
9651,2.433634042739868,-1.7230873107910156
9652,2.9662981033325195,-1.375792384147644
9653,2.472163200378418,-1.784844160079956
9654,2.696638584136963,-1.791293978691101
9655,2.548274040222168,-1.7544218301773071
9656,2.5873913764953613,-1.6331970691680908
9657,2.1601788997650146,-1.1189669370651245
9658,2.288644313812256,-1.3348515033721924
9659,2.103959321975708,-1.674227237701416
9660,2.7014660835266113,-1.5988575220108032
9661,2.4925737380981445,-1.6988295316696167
9662,2.671490430831909,-1.4870574474334717
9663,2.4607625007629395,-1.328239917755127
9664,2.471282958984375,-1.7976078987121582
9665,2.2931594848632812,-1.4559407234191895
9666,2.319837808609009,-1.5365530252456665
9667,2.7794485092163086,-1.5904635190963745
9668,2.0842690467834473,-1.0501238107681274
9669,2.193492889404297,-1.6830809116363525
9670,2.444488048553467,-1.7521096467971802
9671,2.1623339653015137,-1.63047456741333
9672,2.4437737464904785,-1.4500104188919067
9673,2.594705104827881,-1.5143755674362183
9674,2.5938658714294434,-1.723189115524292
9675,2.3881618976593018,-1.5637811422348022
9676,2.506855010986328,-1.595658302307129
9677,2.376282215118408,-1.573714017868042
9678,2.244269371032715,-1.350266456604004
9679,2.3035240173339844,-1.3432371616363525
9680,2.954659938812256,-1.7321057319641113
9681,2.6895265579223633,-1.5317479372024536
9682,2.4417943954467773,-1.7175782918930054
9683,2.49234676361084,-1.5106163024902344
9684,2.797214984893799,-1.2937781810760498
9685,2.364686965942383,-1.1770671606063843
9686,2.765639305114746,-1.709484577178955
9687,2.6001248359680176,-1.611521601676941
9688,2.4498519897460938,-1.7778654098510742
9689,2.5244545936584473,-1.617955207824707
9690,2.501462459564209,-1.3835633993148804
9691,2.5032477378845215,-1.3894809484481812
9692,2.903299570083618,-1.2313190698623657
9693,2.6053295135498047,-1.4346176385879517
9694,2.590005874633789,-1.3430746793746948
9695,2.4499192237854004,-1.900178074836731
9696,2.4362120628356934,-1.7183877229690552
9697,2.2486586570739746,-1.4308135509490967
9698,2.7323994636535645,-1.5109649896621704
9699,2.1755197048187256,-1.461721658706665
9700,2.4262022972106934,-1.243027687072754
9701,2.3478164672851562,-1.5222609043121338
9702,2.384004831314087,-1.6060936450958252
9703,2.184757709503174,-1.7197259664535522
9704,2.350135326385498,-1.3187496662139893
9705,2.5940277576446533,-1.6500838994979858
9706,2.407003879547119,-1.5898354053497314
9707,2.5584044456481934,-1.514176607131958
9708,2.6188981533050537,-1.5846736431121826
9709,2.6379942893981934,-1.6585644483566284
9710,2.564851999282837,-1.6636661291122437
9711,2.782238245010376,-1.3844410181045532
9712,2.771745204925537,-1.465667724609375
9713,2.538930892944336,-1.337314248085022
9714,2.3029403686523438,-1.9047929048538208
9715,2.642232894897461,-1.69401216506958
9716,2.092867851257324,-1.4212566614151
9717,2.4843738079071045,-1.6686241626739502
9718,2.5867538452148438,-1.7978768348693848
9719,2.5084402561187744,-1.5942643880844116
9720,2.4421226978302,-1.1688839197158813
9721,2.758159875869751,-1.8204313516616821
9722,2.4502315521240234,-1.3967437744140625
9723,2.2147650718688965,-1.616349220275879
9724,2.575488567352295,-1.3606500625610352
9725,2.355281352996826,-1.2386032342910767
9726,2.68906307220459,-1.39497709274292
9727,2.581054925918579,-1.3891922235488892
9728,2.5665035247802734,-1.5132298469543457
9729,2.567068338394165,-1.6982150077819824
9730,2.352785110473633,-1.5597244501113892
9731,2.2695469856262207,-1.5694029331207275
9732,2.5687482357025146,-1.366295576095581
9733,2.366602897644043,-1.1127506494522095
9734,2.436583995819092,-1.3602495193481445
9735,2.284363269805908,-1.6118664741516113
9736,2.4737324714660645,-1.721367597579956
9737,2.3450675010681152,-1.718697190284729
9738,2.2523341178894043,-1.2319668531417847
9739,2.3081188201904297,-1.2598739862442017
9740,2.3267412185668945,-1.4801831245422363
9741,2.0530037879943848,-1.263925552368164
9742,2.174583911895752,-1.5721206665039062
9743,2.384106159210205,-1.4512124061584473
9744,2.3762729167938232,-1.297080636024475
9745,2.5200700759887695,-1.5286575555801392
9746,2.4789481163024902,-1.6140713691711426
9747,2.4313364028930664,-1.367909550666809
9748,2.491100549697876,-1.5748881101608276
9749,2.6847548484802246,-1.5926427841186523
9750,2.789447784423828,-1.497970461845398
9751,2.50234317779541,-1.3732644319534302
9752,2.405562162399292,-1.6528254747390747
9753,2.5160136222839355,-1.437353491783142
9754,2.7033753395080566,-1.4385037422180176
9755,2.3479998111724854,-1.2914519309997559
9756,2.4527859687805176,-1.352811336517334
9757,2.7504019737243652,-1.4296905994415283
9758,2.2019739151000977,-1.6905311346054077
9759,2.723461151123047,-1.7095152139663696
9760,2.4845917224884033,-1.839278221130371
9761,2.319690465927124,-1.6002558469772339
9762,2.565950632095337,-1.5494871139526367
9763,2.5771777629852295,-1.4002174139022827
9764,2.462661027908325,-1.4786369800567627
9765,2.4273552894592285,-1.5129737854003906
9766,2.619767665863037,-1.3257046937942505
9767,2.6307520866394043,-1.4545780420303345
9768,2.6304984092712402,-1.5365289449691772
9769,2.2955398559570312,-1.621004343032837
9770,2.5860939025878906,-1.4539698362350464
9771,2.5803303718566895,-1.4056689739227295
9772,2.6610107421875,-1.2562757730484009
9773,2.500638961791992,-1.4773837327957153
9774,2.3281235694885254,-1.425569772720337
9775,2.7612903118133545,-1.639574408531189
9776,2.4950075149536133,-1.4823189973831177
9777,2.447692394256592,-1.629684329032898
9778,2.40964937210083,-1.794262409210205
9779,2.5476174354553223,-1.4620596170425415
9780,2.522491216659546,-1.2813485860824585
9781,2.2373907566070557,-1.2098392248153687
9782,2.578420639038086,-1.7627660036087036
9783,2.3648667335510254,-1.5082693099975586
9784,2.4355857372283936,-1.4978947639465332
9785,2.5317721366882324,-1.667529582977295
9786,2.3915958404541016,-1.2950950860977173
9787,2.742757558822632,-1.4284062385559082
9788,2.3557748794555664,-1.3352299928665161
9789,2.5304505825042725,-1.3476828336715698
9790,2.5669100284576416,-1.4679964780807495
9791,2.1368584632873535,-1.5169216394424438
9792,2.2495434284210205,-1.3155194520950317
9793,2.3233745098114014,-1.3512080907821655
9794,2.5476958751678467,-1.454525351524353
9795,2.4658095836639404,-1.3791563510894775
9796,2.427755355834961,-1.5046789646148682
9797,2.4442861080169678,-1.4374958276748657
9798,2.6613545417785645,-1.2693058252334595
9799,2.5002121925354004,-1.5277838706970215
9800,2.3373217582702637,-1.5241787433624268
9801,2.4580605030059814,-1.5169932842254639
9802,2.4070639610290527,-1.438907265663147
9803,2.7019600868225098,-1.328152060508728
9804,2.519096851348877,-1.655722975730896
9805,2.496522903442383,-1.5211929082870483
9806,2.3334860801696777,-1.4933277368545532
9807,2.2154297828674316,-1.3714767694473267
9808,2.354081392288208,-1.6399646997451782
9809,2.333029270172119,-1.4412037134170532
9810,2.418330192565918,-1.3892689943313599
9811,2.2622127532958984,-1.470341444015503
9812,2.3267884254455566,-1.297640085220337
9813,1.9917724132537842,-1.371474266052246
9814,2.442974328994751,-1.2589565515518188
9815,2.3554511070251465,-1.6552855968475342
9816,2.5345206260681152,-1.4189759492874146
9817,2.4976744651794434,-1.448081374168396
9818,2.1914985179901123,-1.3138210773468018
9819,2.1201512813568115,-1.403779149055481
9820,2.3640265464782715,-1.3476147651672363
9821,2.4116687774658203,-1.623559594154358
9822,2.4224095344543457,-1.3283511400222778
9823,2.368504047393799,-1.424627423286438
9824,2.508948802947998,-1.306778073310852
9825,2.3246994018554688,-1.3391668796539307
9826,2.4317009449005127,-1.24063241481781
9827,2.4296109676361084,-1.8024712800979614
9828,2.4851651191711426,-1.4516431093215942
9829,2.6428399085998535,-1.5887333154678345
9830,2.2364683151245117,-1.5142308473587036
9831,2.182462215423584,-1.4500951766967773
9832,2.5376458168029785,-1.6224952936172485
9833,2.781008720397949,-1.5999705791473389
9834,2.5197134017944336,-1.51139497756958
9835,2.5586960315704346,-1.3316327333450317
9836,2.4281113147735596,-1.5763421058654785
9837,2.5695266723632812,-1.3210369348526
9838,2.5355958938598633,-1.2541102170944214
9839,2.419227123260498,-1.589841365814209
9840,2.5322318077087402,-1.4814311265945435
9841,2.7609691619873047,-1.7430752515792847
9842,2.9386000633239746,-1.5047067403793335
9843,2.6220877170562744,-1.4372851848602295
9844,2.4887471199035645,-1.262415885925293
9845,2.4683289527893066,-1.4827154874801636
9846,2.341127634048462,-1.3136794567108154
9847,2.4113340377807617,-1.4209785461425781
9848,2.901080846786499,-1.4687281847000122
9849,2.355687141418457,-1.331678032875061
9850,2.4567666053771973,-1.5474694967269897
9851,2.0187251567840576,-1.372493863105774
9852,2.569606304168701,-1.2695194482803345
9853,2.708047389984131,-1.3962080478668213
9854,2.5499255657196045,-1.0091607570648193
9855,2.321463108062744,-1.3565258979797363
9856,2.875886917114258,-1.511191964149475
9857,2.908893585205078,-1.5361666679382324
9858,2.718477725982666,-1.341342806816101
9859,2.71519136428833,-1.9231048822402954
9860,2.4766268730163574,-1.4690735340118408
9861,2.5286006927490234,-1.277435302734375
9862,2.7243285179138184,-1.6113351583480835
9863,2.3352036476135254,-1.2651461362838745
9864,2.452216148376465,-1.3956369161605835
9865,2.6471548080444336,-1.5620123147964478
9866,2.509032964706421,-1.1558808088302612
9867,2.5764753818511963,-1.4801288843154907
9868,2.6451330184936523,-1.5152983665466309
9869,2.477461338043213,-1.5526827573776245
9870,2.5057997703552246,-1.5094423294067383
9871,2.784003496170044,-1.3363968133926392
9872,2.6926865577697754,-1.518182635307312
9873,2.341092348098755,-1.4461506605148315
9874,2.66282320022583,-1.4956051111221313
9875,2.253908634185791,-1.288947343826294
9876,2.63553786277771,-1.2455745935440063
9877,2.367219924926758,-1.3602694272994995
9878,2.878941059112549,-1.3902359008789062
9879,2.344313144683838,-1.6536550521850586
9880,2.184511423110962,-1.6802079677581787
9881,2.4029464721679688,-1.6091315746307373
9882,2.561145305633545,-1.507142186164856
9883,2.8315014839172363,-1.4110385179519653
9884,2.7980055809020996,-1.1473469734191895
9885,2.1547441482543945,-1.7122236490249634
9886,2.6996426582336426,-1.718758225440979
9887,2.4218902587890625,-1.1989458799362183
9888,2.2470545768737793,-1.3798439502716064
9889,2.3836402893066406,-1.5667617321014404
9890,2.2110612392425537,-1.2384681701660156
9891,2.1500234603881836,-1.4716715812683105
9892,2.5222678184509277,-1.463295340538025
9893,2.418686628341675,-1.2551438808441162
9894,2.3713088035583496,-1.272755742073059
9895,2.096027374267578,-1.396094560623169
9896,2.420201063156128,-1.349876046180725
9897,2.5053553581237793,-1.596134066581726
9898,2.5225210189819336,-1.5647757053375244
9899,2.682650566101074,-1.6042556762695312
9900,2.7548556327819824,-1.3446950912475586
9901,2.8231923580169678,-1.1820001602172852
9902,2.6821846961975098,-1.5286270380020142
9903,2.400656223297119,-1.3071494102478027
9904,2.4806976318359375,-1.219476342201233
9905,2.4426450729370117,-1.384934425354004
9906,2.600261688232422,-1.4024903774261475
9907,2.5647006034851074,-1.4525299072265625
9908,2.647658348083496,-1.4864976406097412
9909,2.356685161590576,-1.3778218030929565
9910,2.598996877670288,-1.5812269449234009
9911,2.227224349975586,-1.086902379989624
9912,2.648912191390991,-1.7625693082809448
9913,2.375229835510254,-1.5119872093200684
9914,2.836552381515503,-1.5341306924819946
9915,2.653684616088867,-1.2902051210403442
9916,2.6073620319366455,-1.3486075401306152
9917,2.440260410308838,-1.613033413887024
9918,2.4399006366729736,-1.1860958337783813
9919,2.341465950012207,-1.3004841804504395
9920,2.5255320072174072,-1.403630018234253
9921,2.4604508876800537,-1.1772629022598267
9922,2.6006741523742676,-1.322929859161377
9923,2.5255227088928223,-1.5227692127227783
9924,2.522113800048828,-1.5094900131225586
9925,2.7103662490844727,-1.4861727952957153
9926,2.5311498641967773,-1.6277655363082886
9927,2.1521501541137695,-1.1083571910858154
9928,2.34104061126709,-1.4074352979660034
9929,2.5212619304656982,-1.3487681150436401
9930,2.3544487953186035,-1.599860429763794
9931,2.197762966156006,-1.3321480751037598
9932,2.3663854598999023,-1.3159880638122559
9933,2.0359644889831543,-1.3316344022750854
9934,2.3153231143951416,-1.436586856842041
9935,2.408562660217285,-1.521414041519165
9936,2.5162367820739746,-1.3033467531204224
9937,2.479853630065918,-1.354865550994873
9938,2.5054030418395996,-1.4809499979019165
9939,2.488778591156006,-1.2629613876342773
9940,2.308436393737793,-1.4597063064575195
9941,2.355257034301758,-1.0900795459747314
9942,2.7244653701782227,-1.4014105796813965
9943,2.5596680641174316,-1.528397798538208
9944,2.038496732711792,-1.3632683753967285
9945,2.2850022315979004,-1.4429762363433838
9946,2.441100835800171,-1.3484737873077393
9947,2.7025794982910156,-1.3643094301223755
9948,2.3877646923065186,-1.4234874248504639
9949,2.8238635063171387,-1.3144850730895996
9950,2.5655174255371094,-1.2973788976669312
9951,2.1632540225982666,-1.2690727710723877
9952,2.4172370433807373,-1.1742923259735107
9953,2.4732789993286133,-1.234201431274414
9954,2.478018045425415,-1.050596833229065
9955,2.315732955932617,-1.221908450126648
9956,2.259579658508301,-1.3306089639663696
9957,2.619292974472046,-1.185021162033081
9958,2.5492053031921387,-1.2271345853805542
9959,2.3858394622802734,-1.1058461666107178
9960,2.3164572715759277,-1.2922825813293457
9961,2.5275635719299316,-1.3474406003952026
9962,2.4486827850341797,-1.4283761978149414
9963,2.118687152862549,-1.287756085395813
9964,2.294991970062256,-1.401862621307373
9965,2.5445849895477295,-1.464185357093811
9966,2.796779155731201,-1.1122467517852783
9967,2.45188307762146,-1.8001877069473267
9968,2.381662368774414,-1.258460283279419
9969,2.448699951171875,-1.2557297945022583
9970,2.621201276779175,-1.628731369972229
9971,2.5933635234832764,-1.5812270641326904
9972,2.36569881439209,-1.325509786605835
9973,2.706360101699829,-1.2170729637145996
9974,2.344701051712036,-1.2328366041183472
9975,2.304619789123535,-1.4516443014144897
9976,2.6735987663269043,-1.5370663404464722
9977,2.3241958618164062,-1.2762442827224731
9978,2.6797595024108887,-1.2753382921218872
9979,2.7871999740600586,-1.025251865386963
9980,2.6017491817474365,-1.4059765338897705
9981,2.655992031097412,-1.3017144203186035
9982,2.259518623352051,-1.285965085029602
9983,2.6030311584472656,-1.42807936668396
9984,2.6839675903320312,-1.3836243152618408
9985,2.3357431888580322,-1.5050300359725952
9986,2.2791411876678467,-1.223612666130066
9987,2.3268074989318848,-1.1603232622146606
9988,2.6257314682006836,-1.640325903892517
9989,2.2752461433410645,-1.2934106588363647
9990,2.552884101867676,-1.3293020725250244
9991,2.6437301635742188,-1.4595166444778442
9992,2.224557638168335,-1.4226677417755127
9993,2.3485324382781982,-1.453618049621582
9994,2.6060965061187744,-1.5384860038757324
9995,2.1294288635253906,-1.3826828002929688
9996,2.440978527069092,-1.0792524814605713
9997,2.4471445083618164,-1.4756150245666504
9998,2.689150810241699,-1.30509352684021
9999,2.251221179962158,-1.235314130783081
10000,2.807223081588745,-1.3256769180297852
10001,2.112442970275879,-1.13750422000885
10002,2.3713865280151367,-1.35026216506958
10003,2.3011562824249268,-1.3296630382537842
10004,2.254676342010498,-1.3344520330429077
10005,2.4401581287384033,-1.2736185789108276
10006,2.3935046195983887,-1.4100728034973145
10007,2.688825845718384,-1.6271848678588867
10008,2.504995346069336,-1.5261852741241455
10009,2.3662824630737305,-1.4876445531845093
10010,2.515237331390381,-1.3745700120925903
10011,2.6578567028045654,-1.4057509899139404
10012,2.3361644744873047,-1.3433465957641602
10013,2.2782726287841797,-1.3000235557556152
10014,2.449766159057617,-1.277427315711975
10015,2.4461464881896973,-1.1837682723999023
10016,2.4764046669006348,-1.2222453355789185
10017,2.782456398010254,-1.0317487716674805
10018,2.3445897102355957,-1.609107494354248
10019,2.2710700035095215,-1.4541784524917603
10020,2.2301816940307617,-1.2691397666931152
10021,2.3279476165771484,-1.7733068466186523
10022,2.5368337631225586,-1.3240516185760498
10023,2.556044101715088,-1.266108512878418
10024,2.6798222064971924,-1.2764662504196167
10025,2.334404706954956,-1.1651650667190552
10026,2.295874834060669,-1.2337795495986938
10027,2.6897730827331543,-1.2537689208984375
10028,2.20651912689209,-1.5149564743041992
10029,2.5001182556152344,-1.4813047647476196
10030,2.2137818336486816,-1.441827654838562
10031,2.6819849014282227,-1.5061554908752441
10032,2.564495086669922,-1.1680055856704712
10033,2.8288209438323975,-1.4000500440597534
10034,2.167952537536621,-1.4356247186660767
10035,2.3176040649414062,-1.3685896396636963
10036,2.372760057449341,-1.3633084297180176
10037,2.6418590545654297,-1.4395928382873535
10038,2.4143009185791016,-1.3785344362258911
10039,2.094709873199463,-1.1591507196426392
10040,2.1147396564483643,-1.224198341369629
10041,2.5847067832946777,-1.4483169317245483
10042,2.5269484519958496,-1.2721836566925049
10043,2.6575987339019775,-1.4705734252929688
10044,2.518324851989746,-1.200435996055603
10045,2.556403160095215,-1.1750718355178833
10046,2.3427748680114746,-1.664053201675415
10047,2.426210880279541,-1.4529348611831665
10048,2.4020309448242188,-1.1897052526474
10049,2.46757173538208,-1.2929697036743164
10050,2.579982280731201,-1.4414145946502686
10051,2.8242547512054443,-1.3691582679748535
10052,2.4466609954833984,-1.3298537731170654
10053,2.7271203994750977,-1.599219560623169
10054,2.522876739501953,-1.3847630023956299
10055,2.2217328548431396,-1.513572096824646
10056,2.6393136978149414,-1.3652219772338867
10057,2.501826524734497,-1.4119623899459839
10058,2.3446483612060547,-1.176450490951538
10059,2.6476945877075195,-1.2742912769317627
10060,2.636575222015381,-1.367507815361023
10061,2.549201488494873,-1.4799848794937134
10062,2.4430418014526367,-1.5487322807312012
10063,2.5539193153381348,-1.0645604133605957
10064,2.5741710662841797,-1.441739797592163
10065,2.2671446800231934,-1.2483022212982178
10066,2.6542601585388184,-1.6180020570755005
10067,2.7588584423065186,-1.2695858478546143
10068,2.549021005630493,-1.3121066093444824
10069,2.6651439666748047,-1.2622404098510742
10070,2.8672053813934326,-1.4845936298370361
10071,3.0575311183929443,-1.3659796714782715
10072,2.456228256225586,-1.377907395362854
10073,2.467316150665283,-1.3660845756530762
10074,2.361229419708252,-1.4267756938934326
10075,2.353661060333252,-1.4828277826309204
10076,2.412576675415039,-1.2402465343475342
10077,2.5270776748657227,-1.219829797744751
10078,2.834280252456665,-1.315055251121521
10079,2.349093437194824,-1.0669026374816895
10080,2.220003604888916,-1.4787259101867676
10081,2.4738025665283203,-1.456575870513916
10082,2.2769107818603516,-1.177717685699463
10083,2.311475992202759,-1.2016551494598389
10084,2.7377853393554688,-1.0138131380081177
10085,2.5152132511138916,-1.381679654121399
10086,2.21872615814209,-1.356626272201538
10087,2.1848833560943604,-1.5137203931808472
10088,2.4052562713623047,-1.5492603778839111
10089,2.194207191467285,-1.1610065698623657
10090,2.619330406188965,-1.513685941696167
10091,2.1538565158843994,-1.2492049932479858
10092,2.230555534362793,-1.4756070375442505
10093,2.5933127403259277,-1.289005994796753
10094,2.251288890838623,-1.0724191665649414
10095,2.1893036365509033,-1.3119916915893555
10096,2.6443099975585938,-1.6305509805679321
10097,2.3601646423339844,-1.2790144681930542
10098,2.368229866027832,-1.327680230140686
10099,2.4672093391418457,-1.1569803953170776
10100,2.7592480182647705,-1.2305129766464233
10101,2.4417073726654053,-1.2470526695251465
10102,2.461238384246826,-1.3561187982559204
10103,2.40482759475708,-1.1388640403747559
10104,2.5368261337280273,-1.1581509113311768
10105,2.3805084228515625,-1.2662829160690308
10106,2.7444653511047363,-1.4798895120620728
10107,2.3307547569274902,-1.2798460721969604
10108,2.154449462890625,-1.2637454271316528
10109,2.222632646560669,-1.6177083253860474
10110,2.4359183311462402,-1.2747912406921387
10111,2.3506946563720703,-1.2713147401809692
10112,2.3582496643066406,-1.220822811126709
10113,2.598031997680664,-1.4068607091903687
10114,2.3581995964050293,-1.219459056854248
10115,2.3773646354675293,-1.4874099493026733
10116,2.5178985595703125,-1.4179322719573975
10117,2.2783589363098145,-1.1134837865829468
10118,2.602691173553467,-1.241868495941162
10119,2.4538235664367676,-1.5192450284957886
10120,2.708238124847412,-1.589015245437622
10121,2.294311046600342,-1.2628098726272583
10122,2.507542133331299,-1.2128322124481201
10123,2.4837803840637207,-1.1430771350860596
10124,2.2495923042297363,-1.3765289783477783
10125,2.532285213470459,-1.3053086996078491
10126,2.2545013427734375,-1.409338355064392
10127,2.3348615169525146,-1.2454415559768677
10128,2.238658905029297,-1.2481144666671753
10129,2.546170711517334,-1.324150562286377
10130,2.335561752319336,-1.2231240272521973
10131,2.3100950717926025,-1.30064058303833
10132,2.5970618724823,-1.3383854627609253
10133,2.1595165729522705,-1.3800969123840332
10134,2.21457576751709,-1.4235867261886597
10135,2.2239463329315186,-1.2283339500427246
10136,2.5243797302246094,-1.168534755706787
10137,2.4483652114868164,-1.4901446104049683
10138,2.3879783153533936,-1.2603777647018433
10139,2.245999336242676,-1.5050320625305176
10140,2.301487684249878,-1.5099209547042847
10141,2.3468759059906006,-1.3638588190078735
10142,2.1532042026519775,-1.2205294370651245
10143,2.2590956687927246,-1.2794694900512695
10144,2.4158358573913574,-1.3774278163909912
10145,2.2473394870758057,-1.2282419204711914
10146,2.5678462982177734,-1.441501259803772
10147,2.4647414684295654,-1.4343194961547852
10148,2.5416345596313477,-1.3580152988433838
10149,2.4900169372558594,-1.6199034452438354
10150,2.3386154174804688,-1.2095342874526978
10151,2.2224245071411133,-1.2787566184997559
10152,2.3278255462646484,-1.230760097503662
10153,2.900646924972534,-1.144821286201477
10154,2.672250270843506,-1.1924102306365967
10155,2.573617458343506,-1.3499162197113037
10156,2.2481651306152344,-1.4279705286026
10157,2.810591697692871,-1.3421577215194702
10158,2.331949234008789,-1.2495598793029785
10159,2.567016124725342,-1.1823958158493042
10160,2.4104790687561035,-1.1574444770812988
10161,2.3238377571105957,-1.2943801879882812
10162,2.4933595657348633,-1.0370619297027588
10163,2.367079734802246,-1.272345781326294
10164,2.191826343536377,-1.366017460823059
10165,2.3310036659240723,-1.231775164604187
10166,2.378274917602539,-1.3374862670898438
10167,2.2991533279418945,-1.1454888582229614
10168,2.2602267265319824,-1.4813218116760254
10169,2.395564556121826,-1.2947028875350952
10170,2.2512056827545166,-1.4401869773864746
10171,2.355502128601074,-1.2963322401046753
10172,2.5398640632629395,-1.1269304752349854
10173,2.5748605728149414,-1.2709639072418213
10174,2.662984848022461,-1.5091979503631592
10175,2.317080020904541,-1.3852379322052002
10176,2.7194743156433105,-1.439757227897644
10177,2.526904821395874,-1.1005901098251343
10178,2.0454142093658447,-0.9849725365638733
10179,2.6343111991882324,-1.1029069423675537
10180,2.748253107070923,-1.5514004230499268
10181,2.474273681640625,-1.5477077960968018
10182,2.450967788696289,-1.1065889596939087
10183,2.2954492568969727,-1.1536849737167358
10184,1.9589431285858154,-1.1158419847488403
10185,2.387425422668457,-1.4218753576278687
10186,2.2215521335601807,-1.3346951007843018
10187,2.9876444339752197,-1.3982179164886475
10188,2.753831386566162,-1.0403298139572144
10189,2.542649745941162,-1.0572198629379272
10190,2.47320556640625,-1.2351568937301636
10191,2.4873034954071045,-1.2004505395889282
10192,2.157349109649658,-1.5700926780700684
10193,2.3095884323120117,-0.9140251874923706
10194,2.759584426879883,-1.3500553369522095
10195,2.24159574508667,-1.2535831928253174
10196,2.572192668914795,-1.2781175374984741
10197,2.4656810760498047,-1.255700945854187
10198,2.3205223083496094,-1.2815300226211548
10199,2.327346086502075,-1.3300460577011108
10200,2.39617919921875,-1.3085604906082153
10201,2.462374210357666,-1.205173134803772
10202,2.38720965385437,-1.3549047708511353
10203,2.162543773651123,-1.2092795372009277
10204,2.1178364753723145,-1.244158148765564
10205,2.258577823638916,-1.1528708934783936
10206,2.39365816116333,-1.3552865982055664
10207,2.360567569732666,-1.2061845064163208
10208,2.448641300201416,-1.354701280593872
10209,2.490771532058716,-1.343604326248169
10210,2.4766714572906494,-1.0111771821975708
10211,2.8352982997894287,-1.3216899633407593
10212,2.08164119720459,-0.9432362914085388
10213,2.3206543922424316,-1.361519455909729
10214,2.5197672843933105,-1.4468613862991333
10215,2.1146697998046875,-1.3863499164581299
10216,2.515782356262207,-1.2570115327835083
10217,2.510701894760132,-1.1564615964889526
10218,2.471156120300293,-1.556337594985962
10219,2.5080559253692627,-1.3476455211639404
10220,2.44236421585083,-1.3729557991027832
10221,2.123929023742676,-1.1889779567718506
10222,2.3441638946533203,-1.2895985841751099
10223,2.3868844509124756,-1.2705717086791992
10224,2.5449695587158203,-1.3468542098999023
10225,2.629603147506714,-1.2530148029327393
10226,2.8456387519836426,-1.431821346282959
10227,2.6366987228393555,-1.3248531818389893
10228,2.6768932342529297,-1.3073042631149292
10229,2.4597275257110596,-1.3804450035095215
10230,2.3881754875183105,-1.1503138542175293
10231,2.490556240081787,-1.267827033996582
10232,3.0633580684661865,-1.398362159729004
10233,2.4065699577331543,-1.2867354154586792
10234,2.811833381652832,-1.30965256690979
10235,2.4446983337402344,-1.239516258239746
10236,2.338045597076416,-1.5293017625808716
10237,2.717013120651245,-1.3872038125991821
10238,2.4762156009674072,-1.5459070205688477
10239,2.677417755126953,-1.2334414720535278
10240,2.6758675575256348,-1.3974204063415527
10241,2.3909249305725098,-1.256117820739746
10242,2.2346248626708984,-1.121742606163025
10243,2.7638676166534424,-1.3319244384765625
10244,2.218858242034912,-1.2523624897003174
10245,2.27915096282959,-1.1610177755355835
10246,2.3253567218780518,-1.2609999179840088
10247,2.3222551345825195,-0.9545811414718628
10248,2.3410539627075195,-1.5011017322540283
10249,2.5760855674743652,-1.1903867721557617
10250,2.3546152114868164,-1.1085718870162964
10251,2.499502420425415,-1.2351055145263672
10252,2.156154155731201,-1.2826414108276367
10253,2.505542278289795,-1.2145096063613892
10254,2.4292850494384766,-1.3819509744644165
10255,2.578498363494873,-1.2566776275634766
10256,2.8703973293304443,-1.3431261777877808
10257,2.5802009105682373,-0.8774433732032776
10258,2.3333396911621094,-1.2847180366516113
10259,2.4412031173706055,-1.074161410331726
10260,1.8454036712646484,-1.1061798334121704
10261,2.24170184135437,-1.3355965614318848
10262,2.52821946144104,-1.3000900745391846
10263,2.5077357292175293,-1.314687967300415
10264,2.1520791053771973,-1.2386491298675537
10265,2.716968536376953,-1.6179386377334595
10266,2.607079029083252,-1.1145731210708618
10267,2.447298526763916,-1.0666126012802124
10268,2.1190145015716553,-1.1352931261062622
10269,2.525663375854492,-1.239345669746399
10270,2.229165554046631,-1.3655227422714233
10271,2.3599109649658203,-1.4649533033370972
10272,2.6322150230407715,-1.133575439453125
10273,2.7056593894958496,-1.053706169128418
10274,2.42836594581604,-1.311446189880371
10275,2.48966121673584,-1.224219799041748
10276,2.598039388656616,-1.2363216876983643
10277,2.348932981491089,-1.1395142078399658
10278,2.27936053276062,-1.1437773704528809
10279,2.5536117553710938,-1.2260053157806396
10280,2.565861701965332,-1.4005340337753296
10281,2.4281654357910156,-1.1868523359298706
10282,2.2982659339904785,-1.0630462169647217
10283,2.2298734188079834,-1.256628155708313
10284,2.8586082458496094,-1.220709204673767
10285,2.399230718612671,-1.3031944036483765
10286,2.285775661468506,-1.0863205194473267
10287,2.656543731689453,-1.014776349067688
10288,2.2887959480285645,-1.2200469970703125
10289,2.4620232582092285,-1.254815697669983
10290,2.0867018699645996,-1.2612932920455933
10291,2.5770835876464844,-1.2926292419433594
10292,2.4309589862823486,-1.2478958368301392
10293,2.0965728759765625,-1.3136159181594849
10294,2.2283620834350586,-1.3164221048355103
10295,2.2212955951690674,-1.2569539546966553
10296,2.370844841003418,-1.2361043691635132
10297,2.4192123413085938,-0.8681628704071045
10298,2.0979270935058594,-1.2387547492980957
10299,2.1340749263763428,-1.3677029609680176
10300,2.278453826904297,-1.273918867111206
10301,2.259441375732422,-1.1726984977722168
10302,2.6847290992736816,-1.2003471851348877
10303,2.4825568199157715,-1.2138670682907104
10304,2.091168165206909,-1.107234239578247
10305,2.041541337966919,-1.2140417098999023
10306,2.5102267265319824,-1.2145746946334839
10307,2.651155710220337,-1.319175124168396
10308,2.346453905105591,-1.1996533870697021
10309,2.3241794109344482,-1.1745343208312988
10310,2.277137279510498,-1.2705954313278198
10311,2.512269973754883,-1.3773183822631836
10312,2.1411571502685547,-0.9752811193466187
10313,2.2484018802642822,-1.2497360706329346
10314,2.260504961013794,-0.9153602719306946
10315,2.4687914848327637,-1.1423399448394775
10316,2.4864659309387207,-1.117192268371582
10317,2.2569363117218018,-1.5042484998703003
10318,1.96052086353302,-0.991279661655426
10319,2.1309280395507812,-1.0901362895965576
10320,2.1810483932495117,-1.1492668390274048
10321,2.317352294921875,-1.0311907529830933
10322,2.4838576316833496,-1.2655165195465088
10323,1.9258253574371338,-1.0641543865203857
10324,2.6643974781036377,-1.2643117904663086
10325,2.271632671356201,-1.1694369316101074
10326,2.2353525161743164,-1.1442509889602661
10327,2.4390056133270264,-1.2659777402877808
10328,2.3736090660095215,-1.467824101448059
10329,2.5389087200164795,-1.112379550933838
10330,2.387984037399292,-1.4874062538146973
10331,2.3780431747436523,-1.3809523582458496
10332,2.5238428115844727,-1.2690248489379883
10333,2.1839797496795654,-0.9715356230735779
10334,2.4361190795898438,-1.025220274925232
10335,2.5655059814453125,-1.2524428367614746
10336,2.6086673736572266,-0.9655587673187256
10337,2.009615421295166,-1.2701243162155151
10338,2.236947536468506,-1.156327247619629
10339,2.4039647579193115,-1.1909465789794922
10340,2.2404415607452393,-1.2789537906646729
10341,2.263986825942993,-1.397621512413025
10342,2.4323389530181885,-1.1014988422393799
10343,2.661241054534912,-1.120903730392456
10344,2.382267475128174,-1.3450487852096558
10345,2.2786014080047607,-1.2486485242843628
10346,2.2497355937957764,-1.1719471216201782
10347,2.2549614906311035,-1.1351656913757324
10348,2.268526315689087,-0.9957319498062134
10349,2.2575554847717285,-1.1340066194534302
10350,2.551208019256592,-1.2160484790802002
10351,2.6686391830444336,-1.1016830205917358
10352,2.4137842655181885,-1.216063141822815
10353,2.575948476791382,-1.258590817451477
10354,2.393669605255127,-1.21181058883667
10355,2.4936766624450684,-1.1020374298095703
10356,2.315401077270508,-1.2524875402450562
10357,2.3010294437408447,-1.2782038450241089
10358,2.8373851776123047,-1.4601287841796875
10359,2.594510078430176,-1.4011168479919434
10360,2.0706257820129395,-1.2850364446640015
10361,2.414940595626831,-1.142095685005188
10362,2.449565887451172,-1.3908336162567139
10363,2.3799099922180176,-1.2068407535552979
10364,2.3514981269836426,-1.1303191184997559
10365,2.5336813926696777,-1.2894498109817505
10366,2.322786569595337,-1.057399034500122
10367,2.6143746376037598,-1.2133218050003052
10368,2.48052978515625,-1.2638485431671143
10369,2.5601651668548584,-1.1540911197662354
10370,2.1930932998657227,-1.1648308038711548
10371,2.765714406967163,-1.3740979433059692
10372,2.14151930809021,-1.1269581317901611
10373,2.4410033226013184,-1.0629225969314575
10374,2.3385207653045654,-1.0215260982513428
10375,2.109278917312622,-1.3413892984390259
10376,2.5751941204071045,-1.109989881515503
10377,2.4796953201293945,-0.9994632005691528
10378,2.2610208988189697,-1.2547677755355835
10379,2.6897406578063965,-1.2458457946777344
10380,2.3861422538757324,-1.433154582977295
10381,2.659599542617798,-1.3448052406311035
10382,2.4660539627075195,-1.1448534727096558
10383,2.2501115798950195,-1.2650984525680542
10384,2.2264153957366943,-1.4030739068984985
10385,2.6692817211151123,-1.4053637981414795
10386,2.5224554538726807,-1.3508574962615967
10387,2.6841654777526855,-1.1867170333862305
10388,2.5010292530059814,-1.0932972431182861
10389,2.29899525642395,-1.241579532623291
10390,2.5497007369995117,-1.3391058444976807
10391,2.5014257431030273,-1.1884584426879883
10392,2.3085858821868896,-1.1107219457626343
10393,2.456942081451416,-1.3343415260314941
10394,2.2707695960998535,-1.0905402898788452
10395,2.9324254989624023,-1.1884139776229858
10396,2.7945914268493652,-1.3564268350601196
10397,2.4263720512390137,-1.338901162147522
10398,2.784984827041626,-1.3013060092926025
10399,2.276026725769043,-0.8983863592147827
10400,2.8407835960388184,-1.1807392835617065
10401,2.6822237968444824,-1.404695987701416
10402,2.456388473510742,-1.2085658311843872
10403,2.1121201515197754,-1.146515965461731
10404,2.5993831157684326,-1.3105933666229248
10405,2.505880832672119,-1.2232754230499268
10406,2.4338815212249756,-1.173994779586792
10407,2.390896797180176,-1.2543314695358276
10408,2.4583606719970703,-1.3719642162322998
10409,2.2592620849609375,-1.1431251764297485
10410,2.2629899978637695,-1.153818964958191
10411,2.400176525115967,-1.3375095129013062
10412,2.4613194465637207,-1.06600022315979
10413,2.348815441131592,-1.2563031911849976
10414,2.298427104949951,-1.0548977851867676
10415,2.4628970623016357,-1.2333004474639893
10416,2.375566005706787,-1.0722194910049438
10417,2.620110034942627,-1.372103214263916
10418,2.0880560874938965,-1.017120599746704
10419,2.160710334777832,-1.197436809539795
10420,2.4437623023986816,-1.0330325365066528
10421,2.5369746685028076,-0.9600240588188171
10422,2.3857340812683105,-1.1886177062988281
10423,2.475641965866089,-1.0851283073425293
10424,2.5063014030456543,-1.2393391132354736
10425,2.503265380859375,-1.2167999744415283
10426,2.7613563537597656,-1.1877142190933228
10427,2.7865288257598877,-1.2670406103134155
10428,2.316925048828125,-1.2100340127944946
10429,2.317659854888916,-1.0754172801971436
10430,2.571078300476074,-1.1216413974761963
10431,2.3599648475646973,-0.9669978618621826
10432,2.3147706985473633,-1.1772987842559814
10433,2.469148874282837,-1.1907610893249512
10434,2.642329216003418,-1.112992286682129
10435,2.6305243968963623,-1.0394361019134521
10436,2.056798219680786,-1.079321026802063
10437,2.270612955093384,-1.184910535812378
10438,2.4495458602905273,-1.1885663270950317
10439,2.291372299194336,-1.0175656080245972
10440,2.2887167930603027,-1.0599342584609985
10441,2.5892691612243652,-1.2691820859909058
10442,2.193540096282959,-1.1421388387680054
10443,2.604032516479492,-1.218739628791809
10444,2.131077766418457,-1.0811213254928589
10445,2.4954593181610107,-1.1085947751998901
10446,2.362225294113159,-1.061000943183899
10447,2.5756325721740723,-1.3012560606002808
10448,2.35500431060791,-1.3269387483596802
10449,2.282162666320801,-1.2276062965393066
10450,2.139503002166748,-1.1630394458770752
10451,2.3468737602233887,-0.930915355682373
10452,2.5691237449645996,-1.4346460103988647
10453,2.5561370849609375,-1.4202135801315308
10454,2.408277988433838,-1.3083287477493286
10455,2.340724468231201,-1.1350791454315186
10456,2.4163572788238525,-1.2178629636764526
10457,2.38607120513916,-1.078731894493103
10458,2.264922618865967,-0.967244029045105
10459,2.359447479248047,-1.2387499809265137
10460,2.0836567878723145,-1.326349139213562
10461,2.271977424621582,-1.0171613693237305
10462,2.817898750305176,-0.967995285987854
10463,2.1641077995300293,-1.153771996498108
10464,2.2488856315612793,-0.9966325163841248
10465,2.2611746788024902,-1.1003516912460327
10466,2.586463451385498,-1.3948974609375
10467,2.5859711170196533,-1.0450589656829834
10468,2.0398967266082764,-1.3035964965820312
10469,2.4450056552886963,-1.1993097066879272
10470,2.548861503601074,-1.2136685848236084
10471,2.2565908432006836,-1.2038918733596802
10472,2.386836528778076,-1.1306819915771484
10473,2.311990737915039,-1.1513158082962036
10474,2.2155544757843018,-1.2251882553100586
10475,2.383118152618408,-0.9579783082008362
10476,2.437276601791382,-1.2216168642044067
10477,2.6783809661865234,-1.1901839971542358
10478,2.2952535152435303,-1.173998236656189
10479,2.144793748855591,-0.9848245978355408
10480,2.651183605194092,-1.1415656805038452
10481,2.2005205154418945,-1.4654300212860107
10482,2.555736541748047,-0.9289171099662781
10483,2.1303887367248535,-1.0776232481002808
10484,2.454806327819824,-1.1102944612503052
10485,2.3477907180786133,-1.186318039894104
10486,2.452714443206787,-1.1584692001342773
10487,2.2544143199920654,-1.2529240846633911
10488,2.695962429046631,-1.3677198886871338
10489,2.228105068206787,-1.1255310773849487
10490,2.2074174880981445,-1.0395373106002808
10491,2.429069757461548,-1.2489752769470215
10492,2.3194527626037598,-1.5141503810882568
10493,2.4560492038726807,-1.1522217988967896
10494,2.503173351287842,-1.4309344291687012
10495,2.3590011596679688,-1.026368260383606
10496,2.692467212677002,-1.484108328819275
10497,2.2587485313415527,-1.1980036497116089
10498,2.389049530029297,-1.2925127744674683
10499,2.618375301361084,-1.0977897644042969
10500,2.6492912769317627,-1.0354593992233276
10501,2.414247751235962,-1.0773180723190308
10502,2.383558750152588,-1.3687418699264526
10503,2.364637851715088,-1.026387095451355
10504,2.239323616027832,-1.4174569845199585
10505,2.3578102588653564,-1.1816980838775635
10506,2.5127065181732178,-0.9114766716957092
10507,2.3852317333221436,-1.1614727973937988
10508,2.3563294410705566,-1.1499747037887573
10509,2.6355111598968506,-1.2215194702148438
10510,2.0254876613616943,-1.1816169023513794
10511,2.6518335342407227,-1.239176630973816
10512,2.38889479637146,-1.251410961151123
10513,2.2918739318847656,-1.161301851272583
10514,2.758986473083496,-1.2086107730865479
10515,2.610703706741333,-1.2864373922348022
10516,2.457287311553955,-1.0923571586608887
10517,2.292924642562866,-1.1002609729766846
10518,2.419788122177124,-1.0047093629837036
10519,2.19342303276062,-1.1150850057601929
10520,2.516908645629883,-1.131047248840332
10521,2.4690349102020264,-1.055793046951294
10522,2.4059603214263916,-1.3215279579162598
10523,2.109147071838379,-1.2052204608917236
10524,2.359051465988159,-0.9795109033584595
10525,2.4295973777770996,-1.1140552759170532
10526,2.2541279792785645,-1.2008864879608154
10527,2.1689796447753906,-1.058231234550476
10528,2.742168426513672,-1.2254925966262817
10529,2.538790464401245,-1.3341436386108398
10530,2.788544178009033,-1.1428475379943848
10531,2.8345651626586914,-1.0195883512496948
10532,2.625281810760498,-1.0729635953903198
10533,2.4336934089660645,-1.0404471158981323
10534,2.50039005279541,-0.9546706676483154
10535,2.4307422637939453,-1.3670594692230225
10536,2.4801902770996094,-1.0134203433990479
10537,2.4805908203125,-0.9019367694854736
10538,2.4951391220092773,-1.3294848203659058
10539,2.158555746078491,-1.2396045923233032
10540,2.450878620147705,-1.0045605897903442
10541,2.379317283630371,-1.1119979619979858
10542,2.595707893371582,-1.2112433910369873
10543,2.1499948501586914,-0.9836681485176086
10544,2.4083774089813232,-1.2432787418365479
10545,2.309474468231201,-1.155287504196167
10546,2.259464740753174,-0.9741447567939758
10547,2.5792036056518555,-1.147015929222107
10548,2.782132148742676,-1.1316012144088745
10549,2.190087080001831,-1.1286505460739136
10550,2.2169690132141113,-1.1933883428573608
10551,2.4305734634399414,-1.1360087394714355
10552,2.312568187713623,-0.8530816435813904
10553,2.592357873916626,-1.0289515256881714
10554,2.502898693084717,-1.1596086025238037
10555,2.3051865100860596,-1.1967207193374634
10556,2.2694692611694336,-1.0803251266479492
10557,2.3794007301330566,-1.0779505968093872
10558,2.384092092514038,-1.0628197193145752
10559,2.1804025173187256,-1.0749826431274414
10560,2.2637295722961426,-1.0325065851211548
10561,2.1860599517822266,-1.1905715465545654
10562,2.634687900543213,-1.196427345275879
10563,2.3320441246032715,-1.3114498853683472
10564,2.0296366214752197,-1.2288970947265625
10565,2.2060205936431885,-1.1872578859329224
10566,2.4123787879943848,-1.1969828605651855
10567,2.5240225791931152,-0.9361655712127686
10568,2.4681124687194824,-1.0448880195617676
10569,2.1880617141723633,-1.0967921018600464
10570,2.479180097579956,-1.066906213760376
10571,2.367161750793457,-0.8601495623588562
10572,2.32810115814209,-1.1142892837524414
10573,2.1978232860565186,-1.1033838987350464
10574,2.0491063594818115,-1.1177520751953125
10575,2.070678234100342,-1.1257365942001343
10576,2.5173468589782715,-1.2359384298324585
10577,2.184530019760132,-1.1303508281707764
10578,2.2328286170959473,-1.098978877067566
10579,2.0161514282226562,-1.390089988708496
10580,2.1238882541656494,-1.1280840635299683
10581,2.3474230766296387,-1.0655020475387573
10582,2.153254508972168,-1.0498379468917847
10583,2.450946092605591,-1.1285676956176758
10584,2.3330650329589844,-1.1059746742248535
10585,2.5885331630706787,-1.1165165901184082
10586,2.407768726348877,-1.2819958925247192
10587,2.2217750549316406,-1.2496559619903564
10588,2.3261563777923584,-1.1583648920059204
10589,2.4069089889526367,-1.3292781114578247
10590,2.4273624420166016,-1.0689059495925903
10591,2.1980643272399902,-1.0819404125213623
10592,2.1847572326660156,-0.9793797135353088
10593,2.199565887451172,-1.2788819074630737
10594,2.2331061363220215,-1.2010818719863892
10595,2.5808887481689453,-0.9935892224311829
10596,2.279695987701416,-1.230959177017212
10597,2.237539529800415,-1.171851634979248
10598,2.668652057647705,-0.9934733510017395
10599,2.0945067405700684,-1.1082106828689575
10600,2.237527847290039,-0.8519191145896912
10601,2.030604839324951,-0.8682023882865906
10602,2.2781472206115723,-1.0944361686706543
10603,2.420365333557129,-1.2568739652633667
10604,2.274955987930298,-1.2013214826583862
10605,2.1024436950683594,-1.0744056701660156
10606,2.1458592414855957,-1.1527132987976074
10607,2.3212227821350098,-1.2312114238739014
10608,2.3333542346954346,-0.8750104308128357
10609,2.423725128173828,-1.1483745574951172
10610,2.4961097240448,-1.434678316116333
10611,2.1473398208618164,-0.942280113697052
10612,2.125527858734131,-1.0518265962600708
10613,2.3526813983917236,-1.070177674293518
10614,2.4658665657043457,-1.1991804838180542
10615,2.252455234527588,-1.2011927366256714
10616,2.3318333625793457,-1.1296381950378418
10617,2.4950037002563477,-1.3691061735153198
10618,2.3777942657470703,-1.367801547050476
10619,2.5094594955444336,-1.0488520860671997
10620,2.367401599884033,-0.9312275648117065
10621,2.6875014305114746,-1.0447341203689575
10622,2.145620584487915,-1.032432198524475
10623,2.2586379051208496,-1.0752675533294678
10624,2.5201802253723145,-1.203575849533081
10625,2.7122344970703125,-1.1018385887145996
10626,2.1668763160705566,-1.044058084487915
10627,2.60209321975708,-1.0213037729263306
10628,2.6801154613494873,-1.3456740379333496
10629,1.9830145835876465,-1.0782055854797363
10630,2.3699331283569336,-1.116094946861267
10631,2.240053653717041,-1.1823676824569702
10632,2.3606417179107666,-1.0932927131652832
10633,2.5004796981811523,-1.002249836921692
10634,2.4006471633911133,-1.2011295557022095
10635,2.234400749206543,-1.1187440156936646
10636,2.2597577571868896,-1.1010737419128418
10637,2.2786717414855957,-1.124252200126648
10638,2.03930401802063,-0.9805611968040466
10639,2.0257859230041504,-1.2078014612197876
10640,2.4591026306152344,-1.1928921937942505
10641,2.1414060592651367,-1.0350462198257446
10642,2.1631126403808594,-1.0008615255355835
10643,2.576835870742798,-0.9602211713790894
10644,2.214420795440674,-1.0583194494247437
10645,1.9799230098724365,-1.1589326858520508
10646,2.575542449951172,-1.0471349954605103
10647,2.297475814819336,-1.1109119653701782
10648,2.563643455505371,-1.0360312461853027
10649,2.3676133155822754,-1.1887203454971313
10650,2.065833568572998,-0.8954751491546631
10651,2.4338912963867188,-1.1289616823196411
10652,2.4086222648620605,-1.1985541582107544
10653,2.252692699432373,-1.0539250373840332
10654,2.259211540222168,-1.0814288854599
10655,2.254709005355835,-1.2694841623306274
10656,2.65805721282959,-1.1488107442855835
10657,2.327935218811035,-1.236135482788086
10658,2.4117679595947266,-0.992154061794281
10659,2.4454474449157715,-1.0215556621551514
10660,2.2042527198791504,-1.056676983833313
10661,2.162886619567871,-1.244614601135254
10662,2.1982321739196777,-0.9560930132865906
10663,2.387723922729492,-1.2351821660995483
10664,2.513427734375,-1.307408332824707
10665,2.429490089416504,-1.1698790788650513
10666,2.298569679260254,-1.1308093070983887
10667,2.632054328918457,-1.11152982711792
10668,2.5350565910339355,-1.1334890127182007
10669,2.779543876647949,-1.2970492839813232
10670,2.442770004272461,-1.1784173250198364
10671,2.2226333618164062,-1.025809645652771
10672,2.4035744667053223,-1.2325571775436401
10673,2.6793007850646973,-1.2578072547912598
10674,2.3210158348083496,-1.2102324962615967
10675,2.2238292694091797,-1.1368314027786255
10676,2.184019088745117,-1.2862038612365723
10677,2.1012825965881348,-0.9535399079322815
10678,1.9836223125457764,-0.9127398729324341
10679,2.543853998184204,-1.152279257774353
10680,2.529226541519165,-1.307020902633667
10681,2.339301586151123,-0.9990388751029968
10682,2.3808960914611816,-1.0296434164047241
10683,2.5650017261505127,-1.168412208557129
10684,2.3147058486938477,-1.0637184381484985
10685,2.5224266052246094,-1.2765308618545532
10686,2.1711058616638184,-0.9165745377540588
10687,2.132702350616455,-1.1210652589797974
10688,2.2951107025146484,-1.2549325227737427
10689,2.8184800148010254,-1.1338343620300293
10690,2.471409797668457,-1.2066435813903809
10691,2.224092483520508,-1.0512073040008545
10692,2.4130048751831055,-1.1204496622085571
10693,2.698291778564453,-1.0457501411437988
10694,2.0556249618530273,-1.1319712400436401
10695,2.640563488006592,-1.094794750213623
10696,2.3045718669891357,-1.1569925546646118
10697,2.3043007850646973,-1.2963433265686035
10698,2.202874183654785,-1.2842575311660767
10699,1.8649530410766602,-1.1216384172439575
10700,1.8904386758804321,-0.8494197130203247
10701,2.619475841522217,-1.2063487768173218
10702,2.137572765350342,-1.1132463216781616
10703,2.305133819580078,-1.0085786581039429
10704,2.593604326248169,-1.1628702878952026
10705,2.422417163848877,-1.226655125617981
10706,2.350236654281616,-1.2317029237747192
10707,2.461239814758301,-0.9572361707687378
10708,2.3775177001953125,-1.0745091438293457
10709,2.446277141571045,-1.1766825914382935
10710,2.3723411560058594,-1.0013244152069092
10711,2.115121364593506,-1.1356611251831055
10712,2.418081760406494,-1.1113228797912598
10713,2.1382641792297363,-0.7995573282241821
10714,2.218806743621826,-0.8576821684837341
10715,2.330545425415039,-1.0204464197158813
10716,2.279439687728882,-1.0884679555892944
10717,2.024771213531494,-1.0210150480270386
10718,2.445394515991211,-1.009251594543457
10719,2.472223997116089,-0.8750537037849426
10720,2.1391968727111816,-1.085971474647522
10721,2.2869510650634766,-1.1685365438461304
10722,2.489871025085449,-1.2181674242019653
10723,2.0926246643066406,-1.0672049522399902
10724,2.2361018657684326,-0.8145721554756165
10725,2.526698112487793,-1.0606868267059326
10726,2.3441505432128906,-1.032814383506775
10727,2.357483386993408,-1.2980984449386597
10728,2.2005488872528076,-1.0891633033752441
10729,1.9989497661590576,-0.9928361773490906
10730,2.4405784606933594,-1.2503199577331543
10731,2.248821258544922,-1.0290594100952148
10732,2.2412686347961426,-1.2425824403762817
10733,2.874584436416626,-1.1230652332305908
10734,2.3901095390319824,-1.3394920825958252
10735,2.586862564086914,-1.1118637323379517
10736,2.0386080741882324,-1.1680264472961426
10737,2.515375852584839,-1.0592399835586548
10738,2.0641345977783203,-1.2114448547363281
10739,2.265782356262207,-1.2462739944458008
10740,2.013441324234009,-1.0834165811538696
10741,2.3672757148742676,-1.1440327167510986
10742,2.449420928955078,-0.9521563053131104
10743,2.222421646118164,-0.991593599319458
10744,2.713296413421631,-1.378258466720581
10745,2.306832790374756,-1.0994045734405518
10746,2.4568052291870117,-1.1421512365341187
10747,2.3213601112365723,-1.0113344192504883
10748,2.369537591934204,-1.2368370294570923
10749,2.555656909942627,-1.0129218101501465
10750,2.3785691261291504,-1.1191362142562866
10751,2.722592830657959,-1.1091818809509277
10752,2.6469483375549316,-1.0996522903442383
10753,2.569963216781616,-1.0156534910202026
10754,2.5126988887786865,-1.1313666105270386
10755,2.503990650177002,-1.234159231185913
10756,2.2991905212402344,-1.2016510963439941
10757,2.465897560119629,-1.008966326713562
10758,2.473449468612671,-1.290732979774475
10759,2.7541048526763916,-0.9557881355285645
10760,2.4714245796203613,-1.195682406425476
10761,2.3979063034057617,-1.2130993604660034
10762,2.382779598236084,-1.2376220226287842
10763,2.388056755065918,-1.0232900381088257
10764,2.2729625701904297,-1.0586925745010376
10765,2.345029830932617,-1.040384292602539
10766,2.360456943511963,-1.1249330043792725
10767,2.7940762042999268,-1.0252296924591064
10768,2.3329122066497803,-1.0825409889221191
10769,2.382981300354004,-0.9903902411460876
10770,2.3497655391693115,-1.026380181312561
10771,2.531538486480713,-1.1817688941955566
10772,2.182565689086914,-1.0161850452423096
10773,2.0521700382232666,-1.1016651391983032
10774,2.235222816467285,-1.1109744310379028
10775,2.2908191680908203,-1.1480793952941895
10776,2.4932312965393066,-1.0430306196212769
10777,2.702334403991699,-0.9641203284263611
10778,2.332345485687256,-1.006554126739502
10779,2.1828219890594482,-0.9624800086021423
10780,2.368436813354492,-1.1042863130569458
10781,2.2556538581848145,-1.2754899263381958
10782,2.3488922119140625,-1.0656932592391968
10783,2.8114004135131836,-1.0747653245925903
10784,2.155609130859375,-0.9548430442810059
10785,2.446932315826416,-0.8403505682945251
10786,2.6548216342926025,-1.0162273645401
10787,2.4678127765655518,-1.1160478591918945
10788,2.617685317993164,-1.2363529205322266
10789,2.0421228408813477,-0.8762354850769043
10790,2.406022071838379,-1.1214584112167358
10791,2.4766247272491455,-0.9778499007225037
10792,2.4105539321899414,-1.0718215703964233
10793,2.2036991119384766,-1.0695401430130005
10794,2.5920281410217285,-1.0385870933532715
10795,2.4644198417663574,-1.161989688873291
10796,2.411849021911621,-1.157559871673584
10797,2.342205762863159,-1.0420582294464111
10798,1.9440912008285522,-1.1625193357467651
10799,2.2884230613708496,-1.0548101663589478
10800,2.3051862716674805,-1.113354206085205
10801,2.5268378257751465,-1.016883134841919
10802,2.444791316986084,-1.1618915796279907
10803,2.42063307762146,-1.1005756855010986
10804,2.050949811935425,-1.0318870544433594
10805,2.273364543914795,-1.085452675819397
10806,2.5421924591064453,-1.180060625076294
10807,2.2482991218566895,-0.9500972032546997
10808,2.611687421798706,-1.0264836549758911
10809,2.396185874938965,-0.9714812636375427
10810,2.158780813217163,-1.2154622077941895
10811,2.7078452110290527,-1.1368322372436523
10812,1.9845261573791504,-1.0393677949905396
10813,2.8143057823181152,-1.2567026615142822
10814,2.375319004058838,-1.0924019813537598
10815,2.308399200439453,-0.9443439245223999
10816,2.3814845085144043,-1.1469697952270508
10817,2.27980375289917,-1.225752353668213
10818,2.3380815982818604,-1.2535030841827393
10819,2.4671108722686768,-0.9792245626449585
10820,2.5122976303100586,-0.8932642936706543
10821,2.100642681121826,-1.0431503057479858
10822,2.6070022583007812,-0.9480634331703186
10823,2.253904342651367,-1.0241175889968872
10824,2.4416658878326416,-1.017265796661377
10825,2.3721585273742676,-1.0916831493377686
10826,2.186006546020508,-1.2109551429748535
10827,2.340693473815918,-1.0804051160812378
10828,2.5113885402679443,-1.1489533185958862
10829,2.138124942779541,-1.0885050296783447
10830,2.7286462783813477,-1.135830044746399
10831,2.626394033432007,-1.0757074356079102
10832,2.3496146202087402,-0.9132787585258484
10833,2.2822251319885254,-0.911322832107544
10834,2.530947208404541,-1.1717190742492676
10835,2.5171685218811035,-1.1124249696731567
10836,2.063446521759033,-0.8610467314720154
10837,2.2642178535461426,-1.1527228355407715
10838,2.385040521621704,-1.0433530807495117
10839,2.4266746044158936,-0.9475686550140381
10840,2.077730655670166,-0.9998631477355957
10841,2.340508460998535,-1.145821213722229
10842,2.458143711090088,-1.1572898626327515
10843,2.8525032997131348,-1.123286485671997
10844,2.0883662700653076,-0.9634578227996826
10845,2.172361373901367,-1.0340726375579834
10846,2.0622940063476562,-1.1742783784866333
10847,2.337285041809082,-1.0504789352416992
10848,2.306216239929199,-1.1495414972305298
10849,2.743201732635498,-1.0917906761169434
10850,2.548765182495117,-1.0587881803512573
10851,2.2454488277435303,-1.0635279417037964
10852,2.2300214767456055,-1.237054705619812
10853,2.4057750701904297,-1.0068955421447754
10854,2.1102147102355957,-0.9750643968582153
10855,2.3169164657592773,-1.0573104619979858
10856,1.8474483489990234,-1.0799729824066162
10857,2.261397123336792,-1.0684794187545776
10858,2.252570867538452,-0.8661035299301147
10859,2.796243190765381,-1.1133832931518555
10860,2.3530969619750977,-1.0637637376785278
10861,2.6861977577209473,-1.0654813051223755
10862,2.2968409061431885,-0.9807775616645813
10863,2.3304972648620605,-1.1349231004714966
10864,2.4402050971984863,-0.9765924215316772
10865,2.223680257797241,-0.9646937847137451
10866,2.1499695777893066,-1.040244221687317
10867,2.5623579025268555,-1.1880511045455933
10868,2.443329334259033,-0.9236679673194885
10869,2.683867931365967,-1.1665064096450806
10870,2.268486976623535,-1.0648910999298096
10871,2.3217711448669434,-1.1833101511001587
10872,2.307532548904419,-1.2168030738830566
10873,2.6026687622070312,-1.088343620300293
10874,2.402698278427124,-1.0473459959030151
10875,2.0858335494995117,-1.3520474433898926
10876,2.330315113067627,-1.0334382057189941
10877,2.2248153686523438,-1.1754038333892822
10878,2.6323108673095703,-0.9049755334854126
10879,2.2192492485046387,-0.823218584060669
10880,2.1613736152648926,-1.0685993432998657
10881,2.6135897636413574,-1.0616083145141602
10882,2.739825487136841,-0.9201714396476746
10883,2.1565208435058594,-1.0843915939331055
10884,2.2361788749694824,-1.1029475927352905
10885,2.264669418334961,-0.9881409406661987
10886,2.54813551902771,-1.1017979383468628
10887,2.3809289932250977,-1.1847965717315674
10888,2.3069725036621094,-1.1484763622283936
10889,2.252960205078125,-1.0416536331176758
10890,2.1973962783813477,-1.0124423503875732
10891,2.192556381225586,-1.1191295385360718
10892,2.286175489425659,-1.1258059740066528
10893,2.2140934467315674,-1.183449625968933
10894,2.4629883766174316,-1.0080996751785278
10895,2.352665901184082,-0.8469725847244263
10896,2.216519355773926,-1.0937649011611938
10897,2.4141364097595215,-1.0487592220306396
10898,2.101306438446045,-1.0915741920471191
10899,2.7316458225250244,-0.9261529445648193
10900,2.3697152137756348,-1.069899320602417
10901,2.3606209754943848,-0.9866518974304199
10902,2.462143898010254,-1.1406376361846924
10903,2.534943103790283,-1.0209071636199951
10904,2.4254441261291504,-1.1501250267028809
10905,2.5913939476013184,-1.0468547344207764
10906,2.747852325439453,-0.9442176222801208
10907,2.389165163040161,-0.9864813089370728
10908,2.2385942935943604,-0.979926586151123
10909,2.455681324005127,-0.9444064497947693
10910,2.351677656173706,-0.9622292518615723
10911,2.221451759338379,-1.157325267791748
10912,2.4953625202178955,-0.8469265699386597
10913,2.4199647903442383,-0.8982968330383301
10914,2.3986501693725586,-0.9840298295021057
10915,2.3815701007843018,-1.1364891529083252
10916,2.1327500343322754,-1.056204080581665
10917,2.431243658065796,-1.1053550243377686
10918,2.0641069412231445,-1.024283766746521
10919,2.3046786785125732,-1.0706210136413574
10920,2.8074405193328857,-1.171068549156189
10921,2.488877296447754,-0.9311016798019409
10922,2.6245968341827393,-0.8904821276664734
10923,2.292337417602539,-0.9025304913520813
10924,2.8574929237365723,-1.10442054271698
10925,3.121723175048828,-0.9418771266937256
10926,2.8214826583862305,-1.2478703260421753
10927,2.700467109680176,-1.1733403205871582
10928,2.4968557357788086,-0.9222847819328308
10929,2.521523952484131,-0.9411670565605164
10930,2.9150495529174805,-0.8568065166473389
10931,2.064056396484375,-1.1972812414169312
10932,2.6409759521484375,-1.1480717658996582
10933,2.759269952774048,-0.970640242099762
10934,2.6180644035339355,-0.9393720030784607
10935,2.7488410472869873,-0.8361752033233643
10936,2.5933103561401367,-1.0252296924591064
10937,2.3580222129821777,-1.0684739351272583
10938,2.6248722076416016,-1.2145460844039917
10939,2.3004350662231445,-1.1130328178405762
10940,2.272529363632202,-0.8729669451713562
10941,2.4430460929870605,-0.9995146989822388
10942,2.730158805847168,-1.0190373659133911
10943,2.274696111679077,-1.1810921430587769
10944,2.3183484077453613,-1.0102412700653076
10945,2.5968618392944336,-0.9153532981872559
10946,2.5059659481048584,-1.2408252954483032
10947,2.4400839805603027,-1.1244696378707886
10948,2.788846492767334,-0.9917418956756592
10949,2.38252592086792,-1.0242199897766113
10950,2.5326809883117676,-0.9805980920791626
10951,2.2472891807556152,-1.0519888401031494
10952,2.15899658203125,-1.0889149904251099
10953,2.5832393169403076,-1.0220646858215332
10954,2.651463747024536,-1.077923059463501
10955,2.217480182647705,-1.1022460460662842
10956,2.237266778945923,-0.8717758655548096
10957,2.1240715980529785,-1.050692081451416
10958,2.3974931240081787,-1.1601163148880005
10959,2.690547466278076,-1.0316362380981445
10960,1.8759286403656006,-0.9650344848632812
10961,2.2362422943115234,-1.082360863685608
10962,2.4245011806488037,-1.0912328958511353
10963,2.3458142280578613,-1.0805575847625732
10964,1.9927160739898682,-1.0210199356079102
10965,2.5060081481933594,-1.0133780241012573
10966,2.1434497833251953,-1.1121217012405396
10967,2.59281063079834,-1.1002658605575562
10968,2.18977427482605,-1.0743017196655273
10969,2.2669010162353516,-0.9220477342605591
10970,2.207159996032715,-0.918875515460968
10971,2.596658706665039,-0.923571765422821
10972,2.022099256515503,-1.0822100639343262
10973,2.657322883605957,-0.978549599647522
10974,2.4226646423339844,-1.1523138284683228
10975,2.143193006515503,-0.9550495743751526
10976,2.1757378578186035,-0.9905101656913757
10977,2.428349018096924,-1.0650821924209595
10978,2.1082239151000977,-1.0444549322128296
10979,2.299570083618164,-1.0074903964996338
10980,2.57092022895813,-0.9636715650558472
10981,2.18765926361084,-1.054042935371399
10982,2.316072463989258,-0.923566997051239
10983,2.294785261154175,-1.1000746488571167
10984,2.613067150115967,-1.1460319757461548
10985,2.387700080871582,-1.0799716711044312
10986,2.2538042068481445,-0.9917604923248291
10987,2.379887104034424,-0.9406622052192688
10988,2.141112804412842,-1.0382119417190552
10989,1.995556354522705,-1.0502102375030518
10990,2.3857827186584473,-1.0681980848312378
10991,2.4235503673553467,-1.1231584548950195
10992,2.4327871799468994,-0.9380248188972473
10993,2.3874921798706055,-0.752316951751709
10994,2.715606689453125,-0.9527907371520996
10995,2.6165645122528076,-0.9488323926925659
10996,2.304011344909668,-0.9962151050567627
10997,2.239593505859375,-1.009830117225647
10998,2.424058437347412,-1.1624727249145508
10999,2.5697855949401855,-0.8844192028045654
11000,2.2296597957611084,-0.9789907932281494
11001,2.4708006381988525,-1.0670242309570312
11002,2.5072245597839355,-1.1478174924850464
11003,2.2727091312408447,-1.0402016639709473
11004,2.211322784423828,-1.0255637168884277
11005,2.235893964767456,-0.9971780180931091
11006,2.478801727294922,-0.9489275217056274
11007,2.1132774353027344,-0.8705964684486389
11008,2.774014949798584,-1.0027947425842285
11009,2.321051597595215,-1.0036243200302124
11010,2.429002285003662,-0.759889543056488
11011,2.812997341156006,-1.1045372486114502
11012,2.478994369506836,-1.0468971729278564
11013,2.5691373348236084,-0.9602107405662537
11014,2.2702348232269287,-1.119076132774353
11015,2.4914984703063965,-0.9587157964706421
11016,2.4070897102355957,-0.8371686339378357
11017,2.359750270843506,-0.926979660987854
11018,2.239816904067993,-0.952636182308197
11019,2.7302134037017822,-1.2030091285705566
11020,2.3573989868164062,-0.9064384698867798
11021,2.2860984802246094,-0.8803233504295349
11022,2.3547027111053467,-0.8740671277046204
11023,2.401427745819092,-0.9879907369613647
11024,2.49788761138916,-1.1473318338394165
11025,2.8059134483337402,-1.0436203479766846
11026,2.0752224922180176,-0.8811348676681519
11027,2.4916558265686035,-1.0301834344863892
11028,2.5740013122558594,-1.0102461576461792
11029,2.416503667831421,-1.1925365924835205
11030,2.7727532386779785,-1.146461844444275
11031,2.7824692726135254,-1.133406639099121
11032,2.4212374687194824,-0.9576053023338318
11033,2.711014747619629,-1.1275564432144165
11034,2.3912341594696045,-1.0038033723831177
11035,2.4568912982940674,-1.1412138938903809
11036,2.312838554382324,-0.9936091899871826
11037,2.4316201210021973,-0.8095154762268066
11038,2.308262825012207,-0.9649646282196045
11039,2.239722967147827,-1.1419521570205688
11040,2.3937339782714844,-1.047620415687561
11041,2.602226972579956,-0.9597230553627014
11042,2.422205924987793,-0.9465816020965576
11043,2.153524875640869,-1.051729440689087
11044,2.410886287689209,-1.1841262578964233
11045,2.6365280151367188,-1.106663465499878
11046,2.143369674682617,-1.040701150894165
11047,2.32608699798584,-1.030211329460144
11048,2.402810573577881,-1.0716826915740967
11049,2.207488536834717,-1.1033214330673218
11050,2.369419813156128,-1.1579747200012207
11051,2.3510186672210693,-0.9493643045425415
11052,2.437635898590088,-1.0843387842178345
11053,2.404270648956299,-0.8431034088134766
11054,2.288822650909424,-0.9938068985939026
11055,2.450374126434326,-0.9925630688667297
11056,2.2012619972229004,-0.9786412715911865
11057,2.4004154205322266,-1.0414541959762573
11058,2.4752907752990723,-0.9311689734458923
11059,2.1543374061584473,-0.8701264262199402
11060,2.646024703979492,-0.9369616508483887
11061,2.286712169647217,-0.8263863325119019
11062,2.2147974967956543,-1.1543186902999878
11063,2.3386945724487305,-1.0216201543807983
11064,2.30145525932312,-1.30479097366333
11065,2.264895439147949,-1.0303174257278442
11066,2.4170851707458496,-0.980163037776947
11067,2.642472743988037,-1.040776252746582
11068,2.8913803100585938,-1.1826179027557373
11069,2.4922173023223877,-0.9181490540504456
11070,2.476548671722412,-0.9058257937431335
11071,2.2362351417541504,-1.0607527494430542
11072,2.0906312465667725,-1.0393704175949097
11073,2.442716598510742,-1.10047447681427
11074,2.105576515197754,-0.9357241988182068
11075,2.0268149375915527,-1.0288822650909424
11076,2.457077980041504,-0.8558660745620728
11077,2.325408935546875,-1.088239073753357
11078,2.65560245513916,-0.968130350112915
11079,2.3523173332214355,-1.1313109397888184
11080,2.1922240257263184,-1.0565459728240967
11081,2.3030242919921875,-1.0166007280349731
11082,2.371396064758301,-0.958583652973175
11083,2.124335765838623,-1.1193028688430786
11084,2.2602128982543945,-1.011879324913025
11085,2.3670809268951416,-1.037346363067627
11086,2.3981761932373047,-1.026289701461792
11087,2.4964137077331543,-0.9831358194351196
11088,1.9328224658966064,-0.8921602368354797
11089,2.2307043075561523,-0.8952656388282776
11090,2.110610008239746,-0.9896757006645203
11091,3.1497249603271484,-1.0209088325500488
11092,2.3441317081451416,-1.0895018577575684
11093,2.0576677322387695,-0.9308130145072937
11094,2.3169169425964355,-0.8347845673561096
11095,2.137180805206299,-0.9143433570861816
11096,2.395430088043213,-1.093417763710022
11097,2.2861413955688477,-1.0428367853164673
11098,2.6135144233703613,-0.9658920168876648
11099,2.217545509338379,-1.002397060394287
11100,2.237229347229004,-0.92633056640625
11101,2.5455265045166016,-1.0183550119400024
11102,2.2247307300567627,-1.0159796476364136
11103,2.155092716217041,-0.9472970366477966
11104,2.3868229389190674,-1.0511589050292969
11105,2.308605194091797,-0.9833736419677734
11106,2.2596468925476074,-1.1508063077926636
11107,2.163032293319702,-1.050369381904602
11108,2.2827484607696533,-0.9226589202880859
11109,1.9806022644042969,-1.0211299657821655
11110,2.2078869342803955,-1.0281004905700684
11111,2.1849539279937744,-1.0563993453979492
11112,2.229450225830078,-1.2323064804077148
11113,2.1361422538757324,-0.8736971020698547
11114,2.49338436126709,-1.16145920753479
11115,2.5356040000915527,-0.9525454044342041
11116,2.241079330444336,-1.1175589561462402
11117,2.306135892868042,-1.1034319400787354
11118,2.4388644695281982,-0.9945318698883057
11119,2.2928266525268555,-0.9832943677902222
11120,2.223771095275879,-1.1476526260375977
11121,2.266674518585205,-1.0595868825912476
11122,2.381279945373535,-0.9439267516136169
11123,2.472119092941284,-0.9346059560775757
11124,2.1731185913085938,-0.8742844462394714
11125,2.520037889480591,-0.9076647758483887
11126,2.501330852508545,-0.982145369052887
11127,2.342391014099121,-1.2038905620574951
11128,2.471076011657715,-0.9710615277290344
11129,2.332491636276245,-0.9122861623764038
11130,2.1932249069213867,-0.9358264207839966
11131,2.4578232765197754,-1.1165187358856201
11132,2.6574864387512207,-0.9256947040557861
11133,2.329806327819824,-1.1287643909454346
11134,2.7301363945007324,-1.0885316133499146
11135,2.656320571899414,-0.7946041226387024
11136,2.3889641761779785,-1.014725923538208
11137,2.3474271297454834,-1.0481926202774048
11138,2.4055628776550293,-0.9818477630615234
11139,2.234251022338867,-1.083079218864441
11140,2.2753686904907227,-0.9786403179168701
11141,2.471562385559082,-0.9659460186958313
11142,2.5824007987976074,-0.8724328875541687
11143,2.378580331802368,-0.9206247925758362
11144,2.2890734672546387,-0.8488256335258484
11145,2.5123305320739746,-1.1347384452819824
11146,2.114093542098999,-0.9595440626144409
11147,2.4921717643737793,-0.9161444902420044
11148,2.4181013107299805,-0.9366992115974426
11149,2.5319385528564453,-1.0606848001480103
11150,2.3503785133361816,-1.0696518421173096
11151,2.620967149734497,-0.9776809811592102
11152,2.503728151321411,-1.0397157669067383
11153,2.2769486904144287,-0.8735618591308594
11154,2.5428695678710938,-1.0056941509246826
11155,2.5090789794921875,-0.9989933967590332
11156,2.341006278991699,-1.0095291137695312
11157,2.252899646759033,-0.8437410593032837
11158,2.0396766662597656,-1.029911994934082
11159,2.4514081478118896,-1.0435422658920288
11160,2.3803281784057617,-1.0136778354644775
11161,2.4147632122039795,-0.9589871764183044
11162,2.0955848693847656,-0.979716956615448
11163,2.5762887001037598,-1.1787960529327393
11164,2.385913848876953,-0.9518939256668091
11165,2.290252685546875,-0.8845704793930054
11166,2.649787425994873,-0.8646548986434937
11167,2.2535324096679688,-0.9427517652511597
11168,2.241565227508545,-1.0545462369918823
11169,2.4918839931488037,-1.0972234010696411
11170,2.3499433994293213,-0.9949460625648499
11171,2.0967135429382324,-0.907589852809906
11172,2.1498849391937256,-0.8671771883964539
11173,2.6384294033050537,-1.068009614944458
11174,2.2238149642944336,-0.8881754279136658
11175,2.2645463943481445,-1.0779014825820923
11176,2.0530803203582764,-0.8837855458259583
11177,2.068575620651245,-0.9997069835662842
11178,2.09037446975708,-0.9453572034835815
11179,2.2060513496398926,-0.8977712988853455
11180,2.110353946685791,-0.8912994265556335
11181,2.683058738708496,-0.9041765332221985
11182,2.0045533180236816,-0.9657129645347595
11183,2.465336799621582,-0.886009693145752
11184,2.157364845275879,-1.1291366815567017
11185,2.4655606746673584,-1.033041000366211
11186,2.461434841156006,-0.9316924810409546
11187,2.1330513954162598,-0.8270215392112732
11188,2.3540868759155273,-1.1262894868850708
11189,2.0090491771698,-0.8967416882514954
11190,2.4371705055236816,-0.9822506904602051
11191,2.2498133182525635,-0.862546443939209
11192,2.5602052211761475,-1.0000377893447876
11193,2.1523706912994385,-0.9374367594718933
11194,2.254713773727417,-0.988745927810669
11195,2.36525821685791,-0.998429536819458
11196,2.2836945056915283,-0.8706134557723999
11197,2.4146580696105957,-0.9511860013008118
11198,2.2628302574157715,-0.857276439666748
11199,2.0527572631835938,-0.8876844048500061
11200,2.2716264724731445,-1.0376250743865967
11201,2.108025550842285,-0.8267882466316223
11202,2.1389613151550293,-0.9329528212547302
11203,2.067715644836426,-0.9896771907806396
11204,2.0935723781585693,-1.0780134201049805
11205,2.267127275466919,-0.8953123688697815
11206,2.2954421043395996,-0.8548716902732849
11207,2.1224007606506348,-1.0781843662261963
11208,2.71061635017395,-0.9833003878593445
11209,2.3474297523498535,-0.8758378028869629
11210,2.1357483863830566,-0.8189465999603271
11211,2.1839895248413086,-1.0327221155166626
11212,2.5578417778015137,-0.9769248366355896
11213,2.317711353302002,-1.0967509746551514
11214,2.190497875213623,-1.1528815031051636
11215,2.193449020385742,-0.8950015306472778
11216,2.2847838401794434,-1.0131028890609741
11217,2.3402881622314453,-1.1091324090957642
11218,2.091099262237549,-1.1078253984451294
11219,2.474231719970703,-0.9401516914367676
11220,2.133561611175537,-0.9156988263130188
11221,2.435847043991089,-0.9956621527671814
11222,2.251580238342285,-1.038822889328003
11223,2.1664600372314453,-0.8317297101020813
11224,2.3649613857269287,-0.9758594036102295
11225,2.124929666519165,-0.9427024722099304
11226,2.145602226257324,-0.8495388627052307
11227,2.1252269744873047,-0.8125953674316406
11228,2.0668811798095703,-1.0127476453781128
11229,2.133906841278076,-0.9830561280250549
11230,2.5290682315826416,-0.9409453868865967
11231,2.505235195159912,-0.8680439591407776
11232,2.3111538887023926,-1.0936150550842285
11233,2.393247127532959,-1.002525806427002
11234,1.8739078044891357,-1.0132057666778564
11235,2.776329517364502,-1.1270500421524048
11236,2.463278293609619,-1.0000500679016113
11237,2.051172971725464,-0.9817189574241638
11238,2.2645602226257324,-0.9007225036621094
11239,2.76238751411438,-1.0984432697296143
11240,1.9641529321670532,-0.989091157913208
11241,2.0296499729156494,-0.9352775812149048
11242,2.2099432945251465,-0.8466128706932068
11243,2.3415989875793457,-0.7966877818107605
11244,2.8446691036224365,-1.0087065696716309
11245,2.290513277053833,-0.9017616510391235
11246,2.403311252593994,-1.0049585103988647
11247,2.763770341873169,-0.837526798248291
11248,2.3879823684692383,-0.8162174820899963
11249,2.752563714981079,-0.9328431487083435
11250,2.5715181827545166,-1.1240462064743042
11251,2.645350456237793,-0.9149388074874878
11252,2.666403293609619,-1.0995018482208252
11253,2.4877638816833496,-0.8851066827774048
11254,2.2013497352600098,-0.8433341383934021
11255,2.6142172813415527,-0.8655470013618469
11256,2.5328969955444336,-0.9416319131851196
11257,2.6893157958984375,-1.006887674331665
11258,2.8072681427001953,-1.0072126388549805
11259,2.2404584884643555,-0.8640671372413635
11260,2.3197708129882812,-1.0405842065811157
11261,2.737499237060547,-1.0089848041534424
11262,2.0910284519195557,-0.9896872043609619
11263,2.0259757041931152,-0.8569221496582031
11264,2.5138535499572754,-0.950538158416748
11265,2.2019386291503906,-0.8866053819656372
11266,2.1404998302459717,-0.9054200649261475
11267,2.3537580966949463,-1.053472876548767
11268,2.5810089111328125,-1.1335924863815308
11269,2.3745157718658447,-0.9319837689399719
11270,2.475919246673584,-0.9024172425270081
11271,2.405789375305176,-0.9232975840568542
11272,3.108304500579834,-1.00223708152771
11273,2.429877281188965,-0.9097897410392761
11274,2.4959170818328857,-1.0294692516326904
11275,2.526966094970703,-0.8673980832099915
11276,2.7265799045562744,-1.090235948562622
11277,2.53623628616333,-0.9446185231208801
11278,2.4357542991638184,-0.8205325603485107
11279,2.431962728500366,-0.8752444982528687
11280,2.483834743499756,-0.9737746715545654
11281,2.1297335624694824,-0.9758806824684143
11282,10.808576583862305,-0.9988736510276794
11283,10.617992401123047,-0.9426929950714111
11284,5.979396343231201,-0.8459320664405823
11285,4.857998847961426,-0.7882511615753174
11286,4.912745475769043,-0.6607199311256409
11287,4.3354411125183105,-0.5673091411590576
11288,6.82503604888916,-0.5821865797042847
11289,5.674253463745117,-0.5576655864715576
11290,5.896611213684082,-0.5418647527694702
11291,3.9646737575531006,-0.5457351803779602
11292,6.031558036804199,-0.5968306064605713
11293,10.740070343017578,-0.9039859175682068
11294,23.629192352294922,-1.5192501544952393
11295,15.528097152709961,-1.0495235919952393
11296,10.161843299865723,-0.8559581637382507
11297,6.795910835266113,-0.7069705128669739
11298,7.735925674438477,-0.8370609879493713
11299,9.358146667480469,-1.0599455833435059
11300,5.558488845825195,-1.1911773681640625
11301,6.764434814453125,-0.9830812215805054
11302,5.325859069824219,-0.9727105498313904
11303,5.1013312339782715,-0.8539780378341675
11304,5.172820091247559,-1.0437349081039429
11305,4.24943733215332,-0.8935353755950928
11306,4.5266218185424805,-0.9526539444923401
11307,4.670426368713379,-0.9872022867202759
11308,4.00875186920166,-0.9788150787353516
11309,4.477694511413574,-0.9312987327575684
11310,3.414106845855713,-0.8796653151512146
11311,3.312899589538574,-0.7263357639312744
11312,3.244816541671753,-0.9006521105766296
11313,3.6015424728393555,-1.0062016248703003
11314,3.167515993118286,-0.9897801876068115
11315,3.0158467292785645,-1.138789176940918
11316,3.3622355461120605,-0.8957446813583374
11317,3.325495958328247,-0.9023129343986511
11318,2.5179495811462402,-1.0248653888702393
11319,2.7220218181610107,-0.8547024726867676
11320,2.8631744384765625,-1.0484368801116943
11321,3.3420324325561523,-1.0753235816955566
11322,2.866527557373047,-0.950204074382782
11323,2.936718225479126,-0.8922549486160278
11324,2.8067121505737305,-0.7989027500152588
11325,3.1066317558288574,-0.968590497970581
11326,2.8875367641448975,-0.9597617387771606
11327,2.7106268405914307,-0.7716959118843079
11328,3.0955185890197754,-0.9893763065338135
11329,2.49654483795166,-0.9834741353988647
11330,2.9091248512268066,-0.99578458070755
11331,2.6967873573303223,-0.8030233979225159
11332,2.963994026184082,-0.9470378756523132
11333,2.410553455352783,-1.2438974380493164
11334,2.843353271484375,-0.9543922543525696
11335,2.7801856994628906,-1.136642336845398
11336,2.438629627227783,-1.0707004070281982
11337,3.0585415363311768,-0.9474489688873291
11338,2.890883445739746,-0.8111042976379395
11339,2.698423147201538,-0.9136584401130676
11340,2.5704896450042725,-0.8904725909233093
11341,2.4977469444274902,-0.8675689697265625
11342,2.568061351776123,-1.0926047563552856
11343,2.803086280822754,-1.1842113733291626
11344,2.297945022583008,-1.1182845830917358
11345,2.2864789962768555,-0.8582823872566223
11346,2.4237942695617676,-0.9251284599304199
11347,2.3183817863464355,-0.8809216022491455
11348,3.2391610145568848,-0.9923974871635437
11349,2.7394771575927734,-1.1578139066696167
11350,2.493671417236328,-0.9042587876319885
11351,2.549776315689087,-1.1394670009613037
11352,2.6932852268218994,-0.9585365056991577
11353,2.5376806259155273,-1.0626798868179321
11354,2.7533071041107178,-0.9615029692649841
11355,2.667079448699951,-1.0691325664520264
11356,2.508664846420288,-0.9760558605194092
11357,2.6987359523773193,-0.873439610004425
11358,2.6745760440826416,-0.890733540058136
11359,2.5838088989257812,-0.9116561412811279
11360,2.323207378387451,-0.991061270236969
11361,2.5899429321289062,-1.0477790832519531
11362,2.4915475845336914,-0.8824431896209717
11363,2.4558792114257812,-0.8876842260360718
11364,2.835810661315918,-1.0102323293685913
11365,2.5959792137145996,-0.8693986535072327
11366,2.589003562927246,-0.8277926445007324
11367,2.535496711730957,-0.9522073864936829
11368,2.487673044204712,-0.8846372365951538
11369,3.1673760414123535,-0.8413883447647095
11370,2.467963218688965,-0.9423536062240601
11371,2.409538745880127,-0.9011985659599304
11372,2.555563449859619,-0.9977977275848389
11373,2.645986318588257,-0.8856841325759888
11374,2.7157979011535645,-1.1281815767288208
11375,2.229153871536255,-0.885881245136261
11376,2.6951775550842285,-0.8943486213684082
11377,2.3817191123962402,-0.9401910305023193
11378,2.2286367416381836,-0.8684678673744202
11379,2.580414056777954,-0.9817444086074829
11380,2.4198789596557617,-1.0669186115264893
11381,2.372405529022217,-0.9048454165458679
11382,3.28956937789917,-0.9367361664772034
11383,2.521280288696289,-1.01960027217865
11384,2.262108325958252,-0.9960670471191406
11385,2.9547343254089355,-0.9624699354171753
11386,2.252824306488037,-0.9512251019477844
11387,2.3057632446289062,-0.9540566205978394
11388,2.089120388031006,-1.0333271026611328
11389,2.5929388999938965,-1.029098391532898
11390,2.542123794555664,-1.0313670635223389
11391,2.7279741764068604,-0.9130846261978149
11392,2.4013874530792236,-0.8166675567626953
11393,2.661135196685791,-0.942923903465271
11394,2.2469916343688965,-1.1279066801071167
11395,2.6839466094970703,-0.9564680457115173
11396,2.753007411956787,-0.8834354877471924
11397,2.2835536003112793,-1.0097590684890747
11398,2.5682175159454346,-1.0586307048797607
11399,2.353513240814209,-1.023881196975708
11400,2.2975564002990723,-0.9022231101989746
11401,2.4957468509674072,-1.089443564414978
11402,2.4359874725341797,-1.0371370315551758
11403,2.174786329269409,-0.8414649367332458
11404,2.2436652183532715,-0.9505732655525208
11405,2.392496109008789,-0.9752488732337952
11406,2.608715534210205,-1.0462168455123901
11407,2.2118210792541504,-0.9371998310089111
11408,2.9166972637176514,-0.88365638256073
11409,2.5994644165039062,-0.9507993459701538
11410,2.187716484069824,-0.8158109784126282
11411,2.3981895446777344,-0.94720858335495
11412,2.6688966751098633,-0.9342793226242065
11413,2.4769020080566406,-0.9927730560302734
11414,2.3349766731262207,-0.8141964077949524
11415,2.6499691009521484,-0.9741601347923279
11416,2.5335910320281982,-0.9933003187179565
11417,2.3707656860351562,-1.0767265558242798
11418,2.573902130126953,-0.8965042233467102
11419,2.5653388500213623,-0.984153151512146
11420,2.2355759143829346,-0.957122266292572
11421,2.352900505065918,-0.9479068517684937
11422,2.7499306201934814,-0.9707210063934326
11423,2.547877311706543,-0.8974917531013489
11424,2.1735916137695312,-0.8024297952651978
11425,2.197744131088257,-0.786427915096283
11426,2.5802173614501953,-1.0421152114868164
11427,2.3909316062927246,-0.9957389235496521
11428,2.51271390914917,-0.9524669051170349
11429,2.2577478885650635,-0.7836614847183228
11430,2.3859848976135254,-0.9426940083503723
11431,2.263957977294922,-0.9670788645744324
11432,2.510664463043213,-0.9138494729995728
11433,2.6004703044891357,-1.1662168502807617
11434,2.479260206222534,-0.8840522766113281
11435,2.169360876083374,-1.1408771276474
11436,2.497382164001465,-1.0607470273971558
11437,2.2133796215057373,-0.8639422059059143
11438,2.3050155639648438,-0.9244297742843628
11439,2.376018524169922,-0.9707630276679993
11440,2.442826747894287,-0.965928316116333
11441,2.430084228515625,-0.7403217554092407
11442,2.445626735687256,-0.9336559772491455
11443,2.666529893875122,-0.9848281145095825
11444,2.533111572265625,-0.9979978799819946
11445,2.2861111164093018,-0.8765448927879333
11446,2.5224804878234863,-0.8774920701980591
11447,2.5809125900268555,-0.9157525897026062
11448,3.2761077880859375,-0.9944359064102173
11449,2.5551486015319824,-0.922965407371521
11450,2.3486199378967285,-1.0521180629730225
11451,2.3025732040405273,-0.9003350138664246
11452,2.298872470855713,-0.9957603216171265
11453,2.3247761726379395,-0.7518000602722168
11454,2.3653035163879395,-0.7743838429450989
11455,2.435619831085205,-1.0122268199920654
11456,2.2173473834991455,-0.9161633849143982
11457,2.525397777557373,-0.9995155334472656
11458,2.3823928833007812,-0.9798564910888672
11459,2.0479912757873535,-0.9424365758895874
11460,2.5245532989501953,-0.9127804636955261
11461,2.261300802230835,-0.9631351232528687
11462,2.1882777214050293,-1.0525500774383545
11463,2.4359025955200195,-1.0322425365447998
11464,2.1418941020965576,-0.8430895805358887
11465,2.528245449066162,-0.9319360256195068
11466,2.139712333679199,-1.0366746187210083
11467,2.4390978813171387,-0.974785327911377
11468,2.299299716949463,-1.0233712196350098
11469,2.3514962196350098,-1.1050970554351807
11470,2.306309700012207,-0.8035809397697449
11471,2.2649362087249756,-0.9168453216552734
11472,2.4005331993103027,-1.013665795326233
11473,2.43359112739563,-0.9359434247016907
11474,2.191687822341919,-0.9800416827201843
11475,1.9870457649230957,-0.843751072883606
11476,2.3947532176971436,-0.8854511976242065
11477,2.3621819019317627,-0.9231038093566895
11478,2.669579029083252,-0.9966371059417725
11479,2.213911533355713,-1.004331111907959
11480,2.303616523742676,-0.9496426582336426
11481,2.0659310817718506,-1.0074468851089478
11482,2.4584574699401855,-0.9240589737892151
11483,2.420879602432251,-1.0185599327087402
11484,2.1638991832733154,-0.8973181247711182
11485,2.183824062347412,-0.9560976624488831
11486,2.3092222213745117,-0.947762131690979
11487,2.579594135284424,-0.9200289845466614
11488,2.251864433288574,-0.9055816531181335
11489,2.1874771118164062,-0.9380665421485901
11490,2.5569679737091064,-0.9985607862472534
11491,2.294281005859375,-1.0816340446472168
11492,2.0450029373168945,-0.8505691289901733
11493,1.9468262195587158,-0.9009174108505249
11494,2.646122455596924,-1.0118136405944824
11495,2.3279852867126465,-1.015089511871338
11496,2.3121321201324463,-0.8693683743476868
11497,2.5699801445007324,-1.0514874458312988
11498,2.392651081085205,-1.0549107789993286
11499,2.362168073654175,-0.9850330948829651
11500,2.267928123474121,-0.80084627866745
11501,2.6350326538085938,-0.8308772444725037
11502,2.298499584197998,-1.0015194416046143
11503,2.370631217956543,-0.8918331861495972
11504,2.3832099437713623,-0.7911078929901123
11505,2.4279866218566895,-0.7818110585212708
11506,2.1164698600769043,-1.0004887580871582
11507,2.504669666290283,-0.9234267473220825
11508,2.344545841217041,-0.8619041442871094
11509,2.715414047241211,-0.7642092108726501
11510,2.290640115737915,-0.9329046010971069
11511,2.304549217224121,-0.871378481388092
11512,2.2566745281219482,-1.0628091096878052
11513,2.2060301303863525,-1.1261587142944336
11514,2.1660213470458984,-0.8788421750068665
11515,2.3579893112182617,-0.8524808287620544
11516,2.6370725631713867,-0.9168236255645752
11517,2.3317344188690186,-0.8527512550354004
11518,2.2147979736328125,-1.0424739122390747
11519,2.442779064178467,-0.9767802357673645
11520,2.460766077041626,-0.94292813539505
11521,2.5511727333068848,-0.9469204545021057
11522,2.533750534057617,-0.825182318687439
11523,2.245723247528076,-0.9893957376480103
11524,2.468705177307129,-0.8574907183647156
11525,2.6352810859680176,-1.0204499959945679
11526,2.184391498565674,-0.9260539412498474
11527,2.1648826599121094,-0.8570530414581299
11528,2.3679699897766113,-0.8198708295822144
11529,2.1054301261901855,-0.9006475806236267
11530,2.1458749771118164,-0.9499664306640625
11531,2.4676103591918945,-0.9681009650230408
11532,2.279059648513794,-1.0133390426635742
11533,2.42940354347229,-0.9104954600334167
11534,2.1963160037994385,-0.8279820084571838
11535,2.2823801040649414,-0.8964666128158569
11536,2.2391490936279297,-0.9351434111595154
11537,2.355564594268799,-1.0755482912063599
11538,2.4090189933776855,-0.9865720868110657
11539,2.4836390018463135,-1.041192650794983
11540,2.2298102378845215,-1.0057827234268188
11541,2.408046245574951,-0.8805233836174011
11542,2.5925307273864746,-0.874523937702179
11543,2.1470303535461426,-0.9479507207870483
11544,2.434936285018921,-0.8636481761932373
11545,2.1571943759918213,-0.8293018937110901
11546,2.28521466255188,-0.8828001618385315
11547,2.2312252521514893,-0.8750560879707336
11548,2.3223071098327637,-0.8508027791976929
11549,2.155595302581787,-0.7390551567077637
11550,2.1609644889831543,-0.9233902096748352
11551,2.7685818672180176,-0.8607819080352783
11552,2.4294445514678955,-0.8964779376983643
11553,2.4731478691101074,-0.9732027649879456
11554,2.1889567375183105,-0.9248988628387451
11555,2.7915377616882324,-0.9137582182884216
11556,2.3473830223083496,-0.8744601607322693
11557,2.2832536697387695,-0.8607949018478394
11558,2.256021022796631,-0.8717025518417358
11559,2.3977272510528564,-0.9702836871147156
11560,2.231257438659668,-0.7561833262443542
11561,2.287539005279541,-0.9683541655540466
11562,2.24038028717041,-0.9109818935394287
11563,2.4376912117004395,-1.0338010787963867
11564,2.464216470718384,-0.8650204539299011
11565,2.4444165229797363,-0.9572579860687256
11566,2.151742935180664,-0.8161861300468445
11567,2.2103796005249023,-1.0366519689559937
11568,2.387861967086792,-0.950533926486969
11569,2.497361660003662,-0.9208482503890991
11570,2.403820037841797,-0.9901843070983887
11571,2.3314154148101807,-0.9224786162376404
11572,2.5219969749450684,-0.8893272280693054
11573,2.185276985168457,-0.9122506976127625
11574,2.300577402114868,-0.8135296106338501
11575,2.2419352531433105,-0.9274054765701294
11576,2.0320684909820557,-0.8414559364318848
11577,2.0338406562805176,-0.9685429334640503
11578,2.4600207805633545,-1.0357624292373657
11579,2.4566760063171387,-0.8226071000099182
11580,2.517425060272217,-1.0416662693023682
11581,2.3186960220336914,-0.9184861183166504
11582,2.331268310546875,-0.860629677772522
11583,2.209892749786377,-0.926727831363678
11584,2.123077869415283,-0.6919525265693665
11585,2.4253625869750977,-0.8490657806396484
11586,2.0679712295532227,-0.9862024188041687
11587,2.2159223556518555,-0.916069746017456
11588,2.2429938316345215,-0.8781263828277588
11589,2.283595085144043,-0.7894826531410217
11590,2.4510297775268555,-1.0053223371505737
11591,2.1322293281555176,-0.9818204641342163
11592,2.224240303039551,-0.8559836745262146
11593,2.326080560684204,-0.893423318862915
11594,2.451841354370117,-0.958445131778717
11595,2.2207298278808594,-0.94071364402771
11596,2.3590376377105713,-0.7485100626945496
11597,2.0741724967956543,-1.0217294692993164
11598,2.4273455142974854,-0.920523464679718
11599,2.3032824993133545,-0.9343913197517395
11600,2.055168390274048,-0.815716564655304
11601,2.3068699836730957,-0.8748472332954407
11602,2.170142889022827,-0.8862987756729126
11603,2.2684226036071777,-0.8871347308158875
11604,2.1136739253997803,-0.985637366771698
11605,2.6847407817840576,-0.9279991388320923
11606,2.4882688522338867,-0.8545036315917969
11607,2.426222324371338,-0.9829496145248413
11608,2.556671142578125,-0.9628307819366455
11609,2.426374912261963,-1.0407997369766235
11610,2.4375267028808594,-0.8513596057891846
11611,2.4948010444641113,-0.8326955437660217
11612,2.4076380729675293,-0.9172276854515076
11613,2.312760829925537,-0.9273731112480164
11614,2.2101922035217285,-0.9731044769287109
11615,2.5224485397338867,-1.116457462310791
11616,2.635550022125244,-0.9187821745872498
11617,2.365586757659912,-0.8366601467132568
11618,2.18025541305542,-0.961232602596283
11619,2.134568691253662,-0.9212946891784668
11620,2.5511691570281982,-0.8210816979408264
11621,2.7073826789855957,-0.9264051914215088
11622,2.431084394454956,-0.8730810284614563
11623,2.5710601806640625,-0.7997163534164429
11624,2.652026653289795,-0.960528552532196
11625,2.5641212463378906,-0.9533470273017883
11626,2.2747802734375,-1.0169708728790283
11627,2.275087833404541,-0.7725015878677368
11628,2.378950357437134,-0.9828011989593506
11629,2.399540901184082,-0.8640501499176025
11630,2.387789726257324,-0.9120974540710449
11631,2.1784820556640625,-0.8201789855957031
11632,2.2984774112701416,-0.8578328490257263
11633,2.3317651748657227,-0.9550656080245972
11634,2.330258846282959,-0.867757260799408
11635,2.1149537563323975,-0.9792926907539368
11636,2.5740084648132324,-0.8356582522392273
11637,2.474717140197754,-0.9014211297035217
11638,2.5942728519439697,-1.0469939708709717
11639,2.2535247802734375,-0.7065854072570801
11640,2.341526508331299,-0.8478371500968933
11641,2.36261248588562,-0.8850031495094299
11642,2.173625946044922,-0.8974182605743408
11643,2.3307576179504395,-0.8564886450767517
11644,2.480713367462158,-0.923899233341217
11645,2.4144129753112793,-0.7783840894699097
11646,2.13149094581604,-0.9188046455383301
11647,2.1698193550109863,-0.9670352339744568
11648,2.221452236175537,-0.9473903179168701
11649,2.3493735790252686,-0.9218188524246216
11650,2.553068161010742,-0.9817333221435547
11651,2.381457805633545,-0.9675060510635376
11652,2.225398063659668,-1.0083733797073364
11653,2.3092637062072754,-0.9205610156059265
11654,2.6617228984832764,-0.862252414226532
11655,2.2449698448181152,-0.8450009226799011
11656,2.624208688735962,-1.0409256219863892
11657,2.7061104774475098,-0.9269813299179077
11658,2.730712890625,-0.9811695218086243
11659,2.127570152282715,-0.7322573065757751
11660,2.229245185852051,-0.9722527861595154
11661,2.201788902282715,-0.846968412399292
11662,2.6940083503723145,-0.9582223296165466
11663,2.139841318130493,-0.7367355227470398
11664,2.434237480163574,-0.9048322439193726
11665,2.6680984497070312,-0.8386604189872742
11666,2.4473671913146973,-0.9352279901504517
11667,2.2540979385375977,-0.9010164141654968
11668,2.4385461807250977,-0.873700737953186
11669,2.259376287460327,-0.9467127919197083
11670,2.319857120513916,-0.8758399486541748
11671,2.5328729152679443,-0.9112372398376465
11672,2.0249195098876953,-0.8638095855712891
11673,2.6881039142608643,-0.9737406969070435
11674,2.333209276199341,-0.9953303337097168
11675,2.416071653366089,-0.9529145956039429
11676,2.319591999053955,-0.8366166949272156
11677,2.2461562156677246,-0.7595192193984985
11678,2.1192855834960938,-0.9276662468910217
11679,2.257884979248047,-0.9013416767120361
11680,2.3164782524108887,-0.9812746644020081
11681,2.3236141204833984,-0.9115048050880432
11682,2.2915608882904053,-0.9404541254043579
11683,2.371067523956299,-0.9873298406600952
11684,2.2584614753723145,-0.8432671427726746
11685,2.2956936359405518,-0.8238562941551208
11686,2.308685302734375,-0.8508114814758301
11687,2.321854591369629,-0.9171814918518066
11688,2.4689860343933105,-0.9019009470939636
11689,2.159153461456299,-0.9201942682266235
11690,2.6819400787353516,-0.8116331696510315
11691,2.460359573364258,-0.9516462087631226
11692,2.3700180053710938,-0.8643660545349121
11693,2.2175095081329346,-0.8267433047294617
11694,2.070469379425049,-0.973497748374939
11695,2.334749221801758,-0.8356407284736633
11696,2.5385661125183105,-0.8827294111251831
11697,2.202328681945801,-0.9546833038330078
11698,2.1890902519226074,-0.8518282175064087
11699,2.126957416534424,-0.9033595323562622
11700,2.231569290161133,-0.9802747964859009
11701,2.1051526069641113,-0.8788795471191406
11702,2.2863335609436035,-0.9040519595146179
11703,2.122427463531494,-0.7772457003593445
11704,2.471738815307617,-0.8510211706161499
11705,2.170238494873047,-0.8920472860336304
11706,2.333280563354492,-0.7969030737876892
11707,2.1045589447021484,-0.8322977423667908
11708,2.3972644805908203,-0.7562986612319946
11709,2.204164505004883,-0.9250281453132629
11710,2.2376937866210938,-0.829878032207489
11711,2.1788315773010254,-0.9917178153991699
11712,2.2523369789123535,-0.898159384727478
11713,2.309377431869507,-0.8588162064552307
11714,2.5371103286743164,-0.8868297338485718
11715,2.2004857063293457,-0.8512080311775208
11716,2.0784692764282227,-0.7622985243797302
11717,2.323256015777588,-0.828998863697052
11718,2.2705812454223633,-1.0222773551940918
11719,2.24723219871521,-0.913164496421814
11720,2.348907947540283,-0.8826704621315002
11721,2.452375888824463,-0.787413477897644
11722,2.396986961364746,-0.8604885339736938
11723,2.370570182800293,-1.0031417608261108
11724,2.4611520767211914,-0.842674970626831
11725,2.3241307735443115,-0.9240180253982544
11726,2.469111442565918,-0.843791127204895
11727,2.294929265975952,-0.8671571612358093
11728,2.445526361465454,-0.9024538993835449
11729,1.9949886798858643,-0.9854385256767273
11730,2.500237464904785,-0.867799699306488
11731,1.9836924076080322,-0.9063500761985779
11732,2.4016051292419434,-0.7760892510414124
11733,2.21779203414917,-0.8194283246994019
11734,2.5123462677001953,-1.0431017875671387
11735,2.2265021800994873,-0.8540171980857849
11736,2.5630712509155273,-0.8392646312713623
11737,2.580609083175659,-0.8991024494171143
11738,2.658712387084961,-0.9416401386260986
11739,2.4562840461730957,-1.045586347579956
11740,2.3342771530151367,-0.9209697246551514
11741,2.229888677597046,-0.7384005188941956
11742,2.2730555534362793,-0.9373986124992371
11743,2.2969627380371094,-0.8945205211639404
11744,2.413060426712036,-0.9433332085609436
11745,2.4038918018341064,-0.9603970050811768
11746,2.4824254512786865,-0.9176807999610901
11747,2.356759548187256,-0.846879243850708
11748,2.12322998046875,-0.9436861276626587
11749,2.554659843444824,-0.9734039306640625
11750,2.3621878623962402,-0.8517764806747437
11751,2.189512252807617,-0.8956149220466614
11752,2.5417442321777344,-0.924957275390625
11753,2.2429304122924805,-0.9029115438461304
11754,2.2662599086761475,-0.8782098889350891
11755,2.4666130542755127,-0.9371046423912048
11756,2.111266613006592,-0.9428088665008545
11757,2.3322184085845947,-0.8788713216781616
11758,2.1672775745391846,-0.8417373895645142
11759,2.2785756587982178,-0.99561607837677
11760,2.5586447715759277,-0.8258798718452454
11761,2.1936757564544678,-0.8580314517021179
11762,2.474743366241455,-0.9190892577171326
11763,2.0720839500427246,-0.8196417093276978
11764,2.3895435333251953,-0.8258825540542603
11765,2.511709690093994,-0.9225571155548096
11766,2.133894920349121,-0.9478362798690796
11767,2.2942347526550293,-0.9544698596000671
11768,2.0681910514831543,-0.9066078066825867
11769,2.056180715560913,-0.8899075984954834
11770,2.0787599086761475,-0.8810689449310303
11771,2.3237452507019043,-0.8301010727882385
11772,2.0226705074310303,-0.9776946306228638
11773,2.5875213146209717,-0.8033164739608765
11774,2.0780487060546875,-0.8455228209495544
11775,2.2903549671173096,-0.8947206735610962
11776,2.1242246627807617,-0.8813002705574036
11777,2.285184860229492,-0.9286004900932312
11778,2.1394176483154297,-0.9135499000549316
11779,2.235495090484619,-0.9575186967849731
11780,2.3146958351135254,-0.7819851040840149
11781,2.21441650390625,-0.9135277271270752
11782,2.549288272857666,-0.8176124691963196
11783,2.283169746398926,-0.8698904514312744
11784,2.1758623123168945,-0.8046787977218628
11785,2.375539779663086,-0.8641045093536377
11786,2.5760233402252197,-0.915418267250061
11787,2.268324851989746,-0.8798010945320129
11788,2.2434847354888916,-0.7697458863258362
11789,2.5701847076416016,-0.8295971751213074
11790,2.3995985984802246,-0.8732137084007263
11791,2.461822509765625,-0.8531951308250427
11792,2.306955099105835,-0.8500066995620728
11793,1.8815271854400635,-0.7223701477050781
11794,2.203366756439209,-0.7506228089332581
11795,2.37260103225708,-0.9594922065734863
11796,2.1290671825408936,-0.8971744775772095
11797,2.3678629398345947,-0.9227541089057922
11798,2.5623772144317627,-0.9905304908752441
11799,2.444467306137085,-0.8128269910812378
11800,2.5805935859680176,-0.9336986541748047
11801,2.5432543754577637,-0.9564615488052368
11802,2.4498510360717773,-0.8445641994476318
11803,2.484091281890869,-0.8267309069633484
11804,2.4788780212402344,-0.8632146716117859
11805,2.055407762527466,-0.8246262073516846
11806,2.2835874557495117,-0.9817671775817871
11807,2.4504482746124268,-0.8385083079338074
11808,2.3734498023986816,-1.0349376201629639
11809,2.515340566635132,-0.8872650861740112
11810,2.2144827842712402,-0.8189711570739746
11811,2.261326789855957,-0.7953183650970459
11812,2.240849018096924,-0.9309205412864685
11813,2.4328575134277344,-0.908515989780426
11814,2.0580432415008545,-0.7837030291557312
11815,2.4111084938049316,-0.8340034484863281
11816,2.5403923988342285,-0.8995088338851929
11817,2.42592716217041,-1.0139886140823364
11818,2.57706356048584,-0.8445650339126587
11819,1.9458506107330322,-0.9150838255882263
11820,2.2926244735717773,-0.7759080529212952
11821,2.4310343265533447,-0.9723826050758362
11822,2.3072597980499268,-0.8423638939857483
11823,2.19287109375,-0.792876660823822
11824,2.176694869995117,-0.7568503022193909
11825,2.4922163486480713,-0.9137290716171265
11826,2.25075101852417,-1.033126950263977
11827,1.9540934562683105,-0.92350172996521
11828,2.405759334564209,-1.0383632183074951
11829,2.598318576812744,-0.9191398620605469
11830,2.204129219055176,-0.7169543504714966
11831,2.3590545654296875,-0.9388220310211182
11832,2.1232686042785645,-0.7264406085014343
11833,2.6243650913238525,-0.9957982897758484
11834,2.2370424270629883,-0.9352483153343201
11835,2.5087876319885254,-0.9621280431747437
11836,2.2437329292297363,-0.8334247469902039
11837,2.650968313217163,-0.8832700848579407
11838,2.46445369720459,-0.871084451675415
11839,1.9809263944625854,-0.9150848984718323
11840,2.572727680206299,-0.9548693299293518
11841,2.3383097648620605,-0.8045685291290283
11842,1.948201298713684,-0.9045669436454773
11843,2.2776360511779785,-0.7839911580085754
11844,2.3178017139434814,-0.8876413702964783
11845,2.1059350967407227,-0.8675153255462646
11846,2.427628993988037,-0.914350152015686
11847,2.3871655464172363,-0.8295152187347412
11848,2.3673911094665527,-0.9727604389190674
11849,2.345017910003662,-0.8576218485832214
11850,2.067624568939209,-0.743857741355896
11851,2.255197048187256,-0.801177442073822
11852,2.549246311187744,-0.8528817892074585
11853,2.378652334213257,-0.8882713317871094
11854,2.7085392475128174,-0.8860034346580505
11855,2.346463203430176,-0.7784165143966675
11856,2.017395496368408,-0.8622344732284546
11857,2.461244583129883,-0.8060972690582275
11858,2.1530518531799316,-0.7922945618629456
11859,2.34983491897583,-1.0308270454406738
11860,2.4331493377685547,-0.9472381472587585
11861,2.041060447692871,-0.7642285227775574
11862,2.497847080230713,-0.9247825741767883
11863,2.1510536670684814,-1.0679831504821777
11864,2.1853246688842773,-0.9501339793205261
11865,2.248884677886963,-0.8961382508277893
11866,2.2540645599365234,-0.8397268652915955
11867,2.4835965633392334,-0.8767616152763367
11868,2.1297459602355957,-0.8235733509063721
11869,2.4059977531433105,-0.9221703410148621
11870,2.328484535217285,-0.9250749945640564
11871,2.456693172454834,-0.8722701072692871
11872,2.2483015060424805,-0.8612226247787476
11873,2.0995140075683594,-0.764363169670105
11874,2.2024612426757812,-0.9697166681289673
11875,2.3775534629821777,-0.9622445106506348
11876,2.144789695739746,-1.0027289390563965
11877,2.3567728996276855,-0.8371140956878662
11878,2.5431299209594727,-0.902577817440033
11879,2.369652271270752,-0.903573751449585
11880,2.1568260192871094,-0.9335477352142334
11881,2.317831039428711,-0.8464469313621521
11882,2.3439135551452637,-0.7229930758476257
11883,2.098997116088867,-1.0083262920379639
11884,2.098121166229248,-0.8228921294212341
11885,2.187655210494995,-0.759297251701355
11886,2.400167942047119,-0.872022271156311
11887,2.0650885105133057,-0.9130100011825562
11888,2.2488369941711426,-0.8866896629333496
11889,2.365842580795288,-0.8035069108009338
11890,1.876070499420166,-0.8041975498199463
11891,2.250828742980957,-0.7361882925033569
11892,2.455190658569336,-0.8850563168525696
11893,2.279062032699585,-0.8620220422744751
11894,2.1094014644622803,-0.9100419878959656
11895,1.9845683574676514,-0.8242719769477844
11896,2.6670620441436768,-0.9209043383598328
11897,2.165914535522461,-0.92284095287323
11898,2.554485559463501,-0.9029982089996338
11899,2.7543821334838867,-0.8441792130470276
11900,2.497455596923828,-0.7748249173164368
11901,2.163024663925171,-0.7943693399429321
11902,2.4302961826324463,-0.7959665060043335
11903,2.333242893218994,-0.7920297384262085
11904,2.543274164199829,-0.9586933255195618
11905,2.4738545417785645,-0.7917510867118835
11906,2.467615842819214,-0.7919445633888245
11907,2.3289082050323486,-0.8669512867927551
11908,2.1344799995422363,-0.8662574291229248
11909,2.260087013244629,-0.8842151165008545
11910,2.4489591121673584,-0.9300959706306458
11911,2.371117115020752,-0.8291803598403931
11912,1.9441996812820435,-0.9367953538894653
11913,2.0594167709350586,-0.810977041721344
11914,2.098832130432129,-0.8948655724525452
11915,2.4020798206329346,-0.9515689611434937
11916,2.339715003967285,-0.8215310573577881
11917,2.3109099864959717,-0.8469595313072205
11918,2.408845901489258,-0.9911450147628784
11919,2.2792630195617676,-0.8049927353858948
11920,2.550679922103882,-0.7922766208648682
11921,2.127868413925171,-0.9227131009101868
11922,2.3003196716308594,-1.0359610319137573
11923,2.582202434539795,-0.8308601379394531
11924,2.2481110095977783,-0.8035491704940796
11925,2.1980838775634766,-0.8631709814071655
11926,2.299666404724121,-0.8970588445663452
11927,2.7321557998657227,-0.9390980005264282
11928,2.7578139305114746,-0.8405086398124695
11929,2.3147501945495605,-0.8662675619125366
11930,2.3529224395751953,-0.8357095122337341
11931,2.801056385040283,-0.8762283325195312
11932,2.1634132862091064,-0.887229859828949
11933,2.390899896621704,-0.7747325301170349
11934,2.4458913803100586,-0.8234487175941467
11935,2.333261013031006,-0.7895798683166504
11936,2.4792919158935547,-0.9422044157981873
11937,2.4118378162384033,-0.915727972984314
11938,2.3363795280456543,-0.9439820647239685
11939,2.1949214935302734,-0.8766369819641113
11940,2.2288308143615723,-0.68110191822052
11941,2.7156405448913574,-0.954820454120636
11942,2.1543314456939697,-0.9086034893989563
11943,2.81303334236145,-0.9691820740699768
11944,2.3614816665649414,-0.7915669083595276
11945,2.057586669921875,-0.8188710808753967
11946,2.048290252685547,-0.7763883471488953
11947,2.1587812900543213,-0.8851431012153625
11948,2.139981508255005,-0.8668131828308105
11949,2.240401268005371,-0.8691180944442749
11950,2.2949953079223633,-0.9446874260902405
11951,2.03045392036438,-0.8872627019882202
11952,2.268584728240967,-0.6928504705429077
11953,2.4930896759033203,-0.7992239594459534
11954,2.4697909355163574,-0.8085641264915466
11955,2.0333123207092285,-0.8327236771583557
11956,2.295902729034424,-0.9791856408119202
11957,2.2382750511169434,-0.8989979028701782
11958,2.2548015117645264,-0.8799945116043091
11959,2.5648536682128906,-0.9742303490638733
11960,2.199246406555176,-0.8719877600669861
11961,2.3272502422332764,-0.8871402144432068
11962,2.458550214767456,-0.8192688226699829
11963,2.272181510925293,-0.8734432458877563
11964,2.1370766162872314,-0.8612421154975891
11965,2.5925464630126953,-0.9180667996406555
11966,2.2604122161865234,-0.872103214263916
11967,2.096677541732788,-0.9526028633117676
11968,2.266160488128662,-0.8774524927139282
11969,2.240391254425049,-0.8688005208969116
11970,2.1977062225341797,-0.9650195240974426
11971,2.1156678199768066,-0.7513771653175354
11972,2.1612141132354736,-0.9133036732673645
11973,2.550644874572754,-0.8654685020446777
11974,2.5606255531311035,-1.0063199996948242
11975,2.350869655609131,-0.7944200038909912
11976,2.177887439727783,-0.805177628993988
11977,2.148585319519043,-0.7844159007072449
11978,2.1621546745300293,-0.8062439560890198
11979,2.414569854736328,-0.8822895884513855
11980,2.126643657684326,-0.9597010612487793
11981,2.4956438541412354,-0.9143295288085938
11982,2.0060620307922363,-0.8631918430328369
11983,2.199763298034668,-0.8336986303329468
11984,2.5326688289642334,-0.8958798050880432
11985,2.0883278846740723,-0.8630194664001465
11986,2.3406472206115723,-0.8536244034767151
11987,2.3621740341186523,-0.8730459809303284
11988,2.485868453979492,-0.9018381237983704
11989,2.1078076362609863,-0.6997817158699036
11990,2.2731637954711914,-0.92415452003479
11991,2.2888031005859375,-0.7885890007019043
11992,2.326171875,-0.8306221961975098
11993,2.1874866485595703,-0.7770073413848877
11994,2.0669994354248047,-0.8124479651451111
11995,2.2270989418029785,-0.7904689311981201
11996,2.056486129760742,-0.7476500868797302
11997,2.056474447250366,-0.8492771983146667
11998,2.0929512977600098,-0.8948768377304077
11999,1.9524619579315186,-0.8128778338432312
12000,2.129729747772217,-0.8145087361335754
12001,2.2564196586608887,-0.8872635364532471
12002,2.31632924079895,-0.8498694896697998
12003,2.240326166152954,-0.8782035112380981
12004,2.600893497467041,-0.8240809440612793
12005,2.1821017265319824,-0.9195613265037537
12006,2.242769718170166,-0.8450319766998291
12007,2.200472831726074,-0.862992525100708
12008,2.197617530822754,-0.8330895304679871
12009,2.0789098739624023,-0.8827743530273438
12010,2.433690071105957,-0.892516553401947
12011,2.1509408950805664,-0.8297641277313232
12012,2.093031883239746,-0.8693123459815979
12013,2.1588544845581055,-0.737409234046936
12014,2.3292477130889893,-0.8184161186218262
12015,2.219649314880371,-1.1106765270233154
12016,2.4048194885253906,-0.9730069637298584
12017,2.4343409538269043,-0.8221999406814575
12018,2.3425958156585693,-0.8316020369529724
12019,2.3665292263031006,-0.8373785614967346
12020,2.141617774963379,-0.9072650074958801
12021,2.513152599334717,-0.8886493444442749
12022,2.345529556274414,-0.8501142859458923
12023,2.489149570465088,-0.7844377160072327
12024,2.3427224159240723,-0.6642410755157471
12025,2.118730068206787,-0.7405728101730347
12026,2.2876367568969727,-0.793761134147644
12027,2.441220760345459,-0.7675120830535889
12028,2.2073025703430176,-0.8161131143569946
12029,2.5272316932678223,-0.8197391033172607
12030,2.62711763381958,-0.892648458480835
12031,2.7742481231689453,-0.7602554559707642
12032,2.667048931121826,-0.7940880656242371
12033,2.009700298309326,-0.8645117282867432
12034,2.3777427673339844,-0.8533448576927185
12035,2.3115968704223633,-0.8795060515403748
12036,2.283430814743042,-0.8262428045272827
12037,2.1634297370910645,-0.8148037195205688
12038,2.1968581676483154,-0.8507464528083801
12039,2.551647424697876,-0.8762117028236389
12040,2.1530213356018066,-0.8011815547943115
12041,2.150428295135498,-0.7689213752746582
12042,2.2757513523101807,-0.9286947846412659
12043,2.2963037490844727,-0.9280468225479126
12044,2.0235140323638916,-1.0029109716415405
12045,2.219428777694702,-0.9258275032043457
12046,2.5027291774749756,-0.8258392214775085
12047,2.1176505088806152,-0.8323691487312317
12048,2.1978816986083984,-0.8276879191398621
12049,2.1654961109161377,-0.7759009003639221
12050,2.045164108276367,-0.8981639742851257
12051,2.2192325592041016,-0.9481691122055054
12052,2.431368827819824,-0.8330529928207397
12053,2.3620569705963135,-0.8364023566246033
12054,2.575512647628784,-0.7606115937232971
12055,2.338839530944824,-0.7099804878234863
12056,2.0717670917510986,-0.8691789507865906
12057,2.03314208984375,-0.8645783066749573
12058,2.333756446838379,-1.010819435119629
12059,1.9755074977874756,-0.8642275929450989
12060,2.806455612182617,-0.8675550222396851
12061,2.4190545082092285,-0.9475748538970947
12062,2.083852767944336,-0.8125807046890259
12063,2.35158109664917,-0.847378671169281
12064,2.153259515762329,-0.9314081072807312
12065,2.1583807468414307,-0.7769001722335815
12066,1.9327359199523926,-0.7771255970001221
12067,2.141718864440918,-0.8226321935653687
12068,2.5361833572387695,-0.667327880859375
12069,2.5848302841186523,-0.7092643976211548
12070,2.465601921081543,-0.8067169785499573
12071,2.2577133178710938,-0.8579280972480774
12072,2.0452723503112793,-0.832091212272644
12073,2.610416889190674,-0.9351005554199219
12074,2.2757325172424316,-0.7775925397872925
12075,2.2974376678466797,-0.7061077952384949
12076,2.1577296257019043,-0.8446083068847656
12077,2.232182264328003,-0.9350548386573792
12078,2.2575812339782715,-0.913128137588501
12079,2.3849949836730957,-0.8673383593559265
12080,2.14231538772583,-0.6913022398948669
12081,2.0950632095336914,-0.7833142876625061
12082,2.3482680320739746,-0.7808931469917297
12083,2.236741304397583,-0.7748176455497742
12084,2.2773032188415527,-0.8105353713035583
12085,2.1122870445251465,-0.7909670472145081
12086,2.2892298698425293,-0.822437047958374
12087,2.2999520301818848,-0.9207926392555237
12088,2.1085596084594727,-0.7981631755828857
12089,2.151055335998535,-0.8387919664382935
12090,1.9832415580749512,-0.8275522589683533
12091,2.320770740509033,-0.8287405371665955
12092,2.4633948802948,-0.7989115715026855
12093,2.101797580718994,-0.7698960900306702
12094,2.276968002319336,-0.8171981573104858
12095,1.9920419454574585,-0.8772075176239014
12096,2.1340787410736084,-0.9012415409088135
12097,2.5419981479644775,-0.8777965307235718
12098,2.3580589294433594,-0.8455286622047424
12099,2.603537082672119,-0.8400026559829712
12100,2.4338603019714355,-0.9492896795272827
12101,2.194894790649414,-0.8245302438735962
12102,2.2773334980010986,-0.8412800431251526
12103,2.3524396419525146,-0.8556073904037476
12104,2.4101336002349854,-0.8929286003112793
12105,1.938913345336914,-0.9460471868515015
12106,1.9973413944244385,-0.8677815198898315
12107,2.1303226947784424,-0.8621638417243958
12108,2.0622806549072266,-0.8838802576065063
12109,2.3865270614624023,-0.8764661550521851
12110,2.1565403938293457,-0.8010730147361755
12111,2.2099995613098145,-0.7962962985038757
12112,2.245328187942505,-0.8365409970283508
12113,2.466479778289795,-0.8765931129455566
12114,2.1353583335876465,-0.8761820793151855
12115,2.303919792175293,-0.9088902473449707
12116,2.135115623474121,-0.8022822737693787
12117,2.057035446166992,-0.8489854335784912
12118,2.19807767868042,-0.7757037878036499
12119,2.0998082160949707,-0.8745637536048889
12120,2.2219395637512207,-0.8354216814041138
12121,2.150513172149658,-0.8937560319900513
12122,2.1183199882507324,-0.8245145678520203
12123,2.151370048522949,-0.9004253149032593
12124,2.293600082397461,-0.9454165101051331
12125,2.4356346130371094,-0.7716783881187439
12126,2.528316020965576,-1.0057861804962158
12127,1.9008944034576416,-0.7790045142173767
12128,2.0103280544281006,-0.7838777899742126
12129,2.5065155029296875,-0.816536545753479
12130,2.3811252117156982,-0.8228890299797058
12131,2.13207745552063,-0.832482099533081
12132,2.448394298553467,-0.7399263978004456
12133,2.306521415710449,-0.7925199866294861
12134,2.344980239868164,-0.7733461260795593
12135,2.624256134033203,-0.8965722918510437
12136,2.081364154815674,-0.8019431829452515
12137,2.400984764099121,-0.873644232749939
12138,1.9798719882965088,-0.7305943369865417
12139,2.0825300216674805,-0.779874861240387
12140,2.268212080001831,-0.8316341638565063
12141,2.310234546661377,-0.8185500502586365
12142,2.1840152740478516,-0.8445985317230225
12143,2.2272226810455322,-0.8401398658752441
12144,2.2489514350891113,-0.8329546451568604
12145,2.2245516777038574,-0.8595229387283325
12146,2.498774528503418,-0.8904906511306763
12147,2.141200542449951,-0.8681829571723938
12148,2.2031145095825195,-0.8497793674468994
12149,2.078439712524414,-0.7431106567382812
12150,2.083202838897705,-0.8451875448226929
12151,2.628880262374878,-0.7437576055526733
12152,2.2644317150115967,-0.7849493622779846
12153,2.517270088195801,-0.8190727233886719
12154,2.018775463104248,-0.7533854842185974
12155,1.908774733543396,-0.8918044567108154
12156,2.343097686767578,-0.9713574051856995
12157,2.2259626388549805,-0.724631667137146
12158,2.4403553009033203,-0.8275887966156006
12159,2.0570855140686035,-0.7590625882148743
12160,2.3430843353271484,-0.9417902231216431
12161,2.2345237731933594,-0.8036573529243469
12162,2.564426898956299,-0.8073301911354065
12163,2.1945085525512695,-0.8047251105308533
12164,2.4493699073791504,-0.7720078825950623
12165,2.3236236572265625,-0.8362941145896912
12166,2.513461112976074,-0.8992879390716553
12167,2.190565586090088,-0.8446506261825562
12168,1.952283263206482,-0.7424817681312561
12169,2.394425868988037,-0.7416777014732361
12170,2.1861014366149902,-0.9485788941383362
12171,2.6421003341674805,-0.8412833213806152
12172,2.362942934036255,-0.7458332180976868
12173,2.378260612487793,-0.9018012285232544
12174,2.1935086250305176,-0.7751250267028809
12175,1.977745771408081,-0.8350069522857666
12176,1.9880735874176025,-0.783367395401001
12177,2.0561294555664062,-0.8335368633270264
12178,2.321415424346924,-0.8673014640808105
12179,2.3454678058624268,-0.8514717221260071
12180,2.0432348251342773,-0.8382146954536438
12181,2.3331661224365234,-0.8131558299064636
12182,2.20302414894104,-0.8869748115539551
12183,2.268009662628174,-0.877098560333252
12184,2.1488566398620605,-0.856279730796814
12185,2.085205078125,-0.7532459497451782
12186,2.501286029815674,-0.7817307114601135
12187,2.037128210067749,-0.7864053845405579
12188,2.2543880939483643,-0.8731153607368469
12189,2.1514925956726074,-0.750652551651001
12190,2.192751407623291,-0.9298030138015747
12191,2.24131178855896,-0.7344763278961182
12192,2.5028135776519775,-0.8435502648353577
12193,2.2803826332092285,-0.6976732015609741
12194,2.386324882507324,-0.8885438442230225
12195,2.416928291320801,-0.8697040677070618
12196,2.1894659996032715,-0.9082103967666626
12197,2.040792465209961,-0.7603397965431213
12198,2.3335564136505127,-0.8325241208076477
12199,2.055656909942627,-0.8839172124862671
12200,2.3569207191467285,-0.8095775842666626
12201,2.0867486000061035,-0.7539128065109253
12202,2.2348344326019287,-0.8806591629981995
12203,2.3608298301696777,-0.7782496809959412
12204,2.128737449645996,-0.7136755585670471
12205,2.384768009185791,-0.8492297530174255
12206,2.5714590549468994,-0.7176135182380676
12207,2.267138957977295,-0.8136909008026123
12208,2.2382709980010986,-0.8942887187004089
12209,2.5037291049957275,-0.806232213973999
12210,2.321859359741211,-0.7727664113044739
12211,2.7468743324279785,-0.8866105079650879
12212,2.0684680938720703,-0.8645291328430176
12213,2.4653658866882324,-0.9268826842308044
12214,2.748002052307129,-0.8332132697105408
12215,2.313657760620117,-0.8351808786392212
12216,2.158590793609619,-0.7337440252304077
12217,2.465081214904785,-0.7336063981056213
12218,2.422170400619507,-0.9017021656036377
12219,2.467766284942627,-0.8843410611152649
12220,2.2855072021484375,-0.8558548092842102
12221,2.347486972808838,-0.8760026693344116
12222,2.4565117359161377,-0.8265405893325806
12223,2.065995216369629,-0.8381718993186951
12224,2.132908344268799,-0.8186767101287842
12225,2.409295082092285,-0.7908616662025452
12226,2.9177663326263428,-0.8146668076515198
12227,2.588198184967041,-0.7498440742492676
12228,2.473081111907959,-0.8121505975723267
12229,2.2205185890197754,-0.8711561560630798
12230,2.2326927185058594,-0.8276957869529724
12231,2.6982569694519043,-0.8158572316169739
12232,2.3133444786071777,-0.7347592115402222
12233,2.5965280532836914,-0.8595455884933472
12234,2.663295269012451,-0.7994943857192993
12235,2.306157112121582,-0.7692086100578308
12236,2.532311201095581,-0.8667935132980347
12237,2.5993409156799316,-0.908250629901886
12238,2.2817771434783936,-0.7970513701438904
12239,2.2112302780151367,-0.8214830756187439
12240,2.406188488006592,-0.7470797896385193
12241,2.323815107345581,-0.7809600234031677
12242,2.26336669921875,-0.8664181232452393
12243,2.3461990356445312,-0.8982900977134705
12244,2.3110318183898926,-0.8061458468437195
12245,2.3734006881713867,-0.700285017490387
12246,2.192016124725342,-0.8074060678482056
12247,2.3640036582946777,-0.825126051902771
12248,2.0789942741394043,-0.7902553081512451
12249,2.2612547874450684,-0.8706831336021423
12250,2.696791648864746,-0.8005754351615906
12251,2.143440008163452,-0.8938407897949219
12252,2.0861918926239014,-0.7128759026527405
12253,2.187385320663452,-0.6626096963882446
12254,2.125454902648926,-0.7957412600517273
12255,2.388432502746582,-0.8675766587257385
12256,2.357097625732422,-0.7595741152763367
12257,2.472322940826416,-0.8183696269989014
12258,2.1078591346740723,-0.8698486089706421
12259,2.2091338634490967,-0.7831748723983765
12260,2.3326358795166016,-0.777069628238678
12261,2.421926498413086,-0.830375075340271
12262,2.072554349899292,-0.9177695512771606
12263,2.2063088417053223,-0.7899829149246216
12264,2.4627528190612793,-0.8178069591522217
12265,2.5417187213897705,-0.7445066571235657
12266,2.3546061515808105,-0.8220917582511902
12267,2.123227119445801,-0.8381158709526062
12268,2.2322330474853516,-0.8743506073951721
12269,2.471407890319824,-0.8445330858230591
12270,2.241809606552124,-0.7434167265892029
12271,2.1974058151245117,-0.8288566470146179
12272,2.4769182205200195,-0.8816536068916321
12273,2.08734393119812,-0.8430224061012268
12274,2.317869186401367,-0.6703819036483765
12275,2.6092545986175537,-0.8681623935699463
12276,2.2364468574523926,-0.8635592460632324
12277,2.3724608421325684,-0.8701193332672119
12278,2.1341984272003174,-0.7577598690986633
12279,2.6404061317443848,-0.7990812659263611
12280,2.066356658935547,-0.7613178491592407
12281,2.457756519317627,-0.9268844723701477
12282,2.2055344581604004,-0.7930780053138733
12283,2.320359230041504,-0.8916075825691223
12284,2.2454991340637207,-0.7577977776527405
12285,2.1926679611206055,-0.8342554569244385
12286,1.979250431060791,-0.8763517141342163
12287,2.1089320182800293,-0.922577977180481
12288,2.1291918754577637,-0.8186683058738708
12289,2.224081516265869,-0.7540566325187683
12290,2.0424437522888184,-0.6637644171714783
12291,2.3843579292297363,-0.8140344023704529
12292,2.0485448837280273,-0.7794868350028992
12293,2.184879779815674,-0.7929176092147827
12294,2.040886640548706,-0.8415809869766235
12295,1.742614984512329,-0.862805962562561
12296,2.22446870803833,-0.8486183285713196
12297,1.994203805923462,-0.7836049795150757
12298,2.1701648235321045,-0.879792332649231
12299,2.050583839416504,-0.7671031951904297
12300,2.4135937690734863,-0.7118756771087646
12301,2.5789363384246826,-0.7942553162574768
12302,2.18574857711792,-0.7726331353187561
12303,2.225356101989746,-0.8736103773117065
12304,2.3118367195129395,-0.8600556254386902
12305,2.3645362854003906,-0.8196708559989929
12306,2.699521541595459,-0.7143183946609497
12307,2.030379295349121,-0.9013325572013855
12308,2.0449647903442383,-0.8013503551483154
12309,2.1193642616271973,-0.8376659154891968
12310,2.3407912254333496,-0.8566396832466125
12311,2.23581862449646,-0.8069242238998413
12312,2.0728862285614014,-0.7155551910400391
12313,2.2363550662994385,-0.8834130167961121
12314,2.1730246543884277,-0.7382948398590088
12315,2.030247211456299,-0.7174088954925537
12316,2.2730836868286133,-0.7872342467308044
12317,2.217499256134033,-0.827486515045166
12318,2.4626336097717285,-0.8321532607078552
12319,2.186687469482422,-0.864494264125824
12320,2.623108386993408,-0.8362894654273987
12321,2.129006862640381,-0.8341638445854187
12322,2.5003418922424316,-0.8673096299171448
12323,2.1609954833984375,-0.857774019241333
12324,2.3054144382476807,-0.8760883808135986
12325,2.134598970413208,-0.8210898041725159
12326,2.104980230331421,-0.881428599357605
12327,2.454911231994629,-0.7403067946434021
12328,2.088961601257324,-0.8475369811058044
12329,2.304532527923584,-0.8979112505912781
12330,2.187878131866455,-0.7890328764915466
12331,2.2008821964263916,-0.7940714955329895
12332,2.4428114891052246,-0.8154892921447754
12333,2.394742012023926,-0.8062247633934021
12334,2.3615496158599854,-0.7494444847106934
12335,2.336963176727295,-0.837110161781311
12336,2.4847159385681152,-0.8201560974121094
12337,2.232851982116699,-0.8098259568214417
12338,2.2542641162872314,-0.8674365282058716
12339,2.5046820640563965,-0.6643641591072083
12340,2.2834365367889404,-0.8263036608695984
12341,2.4993715286254883,-0.9214284420013428
12342,2.5672943592071533,-0.9169017672538757
12343,2.3176941871643066,-0.8806774020195007
12344,2.2345008850097656,-0.7913818955421448
12345,2.359593391418457,-0.7385803461074829
12346,2.223747730255127,-0.8256915211677551
12347,2.2550745010375977,-0.941455602645874
12348,2.5857462882995605,-0.9283088445663452
12349,2.575028419494629,-0.8927710652351379
12350,2.2976889610290527,-0.7443189024925232
12351,2.45169734954834,-0.7630218267440796
12352,2.590826988220215,-0.8705147504806519
12353,2.1817312240600586,-0.8291069865226746
12354,2.4834909439086914,-0.793301522731781
12355,2.0979604721069336,-0.86217200756073
12356,2.027045488357544,-0.7522099018096924
12357,2.8995614051818848,-0.7499336004257202
12358,2.234591484069824,-0.7845930457115173
12359,2.2318499088287354,-0.7674639821052551
12360,1.9145166873931885,-0.8938205242156982
12361,2.1842448711395264,-0.8678193688392639
12362,2.0865564346313477,-0.7927930355072021
12363,2.1490602493286133,-0.8116792440414429
12364,2.239954948425293,-0.7659239768981934
12365,2.5100932121276855,-0.8015578389167786
12366,2.2799885272979736,-0.7749707102775574
12367,2.1288092136383057,-0.8875241279602051
12368,2.1553268432617188,-0.7811940908432007
12369,2.216958999633789,-0.7863680124282837
12370,2.0951547622680664,-0.8063561916351318
12371,2.0608081817626953,-0.8242745995521545
12372,2.4358582496643066,-0.7479550242424011
12373,2.0741519927978516,-0.7535321116447449
12374,2.2786076068878174,-0.8052725791931152
12375,2.021838426589966,-0.8299857378005981
12376,2.2501378059387207,-0.7998570203781128
12377,2.2153141498565674,-0.8505831956863403
12378,2.526221752166748,-0.8383677005767822
12379,2.209348201751709,-0.7078726887702942
12380,2.001457929611206,-0.8014715313911438
12381,2.4463090896606445,-0.7913028597831726
12382,2.018909454345703,-0.7462270259857178
12383,2.189946174621582,-0.7822088599205017
12384,2.812450408935547,-0.7730331420898438
12385,2.178598642349243,-0.7980711460113525
12386,2.244812488555908,-0.7917727828025818
12387,2.3243870735168457,-0.7310038805007935
12388,2.026352882385254,-0.755222499370575
12389,2.454259157180786,-0.8159108757972717
12390,2.277942419052124,-0.8013952374458313
12391,2.305173397064209,-0.9088631272315979
12392,2.3099780082702637,-0.8666558265686035
12393,2.1587815284729004,-0.8325998783111572
12394,2.0346007347106934,-0.8283531069755554
12395,2.275402545928955,-0.764540433883667
12396,2.1242380142211914,-0.8435810804367065
12397,2.412856101989746,-0.8737130761146545
12398,2.360067367553711,-0.7909483313560486
12399,2.47235107421875,-0.8533564805984497
12400,2.5553929805755615,-0.782955527305603
12401,2.377403736114502,-0.8192508816719055
12402,1.9432885646820068,-0.777312695980072
12403,2.310943365097046,-0.7645158171653748
12404,2.3704257011413574,-0.7687601447105408
12405,2.2530784606933594,-0.8596482276916504
12406,2.0633630752563477,-0.853882372379303
12407,2.3152973651885986,-0.8311814665794373
12408,2.0448849201202393,-0.8070359826087952
12409,1.9580411911010742,-0.6790981292724609
12410,2.2765297889709473,-0.8052648305892944
12411,2.333806037902832,-0.7583664059638977
12412,1.9751615524291992,-0.8114266395568848
12413,2.389643669128418,-0.7215844988822937
12414,2.4554224014282227,-0.9134565591812134
12415,1.9834744930267334,-0.6914873719215393
12416,1.876678705215454,-0.7678287029266357
12417,2.5018510818481445,-0.7611929178237915
12418,2.063079833984375,-0.8671103715896606
12419,2.059293031692505,-0.7488377094268799
12420,2.1979453563690186,-0.8843165040016174
12421,2.323765754699707,-0.809833824634552
12422,2.2513415813446045,-0.8478497266769409
12423,2.3214378356933594,-0.7973875999450684
12424,2.0379953384399414,-0.9039494395256042
12425,2.116771697998047,-0.9359038472175598
12426,2.0616188049316406,-0.8316947817802429
12427,1.9252681732177734,-0.8811469078063965
12428,1.912333607673645,-0.7177654504776001
12429,2.230518102645874,-0.9413198828697205
12430,2.1809604167938232,-0.8402290940284729
12431,2.4145162105560303,-0.8655825257301331
12432,2.5005006790161133,-0.7849113941192627
12433,2.235844373703003,-0.7922108173370361
12434,2.3503432273864746,-0.8761010766029358
12435,2.336639404296875,-0.7466171979904175
12436,2.138308048248291,-0.7589083909988403
12437,2.18587589263916,-0.8115062117576599
12438,2.3324527740478516,-0.7961467504501343
12439,2.387539863586426,-0.8128172159194946
12440,2.172733783721924,-0.7183886766433716
12441,2.3743271827697754,-0.7562811970710754
12442,2.3400511741638184,-0.8731580972671509
12443,2.1554181575775146,-0.8112683296203613
12444,2.424471139907837,-0.8818433880805969
12445,2.022620677947998,-0.7073891162872314
12446,2.2684502601623535,-0.7442952990531921
12447,2.164958953857422,-0.7454403042793274
12448,1.9689230918884277,-0.6823740601539612
12449,2.1237523555755615,-0.8126211762428284
12450,2.0584633350372314,-0.8790574669837952
12451,2.086850643157959,-0.8356354236602783
12452,2.096658229827881,-0.9593611359596252
12453,2.2526440620422363,-0.6926944255828857
12454,2.195704460144043,-0.7390453815460205
12455,2.467176914215088,-0.8376224040985107
12456,1.8851103782653809,-0.7715269327163696
12457,2.039280891418457,-0.7924653887748718
12458,2.4582974910736084,-0.777370810508728
12459,2.3347349166870117,-0.7674801349639893
12460,2.218029499053955,-0.8270916938781738
12461,2.0711967945098877,-0.7830325365066528
12462,2.246891498565674,-0.843392014503479
12463,2.1395821571350098,-0.7917072772979736
12464,2.2971346378326416,-0.762422502040863
12465,2.2386574745178223,-0.7734886407852173
12466,2.206627130508423,-0.8118183016777039
12467,2.6076645851135254,-0.744720458984375
12468,2.2279558181762695,-0.7146960496902466
12469,2.2543411254882812,-0.7994387745857239
12470,2.299492835998535,-0.782775342464447
12471,2.1415462493896484,-0.7907294631004333
12472,2.406784772872925,-0.8643973469734192
12473,2.1158461570739746,-0.7768110632896423
12474,2.36441707611084,-0.7315490245819092
12475,2.3369250297546387,-0.7881471514701843
12476,2.6984989643096924,-0.9202666282653809
12477,2.3959994316101074,-0.7324131727218628
12478,2.1016111373901367,-0.6942861676216125
12479,2.1007461547851562,-0.7500206232070923
12480,2.1346137523651123,-0.6904246807098389
12481,2.596619129180908,-0.9047808647155762
12482,2.117823839187622,-0.8052489757537842
12483,2.2659223079681396,-0.7437598705291748
12484,2.4015889167785645,-0.814795970916748
12485,2.4142541885375977,-0.8172226548194885
12486,1.9980840682983398,-0.8350726366043091
12487,2.1153903007507324,-0.8073052763938904
12488,2.1781797409057617,-0.8560236096382141
12489,2.2785558700561523,-0.758392870426178
12490,2.1944589614868164,-0.7163252234458923
12491,2.2062926292419434,-0.7292327284812927
12492,2.311166524887085,-0.7961227893829346
12493,2.2853453159332275,-0.7139701247215271
12494,2.1443557739257812,-0.8195357322692871
12495,2.2717418670654297,-0.7417970299720764
12496,2.42706561088562,-0.7475926280021667
12497,2.0088791847229004,-0.8140611052513123
12498,2.0054678916931152,-0.843334436416626
12499,2.1863372325897217,-0.7849701046943665
12500,2.1404929161071777,-0.7697039246559143
12501,2.2888617515563965,-0.8136436939239502
12502,1.9902925491333008,-0.7415367960929871
12503,2.418802261352539,-0.7401378154754639
12504,2.367931842803955,-0.887540340423584
12505,2.406967878341675,-0.8046227097511292
12506,2.1077990531921387,-0.7635744214057922
12507,2.199352502822876,-0.7540913224220276
12508,1.8804364204406738,-0.700259268283844
12509,2.6457161903381348,-0.7507717609405518
12510,2.228146553039551,-0.7023065686225891
12511,2.1127023696899414,-0.8612018823623657
12512,2.098142147064209,-0.7471916675567627
12513,2.2886290550231934,-0.8381407856941223
12514,2.2196402549743652,-0.7633050680160522
12515,2.1792030334472656,-0.8935452103614807
12516,2.2408456802368164,-0.7929548025131226
12517,2.253084421157837,-0.7883638143539429
12518,2.193082809448242,-0.8014735579490662
12519,2.2641215324401855,-0.7616457343101501
12520,2.1215319633483887,-0.7975298166275024
12521,2.08455228805542,-0.7390609979629517
12522,2.2641539573669434,-0.8339165449142456
12523,2.326646566390991,-0.8585065603256226
12524,2.236453056335449,-0.7827897667884827
12525,2.3211536407470703,-0.8233045339584351
12526,2.1922903060913086,-0.7332006096839905
12527,2.1099727153778076,-0.8515084981918335
12528,2.461512565612793,-0.9192203283309937
12529,2.2242374420166016,-0.8357875943183899
12530,2.6054530143737793,-0.8382344245910645
12531,1.987846851348877,-0.6723186373710632
12532,2.386014461517334,-0.7029556035995483
12533,2.2500743865966797,-0.9134520888328552
12534,2.4558820724487305,-0.8049453496932983
12535,2.211775302886963,-0.751471996307373
12536,2.414834976196289,-0.7932131290435791
12537,2.1979541778564453,-0.6257976293563843
12538,2.1101269721984863,-0.6690200567245483
12539,2.364133358001709,-0.7167696952819824
12540,2.1867480278015137,-0.8371337056159973
12541,2.1579091548919678,-0.8317307829856873
12542,2.0255234241485596,-0.7801247239112854
12543,2.192760467529297,-0.7304936051368713
12544,2.2127866744995117,-0.7963923811912537
12545,2.164416790008545,-0.7877346873283386
12546,2.386693000793457,-0.7948989868164062
12547,2.2386622428894043,-0.847912609577179
12548,1.861612319946289,-0.8015447854995728
12549,2.431684970855713,-0.7075340151786804
12550,1.9937448501586914,-0.7901536822319031
12551,2.1137876510620117,-0.7779876589775085
12552,2.676038980484009,-0.8599743843078613
12553,2.4836716651916504,-0.7337235808372498
12554,2.3862555027008057,-0.6841518878936768
12555,2.1167845726013184,-0.7365846037864685
12556,2.368710517883301,-0.6987470388412476
12557,2.374396562576294,-0.8045626878738403
12558,2.0259523391723633,-0.7734411358833313
12559,2.1158156394958496,-0.7948436141014099
12560,2.3784546852111816,-0.7864000797271729
12561,2.127568483352661,-0.8482221961021423
12562,2.087862491607666,-0.7472803592681885
12563,2.378023862838745,-0.8625569343566895
12564,2.1098785400390625,-0.8659705519676208
12565,2.3066649436950684,-0.8109127283096313
12566,2.7680225372314453,-0.7602344751358032
12567,2.320896625518799,-0.6297804117202759
12568,2.290921211242676,-0.7038394212722778
12569,2.1753339767456055,-0.80958092212677
12570,2.435675621032715,-0.8509914875030518
12571,2.4928627014160156,-0.7358009219169617
12572,2.3450353145599365,-0.7335314154624939
12573,2.1350443363189697,-0.7472833395004272
12574,2.201570987701416,-0.9258760213851929
12575,2.17427134513855,-0.8462786674499512
12576,2.1830942630767822,-0.861856997013092
12577,2.2149715423583984,-0.7809844017028809
12578,2.1233644485473633,-0.7229034900665283
12579,2.122887134552002,-0.7516817450523376
12580,2.560408592224121,-0.7032830119132996
12581,2.1495213508605957,-0.7636147141456604
12582,1.9906818866729736,-0.8984621167182922
12583,2.1813154220581055,-0.7541512846946716
12584,2.613412857055664,-0.7378407120704651
12585,2.07896089553833,-0.777580738067627
12586,2.3256406784057617,-0.7275118231773376
12587,2.054266929626465,-0.6542774438858032
12588,2.3361663818359375,-0.8162665367126465
12589,1.9031813144683838,-0.7303302884101868
12590,2.20778751373291,-0.7754144072532654
12591,2.1348085403442383,-0.771902859210968
12592,2.1715989112854004,-0.7576879262924194
12593,2.196479320526123,-0.8194436430931091
12594,2.3870139122009277,-0.7535629868507385
12595,2.07142972946167,-0.7720866203308105
12596,2.320620059967041,-0.8427788615226746
12597,2.1333999633789062,-0.7316630482673645
12598,2.163410186767578,-0.7979400157928467
12599,2.1255478858947754,-0.8407025337219238
12600,2.0198521614074707,-0.8560498952865601
12601,2.2245216369628906,-0.8061195611953735
12602,2.074284553527832,-0.7984640598297119
12603,2.2118849754333496,-0.731476366519928
12604,2.2523746490478516,-0.7943816184997559
12605,2.08620548248291,-0.8789097666740417
12606,2.096179962158203,-0.74989914894104
12607,2.200927257537842,-0.7190731167793274
12608,2.3186349868774414,-0.7450573444366455
12609,2.4651613235473633,-0.8314841985702515
12610,2.000333070755005,-0.844495952129364
12611,2.8016011714935303,-0.8575209975242615
12612,2.5158724784851074,-0.8728997111320496
12613,2.312321186065674,-0.7547404766082764
12614,2.195377826690674,-0.6804877519607544
12615,2.327183246612549,-0.791187047958374
12616,2.090036153793335,-0.8069701194763184
12617,2.431722640991211,-0.8173027634620667
12618,2.158621311187744,-0.7126648426055908
12619,2.424354076385498,-0.7277034521102905
12620,2.4394874572753906,-0.7961198687553406
12621,2.2485339641571045,-0.8771102428436279
12622,2.150212049484253,-0.7949033379554749
12623,2.2950439453125,-0.7929057478904724
12624,2.4576261043548584,-0.6922248005867004
12625,2.2826576232910156,-0.7434210181236267
12626,2.2059030532836914,-0.7685865163803101
12627,2.2682695388793945,-0.7617456316947937
12628,2.365605354309082,-0.8093688488006592
12629,2.158565044403076,-0.7198002338409424
12630,2.3233118057250977,-0.7411218881607056
12631,2.3990817070007324,-0.7927165031433105
12632,2.187509059906006,-0.8216656446456909
12633,2.3456549644470215,-0.7140334844589233
12634,2.1122546195983887,-0.8093681931495667
12635,2.3957858085632324,-0.7622977495193481
12636,2.3350095748901367,-0.7548719048500061
12637,2.351372003555298,-0.8373391032218933
12638,2.4796864986419678,-0.7165796160697937
12639,2.106752872467041,-0.7422638535499573
12640,2.28448486328125,-0.720375657081604
12641,2.0941615104675293,-0.7688855528831482
12642,2.2749290466308594,-0.7944533824920654
12643,2.0830278396606445,-0.6902954578399658
12644,2.5245885848999023,-0.8428490161895752
12645,2.1011152267456055,-0.8312522172927856
12646,2.2517971992492676,-0.7822014093399048
12647,2.309077024459839,-0.7783259749412537
12648,2.0250155925750732,-0.7169500589370728
12649,2.385366916656494,-0.8048581480979919
12650,1.9240713119506836,-0.7844337224960327
12651,2.1408581733703613,-0.8142151832580566
12652,2.335601806640625,-0.8614842295646667
12653,2.0198354721069336,-0.7446292042732239
12654,2.0250191688537598,-0.8010771870613098
12655,2.258120059967041,-0.7736485004425049
12656,2.3991432189941406,-0.8015013933181763
12657,2.314054489135742,-0.8365181088447571
12658,2.117562770843506,-0.7251231670379639
12659,2.2195119857788086,-0.8292397260665894
12660,2.3818812370300293,-0.7304660677909851
12661,2.1567749977111816,-0.8541656732559204
12662,2.0042073726654053,-0.8228519558906555
12663,2.296938896179199,-0.9598014950752258
12664,2.404399871826172,-0.8901993036270142
12665,2.255962610244751,-0.8197517991065979
12666,2.399770736694336,-0.8562837243080139
12667,2.05362606048584,-0.7464724779129028
12668,2.1473255157470703,-0.7556240558624268
12669,2.320981025695801,-0.7897058129310608
12670,2.2748003005981445,-0.8235605359077454
12671,2.157674789428711,-0.8586952090263367
12672,1.8683561086654663,-0.7520005106925964
12673,2.1861093044281006,-0.8291301727294922
12674,2.4891064167022705,-0.8151397109031677
12675,2.2881057262420654,-0.8059605956077576
12676,2.3847217559814453,-0.8244209885597229
12677,2.2400736808776855,-0.898447573184967
12678,2.2131919860839844,-0.8319402933120728
12679,2.314319133758545,-0.8533671498298645
12680,2.3020291328430176,-0.8079079985618591
12681,2.0695009231567383,-0.9146126508712769
12682,2.3373966217041016,-0.7791202068328857
12683,1.8929297924041748,-0.8113129138946533
12684,2.158921957015991,-0.6676505208015442
12685,2.2879104614257812,-0.7438680529594421
12686,2.287348508834839,-0.7812225818634033
12687,2.261683464050293,-0.7919254302978516
12688,2.1371841430664062,-0.7447580099105835
12689,2.4480366706848145,-0.8149786591529846
12690,2.0579633712768555,-0.7033505439758301
12691,2.3703064918518066,-0.8643966913223267
12692,2.4336838722229004,-0.8723206520080566
12693,2.063934087753296,-0.7053130865097046
12694,2.227041244506836,-0.7349384427070618
12695,2.425670862197876,-0.8080906867980957
12696,2.3088016510009766,-0.6779477596282959
12697,1.8698060512542725,-0.7586765885353088
12698,2.3293862342834473,-0.8522917032241821
12699,2.0883548259735107,-0.7577365040779114
12700,2.446432113647461,-0.7987003326416016
12701,2.0461087226867676,-0.7765426635742188
12702,2.6208643913269043,-0.7096323370933533
12703,2.5521414279937744,-0.8579564094543457
12704,2.5115671157836914,-0.7950341105461121
12705,2.0521249771118164,-0.7599551677703857
12706,2.2809882164001465,-0.8531637787818909
12707,2.058164119720459,-0.6829379200935364
12708,2.486607551574707,-0.7631997466087341
12709,2.047682762145996,-0.7827032208442688
12710,2.4734578132629395,-0.7502973079681396
12711,2.282876968383789,-0.8291716575622559
12712,2.1058075428009033,-0.717306911945343
12713,2.3350653648376465,-0.8161784410476685
12714,2.805026054382324,-0.6555203199386597
12715,1.739180088043213,-0.7712124586105347
12716,1.954908847808838,-0.7814500331878662
12717,2.6220710277557373,-0.8026731610298157
12718,1.9965341091156006,-0.7303118109703064
12719,2.127504348754883,-0.7289790511131287
12720,2.6059889793395996,-0.8256738781929016
12721,2.429720401763916,-0.7573004364967346
12722,2.6680850982666016,-0.7520564198493958
12723,2.3816096782684326,-0.7129768133163452
12724,2.4069628715515137,-0.6920839548110962
12725,2.9447407722473145,-0.7746948003768921
12726,2.334106922149658,-0.8505372405052185
12727,2.5071563720703125,-0.8696054816246033
12728,2.879342555999756,-0.8150529265403748
12729,2.18253493309021,-0.7048096656799316
12730,2.082773447036743,-0.8168675303459167
12731,3.371609687805176,-0.8318337202072144
12732,2.0157289505004883,-0.7986634969711304
12733,2.629770040512085,-0.8066354393959045
12734,2.8028793334960938,-0.6334123015403748
12735,2.358109951019287,-0.8115476369857788
12736,2.1434202194213867,-0.7131301164627075
12737,2.384018898010254,-0.7790773510932922
12738,2.651200532913208,-0.7862281799316406
12739,2.2528491020202637,-0.7295929193496704
12740,2.112166404724121,-0.7306905388832092
12741,2.291001081466675,-0.7032217979431152
12742,2.803455352783203,-0.8710035085678101
12743,2.373354911804199,-0.8269088864326477
12744,1.705536961555481,-0.7169843912124634
12745,2.314970016479492,-0.8021725416183472
12746,2.5211660861968994,-0.8110967874526978
12747,2.0838851928710938,-0.6459334492683411
12748,2.3204360008239746,-0.673678994178772
12749,2.130934715270996,-0.737891674041748
12750,2.2836132049560547,-0.7864978909492493
12751,2.2267255783081055,-0.8376255035400391
12752,2.176008701324463,-0.7735296487808228
12753,2.2070422172546387,-0.836771547794342
12754,1.8551923036575317,-0.6734120845794678
12755,2.2959041595458984,-0.8256568312644958
12756,2.2068238258361816,-0.8578973412513733
12757,2.6042704582214355,-0.7794749736785889
12758,2.256159782409668,-0.8167014122009277
12759,2.224546432495117,-0.7787629961967468
12760,2.241962432861328,-0.7341934442520142
12761,2.0591225624084473,-0.8432186841964722
12762,2.608184337615967,-0.8631556630134583
12763,2.324411392211914,-0.8345325589179993
12764,1.957823634147644,-0.7406229972839355
12765,2.0945887565612793,-0.7590425610542297
12766,2.3612301349639893,-0.8109406232833862
12767,2.7206039428710938,-0.690767228603363
12768,2.164917230606079,-0.7658523321151733
12769,2.107081413269043,-0.8613555431365967
12770,2.8948521614074707,-0.8321745991706848
12771,2.2493367195129395,-0.7000016570091248
12772,2.2690181732177734,-0.7426263689994812
12773,2.409116744995117,-0.8013622164726257
12774,2.1803853511810303,-0.7498440742492676
12775,2.2584517002105713,-0.7562806010246277
12776,2.376183032989502,-0.7611784934997559
12777,1.9072778224945068,-0.7187141180038452
12778,2.2604422569274902,-0.696330189704895
12779,2.015728235244751,-0.8085424900054932
12780,2.2457284927368164,-0.7369683980941772
12781,2.077786922454834,-0.7754165530204773
12782,1.9184625148773193,-0.7529638409614563
12783,2.4654736518859863,-0.7640422582626343
12784,2.4171595573425293,-0.7735381126403809
12785,2.5081095695495605,-0.7815804481506348
12786,2.27767014503479,-0.8272743821144104
12787,2.392289876937866,-0.8509190082550049
12788,2.5363569259643555,-0.7880418300628662
12789,2.038027048110962,-0.712296724319458
12790,2.241824150085449,-0.7628424167633057
12791,2.2520995140075684,-0.7915751934051514
12792,2.277524471282959,-0.8472169637680054
12793,2.311642646789551,-0.8335152268409729
12794,2.4836606979370117,-0.8252630829811096
12795,1.9164724349975586,-0.7054145932197571
12796,2.184871196746826,-0.7920135259628296
12797,2.3132262229919434,-0.7618334293365479
12798,2.1348581314086914,-0.8511990308761597
12799,2.329178810119629,-0.7895323038101196
12800,2.4834837913513184,-0.7530725002288818
12801,2.0667176246643066,-0.7179703712463379
12802,2.260068416595459,-0.688881516456604
12803,2.1334612369537354,-0.8454698920249939
12804,1.9863331317901611,-0.8333836197853088
12805,2.7271101474761963,-0.7992951273918152
12806,1.9196069240570068,-0.727049708366394
12807,2.4371495246887207,-0.8089897632598877
12808,1.7935028076171875,-0.7643411159515381
12809,2.0211920738220215,-0.7873722910881042
12810,1.96563720703125,-0.7682648301124573
12811,2.120840549468994,-0.8035337924957275
12812,2.2499001026153564,-0.6667414307594299
12813,2.34006667137146,-0.7205631732940674
12814,2.2128686904907227,-0.8257538676261902
12815,2.370952844619751,-0.8170099854469299
12816,2.299595832824707,-0.8037692308425903
12817,2.2522823810577393,-0.6335557699203491
12818,2.1207275390625,-0.6443949937820435
12819,2.3027825355529785,-0.7241881489753723
12820,2.275542736053467,-0.800014317035675
12821,2.4366114139556885,-0.8314090967178345
12822,2.298788070678711,-0.7234426140785217
12823,1.8242096900939941,-0.7509149312973022
12824,1.9950299263000488,-0.658456027507782
12825,2.3886823654174805,-0.8334391117095947
12826,2.104444980621338,-0.826131284236908
12827,2.130708694458008,-0.7470389008522034
12828,2.30698823928833,-0.76889967918396
12829,2.0624494552612305,-0.6778730154037476
12830,2.1141514778137207,-0.7445493340492249
12831,2.2207183837890625,-0.775489091873169
12832,2.065077543258667,-0.7357890605926514
12833,2.2289366722106934,-0.7796182036399841
12834,2.342047691345215,-0.7712730169296265
12835,2.0886693000793457,-0.7473145127296448
12836,2.384807825088501,-0.8508135080337524
12837,2.114630699157715,-0.7802581191062927
12838,2.435518264770508,-0.7000841498374939
12839,2.499526023864746,-0.838204562664032
12840,2.3834645748138428,-0.787772536277771
12841,2.086009979248047,-0.6524380445480347
12842,2.1328506469726562,-0.7875584959983826
12843,2.0817251205444336,-0.7497356534004211
12844,2.282719373703003,-0.8671725988388062
12845,2.158832311630249,-0.7439409494400024
12846,2.0718541145324707,-0.7399970889091492
12847,1.8733599185943604,-0.7817946672439575
12848,2.1939339637756348,-0.7497864365577698
12849,2.4956603050231934,-0.7493651509284973
12850,1.9426226615905762,-0.704562783241272
12851,2.057551383972168,-0.8728582859039307
12852,2.134993553161621,-0.6774967908859253
12853,2.2933433055877686,-0.8203341960906982
12854,2.911729574203491,-0.8076095581054688
12855,2.315829277038574,-0.6595711708068848
12856,2.2698516845703125,-0.7120619416236877
12857,2.188413619995117,-0.7914260625839233
12858,2.339407444000244,-0.6897024512290955
12859,2.3647565841674805,-0.7834255695343018
12860,2.3519039154052734,-0.6706719994544983
12861,2.1586403846740723,-0.781634509563446
12862,2.2372937202453613,-0.7882463335990906
12863,2.2670834064483643,-0.7448074221611023
12864,2.370198965072632,-0.7242038249969482
12865,2.351011276245117,-0.7387435436248779
12866,2.063307046890259,-0.7536806464195251
12867,2.167846202850342,-0.7670638561248779
12868,2.222181797027588,-0.7967916131019592
12869,2.1334080696105957,-0.8708308935165405
12870,2.181196451187134,-0.8060274720191956
12871,2.1708765029907227,-0.7149288058280945
12872,2.2134299278259277,-0.7123863697052002
12873,2.1068625450134277,-0.7809216380119324
12874,2.1298580169677734,-0.7171617746353149
12875,2.2018961906433105,-0.7650332450866699
12876,2.3015613555908203,-0.7418239116668701
12877,2.1738085746765137,-0.7852861285209656
12878,2.448676586151123,-0.6882864236831665
12879,2.226321220397949,-0.717070996761322
12880,2.2824931144714355,-0.8118166327476501
12881,2.591158866882324,-0.7203958034515381
12882,2.2658185958862305,-0.7812931537628174
12883,2.2636258602142334,-0.7603771686553955
12884,2.136709690093994,-0.8071443438529968
12885,2.3847813606262207,-0.729485273361206
12886,2.4091968536376953,-0.7619220018386841
12887,2.223766803741455,-0.7883530259132385
12888,2.6973536014556885,-0.8619076609611511
12889,2.5291028022766113,-0.8914358019828796
12890,2.258835792541504,-0.7679656744003296
12891,2.2170071601867676,-0.6913356781005859
12892,2.228804588317871,-0.8021891117095947
12893,2.0781846046447754,-0.7296648621559143
12894,2.0913848876953125,-0.7806500792503357
12895,2.1044981479644775,-0.8134862780570984
12896,2.171638011932373,-0.7223890423774719
12897,2.3982629776000977,-0.7131445407867432
12898,2.564988136291504,-0.7960325479507446
12899,2.4061849117279053,-0.7230381965637207
12900,2.762075185775757,-0.7457752823829651
12901,2.418020725250244,-0.7657999992370605
12902,2.1525683403015137,-0.7657882571220398
12903,2.568394184112549,-0.7891995310783386
12904,2.459085464477539,-0.8591276407241821
12905,2.394012212753296,-0.7951501607894897
12906,2.275433301925659,-0.7639824151992798
12907,2.183258295059204,-0.8094750046730042
12908,2.203873872756958,-0.8404731154441833
12909,2.2701148986816406,-0.6568441987037659
12910,1.892867922782898,-0.7780680656433105
12911,2.291595935821533,-0.7826244831085205
12912,2.10667085647583,-0.7743850946426392
12913,2.1201279163360596,-0.690419614315033
12914,2.6294984817504883,-0.731818437576294
12915,2.2878339290618896,-0.8177695274353027
12916,2.5906898975372314,-0.7801432609558105
12917,2.0630736351013184,-0.7598326802253723
12918,2.2730302810668945,-0.7400299310684204
12919,2.7876553535461426,-0.8627837896347046
12920,2.075648784637451,-0.8232738971710205
12921,1.9994285106658936,-0.8899155259132385
12922,1.9348701238632202,-0.7747288346290588
12923,2.374002456665039,-0.7208884954452515
12924,2.131521224975586,-0.7674880027770996
12925,2.6133556365966797,-0.8219241499900818
12926,2.3540077209472656,-0.9025362133979797
12927,2.459731101989746,-0.7410709857940674
12928,2.405479907989502,-0.6901931762695312
12929,2.0243983268737793,-0.8372023105621338
12930,2.261507987976074,-0.7103757262229919
12931,1.8747402429580688,-0.7328794598579407
12932,2.200038433074951,-0.7300713062286377
12933,1.7033182382583618,-0.7839072942733765
12934,2.288099765777588,-0.830086886882782
12935,2.258430004119873,-0.8691494464874268
12936,2.3998360633850098,-0.7783123850822449
12937,2.0509586334228516,-0.8563249111175537
12938,2.255854606628418,-0.7229096293449402
12939,2.0077133178710938,-0.7530592083930969
12940,2.1944799423217773,-0.6464737057685852
12941,2.3666369915008545,-0.7359465956687927
12942,2.125478506088257,-0.7463546991348267
12943,2.336557388305664,-0.7598201036453247
12944,2.040921926498413,-0.6939188241958618
12945,2.154794454574585,-0.6991719007492065
12946,2.1494016647338867,-0.6670346260070801
12947,1.9957480430603027,-0.7049193382263184
12948,2.0615100860595703,-0.766319215297699
12949,2.1853678226470947,-0.7395604848861694
12950,2.290257453918457,-0.7377027869224548
12951,2.492672920227051,-0.7648608684539795
12952,2.0556883811950684,-0.8792024850845337
12953,2.1322011947631836,-0.8613542318344116
12954,2.3775739669799805,-0.8063605427742004
12955,2.189232349395752,-0.7097509503364563
12956,2.0965375900268555,-0.786641538143158
12957,2.220776081085205,-0.7806068658828735
12958,2.0971078872680664,-0.6318961381912231
12959,2.694845676422119,-0.791413426399231
12960,2.0624637603759766,-0.7647855877876282
12961,2.207566022872925,-0.7361145615577698
12962,2.158379316329956,-0.767173171043396
12963,1.8825265169143677,-0.7347260117530823
12964,2.513278007507324,-0.6744762659072876
12965,2.0649099349975586,-0.7067101001739502
12966,2.274470090866089,-0.7784526944160461
12967,2.127049684524536,-0.7354763150215149
12968,1.9590415954589844,-0.8115237355232239
12969,2.2914137840270996,-0.6908144950866699
12970,2.562077760696411,-0.7352016568183899
12971,2.1403613090515137,-0.7095851302146912
12972,1.9947755336761475,-0.8651573061943054
12973,2.0557661056518555,-0.8154242038726807
12974,2.051053047180176,-0.7622460722923279
12975,2.078895330429077,-0.7787770628929138
12976,2.499401092529297,-0.8256200551986694
12977,2.595275640487671,-0.8482211232185364
12978,2.5063436031341553,-0.7365112900733948
12979,2.119318962097168,-0.7701218128204346
12980,2.0943026542663574,-0.7171745300292969
12981,2.209202289581299,-0.686408519744873
12982,2.6710782051086426,-0.78892982006073
12983,2.1996426582336426,-0.8128191232681274
12984,2.777836322784424,-0.7734791040420532
12985,2.222041606903076,-0.7917199730873108
12986,2.6125001907348633,-0.7542989253997803
12987,2.449852466583252,-0.8193255662918091
12988,2.242610454559326,-0.7907907962799072
12989,2.177600145339966,-0.7278637886047363
12990,2.2570929527282715,-0.7750664353370667
12991,2.708287239074707,-0.7889657616615295
12992,2.356358051300049,-0.8570295572280884
12993,2.4993844032287598,-0.768747091293335
12994,2.486640453338623,-0.7844511270523071
12995,2.3779594898223877,-0.852204442024231
12996,3.2207303047180176,-0.7708593606948853
12997,2.217515230178833,-0.6356576681137085
12998,2.3418097496032715,-0.6568139791488647
12999,2.7382702827453613,-0.717297375202179
13000,2.4443254470825195,-0.76544588804245
13001,2.678682804107666,-0.8331177234649658
13002,2.132389545440674,-0.6463367342948914
13003,2.2029237747192383,-0.7581448554992676
13004,2.252020835876465,-0.686622679233551
13005,2.4115564823150635,-0.6780303716659546
13006,2.454277992248535,-0.7845221757888794
13007,2.108919143676758,-0.8387388586997986
13008,2.375211715698242,-0.7664191722869873
13009,2.4290332794189453,-0.7787020802497864
13010,2.2098755836486816,-0.7011417150497437
13011,2.809262752532959,-0.709135115146637
13012,2.129848003387451,-0.7619500160217285
13013,2.1218137741088867,-0.7696162462234497
13014,2.67152738571167,-0.7552568912506104
13015,2.281912326812744,-0.781146228313446
13016,2.186868667602539,-0.7662507891654968
13017,2.2067718505859375,-0.7474796772003174
13018,2.2113113403320312,-0.751885175704956
13019,2.270319700241089,-0.7316351532936096
13020,2.4498562812805176,-0.8384132385253906
13021,2.2511415481567383,-0.8148658275604248
13022,2.2382383346557617,-0.7792033553123474
13023,2.318037748336792,-0.7831776142120361
13024,2.2306103706359863,-0.7028783559799194
13025,2.360008716583252,-0.7825160026550293
13026,2.1569995880126953,-0.7746726274490356
13027,2.2817492485046387,-0.6684005260467529
13028,2.1195766925811768,-0.8021308183670044
13029,2.239102363586426,-0.7680171132087708
13030,2.13692045211792,-0.7875276207923889
13031,2.554694175720215,-0.7898187041282654
13032,2.343045949935913,-0.8431739807128906
13033,2.430774450302124,-0.8292728662490845
13034,2.1761369705200195,-0.6868591904640198
13035,2.269935131072998,-0.6612496972084045
13036,2.580990791320801,-0.8755283951759338
13037,2.0766525268554688,-0.7601959705352783
13038,2.493356227874756,-0.7809363007545471
13039,2.3220040798187256,-0.7816832065582275
13040,2.1834919452667236,-0.7885434627532959
13041,2.0833492279052734,-0.7336469292640686
13042,2.2448463439941406,-0.724588930606842
13043,2.4212870597839355,-0.8150522112846375
13044,2.188298463821411,-0.6774047613143921
13045,2.263258695602417,-0.8842623233795166
13046,2.3347411155700684,-0.8322776556015015
13047,2.1904549598693848,-0.7068597674369812
13048,2.340743064880371,-0.7843754291534424
13049,2.3709487915039062,-0.8041494488716125
13050,2.2218313217163086,-0.7260339856147766
13051,2.336095094680786,-0.8212537169456482
13052,2.3548126220703125,-0.7203211188316345
13053,1.9372172355651855,-0.6605034470558167
13054,2.1130127906799316,-0.7146066427230835
13055,2.4122672080993652,-0.7237851619720459
13056,2.2504653930664062,-0.7958172559738159
13057,2.3285725116729736,-0.7597552537918091
13058,2.1103599071502686,-0.763450562953949
13059,2.4658446311950684,-0.7381551265716553
13060,2.3187053203582764,-0.7340468764305115
13061,2.3694024085998535,-0.7459697127342224
13062,2.144155502319336,-0.8055307269096375
13063,2.182882785797119,-0.8061016798019409
13064,2.3180980682373047,-0.792184591293335
13065,2.0400984287261963,-0.7160611152648926
13066,1.965234398841858,-0.7962657809257507
13067,2.2083380222320557,-0.7418819665908813
13068,2.21962308883667,-0.7620133757591248
13069,2.161424398422241,-0.7299063801765442
13070,1.8799047470092773,-0.7129088640213013
13071,1.9341330528259277,-0.8286129236221313
13072,2.0677483081817627,-0.7951278686523438
13073,2.6579184532165527,-0.8184807300567627
13074,2.170020341873169,-0.7511550784111023
13075,2.436788558959961,-0.741019070148468
13076,2.2932560443878174,-0.7792699337005615
13077,2.145219326019287,-0.8106768727302551
13078,2.0520870685577393,-0.7684565186500549
13079,2.228180408477783,-0.7412081956863403
13080,2.422739267349243,-0.7875612378120422
13081,2.3299779891967773,-0.8296610116958618
13082,2.087656259536743,-0.7208646535873413
13083,2.3969058990478516,-0.7106592655181885
13084,2.509359359741211,-0.7524629831314087
13085,2.1993520259857178,-0.7175315618515015
13086,2.3333075046539307,-0.7413250803947449
13087,2.14127254486084,-0.8648902773857117
13088,2.3814620971679688,-0.6906604766845703
13089,2.1437673568725586,-0.6955450177192688
13090,2.370901584625244,-0.7048994302749634
13091,2.1088366508483887,-0.7878772616386414
13092,2.663135528564453,-0.7098158001899719
13093,2.1242594718933105,-0.7697771191596985
13094,2.4101672172546387,-0.8450527787208557
13095,2.4400439262390137,-0.6566848754882812
13096,1.999781847000122,-0.7869947552680969
13097,2.072533369064331,-0.7055675983428955
13098,2.585860252380371,-0.7424717545509338
13099,2.216073751449585,-0.7618672251701355
13100,2.204768180847168,-0.777604341506958
13101,2.2045435905456543,-0.6976705193519592
13102,2.482057571411133,-0.7733974456787109
13103,2.170034885406494,-0.663224458694458
13104,2.239849090576172,-0.7454385161399841
13105,2.174842357635498,-0.8124029040336609
13106,2.478916883468628,-0.7225244641304016
13107,2.456582546234131,-0.733075737953186
13108,2.2805821895599365,-0.7018639445304871
13109,2.515808582305908,-0.7356835007667542
13110,2.5588550567626953,-0.8204365372657776
13111,2.5176310539245605,-0.7418735027313232
13112,1.9524805545806885,-0.7400088310241699
13113,1.8211750984191895,-0.7345211505889893
13114,2.5710396766662598,-0.7037773728370667
13115,1.912348985671997,-0.6309031844139099
13116,2.2484734058380127,-0.6944375038146973
13117,2.582183361053467,-0.7856788039207458
13118,2.360633611679077,-0.7454975247383118
13119,1.8392099142074585,-0.6856399774551392
13120,2.7684929370880127,-0.6936163902282715
13121,2.6165549755096436,-0.8180094957351685
13122,1.797273874282837,-0.7867176532745361
13123,2.153282642364502,-0.7464696764945984
13124,2.2884740829467773,-0.7876447439193726
13125,2.3465092182159424,-0.7266766428947449
13126,2.2545528411865234,-0.7388015985488892
13127,2.013719081878662,-0.7949731945991516
13128,1.984921932220459,-0.8188925385475159
13129,2.3856201171875,-0.8015722632408142
13130,2.0567266941070557,-0.6773704290390015
13131,2.2528576850891113,-0.7690169811248779
13132,2.232466459274292,-0.6891005635261536
13133,2.4881439208984375,-0.6103500723838806
13134,2.1095175743103027,-0.8003381490707397
13135,2.444789409637451,-0.7056366205215454
13136,2.7165627479553223,-0.7815831899642944
13137,2.1368675231933594,-0.7526854872703552
13138,2.213036060333252,-0.7279380559921265
13139,2.097353935241699,-0.7775474786758423
13140,2.351958990097046,-0.745004415512085
13141,1.934227466583252,-0.7441383600234985
13142,2.1981377601623535,-0.7227640748023987
13143,2.377455234527588,-0.7392069101333618
13144,2.2844133377075195,-0.7859690189361572
13145,2.284885883331299,-0.815936267375946
13146,2.2751193046569824,-0.7950149774551392
13147,1.9264538288116455,-0.808228611946106
13148,2.2315127849578857,-0.7786029577255249
13149,2.478086471557617,-0.7587268352508545
13150,2.5236330032348633,-0.754840075969696
13151,2.421377182006836,-0.7877537608146667
13152,1.9264814853668213,-0.7788503170013428
13153,2.4126977920532227,-0.7669278979301453
13154,2.349787712097168,-0.6807888746261597
13155,2.056074619293213,-0.8053643107414246
13156,2.4790425300598145,-0.7209829688072205
13157,2.4752931594848633,-0.7173631191253662
13158,2.0879831314086914,-0.8319315910339355
13159,2.5096797943115234,-0.7157142758369446
13160,2.3674511909484863,-0.7039797902107239
13161,2.457709789276123,-0.8163544535636902
13162,2.1462526321411133,-0.79062819480896
13163,2.10198712348938,-0.806577205657959
13164,2.3820486068725586,-0.676268994808197
13165,2.4324278831481934,-0.7105620503425598
13166,2.2071361541748047,-0.7820611596107483
13167,2.382284164428711,-0.7656362652778625
13168,2.2148756980895996,-0.7954704165458679
13169,2.3550336360931396,-0.8292269110679626
13170,2.2775087356567383,-0.7831741571426392
13171,2.2148303985595703,-0.7812321186065674
13172,2.1576290130615234,-0.6818109750747681
13173,2.351644992828369,-0.7561319470405579
13174,2.0209667682647705,-0.7384334802627563
13175,2.2487339973449707,-0.6985568404197693
13176,2.109683036804199,-0.7209034562110901
13177,2.164489269256592,-0.732250452041626
13178,2.20902419090271,-0.7841593027114868
13179,2.2509937286376953,-0.7311058044433594
13180,2.5288474559783936,-0.7634532451629639
13181,2.2884325981140137,-0.8506919145584106
13182,2.5930874347686768,-0.8117498755455017
13183,2.2486953735351562,-0.7632933855056763
13184,2.213709831237793,-0.8301934003829956
13185,2.3209261894226074,-0.7228518128395081
13186,2.2192282676696777,-0.752307653427124
13187,2.194176197052002,-0.6956626772880554
13188,2.3325915336608887,-0.8419408202171326
13189,2.137958526611328,-0.7184953093528748
13190,2.224658727645874,-0.7117070555686951
13191,2.004601001739502,-0.6243088245391846
13192,2.239140510559082,-0.7284881472587585
13193,2.2576494216918945,-0.8835101127624512
13194,2.1519999504089355,-0.8645153641700745
13195,2.2449545860290527,-0.7960638999938965
13196,2.4372942447662354,-0.6800664663314819
13197,2.120321273803711,-0.7055394053459167
13198,2.4383668899536133,-0.7704098224639893
13199,2.057969093322754,-0.8188093304634094
13200,2.133375644683838,-0.8281834125518799
13201,2.1095967292785645,-0.7372673153877258
13202,2.0595815181732178,-0.684560239315033
13203,2.3958046436309814,-0.8343701958656311
13204,2.4118435382843018,-0.7796138525009155
13205,2.4155116081237793,-0.8051856756210327
13206,2.1811342239379883,-0.7666154503822327
13207,2.126431465148926,-0.7429906725883484
13208,2.2531728744506836,-0.7669451832771301
13209,2.1043853759765625,-0.7895050048828125
13210,2.353102207183838,-0.8180606961250305
13211,2.5654964447021484,-0.7642353773117065
13212,2.5976855754852295,-0.8338998556137085
13213,2.2822823524475098,-0.8055563569068909
13214,2.2389426231384277,-0.7370427846908569
13215,1.9122626781463623,-0.6842563152313232
13216,2.132378578186035,-0.6967686414718628
13217,1.854690670967102,-0.7375921607017517
13218,2.3768248558044434,-0.7193176746368408
13219,2.0633912086486816,-0.6657553315162659
13220,1.9184291362762451,-0.6999732851982117
13221,2.161591053009033,-0.6508510708808899
13222,2.048326015472412,-0.6780041456222534
13223,2.0204622745513916,-0.7006576657295227
13224,2.103538751602173,-0.7789859771728516
13225,2.456422805786133,-0.7342753410339355
13226,2.253366470336914,-0.7603667974472046
13227,2.2424533367156982,-0.7427211999893188
13228,1.9222419261932373,-0.7294197678565979
13229,2.3398969173431396,-0.8064687252044678
13230,2.2860546112060547,-0.8041073679924011
13231,1.9172391891479492,-0.7163529992103577
13232,2.3180665969848633,-0.7343709468841553
13233,2.1103696823120117,-0.7743951678276062
13234,2.0682692527770996,-0.8011522889137268
13235,1.9563031196594238,-0.763440728187561
13236,2.333204507827759,-0.7779260277748108
13237,2.236074447631836,-0.7863007187843323
13238,1.8207675218582153,-0.7483158111572266
13239,2.3961181640625,-0.6301787495613098
13240,2.184866428375244,-0.6678130626678467
13241,2.262777805328369,-0.8048217296600342
13242,2.2723851203918457,-0.8399854302406311
13243,2.351698875427246,-0.7625144720077515
13244,2.4028890132904053,-0.7600124478340149
13245,2.155223846435547,-0.7701043486595154
13246,2.204832077026367,-0.7895855903625488
13247,2.0776991844177246,-0.7896371483802795
13248,2.104818105697632,-0.7150115370750427
13249,1.9346047639846802,-0.6683234572410583
13250,2.092501640319824,-0.7568812370300293
13251,2.2598133087158203,-0.8473647832870483
13252,2.4370341300964355,-0.6850076913833618
13253,1.9746947288513184,-0.6726838946342468
13254,1.9000780582427979,-0.7153280377388
13255,2.1305320262908936,-0.7094343304634094
13256,2.418715476989746,-0.7499806880950928
13257,1.8964855670928955,-0.7203652262687683
13258,2.316183090209961,-0.6769322752952576
13259,2.0110435485839844,-0.6428614854812622
13260,2.262810468673706,-0.7603302597999573
13261,2.305173397064209,-0.7855647206306458
13262,2.462334632873535,-0.7702369093894958
13263,2.2529730796813965,-0.6866582632064819
13264,2.5430498123168945,-0.8156988620758057
13265,2.2076058387756348,-0.7012843489646912
13266,2.2853705883026123,-0.7834680080413818
13267,2.070456027984619,-0.6366323232650757
13268,2.0185680389404297,-0.7211419939994812
13269,1.9429503679275513,-0.7641351819038391
13270,2.306410312652588,-0.7438799142837524
13271,2.096240997314453,-0.7414550185203552
13272,2.170151710510254,-0.8624736666679382
13273,1.971520185470581,-0.647320568561554
13274,2.2120118141174316,-0.670600414276123
13275,2.231917381286621,-0.7064881324768066
13276,1.9718916416168213,-0.5991103649139404
13277,2.0960888862609863,-0.7401227355003357
13278,2.2052624225616455,-0.6637246608734131
13279,2.1456894874572754,-0.7269657254219055
13280,2.1797335147857666,-0.6987193822860718
13281,2.3347721099853516,-0.7290816307067871
13282,2.375554323196411,-0.7435033917427063
13283,1.8415741920471191,-0.730515718460083
13284,2.3333122730255127,-0.8139530420303345
13285,1.967202067375183,-0.7488067746162415
13286,2.4015393257141113,-0.818986177444458
13287,2.204838752746582,-0.6427398920059204
13288,2.0607776641845703,-0.7731231451034546
13289,2.291626453399658,-0.7511632442474365
13290,2.397094249725342,-0.7843357920646667
13291,2.4133458137512207,-0.7871376872062683
13292,2.12622332572937,-0.8046889305114746
13293,2.380831003189087,-0.6594902276992798
13294,2.0969483852386475,-0.7583609819412231
13295,2.312366485595703,-0.8484042286872864
13296,2.341761350631714,-0.757323145866394
13297,2.23618221282959,-0.7473362684249878
13298,2.2842063903808594,-0.6790388226509094
13299,2.198904275894165,-0.7333335876464844
13300,2.8545632362365723,-0.7842327356338501
13301,2.321704387664795,-0.804320216178894
13302,2.162604331970215,-0.6485879421234131
13303,2.3398470878601074,-0.7412196397781372
13304,2.5531585216522217,-0.6723670959472656
13305,2.237605571746826,-0.775593101978302
13306,2.4967784881591797,-0.7890093922615051
13307,2.4686875343322754,-0.7752094864845276
13308,2.470944404602051,-0.6954053640365601
13309,2.506009340286255,-0.6490503549575806
13310,2.072887659072876,-0.6236240863800049
13311,1.8280179500579834,-0.6831104159355164
13312,2.053600311279297,-0.7594102621078491
13313,2.165377140045166,-0.7891981601715088
13314,2.3151004314422607,-0.7874069213867188
13315,2.4292469024658203,-0.70734703540802
13316,2.205359935760498,-0.7324538230895996
13317,2.4779114723205566,-0.7382932305335999
13318,2.1188628673553467,-0.710655152797699
13319,2.2109646797180176,-0.7967053055763245
13320,2.505100727081299,-0.777634859085083
13321,2.712596893310547,-0.7882015109062195
13322,2.3001532554626465,-0.7126637101173401
13323,2.288376808166504,-0.6630362868309021
13324,2.3496601581573486,-0.5898095965385437
13325,2.9392642974853516,-0.7874990701675415
13326,2.4058761596679688,-0.7748699188232422
13327,3.3454244136810303,-0.8557056188583374
13328,2.0976991653442383,-0.7349005341529846
13329,2.376955986022949,-0.6267688870429993
13330,2.399263858795166,-0.6912455558776855
13331,2.4423460960388184,-0.8261768817901611
13332,2.053291082382202,-0.7701027393341064
13333,2.587902545928955,-0.7715265154838562
13334,2.4101197719573975,-0.6959860920906067
13335,2.309607982635498,-0.7554298639297485
13336,2.5795443058013916,-0.7689213752746582
13337,2.24263334274292,-0.8531196117401123
13338,2.255154609680176,-0.7624437212944031
13339,2.4342026710510254,-0.671754777431488
13340,2.2193663120269775,-0.6710885763168335
13341,2.1090688705444336,-0.7069704532623291
13342,2.7319397926330566,-0.7599228024482727
13343,2.2953286170959473,-0.7101524472236633
13344,2.170095920562744,-0.773500919342041
13345,2.4088783264160156,-0.7408589720726013
13346,2.274703025817871,-0.7173949480056763
13347,2.2972307205200195,-0.7449729442596436
13348,2.4820117950439453,-0.7526656985282898
13349,2.434419870376587,-0.7098197340965271
13350,2.835975170135498,-0.7573487758636475
13351,2.482569694519043,-0.7855279445648193
13352,2.3218863010406494,-0.7016658186912537
13353,1.9018521308898926,-0.7666800618171692
13354,2.152435779571533,-0.7168884873390198
13355,2.274420738220215,-0.7947708368301392
13356,2.2005748748779297,-0.743143618106842
13357,2.425570011138916,-0.8243610858917236
13358,2.089254856109619,-0.6469225883483887
13359,2.0725061893463135,-0.6781039237976074
13360,2.1209897994995117,-0.7391237616539001
13361,2.2537224292755127,-0.7433966994285583
13362,2.206458568572998,-0.7053691148757935
13363,2.181763172149658,-0.6775109171867371
13364,2.194479465484619,-0.6354674696922302
13365,2.415677547454834,-0.7328580617904663
13366,2.1566786766052246,-0.8069981932640076
13367,2.234086513519287,-0.7248358726501465
13368,2.21938157081604,-0.7307365536689758
13369,2.5908448696136475,-0.7418273687362671
13370,2.049429416656494,-0.775765061378479
13371,2.6156647205352783,-0.8726994395256042
13372,2.323803424835205,-0.7456275820732117
13373,2.3997583389282227,-0.6795932054519653
13374,2.3724193572998047,-0.6070667505264282
13375,2.4074363708496094,-0.746697187423706
13376,2.314753532409668,-0.7409793138504028
13377,2.2321088314056396,-0.7437118291854858
13378,2.3092565536499023,-0.7358837127685547
13379,2.334693431854248,-0.7449646592140198
13380,2.5321528911590576,-0.7784154415130615
13381,2.0323410034179688,-0.6843357682228088
13382,2.046640396118164,-0.7432401776313782
13383,2.4452643394470215,-0.7603230476379395
13384,2.5269460678100586,-0.6915537118911743
13385,2.137266159057617,-0.6880741119384766
13386,2.228602647781372,-0.7708348035812378
13387,2.029118061065674,-0.709217369556427
13388,1.7462482452392578,-0.623014509677887
13389,2.2974514961242676,-0.7035215497016907
13390,2.5296573638916016,-0.7612087726593018
13391,2.07950496673584,-0.7377403378486633
13392,2.126802444458008,-0.7836848497390747
13393,2.3334498405456543,-0.7269561886787415
13394,2.242013454437256,-0.7545521259307861
13395,2.559519052505493,-0.8037284016609192
13396,2.071148157119751,-0.7700306177139282
13397,2.249994993209839,-0.7352001070976257
13398,2.1885108947753906,-0.7337050437927246
13399,2.3479342460632324,-0.7905833721160889
13400,2.403455972671509,-0.7949246764183044
13401,2.420616626739502,-0.7805432081222534
13402,2.163595199584961,-0.7693040370941162
13403,2.512769937515259,-0.698198139667511
13404,1.9489800930023193,-0.7003483772277832
13405,2.623638153076172,-0.7323330640792847
13406,2.3316335678100586,-0.7920447587966919
13407,2.315359592437744,-0.8119709491729736
13408,2.059828758239746,-0.672145664691925
13409,2.1014699935913086,-0.6806699633598328
13410,2.034574031829834,-0.7637107372283936
13411,2.3303444385528564,-0.8011404275894165
13412,2.347439765930176,-0.6996563076972961
13413,2.007185459136963,-0.6993350386619568
13414,2.297274589538574,-0.6614344716072083
13415,1.8754867315292358,-0.7363349795341492
13416,2.2419638633728027,-0.705460786819458
13417,2.496534585952759,-0.711533784866333
13418,1.9606530666351318,-0.7421108484268188
13419,2.151764154434204,-0.796705961227417
13420,1.990869402885437,-0.7550699710845947
13421,2.5501365661621094,-0.6535527110099792
13422,2.027479648590088,-0.6953318119049072
13423,2.295696258544922,-0.7564079761505127
13424,2.3739280700683594,-0.7220017910003662
13425,2.3385090827941895,-0.6393609046936035
13426,2.1394011974334717,-0.7144996523857117
13427,2.1938304901123047,-0.7558669447898865
13428,2.455935478210449,-0.7736274600028992
13429,2.057680368423462,-0.7001640200614929
13430,2.379765510559082,-0.6199852228164673
13431,1.982722520828247,-0.5926468968391418
13432,2.423903226852417,-0.729408323764801
13433,2.518512725830078,-0.6927105188369751
13434,2.301748752593994,-0.7488800883293152
13435,2.428020715713501,-0.8367148637771606
13436,2.1983885765075684,-0.7444512844085693
13437,2.227841854095459,-0.7502647638320923
13438,2.3011960983276367,-0.7559201121330261
13439,2.23799991607666,-0.7283838391304016
13440,2.0561177730560303,-0.7728461623191833
13441,2.188535690307617,-0.6884401440620422
13442,2.116137981414795,-0.7050732374191284
13443,2.2724878787994385,-0.731639564037323
13444,2.19091796875,-0.685288667678833
13445,2.2064175605773926,-0.6601118445396423
13446,2.0090248584747314,-0.6909934282302856
13447,2.0173254013061523,-0.6614503264427185
13448,2.114528179168701,-0.7836078405380249
13449,2.1962833404541016,-0.7444747686386108
13450,2.166116237640381,-0.691541850566864
13451,2.2032413482666016,-0.8084595203399658
13452,2.048856735229492,-0.6803052425384521
13453,2.3238916397094727,-0.694246232509613
13454,2.07191801071167,-0.8141132593154907
13455,2.4376986026763916,-0.7491465210914612
13456,2.1200127601623535,-0.7298027873039246
13457,1.8084959983825684,-0.6328226327896118
13458,2.114959239959717,-0.6273861527442932
13459,2.3819799423217773,-0.7393327951431274
13460,2.3196773529052734,-0.8374474048614502
13461,2.2904160022735596,-0.7415664196014404
13462,2.368748426437378,-0.7182345390319824
13463,2.429446220397949,-0.8322991728782654
13464,2.229531764984131,-0.7606610059738159
13465,2.1811728477478027,-0.7152758240699768
13466,2.183454990386963,-0.7649403214454651
13467,2.487739324569702,-0.6568298935890198
13468,2.40272855758667,-0.7605613470077515
13469,2.371410369873047,-0.7060070037841797
13470,2.2723217010498047,-0.7543888092041016
13471,2.3116884231567383,-0.7157883644104004
13472,2.1922569274902344,-0.7723944187164307
13473,2.357769012451172,-0.6986227631568909
13474,2.1995906829833984,-0.7744829058647156
13475,2.438566207885742,-0.639877438545227
13476,2.108299493789673,-0.7343496680259705
13477,2.2446556091308594,-0.6563671827316284
13478,2.312249183654785,-0.7809770107269287
13479,2.2412428855895996,-0.7155606746673584
13480,2.154881477355957,-0.708103358745575
13481,2.279862403869629,-0.7064882516860962
13482,2.3178441524505615,-0.6983277797698975
13483,2.277965784072876,-0.7775561809539795
13484,2.283629894256592,-0.8359267711639404
13485,2.2167439460754395,-0.714489758014679
13486,2.107781410217285,-0.6367158889770508
13487,1.9823280572891235,-0.7087358236312866
13488,2.5026068687438965,-0.7913134098052979
13489,2.2879695892333984,-0.7599700689315796
13490,2.179213047027588,-0.7201648950576782
13491,2.3106274604797363,-0.7240304350852966
13492,2.027462959289551,-0.6616753935813904
13493,2.271334409713745,-0.6511396169662476
13494,1.9848761558532715,-0.7137455940246582
13495,2.2653143405914307,-0.7262571454048157
13496,2.1347548961639404,-0.7334696054458618
13497,2.2025208473205566,-0.7350900173187256
13498,2.0698623657226562,-0.7049629092216492
13499,2.37575626373291,-0.6897969841957092
13500,2.1857423782348633,-0.7093014717102051
13501,2.4698314666748047,-0.7951051592826843
13502,2.5146799087524414,-0.7865704894065857
13503,1.9257900714874268,-0.6963897943496704
13504,2.110539436340332,-0.671970546245575
13505,2.3135485649108887,-0.7580990791320801
13506,2.2303619384765625,-0.7384591102600098
13507,1.9866676330566406,-0.7745949029922485
13508,2.2994680404663086,-0.7751887440681458
13509,2.127528429031372,-0.7110354900360107
13510,2.1213555335998535,-0.7552632093429565
13511,2.1781387329101562,-0.6615286469459534
13512,2.2632906436920166,-0.7087622880935669
13513,2.2342567443847656,-0.7291441559791565
13514,2.0487513542175293,-0.7563400268554688
13515,2.24112606048584,-0.7718954682350159
13516,2.3298888206481934,-0.7228277325630188
13517,2.3158469200134277,-0.7144967913627625
13518,1.9168851375579834,-0.7699083089828491
13519,2.4230217933654785,-0.6399702429771423
13520,2.0827584266662598,-0.8520694971084595
13521,2.3217720985412598,-0.7565392851829529
13522,2.358684539794922,-0.6441068053245544
13523,1.9468274116516113,-0.6391607522964478
13524,2.527378559112549,-0.676271915435791
13525,2.0920610427856445,-0.7011981010437012
13526,2.5923168659210205,-0.7595417499542236
13527,2.0088937282562256,-0.7702650427818298
13528,2.28519868850708,-0.6758387088775635
13529,2.4285569190979004,-0.6686328053474426
13530,2.231605052947998,-0.6639615893363953
13531,2.216313362121582,-0.7501958608627319
13532,2.0264015197753906,-0.7816638350486755
13533,2.4101829528808594,-0.7866543531417847
13534,1.935692548751831,-0.6924480199813843
13535,2.4030914306640625,-0.7429689764976501
13536,2.2338480949401855,-0.7825630307197571
13537,2.2459664344787598,-0.7678008079528809
13538,2.1744024753570557,-0.6520229578018188
13539,1.989912509918213,-0.7215288281440735
13540,2.033726215362549,-0.6515989899635315
13541,2.292147397994995,-0.7153128981590271
13542,1.927565336227417,-0.7610052227973938
13543,2.2517220973968506,-0.8730969429016113
13544,2.377638339996338,-0.7271959185600281
13545,2.2772884368896484,-0.6749534010887146
13546,2.346109390258789,-0.6789655089378357
13547,2.254298448562622,-0.6682040691375732
13548,2.1468002796173096,-0.7835864424705505
13549,2.5235981941223145,-0.7367386817932129
13550,2.771285057067871,-0.7987439036369324
13551,2.6595473289489746,-0.7453242540359497
13552,2.06182599067688,-0.6882143616676331
13553,2.07080078125,-0.5876191854476929
13554,2.6353800296783447,-0.869333803653717
13555,2.535884380340576,-0.7294259667396545
13556,2.462398052215576,-0.7594097256660461
13557,1.8572454452514648,-0.7426684498786926
13558,2.2866978645324707,-0.5749661326408386
13559,2.183889865875244,-0.7427036762237549
13560,2.485253095626831,-0.7991346120834351
13561,2.5482678413391113,-0.8671239614486694
13562,2.7442941665649414,-0.8317015171051025
13563,2.333664655685425,-0.6733479499816895
13564,2.6204655170440674,-0.7601829767227173
13565,2.3652753829956055,-0.7221121191978455
13566,2.4128057956695557,-0.6592930555343628
13567,2.592947483062744,-0.7522615194320679
13568,2.1695261001586914,-0.6785417199134827
13569,2.419036626815796,-0.6872904896736145
13570,1.7682217359542847,-0.6969337463378906
13571,2.4604439735412598,-0.7553252577781677
13572,2.4901771545410156,-0.7319557070732117
13573,2.4146456718444824,-0.790202796459198
13574,2.1948091983795166,-0.7771901488304138
13575,2.328646183013916,-0.6292454600334167
13576,2.2277679443359375,-0.7703825235366821
13577,2.0762782096862793,-0.62278151512146
13578,2.3200674057006836,-0.7711146473884583
13579,2.21832013130188,-0.7291837930679321
13580,2.204232931137085,-0.7946105003356934
13581,2.349853754043579,-0.6896358728408813
13582,2.557844400405884,-0.7134244441986084
13583,2.1584324836730957,-0.7452653646469116
13584,2.0260698795318604,-0.6723092794418335
13585,2.2270565032958984,-0.7327672839164734
13586,1.9223395586013794,-0.7898313999176025
13587,2.286742687225342,-0.8300364017486572
13588,2.5464701652526855,-0.7514983415603638
13589,2.2301361560821533,-0.7253336906433105
13590,2.1188113689422607,-0.6484769582748413
13591,2.229482889175415,-0.7901033163070679
13592,2.1452016830444336,-0.7518776059150696
13593,2.2963593006134033,-0.6981422901153564
13594,2.365816116333008,-0.7118761539459229
13595,2.4449174404144287,-0.7044149041175842
13596,2.437558174133301,-0.7255135178565979
13597,2.3030009269714355,-0.7510002255439758
13598,1.9471524953842163,-0.7901191115379333
13599,2.2160611152648926,-0.7306559681892395
13600,2.3459486961364746,-0.7299441695213318
13601,2.2085304260253906,-0.70147305727005
13602,2.374297618865967,-0.7046685814857483
13603,2.0740647315979004,-0.6919885277748108
13604,2.433621406555176,-0.667666494846344
13605,2.263935089111328,-0.7575089335441589
13606,2.3111324310302734,-0.8030713796615601
13607,2.314824104309082,-0.6562793850898743
13608,1.9943543672561646,-0.7250706553459167
13609,1.8574156761169434,-0.6724260449409485
13610,2.030341625213623,-0.7018895149230957
13611,1.9734492301940918,-0.7121004462242126
13612,2.321697235107422,-0.8255868554115295
13613,2.310302495956421,-0.7458064556121826
13614,2.006138563156128,-0.6683885455131531
13615,2.235203742980957,-0.8118517398834229
13616,2.630035877227783,-0.7488040924072266
13617,2.3380467891693115,-0.7705170512199402
13618,1.907698631286621,-0.6637410521507263
13619,2.1411094665527344,-0.6938433647155762
13620,2.0239551067352295,-0.6411827802658081
13621,2.1118013858795166,-0.6873615980148315
13622,2.318485736846924,-0.6510120630264282
13623,2.13179349899292,-0.7116753458976746
13624,2.136847972869873,-0.7675386071205139
13625,2.1732630729675293,-0.7315741181373596
13626,2.1386094093322754,-0.6803324818611145
13627,2.4118189811706543,-0.6991919875144958
13628,2.2107319831848145,-0.7271475791931152
13629,2.6203131675720215,-0.7124148011207581
13630,2.5246174335479736,-0.6874342560768127
13631,2.1710972785949707,-0.7652930617332458
13632,2.0254569053649902,-0.6013906002044678
13633,2.606813907623291,-0.6652769446372986
13634,2.556474208831787,-0.742638111114502
13635,2.4525794982910156,-0.7083636522293091
13636,2.51851224899292,-0.7050150036811829
13637,2.184142827987671,-0.7123987078666687
13638,2.164816379547119,-0.7601569890975952
13639,2.5200719833374023,-0.7141945362091064
13640,2.1211748123168945,-0.7488512992858887
13641,2.3185133934020996,-0.8004614114761353
13642,1.9095795154571533,-0.7135835886001587
13643,2.2097549438476562,-0.6909477710723877
13644,2.2201433181762695,-0.6205652356147766
13645,2.415407657623291,-0.6706435680389404
13646,2.467568874359131,-0.7499343752861023
13647,2.2569713592529297,-0.719789445400238
13648,2.2283575534820557,-0.6177472472190857
13649,2.5342659950256348,-0.7650860548019409
13650,2.1836750507354736,-0.6512944102287292
13651,3.0570807456970215,-0.664223313331604
13652,2.290668487548828,-0.7612419724464417
13653,2.6003034114837646,-0.7774871587753296
13654,2.8496851921081543,-0.7018939256668091
13655,2.1868410110473633,-0.6904236674308777
13656,2.48447322845459,-0.6480943560600281
13657,2.4768004417419434,-0.6810458302497864
13658,2.2208380699157715,-0.73548424243927
13659,2.0354020595550537,-0.7556424736976624
13660,2.2790074348449707,-0.6939552426338196
13661,2.508690357208252,-0.739199161529541
13662,2.5889790058135986,-0.705870509147644
13663,2.3947720527648926,-0.6740793585777283
13664,2.4380218982696533,-0.7753628492355347
13665,2.3534016609191895,-0.7180995941162109
13666,2.182400703430176,-0.7609542608261108
13667,2.1613850593566895,-0.7028838992118835
13668,2.579019069671631,-0.7653141021728516
13669,2.3876092433929443,-0.6988745331764221
13670,2.6130738258361816,-0.7490588426589966
13671,2.2498111724853516,-0.7802872657775879
13672,2.374342441558838,-0.8228672742843628
13673,2.3739805221557617,-0.8627785444259644
13674,1.8931382894515991,-0.6741464138031006
13675,2.264417886734009,-0.7449752688407898
13676,2.104084014892578,-0.7157734632492065
13677,1.8904428482055664,-0.6368743777275085
13678,2.2084808349609375,-0.812656581401825
13679,2.05753755569458,-0.7552387714385986
13680,2.06764554977417,-0.6309816241264343
13681,2.0010151863098145,-0.6624453067779541
13682,2.1669349670410156,-0.7413371205329895
13683,2.281031608581543,-0.6708752512931824
13684,2.1123733520507812,-0.673105001449585
13685,2.2603085041046143,-0.7003852725028992
13686,2.2070837020874023,-0.7629940509796143
13687,2.05182147026062,-0.6746752262115479
13688,2.1710729598999023,-0.6740155220031738
13689,2.361456871032715,-0.722167432308197
13690,2.0211293697357178,-0.6812775135040283
13691,2.32289457321167,-0.7630346417427063
13692,2.2110595703125,-0.7712650299072266
13693,2.2790513038635254,-0.7265129089355469
13694,2.0085442066192627,-0.6723005771636963
13695,2.319486618041992,-0.6664020419120789
13696,1.8319437503814697,-0.6459652781486511
13697,2.3782694339752197,-0.7240777015686035
13698,2.3777012825012207,-0.7361478209495544
13699,2.570767879486084,-0.7440850734710693
13700,2.335174322128296,-0.6838552951812744
13701,1.9364714622497559,-0.7110194563865662
13702,2.2544713020324707,-0.6798802018165588
13703,2.4203591346740723,-0.7248243093490601
13704,2.310270071029663,-0.8516014218330383
13705,2.3313565254211426,-0.7383822798728943
13706,2.251068115234375,-0.7083040475845337
13707,2.076314926147461,-0.612697422504425
13708,2.333810567855835,-0.7014674544334412
13709,2.185877799987793,-0.6800441741943359
13710,2.246485948562622,-0.7196986675262451
13711,2.2441277503967285,-0.6739170551300049
13712,2.4059765338897705,-0.8204392790794373
13713,2.3766469955444336,-0.7514435648918152
13714,2.170602321624756,-0.6718984246253967
13715,2.497305393218994,-0.707063615322113
13716,2.119903564453125,-0.7452175617218018
13717,1.9830684661865234,-0.6779806017875671
13718,2.155994415283203,-0.7423126101493835
13719,2.386772632598877,-0.627129077911377
13720,2.3467178344726562,-0.6774402856826782
13721,2.4224796295166016,-0.6670852899551392
13722,2.2430381774902344,-0.6821502447128296
13723,1.98628830909729,-0.6296716928482056
13724,2.688514232635498,-0.6352415680885315
13725,2.6680667400360107,-0.6722962856292725
13726,2.4173073768615723,-0.7953460216522217
13727,2.488870620727539,-0.7150959968566895
13728,2.2430925369262695,-0.7289965748786926
13729,2.3246426582336426,-0.7181643843650818
13730,2.237802743911743,-0.7154891490936279
13731,2.4819517135620117,-0.7704951763153076
13732,2.1863298416137695,-0.7349106073379517
13733,2.3261919021606445,-0.7527137994766235
13734,2.055527448654175,-0.6830872297286987
13735,2.3484625816345215,-0.7401159405708313
13736,2.1487503051757812,-0.8059604167938232
13737,2.2305240631103516,-0.7569850087165833
13738,2.3313751220703125,-0.8134243488311768
13739,2.2682738304138184,-0.7119198441505432
13740,2.1227264404296875,-0.6843403577804565
13741,2.063875675201416,-0.7307218909263611
13742,1.9992491006851196,-0.7186548113822937
13743,2.3673033714294434,-0.7395672798156738
13744,2.064533233642578,-0.660834550857544
13745,1.8923981189727783,-0.6270083785057068
13746,2.3449060916900635,-0.6773477792739868
13747,2.213013172149658,-0.7812355756759644
13748,2.112581253051758,-0.6362321972846985
13749,2.2365293502807617,-0.703166663646698
13750,2.3202550411224365,-0.7278863787651062
13751,2.5853562355041504,-0.6986287832260132
13752,2.7604026794433594,-0.7277160882949829
13753,2.6719729900360107,-0.73430997133255
13754,2.5007729530334473,-0.7304779291152954
13755,1.9523365497589111,-0.7568203806877136
13756,2.480761766433716,-0.7535619139671326
13757,2.582368850708008,-0.7374025583267212
13758,2.286149501800537,-0.7141973376274109
13759,2.3265256881713867,-0.5749976634979248
13760,2.2318243980407715,-0.7315204739570618
13761,2.1977286338806152,-0.7579770684242249
13762,2.4390974044799805,-0.613743007183075
13763,2.0568037033081055,-0.7152856588363647
13764,2.2232205867767334,-0.698636531829834
13765,2.2807488441467285,-0.8023658990859985
13766,2.6868653297424316,-0.7610313296318054
13767,2.297811269760132,-0.7127380967140198
13768,2.205761432647705,-0.6650534868240356
13769,2.338106155395508,-0.7261635065078735
13770,2.5821259021759033,-0.7414147853851318
13771,2.270495891571045,-0.6987077593803406
13772,1.9143919944763184,-0.7287605404853821
13773,2.318037986755371,-0.6653396487236023
13774,2.366201877593994,-0.6415991187095642
13775,2.1671230792999268,-0.7389675974845886
13776,2.3452162742614746,-0.6796550750732422
13777,2.4627199172973633,-0.7107223272323608
13778,2.364845037460327,-0.7027056813240051
13779,2.3167004585266113,-0.6783356666564941
13780,2.2566089630126953,-0.7820510864257812
13781,2.3589725494384766,-0.7504520416259766
13782,2.1792733669281006,-0.7831342816352844
13783,2.0128655433654785,-0.6983336806297302
13784,2.0930047035217285,-0.7692105770111084
13785,2.2525553703308105,-0.7257945537567139
13786,2.3634746074676514,-0.7059119939804077
13787,1.962707757949829,-0.693270206451416
13788,2.1143760681152344,-0.7152265310287476
13789,2.1356000900268555,-0.6931096911430359
13790,2.3746562004089355,-0.6286444067955017
13791,2.200836181640625,-0.718825101852417
13792,2.3588085174560547,-0.7620029449462891
13793,2.251105785369873,-0.6897636651992798
13794,2.0336904525756836,-0.6744740009307861
13795,2.0534443855285645,-0.6519390344619751
13796,2.3320958614349365,-0.7806398272514343
13797,2.0289387702941895,-0.7601091861724854
13798,2.1944594383239746,-0.7478978037834167
13799,2.3109264373779297,-0.7051135301589966
13800,2.2450826168060303,-0.7342283129692078
13801,2.2178518772125244,-0.6434758901596069
13802,2.17449951171875,-0.6862920522689819
13803,2.201481342315674,-0.6586635112762451
13804,2.042121171951294,-0.6712731719017029
13805,2.261179208755493,-0.7011969685554504
13806,2.1816718578338623,-0.6381756067276001
13807,2.1337695121765137,-0.6596481204032898
13808,2.222461700439453,-0.6600884795188904
13809,2.2462096214294434,-0.6767406463623047
13810,2.101606845855713,-0.7109102010726929
13811,2.432145595550537,-0.7317898273468018
13812,2.193545341491699,-0.6667175889015198
13813,2.781294345855713,-0.7414858937263489
13814,1.9242545366287231,-0.7011914849281311
13815,2.4353506565093994,-0.8148384094238281
13816,2.348057508468628,-0.687336802482605
13817,1.931175708770752,-0.6335946917533875
13818,1.96696937084198,-0.689201831817627
13819,2.703519821166992,-0.710824728012085
13820,2.2939839363098145,-0.7193847894668579
13821,2.339561700820923,-0.7237098217010498
13822,1.9869296550750732,-0.6685919165611267
13823,2.0481925010681152,-0.7017396688461304
13824,2.0628137588500977,-0.6668751239776611
13825,2.2569072246551514,-0.8143084645271301
13826,2.2262935638427734,-0.7021405100822449
13827,2.5959315299987793,-0.7594056129455566
13828,2.2661430835723877,-0.8146851062774658
13829,2.2052412033081055,-0.7178831696510315
13830,2.318612575531006,-0.7299553155899048
13831,2.201737403869629,-0.7976575493812561
13832,2.2269275188446045,-0.7781298756599426
13833,2.0991289615631104,-0.8217828869819641
13834,1.9402453899383545,-0.6060207486152649
13835,1.9844880104064941,-0.6884788274765015
13836,2.0539917945861816,-0.6715700626373291
13837,2.5914738178253174,-0.7796022295951843
13838,2.0918147563934326,-0.6767846941947937
13839,1.9729855060577393,-0.6103469133377075
13840,2.27287220954895,-0.7161607146263123
13841,2.2382235527038574,-0.7358256578445435
13842,2.4283080101013184,-0.7573625445365906
13843,2.1744723320007324,-0.7415886521339417
13844,1.972886562347412,-0.7560186982154846
13845,2.094961166381836,-0.6266496777534485
13846,2.1958017349243164,-0.7249493598937988
13847,2.088955879211426,-0.6947544813156128
13848,2.403078317642212,-0.751718282699585
13849,2.2882838249206543,-0.731586217880249
13850,2.1699626445770264,-0.655558168888092
13851,2.542311191558838,-0.7079506516456604
13852,1.963537335395813,-0.6835716366767883
13853,2.6334822177886963,-0.7084667682647705
13854,2.224651575088501,-0.6228057146072388
13855,2.556210994720459,-0.6652118563652039
13856,1.967168927192688,-0.6781267523765564
13857,2.228041410446167,-0.6530128717422485
13858,2.1232337951660156,-0.6492853760719299
13859,2.453930377960205,-0.7649440169334412
13860,2.3611679077148438,-0.704871416091919
13861,2.239777088165283,-0.6048315167427063
13862,2.1198861598968506,-0.6632512807846069
13863,2.06095552444458,-0.7324861288070679
13864,2.230452537536621,-0.724435031414032
13865,2.027477502822876,-0.6387155652046204
13866,1.9971137046813965,-0.7804199457168579
13867,2.9071707725524902,-0.7396037578582764
13868,1.8753585815429688,-0.678659200668335
13869,2.115264892578125,-0.6703155040740967
13870,2.3643507957458496,-0.6830999255180359
13871,2.095703125,-0.756035327911377
13872,2.1608994007110596,-0.767404317855835
13873,2.325439453125,-0.6123129725456238
13874,2.1172127723693848,-0.5992778539657593
13875,2.7312917709350586,-0.8179543018341064
13876,2.2489356994628906,-0.7343697547912598
13877,2.1660313606262207,-0.6862896084785461
13878,2.189584493637085,-0.6222871541976929
13879,2.40337872505188,-0.7369437217712402
13880,2.472414970397949,-0.7651585340499878
13881,2.360720157623291,-0.6552841067314148
13882,2.325308322906494,-0.7392047643661499
13883,2.208961009979248,-0.7094927430152893
13884,2.7005820274353027,-0.7079258561134338
13885,2.080112934112549,-0.631350040435791
13886,2.088932991027832,-0.6586251258850098
13887,2.3414134979248047,-0.6276342868804932
13888,2.621285915374756,-0.8602393865585327
13889,2.4068665504455566,-0.742910623550415
13890,2.7899622917175293,-0.6815804243087769
13891,2.577157974243164,-0.7669748067855835
13892,2.4583702087402344,-0.6973869204521179
13893,2.4341375827789307,-0.6713714003562927
13894,2.103991746902466,-0.7792666554450989
13895,2.2773866653442383,-0.7707034349441528
13896,2.403235912322998,-0.6843298077583313
13897,2.1383628845214844,-0.5976358652114868
13898,2.366180896759033,-0.66802579164505
13899,2.567248582839966,-0.7347871661186218
13900,2.0501937866210938,-0.6942310333251953
13901,2.3621082305908203,-0.7149171233177185
13902,1.9927051067352295,-0.6977081894874573
13903,2.205075979232788,-0.6420378088951111
13904,2.4716224670410156,-0.6915943622589111
13905,2.072467803955078,-0.6164930462837219
13906,2.0839529037475586,-0.7532738447189331
13907,2.4193005561828613,-0.6431465744972229
13908,2.237307071685791,-0.7520030736923218
13909,1.9634425640106201,-0.6384928822517395
13910,2.491781234741211,-0.6826913356781006
13911,2.297063112258911,-0.6675703525543213
13912,2.167990207672119,-0.7283521294593811
13913,2.350158214569092,-0.737656831741333
13914,2.213247299194336,-0.712522566318512
13915,2.336989402770996,-0.6006682515144348
13916,2.1401119232177734,-0.6879440546035767
13917,2.182382106781006,-0.6576194763183594
13918,2.211178779602051,-0.7580857276916504
13919,1.924135684967041,-0.7034122347831726
13920,2.1329360008239746,-0.6557525396347046
13921,2.660037040710449,-0.6549803018569946
13922,2.2526121139526367,-0.6676586270332336
13923,2.3047895431518555,-0.6593000292778015
13924,2.421295642852783,-0.7567029595375061
13925,2.35677433013916,-0.8021014332771301
13926,2.109499931335449,-0.724321722984314
13927,2.167956829071045,-0.7050251960754395
13928,2.2517948150634766,-0.7691942453384399
13929,2.2934327125549316,-0.704142153263092
13930,1.9148740768432617,-0.5979721546173096
13931,2.5873517990112305,-0.7494239211082458
13932,2.162494421005249,-0.7031337022781372
13933,2.435690402984619,-0.7285857200622559
13934,2.3782153129577637,-0.7175137996673584
13935,2.6551175117492676,-0.7116340398788452
13936,2.306028366088867,-0.8113677501678467
13937,2.155109405517578,-0.7244220972061157
13938,2.0807604789733887,-0.6863650679588318
13939,2.1086199283599854,-0.7421207427978516
13940,2.113616943359375,-0.7367399334907532
13941,2.5002284049987793,-0.7985828518867493
13942,2.9489052295684814,-0.7562291026115417
13943,2.4430508613586426,-0.8245389461517334
13944,2.224177360534668,-0.7139007449150085
13945,2.1289494037628174,-0.6957381367683411
13946,2.0697946548461914,-0.6977577805519104
13947,2.18526554107666,-0.6549920439720154
13948,2.1736958026885986,-0.7267581820487976
13949,2.3154501914978027,-0.737119197845459
13950,2.7713725566864014,-0.7534034252166748
13951,2.435117721557617,-0.6607763171195984
13952,2.151717185974121,-0.7125611901283264
13953,2.0750718116760254,-0.6981354355812073
13954,2.4384398460388184,-0.8339357972145081
13955,2.4224283695220947,-0.6787574887275696
13956,2.2619917392730713,-0.7126390337944031
13957,2.2184677124023438,-0.6888421773910522
13958,2.731198787689209,-0.7273905277252197
13959,2.2078680992126465,-0.7364763021469116
13960,2.5819640159606934,-0.7405166625976562
13961,2.151651382446289,-0.7152774333953857
13962,2.5533909797668457,-0.6162826418876648
13963,2.1553049087524414,-0.7075477838516235
13964,2.2990660667419434,-0.6632037162780762
13965,1.993099331855774,-0.7590884566307068
13966,2.7733311653137207,-0.7886504530906677
13967,2.2106242179870605,-0.7372256517410278
13968,2.306081533432007,-0.7440493702888489
13969,2.2889719009399414,-0.7091206908226013
13970,1.9149749279022217,-0.6499481201171875
13971,2.3753275871276855,-0.7007225155830383
13972,2.000161647796631,-0.7453757524490356
13973,2.0828728675842285,-0.6595800518989563
13974,2.287120819091797,-0.7345349788665771
13975,2.172672748565674,-0.7694656252861023
13976,2.1350653171539307,-0.6671441793441772
13977,2.0770344734191895,-0.73653244972229
13978,2.1880946159362793,-0.7128845453262329
13979,2.1665873527526855,-0.736289381980896
13980,2.386411428451538,-0.7487727403640747
13981,2.2920596599578857,-0.6783944964408875
13982,2.087130308151245,-0.6864670515060425
13983,2.3612635135650635,-0.6303452849388123
13984,2.4630300998687744,-0.7250335812568665
13985,2.332428455352783,-0.7659955620765686
13986,2.104177951812744,-0.7527498006820679
13987,2.038515329360962,-0.7950122356414795
13988,2.354999542236328,-0.6979674696922302
13989,2.1153993606567383,-0.7122814655303955
13990,2.418825149536133,-0.7080707550048828
13991,2.2158727645874023,-0.8130441308021545
13992,2.214932918548584,-0.6576865911483765
13993,2.1003670692443848,-0.6815103888511658
13994,2.588975191116333,-0.6459908485412598
13995,2.257697820663452,-0.6760233044624329
13996,2.062263011932373,-0.6603308916091919
13997,2.0727591514587402,-0.6543906331062317
13998,2.4201173782348633,-0.7984554171562195
13999,2.3169920444488525,-0.7702842950820923
14000,2.4658031463623047,-0.7515838742256165
14001,2.4911961555480957,-0.6993734836578369
14002,2.1072540283203125,-0.5286253094673157
14003,2.083063840866089,-0.6319378018379211
14004,2.5136594772338867,-0.7929908633232117
14005,2.4169068336486816,-0.7798973321914673
14006,3.3407323360443115,-0.7649235725402832
14007,2.1610946655273438,-0.6460965871810913
14008,2.576195478439331,-0.7256343960762024
14009,2.399941921234131,-0.7123310565948486
14010,2.428760528564453,-0.7332839369773865
14011,2.0254204273223877,-0.7842372059822083
14012,2.3204917907714844,-0.7640706896781921
14013,2.341852903366089,-0.6613785624504089
14014,2.405531883239746,-0.6630828380584717
14015,2.5448708534240723,-0.6727936267852783
14016,2.4431262016296387,-0.6921132802963257
14017,2.1522278785705566,-0.6943728923797607
14018,2.485352039337158,-0.7714961171150208
14019,2.150933265686035,-0.6214957237243652
14020,2.20982027053833,-0.7191238403320312
14021,2.1629910469055176,-0.7083839178085327
14022,2.466888189315796,-0.7086763978004456
14023,2.4243149757385254,-0.7572561502456665
14024,2.1335558891296387,-0.7756012678146362
14025,2.0827016830444336,-0.6729515194892883
14026,2.168750762939453,-0.7034350633621216
14027,2.5806307792663574,-0.7369575500488281
14028,3.019874334335327,-0.6932094097137451
14029,2.1983683109283447,-0.6685572266578674
14030,2.303919792175293,-0.7550410628318787
14031,2.409914970397949,-0.6771571636199951
14032,2.3126060962677,-0.6421319842338562
14033,2.3443570137023926,-0.7462617754936218
14034,2.5098061561584473,-0.7102371454238892
14035,2.4661755561828613,-0.7295467853546143
14036,2.146047592163086,-0.7448485493659973
14037,2.218343734741211,-0.7241178750991821
14038,2.4236624240875244,-0.6579749584197998
14039,2.222822427749634,-0.7249118089675903
14040,2.337528705596924,-0.673258900642395
14041,2.4443559646606445,-0.7862505912780762
14042,2.3357181549072266,-0.7478660345077515
14043,1.9689054489135742,-0.7034388780593872
14044,2.2072067260742188,-0.6984472870826721
14045,2.738477945327759,-0.7255633473396301
14046,2.3581442832946777,-0.7111584544181824
14047,2.389082431793213,-0.7487438917160034
14048,1.935484766960144,-0.6568217277526855
14049,2.169661521911621,-0.6538668274879456
14050,2.324746608734131,-0.6863337755203247
14051,2.1335787773132324,-0.7082899212837219
14052,2.2280187606811523,-0.6425317525863647
14053,2.4749503135681152,-0.690521240234375
14054,2.493459939956665,-0.6519700884819031
14055,2.3449339866638184,-0.7173137068748474
14056,2.4358315467834473,-0.6855295300483704
14057,1.8830195665359497,-0.6832218170166016
14058,2.8100690841674805,-0.7044991254806519
14059,2.4136033058166504,-0.814100980758667
14060,2.465094566345215,-0.7248101830482483
14061,2.6652684211730957,-0.7586735486984253
14062,2.3899502754211426,-0.7843855023384094
14063,2.5347204208374023,-0.6704445481300354
14064,2.323500633239746,-0.747230052947998
14065,2.3892741203308105,-0.8252413868904114
14066,2.335355520248413,-0.6870778799057007
14067,2.584024429321289,-0.7224292755126953
14068,2.4574713706970215,-0.6537437438964844
14069,2.19891357421875,-0.696642279624939
14070,2.5201849937438965,-0.5781726837158203
14071,1.9716429710388184,-0.5851649641990662
14072,2.3046679496765137,-0.7467586994171143
14073,2.0004518032073975,-0.7511359453201294
14074,2.267045259475708,-0.6782745122909546
14075,2.3286421298980713,-0.7213590741157532
14076,2.2944793701171875,-0.6442092657089233
14077,2.3165531158447266,-0.6924842000007629
14078,2.190425157546997,-0.6611458659172058
14079,2.0567593574523926,-0.6791059374809265
14080,2.1058149337768555,-0.7538466453552246
14081,1.972137451171875,-0.7721774578094482
14082,2.2072813510894775,-0.6971681714057922
14083,2.0810861587524414,-0.7090522050857544
14084,2.160672903060913,-0.6953553557395935
14085,2.2491235733032227,-0.7034895420074463
14086,2.229109764099121,-0.7606611847877502
14087,2.138930559158325,-0.630933403968811
14088,2.697847843170166,-0.7083765268325806
14089,2.099797010421753,-0.6543206572532654
14090,2.3430323600769043,-0.7836166620254517
14091,2.126908779144287,-0.6634061932563782
14092,2.5237841606140137,-0.716082751750946
14093,2.308854579925537,-0.6595999002456665
14094,2.248602867126465,-0.6606818437576294
14095,2.0540223121643066,-0.6079294681549072
14096,1.9236018657684326,-0.6506124138832092
14097,2.0514960289001465,-0.6799384951591492
14098,2.2906908988952637,-0.6567223072052002
14099,2.2416863441467285,-0.5946238040924072
14100,2.0968503952026367,-0.7326486706733704
14101,2.232762575149536,-0.7110720276832581
14102,1.9819867610931396,-0.6542815566062927
14103,1.9962949752807617,-0.6955418586730957
14104,2.329331636428833,-0.6840893626213074
14105,1.930725336074829,-0.7396351099014282
14106,2.2696423530578613,-0.7169034481048584
14107,2.144176721572876,-0.6768168807029724
14108,2.1844096183776855,-0.7043237090110779
14109,2.2015280723571777,-0.6727473735809326
14110,1.8561716079711914,-0.7501370310783386
14111,2.1609623432159424,-0.7011096477508545
14112,2.5269436836242676,-0.7278898358345032
14113,2.352414131164551,-0.7063489556312561
14114,2.242471694946289,-0.6361162662506104
14115,2.503676414489746,-0.7123274207115173
14116,2.721588373184204,-0.7719765305519104
14117,2.1458346843719482,-0.7414995431900024
14118,2.4705450534820557,-0.7494648694992065
14119,2.0661377906799316,-0.7797706723213196
14120,2.2591707706451416,-0.7370607256889343
14121,2.3234996795654297,-0.6911251544952393
14122,2.318079710006714,-0.7250624895095825
14123,2.0858311653137207,-0.7767853736877441
14124,2.272514820098877,-0.6944349408149719
14125,2.168400764465332,-0.6999209523200989
14126,2.2223453521728516,-0.719063937664032
14127,2.4511075019836426,-0.7455729842185974
14128,2.071260929107666,-0.7219374775886536
14129,2.2370548248291016,-0.6327496767044067
14130,2.19844388961792,-0.8068822622299194
14131,2.3043646812438965,-0.7399049401283264
14132,2.3258399963378906,-0.7816994190216064
14133,2.044821262359619,-0.8004812598228455
14134,2.3167223930358887,-0.6964986324310303
14135,2.2150533199310303,-0.733757734298706
14136,2.05195689201355,-0.6922388672828674
14137,2.3730597496032715,-0.7727378606796265
14138,2.318636655807495,-0.6920912265777588
14139,2.533651351928711,-0.731956958770752
14140,2.270627975463867,-0.734275221824646
14141,2.021657943725586,-0.7007843255996704
14142,2.0799431800842285,-0.6573143005371094
14143,2.5008368492126465,-0.6309328675270081
14144,2.007206916809082,-0.6985346078872681
14145,2.1843419075012207,-0.7471380829811096
14146,2.3558082580566406,-0.7552440166473389
14147,2.20084285736084,-0.6755300164222717
14148,2.027979850769043,-0.5938243865966797
14149,2.0432496070861816,-0.6910443305969238
14150,2.1550493240356445,-0.6478938460350037
14151,2.2339491844177246,-0.7744985818862915
14152,2.3622236251831055,-0.7342548966407776
14153,2.164238691329956,-0.649453341960907
14154,2.1515889167785645,-0.6271502375602722
14155,2.048964500427246,-0.6518797278404236
14156,2.228147029876709,-0.7331395149230957
14157,2.096505880355835,-0.6608911156654358
14158,2.481595993041992,-0.6427597999572754
14159,2.017879009246826,-0.6554707288742065
14160,1.9814494848251343,-0.7635087370872498
14161,2.304633140563965,-0.6859657764434814
14162,2.0573554039001465,-0.6742324233055115
14163,1.9650185108184814,-0.629059910774231
14164,2.4026429653167725,-0.7488716244697571
14165,1.9168195724487305,-0.6126411557197571
14166,2.1318068504333496,-0.6305093169212341
14167,2.133352756500244,-0.6543489694595337
14168,2.2753071784973145,-0.7731660604476929
14169,2.1033546924591064,-0.696757972240448
14170,2.17177152633667,-0.6827023029327393
14171,2.21600341796875,-0.676173985004425
14172,2.18623685836792,-0.6962682604789734
14173,2.274268865585327,-0.6815381646156311
14174,2.5346221923828125,-0.688983678817749
14175,2.053760290145874,-0.600131630897522
14176,2.1987433433532715,-0.7082955241203308
14177,2.4146881103515625,-0.7263526320457458
14178,2.5098509788513184,-0.7380771040916443
14179,2.299196243286133,-0.7195498943328857
14180,2.324751377105713,-0.7325480580329895
14181,2.6612653732299805,-0.6935718059539795
14182,2.178340435028076,-0.748136579990387
14183,2.3351805210113525,-0.7727577686309814
14184,1.5181318521499634,-0.7251521348953247
14185,2.2923192977905273,-0.7759552597999573
14186,2.3708653450012207,-0.723701536655426
14187,2.23753023147583,-0.652601957321167
14188,2.1516387462615967,-0.7301152944564819
14189,2.133674144744873,-0.6545963883399963
14190,2.383802652359009,-0.6866738796234131
14191,2.161545753479004,-0.6242581605911255
14192,2.2235214710235596,-0.6507202386856079
14193,2.585867404937744,-0.665818989276886
14194,2.328022003173828,-0.7182952165603638
14195,2.490561008453369,-0.6873522400856018
14196,2.092787265777588,-0.7407963275909424
14197,2.131143569946289,-0.7082311511039734
14198,1.9957492351531982,-0.7554094195365906
14199,2.831881046295166,-0.7303376197814941
14200,2.370417594909668,-0.755979597568512
14201,2.172175168991089,-0.6698731780052185
14202,2.474853992462158,-0.6780546307563782
14203,2.588894844055176,-0.7664515972137451
14204,2.103931188583374,-0.7294173240661621
14205,2.3120055198669434,-0.6748052835464478
14206,2.304868698120117,-0.6892455816268921
14207,2.0610642433166504,-0.7468359470367432
14208,2.428459882736206,-0.6967860460281372
14209,2.508809804916382,-0.623370349407196
14210,1.9623682498931885,-0.6218554377555847
14211,2.378720283508301,-0.7435206770896912
14212,2.107023239135742,-0.6875280141830444
14213,2.0301647186279297,-0.5886707901954651
14214,2.242250919342041,-0.6370212435722351
14215,2.095667839050293,-0.7366061210632324
14216,1.9241039752960205,-0.8421587944030762
14217,2.057109832763672,-0.7175538539886475
14218,1.9860167503356934,-0.6116056442260742
14219,2.1817383766174316,-0.6894161701202393
14220,2.0220468044281006,-0.7238734364509583
14221,2.235402822494507,-0.6634005904197693
14222,2.1741416454315186,-0.6848632097244263
14223,2.107342481613159,-0.7221884727478027
14224,2.061375617980957,-0.6475487351417542
14225,2.245563507080078,-0.6649967432022095
14226,2.257134437561035,-0.7021684050559998
14227,2.177433967590332,-0.7289829850196838
14228,2.3729248046875,-0.7245312333106995
14229,2.6304941177368164,-0.7436000108718872
14230,2.264204978942871,-0.6513305902481079
14231,2.0924034118652344,-0.6983860731124878
14232,2.4014039039611816,-0.6960076689720154
14233,2.1225357055664062,-0.6890332698822021
14234,2.253593921661377,-0.7030270099639893
14235,2.449429512023926,-0.691733717918396
14236,2.0373544692993164,-0.6051512360572815
14237,2.423895835876465,-0.8234217166900635
14238,2.1862614154815674,-0.6612328290939331
14239,2.187849998474121,-0.742796778678894
14240,2.29282546043396,-0.7198375463485718
14241,2.2896573543548584,-0.7784311771392822
14242,2.4122209548950195,-0.669455349445343
14243,2.1640124320983887,-0.7103374004364014
14244,2.082911491394043,-0.6861665844917297
14245,2.129412889480591,-0.6909638047218323
14246,2.4632558822631836,-0.7661938667297363
14247,2.3051862716674805,-0.6584012508392334
14248,2.4374783039093018,-0.7688554525375366
14249,2.0829038619995117,-0.6208316683769226
14250,2.297368288040161,-0.7173663377761841
14251,2.4233317375183105,-0.7780135869979858
14252,2.0645039081573486,-0.709134042263031
14253,1.8166744709014893,-0.6610474586486816
14254,2.602830410003662,-0.7776652574539185
14255,2.3867576122283936,-0.7605236172676086
14256,2.2815256118774414,-0.6511530876159668
14257,2.169151782989502,-0.6981456875801086
14258,2.1360526084899902,-0.6857799291610718
14259,2.1843104362487793,-0.6647063493728638
14260,2.060873508453369,-0.7874327898025513
14261,2.609393835067749,-0.7410930395126343
14262,2.1483314037323,-0.6815585494041443
14263,2.370656967163086,-0.6339730620384216
14264,2.0038557052612305,-0.6358608603477478
14265,2.736280679702759,-0.721706211566925
14266,2.096827983856201,-0.6903601884841919
14267,2.0140037536621094,-0.6003960967063904
14268,2.5088982582092285,-0.657576322555542
14269,2.2100095748901367,-0.7094151377677917
14270,2.4081268310546875,-0.7615039348602295
14271,2.4052367210388184,-0.8547980785369873
14272,2.2654590606689453,-0.7494238018989563
14273,2.3378586769104004,-0.6959623694419861
14274,2.4322075843811035,-0.7378758192062378
14275,2.1034088134765625,-0.680381715297699
14276,1.9624409675598145,-0.6803684830665588
14277,2.0929348468780518,-0.716331422328949
14278,2.229726791381836,-0.7155729532241821
14279,2.2994117736816406,-0.6895937919616699
14280,2.4493253231048584,-0.6965002417564392
14281,2.049562931060791,-0.683300256729126
14282,2.104735851287842,-0.6529625654220581
14283,2.2415859699249268,-0.7460649609565735
14284,2.170586109161377,-0.6304562091827393
14285,2.407553195953369,-0.7301374673843384
14286,2.0348267555236816,-0.6526545882225037
14287,2.0195438861846924,-0.7097704410552979
14288,2.110114097595215,-0.6753114461898804
14289,2.6213130950927734,-0.6641461849212646
14290,2.235372543334961,-0.8033315539360046
14291,2.2301864624023438,-0.75713050365448
14292,2.135223388671875,-0.7304772138595581
14293,2.3027398586273193,-0.7273838520050049
14294,2.1835899353027344,-0.6591800451278687
14295,2.4801387786865234,-0.7185282707214355
14296,2.337552547454834,-0.7283210158348083
14297,2.2766470909118652,-0.747388482093811
14298,2.3998801708221436,-0.7243097424507141
14299,1.9140522480010986,-0.6426127552986145
14300,2.4981374740600586,-0.7017520070075989
14301,2.2156333923339844,-0.7115388512611389
14302,2.1477293968200684,-0.7003448605537415
14303,2.3266282081604004,-0.6655741333961487
14304,1.9992676973342896,-0.6261065006256104
14305,2.4318795204162598,-0.7488113641738892
14306,2.3251898288726807,-0.7530413866043091
14307,2.293842315673828,-0.7398483157157898
14308,2.1476263999938965,-0.664524257183075
14309,2.2607197761535645,-0.6756940484046936
14310,2.1889524459838867,-0.6598916053771973
14311,2.072506904602051,-0.8164000511169434
14312,2.3543660640716553,-0.5817660689353943
14313,2.089517116546631,-0.6766448020935059
14314,2.312171459197998,-0.6962237358093262
14315,2.0031795501708984,-0.7423444986343384
14316,2.276944160461426,-0.6983064413070679
14317,2.3163366317749023,-0.6648306250572205
14318,2.076035976409912,-0.6742587089538574
14319,2.179321765899658,-0.7243322730064392
14320,2.547822952270508,-0.7502509951591492
14321,2.1900105476379395,-0.7885635495185852
14322,2.165391445159912,-0.6930525302886963
14323,1.8156189918518066,-0.5681670308113098
14324,2.3039774894714355,-0.7540481686592102
14325,2.222504138946533,-0.7496271729469299
14326,2.2016799449920654,-0.6887888312339783
14327,2.1827921867370605,-0.6832084655761719
14328,2.263612747192383,-0.6694278120994568
14329,2.176532506942749,-0.5948343873023987
14330,2.121724843978882,-0.6325944066047668
14331,2.068185806274414,-0.6263511180877686
14332,2.0279788970947266,-0.7220937609672546
14333,2.2486748695373535,-0.7128404378890991
14334,2.0465033054351807,-0.6390866041183472
14335,2.123137950897217,-0.5995098352432251
14336,1.990408182144165,-0.6624354720115662
14337,2.332170009613037,-0.6585705280303955
14338,1.815486192703247,-0.6694439649581909
14339,2.1107616424560547,-0.7148268222808838
14340,2.240898847579956,-0.6843452453613281
14341,2.449591636657715,-0.6886337399482727
14342,2.088028907775879,-0.6978370547294617
14343,2.202998399734497,-0.7454931139945984
14344,2.771467447280884,-0.6945961713790894
14345,2.5911803245544434,-0.6954910159111023
14346,2.091050624847412,-0.7093631625175476
14347,2.012054920196533,-0.6943138241767883
14348,2.0617990493774414,-0.6695965528488159
14349,2.208338737487793,-0.6715065836906433
14350,2.4928221702575684,-0.8029480576515198
14351,2.243030071258545,-0.7133970856666565
14352,2.3972043991088867,-0.7096599340438843
14353,1.9069316387176514,-0.6422770619392395
14354,2.2357678413391113,-0.7301405072212219
14355,2.171313762664795,-0.7415648698806763
14356,2.263035297393799,-0.6298407912254333
14357,2.4436943531036377,-0.760732114315033
14358,2.0784873962402344,-0.6748037934303284
14359,2.570770502090454,-0.6953088641166687
14360,2.1531667709350586,-0.7419294118881226
14361,2.163936138153076,-0.6142736673355103
14362,2.293545722961426,-0.6941245198249817
14363,2.4187140464782715,-0.7584198713302612
14364,2.468336582183838,-0.664018988609314
14365,2.3232007026672363,-0.6864643692970276
14366,2.129514694213867,-0.7368332147598267
14367,2.1953303813934326,-0.6975670456886292
14368,2.110086679458618,-0.7358024716377258
14369,2.6386775970458984,-0.6934099793434143
14370,2.141181707382202,-0.780394434928894
14371,2.170703887939453,-0.5056180357933044
14372,2.4521775245666504,-0.6604256629943848
14373,2.2879953384399414,-0.7767660021781921
14374,2.1619138717651367,-0.7645326256752014
14375,2.345001220703125,-0.74530029296875
14376,2.5029563903808594,-0.722370982170105
14377,2.205319881439209,-0.6666818261146545
14378,2.1981492042541504,-0.7044187188148499
14379,2.3877673149108887,-0.6680561304092407
14380,2.229386329650879,-0.7703688144683838
14381,2.062220335006714,-0.6574885845184326
14382,2.1970393657684326,-0.6925041675567627
14383,2.191514015197754,-0.6934289336204529
14384,2.267794609069824,-0.783769965171814
14385,2.155527353286743,-0.6239853501319885
14386,2.0923657417297363,-0.6535791158676147
14387,2.24190354347229,-0.664215624332428
14388,2.5013251304626465,-0.6854881048202515
14389,2.249452590942383,-0.7394648194313049
14390,2.6748158931732178,-0.7409205436706543
14391,2.246461868286133,-0.7245199680328369
14392,2.238978385925293,-0.7174311876296997
14393,2.1408615112304688,-0.6360810995101929
14394,2.1350953578948975,-0.7154783606529236
14395,2.236710548400879,-0.6984043121337891
14396,2.2215781211853027,-0.6920535564422607
14397,2.3669893741607666,-0.7525815367698669
14398,2.0760841369628906,-0.7071369886398315
14399,2.323575019836426,-0.655123770236969
14400,2.507025957107544,-0.740519106388092
14401,2.3841187953948975,-0.7299548983573914
14402,2.872593879699707,-0.7455151081085205
14403,2.131382465362549,-0.638001024723053
14404,2.4563231468200684,-0.7302872538566589
14405,2.1862165927886963,-0.637032151222229
14406,2.0964784622192383,-0.7525628805160522
14407,2.4028358459472656,-0.6757005453109741
14408,2.5272576808929443,-0.7022678256034851
14409,1.980575680732727,-0.6922727823257446
14410,2.274503707885742,-0.660896360874176
14411,2.4132614135742188,-0.7137029767036438
14412,2.439784526824951,-0.7354467511177063
14413,2.16208553314209,-0.7241312265396118
14414,1.9970695972442627,-0.6932125091552734
14415,2.367560863494873,-0.6670231819152832
14416,1.9547550678253174,-0.6984454393386841
14417,2.6861510276794434,-0.7270594835281372
14418,2.3072619438171387,-0.789752185344696
14419,2.3048453330993652,-0.7077711224555969
14420,2.162813186645508,-0.6841683387756348
14421,2.260883331298828,-0.6825160384178162
14422,2.0743541717529297,-0.6253601312637329
14423,2.6587064266204834,-0.7545669674873352
14424,2.2427711486816406,-0.7198617458343506
14425,2.399233818054199,-0.6241328120231628
14426,2.0680809020996094,-0.6577011346817017
14427,2.1434245109558105,-0.6627283692359924
14428,2.252272605895996,-0.714241087436676
14429,2.1457884311676025,-0.653836190700531
14430,2.2851529121398926,-0.6444190144538879
14431,2.092928409576416,-0.7261629700660706
14432,2.066077947616577,-0.7340245246887207
14433,2.1759562492370605,-0.7589876055717468
14434,2.5296902656555176,-0.7066587805747986
14435,1.9511525630950928,-0.6887600421905518
14436,2.138957977294922,-0.6856228709220886
14437,2.1489498615264893,-0.7044562697410583
14438,2.4364843368530273,-0.6822217702865601
14439,1.9982249736785889,-0.729135274887085
14440,2.2174174785614014,-0.6454288959503174
14441,2.448516368865967,-0.6357262134552002
14442,2.1774330139160156,-0.6767284274101257
14443,2.173191547393799,-0.6624264717102051
14444,1.9781785011291504,-0.6582959890365601
14445,2.242077350616455,-0.6216627359390259
14446,1.9995297193527222,-0.701621949672699
14447,2.1056666374206543,-0.643424928188324
14448,1.9960176944732666,-0.5819298028945923
14449,1.9895799160003662,-0.742370069026947
14450,2.69313383102417,-0.7782396674156189
14451,2.1988134384155273,-0.6351438760757446
14452,2.7184524536132812,-0.7202832102775574
14453,2.534196615219116,-0.735893964767456
14454,2.514676570892334,-0.7386117577552795
14455,2.279679298400879,-0.7031945586204529
14456,2.5233192443847656,-0.7060043215751648
14457,2.306079387664795,-0.6167028546333313
14458,2.4130287170410156,-0.7301197052001953
14459,2.2903289794921875,-0.7286069989204407
14460,2.5124459266662598,-0.7543441653251648
14461,2.3396711349487305,-0.7357425093650818
14462,2.106934070587158,-0.688456654548645
14463,2.253533363342285,-0.6192613840103149
14464,2.6318230628967285,-0.7697038054466248
14465,2.132848024368286,-0.6351554989814758
14466,2.191209316253662,-0.7865294814109802
14467,2.4328532218933105,-0.7301282286643982
14468,2.2016472816467285,-0.6571211218833923
14469,2.3230173587799072,-0.6487573385238647
14470,1.9460581541061401,-0.6342397928237915
14471,2.2238640785217285,-0.695302426815033
14472,1.936697244644165,-0.6863223314285278
14473,2.469045877456665,-0.7377198934555054
14474,2.556645154953003,-0.6830343008041382
14475,2.2079756259918213,-0.6743848919868469
14476,2.948824405670166,-0.7121363282203674
14477,2.2697513103485107,-0.7710819840431213
14478,2.6961584091186523,-0.7357168793678284
14479,2.2210793495178223,-0.671440839767456
14480,2.505311965942383,-0.6524084210395813
14481,2.0932469367980957,-0.6100761294364929
14482,2.536604881286621,-0.6861734986305237
14483,2.252460241317749,-0.7190116047859192
14484,2.3347370624542236,-0.7933537364006042
14485,2.7240352630615234,-0.7309459447860718
14486,2.5388402938842773,-0.7261262536048889
14487,2.1552724838256836,-0.7048400044441223
14488,2.5672998428344727,-0.6500560641288757
14489,2.390812397003174,-0.6784411072731018
14490,2.364616870880127,-0.6807183027267456
14491,2.4668140411376953,-0.7957240343093872
14492,2.238368034362793,-0.6728732585906982
14493,2.190713405609131,-0.6568524837493896
14494,2.3115322589874268,-0.6927598714828491
14495,2.15928316116333,-0.7321579456329346
14496,2.357271909713745,-0.7942485809326172
14497,2.1850388050079346,-0.7120183706283569
14498,1.9441320896148682,-0.743330180644989
14499,2.1277356147766113,-0.7189410328865051
14500,2.2320680618286133,-0.7185519933700562
14501,2.064805507659912,-0.7413413524627686
14502,2.2638463973999023,-0.7174767851829529
14503,2.1650004386901855,-0.6190360188484192
14504,2.1812658309936523,-0.7176180481910706
14505,2.4647183418273926,-0.719206690788269
14506,2.352325201034546,-0.6723721027374268
14507,2.1038765907287598,-0.6084532737731934
14508,2.068018913269043,-0.7399061322212219
14509,2.073791027069092,-0.7614029049873352
14510,2.2134718894958496,-0.7175956964492798
14511,2.203758716583252,-0.7091694474220276
14512,2.2021570205688477,-0.6631949543952942
14513,2.56767201423645,-0.6430221796035767
14514,2.35128116607666,-0.6753921508789062
14515,2.0245494842529297,-0.561713695526123
14516,2.5648021697998047,-0.7205671668052673
14517,1.8794307708740234,-0.6865200996398926
14518,2.384456157684326,-0.7332243919372559
14519,2.45157527923584,-0.623125433921814
14520,2.241975784301758,-0.6207755208015442
14521,2.4198715686798096,-0.6914178729057312
14522,2.4816970825195312,-0.7128750681877136
14523,2.291165351867676,-0.6911184191703796
14524,2.74241042137146,-0.6588097214698792
14525,2.122312545776367,-0.6946375370025635
14526,2.4266908168792725,-0.6894242167472839
14527,2.26558780670166,-0.6194472312927246
14528,2.004605770111084,-0.705334484577179
14529,2.2974941730499268,-0.6644014120101929
14530,1.9901785850524902,-0.6801954507827759
14531,2.3468918800354004,-0.7467603087425232
14532,2.157712459564209,-0.7317172288894653
14533,2.256765604019165,-0.6918267011642456
14534,2.31577205657959,-0.6742318868637085
14535,1.9018659591674805,-0.7237818837165833
14536,2.0754776000976562,-0.6584581136703491
14537,2.1159825325012207,-0.770000696182251
14538,2.3363518714904785,-0.7183635234832764
14539,2.2326056957244873,-0.7235745191574097
14540,2.096036672592163,-0.6588428616523743
14541,2.191230058670044,-0.6271622180938721
14542,2.16571307182312,-0.6294552683830261
14543,2.1612260341644287,-0.748849630355835
14544,2.2946953773498535,-0.7068026065826416
14545,2.1028337478637695,-0.7151045799255371
14546,2.516202211380005,-0.7198768854141235
14547,2.1919150352478027,-0.6811349391937256
14548,2.3386499881744385,-0.7606261968612671
14549,2.2621817588806152,-0.690314769744873
14550,2.1344404220581055,-0.7411280274391174
14551,2.3893303871154785,-0.7308146953582764
14552,2.401784896850586,-0.6994715929031372
14553,2.432913303375244,-0.6723325848579407
14554,2.0484848022460938,-0.6421168446540833
14555,2.416327953338623,-0.7281720638275146
14556,2.1339454650878906,-0.7396597266197205
14557,2.491626024246216,-0.6997740864753723
14558,2.253561019897461,-0.7052134871482849
14559,2.6288840770721436,-0.6877720355987549
14560,2.2718498706817627,-0.6751445531845093
14561,2.3840787410736084,-0.7056531310081482
14562,2.2182130813598633,-0.7232159972190857
14563,2.085698127746582,-0.7508735656738281
14564,2.2317240238189697,-0.5771185755729675
14565,2.134352684020996,-0.6543218493461609
14566,2.674117088317871,-0.6475927233695984
14567,2.4050631523132324,-0.6973767876625061
14568,1.9735438823699951,-0.7381628155708313
14569,2.726264238357544,-0.6775155663490295
14570,2.527191638946533,-0.6641112565994263
14571,2.2678403854370117,-0.7095004320144653
14572,2.2468795776367188,-0.6392130851745605
14573,2.5750155448913574,-0.6826028227806091
14574,2.554997205734253,-0.7438635230064392
14575,2.0407328605651855,-0.7146729826927185
14576,2.2470450401306152,-0.7724394798278809
14577,2.422306537628174,-0.7027788758277893
14578,2.397019147872925,-0.6636049747467041
14579,2.0416619777679443,-0.6580657958984375
14580,2.4280760288238525,-0.717215359210968
14581,2.2120003700256348,-0.6447933912277222
14582,2.508028984069824,-0.7155372500419617
14583,2.2201294898986816,-0.7459601759910583
14584,2.3585352897644043,-0.7435007691383362
14585,2.1324801445007324,-0.6436759829521179
14586,2.4546010494232178,-0.6026038527488708
14587,2.057827949523926,-0.6550111174583435
14588,2.360133409500122,-0.7173845171928406
14589,2.4346065521240234,-0.6687606573104858
14590,2.417877435684204,-0.634909451007843
14591,2.6276397705078125,-0.6437872052192688
14592,2.5845999717712402,-0.7578274607658386
14593,2.6328275203704834,-0.7103217840194702
14594,2.3352437019348145,-0.7452499270439148
14595,2.532078266143799,-0.7001827359199524
14596,1.8759918212890625,-0.6338481903076172
14597,2.9485702514648438,-0.6118654608726501
14598,2.501743793487549,-0.7501043677330017
14599,1.9820324182510376,-0.7501640915870667
14600,2.9797377586364746,-0.6594296097755432
14601,2.6907591819763184,-0.6818191409111023
14602,2.527951717376709,-0.6478268504142761
14603,2.3372840881347656,-0.737132728099823
14604,2.3180387020111084,-0.7053406238555908
14605,2.507328987121582,-0.6557966470718384
14606,2.0249886512756348,-0.6371995806694031
14607,2.490708112716675,-0.7341439723968506
14608,2.35445499420166,-0.637401819229126
14609,2.0961663722991943,-0.6960435509681702
14610,2.3976094722747803,-0.6376830339431763
14611,2.5543060302734375,-0.5957527756690979
14612,2.2330679893493652,-0.7079448103904724
14613,2.5169310569763184,-0.6970681548118591
14614,1.983852505683899,-0.7054013013839722
14615,2.35558819770813,-0.695077657699585
14616,2.5754013061523438,-0.6961267590522766
14617,2.2195074558258057,-0.6996797919273376
14618,2.3703603744506836,-0.6609437465667725
14619,2.255286693572998,-0.6989094018936157
14620,2.127192497253418,-0.6539124250411987
14621,2.214036226272583,-0.7391964793205261
14622,2.3559536933898926,-0.6919561624526978
14623,2.255091905593872,-0.7375502586364746
14624,2.2260146141052246,-0.7092745304107666
14625,2.6169328689575195,-0.7810008525848389
14626,2.376138687133789,-0.637494683265686
14627,2.4237632751464844,-0.6983928084373474
14628,2.4281258583068848,-0.7908145785331726
14629,2.810669422149658,-0.7361872792243958
14630,2.0993471145629883,-0.7560928463935852
14631,2.356323480606079,-0.7208108305931091
14632,2.1041054725646973,-0.714275598526001
14633,2.3557419776916504,-0.6121648550033569
14634,1.968482255935669,-0.6978870630264282
14635,2.02524995803833,-0.6440193057060242
14636,2.4241762161254883,-0.6727140545845032
14637,2.027181625366211,-0.6417129039764404
14638,2.0196423530578613,-0.5577321648597717
14639,2.21756649017334,-0.7267276644706726
14640,2.6863317489624023,-0.7535085082054138
14641,2.5053446292877197,-0.7364519238471985
14642,2.2792463302612305,-0.7581954002380371
14643,2.0660133361816406,-0.6355231404304504
14644,2.4828429222106934,-0.6939530968666077
14645,2.0232155323028564,-0.653562605381012
14646,2.5939972400665283,-0.7398688793182373
14647,2.9056737422943115,-0.7838047742843628
14648,2.4199514389038086,-0.6950781345367432
14649,2.3008575439453125,-0.7149367332458496
14650,2.4216532707214355,-0.5938223600387573
14651,2.2633469104766846,-0.6929241418838501
14652,2.417275905609131,-0.6704126596450806
14653,2.1136841773986816,-0.6633886694908142
14654,2.4694619178771973,-0.6928974986076355
14655,2.251079559326172,-0.7105185985565186
14656,2.3942229747772217,-0.7185007333755493
14657,2.267902374267578,-0.6134405732154846
14658,2.6707921028137207,-0.646186888217926
14659,2.0877625942230225,-0.6526620388031006
14660,2.116504669189453,-0.7494117617607117
14661,2.105502128601074,-0.5837098360061646
14662,2.3372087478637695,-0.694766104221344
14663,2.6464924812316895,-0.7069604992866516
14664,2.215315818786621,-0.7057388424873352
14665,2.391494035720825,-0.7425755262374878
14666,2.1480298042297363,-0.6740062832832336
14667,2.0806002616882324,-0.6808725595474243
14668,2.3747124671936035,-0.7276284694671631
14669,2.405174493789673,-0.7659484148025513
14670,2.304241180419922,-0.7624852657318115
14671,2.6548373699188232,-0.6878558397293091
14672,2.1876754760742188,-0.5727522969245911
14673,2.2474212646484375,-0.675830066204071
14674,2.4468727111816406,-0.7354638576507568
14675,2.192756175994873,-0.6877033114433289
14676,2.4119443893432617,-0.6804280281066895
14677,2.1587250232696533,-0.6787712574005127
14678,2.275783061981201,-0.6849136352539062
14679,2.2055838108062744,-0.6724170446395874
14680,2.2822155952453613,-0.6187019944190979
14681,2.188445568084717,-0.7300134897232056
14682,2.3036532402038574,-0.7152774930000305
14683,2.5622901916503906,-0.6559602618217468
14684,2.5464227199554443,-0.6759665608406067
14685,2.363351821899414,-0.7744643688201904
14686,2.129223346710205,-0.7627407908439636
14687,2.3086843490600586,-0.7163241505622864
14688,2.329031467437744,-0.7019500732421875
14689,2.216433048248291,-0.6512173414230347
14690,2.1203417778015137,-0.7422789931297302
14691,2.4591455459594727,-0.7037667036056519
14692,2.520177125930786,-0.7152113914489746
14693,2.070683002471924,-0.6938790678977966
14694,2.3679609298706055,-0.663969874382019
14695,2.040902614593506,-0.6184141635894775
14696,2.815211772918701,-0.6998811364173889
14697,1.9680774211883545,-0.6093553900718689
14698,2.3906192779541016,-0.6985651254653931
14699,2.2010273933410645,-0.6650662422180176
14700,2.3563218116760254,-0.6909008622169495
14701,2.0915369987487793,-0.7020666003227234
14702,1.953082799911499,-0.6097227334976196
14703,2.059210777282715,-0.681806206703186
14704,2.1408228874206543,-0.6687573790550232
14705,2.3729729652404785,-0.7263226509094238
14706,2.379645347595215,-0.7282134890556335
14707,2.5152883529663086,-0.695619523525238
14708,2.176190137863159,-0.6447570323944092
14709,2.14632511138916,-0.6823130249977112
14710,1.971143126487732,-0.5571264624595642
14711,2.176630973815918,-0.7078341841697693
14712,2.229689598083496,-0.7407262325286865
14713,2.1934094429016113,-0.8074035048484802
14714,2.288186550140381,-0.5991948843002319
14715,2.2690658569335938,-0.6475541591644287
14716,2.417175769805908,-0.6267518401145935
14717,2.1009182929992676,-0.6792672872543335
14718,2.262448787689209,-0.6798269152641296
14719,2.7152976989746094,-0.6820560693740845
14720,2.3980460166931152,-0.7516459822654724
14721,2.276549816131592,-0.8360053896903992
14722,2.184178352355957,-0.6554870009422302
14723,1.952515721321106,-0.6289441585540771
14724,2.161708116531372,-0.639357328414917
14725,2.3529672622680664,-0.6210688352584839
14726,2.04788875579834,-0.5891324877738953
14727,2.5737781524658203,-0.7247747182846069
14728,2.016211986541748,-0.7029190063476562
14729,2.7002735137939453,-0.7157164216041565
14730,2.0942704677581787,-0.8333115577697754
14731,2.27992844581604,-0.735491156578064
14732,2.185824394226074,-0.5912892818450928
14733,2.1568048000335693,-0.6560685038566589
14734,2.034895896911621,-0.6546854376792908
14735,2.2149715423583984,-0.6399844288825989
14736,2.031747579574585,-0.6664406657218933
14737,2.097720146179199,-0.7889050841331482
14738,2.19101881980896,-0.720011830329895
14739,2.2798681259155273,-0.7404294610023499
14740,2.2645113468170166,-0.770072877407074
14741,1.919150710105896,-0.5190655589103699
14742,2.1158504486083984,-0.6621537208557129
14743,2.291983127593994,-0.6756599545478821
14744,2.107896327972412,-0.7477588057518005
14745,2.066655397415161,-0.6657856702804565
14746,2.3144407272338867,-0.6515824794769287
14747,2.4171242713928223,-0.7601023316383362
14748,2.2160069942474365,-0.6874234676361084
14749,2.061129570007324,-0.6418675780296326
14750,2.416111469268799,-0.6470934152603149
14751,2.2881693840026855,-0.6127760410308838
14752,2.3569207191467285,-0.7241202592849731
14753,2.264688491821289,-0.5811953544616699
14754,2.4218735694885254,-0.6622500419616699
14755,2.1632957458496094,-0.5551633238792419
14756,2.160630226135254,-0.6838801503181458
14757,2.7383546829223633,-0.7455310821533203
14758,2.343224048614502,-0.7135903239250183
14759,2.3010988235473633,-0.6412336826324463
14760,2.1972687244415283,-0.6189171671867371
14761,2.4319982528686523,-0.7465064525604248
14762,2.402733564376831,-0.7037100195884705
14763,2.401568651199341,-0.7390545010566711
14764,2.7013330459594727,-0.7101832628250122
14765,2.1075754165649414,-0.6883332133293152
14766,1.966953992843628,-0.6758561730384827
14767,2.3543572425842285,-0.6782085299491882
14768,2.1014668941497803,-0.681722104549408
14769,2.2326767444610596,-0.7837387919425964
14770,2.2846200466156006,-0.6395404934883118
14771,2.2126333713531494,-0.6717009544372559
14772,2.3190953731536865,-0.679324209690094
14773,2.3874852657318115,-0.5947921872138977
14774,2.3154101371765137,-0.7424263954162598
14775,2.1641530990600586,-0.7454497814178467
14776,2.467315196990967,-0.6920533776283264
14777,2.5130057334899902,-0.6687605977058411
14778,2.2122936248779297,-0.7087015509605408
14779,2.444610357284546,-0.7103207111358643
14780,2.205650568008423,-0.7029073238372803
14781,2.017688751220703,-0.7337543368339539
14782,2.173926830291748,-0.6299006938934326
14783,2.2117972373962402,-0.6884616017341614
14784,2.0598483085632324,-0.7060415744781494
14785,2.3099663257598877,-0.6660829186439514
14786,2.247910976409912,-0.6775231957435608
14787,2.2731194496154785,-0.729159951210022
14788,1.9719276428222656,-0.6259309649467468
14789,2.4897990226745605,-0.6981633901596069
14790,2.090087413787842,-0.6907905340194702
14791,2.139883041381836,-0.7135148644447327
14792,2.390218734741211,-0.7838437557220459
14793,2.4713406562805176,-0.6419795751571655
14794,2.2779853343963623,-0.7312985062599182
14795,2.14125394821167,-0.7042786478996277
14796,2.1170783042907715,-0.7185009121894836
14797,2.2781875133514404,-0.6285842061042786
14798,2.2269415855407715,-0.6562873125076294
14799,2.211446762084961,-0.6965039968490601
14800,2.4899239540100098,-0.6332084536552429
14801,2.354816436767578,-0.7047290802001953
14802,2.1836893558502197,-0.6933537125587463
14803,2.16618013381958,-0.6673356890678406
14804,2.0795116424560547,-0.6757429242134094
14805,2.013477087020874,-0.7452437877655029
14806,2.183993339538574,-0.7134951949119568
14807,2.45046329498291,-0.7094544768333435
14808,2.3281989097595215,-0.7579037547111511
14809,2.24038028717041,-0.6414636373519897
14810,2.2748866081237793,-0.7119218707084656
14811,2.365969657897949,-0.7509877681732178
14812,2.507188081741333,-0.6054638624191284
14813,2.2721176147460938,-0.5971437692642212
14814,2.807964324951172,-0.6896911859512329
14815,2.0906291007995605,-0.6978886127471924
14816,2.107978582382202,-0.7242079377174377
14817,2.5469706058502197,-0.7805988192558289
14818,2.215372085571289,-0.6897832751274109
14819,2.210383176803589,-0.6839011907577515
14820,1.9705134630203247,-0.6320911645889282
14821,2.3951282501220703,-0.7024152874946594
14822,2.2639811038970947,-0.6595116257667542
14823,2.7793118953704834,-0.7192807197570801
14824,2.1591262817382812,-0.5857841968536377
14825,2.141733169555664,-0.6246601939201355
14826,2.478956699371338,-0.6395919919013977
14827,2.0594959259033203,-0.59424889087677
14828,2.1724796295166016,-0.7603525519371033
14829,2.103898525238037,-0.7029985785484314
14830,2.0709609985351562,-0.7271096110343933
14831,2.4596123695373535,-0.7051037549972534
14832,2.066725730895996,-0.6688549518585205
14833,2.2836036682128906,-0.6859716176986694
14834,2.2148818969726562,-0.7679694294929504
14835,2.5785982608795166,-0.694287896156311
14836,2.592114210128784,-0.7058824300765991
14837,2.3732972145080566,-0.6549578905105591
14838,2.073089599609375,-0.6376092433929443
14839,2.543022632598877,-0.6515201330184937
14840,2.474508762359619,-0.7209461331367493
14841,2.5358991622924805,-0.7288523316383362
14842,2.5746512413024902,-0.6810175180435181
14843,2.116701602935791,-0.685588002204895
14844,2.3585872650146484,-0.66977858543396
14845,2.1474695205688477,-0.6962204575538635
14846,2.2588982582092285,-0.7318739295005798
14847,2.5990800857543945,-0.7265831232070923
14848,2.1770081520080566,-0.7718368768692017
14849,2.2136120796203613,-0.5861308574676514
14850,2.212820529937744,-0.6581546664237976
14851,2.844604253768921,-0.6727743744850159
14852,2.652280807495117,-0.7695639729499817
14853,2.17769193649292,-0.659954845905304
14854,2.4116063117980957,-0.7844306826591492
14855,2.427074432373047,-0.7027165293693542
14856,2.5133368968963623,-0.6715139150619507
14857,2.444492816925049,-0.815457284450531
14858,2.2121448516845703,-0.6750765442848206
14859,2.2866711616516113,-0.6556633114814758
14860,2.611288070678711,-0.7170603275299072
14861,2.0877037048339844,-0.732893705368042
14862,2.4213948249816895,-0.6314443349838257
14863,2.2948760986328125,-0.6420047879219055
14864,2.318371295928955,-0.6929934620857239
14865,2.2323241233825684,-0.6776420474052429
14866,2.1726832389831543,-0.7352116107940674
14867,2.271465301513672,-0.6715677380561829
14868,2.0777807235717773,-0.7004485130310059
14869,2.5764479637145996,-0.6769974231719971
14870,2.0099802017211914,-0.6495075225830078
14871,2.643397808074951,-0.7006879448890686
14872,2.525054454803467,-0.6977892518043518
14873,2.2930660247802734,-0.7831993103027344
14874,2.2696218490600586,-0.7447154521942139
14875,2.010472536087036,-0.5112720727920532
14876,2.270542860031128,-0.6515443921089172
14877,2.2645649909973145,-0.7397614121437073
14878,2.4407875537872314,-0.6748856902122498
14879,2.3416850566864014,-0.6594955921173096
14880,2.680276870727539,-0.7227216958999634
14881,2.137176275253296,-0.7069299817085266
14882,2.227541923522949,-0.6832295060157776
14883,2.18896484375,-0.7047355771064758
14884,2.084120750427246,-0.6250349879264832
14885,2.366572141647339,-0.6753422617912292
14886,2.1708967685699463,-0.7106170058250427
14887,2.178457736968994,-0.6829361915588379
14888,2.158407688140869,-0.6894415020942688
14889,1.9381518363952637,-0.7604475617408752
14890,2.655874490737915,-0.6884132623672485
14891,1.9745197296142578,-0.6472552418708801
14892,2.547755718231201,-0.6913514733314514
14893,2.0356719493865967,-0.6760758757591248
14894,2.36763858795166,-0.6808624863624573
14895,2.3480429649353027,-0.6626273989677429
14896,1.9637290239334106,-0.6431564092636108
14897,2.3630714416503906,-0.7055156230926514
14898,2.085446357727051,-0.6630143523216248
14899,2.081875801086426,-0.7214783430099487
14900,1.8431658744812012,-0.6355535984039307
14901,1.9557427167892456,-0.6131468415260315
14902,2.733168601989746,-0.7360376119613647
14903,2.1204919815063477,-0.6786201000213623
14904,2.307677745819092,-0.7756666541099548
14905,2.254448890686035,-0.7069322466850281
14906,2.1938636302948,-0.7122085690498352
14907,2.18387508392334,-0.6713427901268005
14908,2.1797354221343994,-0.7388677000999451
14909,2.068094253540039,-0.604375422000885
14910,2.3285012245178223,-0.6792263984680176
14911,2.3854236602783203,-0.7746230363845825
14912,2.396481513977051,-0.6483295559883118
14913,2.2615373134613037,-0.6202916502952576
14914,2.120657444000244,-0.6286263465881348
14915,2.2263007164001465,-0.676150381565094
14916,2.644047975540161,-0.7747694253921509
14917,2.2660019397735596,-0.7905930876731873
14918,2.3140034675598145,-0.7000692486763
14919,2.355335235595703,-0.6817024350166321
14920,1.9303877353668213,-0.667439877986908
14921,2.4618301391601562,-0.7003822326660156
14922,2.306155204772949,-0.720278263092041
14923,2.0264787673950195,-0.6876397132873535
14924,1.8606700897216797,-0.6452997326850891
14925,2.1761441230773926,-0.6912891268730164
14926,2.3935580253601074,-0.7151968479156494
14927,2.3693394660949707,-0.6870104074478149
14928,2.514836311340332,-0.6342498064041138
14929,2.2612338066101074,-0.6682041883468628
14930,2.420894145965576,-0.6589805483818054
14931,2.003714084625244,-0.5152133703231812
14932,2.5428695678710938,-0.6254693865776062
14933,2.2782373428344727,-0.794859766960144
14934,2.3620333671569824,-0.7126296758651733
14935,2.6783735752105713,-0.6501731872558594
14936,2.330615997314453,-0.6161425113677979
14937,2.3843681812286377,-0.670975923538208
14938,2.4541916847229004,-0.6255874633789062
14939,2.214791774749756,-0.6599219441413879
14940,2.289308547973633,-0.7142409682273865
14941,2.127751350402832,-0.6638122797012329
14942,2.019649028778076,-0.6953953504562378
14943,2.4521007537841797,-0.6909232139587402
14944,2.1824378967285156,-0.6291947364807129
14945,2.5894813537597656,-0.6779611110687256
14946,2.3287713527679443,-0.6539080142974854
14947,2.062382459640503,-0.6044935584068298
14948,2.4691905975341797,-0.7136374115943909
14949,2.239424705505371,-0.7091041803359985
14950,2.6286208629608154,-0.7246943116188049
14951,2.796555995941162,-0.7727994322776794
14952,1.9939274787902832,-0.6445422172546387
14953,2.234288215637207,-0.5276429653167725
14954,2.701230049133301,-0.6898805499076843
14955,2.847783088684082,-0.8700089454650879
14956,2.7728710174560547,-0.7280188798904419
14957,2.4700212478637695,-0.7317583560943604
14958,2.352182388305664,-0.6522128582000732
14959,2.652367115020752,-0.6997771263122559
14960,2.4184060096740723,-0.6144733428955078
14961,2.25087308883667,-0.7042549252510071
14962,2.1191554069519043,-0.7082998752593994
14963,2.445220947265625,-0.747561514377594
14964,2.846829414367676,-0.668531060218811
14965,2.683758497238159,-0.7322297692298889
14966,2.564833164215088,-0.6272727251052856
14967,2.3794500827789307,-0.7341846227645874
14968,2.4684040546417236,-0.712439775466919
14969,2.41792893409729,-0.7270102500915527
14970,2.4255781173706055,-0.6278254985809326
14971,2.15767502784729,-0.5835471153259277
14972,2.1358680725097656,-0.623574435710907
14973,2.2030253410339355,-0.7017674446105957
14974,2.4432501792907715,-0.7460221648216248
14975,2.3517508506774902,-0.7168915271759033
14976,1.8749279975891113,-0.6541409492492676
14977,2.400400161743164,-0.6863912343978882
14978,2.719817638397217,-0.6227477788925171
14979,2.109528064727783,-0.6790428161621094
14980,2.300431728363037,-0.673604428768158
14981,2.056601047515869,-0.7986272573471069
14982,2.427928924560547,-0.6615979671478271
14983,2.315798282623291,-0.786212146282196
14984,2.3631277084350586,-0.651509702205658
14985,2.299954891204834,-0.5923193097114563
14986,2.2697818279266357,-0.6004762053489685
14987,2.042325496673584,-0.6031237244606018
14988,2.2085118293762207,-0.6862337589263916
14989,2.1715760231018066,-0.6783117055892944
14990,2.3109073638916016,-0.7909154295921326
14991,2.427363872528076,-0.6730003356933594
14992,2.6097426414489746,-0.7162232398986816
14993,2.3347232341766357,-0.7203031182289124
14994,2.1220011711120605,-0.697823703289032
14995,1.9825903177261353,-0.710832417011261
14996,2.297621726989746,-0.701386570930481
14997,2.273674488067627,-0.7183695435523987
14998,2.031806468963623,-0.688301146030426
14999,2.294252395629883,-0.6338169574737549
15000,2.0479917526245117,-0.6644938588142395
15001,1.895535945892334,-0.681428074836731
15002,2.329286813735962,-0.6195879578590393
15003,2.1108174324035645,-0.6344320178031921
15004,2.3194472789764404,-0.652446448802948
15005,2.3126633167266846,-0.7425274848937988
15006,2.293882369995117,-0.733493983745575
15007,2.3822576999664307,-0.6699681282043457
15008,2.197500228881836,-0.7258316874504089
15009,2.5675511360168457,-0.6113170385360718
15010,2.243582010269165,-0.6813302636146545
15011,2.223487138748169,-0.6914827823638916
15012,2.4076051712036133,-0.6823066473007202
15013,2.3686485290527344,-0.6955716609954834
15014,2.4382755756378174,-0.7123278975486755
15015,2.1191368103027344,-0.687177836894989
15016,2.043487071990967,-0.6658679842948914
15017,2.178007125854492,-0.5826361179351807
15018,2.212541103363037,-0.7130251526832581
15019,2.534013271331787,-0.7557801604270935
15020,2.4143848419189453,-0.7093521356582642
15021,2.5158588886260986,-0.6890865564346313
15022,2.3307340145111084,-0.6469026207923889
15023,2.3869147300720215,-0.7342474460601807
15024,2.101630210876465,-0.6583508849143982
15025,2.1879539489746094,-0.7211540341377258
15026,2.266908645629883,-0.7130976915359497
15027,2.5566887855529785,-0.7110921740531921
15028,2.358051061630249,-0.6356177926063538
15029,2.0536677837371826,-0.6843538880348206
15030,3.0093486309051514,-0.6756483316421509
15031,2.39060640335083,-0.814694881439209
15032,2.1369271278381348,-0.779023289680481
15033,2.4317870140075684,-0.6450732350349426
15034,2.451144218444824,-0.685733437538147
15035,2.1344118118286133,-0.6710548996925354
15036,2.831625461578369,-0.646238386631012
15037,2.3482213020324707,-0.6429597735404968
15038,2.539918899536133,-0.7745286822319031
15039,2.0987253189086914,-0.6960575580596924
15040,2.378889560699463,-0.7561088800430298
15041,2.3222203254699707,-0.7432905435562134
15042,2.156287431716919,-0.6553412675857544
15043,2.621735095977783,-0.7001015543937683
15044,2.4212498664855957,-0.6415563821792603
15045,2.477544069290161,-0.7350640296936035
15046,2.2743120193481445,-0.6110947728157043
15047,2.709519386291504,-0.7053526043891907
15048,2.190153121948242,-0.6406216621398926
15049,2.5300657749176025,-0.688160240650177
15050,2.2320494651794434,-0.7025816440582275
15051,2.579523801803589,-0.7205156683921814
15052,2.2003369331359863,-0.7034623622894287
15053,2.2265243530273438,-0.6436792016029358
15054,2.1755876541137695,-0.676160454750061
15055,2.3320178985595703,-0.6472366452217102
15056,2.0396313667297363,-0.681089460849762
15057,2.192938804626465,-0.681374192237854
15058,2.20699405670166,-0.6403634548187256
15059,2.4943604469299316,-0.7043123841285706
15060,2.3918497562408447,-0.6726245880126953
15061,2.070369243621826,-0.6339533925056458
15062,2.3484106063842773,-0.7313240170478821
15063,2.22007417678833,-0.7674751877784729
15064,2.2281997203826904,-0.6871161460876465
15065,2.3433871269226074,-0.5944894552230835
15066,1.8841779232025146,-0.614149808883667
15067,2.6988892555236816,-0.6240524053573608
15068,2.382394790649414,-0.6661865711212158
15069,2.4610538482666016,-0.8495268225669861
15070,2.271267890930176,-0.6215088367462158
15071,2.1760149002075195,-0.7273436188697815
15072,2.1139631271362305,-0.7121960520744324
15073,2.1488893032073975,-0.651694118976593
15074,2.013031482696533,-0.6090878844261169
15075,2.1259260177612305,-0.714555025100708
15076,2.2283687591552734,-0.8010643124580383
15077,1.9995455741882324,-0.6669543385505676
15078,2.05056095123291,-0.615766167640686
15079,2.619685173034668,-0.7166682481765747
15080,2.163212299346924,-0.6616921424865723
15081,2.2075304985046387,-0.6360931992530823
15082,2.0642354488372803,-0.7692323327064514
15083,2.0762906074523926,-0.6770581007003784
15084,2.1981005668640137,-0.7364025712013245
15085,2.315617322921753,-0.7225936055183411
15086,2.2445034980773926,-0.697387158870697
15087,2.094778537750244,-0.6685492992401123
15088,2.243934392929077,-0.6869070529937744
15089,2.295750141143799,-0.6557589769363403
15090,1.9691245555877686,-0.7302486300468445
15091,1.9875140190124512,-0.5991070866584778
15092,1.9941422939300537,-0.7252327799797058
15093,2.3696579933166504,-0.794515073299408
15094,2.1189751625061035,-0.638146162033081
15095,2.0500426292419434,-0.6553831696510315
15096,2.5313658714294434,-0.6445532441139221
15097,2.4672770500183105,-0.6556530594825745
15098,2.1464109420776367,-0.7245789170265198
15099,2.1805665493011475,-0.6338670253753662
15100,2.354203939437866,-0.6967403888702393
15101,1.970149278640747,-0.7154624462127686
15102,2.001460552215576,-0.6949512958526611
15103,1.8380718231201172,-0.6796007752418518
15104,2.207270622253418,-0.7438024878501892
15105,2.4945878982543945,-0.6325321197509766
15106,2.0716123580932617,-0.7435547113418579
15107,2.3779964447021484,-0.6514078378677368
15108,2.537008047103882,-0.7139052748680115
15109,2.0664305686950684,-0.6196251511573792
15110,2.042151927947998,-0.6161792874336243
15111,2.309640884399414,-0.6362025737762451
15112,2.309201717376709,-0.7100923657417297
15113,2.4619836807250977,-0.7245275378227234
15114,2.5063843727111816,-0.6906977295875549
15115,2.399139881134033,-0.7438302636146545
15116,2.3537211418151855,-0.6543707251548767
15117,2.1006927490234375,-0.706980288028717
15118,2.4532296657562256,-0.7487210631370544
15119,2.2505860328674316,-0.6647526025772095
15120,2.442497730255127,-0.7501887679100037
15121,2.1115050315856934,-0.6734715104103088
15122,1.9396191835403442,-0.6250352263450623
15123,2.3281843662261963,-0.5747241973876953
15124,2.167393684387207,-0.6448257565498352
15125,2.2662580013275146,-0.7397130727767944
15126,2.115159511566162,-0.6616084575653076
15127,2.3392140865325928,-0.7105242013931274
15128,2.2368953227996826,-0.6833809614181519
15129,2.0729615688323975,-0.721095860004425
15130,2.4657669067382812,-0.6660268306732178
15131,2.077519416809082,-0.6245236396789551
15132,2.4378418922424316,-0.6289438009262085
15133,2.2458534240722656,-0.7323809266090393
15134,2.0894956588745117,-0.6323370933532715
15135,2.3131895065307617,-0.7556160688400269
15136,2.1593546867370605,-0.7283624410629272
15137,2.1771769523620605,-0.6683796644210815
15138,2.017423629760742,-0.6644219756126404
15139,2.095249652862549,-0.7410911321640015
15140,1.9191832542419434,-0.6257463097572327
15141,2.2273242473602295,-0.6641334295272827
15142,1.9899299144744873,-0.6516984701156616
15143,2.636868953704834,-0.6403824090957642
15144,2.1073405742645264,-0.6289256811141968
15145,1.8725250959396362,-0.7076609134674072
15146,2.1594815254211426,-0.6362333297729492
15147,2.4465560913085938,-0.6976403594017029
15148,2.343998670578003,-0.6424586772918701
15149,2.349823474884033,-0.6520241498947144
15150,2.200932025909424,-0.6491979360580444
15151,2.5635104179382324,-0.7141693234443665
15152,2.2753567695617676,-0.6906881928443909
15153,2.1611716747283936,-0.7185401916503906
15154,2.194749116897583,-0.6445842981338501
15155,2.301009178161621,-0.7396615743637085
15156,1.9951021671295166,-0.6611888408660889
15157,2.125997543334961,-0.6350523233413696
15158,1.8955546617507935,-0.6456806063652039
15159,2.2727861404418945,-0.6603896617889404
15160,1.8734445571899414,-0.6713591814041138
15161,2.91104793548584,-0.6838789582252502
15162,2.1577794551849365,-0.6473491191864014
15163,2.3985824584960938,-0.680739164352417
15164,2.66656494140625,-0.7128885388374329
15165,2.2449865341186523,-0.704456090927124
15166,2.6300387382507324,-0.7238603830337524
15167,2.2882800102233887,-0.6922186017036438
15168,2.285155773162842,-0.6962535381317139
15169,2.331958293914795,-0.6947386264801025
15170,2.2122793197631836,-0.7494874000549316
15171,2.2694287300109863,-0.6545606851577759
15172,2.454315185546875,-0.6471068859100342
15173,2.230823040008545,-0.5853684544563293
15174,2.0197935104370117,-0.6551774740219116
15175,2.042597770690918,-0.6439468860626221
15176,2.192641019821167,-0.7070810198783875
15177,2.1914753913879395,-0.6717103719711304
15178,2.2079267501831055,-0.6635665893554688
15179,1.804100751876831,-0.6439117193222046
15180,2.257988452911377,-0.7586984038352966
15181,2.4729204177856445,-0.71588534116745
15182,2.250976085662842,-0.6767618060112
15183,2.534369945526123,-0.6980232000350952
15184,2.3712754249572754,-0.7145460247993469
15185,2.4927978515625,-0.6905752420425415
15186,2.360539436340332,-0.7589835524559021
15187,2.0023093223571777,-0.713396430015564
15188,1.9855014085769653,-0.6160364747047424
15189,2.2847843170166016,-0.6623808145523071
15190,2.2524805068969727,-0.7030457258224487
15191,2.089247703552246,-0.6443647742271423
15192,2.2497634887695312,-0.6781346797943115
15193,2.315751075744629,-0.6202012896537781
15194,2.0542755126953125,-0.6082929372787476
15195,2.216667890548706,-0.6847894191741943
15196,2.0487453937530518,-0.6806091070175171
15197,1.9496028423309326,-0.7509950995445251
15198,2.088139057159424,-0.6850045919418335
15199,1.9498769044876099,-0.7121568918228149
15200,2.0512380599975586,-0.6489112973213196
15201,2.2529025077819824,-0.6176605820655823
15202,2.246680974960327,-0.7396580576896667
15203,2.201241970062256,-0.7922638058662415
15204,2.1645491123199463,-0.8077692985534668
15205,2.2649807929992676,-0.5103748440742493
15206,2.0765576362609863,-0.6260067820549011
15207,2.30049467086792,-0.7073147296905518
15208,2.2165608406066895,-0.7674993872642517
15209,2.2787837982177734,-0.7079775929450989
15210,2.294233798980713,-0.7543018460273743
15211,2.353360652923584,-0.6972054243087769
15212,2.8106255531311035,-0.6649000644683838
15213,2.131847858428955,-0.6639764308929443
15214,2.0335538387298584,-0.6521360874176025
15215,2.603926181793213,-0.8085730671882629
15216,2.2091898918151855,-0.6924339532852173
15217,2.209559440612793,-0.6564932465553284
15218,2.260134696960449,-0.6636736989021301
15219,2.3651480674743652,-0.6930346488952637
15220,2.222226858139038,-0.6890040040016174
15221,2.292297840118408,-0.6854904890060425
15222,2.387392044067383,-0.6238275170326233
15223,2.3100697994232178,-0.6180980801582336
15224,2.383355140686035,-0.6742040514945984
15225,2.4915544986724854,-0.75888991355896
15226,2.7439730167388916,-0.6948228478431702
15227,1.8820353746414185,-0.6881608366966248
15228,2.1845319271087646,-0.6329843997955322
15229,2.126528263092041,-0.6110584139823914
15230,2.3228759765625,-0.6753163933753967
15231,2.6600680351257324,-0.6456308960914612
15232,2.1753787994384766,-0.721616804599762
15233,2.4769279956817627,-0.6875647902488708
15234,2.677083730697632,-0.6793760061264038
15235,2.107333183288574,-0.6698648929595947
15236,2.1440329551696777,-0.6334323287010193
15237,2.4075496196746826,-0.653644859790802
15238,2.099907636642456,-0.6734455823898315
15239,2.1462457180023193,-0.7357428669929504
15240,2.114898204803467,-0.7258546352386475
15241,2.309915065765381,-0.723839282989502
15242,2.1730105876922607,-0.6860571503639221
15243,2.254162549972534,-0.7245656847953796
15244,2.328017234802246,-0.6820160746574402
15245,2.5079030990600586,-0.7324168682098389
15246,2.4060983657836914,-0.8169140815734863
15247,2.154602289199829,-0.5980141758918762
15248,2.0460381507873535,-0.6480182409286499
15249,2.330594539642334,-0.7338101267814636
15250,2.418470859527588,-0.7023229002952576
15251,2.2018485069274902,-0.6395313143730164
15252,2.254847288131714,-0.5831279158592224
15253,2.4971442222595215,-0.7212714552879333
15254,2.121212959289551,-0.751024603843689
15255,2.727506160736084,-0.7613688111305237
15256,2.2827200889587402,-0.7236034274101257
15257,2.401559352874756,-0.696632981300354
15258,2.3103599548339844,-0.6359639167785645
15259,2.296473503112793,-0.6604201793670654
15260,2.2090187072753906,-0.7066441178321838
15261,2.208768367767334,-0.6435557007789612
15262,2.037675380706787,-0.7207652926445007
15263,2.5410399436950684,-0.7006168365478516
15264,2.6133813858032227,-0.6716437339782715
15265,2.1345789432525635,-0.6279304027557373
15266,2.3062448501586914,-0.7082186341285706
15267,2.341521739959717,-0.8004875183105469
15268,2.195648670196533,-0.792905867099762
15269,2.3014607429504395,-0.6610632538795471
15270,2.252239227294922,-0.7337697744369507
15271,2.6089344024658203,-0.7441131472587585
15272,2.1937813758850098,-0.7293403148651123
15273,2.260551929473877,-0.6534796357154846
15274,2.450256586074829,-0.7212119102478027
15275,2.3090062141418457,-0.6504170298576355
15276,2.3947157859802246,-0.6808962225914001
15277,2.6626651287078857,-0.6518068909645081
15278,2.456493377685547,-0.6444053053855896
15279,2.2756168842315674,-0.7145742774009705
15280,2.58662748336792,-0.6427669525146484
15281,2.215625286102295,-0.6750279068946838
15282,2.2996504306793213,-0.6235511898994446
15283,2.010835647583008,-0.6186659336090088
15284,2.009469985961914,-0.6064812541007996
15285,2.148824691772461,-0.6797438859939575
15286,2.354616165161133,-0.6997622847557068
15287,2.470982551574707,-0.734767735004425
15288,2.287010669708252,-0.7213749885559082
15289,2.0067172050476074,-0.6435109972953796
15290,2.3832716941833496,-0.5613758563995361
15291,1.8989458084106445,-0.6608078479766846
15292,2.1563239097595215,-0.6201947331428528
15293,2.703653573989868,-0.6511088013648987
15294,2.125495195388794,-0.6520126461982727
15295,2.1336750984191895,-0.6936478614807129
15296,2.2703287601470947,-0.6999958753585815
15297,2.3197107315063477,-0.6869630217552185
15298,2.3041133880615234,-0.6508420705795288
15299,2.4625072479248047,-0.6978474259376526
15300,2.1558213233947754,-0.6813867092132568
15301,2.5576260089874268,-0.7533659338951111
15302,2.0829012393951416,-0.5890485644340515
15303,2.177994728088379,-0.6781427264213562
15304,2.5249338150024414,-0.7210995554924011
15305,2.2226219177246094,-0.6453424692153931
15306,2.4899091720581055,-0.6392446756362915
15307,2.0852408409118652,-0.6817137002944946
15308,2.122337579727173,-0.6178323030471802
15309,2.4616191387176514,-0.78630530834198
15310,2.2960424423217773,-0.6870214343070984
15311,2.599231719970703,-0.655510425567627
15312,2.4034485816955566,-0.7041914463043213
15313,2.1405692100524902,-0.6672908067703247
15314,2.5499982833862305,-0.7562770247459412
15315,2.582364559173584,-0.6890307664871216
15316,2.8796253204345703,-0.7238845825195312
15317,2.06982684135437,-0.6715185642242432
15318,2.0737740993499756,-0.6636337041854858
15319,2.1219377517700195,-0.6937255859375
15320,2.262601852416992,-0.7512146234512329
15321,2.2438814640045166,-0.7939932942390442
15322,2.158629894256592,-0.6525136828422546
15323,2.046475410461426,-0.6381815075874329
15324,2.0150580406188965,-0.6781498193740845
15325,2.1813876628875732,-0.6874529123306274
15326,2.552720069885254,-0.7532727122306824
15327,2.0135889053344727,-0.6861119866371155
15328,2.394865036010742,-0.7427617907524109
15329,2.1044745445251465,-0.637404203414917
15330,2.4594786167144775,-0.6739874482154846
15331,2.298032283782959,-0.7350636124610901
15332,2.104243278503418,-0.6905053853988647
15333,2.5453295707702637,-0.7496710419654846
15334,2.2537684440612793,-0.626384973526001
15335,1.9937341213226318,-0.6116436719894409
15336,2.393301010131836,-0.6786096692085266
15337,1.9775347709655762,-0.6551511287689209
15338,2.5663774013519287,-0.7565879225730896
15339,2.4845752716064453,-0.685555100440979
15340,2.123323917388916,-0.6672515869140625
15341,2.43109130859375,-0.6454317569732666
15342,2.549360990524292,-0.719333827495575
15343,2.5938401222229004,-0.7550395131111145
15344,2.672654390335083,-0.7534092664718628
15345,2.052438735961914,-0.7420983910560608
15346,2.237895965576172,-0.687611997127533
15347,2.5108227729797363,-0.5592149496078491
15348,2.2964696884155273,-0.7079619765281677
15349,2.5108284950256348,-0.6596090197563171
15350,2.4162750244140625,-0.7390558123588562
15351,2.407606601715088,-0.6457688808441162
15352,2.282069206237793,-0.7481184601783752
15353,2.1563642024993896,-0.711317777633667
15354,2.5210399627685547,-0.627315878868103
15355,2.0413663387298584,-0.6747525930404663
15356,2.329101085662842,-0.6987996697425842
15357,2.522233486175537,-0.6623743176460266
15358,2.2870070934295654,-0.6828209161758423
15359,2.4354915618896484,-0.6710451245307922
15360,2.497408390045166,-0.650353193283081
15361,2.1219396591186523,-0.6726388335227966
15362,2.0566701889038086,-0.7058190107345581
15363,2.3181700706481934,-0.7247450351715088
15364,2.3142147064208984,-0.633063554763794
15365,2.6574654579162598,-0.7668988704681396
15366,2.0213804244995117,-0.7012597918510437
15367,2.2623863220214844,-0.6703186631202698
15368,2.1522774696350098,-0.6086791753768921
15369,3.044221878051758,-0.7166793942451477
15370,2.277817726135254,-0.6349185705184937
15371,2.2290384769439697,-0.727467954158783
15372,2.2509243488311768,-0.6350598335266113
15373,2.358081579208374,-0.727689802646637
15374,2.2647838592529297,-0.6490225791931152
15375,2.4573841094970703,-0.7567599415779114
15376,2.346107006072998,-0.6947813630104065
15377,2.3804025650024414,-0.7011711001396179
15378,2.082756519317627,-0.6597627997398376
15379,2.1177163124084473,-0.659424901008606
15380,2.3734848499298096,-0.7279688119888306
15381,2.1100378036499023,-0.6247642636299133
15382,2.110441207885742,-0.5996957421302795
15383,2.235107421875,-0.710252046585083
15384,2.1630477905273438,-0.6192880272865295
15385,2.17604923248291,-0.6990098357200623
15386,2.298257350921631,-0.713982105255127
15387,2.0759100914001465,-0.6722415685653687
15388,2.184131622314453,-0.7157777547836304
15389,2.2383060455322266,-0.6645245552062988
15390,2.393512010574341,-0.6051729917526245
15391,2.2809581756591797,-0.6888585090637207
15392,2.075198173522949,-0.682597279548645
15393,1.9620134830474854,-0.7365793585777283
15394,2.2797744274139404,-0.6742889285087585
15395,1.980994462966919,-0.6555987000465393
15396,2.1607789993286133,-0.6962873339653015
15397,2.2320964336395264,-0.6035016179084778
15398,2.273688316345215,-0.7040050625801086
15399,2.1412298679351807,-0.6655882000923157
15400,2.145803451538086,-0.6864073872566223
15401,1.9047629833221436,-0.6935935020446777
15402,2.2004361152648926,-0.5759518146514893
15403,2.531080484390259,-0.7136871218681335
15404,2.153987407684326,-0.6326779723167419
15405,2.412015438079834,-0.7556955814361572
15406,2.428619384765625,-0.7803202271461487
15407,2.062565326690674,-0.738227903842926
15408,2.2331907749176025,-0.6966879963874817
15409,2.397207260131836,-0.6714264750480652
15410,2.517930746078491,-0.7596973180770874
15411,2.183961868286133,-0.7225633263587952
15412,2.3500118255615234,-0.7510437965393066
15413,2.1040639877319336,-0.675340473651886
15414,2.297053813934326,-0.6609498858451843
15415,2.46366286277771,-0.6798919439315796
15416,2.533874034881592,-0.7266581654548645
15417,2.0626564025878906,-0.7714953422546387
15418,2.262287139892578,-0.689534604549408
15419,2.0179145336151123,-0.6845841407775879
15420,2.1770505905151367,-0.6593319773674011
15421,2.6051697731018066,-0.684450089931488
15422,2.177055597305298,-0.7106633186340332
15423,2.418105125427246,-0.6537070274353027
15424,2.542839527130127,-0.6591072678565979
15425,2.2450175285339355,-0.7259683012962341
15426,2.6292202472686768,-0.6630518436431885
15427,2.1676039695739746,-0.6615522503852844
15428,2.3603522777557373,-0.7466267943382263
15429,2.232933759689331,-0.7423555254936218
15430,1.9974191188812256,-0.6194841265678406
15431,2.357581615447998,-0.6063718199729919
15432,2.4824628829956055,-0.7107399106025696
15433,2.1546568870544434,-0.7865802645683289
15434,2.432950496673584,-0.7487510442733765
15435,2.148245334625244,-0.7226405143737793
15436,2.1598739624023438,-0.6895127296447754
15437,2.0976457595825195,-0.6812481880187988
15438,2.399221420288086,-0.7258881330490112
15439,2.014024019241333,-0.6857248544692993
15440,2.1421315670013428,-0.6504573822021484
15441,2.3554141521453857,-0.6501244306564331
15442,2.330294132232666,-0.6715174317359924
15443,2.3407139778137207,-0.6163715124130249
15444,2.2248096466064453,-0.6745615601539612
15445,2.342647075653076,-0.7196712493896484
15446,1.8889286518096924,-0.6133962869644165
15447,2.415377616882324,-0.6406656503677368
15448,2.2763466835021973,-0.6336809992790222
15449,2.335340976715088,-0.6808164119720459
15450,2.506532669067383,-0.7356041073799133
15451,2.282287836074829,-0.6818293929100037
15452,2.5575942993164062,-0.7461361885070801
15453,2.2846856117248535,-0.6235524415969849
15454,2.4027814865112305,-0.7455787658691406
15455,2.1240978240966797,-0.7438255548477173
15456,2.489335536956787,-0.7226347327232361
15457,2.1388773918151855,-0.7398605942726135
15458,2.4993438720703125,-0.7178494334220886
15459,1.9399304389953613,-0.6089577674865723
15460,2.67706298828125,-0.6593596935272217
15461,2.2715115547180176,-0.6875399947166443
15462,2.2938501834869385,-0.7209050059318542
15463,1.9969985485076904,-0.6247454285621643
15464,2.4886655807495117,-0.6867240071296692
15465,2.12454891204834,-0.5881262421607971
15466,2.474287986755371,-0.6680164337158203
15467,1.6491620540618896,-0.531721830368042
15468,2.1948838233947754,-0.6555330157279968
15469,2.480607032775879,-0.6626082062721252
15470,2.5177531242370605,-0.7183474898338318
15471,2.5055766105651855,-0.7529016137123108
15472,2.248802661895752,-0.6514871716499329
15473,2.203709125518799,-0.6384828686714172
15474,2.420886516571045,-0.7696424722671509
15475,2.3980712890625,-0.7865625023841858
15476,2.296326160430908,-0.7201036810874939
15477,2.4020156860351562,-0.6903338432312012
15478,2.1377198696136475,-0.6977545022964478
15479,2.366281509399414,-0.5822155475616455
15480,2.320326566696167,-0.7117737531661987
15481,2.380897045135498,-0.6941837072372437
15482,2.544576644897461,-0.7058569192886353
15483,2.5499470233917236,-0.6574482917785645
15484,1.8824152946472168,-0.6933962106704712
15485,2.3372907638549805,-0.7143608927726746
15486,2.193260669708252,-0.6397269368171692
15487,1.963248372077942,-0.7758766412734985
15488,2.301258087158203,-0.6007861495018005
15489,2.391171932220459,-0.6568363904953003
15490,2.148390293121338,-0.567365825176239
15491,2.4096508026123047,-0.7523717284202576
15492,2.0767641067504883,-0.6709886789321899
15493,1.9999791383743286,-0.7260221838951111
15494,2.2174854278564453,-0.6763498783111572
15495,2.2493481636047363,-0.6018241047859192
15496,2.062865734100342,-0.6689258813858032
15497,3.1214962005615234,-0.6600190997123718
15498,2.1136093139648438,-0.7540533542633057
15499,2.3098866939544678,-0.7092677354812622
15500,2.355213165283203,-0.6797270774841309
15501,2.281310796737671,-0.7540202140808105
15502,2.5127313137054443,-0.7464966773986816
15503,2.501722812652588,-0.6750805377960205
15504,2.3171579837799072,-0.7565833330154419
15505,2.212925672531128,-0.7025723457336426
15506,2.0528693199157715,-0.6981509327888489
15507,2.304358720779419,-0.6955103874206543
15508,2.361618757247925,-0.6609684228897095
15509,2.5610952377319336,-0.7394709587097168
15510,2.376213550567627,-0.7019901871681213
15511,1.8392810821533203,-0.749463677406311
15512,2.240992546081543,-0.7568593621253967
15513,2.51365065574646,-0.6631100177764893
15514,2.0176944732666016,-0.6583616733551025
15515,2.149367570877075,-0.7524375319480896
15516,2.2573485374450684,-0.7337254881858826
15517,2.133058547973633,-0.6628380417823792
15518,2.266505241394043,-0.7683833241462708
15519,2.2231764793395996,-0.688498318195343
15520,2.3291821479797363,-0.6979542374610901
15521,2.4169516563415527,-0.667818009853363
15522,2.2744641304016113,-0.6728249192237854
15523,2.557952404022217,-0.6285266876220703
15524,2.19504451751709,-0.8050223588943481
15525,2.117262363433838,-0.6961731910705566
15526,2.2158303260803223,-0.636353075504303
15527,2.301241397857666,-0.6581475734710693
15528,2.216881513595581,-0.7060795426368713
15529,2.459946870803833,-0.6450638771057129
15530,2.137382984161377,-0.6661086082458496
15531,2.27884840965271,-0.6542320251464844
15532,2.3754405975341797,-0.5834423899650574
15533,2.0410637855529785,-0.6489874124526978
15534,2.2204365730285645,-0.6956685781478882
15535,2.1643972396850586,-0.6689314842224121
15536,2.1550848484039307,-0.6511044502258301
15537,2.542304515838623,-0.6973884105682373
15538,2.0397355556488037,-0.7249526381492615
15539,2.0938854217529297,-0.6989280581474304
15540,2.3654682636260986,-0.6891196966171265
15541,2.2572059631347656,-0.6647535562515259
15542,2.098475456237793,-0.5882535576820374
15543,2.3470911979675293,-0.7155211567878723
15544,2.3831522464752197,-0.6514071822166443
15545,2.1361539363861084,-0.8243880271911621
15546,2.696908712387085,-0.6692543029785156
15547,2.5368905067443848,-0.656064510345459
15548,2.2792017459869385,-0.7360379099845886
15549,2.775545835494995,-0.686835765838623
15550,2.313049077987671,-0.6810967326164246
15551,2.4201982021331787,-0.7223247289657593
15552,2.376344680786133,-0.703263521194458
15553,2.5230870246887207,-0.6887707710266113
15554,1.9893808364868164,-0.6527500748634338
15555,2.305534601211548,-0.6440890431404114
15556,2.6089589595794678,-0.5938372611999512
15557,2.7633259296417236,-0.8040711879730225
15558,2.026641368865967,-0.7069603800773621
15559,2.6283674240112305,-0.7010250091552734
15560,2.362802743911743,-0.6812788248062134
15561,2.108945369720459,-0.7142012715339661
15562,1.948612928390503,-0.6006184220314026
15563,2.1646907329559326,-0.6604118347167969
15564,2.3847708702087402,-0.7064116597175598
15565,2.363689422607422,-0.7185401916503906
15566,2.2121663093566895,-0.6201783418655396
15567,2.363096237182617,-0.6402828097343445
15568,2.3288934230804443,-0.6887722611427307
15569,2.521958589553833,-0.7420405745506287
15570,2.233281135559082,-0.6898795366287231
15571,2.1920719146728516,-0.6428391337394714
15572,2.4914143085479736,-0.7610626220703125
15573,2.402045249938965,-0.7327080368995667
15574,2.1440391540527344,-0.7179721593856812
15575,2.6624584197998047,-0.7722547650337219
15576,2.0872771739959717,-0.6729638576507568
15577,2.045016288757324,-0.6072640419006348
15578,2.386535406112671,-0.6470409631729126
15579,2.423595666885376,-0.7541596293449402
15580,2.3810973167419434,-0.6970474720001221
15581,2.5170352458953857,-0.7092189788818359
15582,2.2636919021606445,-0.6523029804229736
15583,2.432511806488037,-0.6492286920547485
15584,2.1513662338256836,-0.6776486039161682
15585,2.209134101867676,-0.7367820143699646
15586,2.034449338912964,-0.6881614923477173
15587,2.3875293731689453,-0.6550922989845276
15588,2.455410957336426,-0.6450353264808655
15589,2.3696985244750977,-0.7718026638031006
15590,2.2638490200042725,-0.6670581102371216
15591,2.448481559753418,-0.7138856649398804
15592,2.5112457275390625,-0.5960350036621094
15593,2.083173990249634,-0.6825921535491943
15594,2.1445276737213135,-0.6285445094108582
15595,2.0670676231384277,-0.7203388810157776
15596,2.235799789428711,-0.7096337080001831
15597,1.8964184522628784,-0.6781649589538574
15598,2.4821832180023193,-0.7467995285987854
15599,2.1158504486083984,-0.6498560905456543
15600,2.2766947746276855,-0.7561811804771423
15601,2.455674648284912,-0.6554450392723083
15602,2.3650412559509277,-0.737417459487915
15603,2.3160948753356934,-0.6920427680015564
15604,2.353569984436035,-0.5866687893867493
15605,2.1764020919799805,-0.746620774269104
15606,2.124906063079834,-0.6641538739204407
15607,2.2514591217041016,-0.6244924664497375
15608,2.2153267860412598,-0.6901912093162537
15609,2.2922935485839844,-0.688931941986084
15610,2.1055445671081543,-0.666830837726593
15611,2.531994342803955,-0.6292644143104553
15612,2.1794703006744385,-0.7616914510726929
15613,2.1054344177246094,-0.6927580237388611
15614,2.311534881591797,-0.6602899432182312
15615,2.083340883255005,-0.6421734094619751
15616,2.2339553833007812,-0.6251713037490845
15617,2.19952130317688,-0.6510845422744751
15618,2.170563220977783,-0.6328350901603699
15619,2.330622673034668,-0.7920933365821838
15620,2.244378089904785,-0.6822910904884338
15621,2.4232685565948486,-0.6583619117736816
15622,2.107154369354248,-0.6671671867370605
15623,2.1704556941986084,-0.625215470790863
15624,2.263667106628418,-0.6586567759513855
15625,2.400460720062256,-0.7179625034332275
15626,2.569802761077881,-0.6972324252128601
15627,2.110483169555664,-0.6772888898849487
15628,2.5954573154449463,-0.7429162859916687
15629,2.5742218494415283,-0.7724047303199768
15630,2.226135730743408,-0.6685807108879089
15631,2.265359401702881,-0.5754388570785522
15632,2.1073014736175537,-0.6411868929862976
15633,2.322662830352783,-0.7369019389152527
15634,2.2424888610839844,-0.6992534399032593
15635,2.4357662200927734,-0.8030411005020142
15636,2.356173515319824,-0.8006240129470825
15637,1.9024311304092407,-0.6578342914581299
15638,2.4267401695251465,-0.6786148548126221
15639,2.3960700035095215,-0.7001125812530518
15640,2.1525020599365234,-0.713296115398407
15641,2.2025444507598877,-0.6694003343582153
15642,2.1489105224609375,-0.6825281381607056
15643,2.1893677711486816,-0.6514344215393066
15644,2.312196731567383,-0.6342703104019165
15645,2.10463547706604,-0.6218751668930054
15646,2.3154473304748535,-0.692483127117157
15647,2.1366961002349854,-0.7862837910652161
15648,2.400078773498535,-0.7400434613227844
15649,2.549006462097168,-0.75315260887146
15650,2.393962860107422,-0.6972091794013977
15651,2.076723575592041,-0.6398776769638062
15652,2.433723211288452,-0.6605750322341919
15653,2.256964921951294,-0.6840883493423462
15654,2.560662269592285,-0.720975935459137
15655,2.021713972091675,-0.6827564835548401
15656,1.9455525875091553,-0.6262708902359009
15657,2.8362293243408203,-0.6486272215843201
15658,2.2353978157043457,-0.6695745587348938
15659,2.541616439819336,-0.7026686072349548
15660,2.102656841278076,-0.7013710737228394
15661,2.3672714233398438,-0.6942282915115356
15662,2.226534843444824,-0.6667082905769348
15663,2.586994171142578,-0.6489357948303223
15664,2.1562721729278564,-0.7434477806091309
15665,2.0547497272491455,-0.5792844891548157
15666,2.4939589500427246,-0.7447518706321716
15667,2.2527685165405273,-0.7538629174232483
15668,2.1283442974090576,-0.7185707092285156
15669,2.434173107147217,-0.6648204326629639
15670,2.2826006412506104,-0.7798227071762085
15671,2.3026890754699707,-0.6180418729782104
15672,2.1700124740600586,-0.6516781449317932
15673,2.1310694217681885,-0.6444173455238342
15674,2.8325624465942383,-0.7243173122406006
15675,1.883547067642212,-0.6853101253509521
15676,1.9947056770324707,-0.6825305223464966
15677,2.596463441848755,-0.7049753069877625
15678,2.274015426635742,-0.6782076358795166
15679,2.3443000316619873,-0.706305742263794
15680,2.2546730041503906,-0.6499478816986084
15681,2.2968263626098633,-0.7093687653541565
15682,2.3152196407318115,-0.6089522242546082
15683,2.3918142318725586,-0.7613809108734131
15684,2.256272315979004,-0.7286660075187683
15685,2.225454330444336,-0.6515042185783386
15686,2.0572352409362793,-0.5755521059036255
15687,2.37906813621521,-0.7024781107902527
15688,2.210190773010254,-0.6505515575408936
15689,2.2233381271362305,-0.6768911480903625
15690,2.2296788692474365,-0.7138569355010986
15691,2.181340217590332,-0.6719781756401062
15692,1.7848191261291504,-0.6038832068443298
15693,2.2159829139709473,-0.6773064136505127
15694,2.2978429794311523,-0.7037467360496521
15695,2.2955706119537354,-0.7351507544517517
15696,2.3031511306762695,-0.7027488946914673
15697,2.6252317428588867,-0.6413219571113586
15698,2.5384349822998047,-0.6555725932121277
15699,2.908596992492676,-0.6825963854789734
15700,1.9918705224990845,-0.6210733652114868
15701,2.5307979583740234,-0.5783759355545044
15702,2.256133794784546,-0.6542781591415405
15703,2.4221854209899902,-0.7046340107917786
15704,2.22646427154541,-0.6677460670471191
15705,2.313319444656372,-0.7271121740341187
15706,2.669318199157715,-0.6204973459243774
15707,2.5264878273010254,-0.739845335483551
15708,2.7025420665740967,-0.6977809071540833
15709,2.190727710723877,-0.7493724226951599
15710,2.4679179191589355,-0.6966392397880554
15711,2.4137840270996094,-0.6052696108818054
15712,2.4451587200164795,-0.6158817410469055
15713,2.459023952484131,-0.6710585951805115
15714,2.0863895416259766,-0.6490219235420227
15715,2.178311347961426,-0.6674204468727112
15716,1.9247865676879883,-0.6892061829566956
15717,2.3070530891418457,-0.6739506721496582
15718,2.322927474975586,-0.660182774066925
15719,2.3666574954986572,-0.6473347544670105
15720,2.0416760444641113,-0.7200021147727966
15721,2.496738910675049,-0.7617623209953308
15722,2.443326950073242,-0.7346241474151611
15723,2.0381641387939453,-0.6251341104507446
15724,2.286046028137207,-0.7143265008926392
15725,2.525451183319092,-0.6075910329818726
15726,2.184007167816162,-0.6616474390029907
15727,2.2449111938476562,-0.6561596393585205
15728,2.4159536361694336,-0.6751767992973328
15729,2.188647747039795,-0.6690793037414551
15730,2.35676908493042,-0.6245604157447815
15731,2.2652649879455566,-0.6919220089912415
15732,2.483372449874878,-0.6979916095733643
15733,2.0562071800231934,-0.6829670071601868
15734,2.241973876953125,-0.6630197763442993
15735,2.208637237548828,-0.7145153284072876
15736,2.735297679901123,-0.7152298092842102
15737,2.276970386505127,-0.6960075497627258
15738,2.0817465782165527,-0.698468029499054
15739,2.09592342376709,-0.6732437610626221
15740,2.502798557281494,-0.7544255256652832
15741,2.0114667415618896,-0.6574551463127136
15742,2.129700183868408,-0.686110258102417
15743,2.2290306091308594,-0.6986116170883179
15744,2.3491287231445312,-0.6285383105278015
15745,1.9116071462631226,-0.6949701905250549
15746,2.580406904220581,-0.7360893487930298
15747,2.2429590225219727,-0.7420377135276794
15748,2.163097858428955,-0.6315173506736755
15749,2.135934352874756,-0.692189633846283
15750,2.0487914085388184,-0.6670742034912109
15751,2.3277249336242676,-0.6960539221763611
15752,2.28590726852417,-0.6935696601867676
15753,2.091120481491089,-0.6247511506080627
15754,2.3247270584106445,-0.7038614749908447
15755,2.3517589569091797,-0.668670117855072
15756,2.134258270263672,-0.6927840709686279
15757,2.0955076217651367,-0.6632742285728455
15758,2.3411688804626465,-0.7052395343780518
15759,2.1450304985046387,-0.6230140328407288
15760,2.0669641494750977,-0.6341211199760437
15761,1.9754564762115479,-0.6509040594100952
15762,2.3111400604248047,-0.8062543272972107
15763,2.2979283332824707,-0.7009138464927673
15764,2.043583869934082,-0.6217185258865356
15765,1.9376347064971924,-0.6309010982513428
15766,2.3331165313720703,-0.7471240162849426
15767,2.1850361824035645,-0.6635031700134277
15768,2.5560574531555176,-0.7226877808570862
15769,2.2134294509887695,-0.7610929608345032
15770,2.6109092235565186,-0.7237598299980164
15771,2.3312742710113525,-0.7539299130439758
15772,2.4657797813415527,-0.6775714159011841
15773,2.16935396194458,-0.667879581451416
15774,2.799866199493408,-0.7218101024627686
15775,2.310001850128174,-0.7132030725479126
15776,2.260301113128662,-0.6881710290908813
15777,2.322923183441162,-0.6623478531837463
15778,2.3150787353515625,-0.6572268605232239
15779,2.9275946617126465,-0.7142868041992188
15780,2.3869524002075195,-0.7283852100372314
15781,2.364715576171875,-0.7049303650856018
15782,2.23561692237854,-0.6822988390922546
15783,2.3334429264068604,-0.7042756080627441
15784,2.4176106452941895,-0.6667956709861755
15785,2.05653715133667,-0.6499001979827881
15786,2.5231504440307617,-0.7494572997093201
15787,2.209264039993286,-0.6640740036964417
15788,2.0388975143432617,-0.6749650835990906
15789,2.311831474304199,-0.6528261303901672
15790,2.354356288909912,-0.6937267780303955
15791,2.290952682495117,-0.7284355163574219
15792,2.170808792114258,-0.6561451554298401
15793,2.0502803325653076,-0.6332470774650574
15794,2.115924835205078,-0.6775349974632263
15795,2.6400370597839355,-0.7062984704971313
15796,2.400496006011963,-0.7549577951431274
15797,2.121429443359375,-0.7239869832992554
15798,2.2450289726257324,-0.6941245794296265
15799,2.383162021636963,-0.6480095386505127
15800,2.0385758876800537,-0.6714235544204712
15801,2.0658626556396484,-0.7002624273300171
15802,2.0295650959014893,-0.672231912612915
15803,2.5096070766448975,-0.6976029276847839
15804,2.1641836166381836,-0.677290678024292
15805,2.327160120010376,-0.6319280862808228
15806,2.1897313594818115,-0.6351257562637329
15807,2.6593446731567383,-0.6325017809867859
15808,2.495105028152466,-0.7300512790679932
15809,2.1139979362487793,-0.754513680934906
15810,2.1345720291137695,-0.6780957579612732
15811,2.2281041145324707,-0.6711772084236145
15812,2.314216136932373,-0.7422840595245361
15813,2.665874481201172,-0.6705499887466431
15814,2.570932626724243,-0.7448582649230957
15815,2.267746925354004,-0.6130714416503906
15816,2.2763831615448,-0.6247447729110718
15817,2.4252867698669434,-0.7023959159851074
15818,2.0787525177001953,-0.5560101866722107
15819,2.137515068054199,-0.6679980754852295
15820,2.3926141262054443,-0.7233641147613525
15821,2.2261672019958496,-0.721668004989624
15822,2.7027432918548584,-0.7087189555168152
15823,2.3896143436431885,-0.662915050983429
15824,2.071442127227783,-0.6648916602134705
15825,2.2337489128112793,-0.663278341293335
15826,2.3266420364379883,-0.6656982898712158
15827,2.0262551307678223,-0.7056519985198975
15828,2.276214599609375,-0.7097710967063904
15829,1.9986200332641602,-0.5802931785583496
15830,2.0284228324890137,-0.676461935043335
15831,1.9817849397659302,-0.6985896229743958
15832,2.1445860862731934,-0.6681059002876282
15833,2.5617246627807617,-0.6507382988929749
15834,2.3758726119995117,-0.6460505127906799
15835,2.474262237548828,-0.748577356338501
15836,2.2454376220703125,-0.6892896294593811
15837,1.890204668045044,-0.6816773414611816
15838,2.377072811126709,-0.6751464605331421
15839,1.9598894119262695,-0.6793976426124573
15840,2.1422691345214844,-0.7205787897109985
15841,2.2293803691864014,-0.6891681551933289
15842,2.3777449131011963,-0.7006567120552063
15843,2.106802463531494,-0.7514326572418213
15844,2.354523181915283,-0.5956832766532898
15845,2.7865989208221436,-0.5883211493492126
15846,2.198636054992676,-0.8025832176208496
15847,2.4781384468078613,-0.6641451120376587
15848,2.2723398208618164,-0.7182480692863464
15849,2.4549150466918945,-0.5893638134002686
15850,1.9769545793533325,-0.6551389098167419
15851,2.3072237968444824,-0.6996719241142273
15852,2.366412401199341,-0.6988804340362549
15853,2.0498604774475098,-0.6646034121513367
15854,2.1963958740234375,-0.6800575256347656
15855,2.099144458770752,-0.6878578662872314
15856,2.2555458545684814,-0.6238473653793335
15857,2.431030750274658,-0.654598593711853
15858,2.0229413509368896,-0.7120071649551392
15859,2.709352970123291,-0.7250325083732605
15860,2.110856533050537,-0.7630309462547302
15861,2.7084336280822754,-0.6414187550544739
15862,2.6515607833862305,-0.6990325450897217
15863,2.1643991470336914,-0.6819859147071838
15864,2.0946788787841797,-0.7209532856941223
15865,2.5864152908325195,-0.7542141675949097
15866,2.1497554779052734,-0.7360941171646118
15867,2.5358967781066895,-0.7131574749946594
15868,2.1913914680480957,-0.7518887519836426
15869,2.3915882110595703,-0.6761606335639954
15870,2.4032459259033203,-0.6750379204750061
15871,2.33787202835083,-0.6678357124328613
15872,2.2577035427093506,-0.6823868751525879
15873,2.2914271354675293,-0.6947283744812012
15874,2.331667423248291,-0.6498236060142517
15875,2.3097596168518066,-0.7071832418441772
15876,2.0669567584991455,-0.6435539126396179
15877,2.059844493865967,-0.6551846861839294
15878,1.9939544200897217,-0.6923149824142456
15879,2.1247572898864746,-0.6542423367500305
15880,2.1794686317443848,-0.7058833241462708
15881,2.6587584018707275,-0.708940327167511
15882,2.143533229827881,-0.758025586605072
15883,2.4027938842773438,-0.7147775888442993
15884,2.4839534759521484,-0.7828909158706665
15885,2.308518886566162,-0.6937344074249268
15886,2.0456345081329346,-0.5656736493110657
15887,2.1267824172973633,-0.6253443360328674
15888,1.9855835437774658,-0.641751229763031
15889,2.2437856197357178,-0.7464576959609985
15890,2.1897964477539062,-0.7375885844230652
15891,2.289933919906616,-0.6788221001625061
15892,2.114818811416626,-0.5935988426208496
15893,2.479823112487793,-0.6391398906707764
15894,2.1197078227996826,-0.7553457617759705
15895,2.3597028255462646,-0.707165539264679
15896,2.315436363220215,-0.7016649842262268
15897,2.3375587463378906,-0.6979546546936035
15898,2.402557611465454,-0.7317128777503967
15899,1.9609739780426025,-0.6988337635993958
15900,2.623669147491455,-0.7785928249359131
15901,1.928856611251831,-0.7255387902259827
15902,2.3713762760162354,-0.7951700687408447
15903,2.346280097961426,-0.7241548895835876
15904,2.761624813079834,-0.6924732327461243
15905,2.51794695854187,-0.622487485408783
15906,2.8182244300842285,-0.7023546695709229
15907,2.440261125564575,-0.7752031683921814
15908,2.2485227584838867,-0.6641831994056702
15909,2.284641742706299,-0.6521511077880859
15910,2.07015323638916,-0.6650429368019104
15911,2.13413405418396,-0.5526900291442871
15912,2.2005810737609863,-0.6648486852645874
15913,2.327300548553467,-0.6811344027519226
15914,2.244670867919922,-0.6948617696762085
15915,2.479457139968872,-0.6813458204269409
15916,2.245786666870117,-0.6746342182159424
15917,2.2560694217681885,-0.6139494180679321
15918,2.020390033721924,-0.7364094257354736
15919,2.845536231994629,-0.706092357635498
15920,2.386798858642578,-0.6458063721656799
15921,2.134495735168457,-0.7008059620857239
15922,2.4243292808532715,-0.6706489324569702
15923,2.1078884601593018,-0.7215387225151062
15924,2.07228684425354,-0.7771894931793213
15925,2.538977861404419,-0.7825557589530945
15926,2.041134834289551,-0.6844871640205383
15927,1.9234442710876465,-0.6401376128196716
15928,2.3052542209625244,-0.6381775140762329
15929,2.488553285598755,-0.6532407402992249
15930,1.8095204830169678,-0.6203598976135254
15931,2.415921688079834,-0.6505179405212402
15932,2.3457984924316406,-0.6016252040863037
15933,2.359844207763672,-0.5564706921577454
15934,2.2308802604675293,-0.6716634631156921
15935,2.2027125358581543,-0.6759129166603088
15936,2.449120044708252,-0.6946264505386353
15937,2.230861186981201,-0.641375720500946
15938,2.453963041305542,-0.728097140789032
15939,2.3530547618865967,-0.6300556659698486
15940,2.3643200397491455,-0.7321557402610779
15941,2.447375774383545,-0.6870530843734741
15942,2.5311684608459473,-0.7631210088729858
15943,2.309511184692383,-0.7146531939506531
15944,2.2403056621551514,-0.6280290484428406
15945,2.1574103832244873,-0.6728859543800354
15946,2.2625765800476074,-0.6172435283660889
15947,2.1696929931640625,-0.641953706741333
15948,2.320783853530884,-0.680712878704071
15949,2.1839070320129395,-0.7091010808944702
15950,2.096951484680176,-0.5910383462905884
15951,2.8834872245788574,-0.6938995122909546
15952,1.9489901065826416,-0.6373366713523865
15953,2.4499669075012207,-0.6333633661270142
15954,2.16304612159729,-0.6887169480323792
15955,2.294527292251587,-0.6525818109512329
15956,2.4022514820098877,-0.7339237928390503
15957,2.268796443939209,-0.708914577960968
15958,2.183838129043579,-0.6335019469261169
15959,2.245770215988159,-0.6565877795219421
15960,1.9380958080291748,-0.731341540813446
15961,2.5470566749572754,-0.8268746137619019
15962,2.205575466156006,-0.7140288352966309
15963,2.245582342147827,-0.6481461524963379
15964,2.0999717712402344,-0.6601830124855042
15965,2.1242237091064453,-0.6639494299888611
15966,2.5330944061279297,-0.6834123730659485
15967,2.391399621963501,-0.7047337293624878
15968,2.1062517166137695,-0.6760172843933105
15969,2.161377429962158,-0.66441810131073
15970,2.246988534927368,-0.7048559784889221
15971,2.003260374069214,-0.6451472640037537
15972,2.576146125793457,-0.666323184967041
15973,2.2054593563079834,-0.6574347615242004
15974,2.316204071044922,-0.7442100644111633
15975,2.3862829208374023,-0.6473897695541382
15976,2.5833730697631836,-0.5863676071166992
15977,2.3219716548919678,-0.6938415765762329
15978,2.168266773223877,-0.7254305481910706
15979,2.431365489959717,-0.6618799567222595
15980,1.9020614624023438,-0.6437945365905762
15981,2.5130295753479004,-0.6795917749404907
15982,1.8825234174728394,-0.6858562231063843
15983,2.1390867233276367,-0.6321941614151001
15984,2.091750144958496,-0.6639018058776855
15985,2.198739528656006,-0.6530398726463318
15986,2.170238971710205,-0.7507438659667969
15987,2.139224052429199,-0.5937216281890869
15988,2.180978298187256,-0.7642274498939514
15989,1.9432731866836548,-0.6498507857322693
15990,2.538792848587036,-0.6491922736167908
15991,1.787377119064331,-0.6788554191589355
15992,2.2220306396484375,-0.6934033036231995
15993,2.3237507343292236,-0.6530187726020813
15994,2.4777579307556152,-0.66370689868927
15995,2.221802234649658,-0.6681545972824097
15996,2.6664233207702637,-0.6163429021835327
15997,2.389846086502075,-0.7682811617851257
15998,2.2956857681274414,-0.7524768710136414
15999,2.696263551712036,-0.6786134243011475
16000,2.547785997390747,-0.6620299816131592
16001,2.234182834625244,-0.5947628617286682
16002,3.3263721466064453,-0.7692469954490662
16003,2.1629726886749268,-0.7109258770942688
16004,2.4051785469055176,-0.668630838394165
16005,2.2256433963775635,-0.6379056572914124
16006,2.2465944290161133,-0.6599622964859009
16007,2.0759360790252686,-0.5851004123687744
16008,2.4489693641662598,-0.7455505132675171
16009,2.213738441467285,-0.7129051089286804
16010,2.626950263977051,-0.7384814620018005
16011,2.1826634407043457,-0.6568644642829895
16012,2.3356895446777344,-0.6020762324333191
16013,2.3586020469665527,-0.5802931189537048
16014,3.288628339767456,-0.5785837769508362
16015,2.335069417953491,-0.7535695433616638
16016,2.5221011638641357,-0.7091481685638428
16017,2.4280083179473877,-0.6084578037261963
16018,2.471074104309082,-0.6203044056892395
16019,2.3505167961120605,-0.6490800380706787
16020,2.355722188949585,-0.7890846729278564
16021,2.4080944061279297,-0.650961697101593
16022,2.438539505004883,-0.650360107421875
16023,2.574104070663452,-0.6151683926582336
16024,2.704741954803467,-0.7275888323783875
16025,2.0851311683654785,-0.6331427693367004
16026,2.38377046585083,-0.7102930545806885
16027,2.0156078338623047,-0.6488645672798157
16028,2.345264434814453,-0.7451720237731934
16029,2.185485363006592,-0.7288838028907776
16030,2.1581428050994873,-0.6386144161224365
16031,1.9865787029266357,-0.6639751195907593
16032,2.0522470474243164,-0.6510378122329712
16033,2.178025245666504,-0.7276774644851685
16034,2.1698317527770996,-0.647880494594574
16035,2.174844264984131,-0.7157347798347473
16036,2.2454540729522705,-0.6208758354187012
16037,2.14115309715271,-0.6740471124649048
16038,1.9558539390563965,-0.6686558723449707
16039,2.2002487182617188,-0.6925574541091919
16040,2.0578837394714355,-0.6703857183456421
16041,2.331490993499756,-0.7199033498764038
16042,2.2739439010620117,-0.7167539000511169
16043,2.137558698654175,-0.6920459270477295
16044,2.4398579597473145,-0.7482936978340149
16045,2.4347403049468994,-0.6724937558174133
16046,2.0550332069396973,-0.6836255788803101
16047,2.174757957458496,-0.6912760734558105
16048,2.1871767044067383,-0.6311591267585754
16049,2.30497407913208,-0.625449001789093
16050,2.4385528564453125,-0.698466956615448
16051,2.4542291164398193,-0.6820165514945984
16052,2.485579490661621,-0.6872588992118835
16053,2.0742757320404053,-0.6654341220855713
16054,2.838472843170166,-0.5619521141052246
16055,1.8620367050170898,-0.5896178483963013
16056,2.4338440895080566,-0.7331907749176025
16057,2.3964786529541016,-0.7965708374977112
16058,2.469850778579712,-0.6705514788627625
16059,2.1922671794891357,-0.6333339214324951
16060,2.060361385345459,-0.7216210961341858
16061,2.562635660171509,-0.6656990647315979
16062,2.364039897918701,-0.6869470477104187
16063,2.138136863708496,-0.6699862480163574
16064,2.3696341514587402,-0.7199283838272095
16065,2.338803768157959,-0.6618747115135193
16066,2.310272216796875,-0.6804570555686951
16067,2.0895822048187256,-0.6967061758041382
16068,2.206150531768799,-0.6497249603271484
16069,2.285097599029541,-0.7139160633087158
16070,2.543827533721924,-0.7477773427963257
16071,2.2551536560058594,-0.718363344669342
16072,1.9831218719482422,-0.6463868618011475
16073,2.126293420791626,-0.6036744117736816
16074,2.322725534439087,-0.5846669673919678
16075,2.115103244781494,-0.6838522553443909
16076,2.4806711673736572,-0.6819121837615967
16077,2.296111583709717,-0.7061498761177063
16078,2.3273138999938965,-0.6597616672515869
16079,2.050786256790161,-0.59263014793396
16080,2.2331364154815674,-0.679465115070343
16081,2.3242087364196777,-0.6672812700271606
16082,2.6291556358337402,-0.7245900630950928
16083,2.4896938800811768,-0.6868476271629333
16084,2.221491813659668,-0.6819981336593628
16085,1.9164024591445923,-0.68767911195755
16086,2.4860167503356934,-0.7688345313072205
16087,2.4276678562164307,-0.7142791748046875
16088,2.3711769580841064,-0.7184725403785706
16089,1.9545469284057617,-0.6730992197990417
16090,2.158886194229126,-0.649122416973114
16091,2.481893539428711,-0.6515328884124756
16092,2.034903049468994,-0.6667962670326233
16093,2.1281819343566895,-0.6599194407463074
16094,2.4274468421936035,-0.7066609263420105
16095,2.418062448501587,-0.7030667662620544
16096,1.9971529245376587,-0.6375701427459717
16097,2.140902280807495,-0.6565393209457397
16098,2.1592507362365723,-0.6390640735626221
16099,2.302251100540161,-0.6444962024688721
16100,2.065408706665039,-0.6034722924232483
16101,2.2498910427093506,-0.6916025280952454
16102,2.0386111736297607,-0.7015588879585266
16103,2.009449005126953,-0.65546715259552
16104,2.187952995300293,-0.5806064009666443
16105,2.4439444541931152,-0.6329646706581116
16106,2.2189157009124756,-0.5742536187171936
16107,2.4112157821655273,-0.7283319234848022
16108,2.497758626937866,-0.7324655652046204
16109,1.9762823581695557,-0.6705700159072876
16110,2.3729021549224854,-0.6753191947937012
16111,2.3866686820983887,-0.7103855013847351
16112,2.1228411197662354,-0.6807512044906616
16113,2.135878562927246,-0.6166318655014038
16114,1.927240252494812,-0.6887128353118896
16115,2.277942657470703,-0.6947882771492004
16116,2.38161039352417,-0.6962386965751648
16117,2.094511032104492,-0.6434579491615295
16118,2.1348648071289062,-0.6548711657524109
16119,2.1406452655792236,-0.6453547477722168
16120,2.225973129272461,-0.6539098620414734
16121,2.2104878425598145,-0.7931146025657654
16122,2.183542490005493,-0.7032849192619324
16123,2.107715368270874,-0.6996179223060608
16124,2.114783763885498,-0.6625308990478516
16125,3.04335355758667,-0.6869139075279236
16126,2.4260120391845703,-0.7077786922454834
16127,2.0825417041778564,-0.6874997615814209
16128,2.1808829307556152,-0.7083173990249634
16129,2.158965587615967,-0.6263670921325684
16130,2.622199296951294,-0.742196798324585
16131,2.3303592205047607,-0.6893147230148315
16132,2.3082947731018066,-0.6693426370620728
16133,2.348843574523926,-0.6901692748069763
16134,2.217918634414673,-0.7208508253097534
16135,2.8498735427856445,-0.6936787366867065
16136,2.326671838760376,-0.7140361666679382
16137,2.1920628547668457,-0.6392557621002197
16138,1.9881808757781982,-0.6218082904815674
16139,2.5320534706115723,-0.6341965794563293
16140,2.15153169631958,-0.6362917423248291
16141,2.3727071285247803,-0.6891372203826904
16142,2.3274168968200684,-0.712016761302948
16143,2.0962722301483154,-0.6933966875076294
16144,2.3871731758117676,-0.7040828466415405
16145,2.2652411460876465,-0.6822549700737
16146,2.667341709136963,-0.6861580014228821
16147,2.3243484497070312,-0.7271347641944885
16148,2.013955593109131,-0.6603662371635437
16149,2.3759546279907227,-0.6433925032615662
16150,2.266449213027954,-0.604745626449585
16151,2.220132350921631,-0.650340735912323
16152,1.8676462173461914,-0.6600106954574585
16153,2.2123184204101562,-0.6191573143005371
16154,2.27164626121521,-0.6557887196540833
16155,2.252293586730957,-0.6826010346412659
16156,2.2759275436401367,-0.7529803514480591
16157,2.4751548767089844,-0.6960408091545105
16158,2.349349021911621,-0.5973103046417236
16159,2.296287775039673,-0.6008551120758057
16160,2.5097601413726807,-0.6519004106521606
16161,2.365748405456543,-0.72908616065979
16162,2.20245099067688,-0.7158525586128235
16163,2.5684256553649902,-0.6746005415916443
16164,2.2996537685394287,-0.6774799227714539
16165,2.0776309967041016,-0.7018707394599915
16166,2.244837760925293,-0.6469003558158875
16167,2.329284906387329,-0.5999938249588013
16168,2.331268548965454,-0.7360343933105469
16169,2.1892359256744385,-0.6485905647277832
16170,2.177440643310547,-0.6785638332366943
16171,2.1706643104553223,-0.596602201461792
16172,2.4611785411834717,-0.6218039989471436
16173,2.093630075454712,-0.6764572262763977
16174,2.017533779144287,-0.7175540924072266
16175,2.2275261878967285,-0.6664462089538574
16176,2.1472108364105225,-0.7525604963302612
16177,2.4464125633239746,-0.641802966594696
16178,2.264777660369873,-0.6351373791694641
16179,2.0104663372039795,-0.5948371887207031
16180,2.51025128364563,-0.6525148153305054
16181,2.1256799697875977,-0.7330734133720398
16182,2.4907822608947754,-0.7228862047195435
16183,2.331692695617676,-0.6902195811271667
16184,2.1296114921569824,-0.6972494721412659
16185,2.1592295169830322,-0.6425009369850159
16186,2.085073709487915,-0.7194789052009583
16187,2.044943332672119,-0.6531596183776855
16188,2.427398681640625,-0.6962689757347107
16189,2.2905421257019043,-0.6978767514228821
16190,2.3495476245880127,-0.6789550185203552
16191,2.2043697834014893,-0.635869026184082
16192,2.377063274383545,-0.7152109742164612
16193,1.9721348285675049,-0.6835599541664124
16194,2.2909021377563477,-0.753875732421875
16195,2.424586772918701,-0.7478148937225342
16196,2.384486198425293,-0.7161502242088318
16197,2.1715922355651855,-0.6306102871894836
16198,2.4045557975769043,-0.61809241771698
16199,2.334651470184326,-0.780975341796875
16200,2.3413476943969727,-0.6898248791694641
16201,2.2330985069274902,-0.6736012101173401
16202,2.8278045654296875,-0.66654372215271
16203,2.1558451652526855,-0.7073957920074463
16204,2.4738893508911133,-0.7773239612579346
16205,2.1619925498962402,-0.7001842260360718
16206,2.289600372314453,-0.7178699970245361
16207,2.297351837158203,-0.6290093064308167
16208,2.543342113494873,-0.6686916351318359
16209,2.146655559539795,-0.6231910586357117
16210,2.3021020889282227,-0.7361517548561096
16211,2.1602492332458496,-0.7101091146469116
16212,2.2782998085021973,-0.6861375570297241
16213,2.585237503051758,-0.6930098533630371
16214,2.445786476135254,-0.6639155745506287
16215,2.4639639854431152,-0.6627054810523987
16216,2.010924816131592,-0.6687572598457336
16217,2.3565237522125244,-0.7130325436592102
16218,2.6336474418640137,-0.6407100558280945
16219,2.4155149459838867,-0.7440445423126221
16220,2.468580722808838,-0.6772325038909912
16221,2.2965712547302246,-0.6803054809570312
16222,2.23445987701416,-0.5939311981201172
16223,2.903964042663574,-0.6062437295913696
16224,2.3748178482055664,-0.6938474178314209
16225,2.103219509124756,-0.712917685508728
16226,2.2607734203338623,-0.7266908288002014
16227,2.1102538108825684,-0.7603364586830139
16228,2.213676691055298,-0.6363786458969116
16229,2.4878716468811035,-0.7122824192047119
16230,2.156818389892578,-0.6702943444252014
16231,2.1366236209869385,-0.7260556221008301
16232,2.3141040802001953,-0.7523993849754333
16233,2.19453763961792,-0.6873372793197632
16234,2.398501396179199,-0.6548616290092468
16235,2.3589253425598145,-0.7579652667045593
16236,2.510162353515625,-0.7657080292701721
16237,2.768686294555664,-0.7898213863372803
16238,1.9455742835998535,-0.6745210886001587
16239,2.46179461479187,-0.7759050726890564
16240,2.120191812515259,-0.7123587131500244
16241,2.427921772003174,-0.7162086963653564
16242,2.0039916038513184,-0.6752011179924011
16243,2.3050613403320312,-0.6690275073051453
16244,2.505794048309326,-0.7288128733634949
16245,2.33298921585083,-0.7386523485183716
16246,2.0382437705993652,-0.6652480363845825
16247,2.184976577758789,-0.6828319430351257
16248,2.5715112686157227,-0.669425904750824
16249,2.289429187774658,-0.6670472025871277
16250,2.1676745414733887,-0.7210649847984314
16251,2.0504109859466553,-0.6612891554832458
16252,2.672752857208252,-0.7129222750663757
16253,2.4247405529022217,-0.6590120792388916
16254,2.289999485015869,-0.6812582612037659
16255,2.0674195289611816,-0.6300705075263977
16256,2.2627880573272705,-0.7181984782218933
16257,2.386991262435913,-0.6987255811691284
16258,2.200870990753174,-0.6607494950294495
16259,2.163334369659424,-0.7745080590248108
16260,2.4825220108032227,-0.6054443717002869
16261,2.3164360523223877,-0.6922073364257812
16262,2.4101767539978027,-0.7545455694198608
16263,2.1754508018493652,-0.6020163297653198
16264,2.085467576980591,-0.7266659736633301
16265,2.465259075164795,-0.6808114051818848
16266,2.2971179485321045,-0.6495145559310913
16267,2.3232059478759766,-0.6650688052177429
16268,2.5558602809906006,-0.6832480430603027
16269,2.3503646850585938,-0.6326670050621033
16270,2.1772289276123047,-0.7073461413383484
16271,2.442686080932617,-0.692375659942627
16272,2.1048972606658936,-0.6693616509437561
16273,2.2727041244506836,-0.6864179372787476
16274,2.327829122543335,-0.6153621077537537
16275,2.358848810195923,-0.6722864508628845
16276,2.344743251800537,-0.6306819915771484
16277,2.362126111984253,-0.6655990481376648
16278,2.1561899185180664,-0.6029133796691895
16279,2.231245279312134,-0.6411640644073486
16280,2.545971632003784,-0.7232154011726379
16281,2.4769184589385986,-0.7472648024559021
16282,2.3528122901916504,-0.6896119117736816
16283,2.566049098968506,-0.70909583568573
16284,2.354538917541504,-0.640658438205719
16285,2.0822713375091553,-0.5980321764945984
16286,2.101888656616211,-0.6761981248855591
16287,1.7875516414642334,-0.6495262384414673
16288,2.111990451812744,-0.6406146287918091
16289,2.4489197731018066,-0.8065592050552368
16290,2.6739277839660645,-0.7122334241867065
16291,1.9807795286178589,-0.6350589990615845
16292,2.408743381500244,-0.740678071975708
16293,2.107346534729004,-0.6898030042648315
16294,2.147078275680542,-0.6941468715667725
16295,2.6994028091430664,-0.689372181892395
16296,2.0037002563476562,-0.6782262921333313
16297,2.461095094680786,-0.6856332421302795
16298,2.314591884613037,-0.7249152660369873
16299,2.047762393951416,-0.6628319025039673
16300,2.048614501953125,-0.6685001850128174
16301,2.5262084007263184,-0.6259685754776001
16302,2.6135106086730957,-0.7858282327651978
16303,2.9034929275512695,-0.7110168933868408
16304,2.313702344894409,-0.6165077686309814
16305,1.9938315153121948,-0.5888131260871887
16306,2.2655770778656006,-0.5306137800216675
16307,2.465395450592041,-0.7006911635398865
16308,2.0260391235351562,-0.69953453540802
16309,2.494633436203003,-0.8107931017875671
16310,2.221505641937256,-0.6841337084770203
16311,2.1661581993103027,-0.674365758895874
16312,1.8826501369476318,-0.6938490867614746
16313,2.4295191764831543,-0.6263554692268372
16314,2.281186819076538,-0.6861003041267395
16315,2.436460494995117,-0.7710577249526978
16316,2.2518811225891113,-0.6310946941375732
16317,2.123216390609741,-0.7282779216766357
16318,2.657118797302246,-0.739922285079956
16319,2.1391401290893555,-0.7383224964141846
16320,2.013446569442749,-0.702524721622467
16321,2.7058088779449463,-0.6468548774719238
16322,2.4072377681732178,-0.6106119751930237
16323,2.06669282913208,-0.6507083177566528
16324,2.3855414390563965,-0.6191213726997375
16325,2.1093921661376953,-0.6247805953025818
16326,2.4162797927856445,-0.6251135468482971
16327,2.457766532897949,-0.6905307173728943
16328,2.517202854156494,-0.707933247089386
16329,2.018193483352661,-0.656653881072998
16330,2.128035068511963,-0.6914816498756409
16331,2.1452832221984863,-0.6267505884170532
16332,2.2621681690216064,-0.6804893612861633
16333,2.4130210876464844,-0.7038787603378296
16334,2.1765713691711426,-0.7096143364906311
16335,2.403446674346924,-0.6844261884689331
16336,2.351264476776123,-0.6272324919700623
16337,2.286397933959961,-0.6207239627838135
16338,2.4788172245025635,-0.6733913421630859
16339,2.102658748626709,-0.6788365244865417
16340,2.3184027671813965,-0.6859579682350159
16341,2.344919204711914,-0.7722485065460205
16342,2.4230923652648926,-0.6871958374977112
16343,2.5749969482421875,-0.6471318006515503
16344,1.8636428117752075,-0.5909931659698486
16345,2.4699771404266357,-0.7292668223381042
16346,2.054558277130127,-0.5835011005401611
16347,2.2007834911346436,-0.6754053235054016
16348,2.470843553543091,-0.6690352559089661
16349,2.538332939147949,-0.6918890476226807
16350,2.059966564178467,-0.5952138304710388
16351,2.0471267700195312,-0.6072782278060913
16352,2.167646646499634,-0.6654711961746216
16353,2.5130326747894287,-0.708085834980011
16354,2.2929773330688477,-0.7674908638000488
16355,2.528500556945801,-0.7358032464981079
16356,2.3763575553894043,-0.6805665493011475
16357,2.237966537475586,-0.6983382701873779
16358,2.040780544281006,-0.623986542224884
16359,2.4575514793395996,-0.7032372951507568
16360,2.408064842224121,-0.6350373029708862
16361,2.445615291595459,-0.7455711364746094
16362,2.383507490158081,-0.6715251207351685
16363,2.0359623432159424,-0.649380624294281
16364,2.2005090713500977,-0.7293817400932312
16365,2.2784008979797363,-0.6789348721504211
16366,2.2025105953216553,-0.673461377620697
16367,2.45035982131958,-0.6263440847396851
16368,2.5758986473083496,-0.6671290397644043
16369,2.1542749404907227,-0.6256618499755859
16370,2.839677095413208,-0.7444736361503601
16371,2.569636344909668,-0.8133315443992615
16372,2.3804707527160645,-0.7312381267547607
16373,2.2227373123168945,-0.5458336472511292
16374,2.3139209747314453,-0.6324403285980225
16375,2.273320436477661,-0.659966230392456
16376,1.6840232610702515,-0.6615806818008423
16377,2.146815538406372,-0.6808822154998779
16378,2.5065789222717285,-0.6224262714385986
16379,2.1234726905822754,-0.635982871055603
16380,2.153226852416992,-0.7724931240081787
16381,2.4939379692077637,-0.7546501755714417
16382,2.4225502014160156,-0.6388264894485474
16383,2.338979482650757,-0.7951962947845459
16384,2.4003992080688477,-0.7186474800109863
16385,2.39339542388916,-0.5965753793716431
16386,2.1221492290496826,-0.7118043303489685
16387,2.171417713165283,-0.7118053436279297
16388,1.9885611534118652,-0.6402344703674316
16389,2.326786994934082,-0.6333109140396118
16390,2.513967514038086,-0.7384853959083557
16391,2.3164939880371094,-0.6090709567070007
16392,2.4255928993225098,-0.6833924055099487
16393,2.5089664459228516,-0.6810526847839355
16394,2.297300338745117,-0.693310558795929
16395,2.57804536819458,-0.6570982336997986
16396,2.3377132415771484,-0.659576416015625
16397,2.092899799346924,-0.7336132526397705
16398,2.313413381576538,-0.6409521698951721
16399,2.3314027786254883,-0.6949868202209473
16400,1.8400776386260986,-0.619700014591217
16401,2.608750343322754,-0.7463520765304565
16402,2.6150407791137695,-0.6705734133720398
16403,2.1506638526916504,-0.6660128831863403
16404,2.0747218132019043,-0.714464545249939
16405,2.4034311771392822,-0.7309181094169617
16406,2.2385854721069336,-0.7264148592948914
16407,2.6502981185913086,-0.7426286935806274
16408,1.9638946056365967,-0.5661447644233704
16409,2.788828134536743,-0.772555947303772
16410,2.3023054599761963,-0.6765062212944031
16411,2.2949953079223633,-0.5888107419013977
16412,2.2584662437438965,-0.6449061036109924
16413,2.26076602935791,-0.6846438050270081
16414,2.2819905281066895,-0.5966763496398926
16415,2.096949577331543,-0.6611665487289429
16416,2.795161247253418,-0.695675790309906
16417,2.507948398590088,-0.7151039838790894
16418,2.1804637908935547,-0.6689932942390442
16419,2.4737448692321777,-0.6530532836914062
16420,2.25242280960083,-0.6612087488174438
16421,2.17063570022583,-0.7014293074607849
16422,2.0644948482513428,-0.5849295258522034
16423,2.1032071113586426,-0.6125140190124512
16424,2.4613213539123535,-0.6922147274017334
16425,2.5705418586730957,-0.5798910856246948
16426,2.462440013885498,-0.7164148688316345
16427,2.3415112495422363,-0.7826835513114929
16428,2.2198190689086914,-0.7426730394363403
16429,2.1793060302734375,-0.6359263062477112
16430,2.339393138885498,-0.6707051992416382
16431,2.4762167930603027,-0.6632557511329651
16432,2.478194236755371,-0.7527656555175781
16433,2.281174659729004,-0.7061511874198914
16434,2.4856624603271484,-0.7298305630683899
16435,2.1610429286956787,-0.6805905103683472
16436,2.5649988651275635,-0.6723253130912781
16437,2.0534873008728027,-0.6851133704185486
16438,2.082153081893921,-0.5925606489181519
16439,2.212174892425537,-0.6937997341156006
16440,2.1195666790008545,-0.658954381942749
16441,2.3819665908813477,-0.6068008542060852
16442,2.5478110313415527,-0.6486284136772156
16443,2.4109420776367188,-0.6553786396980286
16444,2.416688919067383,-0.7537906169891357
16445,2.2914648056030273,-0.7185422778129578
16446,2.27295184135437,-0.6124324798583984
16447,2.741780996322632,-0.625648021697998
16448,2.3348522186279297,-0.6535543203353882
16449,2.7648415565490723,-0.7054049968719482
16450,2.473417043685913,-0.6990174055099487
16451,2.192586898803711,-0.6589611768722534
16452,2.2144174575805664,-0.6013126373291016
16453,2.2284398078918457,-0.6767112612724304
16454,2.238853931427002,-0.6031109094619751
16455,2.048072099685669,-0.6981639862060547
16456,2.1757712364196777,-0.7358635663986206
16457,2.3136041164398193,-0.8208459615707397
16458,2.5126686096191406,-0.7099273800849915
16459,2.421635627746582,-0.6534984707832336
16460,2.7123959064483643,-0.798460066318512
16461,2.307708740234375,-0.7720574736595154
16462,2.304095983505249,-0.6931939125061035
16463,2.2468502521514893,-0.6474281549453735
16464,1.912977933883667,-0.6851499080657959
16465,2.271028518676758,-0.6671156287193298
16466,2.0924878120422363,-0.697335958480835
16467,2.4420230388641357,-0.7634535431861877
16468,2.3721742630004883,-0.6801634430885315
16469,2.5044896602630615,-0.6759929060935974
16470,2.444204330444336,-0.7114984393119812
16471,2.3037641048431396,-0.7245951890945435
16472,2.2350363731384277,-0.7233420014381409
16473,2.2614247798919678,-0.6434497237205505
16474,2.1343703269958496,-0.7113580107688904
16475,2.077226161956787,-0.6091966032981873
16476,2.3754358291625977,-0.7095130681991577
16477,2.2015740871429443,-0.6601068377494812
16478,2.6201157569885254,-0.7570278644561768
16479,2.2474112510681152,-0.7817598581314087
16480,2.596485137939453,-0.6998381018638611
16481,2.0862843990325928,-0.5626409649848938
16482,2.08665132522583,-0.6971915364265442
16483,2.7450098991394043,-0.7261258959770203
16484,2.45133113861084,-0.7925572991371155
16485,2.1775054931640625,-0.6662163734436035
16486,2.0393428802490234,-0.6230341196060181
16487,2.2000620365142822,-0.627551257610321
16488,2.206167459487915,-0.614330530166626
16489,2.7580509185791016,-0.6236604452133179
16490,2.0803956985473633,-0.6610217094421387
16491,2.5425450801849365,-0.7139777541160583
16492,2.48354172706604,-0.6444048881530762
16493,2.1444833278656006,-0.645934522151947
16494,2.350295066833496,-0.5700578093528748
16495,2.515245199203491,-0.6612086296081543
16496,2.5746631622314453,-0.7622155547142029
16497,2.2809019088745117,-0.7094051837921143
16498,2.152147054672241,-0.6898902058601379
16499,2.22741436958313,-0.5733276009559631
16500,2.388312339782715,-0.6481127142906189
16501,2.1843178272247314,-0.6841345429420471
16502,2.424563407897949,-0.7322679162025452
16503,2.170414924621582,-0.6870951652526855
16504,2.4377667903900146,-0.6528951525688171
16505,2.089921474456787,-0.6250313520431519
16506,2.229123115539551,-0.601503312587738
16507,2.529204845428467,-0.7213151454925537
16508,2.181673049926758,-0.6424479484558105
16509,2.3741369247436523,-0.7191341519355774
16510,2.626781463623047,-0.7312872409820557
16511,2.305563449859619,-0.6915530562400818
16512,2.138646125793457,-0.5873574614524841
16513,2.3799283504486084,-0.6346214413642883
16514,2.6535181999206543,-0.7161160111427307
16515,2.412311315536499,-0.6954587697982788
16516,2.01389741897583,-0.6800951957702637
16517,2.4022438526153564,-0.7118457555770874
16518,2.427518367767334,-0.6547576785087585
16519,2.970696210861206,-0.5877458453178406
16520,2.264911651611328,-0.7499637007713318
16521,2.4575560092926025,-0.6875836849212646
16522,2.424085855484009,-0.6502273082733154
16523,2.2366690635681152,-0.6642844676971436
16524,2.0492398738861084,-0.6839352250099182
16525,2.195249557495117,-0.700593888759613
16526,2.4335155487060547,-0.7132301926612854
16527,2.386587142944336,-0.8295089602470398
16528,2.20534610748291,-0.6731107831001282
16529,2.192674160003662,-0.6685452461242676
16530,2.083704948425293,-0.6944059729576111
16531,2.4010000228881836,-0.6607900261878967
16532,2.3362584114074707,-0.7102195620536804
16533,2.2933177947998047,-0.7098264098167419
16534,2.5283737182617188,-0.6695915460586548
16535,2.4217376708984375,-0.6227866411209106
16536,2.2213454246520996,-0.6685094237327576
16537,2.2682597637176514,-0.7554783821105957
16538,2.3656232357025146,-0.6930602788925171
16539,2.529003858566284,-0.7008863687515259
16540,2.2397007942199707,-0.646802544593811
16541,2.558659076690674,-0.6601181030273438
16542,2.3736846446990967,-0.6371309757232666
16543,2.3665008544921875,-0.6586371064186096
16544,2.4222965240478516,-0.6188670992851257
16545,2.230046272277832,-0.6949329972267151
16546,2.1554248332977295,-0.697068452835083
16547,2.915553092956543,-0.6942702531814575
16548,2.337737560272217,-0.7150800228118896
16549,2.648955821990967,-0.6375248432159424
16550,2.16333270072937,-0.6762010455131531
16551,2.1894664764404297,-0.6347633600234985
16552,2.3149163722991943,-0.7319570779800415
16553,2.318995475769043,-0.7885435223579407
16554,2.393183469772339,-0.6760268211364746
16555,2.166546583175659,-0.6015843152999878
16556,2.6418161392211914,-0.6718453764915466
16557,2.159050464630127,-0.6630410552024841
16558,2.242021083831787,-0.7822200059890747
16559,2.5272488594055176,-0.7181210517883301
16560,2.22025728225708,-0.6516376733779907
16561,2.3263487815856934,-0.6648073792457581
16562,2.296095371246338,-0.6651349663734436
16563,2.3542280197143555,-0.7031197547912598
16564,2.293130397796631,-0.7201294898986816
16565,1.9273818731307983,-0.5938344597816467
16566,2.5017433166503906,-0.7341277599334717
16567,2.632495880126953,-0.6768872737884521
16568,2.3789758682250977,-0.7663586139678955
16569,2.6817750930786133,-0.7260231971740723
16570,2.406543254852295,-0.7041296362876892
16571,2.2389111518859863,-0.6439725756645203
16572,2.30024790763855,-0.8078368902206421
16573,2.3499643802642822,-0.7554426789283752
16574,2.1541738510131836,-0.613823413848877
16575,2.181727886199951,-0.6900016069412231
16576,2.143733024597168,-0.7005804181098938
16577,2.424999713897705,-0.7419049739837646
16578,2.4358608722686768,-0.6813615560531616
16579,2.5181899070739746,-0.6236980557441711
16580,2.1040310859680176,-0.6333829760551453
16581,2.3690319061279297,-0.702826738357544
16582,1.8891174793243408,-0.6984421014785767
16583,2.4530014991760254,-0.659416913986206
16584,2.4425253868103027,-0.647316575050354
16585,2.403491497039795,-0.627795934677124
16586,2.3326525688171387,-0.6391062140464783
16587,2.310274124145508,-0.6966887712478638
16588,2.313671588897705,-0.665283739566803
16589,2.366325616836548,-0.7231166958808899
16590,2.536409854888916,-0.7284472584724426
16591,2.2092061042785645,-0.7062304615974426
16592,2.2305140495300293,-0.6863896250724792
16593,2.1432080268859863,-0.7193091511726379
16594,2.3448739051818848,-0.6449398994445801
16595,2.214090347290039,-0.6374154090881348
16596,2.29484224319458,-0.7411166429519653
16597,2.105851650238037,-0.6380401849746704
16598,2.2435736656188965,-0.6684873104095459
16599,2.1828489303588867,-0.7211236357688904
16600,2.207505702972412,-0.7378548383712769
16601,2.130735397338867,-0.6816905736923218
16602,2.3093504905700684,-0.6759892106056213
16603,2.216973304748535,-0.7467932105064392
16604,2.3803396224975586,-0.7369539141654968
16605,2.183532238006592,-0.7840145826339722
16606,2.267904043197632,-0.657443106174469
16607,2.382758140563965,-0.7156224846839905
16608,2.1433329582214355,-0.6444854736328125
16609,1.8518508672714233,-0.7267117500305176
16610,2.2559292316436768,-0.6891557574272156
16611,2.087711811065674,-0.6850026845932007
16612,2.2933831214904785,-0.6906079053878784
16613,2.4270901679992676,-0.6764487624168396
16614,2.1958513259887695,-0.7286139726638794
16615,2.238391399383545,-0.6677725315093994
16616,2.3948450088500977,-0.6722331047058105
16617,2.5991764068603516,-0.6779931783676147
16618,2.3281819820404053,-0.585758626461029
16619,2.3400373458862305,-0.6395558714866638
16620,2.191084861755371,-0.6465230584144592
16621,1.9464194774627686,-0.6396749019622803
16622,2.122864246368408,-0.7213834524154663
16623,2.6635360717773438,-0.759014368057251
16624,2.5059614181518555,-0.6969653964042664
16625,2.4006214141845703,-0.6622714996337891
16626,2.2082862854003906,-0.5661852359771729
16627,2.1616177558898926,-0.6464693546295166
16628,2.6421890258789062,-0.6838179230690002
16629,2.2782421112060547,-0.6395630836486816
16630,2.5743751525878906,-0.8110139966011047
16631,2.657785415649414,-0.7350452542304993
16632,2.1766295433044434,-0.6556093096733093
16633,2.5586071014404297,-0.6181387901306152
16634,2.379146099090576,-0.6258586645126343
16635,2.4223995208740234,-0.6375818252563477
16636,2.5125765800476074,-0.7241271734237671
16637,2.499638080596924,-0.6523646712303162
16638,2.2192981243133545,-0.6466759443283081
16639,2.647923469543457,-0.6958734393119812
16640,2.7640838623046875,-0.6138791441917419
16641,2.3948771953582764,-0.7980660200119019
16642,2.2448768615722656,-0.7179778218269348
16643,2.4430651664733887,-0.6811754107475281
16644,2.486412525177002,-0.678048849105835
16645,2.41845703125,-0.6009989380836487
16646,2.2555556297302246,-0.6383422613143921
16647,2.414562940597534,-0.6416308879852295
16648,2.4260194301605225,-0.7325515747070312
16649,2.318577766418457,-0.7637777924537659
16650,2.390923261642456,-0.6874647736549377
16651,2.3171825408935547,-0.6412899494171143
16652,2.351766347885132,-0.7319008111953735
16653,2.5377399921417236,-0.725527822971344
16654,2.424671173095703,-0.6738798022270203
16655,2.3060860633850098,-0.673911452293396
16656,2.4432120323181152,-0.7701466083526611
16657,2.2585527896881104,-0.7405351996421814
16658,2.3359766006469727,-0.6776943802833557
16659,2.4127612113952637,-0.7283825874328613
16660,2.5588793754577637,-0.6550424098968506
16661,2.1435046195983887,-0.6492337584495544
16662,2.3650150299072266,-0.7542903423309326
16663,2.3923797607421875,-0.7212947607040405
16664,2.3680007457733154,-0.7182835936546326
16665,2.093435287475586,-0.7002310156822205
16666,2.418807029724121,-0.7215801477432251
16667,2.2034430503845215,-0.6579251289367676
16668,2.135082960128784,-0.5740779042243958
16669,2.35321044921875,-0.6363450884819031
16670,2.6630659103393555,-0.7696536183357239
16671,2.435001850128174,-0.6866657733917236
16672,2.221588373184204,-0.7069552540779114
16673,1.9622435569763184,-0.7221060991287231
16674,2.3702173233032227,-0.7030137777328491
16675,2.334048271179199,-0.6531949043273926
16676,2.393688678741455,-0.6453425884246826
16677,2.547328472137451,-0.7958381175994873
16678,2.007220983505249,-0.6766224503517151
16679,2.2578630447387695,-0.6606149077415466
16680,2.0010476112365723,-0.575942873954773
16681,2.3834309577941895,-0.614009439945221
16682,2.0526793003082275,-0.656708300113678
16683,2.1443614959716797,-0.6670480966567993
16684,2.3722281455993652,-0.6776710748672485
16685,2.3328957557678223,-0.6724152565002441
16686,2.5002121925354004,-0.6741588115692139
16687,2.2045114040374756,-0.6639610528945923
16688,2.694580554962158,-0.6922269463539124
16689,2.601058006286621,-0.7088854908943176
16690,2.3987035751342773,-0.6267973184585571
16691,2.1486012935638428,-0.6274121999740601
16692,2.39382266998291,-0.6723821759223938
16693,2.326423168182373,-0.6665840148925781
16694,2.1655282974243164,-0.785410463809967
16695,2.557736873626709,-0.7121984958648682
16696,2.605440616607666,-0.6912494897842407
16697,2.11680269241333,-0.6426945328712463
16698,2.3337645530700684,-0.6190270781517029
16699,2.517232894897461,-0.6341697573661804
16700,2.3447906970977783,-0.7302420735359192
16701,2.399345636367798,-0.7240014672279358
16702,2.3006203174591064,-0.6809523105621338
16703,2.5550341606140137,-0.7221466302871704
16704,2.6805872917175293,-0.6938850283622742
16705,2.3136534690856934,-0.6846681833267212
16706,2.1710033416748047,-0.7115540504455566
16707,2.4136202335357666,-0.7094205617904663
16708,2.0199832916259766,-0.6056503653526306
16709,2.300840377807617,-0.698843240737915
16710,2.326608657836914,-0.7399823665618896
16711,2.2754790782928467,-0.6040804386138916
16712,2.146705389022827,-0.7177826166152954
16713,2.185380458831787,-0.7037398815155029
16714,2.1690568923950195,-0.653136670589447
16715,2.595946788787842,-0.7666797637939453
16716,2.4158143997192383,-0.7411074042320251
16717,2.3780758380889893,-0.7200815677642822
16718,2.2171781063079834,-0.7431561350822449
16719,2.4811277389526367,-0.6477190256118774
16720,2.3820505142211914,-0.7237024903297424
16721,2.589829444885254,-0.6496555209159851
16722,2.307842969894409,-0.6602327227592468
16723,2.1319570541381836,-0.6835559606552124
16724,2.1243200302124023,-0.6240727305412292
16725,2.653390407562256,-0.7447636127471924
16726,2.2937378883361816,-0.6450031995773315
16727,2.350698947906494,-0.6835647821426392
16728,1.98228120803833,-0.6598339676856995
16729,2.0602993965148926,-0.7344502210617065
16730,2.0698022842407227,-0.6601463556289673
16731,2.3998477458953857,-0.7654907703399658
16732,2.2149417400360107,-0.6080077886581421
16733,2.1025447845458984,-0.6669061779975891
16734,2.4822707176208496,-0.7256839275360107
16735,2.365661144256592,-0.6633754968643188
16736,2.3605947494506836,-0.6797100305557251
16737,2.463869333267212,-0.761704683303833
16738,1.9152159690856934,-0.6216564774513245
16739,2.311121702194214,-0.6835612654685974
16740,2.883552312850952,-0.7768466472625732
16741,2.195482015609741,-0.7418370842933655
16742,2.7897393703460693,-0.7787078619003296
16743,2.514122247695923,-0.6745103597640991
16744,2.3278141021728516,-0.6652717590332031
16745,2.519249439239502,-0.6391108632087708
16746,2.613591194152832,-0.6718722581863403
16747,2.4025325775146484,-0.6506667137145996
16748,2.2567737102508545,-0.756166934967041
16749,2.769551992416382,-0.6129037737846375
16750,2.53792142868042,-0.7254407405853271
16751,2.1781387329101562,-0.6177638173103333
16752,2.343423366546631,-0.6908193826675415
16753,2.0572292804718018,-0.5883078575134277
16754,2.0728278160095215,-0.6047175526618958
16755,2.4420971870422363,-0.6456557512283325
16756,2.217417001724243,-0.663547694683075
16757,2.148223638534546,-0.6783027052879333
16758,2.2469635009765625,-0.6690352559089661
16759,2.122352123260498,-0.6274387836456299
16760,2.2857956886291504,-0.7047478556632996
16761,2.167247772216797,-0.6278011202812195
16762,2.511376142501831,-0.7984961867332458
16763,2.2651572227478027,-0.6586025357246399
16764,2.1586458683013916,-0.6518898010253906
16765,2.2145309448242188,-0.6691603064537048
16766,2.405940532684326,-0.6933543682098389
16767,2.5191378593444824,-0.7036082744598389
16768,2.1783945560455322,-0.5930680632591248
16769,2.4421918392181396,-0.6627354621887207
16770,2.270785331726074,-0.6175106167793274
16771,2.5577282905578613,-0.7044315934181213
16772,2.589468479156494,-0.6859179139137268
16773,2.4394752979278564,-0.7592251300811768
16774,2.5387768745422363,-0.785002589225769
16775,2.725337028503418,-0.666667640209198
16776,2.3192665576934814,-0.6242223978042603
16777,2.4652211666107178,-0.684805691242218
16778,2.2550244331359863,-0.6808158159255981
16779,2.29240083694458,-0.6510096192359924
16780,2.3654327392578125,-0.6980693936347961
16781,2.3619980812072754,-0.6147104501724243
16782,2.322986125946045,-0.6965128183364868
16783,2.3911972045898438,-0.6859127879142761
16784,2.1910934448242188,-0.7148666381835938
16785,2.4238100051879883,-0.6549170017242432
16786,2.136843204498291,-0.7260318994522095
16787,1.8569018840789795,-0.6591989994049072
16788,2.374399423599243,-0.6462865471839905
16789,2.169865131378174,-0.6989145874977112
16790,1.9510540962219238,-0.731731116771698
16791,2.2996063232421875,-0.6415092945098877
16792,2.229978084564209,-0.7039533853530884
16793,2.056537628173828,-0.7269271016120911
16794,2.443699836730957,-0.6695281863212585
16795,2.507110118865967,-0.6427997350692749
16796,2.360227108001709,-0.7115858197212219
16797,2.2772116661071777,-0.670081615447998
16798,2.0467498302459717,-0.5978740453720093
16799,2.485320568084717,-0.6116787195205688
16800,2.2210092544555664,-0.6931755542755127
16801,2.520397186279297,-0.8050691485404968
16802,2.1219615936279297,-0.6524017453193665
16803,2.107426166534424,-0.6440257430076599
16804,2.2867307662963867,-0.7093698382377625
16805,2.144643545150757,-0.6649589538574219
16806,2.3553948402404785,-0.6857448816299438
16807,2.084787368774414,-0.7132663130760193
16808,2.229560375213623,-0.6529067158699036
16809,2.4017577171325684,-0.7145335674285889
16810,2.4749062061309814,-0.6708328723907471
16811,2.2258729934692383,-0.7247993350028992
16812,2.4848055839538574,-0.637656033039093
16813,2.08516001701355,-0.680814266204834
16814,2.195042133331299,-0.6493906378746033
16815,1.9036469459533691,-0.6892624497413635
16816,2.3694047927856445,-0.6971737742424011
16817,2.2054431438446045,-0.7462234497070312
16818,2.4361376762390137,-0.7521408796310425
16819,2.35481595993042,-0.7125897407531738
16820,2.3902034759521484,-0.7116271257400513
16821,2.0883145332336426,-0.6426620483398438
16822,2.1341848373413086,-0.6600947380065918
16823,2.697395086288452,-0.687323808670044
16824,2.155740261077881,-0.6874256730079651
16825,2.419722557067871,-0.6487429141998291
16826,2.2539477348327637,-0.5913478136062622
16827,2.327897787094116,-0.6718844771385193
16828,2.601550579071045,-0.6978428363800049
16829,2.681863784790039,-0.7201477289199829
16830,2.165527820587158,-0.6980565786361694
16831,2.4385030269622803,-0.663880467414856
16832,2.1360132694244385,-0.6729379892349243
16833,1.909120798110962,-0.6396870613098145
16834,2.064678192138672,-0.5451244115829468
16835,2.2145652770996094,-0.7081178426742554
16836,2.138826370239258,-0.6472735404968262
16837,2.1754398345947266,-0.6798643469810486
16838,2.6096739768981934,-0.6645176410675049
16839,2.233442783355713,-0.6830289959907532
16840,2.2808656692504883,-0.6782904267311096
16841,2.2275843620300293,-0.6381503939628601
16842,2.3297364711761475,-0.6454598307609558
16843,2.3857474327087402,-0.6894004940986633
16844,2.2574405670166016,-0.6547425985336304
16845,2.4296979904174805,-0.6437538862228394
16846,2.4387316703796387,-0.6958116888999939
16847,2.4072957038879395,-0.6647273302078247
16848,2.729612350463867,-0.6609350442886353
16849,2.298043966293335,-0.6494827270507812
16850,2.38181209564209,-0.6805853247642517
16851,2.323573589324951,-0.7420799136161804
16852,2.209256172180176,-0.6921974420547485
16853,2.0661821365356445,-0.6865564584732056
16854,2.5131916999816895,-0.6875296831130981
16855,2.4110426902770996,-0.6202581524848938
16856,2.2351064682006836,-0.7310484051704407
16857,2.091439962387085,-0.7058212161064148
16858,2.079545021057129,-0.7779419422149658
16859,2.5246543884277344,-0.5850247144699097
16860,2.4544334411621094,-0.6000823974609375
16861,2.300687551498413,-0.6962561011314392
16862,2.369391441345215,-0.6889482140541077
16863,2.1403002738952637,-0.6903573870658875
16864,2.365186929702759,-0.6354827880859375
16865,2.1384668350219727,-0.5280032753944397
16866,2.428358554840088,-0.678051769733429
16867,2.1225368976593018,-0.7352786064147949
16868,2.551327705383301,-0.7079403400421143
16869,2.5453972816467285,-0.638025164604187
16870,2.4532904624938965,-0.6358460783958435
16871,2.119933843612671,-0.6225235462188721
16872,2.284980297088623,-0.6314752697944641
16873,2.8012561798095703,-0.7498440742492676
16874,2.483914375305176,-0.6621982455253601
16875,2.3870866298675537,-0.6183637976646423
16876,2.6508712768554688,-0.7577195763587952
16877,2.0295872688293457,-0.7435575127601624
16878,2.4902186393737793,-0.6374300718307495
16879,2.449033737182617,-0.7467730641365051
16880,2.3961124420166016,-0.638708770275116
16881,2.6494193077087402,-0.6563354730606079
16882,2.4163012504577637,-0.6679621338844299
16883,2.3724617958068848,-0.5052931904792786
16884,2.2334132194519043,-0.7309063673019409
16885,2.040435314178467,-0.6117472648620605
16886,2.3601644039154053,-0.6902079582214355
16887,2.723879814147949,-0.6452434659004211
16888,1.9753670692443848,-0.6070688366889954
16889,2.4837567806243896,-0.6875090599060059
16890,2.355944871902466,-0.6441224813461304
16891,2.409017562866211,-0.6376032829284668
16892,2.5574698448181152,-0.6663497090339661
16893,2.2685797214508057,-0.7001203894615173
16894,2.2338790893554688,-0.6938943266868591
16895,2.3601572513580322,-0.6857528686523438
16896,2.8868818283081055,-0.6600966453552246
16897,2.2711777687072754,-0.6836528778076172
16898,2.272010326385498,-0.6926760077476501
16899,2.2967395782470703,-0.5842273831367493
16900,2.191861629486084,-0.6569851636886597
16901,2.3494834899902344,-0.6826757788658142
16902,2.4690747261047363,-0.6018269658088684
16903,2.6803479194641113,-0.6642243266105652
16904,2.131138324737549,-0.7578689455986023
16905,2.4506301879882812,-0.7009146809577942
16906,2.381948947906494,-0.5208581686019897
16907,2.3565545082092285,-0.6302091479301453
16908,2.390390634536743,-0.7390649914741516
16909,2.3768458366394043,-0.6472299098968506
16910,2.308462381362915,-0.5642483234405518
16911,2.4539694786071777,-0.6443958282470703
16912,2.087716579437256,-0.6411997079849243
16913,2.3233249187469482,-0.700812816619873
16914,2.4667727947235107,-0.6703579425811768
16915,2.3052849769592285,-0.7566823363304138
16916,1.8086256980895996,-0.6512175798416138
16917,1.9180949926376343,-0.6373281478881836
16918,2.421194076538086,-0.6937157511711121
16919,2.4943840503692627,-0.6546329259872437
16920,2.2210144996643066,-0.6655531525611877
16921,2.544991970062256,-0.6722023487091064
16922,2.1201586723327637,-0.6396992206573486
16923,2.597574234008789,-0.6131879091262817
16924,2.411372423171997,-0.7699891924858093
16925,2.329897880554199,-0.7093676924705505
16926,2.27000093460083,-0.7033160924911499
16927,2.7478582859039307,-0.7385226488113403
16928,2.5096540451049805,-0.6345068216323853
16929,2.3716654777526855,-0.6384944915771484
16930,2.395876407623291,-0.6340551376342773
16931,2.6096625328063965,-0.7013561129570007
16932,2.2684333324432373,-0.7794173359870911
16933,2.421236991882324,-0.6446353197097778
16934,2.4551186561584473,-0.5633231401443481
16935,2.1867573261260986,-0.6810814142227173
16936,2.3847556114196777,-0.6715864539146423
16937,1.9910998344421387,-0.7394558191299438
16938,2.405172348022461,-0.7480248808860779
16939,2.2149367332458496,-0.6220104694366455
16940,2.3535311222076416,-0.6919522285461426
16941,2.062180995941162,-0.6757321953773499
16942,2.1135640144348145,-0.6666640639305115
16943,2.311891794204712,-0.717530369758606
16944,2.3487606048583984,-0.7305798530578613
16945,2.0336897373199463,-0.6795160174369812
16946,2.1383795738220215,-0.6402137279510498
16947,2.5053791999816895,-0.6441813707351685
16948,2.293732166290283,-0.6153312921524048
16949,2.176187038421631,-0.6747484803199768
16950,2.121077060699463,-0.6247215867042542
16951,2.204853057861328,-0.710591197013855
16952,2.308912754058838,-0.6871926188468933
16953,2.1464478969573975,-0.7416809797286987
16954,2.229189395904541,-0.7104134559631348
16955,2.3122897148132324,-0.6679425239562988
16956,2.490673542022705,-0.6836686134338379
16957,2.245011329650879,-0.6191237568855286
16958,2.0701990127563477,-0.6864255666732788
16959,2.374053478240967,-0.6730427742004395
16960,2.1472411155700684,-0.6713867783546448
16961,2.7413415908813477,-0.6615011096000671
16962,2.360299587249756,-0.6302666068077087
16963,2.2184104919433594,-0.632243812084198
16964,2.3832030296325684,-0.7021647095680237
16965,2.1930737495422363,-0.6713926792144775
16966,2.3031516075134277,-0.6255530714988708
16967,2.612844944000244,-0.7018336653709412
16968,2.146920680999756,-0.6198557615280151
16969,2.5867204666137695,-0.7606623768806458
16970,2.46781325340271,-0.7344370484352112
16971,2.20913028717041,-0.7211233377456665
16972,2.06108021736145,-0.6884531378746033
16973,2.032578229904175,-0.6769888401031494
16974,2.1508989334106445,-0.6486221551895142
16975,2.3334174156188965,-0.6905520558357239
16976,2.0177488327026367,-0.7568050622940063
16977,2.268406391143799,-0.6974563598632812
16978,2.2931127548217773,-0.6293397545814514
16979,2.355471134185791,-0.6250749230384827
16980,2.2707536220550537,-0.6688812375068665
16981,2.3039417266845703,-0.5887612104415894
16982,2.353672504425049,-0.6893541216850281
16983,2.3035435676574707,-0.6372582912445068
16984,2.3695802688598633,-0.7284290790557861
16985,2.397371768951416,-0.5845908522605896
16986,2.425562858581543,-0.643293559551239
16987,3.2732861042022705,-0.6678657531738281
16988,2.1583406925201416,-0.7512203454971313
16989,2.5002222061157227,-0.6947391629219055
16990,2.2658345699310303,-0.7024500370025635
16991,3.1686995029449463,-0.7046307921409607
16992,2.342782974243164,-0.6602833271026611
16993,2.121490478515625,-0.6887380480766296
16994,2.3573076725006104,-0.651024580001831
16995,2.0242972373962402,-0.6273929476737976
16996,2.1962203979492188,-0.6369809508323669
16997,2.4683752059936523,-0.7596699595451355
16998,2.215029239654541,-0.6595589518547058
16999,2.5018439292907715,-0.772280752658844
17000,2.1472578048706055,-0.6414633393287659
17001,2.20660138130188,-0.6013259291648865
17002,2.1526761054992676,-0.646390438079834
17003,2.065713882446289,-0.7161533236503601
17004,2.2708897590637207,-0.7199156284332275
17005,2.4183337688446045,-0.6809074878692627
17006,2.3782341480255127,-0.6633381843566895
17007,2.2859344482421875,-0.6802789568901062
17008,2.095341920852661,-0.682690441608429
17009,2.766613483428955,-0.7405827045440674
17010,2.4412240982055664,-0.6014201045036316
17011,2.365960121154785,-0.6384032368659973
17012,2.380920171737671,-0.7001798152923584
17013,2.3595170974731445,-0.5955912470817566
17014,2.9222137928009033,-0.6688498854637146
17015,2.6257615089416504,-0.6486949324607849
17016,2.236436605453491,-0.6413571834564209
17017,2.6291561126708984,-0.7676195502281189
17018,2.536134719848633,-0.7123705148696899
17019,2.137653350830078,-0.6605409979820251
17020,2.278313159942627,-0.6769101023674011
17021,2.2143728733062744,-0.6689050197601318
17022,2.378472328186035,-0.8079659938812256
17023,2.433840274810791,-0.6425595879554749
17024,2.5040688514709473,-0.6802015900611877
17025,2.5305275917053223,-0.7550327181816101
17026,2.2064037322998047,-0.6975679993629456
17027,2.36772084236145,-0.6611071825027466
17028,2.39748215675354,-0.6463040709495544
17029,2.2641048431396484,-0.7131982445716858
17030,2.4213273525238037,-0.7965735793113708
17031,2.261281728744507,-0.6370602250099182
17032,2.181556463241577,-0.6307590007781982
17033,2.500792980194092,-0.6535987257957458
17034,1.7551307678222656,-0.5847288966178894
17035,2.1676454544067383,-0.6659406423568726
17036,2.0266895294189453,-0.653346836566925
17037,2.3111886978149414,-0.6936647891998291
17038,2.4699506759643555,-0.6915299296379089
17039,2.3690764904022217,-0.6260524392127991
17040,2.400669574737549,-0.6507985591888428
17041,2.182034492492676,-0.5637632012367249
17042,2.666452407836914,-0.6741259098052979
17043,2.1529576778411865,-0.6995239853858948
17044,2.547933578491211,-0.6931140422821045
17045,2.3814454078674316,-0.6047777533531189
17046,2.088914632797241,-0.6533486247062683
17047,2.3655529022216797,-0.7101301550865173
17048,2.2748637199401855,-0.7353668212890625
17049,2.3381381034851074,-0.7163749933242798
17050,2.2531991004943848,-0.8145918250083923
17051,2.6901350021362305,-0.7220638394355774
17052,2.211075782775879,-0.5278488993644714
17053,2.690993547439575,-0.628315269947052
17054,2.519896984100342,-0.6453514099121094
17055,2.3162710666656494,-0.7011917233467102
17056,2.3271028995513916,-0.6776629686355591
17057,2.138718605041504,-0.6255577206611633
17058,2.352285623550415,-0.6504932641983032
17059,2.2952957153320312,-0.6688663959503174
17060,2.6580944061279297,-0.7846454381942749
17061,2.3424735069274902,-0.7223963141441345
17062,2.5452237129211426,-0.695975661277771
17063,2.7412047386169434,-0.6714967489242554
17064,2.1934211254119873,-0.7087821960449219
17065,2.620021104812622,-0.7236684560775757
17066,2.6686363220214844,-0.6725704669952393
17067,2.1196212768554688,-0.6678535342216492
17068,2.4983036518096924,-0.7073690891265869
17069,2.002356767654419,-0.6832858324050903
17070,2.281428813934326,-0.6266260147094727
17071,2.091529369354248,-0.6529244184494019
17072,2.4174139499664307,-0.6813114285469055
17073,2.411555767059326,-0.6662806868553162
17074,2.1476550102233887,-0.6293628215789795
17075,2.014307975769043,-0.6954640746116638
17076,2.097479820251465,-0.6647573113441467
17077,2.229886054992676,-0.6274811029434204
17078,2.4113380908966064,-0.6381310820579529
17079,2.1259820461273193,-0.6695303320884705
17080,2.4778409004211426,-0.6732812523841858
17081,2.2927112579345703,-0.7050712704658508
17082,2.47016978263855,-0.6845898628234863
17083,2.071770191192627,-0.6543533802032471
17084,2.054577350616455,-0.6731660962104797
17085,2.2973241806030273,-0.7074549198150635
17086,2.31046724319458,-0.7175545692443848
17087,2.3173727989196777,-0.6896289587020874
17088,2.3283491134643555,-0.5160344243049622
17089,2.361672878265381,-0.6355438828468323
17090,2.505779266357422,-0.6126666069030762
17091,2.1272919178009033,-0.6523112654685974
17092,2.461932420730591,-0.5924972295761108
17093,2.0000159740448,-0.6183505058288574
17094,2.5683555603027344,-0.7256813049316406
17095,1.9320244789123535,-0.609674870967865
17096,2.37373423576355,-0.6570432186126709
17097,2.0985190868377686,-0.6348272562026978
17098,2.2220969200134277,-0.6435633897781372
17099,2.363558769226074,-0.8109100461006165
17100,2.487154960632324,-0.6367467045783997
17101,2.36704421043396,-0.6995468735694885
17102,2.1492080688476562,-0.6267228722572327
17103,3.0517449378967285,-0.707470715045929
17104,2.247145414352417,-0.6661674380302429
17105,2.63742733001709,-0.8169345855712891
17106,2.5848946571350098,-0.6284694075584412
17107,2.193476676940918,-0.6408533453941345
17108,2.7311196327209473,-0.5311598181724548
17109,2.2463831901550293,-0.6678836941719055
17110,2.012571096420288,-0.7193123698234558
17111,2.4405109882354736,-0.7005165219306946
17112,2.17519474029541,-0.6234086751937866
17113,2.6396713256835938,-0.6876329779624939
17114,1.9871262311935425,-0.6635159850120544
17115,2.2869625091552734,-0.6935732364654541
17116,1.9920070171356201,-0.7386536598205566
17117,2.1813368797302246,-0.6265006065368652
17118,2.441831588745117,-0.6713161468505859
17119,2.3072867393493652,-0.6790526509284973
17120,2.711031675338745,-0.5934028029441833
17121,2.208625078201294,-0.7918121218681335
17122,2.304398536682129,-0.7015443444252014
17123,2.5168590545654297,-0.6954812407493591
17124,2.294177293777466,-0.6608725190162659
17125,2.4647650718688965,-0.6901085376739502
17126,2.0894293785095215,-0.623029887676239
17127,2.132612705230713,-0.6530759930610657
17128,2.3156723976135254,-0.6538122296333313
17129,2.1845316886901855,-0.6986252069473267
17130,2.1594605445861816,-0.6440904140472412
17131,2.307694435119629,-0.6295115947723389
17132,2.5497817993164062,-0.6162621974945068
17133,2.684544324874878,-0.701653242111206
17134,1.988769769668579,-0.7512446045875549
17135,2.6533844470977783,-0.6718237996101379
17136,2.27333927154541,-0.6295822262763977
17137,2.134427070617676,-0.591671347618103
17138,2.583000898361206,-0.654034435749054
17139,2.011340618133545,-0.653897225856781
17140,2.7086472511291504,-0.7060011029243469
17141,2.7012364864349365,-0.6890876293182373
17142,2.1595215797424316,-0.6646287441253662
17143,2.385117530822754,-0.6443904638290405
17144,2.3582069873809814,-0.736565351486206
17145,2.261458396911621,-0.6857375502586365
17146,2.7741849422454834,-0.7647345066070557
17147,2.205033779144287,-0.6239011287689209
17148,2.1740355491638184,-0.6383113265037537
17149,2.5245189666748047,-0.7082086801528931
17150,1.9236643314361572,-0.6851910948753357
17151,2.539680242538452,-0.7261205315589905
17152,2.4239659309387207,-0.6838719844818115
17153,2.2625045776367188,-0.7155148983001709
17154,2.2174932956695557,-0.6559653282165527
17155,2.478428363800049,-0.649940550327301
17156,2.3623251914978027,-0.6945979595184326
17157,2.2728967666625977,-0.5937105417251587
17158,2.2480268478393555,-0.7487801313400269
17159,2.1696276664733887,-0.6220410466194153
17160,2.2418224811553955,-0.6885533332824707
17161,2.618612051010132,-0.6957240104675293
17162,2.4806902408599854,-0.6698036789894104
17163,2.504694700241089,-0.80596923828125
17164,2.1564388275146484,-0.7267509698867798
17165,2.202927589416504,-0.6879708170890808
17166,2.3805792331695557,-0.5648548603057861
17167,2.2312984466552734,-0.6285299062728882
17168,2.1191892623901367,-0.7241227626800537
17169,2.2652974128723145,-0.5845622420310974
17170,2.2492575645446777,-0.6467387676239014
17171,2.109623670578003,-0.7508631348609924
17172,2.0774829387664795,-0.6905671954154968
17173,2.319243907928467,-0.6143404245376587
17174,2.379405975341797,-0.6170545220375061
17175,2.274928569793701,-0.6720388531684875
17176,2.507204055786133,-0.799868643283844
17177,2.309227466583252,-0.7413177490234375
17178,2.2884435653686523,-0.7282812595367432
17179,2.06866192817688,-0.5686684250831604
17180,2.3816919326782227,-0.6532919406890869
17181,1.9751675128936768,-0.6116586923599243
17182,2.1957287788391113,-0.6609063148498535
17183,1.9085934162139893,-0.6159895062446594
17184,2.3399252891540527,-0.6657662987709045
17185,2.2114970684051514,-0.6577284336090088
17186,2.4296162128448486,-0.698961615562439
17187,2.5949392318725586,-0.6898257732391357
17188,2.3653554916381836,-0.629047691822052
17189,2.143482208251953,-0.6391023397445679
17190,2.1871767044067383,-0.6571707129478455
17191,2.0903854370117188,-0.6622911691665649
17192,2.282865285873413,-0.5573732852935791
17193,2.24861216545105,-0.7178671956062317
17194,2.340217113494873,-0.7375186085700989
17195,2.4151320457458496,-0.6187071800231934
17196,2.525296449661255,-0.74016273021698
17197,2.420078754425049,-0.6391162872314453
17198,2.3887996673583984,-0.5714449882507324
17199,2.468876838684082,-0.6891294717788696
17200,2.523740291595459,-0.698809802532196
17201,2.130265712738037,-0.6302854418754578
17202,2.4162540435791016,-0.7186371088027954
17203,2.4839301109313965,-0.6577587127685547
17204,2.558468818664551,-0.6710453629493713
17205,2.576317548751831,-0.6675673127174377
17206,2.214602470397949,-0.7187501788139343
17207,1.9689278602600098,-0.6378031373023987
17208,2.7355332374572754,-0.689572274684906
17209,2.1932713985443115,-0.6888644695281982
17210,2.6564109325408936,-0.6969941854476929
17211,2.5963213443756104,-0.6080119609832764
17212,2.1672754287719727,-0.6893549561500549
17213,2.4746274948120117,-0.7013922333717346
17214,2.3090171813964844,-0.6434756517410278
17215,1.9199931621551514,-0.5982842445373535
17216,2.422044277191162,-0.6907657384872437
17217,2.459301471710205,-0.7489877343177795
17218,2.4225029945373535,-0.6456919312477112
17219,2.4710888862609863,-0.7592329382896423
17220,2.44711971282959,-0.6430015563964844
17221,2.2874088287353516,-0.6795676946640015
17222,2.3361830711364746,-0.6024953722953796
17223,2.2326748371124268,-0.6244508624076843
17224,2.215486526489258,-0.6532840728759766
17225,2.4557528495788574,-0.6577862501144409
17226,2.186009168624878,-0.7599762678146362
17227,2.2047462463378906,-0.6834551095962524
17228,2.7448534965515137,-0.6376526355743408
17229,2.2637367248535156,-0.6692056059837341
17230,2.3594541549682617,-0.6595766544342041
17231,2.243678092956543,-0.6680322289466858
17232,2.7959935665130615,-0.7180437445640564
17233,2.2207283973693848,-0.6138525605201721
17234,2.174485206604004,-0.6711965203285217
17235,2.528581142425537,-0.6888877749443054
17236,3.1305527687072754,-0.7185701131820679
17237,2.1333131790161133,-0.6310611963272095
17238,2.2803826332092285,-0.7685881853103638
17239,2.4570960998535156,-0.6691557168960571
17240,2.212498188018799,-0.6319501996040344
17241,2.300568103790283,-0.709099531173706
17242,2.2076916694641113,-0.6225171685218811
17243,2.4610488414764404,-0.793842613697052
17244,2.468484401702881,-0.7342449426651001
17245,2.0207831859588623,-0.6222852468490601
17246,2.183791160583496,-0.737250566482544
17247,2.476288318634033,-0.7618570923805237
17248,2.665295124053955,-0.6538089513778687
17249,2.125901699066162,-0.67791748046875
17250,2.425503969192505,-0.6950364708900452
17251,2.657090663909912,-0.7410228848457336
17252,2.1468262672424316,-0.6776308417320251
17253,2.102052688598633,-0.6490078568458557
17254,2.082426071166992,-0.6043744087219238
17255,2.642406463623047,-0.7221760749816895
17256,2.4189629554748535,-0.6858211755752563
17257,2.0367794036865234,-0.768867552280426
17258,2.241238594055176,-0.640566885471344
17259,2.9287381172180176,-0.6377291083335876
17260,2.5274014472961426,-0.5959464311599731
17261,1.9489612579345703,-0.6132450103759766
17262,2.084184169769287,-0.7770311832427979
17263,2.076155185699463,-0.655040979385376
17264,2.619019031524658,-0.5837538242340088
17265,2.783968925476074,-0.7712846398353577
17266,2.3717732429504395,-0.7600811719894409
17267,2.570113182067871,-0.7189793586730957
17268,2.4281017780303955,-0.7209317684173584
17269,2.3975954055786133,-0.6544581651687622
17270,2.2049450874328613,-0.5705806016921997
17271,2.2082977294921875,-0.6680235266685486
17272,2.321145534515381,-0.6612145900726318
17273,2.385016441345215,-0.6722084283828735
17274,2.335559368133545,-0.6946781277656555
17275,2.3116798400878906,-0.7009731531143188
17276,2.3283944129943848,-0.6701446771621704
17277,2.5965545177459717,-0.6955052018165588
17278,2.0579357147216797,-0.6649613380432129
17279,2.0863449573516846,-0.573487401008606
17280,2.7954068183898926,-0.7022122740745544
17281,2.0451748371124268,-0.6663967967033386
17282,2.0088045597076416,-0.6225072741508484
17283,2.8034274578094482,-0.7527514100074768
17284,2.284057140350342,-0.6675004363059998
17285,2.721405029296875,-0.6792793273925781
17286,2.2757949829101562,-0.6513202786445618
17287,2.372500419616699,-0.6536298990249634
17288,2.166822910308838,-0.6432090997695923
17289,2.366492748260498,-0.6572299003601074
17290,2.5504143238067627,-0.7927041053771973
17291,2.511819362640381,-0.7055307626724243
17292,2.289848804473877,-0.6543824672698975
17293,2.244203567504883,-0.6690232157707214
17294,2.544799327850342,-0.5895540118217468
17295,2.1891822814941406,-0.6597913503646851
17296,2.1629207134246826,-0.6856248378753662
17297,2.4299185276031494,-0.6872676014900208
17298,2.3744282722473145,-0.670208215713501
17299,2.3896374702453613,-0.7018426656723022
17300,2.728672504425049,-0.6478118300437927
17301,2.459904193878174,-0.6765719652175903
17302,3.1654984951019287,-0.6804177165031433
17303,2.3676300048828125,-0.6898263692855835
17304,2.361649990081787,-0.6144551038742065
17305,2.3521957397460938,-0.721793532371521
17306,2.0709493160247803,-0.5740566849708557
17307,2.4673099517822266,-0.6870163083076477
17308,2.696053981781006,-0.6454157829284668
17309,2.5558719635009766,-0.7565511465072632
17310,2.436691999435425,-0.6414526104927063
17311,2.112379312515259,-0.6132953763008118
17312,2.360189914703369,-0.6411592364311218
17313,2.3701319694519043,-0.6344737410545349
17314,2.4848222732543945,-0.7397191524505615
17315,2.628931999206543,-0.7273430824279785
17316,2.2671031951904297,-0.6637638211250305
17317,2.504025936126709,-0.6115294694900513
17318,2.552865505218506,-0.6848364472389221
17319,2.3019089698791504,-0.7204155921936035
17320,2.539228916168213,-0.7354757189750671
17321,2.4139480590820312,-0.7007467150688171
17322,2.1918931007385254,-0.5697963833808899
17323,2.586151599884033,-0.643790602684021
17324,2.161881923675537,-0.6622186303138733
17325,2.274115562438965,-0.780629575252533
17326,2.623080015182495,-0.7026622891426086
17327,2.3367342948913574,-0.7118565440177917
17328,2.6739144325256348,-0.6754956245422363
17329,2.4050731658935547,-0.695339024066925
17330,2.798187732696533,-0.7586245536804199
17331,2.451620578765869,-0.6942225098609924
17332,2.3237009048461914,-0.6997479200363159
17333,2.3360331058502197,-0.6953157782554626
17334,2.1556220054626465,-0.5623654723167419
17335,2.403834342956543,-0.6800980567932129
17336,2.303831100463867,-0.6227819919586182
17337,2.321547031402588,-0.6864702701568604
17338,2.385061502456665,-0.7270627021789551
17339,2.4494752883911133,-0.6613110303878784
17340,2.490959644317627,-0.6201946139335632
17341,2.15822696685791,-0.6300101280212402
17342,2.322495937347412,-0.6729678511619568
17343,2.5874929428100586,-0.6658235192298889
17344,2.6542699337005615,-0.6496039032936096
17345,2.414496660232544,-0.7066829204559326
17346,2.273617744445801,-0.5802170038223267
17347,2.463346481323242,-0.7440852522850037
17348,2.303921699523926,-0.6842178106307983
17349,2.528306007385254,-0.6625223755836487
17350,2.3312206268310547,-0.6656452417373657
17351,2.057781457901001,-0.6643494963645935
17352,2.306854248046875,-0.6725589632987976
17353,2.1562161445617676,-0.7611920237541199
17354,2.276614189147949,-0.6564610004425049
17355,2.2796030044555664,-0.6491800546646118
17356,2.4761962890625,-0.6487473845481873
17357,2.599238872528076,-0.7183992862701416
17358,2.0756611824035645,-0.6972731947898865
17359,2.282242774963379,-0.7263583540916443
17360,2.504153251647949,-0.6413078308105469
17361,2.559140682220459,-0.6537017822265625
17362,2.3313229084014893,-0.659674882888794
17363,2.641465663909912,-0.6291465163230896
17364,2.3466649055480957,-0.696973443031311
17365,2.7395012378692627,-0.6663464903831482
17366,2.1454386711120605,-0.6415603160858154
17367,2.4114794731140137,-0.5679755806922913
17368,1.9909640550613403,-0.6223630309104919
17369,2.5131916999816895,-0.6950830817222595
17370,2.3279061317443848,-0.6246739029884338
17371,2.7420125007629395,-0.7832045555114746
17372,2.2866601943969727,-0.6797077059745789
17373,2.166785717010498,-0.6225981712341309
17374,2.5375113487243652,-0.6637520790100098
17375,2.3634352684020996,-0.7295691967010498
17376,1.9923874139785767,-0.6503782868385315
17377,2.394796133041382,-0.6695419549942017
17378,2.4255409240722656,-0.7085533738136292
17379,2.4856386184692383,-0.7344666123390198
17380,2.494966983795166,-0.6990983486175537
17381,2.3029820919036865,-0.7239931225776672
17382,2.2173569202423096,-0.6527585387229919
17383,2.333650827407837,-0.6490726470947266
17384,2.4543538093566895,-0.5709189772605896
17385,2.9039058685302734,-0.7085763812065125
17386,2.130427598953247,-0.6646876335144043
17387,2.3609161376953125,-0.7550985813140869
17388,2.320587396621704,-0.7655908465385437
17389,2.5228323936462402,-0.7256250977516174
17390,2.5384745597839355,-0.6325501799583435
17391,2.049098014831543,-0.6430609226226807
17392,2.014751434326172,-0.661400318145752
17393,2.232714891433716,-0.6858896613121033
17394,2.0080068111419678,-0.6524492502212524
17395,2.411444664001465,-0.7028704881668091
17396,2.337890625,-0.751679539680481
17397,2.4698128700256348,-0.6630173325538635
17398,2.365630865097046,-0.6539796590805054
17399,1.8510963916778564,-0.7163631319999695
17400,1.9911556243896484,-0.576180636882782
17401,2.6610641479492188,-0.6959831118583679
17402,2.1220054626464844,-0.6627151966094971
17403,2.62562894821167,-0.7595786452293396
17404,2.610473155975342,-0.747372567653656
17405,2.274290084838867,-0.6300017833709717
17406,2.0590157508850098,-0.6304936408996582
17407,2.3913307189941406,-0.6752063035964966
17408,2.387604236602783,-0.7520601153373718
17409,2.2552175521850586,-0.6969993710517883
17410,2.4320764541625977,-0.6642052531242371
17411,2.2083120346069336,-0.6592079997062683
17412,2.195333242416382,-0.6674613356590271
17413,2.081149101257324,-0.601296067237854
17414,2.454427719116211,-0.6614060401916504
17415,1.944082498550415,-0.664253830909729
17416,2.3441359996795654,-0.6478334665298462
17417,2.5565829277038574,-0.6662780046463013
17418,2.256706714630127,-0.7385799288749695
17419,2.3016357421875,-0.6303303241729736
17420,2.5314645767211914,-0.6809112429618835
17421,2.2834582328796387,-0.6436258554458618
17422,2.249929428100586,-0.6013681888580322
17423,2.0891900062561035,-0.6649554967880249
17424,2.630739450454712,-0.6522067189216614
17425,2.292778730392456,-0.6740939617156982
17426,2.3193907737731934,-0.6915643215179443
17427,2.520650863647461,-0.6742430329322815
17428,2.1957361698150635,-0.6423750519752502
17429,2.3259310722351074,-0.6860340237617493
17430,2.0604257583618164,-0.5328247547149658
17431,2.3903372287750244,-0.608998715877533
17432,2.5717785358428955,-0.7699702382087708
17433,2.3794498443603516,-0.7025697231292725
17434,2.4037559032440186,-0.6917263865470886
17435,2.278043270111084,-0.6652569770812988
17436,2.4013240337371826,-0.726112425327301
17437,2.4301042556762695,-0.6622051000595093
17438,2.04819393157959,-0.5977714657783508
17439,2.4237594604492188,-0.7104631066322327
17440,2.314868211746216,-0.759559154510498
17441,2.2995736598968506,-0.6522791981697083
17442,2.1342074871063232,-0.6072112917900085
17443,2.4632863998413086,-0.6877493262290955
17444,2.1164002418518066,-0.5819491744041443
17445,2.1480607986450195,-0.740140974521637
17446,2.237112045288086,-0.7238309979438782
17447,2.24750018119812,-0.7414961457252502
17448,2.3774032592773438,-0.7606555223464966
17449,2.106699228286743,-0.6944703459739685
17450,2.3517825603485107,-0.6255553364753723
17451,2.5919880867004395,-0.7243308424949646
17452,2.3720107078552246,-0.7177963852882385
17453,2.4123473167419434,-0.728005051612854
17454,2.2495524883270264,-0.6615709066390991
17455,2.084519863128662,-0.631406307220459
17456,2.5002946853637695,-0.6230360269546509
17457,2.455082893371582,-0.7522395849227905
17458,2.6301939487457275,-0.7352863550186157
17459,2.7138195037841797,-0.6513635516166687
17460,2.344831705093384,-0.6406847238540649
17461,2.6439270973205566,-0.6351969242095947
17462,2.297853469848633,-0.6717245578765869
17463,2.1525795459747314,-0.6668529510498047
17464,2.435814142227173,-0.6334920525550842
17465,2.7275729179382324,-0.6936441659927368
17466,2.258883476257324,-0.7343366742134094
17467,2.270737648010254,-0.6799324154853821
17468,2.934752941131592,-0.7352662682533264
17469,2.762195348739624,-0.7167291045188904
17470,2.1854825019836426,-0.6500295996665955
17471,2.6407456398010254,-0.6705900430679321
17472,2.155613899230957,-0.593191385269165
17473,2.061924934387207,-0.6052550077438354
17474,2.375797748565674,-0.6982986927032471
17475,2.3227643966674805,-0.6435347199440002
17476,2.1836071014404297,-0.7287598252296448
17477,2.3615224361419678,-0.6193431615829468
17478,2.4757704734802246,-0.7197255492210388
17479,2.6806302070617676,-0.6913222670555115
17480,2.1167032718658447,-0.6710354089736938
17481,2.0622611045837402,-0.7486438155174255
17482,2.262421131134033,-0.730694591999054
17483,2.2733731269836426,-0.6794419884681702
17484,2.423335075378418,-0.6441687941551208
17485,2.159841299057007,-0.6774859428405762
17486,2.1734795570373535,-0.6769883632659912
17487,2.164372444152832,-0.6242163181304932
17488,2.329378604888916,-0.6264124512672424
17489,2.4986376762390137,-0.623268723487854
17490,2.737262725830078,-0.7749434113502502
17491,2.2948672771453857,-0.6150981783866882
17492,2.267936944961548,-0.6796923279762268
17493,2.7123093605041504,-0.6971330046653748
17494,2.0282835960388184,-0.7639195919036865
17495,2.0879900455474854,-0.6392889618873596
17496,2.1903791427612305,-0.6250198483467102
17497,2.54551100730896,-0.6214064359664917
17498,2.3063817024230957,-0.6656114459037781
17499,2.3545889854431152,-0.7412742376327515
17500,2.3210859298706055,-0.7678297162055969
17501,2.368116855621338,-0.7115546464920044
17502,2.0810599327087402,-0.6265052556991577
17503,2.2985312938690186,-0.6243829727172852
17504,2.3653604984283447,-0.682841420173645
17505,2.3229546546936035,-0.644538402557373
17506,2.0574584007263184,-0.6481895446777344
17507,2.4325647354125977,-0.7895171642303467
17508,2.1664516925811768,-0.7008326649665833
17509,2.897550106048584,-0.6811103820800781
17510,2.2313742637634277,-0.6038255095481873
17511,2.1051273345947266,-0.6770609021186829
17512,2.572176933288574,-0.6800896525382996
17513,2.596198558807373,-0.6649394035339355
17514,2.1660282611846924,-0.693717360496521
17515,2.15043044090271,-0.6879833936691284
17516,2.3377957344055176,-0.674589991569519
17517,2.1839089393615723,-0.68047696352005
17518,2.513749122619629,-0.7508452534675598
17519,1.8155677318572998,-0.7439627051353455
17520,2.3667168617248535,-0.6422187685966492
17521,1.9912824630737305,-0.7098549008369446
17522,2.0385220050811768,-0.6750991940498352
17523,2.5699777603149414,-0.7392174601554871
17524,2.517308235168457,-0.6795761585235596
17525,2.355081558227539,-0.6197800636291504
17526,2.342254400253296,-0.7263802886009216
17527,2.13134765625,-0.5813336372375488
17528,2.4759998321533203,-0.6828686594963074
17529,2.2173047065734863,-0.6885204911231995
17530,2.254202365875244,-0.6477121114730835
17531,2.3894705772399902,-0.6860859394073486
17532,2.2875781059265137,-0.7011426687240601
17533,1.8868590593338013,-0.6348506808280945
17534,2.2259395122528076,-0.6992865800857544
17535,2.3756566047668457,-0.6972359418869019
17536,2.1689682006835938,-0.6884303092956543
17537,2.2918851375579834,-0.6112520098686218
17538,2.6514315605163574,-0.621357798576355
17539,2.0569214820861816,-0.7260714769363403
17540,2.071798324584961,-0.6666677594184875
17541,1.9422643184661865,-0.6168915033340454
17542,2.496675968170166,-0.674806535243988
17543,2.2219386100769043,-0.653394341468811
17544,2.2676968574523926,-0.7918941974639893
17545,2.32706618309021,-0.7387157678604126
17546,2.0645575523376465,-0.6406936645507812
17547,2.412393569946289,-0.6641079187393188
17548,2.1748740673065186,-0.680854082107544
17549,1.9744330644607544,-0.6365997195243835
17550,2.668644666671753,-0.6165576577186584
17551,2.3855676651000977,-0.7224939465522766
17552,2.3030364513397217,-0.7177226543426514
17553,2.295506477355957,-0.6506360769271851
17554,2.485645294189453,-0.5704827308654785
17555,2.2109479904174805,-0.7329292297363281
17556,2.261356830596924,-0.6411133408546448
17557,2.0049290657043457,-0.6866195797920227
17558,2.2748727798461914,-0.637026309967041
17559,2.3115921020507812,-0.6374053955078125
17560,2.1737983226776123,-0.5711948871612549
17561,2.106503486633301,-0.7168014049530029
17562,2.5175528526306152,-0.6676004528999329
17563,2.185244560241699,-0.6384693384170532
17564,2.462400436401367,-0.6496807336807251
17565,1.921862006187439,-0.6390073895454407
17566,2.016096591949463,-0.7607631087303162
17567,2.218818187713623,-0.7062422037124634
17568,2.1800122261047363,-0.6179268956184387
17569,2.3473939895629883,-0.6406657695770264
17570,2.121859073638916,-0.6533485651016235
17571,2.3865835666656494,-0.6408393383026123
17572,2.2627816200256348,-0.6485797166824341
17573,1.9883081912994385,-0.7862396240234375
17574,2.6153783798217773,-0.6979231238365173
17575,2.0069503784179688,-0.5994170904159546
17576,2.505833148956299,-0.6380027532577515
17577,2.4622864723205566,-0.6922610998153687
17578,2.1303558349609375,-0.7032814025878906
17579,2.322248935699463,-0.6448037624359131
17580,1.959052324295044,-0.554465651512146
17581,2.3986027240753174,-0.6143439412117004
17582,2.9713213443756104,-0.651716411113739
17583,2.600234031677246,-0.7345414757728577
17584,2.386850357055664,-0.637033998966217
17585,2.3637168407440186,-0.6822750568389893
17586,2.6886372566223145,-0.7126061916351318
17587,2.130689859390259,-0.687674343585968
17588,1.9598515033721924,-0.6031657457351685
17589,2.4417481422424316,-0.6949950456619263
17590,2.204359769821167,-0.6931775808334351
17591,2.1984944343566895,-0.6862161159515381
17592,2.36820125579834,-0.5846473574638367
17593,2.113243341445923,-0.7226139307022095
17594,2.278451681137085,-0.6117603778839111
17595,2.2885308265686035,-0.6505659222602844
17596,1.9083917140960693,-0.6066914200782776
17597,2.3781700134277344,-0.6712024211883545
17598,2.4170174598693848,-0.6771411299705505
17599,2.198596954345703,-0.6015251278877258
17600,2.4421370029449463,-0.7040905952453613
17601,2.365023136138916,-0.6254266500473022
17602,1.9613571166992188,-0.6581584811210632
17603,1.953678846359253,-0.6735178232192993
17604,2.132197380065918,-0.6829409599304199
17605,2.1884117126464844,-0.6612003445625305
17606,2.1441469192504883,-0.6417816281318665
17607,2.4976882934570312,-0.7394336462020874
17608,2.4446067810058594,-0.7383634448051453
17609,1.9830344915390015,-0.6863725185394287
17610,2.748474597930908,-0.7609358429908752
17611,2.293004035949707,-0.7403234243392944
17612,2.473179817199707,-0.7224321961402893
17613,2.5854597091674805,-0.6832637786865234
17614,2.1124777793884277,-0.7030797004699707
17615,2.1137919425964355,-0.637763500213623
17616,2.2913169860839844,-0.6456303596496582
17617,2.444432258605957,-0.6939103603363037
17618,2.28572940826416,-0.6719174385070801
17619,2.3516409397125244,-0.6761125326156616
17620,2.525279998779297,-0.7184280157089233
17621,2.395906925201416,-0.6398885250091553
17622,2.086019992828369,-0.7179412841796875
17623,2.1656367778778076,-0.657748818397522
17624,2.3987717628479004,-0.6102550029754639
17625,2.5904695987701416,-0.7060490250587463
17626,2.33524751663208,-0.7121584415435791
17627,2.173158645629883,-0.6849541664123535
17628,2.1526403427124023,-0.6997058987617493
17629,2.552816152572632,-0.7233654260635376
17630,2.4070043563842773,-0.7607933878898621
17631,2.338468551635742,-0.6623939275741577
17632,2.300945281982422,-0.6799493432044983
17633,2.316987991333008,-0.6363272070884705
17634,2.5383965969085693,-0.5979396104812622
17635,2.205474853515625,-0.649466335773468
17636,2.3318614959716797,-0.6805237531661987
17637,2.2356691360473633,-0.608873724937439
17638,2.0519542694091797,-0.6050430536270142
17639,2.3052353858947754,-0.637481689453125
17640,2.5887911319732666,-0.7918990850448608
17641,1.9662950038909912,-0.6409692168235779
17642,2.5647523403167725,-0.6968119740486145
17643,2.456204414367676,-0.6399837136268616
17644,2.211111068725586,-0.5556637048721313
17645,2.211665153503418,-0.5644528865814209
17646,2.4134461879730225,-0.6302818655967712
17647,2.3731837272644043,-0.6514369249343872
17648,2.126649856567383,-0.6994718909263611
17649,2.3680343627929688,-0.705939769744873
17650,2.470311164855957,-0.6939103007316589
17651,2.58246111869812,-0.7077934741973877
17652,2.038691759109497,-0.6903480291366577
17653,2.153510570526123,-0.6617019176483154
17654,2.1528618335723877,-0.6884334087371826
17655,2.290571689605713,-0.6807460784912109
17656,2.018254280090332,-0.690326988697052
17657,2.63682222366333,-0.6697173118591309
17658,2.424190044403076,-0.679348349571228
17659,2.232243537902832,-0.727356493473053
17660,2.1992287635803223,-0.735339343547821
17661,2.1405651569366455,-0.6950591802597046
17662,2.4609060287475586,-0.63362717628479
17663,2.435049057006836,-0.6545407772064209
17664,2.0711233615875244,-0.7019560933113098
17665,2.6294050216674805,-0.6902276873588562
17666,1.9874107837677002,-0.6410426497459412
17667,2.114023447036743,-0.6591679453849792
17668,2.4718210697174072,-0.7005637288093567
17669,2.549724817276001,-0.6375158429145813
17670,2.374786853790283,-0.6956944465637207
17671,2.0635263919830322,-0.616890013217926
17672,2.0774452686309814,-0.6457322835922241
17673,2.309272289276123,-0.6828725337982178
17674,2.325131416320801,-0.6881228685379028
17675,2.4783802032470703,-0.7110816836357117
17676,2.4563045501708984,-0.5842788815498352
17677,2.318939685821533,-0.6712299585342407
17678,2.354212760925293,-0.6042358875274658
17679,2.368072986602783,-0.7511337399482727
17680,2.172159194946289,-0.6805513501167297
17681,2.2053565979003906,-0.5965602397918701
17682,2.2533092498779297,-0.6420072913169861
17683,2.3382489681243896,-0.6847301721572876
17684,1.8802251815795898,-0.6398772597312927
17685,2.0273146629333496,-0.6605316996574402
17686,2.326357126235962,-0.6941397190093994
17687,2.0075387954711914,-0.6664125323295593
17688,2.118950843811035,-0.6520451307296753
17689,2.1442670822143555,-0.6790265440940857
17690,2.6329236030578613,-0.61812424659729
17691,2.4415149688720703,-0.6709057688713074
17692,2.245832920074463,-0.6619568467140198
17693,2.379214286804199,-0.6611320376396179
17694,2.556736707687378,-0.6000658869743347
17695,2.2161359786987305,-0.7652956247329712
17696,2.3361172676086426,-0.6978141665458679
17697,2.326892852783203,-0.6716959476470947
17698,2.2593955993652344,-0.7129265666007996
17699,2.477367401123047,-0.6743704080581665
17700,2.287728786468506,-0.6923280954360962
17701,2.5139217376708984,-0.733214259147644
17702,2.233701229095459,-0.7461397647857666
17703,2.0340700149536133,-0.7503564357757568
17704,2.6286258697509766,-0.6921437978744507
17705,2.3456783294677734,-0.720083475112915
17706,2.8953921794891357,-0.6490007638931274
17707,2.1243748664855957,-0.7008792161941528
17708,2.145383834838867,-0.7726312279701233
17709,2.4248409271240234,-0.6620145440101624
17710,2.17154860496521,-0.666715145111084
17711,2.1767313480377197,-0.7320998311042786
17712,2.4372646808624268,-0.7055465579032898
17713,2.117008686065674,-0.6288930773735046
17714,2.335742473602295,-0.6744201183319092
17715,2.11895751953125,-0.6764886379241943
17716,1.9698121547698975,-0.6983540058135986
17717,2.439352512359619,-0.673929750919342
17718,2.2174477577209473,-0.734052836894989
17719,1.9687209129333496,-0.6199353933334351
17720,2.072589874267578,-0.6402137875556946
17721,2.146821975708008,-0.7256019115447998
17722,2.2788538932800293,-0.6361813545227051
17723,2.328740119934082,-0.7494827508926392
17724,2.242262363433838,-0.6667640805244446
17725,2.2401328086853027,-0.6611450910568237
17726,2.2176923751831055,-0.7368768453598022
17727,2.357968330383301,-0.7556195855140686
17728,1.9714469909667969,-0.6255682110786438
17729,2.3863492012023926,-0.7102195620536804
17730,2.2488832473754883,-0.7323768138885498
17731,2.237257719039917,-0.7108392119407654
17732,2.4566433429718018,-0.6588319540023804
17733,2.151094436645508,-0.6007745265960693
17734,2.9239377975463867,-0.6786800622940063
17735,2.369398593902588,-0.6623193621635437
17736,2.2376749515533447,-0.6610772609710693
17737,2.162001132965088,-0.6326034069061279
17738,2.305924415588379,-0.6598865985870361
17739,2.0948588848114014,-0.601014256477356
17740,2.1785318851470947,-0.6587588787078857
17741,2.057870864868164,-0.6639586687088013
17742,2.2889761924743652,-0.708169162273407
17743,2.339905261993408,-0.7949960231781006
17744,2.3200607299804688,-0.7785817980766296
17745,2.2985193729400635,-0.6253166794776917
17746,2.118412971496582,-0.7635011076927185
17747,2.2961978912353516,-0.6995288729667664
17748,2.6070189476013184,-0.7591003179550171
17749,2.3399415016174316,-0.692152738571167
17750,2.6192758083343506,-0.6604412198066711
17751,2.179293155670166,-0.6776984930038452
17752,2.2031397819519043,-0.6856071352958679
17753,2.0881595611572266,-0.7379755973815918
17754,2.470982551574707,-0.6497486233711243
17755,2.6314423084259033,-0.6795690059661865
17756,2.436680316925049,-0.6479378342628479
17757,2.2463760375976562,-0.6612414717674255
17758,2.151846170425415,-0.6849076747894287
17759,2.2493629455566406,-0.6711385250091553
17760,2.194463014602661,-0.612491250038147
17761,2.3117563724517822,-0.6655362844467163
17762,1.9204044342041016,-0.5363809466362
17763,2.2033510208129883,-0.7015427350997925
17764,2.1880812644958496,-0.7290170788764954
17765,2.406080961227417,-0.6033332943916321
17766,2.505430221557617,-0.6423648595809937
17767,2.3037571907043457,-0.6941432952880859
17768,2.1810145378112793,-0.7341998815536499
17769,2.2744805812835693,-0.6952527761459351
17770,2.1099724769592285,-0.596483051776886
17771,2.3630990982055664,-0.6576758623123169
17772,2.3715357780456543,-0.7004117369651794
17773,2.1404056549072266,-0.6246792078018188
17774,2.167031764984131,-0.7315729260444641
17775,1.7592699527740479,-0.6973968744277954
17776,2.304478168487549,-0.7085334062576294
17777,2.0917136669158936,-0.625766932964325
17778,2.7913827896118164,-0.66997230052948
17779,2.1777114868164062,-0.576730489730835
17780,3.020084857940674,-0.7958589196205139
17781,2.426276206970215,-0.7436174750328064
17782,2.483853578567505,-0.6299241781234741
17783,2.3292078971862793,-0.6336060166358948
17784,2.003727912902832,-0.7247750163078308
17785,2.4589009284973145,-0.6662285327911377
17786,2.1423518657684326,-0.6815367341041565
17787,2.2665977478027344,-0.6408107280731201
17788,2.3187215328216553,-0.6260138750076294
17789,2.405116319656372,-0.6890074014663696
17790,2.6961264610290527,-0.745937705039978
17791,2.2482528686523438,-0.7009741067886353
17792,2.55711030960083,-0.6947391033172607
17793,2.665863037109375,-0.6776512265205383
17794,2.5732669830322266,-0.604845404624939
17795,2.564309597015381,-0.6195561289787292
17796,2.4904327392578125,-0.6715201735496521
17797,3.3344054222106934,-0.679698646068573
17798,2.9311604499816895,-0.7247600555419922
17799,2.5646610260009766,-0.6809536814689636
17800,3.169760227203369,-0.6674825549125671
17801,2.4009251594543457,-0.6614267826080322
17802,2.5268783569335938,-0.6874864101409912
17803,2.055047035217285,-0.6372113823890686
17804,2.5178463459014893,-0.6901190280914307
17805,2.2849812507629395,-0.6935954093933105
17806,2.0946412086486816,-0.6052878499031067
17807,2.2127323150634766,-0.6766660809516907
17808,2.103532552719116,-0.5838548541069031
17809,2.2367639541625977,-0.7055080533027649
17810,2.1468617916107178,-0.7055819034576416
17811,2.0524051189422607,-0.5596004128456116
17812,2.0616531372070312,-0.7003602385520935
17813,2.482344150543213,-0.6482158899307251
17814,2.357889413833618,-0.6124630570411682
17815,2.003605842590332,-0.6968860626220703
17816,2.529245615005493,-0.7137407660484314
17817,2.3525829315185547,-0.7497171759605408
17818,1.9992643594741821,-0.6394442319869995
17819,2.1602861881256104,-0.6483375430107117
17820,2.189659595489502,-0.6285848021507263
17821,2.4046390056610107,-0.648556113243103
17822,2.5216786861419678,-0.6118622422218323
17823,2.0655887126922607,-0.7357441782951355
17824,2.4202418327331543,-0.6760066747665405
17825,2.4068446159362793,-0.6212790012359619
17826,2.359680414199829,-0.575843095779419
17827,2.2855937480926514,-0.6336386203765869
17828,2.420393943786621,-0.7033440470695496
17829,2.2112996578216553,-0.6884586811065674
17830,2.259988784790039,-0.7017497420310974
17831,2.336764335632324,-0.6561728119850159
17832,2.4118640422821045,-0.6709893941879272
17833,2.155792236328125,-0.6445881128311157
17834,2.3995304107666016,-0.6712259650230408
17835,3.2804484367370605,-0.6267257332801819
17836,2.5052363872528076,-0.6412261724472046
17837,2.382662296295166,-0.6523942351341248
17838,2.6721584796905518,-0.6398743391036987
17839,2.208310127258301,-0.6361016035079956
17840,2.1191024780273438,-0.7129227519035339
17841,2.214245557785034,-0.733879804611206
17842,2.720282554626465,-0.6516163349151611
17843,2.6116952896118164,-0.6931871771812439
17844,2.585422992706299,-0.7754307389259338
17845,2.361387014389038,-0.6684620380401611
17846,2.413027286529541,-0.716587245464325
17847,2.1600890159606934,-0.6845845580101013
17848,2.2057785987854004,-0.6805813312530518
17849,2.160289764404297,-0.6893319487571716
17850,2.0849947929382324,-0.6462774872779846
17851,2.2173831462860107,-0.5834932923316956
17852,2.2723047733306885,-0.644066333770752
17853,2.232753276824951,-0.5837263464927673
17854,2.233415126800537,-0.7239139676094055
17855,2.334726333618164,-0.6499055624008179
17856,2.512603282928467,-0.7359551787376404
17857,2.4403364658355713,-0.7114167213439941
17858,2.3536081314086914,-0.675019383430481
17859,2.49185848236084,-0.6430549621582031
17860,2.283158302307129,-0.6381077766418457
17861,2.359440803527832,-0.7033601403236389
17862,2.1885433197021484,-0.6839495897293091
17863,2.139308214187622,-0.6744821071624756
17864,2.602726459503174,-0.6847549676895142
17865,2.3823864459991455,-0.647042453289032
17866,2.354836940765381,-0.6956722140312195
17867,2.5561230182647705,-0.7653011083602905
17868,2.2567567825317383,-0.6933198571205139
17869,2.2216529846191406,-0.646299421787262
17870,2.1361758708953857,-0.6035075187683105
17871,2.1907052993774414,-0.6180626749992371
17872,2.1598610877990723,-0.6049318909645081
17873,2.3105249404907227,-0.5994319319725037
17874,2.349193572998047,-0.668988823890686
17875,2.3441224098205566,-0.7776540517807007
17876,2.6458616256713867,-0.8052324056625366
17877,2.245187759399414,-0.6925655603408813
17878,1.9374127388000488,-0.6271330714225769
17879,2.2864935398101807,-0.5951244235038757
17880,2.3333921432495117,-0.6561447381973267
17881,2.210017681121826,-0.8142331838607788
17882,2.3882837295532227,-0.7303618788719177
17883,2.2109241485595703,-0.5587732791900635
17884,1.9659066200256348,-0.5603678822517395
17885,2.8001251220703125,-0.7309429049491882
17886,2.237804412841797,-0.7133486270904541
17887,2.646851062774658,-0.6783438324928284
17888,2.286837577819824,-0.7200480699539185
17889,2.049910545349121,-0.687908411026001
17890,2.4513492584228516,-0.6812373399734497
17891,2.1414732933044434,-0.6435979604721069
17892,1.9256837368011475,-0.6169623732566833
17893,2.1236135959625244,-0.698005735874176
17894,2.166226387023926,-0.6413088440895081
17895,2.6050405502319336,-0.7187908887863159
17896,2.0685815811157227,-0.5813801288604736
17897,2.7026634216308594,-0.5991103649139404
17898,2.1029977798461914,-0.6420310735702515
17899,2.3060355186462402,-0.6505547165870667
17900,2.087759017944336,-0.6604062914848328
17901,2.5196685791015625,-0.651454746723175
17902,2.1674256324768066,-0.5893859267234802
17903,2.569395065307617,-0.6900492310523987
17904,2.2242817878723145,-0.7019618153572083
17905,2.5747923851013184,-0.6128657460212708
17906,2.317990779876709,-0.6741403341293335
17907,2.338937520980835,-0.6277722716331482
17908,2.3324015140533447,-0.6984409093856812
17909,1.9282481670379639,-0.6042312383651733
17910,2.314700126647949,-0.66749107837677
17911,2.224628448486328,-0.6097697615623474
17912,2.449280261993408,-0.6626662611961365
17913,2.2445645332336426,-0.6597667932510376
17914,2.4233994483947754,-0.6458911299705505
17915,2.0650124549865723,-0.5989233255386353
17916,2.3963184356689453,-0.6403299570083618
17917,2.576132297515869,-0.6999397277832031
17918,2.1866774559020996,-0.6065518856048584
17919,2.388117790222168,-0.6935864090919495
17920,2.1228091716766357,-0.6801697611808777
17921,2.5454602241516113,-0.7234563231468201
17922,2.1863460540771484,-0.6758065223693848
17923,2.474843978881836,-0.6369062662124634
17924,2.515707015991211,-0.7050578594207764
17925,2.4117374420166016,-0.6171186566352844
17926,2.2450428009033203,-0.7083926200866699
17927,1.974940538406372,-0.6453225016593933
17928,2.2323851585388184,-0.7153105735778809
17929,2.31544828414917,-0.7113683223724365
17930,2.2491679191589355,-0.6461560130119324
17931,2.360851287841797,-0.651348888874054
17932,2.056572198867798,-0.5627196431159973
17933,2.5468859672546387,-0.6947788000106812
17934,2.3035778999328613,-0.6219213604927063
17935,2.720768451690674,-0.632834792137146
17936,2.346822738647461,-0.6455176472663879
17937,2.36299467086792,-0.6706296801567078
17938,1.9461350440979004,-0.6049758195877075
17939,2.182589530944824,-0.6872715950012207
17940,2.295994281768799,-0.652229368686676
17941,2.1631646156311035,-0.6873732805252075
17942,2.1107497215270996,-0.5533825159072876
17943,2.093919277191162,-0.7706709504127502
17944,2.0495834350585938,-0.6494265794754028
17945,2.1660408973693848,-0.6406669020652771
17946,2.4878010749816895,-0.6848697066307068
17947,2.1458353996276855,-0.6067333221435547
17948,2.3559932708740234,-0.631955623626709
17949,2.377349615097046,-0.7223840355873108
17950,2.1780171394348145,-0.6919935345649719
17951,1.9708330631256104,-0.6259772777557373
17952,2.174535036087036,-0.670612633228302
17953,2.2894797325134277,-0.6209427118301392
17954,2.2411651611328125,-0.7754670977592468
17955,2.200148105621338,-0.5697890520095825
17956,2.3363022804260254,-0.6707930564880371
17957,2.269484519958496,-0.6901951432228088
17958,2.0767836570739746,-0.725344717502594
17959,2.2287912368774414,-0.6828637719154358
17960,2.247943639755249,-0.538556694984436
17961,2.5610790252685547,-0.6419641375541687
17962,2.077610492706299,-0.5795659422874451
17963,2.2267441749572754,-0.7710510492324829
17964,2.385488510131836,-0.6793150901794434
17965,2.3873984813690186,-0.7886281609535217
17966,2.0300941467285156,-0.6173405647277832
17967,2.3056726455688477,-0.677703857421875
17968,2.126673698425293,-0.6431869268417358
17969,1.9293200969696045,-0.7198173999786377
17970,2.1393179893493652,-0.6540076732635498
17971,2.3188822269439697,-0.6819542646408081
17972,2.1441915035247803,-0.7211654782295227
17973,2.2830400466918945,-0.6459527015686035
17974,2.4477787017822266,-0.6568208336830139
17975,2.3651347160339355,-0.627564013004303
17976,2.062314987182617,-0.602578341960907
17977,2.2697291374206543,-0.6457583904266357
17978,2.215008020401001,-0.6990618109703064
17979,2.2403929233551025,-0.6333922743797302
17980,2.415436267852783,-0.6581505537033081
17981,2.540064811706543,-0.6787886619567871
17982,2.427335262298584,-0.6661717295646667
17983,2.0712838172912598,-0.6307835578918457
17984,2.075176239013672,-0.6885831356048584
17985,2.4494481086730957,-0.6060454845428467
17986,2.285006523132324,-0.6507478952407837
17987,2.0354859828948975,-0.6780642867088318
17988,2.121279716491699,-0.6813614368438721
17989,1.7596368789672852,-0.6013477444648743
17990,2.578606367111206,-0.619215190410614
17991,2.5121212005615234,-0.6616461277008057
17992,2.2017159461975098,-0.7511348128318787
17993,2.245482921600342,-0.6548726558685303
17994,2.212407350540161,-0.6483274102210999
17995,2.2000064849853516,-0.6189714074134827
17996,2.046112060546875,-0.6644309759140015
17997,2.559108257293701,-0.6587545275688171
17998,2.1284685134887695,-0.6201997995376587
17999,1.963446021080017,-0.6336692571640015
18000,1.8844842910766602,-0.7102538347244263
18001,2.386237859725952,-0.6971110701560974
18002,2.0263664722442627,-0.658485472202301
18003,2.1686503887176514,-0.6114694476127625
18004,2.341592788696289,-0.6447925567626953
18005,2.1616592407226562,-0.6377256512641907
18006,2.323298454284668,-0.7085737586021423
18007,2.4614009857177734,-0.7254482507705688
18008,2.282576322555542,-0.6548266410827637
18009,2.526819944381714,-0.6163173317909241
18010,2.192160129547119,-0.6942511200904846
18011,2.344167709350586,-0.6444770693778992
18012,2.6928043365478516,-0.719189465045929
18013,2.129190444946289,-0.6912134289741516
18014,2.203606605529785,-0.6831122040748596
18015,2.5000452995300293,-0.6669067144393921
18016,2.265066623687744,-0.7039111852645874
18017,2.6575822830200195,-0.7584913372993469
18018,2.0749220848083496,-0.6885063052177429
18019,2.5023951530456543,-0.656935453414917
18020,2.1259710788726807,-0.5719559192657471
18021,2.216891288757324,-0.6238373517990112
18022,2.544384479522705,-0.7067718505859375
18023,2.6716129779815674,-0.6848815679550171
18024,2.167452335357666,-0.6262132525444031
18025,2.3271255493164062,-0.6643219590187073
18026,2.329556465148926,-0.7057293653488159
18027,2.3016631603240967,-0.6975612640380859
18028,2.226689100265503,-0.715646505355835
18029,2.343301773071289,-0.6510320901870728
18030,2.328298568725586,-0.6513434052467346
18031,2.3547163009643555,-0.679905116558075
18032,2.4365577697753906,-0.6597805023193359
18033,2.4410605430603027,-0.7405543327331543
18034,2.4661965370178223,-0.6672222018241882
18035,2.5901715755462646,-0.7162026166915894
18036,2.3488850593566895,-0.6247929334640503
18037,1.9589065313339233,-0.5846623778343201
18038,2.315110683441162,-0.5986478328704834
18039,2.2873635292053223,-0.6064457893371582
18040,2.372389316558838,-0.7005516290664673
18041,2.1773478984832764,-0.6069667339324951
18042,2.2075917720794678,-0.6456179618835449
18043,2.1384775638580322,-0.6728385090827942
18044,2.2659108638763428,-0.7223206162452698
18045,1.9872941970825195,-0.6035584211349487
18046,2.238316535949707,-0.6442793011665344
18047,2.278367757797241,-0.6996716260910034
18048,2.19659423828125,-0.6131728291511536
18049,2.2499802112579346,-0.6751371026039124
18050,2.284130096435547,-0.6699939966201782
18051,2.7093329429626465,-0.6925400495529175
18052,2.3877062797546387,-0.7135208249092102
18053,2.327742576599121,-0.636787474155426
18054,2.1564505100250244,-0.6592249870300293
18055,2.300177574157715,-0.6859591603279114
18056,2.0704777240753174,-0.616121768951416
18057,2.34177303314209,-0.7063178420066833
18058,2.129814624786377,-0.7111497521400452
18059,2.3556807041168213,-0.5864556431770325
18060,2.127980947494507,-0.5305414795875549
18061,2.1201767921447754,-0.6215958595275879
18062,2.396726369857788,-0.6496224403381348
18063,2.2225677967071533,-0.6163240671157837
18064,2.463838577270508,-0.6489587426185608
18065,2.3074429035186768,-0.7375106811523438
18066,2.138864040374756,-0.5086237192153931
18067,2.2750415802001953,-0.6027425527572632
18068,2.194507360458374,-0.6773573160171509
18069,2.2867038249969482,-0.6822600364685059
18070,2.1454644203186035,-0.6493075489997864
18071,2.321427583694458,-0.6468890905380249
18072,2.2533059120178223,-0.6393964886665344
18073,2.5435478687286377,-0.6011620759963989
18074,2.1494991779327393,-0.7431489825248718
18075,2.4682717323303223,-0.7320905327796936
18076,2.5155110359191895,-0.6099041104316711
18077,2.0809288024902344,-0.7211024761199951
18078,2.4468369483947754,-0.6183817982673645
18079,2.116929054260254,-0.6677786111831665
18080,2.156144618988037,-0.6194735169410706
18081,2.2798879146575928,-0.6505751013755798
18082,2.1080610752105713,-0.5984326004981995
18083,2.0141618251800537,-0.6387535333633423
18084,2.480497360229492,-0.6511042714118958
18085,2.590874195098877,-0.7148541212081909
18086,2.3782167434692383,-0.6444841027259827
18087,2.4973998069763184,-0.6618911623954773
18088,2.166332244873047,-0.690488874912262
18089,2.728210926055908,-0.6011180281639099
18090,1.7956054210662842,-0.5795096158981323
18091,2.50496244430542,-0.7486491203308105
18092,2.6591920852661133,-0.622830867767334
18093,2.5948519706726074,-0.7432394623756409
18094,2.7552525997161865,-0.590614914894104
18095,2.7208187580108643,-0.6184882521629333
18096,1.996140718460083,-0.623490571975708
18097,2.4255003929138184,-0.6875863075256348
18098,2.295506477355957,-0.6833236217498779
18099,2.157902956008911,-0.5972151160240173
18100,2.1604578495025635,-0.6579170227050781
18101,2.5539841651916504,-0.6514219641685486
18102,2.2518224716186523,-0.5935356020927429
18103,2.6761045455932617,-0.6026642322540283
18104,2.093899726867676,-0.640166699886322
18105,1.9922981262207031,-0.5926039218902588
18106,2.3040101528167725,-0.6246834993362427
18107,2.287874698638916,-0.6266276836395264
18108,2.4290714263916016,-0.6638020277023315
18109,2.2794082164764404,-0.7120357751846313
18110,2.291015625,-0.6714460253715515
18111,2.3937723636627197,-0.7757809162139893
18112,2.046314239501953,-0.627143919467926
18113,2.346444845199585,-0.7214636206626892
18114,2.3996963500976562,-0.6806970834732056
18115,2.6570115089416504,-0.6737867593765259
18116,2.5099406242370605,-0.6810380816459656
18117,2.526764392852783,-0.7104157209396362
18118,2.377730369567871,-0.7728595733642578
18119,2.4838757514953613,-0.626646101474762
18120,2.651580810546875,-0.6475067138671875
18121,2.4052016735076904,-0.597663938999176
18122,2.225551128387451,-0.5547258853912354
18123,2.2986035346984863,-0.6798112392425537
18124,2.445505142211914,-0.6123108863830566
18125,2.8799705505371094,-0.7072925567626953
18126,2.245572566986084,-0.5861421823501587
18127,2.460172653198242,-0.661308765411377
18128,2.3220229148864746,-0.6648270487785339
18129,2.5798110961914062,-0.7698739767074585
18130,1.9165406227111816,-0.7105824947357178
18131,2.499096155166626,-0.6760327816009521
18132,1.8024324178695679,-0.6921672224998474
18133,2.3387036323547363,-0.6341739892959595
18134,2.22149658203125,-0.6084380745887756
18135,2.3898069858551025,-0.6144528388977051
18136,2.362945556640625,-0.6916214823722839
18137,2.0743894577026367,-0.5846303701400757
18138,2.0912089347839355,-0.7083747982978821
18139,2.3137192726135254,-0.7518333196640015
18140,2.30465030670166,-0.7188873291015625
18141,2.4496307373046875,-0.6626297831535339
18142,2.201347589492798,-0.598164439201355
18143,2.3292531967163086,-0.5906763076782227
18144,2.251370906829834,-0.7187469005584717
18145,2.138057231903076,-0.7284550666809082
18146,2.482573986053467,-0.6818222999572754
18147,2.3418188095092773,-0.6335433721542358
18148,2.321815013885498,-0.6869255304336548
18149,2.3475899696350098,-0.6667009592056274
18150,1.9755480289459229,-0.5715381503105164
18151,2.265374183654785,-0.70613694190979
18152,1.9780781269073486,-0.6200498342514038
18153,2.0576233863830566,-0.6531553864479065
18154,2.497171401977539,-0.6702629923820496
18155,1.9881988763809204,-0.5707212090492249
18156,2.1374480724334717,-0.7249734401702881
18157,2.297513961791992,-0.6611159443855286
18158,1.9442236423492432,-0.6809446215629578
18159,2.6533145904541016,-0.672770082950592
18160,2.0697169303894043,-0.7044627666473389
18161,2.2918310165405273,-0.5899658799171448
18162,2.421440601348877,-0.7345507144927979
18163,2.38795804977417,-0.7115767598152161
18164,2.4262990951538086,-0.5741040706634521
18165,2.563382625579834,-0.6572067141532898
18166,2.2664499282836914,-0.7082716226577759
18167,2.277250289916992,-0.7169336676597595
18168,2.0132246017456055,-0.6177225112915039
18169,2.4836487770080566,-0.6260245442390442
18170,2.465388298034668,-0.7317599654197693
18171,2.2985408306121826,-0.6230123043060303
18172,2.2023191452026367,-0.6448493003845215
18173,2.370131492614746,-0.603959858417511
18174,2.3817360401153564,-0.6783066391944885
18175,2.090392589569092,-0.6866515874862671
18176,2.3760337829589844,-0.6869334578514099
18177,2.514342784881592,-0.6377856135368347
18178,2.2380661964416504,-0.6051060557365417
18179,2.3490493297576904,-0.6541616916656494
18180,2.1851911544799805,-0.7270166277885437
18181,2.1932222843170166,-0.7208226919174194
18182,2.322481870651245,-0.6682144999504089
18183,2.4995574951171875,-0.6298308968544006
18184,2.3087809085845947,-0.670657217502594
18185,2.3828489780426025,-0.6943151354789734
18186,2.209458827972412,-0.632601797580719
18187,2.2257943153381348,-0.6598874926567078
18188,2.3508951663970947,-0.7196962833404541
18189,2.7301347255706787,-0.7105858325958252
18190,2.057971954345703,-0.677977442741394
18191,2.4374024868011475,-0.6820806860923767
18192,2.3551018238067627,-0.6973350644111633
18193,2.1455016136169434,-0.62384432554245
18194,2.4754812717437744,-0.6140764951705933
18195,2.414362907409668,-0.6646608710289001
18196,2.1041347980499268,-0.6562793254852295
18197,2.2301979064941406,-0.6314995288848877
18198,2.1621897220611572,-0.5970733761787415
18199,2.539124011993408,-0.6719231605529785
18200,2.080697774887085,-0.690737247467041
18201,2.2917909622192383,-0.7387188673019409
18202,1.9730522632598877,-0.6062020063400269
18203,2.3922061920166016,-0.6501966118812561
18204,1.9874070882797241,-0.6784490942955017
18205,2.197770357131958,-0.7053881287574768
18206,2.135935068130493,-0.6995195150375366
18207,2.555030107498169,-0.6027043461799622
18208,2.472043991088867,-0.6518478989601135
18209,2.2899112701416016,-0.6819398403167725
18210,2.030001640319824,-0.7266616821289062
18211,2.199723720550537,-0.6876478791236877
18212,2.287360191345215,-0.6733417510986328
18213,2.201868772506714,-0.6826432943344116
18214,2.3185482025146484,-0.7345843315124512
18215,2.245882749557495,-0.7024214863777161
18216,2.5105957984924316,-0.6715354323387146
18217,2.6717562675476074,-0.6637498736381531
18218,2.459683418273926,-0.6514108180999756
18219,2.307875156402588,-0.7070704102516174
18220,2.2000114917755127,-0.6478535532951355
18221,2.256442070007324,-0.6261537075042725
18222,2.640594720840454,-0.7374507188796997
18223,2.2082791328430176,-0.7642019391059875
18224,2.556785821914673,-0.7023636102676392
18225,2.2734761238098145,-0.6429056525230408
18226,2.4024221897125244,-0.6105931997299194
18227,2.3953280448913574,-0.6106706261634827
18228,2.0574474334716797,-0.6451268792152405
18229,2.0292716026306152,-0.6810253262519836
18230,2.33551025390625,-0.6880942583084106
18231,2.255943775177002,-0.7011346220970154
18232,2.4918060302734375,-0.7354918122291565
18233,2.24078369140625,-0.6256091594696045
18234,2.39798641204834,-0.6767742037773132
18235,2.397308349609375,-0.7324645519256592
18236,1.8310563564300537,-0.5574166178703308
18237,2.33772349357605,-0.6218366622924805
18238,2.4103426933288574,-0.7539527416229248
18239,2.6034679412841797,-0.6762150526046753
18240,2.2822928428649902,-0.7288157939910889
18241,2.293579578399658,-0.6330015063285828
18242,2.3182053565979004,-0.6857673525810242
18243,2.278512954711914,-0.610528290271759
18244,2.3158159255981445,-0.5879876017570496
18245,2.3971915245056152,-0.8137089610099792
18246,2.417449474334717,-0.7871268391609192
18247,2.420126438140869,-0.6761531829833984
18248,1.9781720638275146,-0.6304730772972107
18249,2.11810564994812,-0.622985303401947
18250,2.606326103210449,-0.6299408078193665
18251,2.302493095397949,-0.6201885938644409
18252,2.173776626586914,-0.6786069273948669
18253,2.363269329071045,-0.7656843662261963
18254,3.0441153049468994,-0.67528235912323
18255,2.3229920864105225,-0.5278169512748718
18256,2.7032370567321777,-0.6218810081481934
18257,2.1552767753601074,-0.717052161693573
18258,2.3801186084747314,-0.695041298866272
18259,2.5040359497070312,-0.7241819500923157
18260,2.53094482421875,-0.7244649529457092
18261,2.0414021015167236,-0.6800947785377502
18262,2.3002395629882812,-0.6555788516998291
18263,2.0445220470428467,-0.6701810956001282
18264,2.2308263778686523,-0.7503745555877686
18265,2.3524255752563477,-0.7300350666046143
18266,2.3828859329223633,-0.7117653489112854
18267,2.009204864501953,-0.6412004828453064
18268,2.593008041381836,-0.5602706074714661
18269,2.4278066158294678,-0.6124050617218018
18270,2.0140018463134766,-0.7257013916969299
18271,2.189321517944336,-0.6579400897026062
18272,2.4502978324890137,-0.7177853584289551
18273,2.313343048095703,-0.7654046416282654
18274,2.120434522628784,-0.6834542155265808
18275,2.243795394897461,-0.5870293974876404
18276,2.1711974143981934,-0.729439377784729
18277,2.592318058013916,-0.6665517687797546
18278,2.040238618850708,-0.6218090653419495
18279,2.292863368988037,-0.6236987709999084
18280,2.237355947494507,-0.7046672105789185
18281,2.010679244995117,-0.6493118405342102
18282,1.978562831878662,-0.6183634400367737
18283,1.9605505466461182,-0.6230059862136841
18284,2.344698905944824,-0.6539811491966248
18285,2.6709794998168945,-0.6716188192367554
18286,2.4641308784484863,-0.6657665967941284
18287,2.193842887878418,-0.6828687191009521
18288,2.1670382022857666,-0.6329391598701477
18289,2.468635082244873,-0.6629504561424255
18290,1.9765033721923828,-0.6527288556098938
18291,2.1930131912231445,-0.6200827360153198
18292,2.4996438026428223,-0.6622517108917236
18293,2.1351494789123535,-0.6178092956542969
18294,2.0112175941467285,-0.6247883439064026
18295,2.0726866722106934,-0.5324488878250122
18296,2.333631992340088,-0.6627523899078369
18297,2.161345958709717,-0.6294620037078857
18298,2.34072208404541,-0.648354172706604
18299,2.210580825805664,-0.5563240647315979
18300,2.0451183319091797,-0.6741381883621216
18301,2.522895336151123,-0.6212409138679504
18302,2.126309871673584,-0.7061340808868408
18303,2.4350662231445312,-0.7625364065170288
18304,2.393293857574463,-0.7680554986000061
18305,1.9793803691864014,-0.6492935419082642
18306,2.138988733291626,-0.6364441514015198
18307,2.2453365325927734,-0.6492640972137451
18308,2.5513200759887695,-0.627795398235321
18309,2.2948899269104004,-0.7514297366142273
18310,2.360714912414551,-0.7274366617202759
18311,2.207275867462158,-0.6665165424346924
18312,2.038212299346924,-0.6519309878349304
18313,2.6223199367523193,-0.6553515791893005
18314,2.313612461090088,-0.6735217571258545
18315,2.150543689727783,-0.5791642069816589
18316,2.3512790203094482,-0.6265832781791687
18317,2.116246461868286,-0.6666965484619141
18318,2.4179179668426514,-0.6772977709770203
18319,2.3285343647003174,-0.6521919965744019
18320,2.2883505821228027,-0.6225417256355286
18321,2.120603084564209,-0.7272135019302368
18322,2.1544296741485596,-0.6555134654045105
18323,2.290532350540161,-0.6984831094741821
18324,2.806396484375,-0.6682586669921875
18325,2.0913572311401367,-0.6564089059829712
18326,2.603860378265381,-0.6873740553855896
18327,2.2992420196533203,-0.6514585614204407
18328,2.1535191535949707,-0.5607931017875671
18329,2.4176926612854004,-0.6556387543678284
18330,2.528362512588501,-0.7321316003799438
18331,2.1446919441223145,-0.638457179069519
18332,2.467724323272705,-0.6548488736152649
18333,2.404240131378174,-0.6436334848403931
18334,2.85886812210083,-0.5725429654121399
18335,2.150543451309204,-0.5850037336349487
18336,2.455307960510254,-0.7640220522880554
18337,2.2850770950317383,-0.7383480072021484
18338,2.275327444076538,-0.6647366285324097
18339,2.102120876312256,-0.6724286675453186
18340,2.309593677520752,-0.6412091255187988
18341,2.104290008544922,-0.6410675644874573
18342,2.4267964363098145,-0.6144957542419434
18343,2.1698367595672607,-0.7236703634262085
18344,2.197495937347412,-0.5828235149383545
18345,2.2168831825256348,-0.6281107068061829
18346,2.141265392303467,-0.6612927913665771
18347,2.0734477043151855,-0.6392761468887329
18348,2.320237636566162,-0.6671929955482483
18349,2.529176712036133,-0.7070105075836182
18350,2.4884116649627686,-0.7649197578430176
18351,2.450836181640625,-0.6891024112701416
18352,2.1581101417541504,-0.6181076169013977
18353,2.393418312072754,-0.6030033230781555
18354,2.0562424659729004,-0.6481914520263672
18355,2.0528013706207275,-0.7388949394226074
18356,2.281911849975586,-0.6422718167304993
18357,2.2463765144348145,-0.7164071798324585
18358,2.405756950378418,-0.7170456647872925
18359,2.1760315895080566,-0.6609823107719421
18360,2.230376958847046,-0.6192227602005005
18361,2.194622755050659,-0.6131972670555115
18362,2.484288454055786,-0.6887988448143005
18363,2.349680185317993,-0.7432788014411926
18364,1.9442874193191528,-0.653519868850708
18365,1.9897751808166504,-0.7030779123306274
18366,2.1474642753601074,-0.7244117856025696
18367,2.4039406776428223,-0.6034210324287415
18368,2.5487060546875,-0.6576508283615112
18369,2.2875335216522217,-0.7036876678466797
18370,2.455319404602051,-0.753746747970581
18371,2.313248634338379,-0.7353302240371704
18372,2.2122254371643066,-0.6540724039077759
18373,2.385925769805908,-0.6657952070236206
18374,2.6045703887939453,-0.7370809316635132
18375,2.278439998626709,-0.7114372253417969
18376,2.5344667434692383,-0.7043132185935974
18377,1.913205862045288,-0.5936597585678101
18378,2.3455464839935303,-0.6665393114089966
18379,2.0865683555603027,-0.6325430870056152
18380,2.4131269454956055,-0.7414646744728088
18381,2.198124408721924,-0.6472375988960266
18382,2.1831047534942627,-0.5860560536384583
18383,2.2400312423706055,-0.6881071329116821
18384,2.6516737937927246,-0.6018811464309692
18385,2.6534080505371094,-0.6657063364982605
18386,2.1060304641723633,-0.6563159227371216
18387,2.4229397773742676,-0.6025531888008118
18388,2.1753649711608887,-0.5983736515045166
18389,2.3033523559570312,-0.6605747938156128
18390,2.3674046993255615,-0.6747313141822815
18391,2.2677712440490723,-0.7091076374053955
18392,2.2512035369873047,-0.6825268268585205
18393,2.065011978149414,-0.6781201362609863
18394,2.2708630561828613,-0.7244646549224854
18395,2.1828083992004395,-0.7174638509750366
18396,2.610482692718506,-0.7283812761306763
18397,2.4532299041748047,-0.7085375189781189
18398,2.4722790718078613,-0.6348939538002014
18399,2.460327386856079,-0.6892099976539612
18400,2.1983237266540527,-0.6281244158744812
18401,2.53879976272583,-0.718272864818573
18402,2.231074810028076,-0.7194480299949646
18403,2.0551986694335938,-0.6644226312637329
18404,2.6764016151428223,-0.6688851118087769
18405,2.199861764907837,-0.6437181234359741
18406,2.250980854034424,-0.6891370415687561
18407,2.143915891647339,-0.7043067812919617
18408,2.2391865253448486,-0.6388858556747437
18409,2.6814284324645996,-0.6550875306129456
18410,2.2056243419647217,-0.7359716892242432
18411,1.9336111545562744,-0.6606715321540833
18412,2.271050214767456,-0.6055116057395935
18413,2.3509185314178467,-0.626577615737915
18414,2.2874629497528076,-0.6565123200416565
18415,2.49971866607666,-0.6476094722747803
18416,2.1816000938415527,-0.6014015078544617
18417,2.1594576835632324,-0.6281129717826843
18418,2.170273542404175,-0.625848114490509
18419,2.6037042140960693,-0.7225668430328369
18420,2.314897060394287,-0.7116007804870605
18421,2.0229992866516113,-0.616348147392273
18422,2.0234336853027344,-0.7014328837394714
18423,2.399160385131836,-0.6652784943580627
18424,2.3810324668884277,-0.6853321194648743
18425,2.359013080596924,-0.6145186424255371
18426,2.509812116622925,-0.7146376967430115
18427,2.144942045211792,-0.5888242125511169
18428,2.354487180709839,-0.630958080291748
18429,2.2397842407226562,-0.6526753306388855
18430,2.0803005695343018,-0.7081113457679749
18431,2.2568254470825195,-0.7089937329292297
18432,2.8318777084350586,-0.6778178215026855
18433,2.780636787414551,-0.7140560150146484
18434,2.6725516319274902,-0.7079044580459595
18435,2.449127197265625,-0.6622862219810486
18436,2.192072868347168,-0.6807934045791626
18437,2.345804214477539,-0.6822455525398254
18438,2.5232551097869873,-0.6946536898612976
18439,2.451594352722168,-0.6675790548324585
18440,2.2213268280029297,-0.7507033348083496
18441,2.568932056427002,-0.6767064929008484
18442,2.62384033203125,-0.715666651725769
18443,2.2668356895446777,-0.6806656718254089
18444,2.2031188011169434,-0.6416182518005371
18445,2.0888671875,-0.6599156856536865
18446,2.3880808353424072,-0.6512492299079895
18447,2.2204227447509766,-0.6793457269668579
18448,2.353910207748413,-0.7280308604240417
18449,2.3421454429626465,-0.6326367855072021
18450,2.3385798931121826,-0.5999295115470886
18451,2.20542049407959,-0.6141250729560852
18452,2.3615450859069824,-0.6645978689193726
18453,2.0156500339508057,-0.7060258984565735
18454,2.366109848022461,-0.6618806719779968
18455,2.4114229679107666,-0.6608895659446716
18456,2.5603199005126953,-0.6261834502220154
18457,2.6445741653442383,-0.6464864611625671
18458,2.277275562286377,-0.6164872646331787
18459,2.0903074741363525,-0.6901803016662598
18460,2.2296268939971924,-0.6977576613426208
18461,2.4204189777374268,-0.7166890501976013
18462,2.4405226707458496,-0.6580305695533752
18463,2.0686209201812744,-0.5670345425605774
18464,2.1041030883789062,-0.6352726817131042
18465,2.117537498474121,-0.6988934278488159
18466,2.4820923805236816,-0.679537296295166
18467,2.0818285942077637,-0.5605303645133972
18468,2.5627260208129883,-0.6784995794296265
18469,2.4481213092803955,-0.7314749956130981
18470,2.259787082672119,-0.7630805969238281
18471,2.691998243331909,-0.6856935620307922
18472,2.3307597637176514,-0.6185490489006042
18473,2.617465019226074,-0.6284056305885315
18474,2.0983762741088867,-0.6777834892272949
18475,1.9472651481628418,-0.7124360799789429
18476,2.582955837249756,-0.6775795817375183
18477,2.072943687438965,-0.6747422814369202
18478,2.1229209899902344,-0.5976760983467102
18479,2.310337543487549,-0.6819932460784912
18480,2.2773423194885254,-0.5956768989562988
18481,3.118129253387451,-0.7568590044975281
18482,2.3177266120910645,-0.6932936906814575
18483,2.1789045333862305,-0.7716233730316162
18484,2.529127359390259,-0.635053277015686
18485,2.2339839935302734,-0.599456787109375
18486,2.358445405960083,-0.6607978343963623
18487,1.9902344942092896,-0.7167755365371704
18488,2.5458946228027344,-0.7444856762886047
18489,2.468003034591675,-0.7804296016693115
18490,2.212470054626465,-0.6388366222381592
18491,2.3931069374084473,-0.6034406423568726
18492,2.329336404800415,-0.7081677317619324
18493,2.355196475982666,-0.7109004855155945
18494,2.1979470252990723,-0.6664534211158752
18495,1.9197776317596436,-0.6704771518707275
18496,2.2913944721221924,-0.6432201266288757
18497,1.9507863521575928,-0.6544330716133118
18498,2.293999671936035,-0.6736243963241577
18499,2.235008716583252,-0.6651932597160339
18500,2.4368293285369873,-0.6250882148742676
18501,2.3807835578918457,-0.7014659643173218
18502,2.094054937362671,-0.660787045955658
18503,2.2224888801574707,-0.6196574568748474
18504,2.0969762802124023,-0.6609429717063904
18505,1.7895094156265259,-0.5882831811904907
18506,2.4790468215942383,-0.5580868124961853
18507,2.23551344871521,-0.6751114726066589
18508,2.4903604984283447,-0.6801406741142273
18509,2.50400972366333,-0.672181248664856
18510,2.3752474784851074,-0.6210882663726807
18511,2.2903056144714355,-0.6854060888290405
18512,1.993354320526123,-0.7499330639839172
18513,2.321094036102295,-0.6619120240211487
18514,1.836411714553833,-0.6198880076408386
18515,2.5025062561035156,-0.7216763496398926
18516,1.9977431297302246,-0.7227905988693237
18517,2.212233066558838,-0.5943490862846375
18518,2.056511878967285,-0.7517342567443848
18519,2.1815571784973145,-0.725943386554718
18520,2.23237681388855,-0.6600245833396912
18521,2.4321653842926025,-0.6204743385314941
18522,2.34319806098938,-0.7726748585700989
18523,2.2426843643188477,-0.6760886907577515
18524,2.0876846313476562,-0.7247267961502075
18525,2.306705951690674,-0.6945291757583618
18526,2.3889546394348145,-0.6170602440834045
18527,2.1288273334503174,-0.6994013786315918
18528,2.370677947998047,-0.6639955639839172
18529,2.3312034606933594,-0.6622791290283203
18530,2.357177734375,-0.7302429676055908
18531,2.3162660598754883,-0.6721280813217163
18532,2.2362606525421143,-0.7209262847900391
18533,2.4388017654418945,-0.7266807556152344
18534,2.1151649951934814,-0.7109718322753906
18535,2.516152858734131,-0.7007783651351929
18536,2.133605480194092,-0.597261905670166
18537,2.251518487930298,-0.592351496219635
18538,2.1046247482299805,-0.631245493888855
18539,2.2828190326690674,-0.7942556738853455
18540,2.246661901473999,-0.6917514204978943
18541,2.5337703227996826,-0.6246744394302368
18542,2.213160514831543,-0.6256359219551086
18543,2.4296822547912598,-0.7154606580734253
18544,2.543377161026001,-0.6747897267341614
18545,2.464186191558838,-0.6591033935546875
18546,2.2353174686431885,-0.7384840250015259
18547,2.2696104049682617,-0.6019313931465149
18548,2.3128299713134766,-0.6761259436607361
18549,1.9233334064483643,-0.5714914798736572
18550,2.2363946437835693,-0.7219587564468384
18551,2.563877582550049,-0.6938062906265259
18552,2.4371306896209717,-0.7090795040130615
18553,1.9688708782196045,-0.5699961185455322
18554,2.6033411026000977,-0.6188562512397766
18555,2.0962815284729004,-0.7183407545089722
18556,2.5272393226623535,-0.6288410425186157
18557,2.636810302734375,-0.6504033803939819
18558,2.5862011909484863,-0.6048782467842102
18559,2.4037561416625977,-0.5768624544143677
18560,2.226503372192383,-0.7046525478363037
18561,2.5061440467834473,-0.7375687956809998
18562,2.4724202156066895,-0.742824375629425
18563,3.052525043487549,-0.7464104294776917
18564,2.191643238067627,-0.6457335948944092
18565,2.567728042602539,-0.6561844348907471
18566,1.9851646423339844,-0.6335046887397766
18567,2.938929319381714,-0.5989019870758057
18568,2.2362051010131836,-0.7043489217758179
18569,2.272510528564453,-0.6616625189781189
18570,2.477261543273926,-0.6378074288368225
18571,2.3066558837890625,-0.5850412845611572
18572,2.49733304977417,-0.5905149579048157
18573,2.3063244819641113,-0.7074508666992188
18574,1.985183835029602,-0.6449936628341675
18575,2.3372199535369873,-0.7382578253746033
18576,2.474430561065674,-0.6721633076667786
18577,2.3244035243988037,-0.7085735201835632
18578,2.1957345008850098,-0.5951235890388489
18579,2.5689432621002197,-0.6222727298736572
18580,2.055331230163574,-0.653333306312561
18581,1.8244346380233765,-0.6323684453964233
18582,2.1212382316589355,-0.6870651841163635
18583,2.2129175662994385,-0.6161075830459595
18584,2.242479085922241,-0.7097539305686951
18585,2.2558817863464355,-0.7456297278404236
18586,2.01757550239563,-0.7084510326385498
18587,2.0975775718688965,-0.6904170513153076
18588,2.4139764308929443,-0.7089263796806335
18589,2.20222544670105,-0.7263306379318237
18590,2.137338161468506,-0.6534222364425659
18591,2.1948328018188477,-0.7233744263648987
18592,1.8898279666900635,-0.7062394618988037
18593,2.324667453765869,-0.6571742296218872
18594,2.3516640663146973,-0.633763313293457
18595,2.34218168258667,-0.6400385499000549
18596,2.254340171813965,-0.6292250156402588
18597,2.2991292476654053,-0.7445785403251648
18598,2.2467660903930664,-0.6590777635574341
18599,2.3743629455566406,-0.726223886013031
18600,2.2638678550720215,-0.6648828983306885
18601,2.174806833267212,-0.5367698073387146
18602,2.2120611667633057,-0.6535585522651672
18603,2.2467870712280273,-0.6748793125152588
18604,2.2196197509765625,-0.7208465337753296
18605,2.342111349105835,-0.7440524101257324
18606,2.2561745643615723,-0.613069474697113
18607,2.465162992477417,-0.6939089894294739
18608,2.1641929149627686,-0.6950981616973877
18609,2.1761765480041504,-0.653923511505127
18610,2.1505117416381836,-0.6312218308448792
18611,2.2717952728271484,-0.7700453996658325
18612,1.9025070667266846,-0.5573323965072632
18613,2.481682777404785,-0.7043328285217285
18614,2.518127918243408,-0.6549633741378784
18615,2.1149373054504395,-0.6472089886665344
18616,1.9702742099761963,-0.6082203388214111
18617,2.1487083435058594,-0.7291585803031921
18618,2.2626614570617676,-0.7451105713844299
18619,2.5008132457733154,-0.7173700928688049
18620,2.0858635902404785,-0.7334215641021729
18621,2.306741714477539,-0.6356592774391174
18622,2.2781715393066406,-0.621671199798584
18623,2.142453193664551,-0.698437511920929
18624,2.0304744243621826,-0.7277712821960449
18625,2.3005242347717285,-0.7110961675643921
18626,2.012485980987549,-0.7211955189704895
18627,2.5634284019470215,-0.7136786580085754
18628,1.9443237781524658,-0.6898503303527832
18629,2.4011473655700684,-0.7026315927505493
18630,2.271707534790039,-0.6798558235168457
18631,2.4109792709350586,-0.7555890679359436
18632,1.9530041217803955,-0.724407434463501
18633,2.046478748321533,-0.6465330719947815
18634,2.6012845039367676,-0.6165534853935242
18635,2.218111991882324,-0.532052755355835
18636,2.241999626159668,-0.6479857563972473
18637,2.173142910003662,-0.7262995839118958
18638,2.126087188720703,-0.727102518081665
18639,2.523749589920044,-0.7246914505958557
18640,2.077669143676758,-0.6490775346755981
18641,2.10929536819458,-0.6446923017501831
18642,2.030731201171875,-0.649390697479248
18643,2.554265022277832,-0.695132315158844
18644,2.614732265472412,-0.7085141539573669
18645,2.368496894836426,-0.5836281776428223
18646,2.4071030616760254,-0.7495999336242676
18647,1.9814307689666748,-0.5991330146789551
18648,2.2934741973876953,-0.6466416716575623
18649,1.947533130645752,-0.6215594410896301
18650,2.4244134426116943,-0.6233296394348145
18651,2.356255531311035,-0.6833694577217102
18652,2.459641456604004,-0.6548802256584167
18653,2.1171140670776367,-0.6961880326271057
18654,1.9909963607788086,-0.7299695014953613
18655,2.1960344314575195,-0.726152777671814
18656,2.428575038909912,-0.574734628200531
18657,2.1917495727539062,-0.7359687685966492
18658,2.3218235969543457,-0.666979968547821
18659,2.43251895904541,-0.5930483341217041
18660,2.609971523284912,-0.6584252715110779
18661,2.126009941101074,-0.6380175948143005
18662,2.5808193683624268,-0.7279114723205566
18663,1.97796630859375,-0.5828597545623779
18664,2.276773452758789,-0.6021376252174377
18665,2.193814754486084,-0.6675816178321838
18666,2.476055145263672,-0.6252046823501587
18667,2.272961139678955,-0.700772762298584
18668,2.57250714302063,-0.6738651990890503
18669,2.0586228370666504,-0.6500747799873352
18670,2.2941818237304688,-0.6356303691864014
18671,2.408453941345215,-0.7325243949890137
18672,2.4592361450195312,-0.7058922648429871
18673,2.334764242172241,-0.7474079728126526
18674,2.2992630004882812,-0.7417611479759216
18675,2.2607569694519043,-0.7223960757255554
18676,2.0614380836486816,-0.666416347026825
18677,1.9373393058776855,-0.6752133369445801
18678,2.3652374744415283,-0.578925371170044
18679,2.142467975616455,-0.7071628570556641
18680,2.14261531829834,-0.6752521991729736
18681,2.206022262573242,-0.6661990880966187
18682,2.0765442848205566,-0.6255150437355042
18683,2.455458164215088,-0.6502510905265808
18684,2.3260586261749268,-0.6613525152206421
18685,2.709451198577881,-0.7009707689285278
18686,1.8901357650756836,-0.6143558621406555
18687,2.177196502685547,-0.6945644617080688
18688,2.1339454650878906,-0.570667028427124
18689,2.4872398376464844,-0.6753197312355042
18690,2.017369508743286,-0.7321017384529114
18691,2.7231407165527344,-0.6986920237541199
18692,2.240858793258667,-0.6304320693016052
18693,1.7784507274627686,-0.6818365454673767
18694,2.3943846225738525,-0.7110013365745544
18695,2.0301167964935303,-0.6415842175483704
18696,2.230546474456787,-0.6927340030670166
18697,2.0349631309509277,-0.751272976398468
18698,2.1196608543395996,-0.6086528301239014
18699,2.909843921661377,-0.6800949573516846
18700,2.026862621307373,-0.6301348805427551
18701,2.0855631828308105,-0.6597331762313843
18702,1.8893280029296875,-0.6418232917785645
18703,1.9806773662567139,-0.6832680702209473
18704,2.294963836669922,-0.7387412190437317
18705,2.523193597793579,-0.6603568196296692
18706,2.3020987510681152,-0.6861540079116821
18707,2.4268627166748047,-0.601747989654541
18708,2.1668670177459717,-0.6580533385276794
18709,2.355982780456543,-0.6020436882972717
18710,1.9306271076202393,-0.6606975793838501
18711,1.8547005653381348,-0.6868087649345398
18712,2.288867712020874,-0.5941309332847595
18713,2.0614240169525146,-0.6560161709785461
18714,2.226464033126831,-0.6740109920501709
18715,2.4002041816711426,-0.748659610748291
18716,2.383791446685791,-0.6349114775657654
18717,2.316555976867676,-0.623782217502594
18718,2.442337989807129,-0.612860918045044
18719,2.340791702270508,-0.7118881940841675
18720,2.337015151977539,-0.6053441166877747
18721,2.340273857116699,-0.6884724497795105
18722,1.9990386962890625,-0.7013422250747681
18723,2.1226625442504883,-0.665137767791748
18724,2.1409668922424316,-0.6725189089775085
18725,2.312272548675537,-0.6861540079116821
18726,2.0781264305114746,-0.6989489793777466
18727,1.9766627550125122,-0.5353880524635315
18728,2.2906665802001953,-0.6794114708900452
18729,2.030259609222412,-0.6271947622299194
18730,2.114485263824463,-0.6932327747344971
18731,2.434724807739258,-0.6919028759002686
18732,2.103739023208618,-0.6974206566810608
18733,2.3687169551849365,-0.7026881575584412
18734,2.194023847579956,-0.6229010224342346
18735,2.316876173019409,-0.6958630084991455
18736,1.8275566101074219,-0.6439694762229919
18737,2.3070592880249023,-0.6698489189147949
18738,2.095162868499756,-0.5773134827613831
18739,2.2498960494995117,-0.643374502658844
18740,2.4858551025390625,-0.6745312213897705
18741,1.970388412475586,-0.7311195135116577
18742,1.8891825675964355,-0.7332256436347961
18743,2.2712326049804688,-0.6696671843528748
18744,2.154172658920288,-0.6656404733657837
18745,1.8562906980514526,-0.6435652375221252
18746,2.427180051803589,-0.6685565114021301
18747,2.188479423522949,-0.6592017412185669
18748,2.0922770500183105,-0.5979689359664917
18749,2.2546777725219727,-0.6530219316482544
18750,2.255291223526001,-0.6867594122886658
18751,2.1223220825195312,-0.768424928188324
18752,1.9986660480499268,-0.6339757442474365
18753,2.371060371398926,-0.603260338306427
18754,2.5366721153259277,-0.6460961699485779
18755,2.21305513381958,-0.6065371036529541
18756,2.5296761989593506,-0.6765690445899963
18757,2.453369140625,-0.6895063519477844
18758,2.105137825012207,-0.7330467700958252
18759,2.2457756996154785,-0.6793554425239563
18760,2.167801856994629,-0.6187924146652222
18761,2.515249490737915,-0.6898037791252136
18762,2.1783223152160645,-0.7781033515930176
18763,2.3781187534332275,-0.663831889629364
18764,2.4535703659057617,-0.5733576416969299
18765,2.082122325897217,-0.626144528388977
18766,2.1193127632141113,-0.7361762523651123
18767,2.8409929275512695,-0.6905580759048462
18768,2.3054041862487793,-0.6191412210464478
18769,2.037092447280884,-0.6677086353302002
18770,2.606436252593994,-0.6299203634262085
18771,2.4856314659118652,-0.7069915533065796
18772,2.463855743408203,-0.6947294473648071
18773,2.3197498321533203,-0.6942591071128845
18774,2.182675361633301,-0.6014764308929443
18775,2.1334595680236816,-0.6418209075927734
18776,2.420900821685791,-0.7230673432350159
18777,2.1846985816955566,-0.6823363304138184
18778,2.239863872528076,-0.6592957377433777
18779,2.727591037750244,-0.7265298962593079
18780,2.0855817794799805,-0.6303308606147766
18781,2.588007926940918,-0.6511724591255188
18782,2.1512019634246826,-0.6728048920631409
18783,2.0607380867004395,-0.5973684191703796
18784,2.213283061981201,-0.6897952556610107
18785,2.3271098136901855,-0.7039154171943665
18786,2.103830099105835,-0.7011314630508423
18787,2.341928482055664,-0.668133556842804
18788,2.511005401611328,-0.6976097226142883
18789,2.351978302001953,-0.6719117164611816
18790,2.1832966804504395,-0.6289152503013611
18791,2.2210583686828613,-0.7009523510932922
18792,2.05308198928833,-0.6152449250221252
18793,2.356330633163452,-0.6708407402038574
18794,2.365786552429199,-0.7260281443595886
18795,2.5055222511291504,-0.6967088580131531
18796,2.0660648345947266,-0.6619254946708679
18797,2.637024402618408,-0.6456156373023987
18798,2.6447110176086426,-0.701073169708252
18799,2.1936326026916504,-0.7012616991996765
18800,2.5843958854675293,-0.6973035931587219
18801,2.2321789264678955,-0.7405836582183838
18802,2.0697360038757324,-0.6575450301170349
18803,2.284925937652588,-0.70355224609375
18804,2.1935153007507324,-0.6548939347267151
18805,2.4088025093078613,-0.6417227387428284
18806,2.7080788612365723,-0.6603303551673889
18807,2.6228344440460205,-0.707440972328186
18808,2.289523124694824,-0.6977792382240295
18809,2.1954269409179688,-0.6176555752754211
18810,2.3860647678375244,-0.6822652220726013
18811,2.500844955444336,-0.6530710458755493
18812,2.1006383895874023,-0.7004125118255615
18813,2.7371630668640137,-0.6339614391326904
18814,2.6138806343078613,-0.6262181401252747
18815,2.256073474884033,-0.6828266382217407
18816,2.46514892578125,-0.6129311323165894
18817,2.6714701652526855,-0.7920948266983032
18818,2.456104040145874,-0.7581180334091187
18819,2.473177194595337,-0.6772462725639343
18820,2.296903610229492,-0.6409180164337158
18821,1.9698843955993652,-0.5478484034538269
18822,2.3171730041503906,-0.6552050709724426
18823,2.0945963859558105,-0.6907255053520203
18824,2.261600971221924,-0.6259990334510803
18825,2.457092523574829,-0.8319233655929565
18826,2.318784236907959,-0.6525402069091797
18827,2.4056811332702637,-0.7196531891822815
18828,2.3594703674316406,-0.6618068218231201
18829,2.148413896560669,-0.6614439487457275
18830,2.2733864784240723,-0.6136013269424438
18831,2.1778459548950195,-0.665341317653656
18832,2.037801742553711,-0.5983411073684692
18833,2.3935062885284424,-0.6534700989723206
18834,2.339120388031006,-0.6592532396316528
18835,2.1397716999053955,-0.7102219462394714
18836,2.2191390991210938,-0.7037599682807922
18837,1.8553249835968018,-0.6591386198997498
18838,2.336592197418213,-0.6681594252586365
18839,2.081766128540039,-0.742493748664856
18840,1.8790199756622314,-0.6006526947021484
18841,2.6969103813171387,-0.6604019999504089
18842,2.2300162315368652,-0.6579029560089111
18843,2.1470956802368164,-0.635006844997406
18844,2.8651061058044434,-0.7769086956977844
18845,2.5743227005004883,-0.6466134786605835
18846,2.1397788524627686,-0.5787727236747742
18847,2.258659601211548,-0.6177520155906677
18848,2.06351375579834,-0.6045211553573608
18849,2.5136337280273438,-0.5840728282928467
18850,2.436621904373169,-0.5805889368057251
18851,2.245758533477783,-0.7063077688217163
18852,2.838386297225952,-0.7166481018066406
18853,2.5087528228759766,-0.6588996052742004
18854,2.732903242111206,-0.7078152298927307
18855,2.4483585357666016,-0.7159909605979919
18856,2.0853986740112305,-0.7140726447105408
18857,2.308342933654785,-0.7135040760040283
18858,1.848731279373169,-0.6909264922142029
18859,2.221538543701172,-0.5862850546836853
18860,2.2616004943847656,-0.6429473757743835
18861,2.322598457336426,-0.6201278567314148
18862,2.359590530395508,-0.6852779984474182
18863,2.302206516265869,-0.6335720419883728
18864,2.1921629905700684,-0.6112043261528015
18865,2.135901689529419,-0.6415980458259583
18866,2.0899205207824707,-0.6103641986846924
18867,2.2996044158935547,-0.6406961679458618
18868,2.4865989685058594,-0.75836580991745
18869,2.2492103576660156,-0.8026142716407776
18870,2.587859630584717,-0.7266685366630554
18871,2.2086710929870605,-0.6604770421981812
18872,2.523770809173584,-0.6357954740524292
18873,2.1004981994628906,-0.6354868412017822
18874,2.332944869995117,-0.7666380405426025
18875,2.114691734313965,-0.6493078470230103
18876,2.181967258453369,-0.6569644808769226
18877,2.171665668487549,-0.585319459438324
18878,2.360330581665039,-0.7047794461250305
18879,2.2753796577453613,-0.6874416470527649
18880,2.483107566833496,-0.6874436736106873
18881,2.385044574737549,-0.6617671847343445
18882,2.2071361541748047,-0.6536292433738708
18883,2.5983495712280273,-0.7354238033294678
18884,2.1838645935058594,-0.6701682806015015
18885,2.330256700515747,-0.7202240824699402
18886,2.441511392593384,-0.6743578314781189
18887,2.307631015777588,-0.6658725142478943
18888,2.62241792678833,-0.6520208716392517
18889,2.554781913757324,-0.6423718333244324
18890,2.1949331760406494,-0.6259253621101379
18891,2.608248233795166,-0.7395316958427429
18892,2.5005292892456055,-0.7084235548973083
18893,2.3262295722961426,-0.7134777307510376
18894,2.2345328330993652,-0.5650299191474915
18895,1.8612213134765625,-0.6663708686828613
18896,2.1808462142944336,-0.6446557641029358
18897,2.1480488777160645,-0.5724173188209534
18898,1.974177360534668,-0.6586905717849731
18899,2.328917980194092,-0.6878860592842102
18900,2.384875774383545,-0.6936016082763672
18901,2.2052314281463623,-0.653698742389679
18902,1.9928529262542725,-0.6619347929954529
18903,2.2783150672912598,-0.6296399831771851
18904,2.032747983932495,-0.6847007870674133
18905,2.5107736587524414,-0.6654853820800781
18906,2.426041603088379,-0.6549944877624512
18907,2.1291189193725586,-0.6630007028579712
18908,2.5198781490325928,-0.6393817067146301
18909,2.2173538208007812,-0.641029953956604
18910,1.9986910820007324,-0.6809442043304443
18911,2.177917957305908,-0.6525115966796875
18912,2.095076084136963,-0.7141841053962708
18913,2.3636109828948975,-0.6626426577568054
18914,2.1553614139556885,-0.5551837086677551
18915,2.1993660926818848,-0.7442314028739929
18916,1.9463846683502197,-0.686308741569519
18917,2.4766483306884766,-0.7087726593017578
18918,2.1229286193847656,-0.701606273651123
18919,2.1748690605163574,-0.7100085616111755
18920,2.5875372886657715,-0.6499620676040649
18921,2.2932019233703613,-0.6721367835998535
18922,2.1824469566345215,-0.6811886429786682
18923,2.379197120666504,-0.6604583859443665
18924,2.1494266986846924,-0.7314749956130981
18925,2.1341962814331055,-0.5872139930725098
18926,2.1783204078674316,-0.5983631610870361
18927,2.4825937747955322,-0.7320883274078369
18928,2.151094913482666,-0.6482900381088257
18929,2.3564510345458984,-0.6720250844955444
18930,2.1525330543518066,-0.6648191809654236
18931,2.1489717960357666,-0.5640947818756104
18932,2.724274158477783,-0.6508742570877075
18933,2.437230348587036,-0.7052083015441895
18934,2.1051690578460693,-0.7044152617454529
18935,2.174243450164795,-0.6734665036201477
18936,2.291055679321289,-0.6835867166519165
18937,2.559194564819336,-0.6145026683807373
18938,2.543757438659668,-0.5992293357849121
18939,2.316195487976074,-0.6436157822608948
18940,2.0129146575927734,-0.614324688911438
18941,2.3779690265655518,-0.7040126323699951
18942,3.2524027824401855,-0.730152428150177
18943,2.147702217102051,-0.7600640058517456
18944,2.6241157054901123,-0.7023298144340515
18945,2.2603020668029785,-0.5979678630828857
18946,2.1478848457336426,-0.6598824858665466
18947,2.2566027641296387,-0.6864013671875
18948,2.4018430709838867,-0.6604800224304199
18949,2.6979000568389893,-0.6207726001739502
18950,1.9766833782196045,-0.5947144031524658
18951,2.4096741676330566,-0.6257240772247314
18952,1.905606985092163,-0.6150374412536621
18953,2.3305349349975586,-0.7298169136047363
18954,2.2139594554901123,-0.6072606444358826
18955,2.3028223514556885,-0.6646838188171387
18956,2.618530750274658,-0.6743754744529724
18957,2.4711875915527344,-0.7204095721244812
18958,2.3407459259033203,-0.6349170207977295
18959,2.687255620956421,-0.6514940857887268
18960,2.1859679222106934,-0.6680553555488586
18961,2.4354209899902344,-0.5868825316429138
18962,2.600372791290283,-0.7959801554679871
18963,2.5255136489868164,-0.6475184559822083
18964,2.0238707065582275,-0.7017095685005188
18965,2.4174535274505615,-0.6753040552139282
18966,2.171980142593384,-0.6929633617401123
18967,1.8550386428833008,-0.7171311378479004
18968,2.001345634460449,-0.6537363529205322
18969,1.8191759586334229,-0.5672362446784973
18970,2.252986431121826,-0.7212557792663574
18971,2.3709747791290283,-0.7390403151512146
18972,2.302189588546753,-0.6249575614929199
18973,2.234480142593384,-0.6283453106880188
18974,2.5266952514648438,-0.6980684399604797
18975,2.5742697715759277,-0.7234727740287781
18976,2.175577402114868,-0.663288950920105
18977,2.1115221977233887,-0.7194344997406006
18978,2.775452136993408,-0.6523236036300659
18979,2.6200733184814453,-0.7178125977516174
18980,2.4920554161071777,-0.702709436416626
18981,2.3562307357788086,-0.7144003510475159
18982,2.412656545639038,-0.640876054763794
18983,2.745807647705078,-0.630349338054657
18984,2.1787500381469727,-0.60960453748703
18985,2.4606590270996094,-0.6995040774345398
18986,1.9036922454833984,-0.6557824611663818
18987,2.7876102924346924,-0.6716907024383545
18988,2.040357828140259,-0.6285192370414734
18989,2.041781425476074,-0.6994569897651672
18990,2.705139636993408,-0.6968724131584167
18991,2.483090877532959,-0.6787779927253723
18992,2.20979642868042,-0.5205591917037964
18993,2.3623034954071045,-0.6405090093612671
18994,2.1921043395996094,-0.6372252106666565
18995,2.1297473907470703,-0.5843968391418457
18996,2.4640612602233887,-0.727022111415863
18997,2.3295435905456543,-0.6625832319259644
18998,2.3282575607299805,-0.6851837038993835
18999,2.625861644744873,-0.5632072687149048
19000,2.1951146125793457,-0.6278687119483948
19001,2.517181873321533,-0.6717679500579834
19002,2.5146915912628174,-0.781475841999054
19003,2.163524866104126,-0.7697547078132629
19004,2.585418701171875,-0.6529486179351807
19005,2.420022964477539,-0.584601640701294
19006,2.3846330642700195,-0.6607950329780579
19007,2.301893472671509,-0.6666589379310608
19008,2.5337352752685547,-0.6695554852485657
19009,2.353607654571533,-0.6704210042953491
19010,1.9491922855377197,-0.6788883209228516
19011,1.8729243278503418,-0.636478066444397
19012,2.2751989364624023,-0.6096314787864685
19013,2.0858120918273926,-0.6958387494087219
19014,2.1203041076660156,-0.6056866645812988
19015,1.819985032081604,-0.676826000213623
19016,2.4904112815856934,-0.5731226205825806
19017,2.1062681674957275,-0.702893853187561
19018,2.3042662143707275,-0.6752134561538696
19019,2.36838698387146,-0.7272474765777588
19020,2.5464608669281006,-0.739060640335083
19021,2.265927791595459,-0.7062590718269348
19022,1.9970357418060303,-0.7415948510169983
19023,1.7764592170715332,-0.6633316874504089
19024,2.057086706161499,-0.6474475860595703
19025,2.368898868560791,-0.6608120799064636
19026,2.2071897983551025,-0.6695652604103088
19027,2.1456613540649414,-0.6814789772033691
19028,2.4022908210754395,-0.6136907935142517
19029,2.222442865371704,-0.6397346258163452
19030,2.349029302597046,-0.610562264919281
19031,1.9170335531234741,-0.6065330505371094
19032,2.196119546890259,-0.5962579846382141
19033,2.168738842010498,-0.6883689761161804
19034,2.1837754249572754,-0.7703100442886353
19035,2.249131679534912,-0.7024217844009399
19036,2.2306389808654785,-0.6190579533576965
19037,2.1863596439361572,-0.6423549056053162
19038,2.0561575889587402,-0.6923806667327881
19039,1.9915134906768799,-0.6832168102264404
19040,2.3326354026794434,-0.6587391495704651
19041,2.1370913982391357,-0.6970502734184265
19042,2.3733267784118652,-0.7526008486747742
19043,2.4220924377441406,-0.7142354846000671
19044,2.3094305992126465,-0.7144404649734497
19045,2.582829475402832,-0.6494549512863159
19046,2.059473991394043,-0.7169337272644043
19047,2.4497389793395996,-0.6620237827301025
19048,1.9242923259735107,-0.6620450019836426
19049,1.9656603336334229,-0.6334287524223328
19050,2.0933034420013428,-0.59352046251297
19051,2.0232489109039307,-0.6180909276008606
19052,2.3975348472595215,-0.647786557674408
19053,2.5744712352752686,-0.758867621421814
19054,2.188181161880493,-0.7018817663192749
19055,2.1842093467712402,-0.6416231393814087
19056,2.385586738586426,-0.748140811920166
19057,2.100750684738159,-0.7375869154930115
19058,2.44189715385437,-0.6354860663414001
19059,2.2204034328460693,-0.6602739691734314
19060,2.2613942623138428,-0.6712920665740967
19061,2.0044655799865723,-0.6232123970985413
19062,2.4236621856689453,-0.6845401525497437
19063,2.318498134613037,-0.7429794073104858
19064,2.084930419921875,-0.5866372585296631
19065,2.0310587882995605,-0.6604288220405579
19066,1.9853112697601318,-0.6084744930267334
19067,2.28623366355896,-0.5672528147697449
19068,2.5017037391662598,-0.7644288539886475
19069,2.2276110649108887,-0.671852171421051
19070,2.3066418170928955,-0.7218940854072571
19071,2.4954960346221924,-0.7071742415428162
19072,2.1158268451690674,-0.7558601498603821
19073,2.0574212074279785,-0.6154533624649048
19074,2.172933578491211,-0.7746480703353882
19075,2.2641868591308594,-0.6870996356010437
19076,2.751405715942383,-0.6482285857200623
19077,2.4352145195007324,-0.6543599963188171
19078,2.191023826599121,-0.6638415455818176
19079,2.5460267066955566,-0.6788812279701233
19080,2.3297135829925537,-0.7299520969390869
19081,1.9824635982513428,-0.6645082831382751
19082,2.517798900604248,-0.6741732954978943
19083,2.2656030654907227,-0.7019473314285278
19084,2.453831911087036,-0.6741379499435425
19085,2.145221471786499,-0.662494957447052
19086,2.122795581817627,-0.6352394819259644
19087,2.258925437927246,-0.6875226497650146
19088,2.234640121459961,-0.6292299032211304
19089,2.0307087898254395,-0.6148735284805298
19090,2.128622055053711,-0.6948930621147156
19091,2.2551631927490234,-0.5959635376930237
19092,2.126816749572754,-0.6122212409973145
19093,2.1826467514038086,-0.6570829749107361
19094,2.2843735218048096,-0.6800017356872559
19095,2.395080089569092,-0.6056000590324402
19096,2.175597906112671,-0.7165606617927551
19097,2.213148593902588,-0.7254263162612915
19098,2.153163433074951,-0.693347156047821
19099,2.2215898036956787,-0.691719651222229
19100,2.3538129329681396,-0.6915854811668396
19101,2.141768455505371,-0.6311137676239014
19102,2.1257991790771484,-0.6088017821311951
19103,2.4260740280151367,-0.6658157110214233
19104,2.449498414993286,-0.6978675127029419
19105,1.891571283340454,-0.7150580883026123
19106,2.2735447883605957,-0.6596616506576538
19107,2.0005815029144287,-0.6268261075019836
19108,2.160210609436035,-0.709628701210022
19109,2.3651978969573975,-0.5912059545516968
19110,2.331599712371826,-0.7165952920913696
19111,2.243833303451538,-0.6912245750427246
19112,2.186520576477051,-0.6507350206375122
19113,2.0806262493133545,-0.6364152431488037
19114,2.4400978088378906,-0.7160502672195435
19115,2.161240577697754,-0.70402991771698
19116,2.1019935607910156,-0.7301115393638611
19117,1.9736721515655518,-0.6249398589134216
19118,1.849513053894043,-0.6282928586006165
19119,2.056516647338867,-0.6414214372634888
19120,2.2990775108337402,-0.6151579022407532
19121,2.4451565742492676,-0.6888015270233154
19122,2.449648380279541,-0.6590543985366821
19123,2.6847145557403564,-0.7032462358474731
19124,2.299633026123047,-0.6342536807060242
19125,2.5381522178649902,-0.7120620608329773
19126,2.1321136951446533,-0.6945459842681885
19127,2.6156997680664062,-0.758226752281189
19128,2.3329811096191406,-0.756409764289856
19129,2.6307506561279297,-0.66181480884552
19130,2.155590295791626,-0.6687464118003845
19131,2.439199447631836,-0.6802051067352295
19132,1.8841562271118164,-0.637677788734436
19133,2.260845899581909,-0.6257986426353455
19134,2.559206485748291,-0.6555306315422058
19135,2.173269510269165,-0.6089224219322205
19136,2.6065869331359863,-0.6681296825408936
19137,2.3368723392486572,-0.7991341948509216
19138,2.367339611053467,-0.6511093378067017
19139,2.209035873413086,-0.5789057016372681
19140,2.214548110961914,-0.6060276627540588
19141,2.3540923595428467,-0.6533021330833435
19142,2.326213836669922,-0.653698742389679
19143,1.9618892669677734,-0.7000086307525635
19144,2.079827308654785,-0.6471186876296997
19145,2.3515148162841797,-0.7351566553115845
19146,1.9720525741577148,-0.6779909729957581
19147,1.9560739994049072,-0.6895871162414551
19148,2.036437511444092,-0.6290351748466492
19149,2.291935443878174,-0.687977135181427
19150,2.216529607772827,-0.7092916369438171
19151,2.3707635402679443,-0.7168930172920227
19152,2.323901653289795,-0.5743649005889893
19153,1.9371631145477295,-0.6457475423812866
19154,2.3862414360046387,-0.5466331243515015
19155,2.4570631980895996,-0.5453012585639954
19156,2.141578197479248,-0.7006896138191223
19157,2.1191606521606445,-0.730165421962738
19158,2.309223175048828,-0.7008540630340576
19159,2.1412723064422607,-0.6904889941215515
19160,2.514054298400879,-0.6407713890075684
19161,2.3936707973480225,-0.7588866353034973
19162,2.4828994274139404,-0.6635101437568665
19163,2.2411935329437256,-0.6714341640472412
19164,2.2636919021606445,-0.5681432485580444
19165,2.2145426273345947,-0.6939351558685303
19166,2.3851583003997803,-0.7066236734390259
19167,2.1783173084259033,-0.6690361499786377
19168,2.1805121898651123,-0.6389425992965698
19169,1.8505668640136719,-0.7111843824386597
19170,2.0764760971069336,-0.656449556350708
19171,2.0962350368499756,-0.5870051383972168
19172,2.4205384254455566,-0.6939164996147156
19173,1.8758518695831299,-0.6712284684181213
19174,2.3831071853637695,-0.6108312010765076
19175,2.204489231109619,-0.6075701713562012
19176,2.1033804416656494,-0.6523352861404419
19177,2.2243599891662598,-0.5947123169898987
19178,2.358100175857544,-0.6034095883369446
19179,2.0938949584960938,-0.6663227081298828
19180,2.312190532684326,-0.6676124334335327
19181,2.780500888824463,-0.6844972968101501
19182,2.6403024196624756,-0.6427905559539795
19183,2.113518238067627,-0.6344915628433228
19184,2.2708303928375244,-0.6338322162628174
19185,2.094669818878174,-0.6617549061775208
19186,2.296755313873291,-0.6570854783058167
19187,2.3499674797058105,-0.6585526466369629
19188,2.1989760398864746,-0.6393358707427979
19189,2.339275360107422,-0.6088830828666687
19190,2.606719970703125,-0.6691268086433411
19191,2.2665934562683105,-0.6716328263282776
19192,2.152247905731201,-0.6892697215080261
19193,2.3652472496032715,-0.6700971722602844
19194,2.1877970695495605,-0.6857091784477234
19195,2.327792167663574,-0.7056761384010315
19196,2.078871250152588,-0.6313143372535706
19197,2.1342954635620117,-0.6081190705299377
19198,2.1337409019470215,-0.6567150950431824
19199,2.5420565605163574,-0.7931943535804749
19200,1.9824323654174805,-0.7095761895179749
19201,2.1089277267456055,-0.6862165331840515
19202,2.231142520904541,-0.6687883734703064
19203,2.0657148361206055,-0.5741386413574219
19204,2.491018295288086,-0.663403332233429
19205,1.8959490060806274,-0.6103990077972412
19206,2.1947731971740723,-0.6499019861221313
19207,2.144589900970459,-0.6491198539733887
19208,2.150437116622925,-0.5868692398071289
19209,2.154026985168457,-0.6365899443626404
19210,2.335925579071045,-0.6899195909500122
19211,2.355818510055542,-0.7077284455299377
19212,2.4920506477355957,-0.6258407831192017
19213,2.425194501876831,-0.6904476881027222
19214,2.2467825412750244,-0.6504824757575989
19215,2.20352840423584,-0.7214395999908447
19216,2.2361104488372803,-0.6379854083061218
19217,2.3136463165283203,-0.640773594379425
19218,2.280155658721924,-0.674171507358551
19219,2.63232421875,-0.721500039100647
19220,2.03804349899292,-0.6128444671630859
19221,2.6768717765808105,-0.5990293025970459
19222,2.6896934509277344,-0.6486197113990784
19223,2.4571492671966553,-0.7955447435379028
19224,2.2286813259124756,-0.6594276428222656
19225,2.681762933731079,-0.689113974571228
19226,2.3749208450317383,-0.6794934868812561
19227,2.338038921356201,-0.6765620708465576
19228,1.9702115058898926,-0.6331987380981445
19229,2.496016502380371,-0.67237389087677
19230,2.0834836959838867,-0.6296521425247192
19231,2.5018715858459473,-0.6589794754981995
19232,2.4222826957702637,-0.6171631813049316
19233,2.169445276260376,-0.6297994256019592
19234,2.4635682106018066,-0.7175069451332092
19235,2.2553281784057617,-0.6471284627914429
19236,2.202620267868042,-0.6949308514595032
19237,2.553704023361206,-0.6240680813789368
19238,2.383634090423584,-0.7269366383552551
19239,2.4541826248168945,-0.682758092880249
19240,2.5901355743408203,-0.6959238648414612
19241,2.454437255859375,-0.611335277557373
19242,2.263739824295044,-0.6355264782905579
19243,2.2257912158966064,-0.6862724423408508
19244,2.458569049835205,-0.6081530451774597
19245,2.280190944671631,-0.6763970851898193
19246,2.4301624298095703,-0.6933926343917847
19247,2.523066282272339,-0.7460266351699829
19248,2.2686986923217773,-0.623257040977478
19249,2.168121814727783,-0.6145050525665283
19250,2.2661757469177246,-0.6336159706115723
19251,2.3904480934143066,-0.741800844669342
19252,2.2758820056915283,-0.6124910116195679
19253,2.2216646671295166,-0.7523684501647949
19254,2.3775415420532227,-0.7221827507019043
19255,2.3229312896728516,-0.6846868991851807
19256,2.3830294609069824,-0.6816399097442627
19257,2.2812154293060303,-0.7349019646644592
19258,2.167387008666992,-0.5180394649505615
19259,2.1900172233581543,-0.6579398512840271
19260,2.233938694000244,-0.7692610025405884
19261,1.9951715469360352,-0.6708764433860779
19262,2.179184913635254,-0.5886029005050659
19263,2.44805908203125,-0.6876863241195679
19264,2.399554967880249,-0.7246864438056946
19265,1.901869535446167,-0.6801088452339172
19266,2.4710683822631836,-0.6647409200668335
19267,2.115238666534424,-0.6577467322349548
19268,2.0213546752929688,-0.6400585174560547
19269,1.7823054790496826,-0.6580791473388672
19270,2.3891406059265137,-0.753531813621521
19271,2.362621307373047,-0.688987672328949
19272,2.216001033782959,-0.6313122510910034
19273,2.313011407852173,-0.6465303897857666
19274,1.9905080795288086,-0.6739141941070557
19275,2.472581386566162,-0.750780463218689
19276,2.2105908393859863,-0.6533796191215515
19277,2.598104953765869,-0.6493707895278931
19278,2.2068326473236084,-0.5626111626625061
19279,2.3356478214263916,-0.6309314370155334
19280,2.15584135055542,-0.663726270198822
19281,1.8654247522354126,-0.705096960067749
19282,2.1960654258728027,-0.6283469796180725
19283,2.093015193939209,-0.605093777179718
19284,2.041574478149414,-0.6049750447273254
19285,2.279217481613159,-0.7324191927909851
19286,1.9974894523620605,-0.6475158929824829
19287,1.94964599609375,-0.6479040384292603
19288,2.192746162414551,-0.6621717214584351
19289,2.3695621490478516,-0.6718141436576843
19290,2.0905487537384033,-0.7684553265571594
19291,2.317784309387207,-0.5444384813308716
19292,2.1665799617767334,-0.6738728284835815
19293,2.319079637527466,-0.6127828359603882
19294,2.1842875480651855,-0.6650623083114624
19295,1.9503166675567627,-0.6307185292243958
19296,2.0424463748931885,-0.6485715508460999
19297,2.5043585300445557,-0.6712456345558167
19298,2.3964319229125977,-0.6885620355606079
19299,2.3729987144470215,-0.6725044250488281
19300,2.305914878845215,-0.7072269916534424
19301,1.997100830078125,-0.6949653029441833
19302,2.3790416717529297,-0.668667733669281
19303,2.1228950023651123,-0.652761697769165
19304,2.2698304653167725,-0.6639000773429871
19305,2.069237232208252,-0.5631819367408752
19306,2.157384157180786,-0.6938977241516113
19307,2.346332550048828,-0.6815339922904968
19308,2.1550755500793457,-0.6999059915542603
19309,2.091897487640381,-0.7458500862121582
19310,2.598496437072754,-0.7048687934875488
19311,2.3682780265808105,-0.6736575961112976
19312,2.1605224609375,-0.6622123122215271
19313,2.5451841354370117,-0.6724845767021179
19314,2.139610767364502,-0.7268041968345642
19315,2.830944061279297,-0.6210562586784363
19316,2.170151710510254,-0.7949231863021851
19317,2.089322566986084,-0.6259650588035583
19318,2.3135852813720703,-0.5849288702011108
19319,2.4096832275390625,-0.7371126413345337
19320,2.550558567047119,-0.6273365616798401
19321,2.323004722595215,-0.5933681130409241
19322,1.9512560367584229,-0.6812168955802917
19323,1.7664580345153809,-0.610806405544281
19324,2.441777229309082,-0.688860297203064
19325,2.398334503173828,-0.6783866286277771
19326,2.255769729614258,-0.6840163469314575
19327,2.3968160152435303,-0.6304332613945007
19328,2.2979278564453125,-0.6958585977554321
19329,2.200596570968628,-0.6751692295074463
19330,2.2000174522399902,-0.7214587926864624
19331,2.5980095863342285,-0.6849105358123779
19332,2.116913318634033,-0.683544397354126
19333,2.050428628921509,-0.6890803575515747
19334,2.316530466079712,-0.6289942264556885
19335,2.121889591217041,-0.6094830632209778
19336,2.825580358505249,-0.6755602955818176
19337,2.4869298934936523,-0.6010311245918274
19338,2.4669957160949707,-0.6554660201072693
19339,2.536550998687744,-0.7110996842384338
19340,2.552269458770752,-0.6479735374450684
19341,2.2025980949401855,-0.6806210875511169
19342,2.5542898178100586,-0.7286753058433533
19343,2.2782435417175293,-0.6977603435516357
19344,2.3418021202087402,-0.6592565178871155
19345,2.2427687644958496,-0.674126386642456
19346,2.317178964614868,-0.6276500225067139
19347,2.473299980163574,-0.747627854347229
19348,2.4843199253082275,-0.6396745443344116
19349,2.1399905681610107,-0.6421681046485901
19350,2.20216703414917,-0.6372754573822021
19351,2.1088688373565674,-0.6198434233665466
19352,2.1938095092773438,-0.7104637026786804
19353,2.332324266433716,-0.634279191493988
19354,2.0125620365142822,-0.6408942937850952
19355,2.190742015838623,-0.7316715121269226
19356,2.3360791206359863,-0.6943188309669495
19357,2.4271011352539062,-0.6734263896942139
19358,2.066446304321289,-0.6480690240859985
19359,2.122255325317383,-0.6806362867355347
19360,2.339761257171631,-0.7037561535835266
19361,2.46049165725708,-0.7188971638679504
19362,2.5173397064208984,-0.6282751560211182
19363,2.268529176712036,-0.6244581341743469
19364,2.2703428268432617,-0.6908027529716492
19365,1.9195444583892822,-0.7604465484619141
19366,1.975038766860962,-0.6645772457122803
19367,2.243682384490967,-0.5780048966407776
19368,2.245084524154663,-0.7272106409072876
19369,1.9066038131713867,-0.6356408596038818
19370,2.1825835704803467,-0.6330561637878418
19371,2.028775930404663,-0.7007144093513489
19372,2.312619686126709,-0.7285606265068054
19373,2.199096918106079,-0.6614747643470764
19374,2.2471423149108887,-0.7406324744224548
19375,2.2776970863342285,-0.6640339493751526
19376,2.3052968978881836,-0.7189434170722961
19377,2.193293571472168,-0.6151024699211121
19378,2.289947032928467,-0.6813790798187256
19379,2.0579938888549805,-0.5424075126647949
19380,2.149393320083618,-0.6542112827301025
19381,2.3109793663024902,-0.726746678352356
19382,2.39292049407959,-0.7210215926170349
19383,2.2247352600097656,-0.5857584476470947
19384,2.344082832336426,-0.7157714366912842
19385,2.7591605186462402,-0.6333094835281372
19386,2.250472068786621,-0.6736924648284912
19387,2.3561525344848633,-0.7331082820892334
19388,2.2810912132263184,-0.6872419118881226
19389,2.6522531509399414,-0.6516906023025513
19390,2.3374366760253906,-0.6512274742126465
19391,2.2435710430145264,-0.550825297832489
19392,2.2244536876678467,-0.5657280087471008
19393,2.6142477989196777,-0.6993229389190674
19394,2.1364145278930664,-0.6772544384002686
19395,2.571530342102051,-0.7324855327606201
19396,2.2808141708374023,-0.6405535936355591
19397,2.727881908416748,-0.5908526182174683
19398,2.495483875274658,-0.7392292022705078
19399,1.9656251668930054,-0.6532164216041565
19400,2.290846347808838,-0.7244451642036438
19401,2.274629831314087,-0.6059368252754211
19402,2.4581966400146484,-0.6410062909126282
19403,2.099508762359619,-0.7062370181083679
19404,2.0417697429656982,-0.6259461045265198
19405,2.095550775527954,-0.6095547080039978
19406,2.1307501792907715,-0.6469709277153015
19407,2.2497217655181885,-0.8098694086074829
19408,2.2688820362091064,-0.6493646502494812
19409,1.9593898057937622,-0.6212454438209534
19410,1.9855618476867676,-0.5803866386413574
19411,2.572779417037964,-0.7044963240623474
19412,1.921927571296692,-0.6774579882621765
19413,2.0965213775634766,-0.6278313994407654
19414,2.362431287765503,-0.654361367225647
19415,2.2055583000183105,-0.699571967124939
19416,2.1031033992767334,-0.5564612746238708
19417,2.0348973274230957,-0.662991464138031
19418,1.9319276809692383,-0.5829024910926819
19419,2.16731595993042,-0.6400394439697266
19420,2.5607876777648926,-0.6200191974639893
19421,2.1013171672821045,-0.7592743635177612
19422,2.4551525115966797,-0.7070257663726807
19423,2.5717246532440186,-0.6408769488334656
19424,1.990964412689209,-0.5858414173126221
19425,2.462770462036133,-0.6591139435768127
19426,2.2271957397460938,-0.6586056351661682
19427,1.7387421131134033,-0.6677167415618896
19428,2.4358301162719727,-0.6967815160751343
19429,2.5043728351593018,-0.6786142587661743
19430,2.0905120372772217,-0.6135218739509583
19431,2.6929731369018555,-0.6908448934555054
19432,2.334498405456543,-0.7037322521209717
19433,1.9667634963989258,-0.690385639667511
19434,2.231403350830078,-0.6098694801330566
19435,2.2658615112304688,-0.6603538393974304
19436,2.4244399070739746,-0.7053835391998291
19437,2.891092300415039,-0.6999700665473938
19438,2.2361485958099365,-0.6982080340385437
19439,2.6858887672424316,-0.6402906179428101
19440,2.4097795486450195,-0.6732765436172485
19441,2.327960729598999,-0.6590129733085632
19442,2.4024996757507324,-0.7536097168922424
19443,2.229318618774414,-0.7547200918197632
19444,1.865628957748413,-0.7070228457450867
19445,2.290442705154419,-0.6008883118629456
19446,2.277942180633545,-0.6151697635650635
19447,2.111032485961914,-0.5813884139060974
19448,2.1037259101867676,-0.6705083250999451
19449,2.2203564643859863,-0.7279934883117676
19450,2.222531318664551,-0.6819153428077698
19451,2.253850221633911,-0.6906934976577759
19452,2.4648027420043945,-0.6967853307723999
19453,1.8917629718780518,-0.6038415431976318
19454,1.9651424884796143,-0.6516687273979187
19455,2.138023853302002,-0.6584703326225281
19456,2.4862265586853027,-0.7345827221870422
19457,1.8835930824279785,-0.6787024140357971
19458,2.305558443069458,-0.6438004970550537
19459,2.3577916622161865,-0.6417614817619324
19460,2.218672037124634,-0.6490788459777832
19461,2.0857694149017334,-0.6335327625274658
19462,2.1642112731933594,-0.6962434649467468
19463,2.3093018531799316,-0.8016889691352844
19464,2.4618096351623535,-0.6402718424797058
19465,2.2842068672180176,-0.6099994778633118
19466,2.311767578125,-0.6255127787590027
19467,2.4075520038604736,-0.688493549823761
19468,2.2295799255371094,-0.6470849514007568
19469,2.062971353530884,-0.6343249678611755
19470,2.293442726135254,-0.6215757727622986
19471,2.4021921157836914,-0.6915389895439148
19472,2.089445114135742,-0.556195855140686
19473,1.9217678308486938,-0.6544630527496338
19474,2.1176295280456543,-0.6525623202323914
19475,2.1799516677856445,-0.6645668148994446
19476,2.037109375,-0.6568362712860107
19477,2.258962869644165,-0.6197590827941895
19478,2.2779741287231445,-0.7161498069763184
19479,2.5551187992095947,-0.6654684543609619
19480,2.241016149520874,-0.6692790985107422
19481,2.38797664642334,-0.63044673204422
19482,2.0132241249084473,-0.6079807281494141
19483,2.1509735584259033,-0.6146166920661926
19484,2.536654233932495,-0.7277716994285583
19485,2.334566831588745,-0.7254390120506287
19486,2.7445425987243652,-0.6367042660713196
19487,2.140979766845703,-0.5350320935249329
19488,2.0348072052001953,-0.7026950120925903
19489,2.9951467514038086,-0.6981975436210632
19490,2.244204521179199,-0.784930408000946
19491,2.2458221912384033,-0.6236888766288757
19492,2.2040576934814453,-0.680156409740448
19493,2.041959285736084,-0.621078372001648
19494,2.69168758392334,-0.6627827286720276
19495,2.1308140754699707,-0.6968085765838623
19496,2.295299768447876,-0.7623472809791565
19497,2.3823797702789307,-0.7048519849777222
19498,2.392655372619629,-0.6600173115730286
19499,2.118586540222168,-0.7029456496238708
19500,2.6165106296539307,-0.6536412239074707
19501,2.2661399841308594,-0.6347014307975769
19502,2.097032070159912,-0.6950843334197998
19503,2.2030258178710938,-0.6379671692848206
19504,2.1514382362365723,-0.586948812007904
19505,2.058342456817627,-0.6751019954681396
19506,2.4814705848693848,-0.6778904795646667
19507,2.555521011352539,-0.7047978043556213
19508,2.344759941101074,-0.7092540860176086
19509,2.4570698738098145,-0.6848379373550415
19510,1.9748497009277344,-0.5890192985534668
19511,2.3221073150634766,-0.5453874468803406
19512,2.4865808486938477,-0.5876887440681458
19513,2.397026538848877,-0.7552700042724609
19514,2.040160655975342,-0.6441358923912048
19515,2.290755033493042,-0.6887610554695129
19516,2.3974785804748535,-0.6490380764007568
19517,2.1499643325805664,-0.6298382878303528
19518,2.25422739982605,-0.6555284857749939
19519,2.098741054534912,-0.717363715171814
19520,2.1901819705963135,-0.6793191432952881
19521,1.947737216949463,-0.6369410157203674
19522,2.143016815185547,-0.608069896697998
19523,2.3592886924743652,-0.6599542498588562
19524,2.1146836280822754,-0.6035845279693604
19525,2.3179664611816406,-0.761033833026886
19526,1.961791753768921,-0.7900257706642151
19527,2.238938093185425,-0.6371983289718628
19528,2.418858766555786,-0.5922128558158875
19529,2.3730227947235107,-0.6684897541999817
19530,2.344761848449707,-0.596416175365448
19531,1.9834496974945068,-0.6797265410423279
19532,2.189380168914795,-0.6156675219535828
19533,2.276400089263916,-0.6220007538795471
19534,2.0319573879241943,-0.6557486653327942
19535,2.0796117782592773,-0.6750670671463013
19536,2.5934863090515137,-0.6040746569633484
19537,2.0844101905822754,-0.714913547039032
19538,2.2666091918945312,-0.6250321865081787
19539,2.3577611446380615,-0.5955908894538879
19540,2.2815041542053223,-0.6443922519683838
19541,2.1219329833984375,-0.6235290169715881
19542,2.245579719543457,-0.7279354333877563
19543,2.715646743774414,-0.7080802321434021
19544,1.981184959411621,-0.5902338624000549
19545,2.4149551391601562,-0.6751558184623718
19546,2.002350091934204,-0.6304035782814026
19547,2.398340940475464,-0.6675938367843628
19548,2.1999523639678955,-0.6335580348968506
19549,2.147797107696533,-0.689544677734375
19550,2.379446029663086,-0.6527533531188965
19551,2.0907998085021973,-0.6515624523162842
19552,2.236067771911621,-0.6335669159889221
19553,2.3134024143218994,-0.7283790707588196
19554,2.0421061515808105,-0.6195256114006042
19555,2.264406681060791,-0.6183660626411438
19556,2.5958073139190674,-0.6611512899398804
19557,2.269474983215332,-0.7048206925392151
19558,2.2907471656799316,-0.6942256689071655
19559,2.0917038917541504,-0.6844160556793213
19560,2.537647008895874,-0.7382698655128479
19561,2.4609968662261963,-0.6700926423072815
19562,2.0060505867004395,-0.662269115447998
19563,2.0672860145568848,-0.6666921973228455
19564,2.3614845275878906,-0.6275790333747864
19565,2.15385103225708,-0.569080114364624
19566,2.2007603645324707,-0.6762376427650452
19567,2.696044445037842,-0.6593506336212158
19568,2.239716053009033,-0.7257310748100281
19569,2.365689516067505,-0.6289516091346741
19570,2.448167324066162,-0.6327990889549255
19571,2.282806396484375,-0.7644416689872742
19572,2.4910449981689453,-0.6858848333358765
19573,2.39339542388916,-0.6987108588218689
19574,2.2922024726867676,-0.6404855251312256
19575,2.507277011871338,-0.6511494517326355
19576,2.3656070232391357,-0.7101123332977295
19577,2.3586339950561523,-0.7233036756515503
19578,2.2122750282287598,-0.6705137491226196
19579,2.283010959625244,-0.6416013240814209
19580,2.069265842437744,-0.6903512477874756
19581,2.369981527328491,-0.7481215000152588
19582,2.4794540405273438,-0.632641077041626
19583,2.4314236640930176,-0.6379016637802124
19584,2.577934980392456,-0.6342501640319824
19585,2.334230661392212,-0.5889760851860046
19586,2.8935980796813965,-0.7097114324569702
19587,2.1700384616851807,-0.6717174053192139
19588,2.2322278022766113,-0.6662404537200928
19589,2.359741687774658,-0.6933033466339111
19590,2.352778911590576,-0.6784831285476685
19591,2.3216352462768555,-0.6345338821411133
19592,2.5761330127716064,-0.6886902451515198
19593,1.9473812580108643,-0.7326416969299316
19594,2.233705759048462,-0.6314157843589783
19595,2.33803129196167,-0.6462546586990356
19596,2.154151678085327,-0.6571061015129089
19597,2.036745548248291,-0.6549980044364929
19598,2.270846128463745,-0.6878203749656677
19599,2.4319591522216797,-0.658836841583252
19600,2.2408385276794434,-0.5837306976318359
19601,2.365387439727783,-0.588034451007843
19602,2.368002414703369,-0.6900890469551086
19603,1.9971190690994263,-0.6254497170448303
19604,2.456829786300659,-0.6892497539520264
19605,2.19523024559021,-0.652932345867157
19606,2.5258309841156006,-0.6432843208312988
19607,2.228797435760498,-0.6865292191505432
19608,2.3194475173950195,-0.641781747341156
19609,2.3716139793395996,-0.6804395318031311
19610,2.261242151260376,-0.5622074604034424
19611,2.687635660171509,-0.65535569190979
19612,2.5191798210144043,-0.6964882016181946
19613,2.508124828338623,-0.6994607448577881
19614,2.1186060905456543,-0.6876962780952454
19615,1.8548110723495483,-0.6368532180786133
19616,2.598937511444092,-0.6333218216896057
19617,2.082852840423584,-0.5683109760284424
19618,2.8441519737243652,-0.6992846131324768
19619,2.463308811187744,-0.6793460249900818
19620,2.2142794132232666,-0.6474801898002625
19621,2.069683790206909,-0.6986225247383118
19622,2.3248543739318848,-0.6754392981529236
19623,2.452314853668213,-0.6827089190483093
19624,2.3855342864990234,-0.7443484663963318
19625,2.1911535263061523,-0.648576557636261
19626,2.194680690765381,-0.6822907328605652
19627,2.2180657386779785,-0.6476611495018005
19628,1.8037703037261963,-0.703026533126831
19629,2.4243855476379395,-0.6670452952384949
19630,2.3551251888275146,-0.6813626289367676
19631,2.2004892826080322,-0.5992863178253174
19632,2.149775505065918,-0.698243260383606
19633,2.7971768379211426,-0.5602142810821533
19634,2.2029638290405273,-0.6770013570785522
19635,2.3131680488586426,-0.6357338428497314
19636,2.3179421424865723,-0.7081073522567749
19637,2.7673964500427246,-0.5918514132499695
19638,2.619149684906006,-0.6414462327957153
19639,1.9924442768096924,-0.6371749639511108
19640,2.50522518157959,-0.671373724937439
19641,2.319368839263916,-0.6981737017631531
19642,2.168992519378662,-0.7272391319274902
19643,2.9677319526672363,-0.6623882055282593
19644,2.4964733123779297,-0.6247482895851135
19645,2.2008721828460693,-0.548648476600647
19646,2.4631385803222656,-0.677886962890625
19647,2.3871538639068604,-0.7467363476753235
19648,2.2192580699920654,-0.6049250960350037
19649,2.154205322265625,-0.6561335921287537
19650,2.105664014816284,-0.7052860856056213
19651,2.5058441162109375,-0.5407519936561584
19652,2.3092780113220215,-0.6504706740379333
19653,1.9407460689544678,-0.6412241458892822
19654,2.5564281940460205,-0.66843581199646
19655,2.2271249294281006,-0.630426824092865
19656,1.9814532995224,-0.6465337872505188
19657,2.2007904052734375,-0.6572059392929077
19658,2.3501014709472656,-0.6223142743110657
19659,2.5088131427764893,-0.8079135417938232
19660,2.2789125442504883,-0.6085951924324036
19661,1.8165864944458008,-0.6039623618125916
19662,1.9445428848266602,-0.6363995671272278
19663,2.053154945373535,-0.6521342396736145
19664,2.166621446609497,-0.7068280577659607
19665,2.2775697708129883,-0.6302395462989807
19666,2.600726366043091,-0.6642321944236755
19667,2.112947463989258,-0.6550085544586182
19668,2.271144390106201,-0.7030887007713318
19669,2.5235843658447266,-0.7236028909683228
19670,2.4699745178222656,-0.6554737091064453
19671,2.455906391143799,-0.6893215775489807
19672,1.8706505298614502,-0.5865654945373535
19673,2.2736148834228516,-0.6508244276046753
19674,2.4890503883361816,-0.646536648273468
19675,2.269829750061035,-0.6278650760650635
19676,2.193514108657837,-0.6718758940696716
19677,2.3805718421936035,-0.6472078561782837
19678,2.773984670639038,-0.7063585519790649
19679,2.51320219039917,-0.6364772915840149
19680,2.3522896766662598,-0.6381877064704895
19681,2.6695351600646973,-0.6187750101089478
19682,2.4214882850646973,-0.6619412899017334
19683,2.6627745628356934,-0.7652587294578552
19684,2.734081745147705,-0.680543065071106
19685,2.402792453765869,-0.6599557995796204
19686,2.2146828174591064,-0.6955555081367493
19687,2.2584636211395264,-0.5335766673088074
19688,2.0415830612182617,-0.6161189079284668
19689,2.9164412021636963,-0.7114958763122559
19690,2.2520017623901367,-0.6738317608833313
19691,3.1340956687927246,-0.6845190525054932
19692,2.0045623779296875,-0.6318176984786987
19693,2.4813103675842285,-0.579510509967804
19694,2.4107961654663086,-0.7047053575515747
19695,2.4683990478515625,-0.7564981579780579
19696,2.4825923442840576,-0.7104089260101318
19697,2.529332160949707,-0.6975969076156616
19698,2.5038115978240967,-0.6905186176300049
19699,2.6915669441223145,-0.6179729700088501
19700,2.6125998497009277,-0.6756221055984497
19701,2.2036101818084717,-0.6035172343254089
19702,2.555474281311035,-0.7269202470779419
19703,2.5138473510742188,-0.7150335907936096
19704,2.628965377807617,-0.6890775561332703
19705,2.607564926147461,-0.5865353345870972
19706,2.628322124481201,-0.6117269992828369
19707,2.697683095932007,-0.7846115231513977
19708,2.7075209617614746,-0.7876447439193726
19709,2.816861629486084,-0.7377510070800781
19710,2.4801254272460938,-0.6244526505470276
19711,2.102435827255249,-0.6190422773361206
19712,2.4597980976104736,-0.6444345116615295
19713,2.2271475791931152,-0.6301171183586121
19714,2.4066646099090576,-0.7306404113769531
19715,2.2051892280578613,-0.6542368531227112
19716,2.2657124996185303,-0.6784927845001221
19717,2.1737756729125977,-0.6856673359870911
19718,1.9435248374938965,-0.624340832233429
19719,2.5495455265045166,-0.6399729251861572
19720,1.9808423519134521,-0.6111905574798584
19721,1.8892898559570312,-0.6718990206718445
19722,2.2563295364379883,-0.6719081401824951
19723,2.1794028282165527,-0.6548445224761963
19724,1.9314568042755127,-0.6447790265083313
19725,1.8687925338745117,-0.6307030320167542
19726,2.230099678039551,-0.636172890663147
19727,1.9682856798171997,-0.6607100963592529
19728,2.2219655513763428,-0.6860577464103699
19729,2.353358745574951,-0.7035117149353027
19730,2.2277331352233887,-0.6884165406227112
19731,2.1801400184631348,-0.6453503966331482
19732,2.1299681663513184,-0.5725609660148621
19733,2.1139702796936035,-0.6466140747070312
19734,2.414639472961426,-0.6818352341651917
19735,2.359666347503662,-0.78863126039505
19736,2.1668503284454346,-0.7079710364341736
19737,2.388087034225464,-0.6359689831733704
19738,2.0640738010406494,-0.6687469482421875
19739,2.350569248199463,-0.656745195388794
19740,2.1184115409851074,-0.6739673018455505
19741,2.4441537857055664,-0.699492871761322
19742,2.140428066253662,-0.6232401728630066
19743,2.2243523597717285,-0.6486045718193054
19744,2.1848549842834473,-0.6173787117004395
19745,2.1003928184509277,-0.6510614156723022
19746,1.8921480178833008,-0.6539338827133179
19747,2.175966501235962,-0.6405869126319885
19748,2.348682403564453,-0.6694949269294739
19749,1.9751017093658447,-0.6510427594184875
19750,2.286566734313965,-0.7475530505180359
19751,2.223787307739258,-0.6584115624427795
19752,2.0338382720947266,-0.6819131970405579
19753,2.3752505779266357,-0.7129693031311035
19754,2.212686061859131,-0.6603376865386963
19755,2.102587938308716,-0.6553794741630554
19756,2.5050547122955322,-0.7544324994087219
19757,2.0641403198242188,-0.6011791229248047
19758,2.221181869506836,-0.6812853217124939
19759,1.8457772731781006,-0.6467151641845703
19760,2.3855438232421875,-0.7378464341163635
19761,2.1854634284973145,-0.5916425585746765
19762,2.0745062828063965,-0.561610221862793
19763,2.3106822967529297,-0.6393554210662842
19764,2.3225910663604736,-0.7070157527923584
19765,2.2458858489990234,-0.6928097605705261
19766,2.500509738922119,-0.6626782417297363
19767,2.532162666320801,-0.6796072125434875
19768,2.366638660430908,-0.600060224533081
19769,2.2360265254974365,-0.6666527390480042
19770,2.1690192222595215,-0.6896795630455017
19771,1.9159388542175293,-0.5856565237045288
19772,2.525388240814209,-0.6342281103134155
19773,2.1816999912261963,-0.6144455671310425
19774,2.340790033340454,-0.6700151562690735
19775,2.2080559730529785,-0.6566720604896545
19776,2.2819623947143555,-0.7336462140083313
19777,2.1677403450012207,-0.6887763142585754
19778,2.672639846801758,-0.7196760773658752
19779,2.348402500152588,-0.5937846899032593
19780,2.798463821411133,-0.6426532864570618
19781,2.656644105911255,-0.5817157626152039
19782,2.263624906539917,-0.7362000346183777
19783,2.596945285797119,-0.728618323802948
19784,3.197514057159424,-0.7786660194396973
19785,2.121181011199951,-0.6204517483711243
19786,2.5474889278411865,-0.6337910890579224
19787,2.27306866645813,-0.5965179204940796
19788,1.9891830682754517,-0.6381682753562927
19789,2.253438949584961,-0.7559043169021606
19790,2.4022810459136963,-0.7398079037666321
19791,2.4479711055755615,-0.5949805974960327
19792,2.1937644481658936,-0.5880473852157593
19793,2.483032464981079,-0.6721665263175964
19794,2.2420313358306885,-0.6318514347076416
19795,2.3729662895202637,-0.6846126317977905
19796,2.368628740310669,-0.6489630341529846
19797,2.362605094909668,-0.6956963539123535
19798,2.5208353996276855,-0.5952790975570679
19799,2.236276388168335,-0.599545955657959
19800,2.4318645000457764,-0.6996133327484131
19801,2.214214324951172,-0.6448610424995422
19802,2.3733158111572266,-0.7165284156799316
19803,2.262291669845581,-0.6205973625183105
19804,2.4621777534484863,-0.7058804035186768
19805,2.104276657104492,-0.625765323638916
19806,2.743901491165161,-0.6988880038261414
19807,2.251150608062744,-0.6288890242576599
19808,2.0113000869750977,-0.6157016754150391
19809,2.5152130126953125,-0.7249188423156738
19810,2.35552978515625,-0.6162860989570618
19811,2.100266456604004,-0.6442174315452576
19812,2.2701101303100586,-0.6283870935440063
19813,2.2710041999816895,-0.7501789331436157
19814,2.266744375228882,-0.6191951632499695
19815,2.303469181060791,-0.7082045078277588
19816,1.9715781211853027,-0.6295345425605774
19817,2.553283214569092,-0.6547737717628479
19818,2.6526734828948975,-0.6795149445533752
19819,2.469547748565674,-0.737602174282074
19820,2.4143199920654297,-0.8097090721130371
19821,2.263584613800049,-0.6542518138885498
19822,2.425100088119507,-0.5646227598190308
19823,3.081787586212158,-0.6303420066833496
19824,2.5944085121154785,-0.7028239369392395
19825,2.224364995956421,-0.771518349647522
19826,2.7176544666290283,-0.676079511642456
19827,2.815976619720459,-0.765181303024292
19828,2.5596752166748047,-0.6686550378799438
19829,2.5090858936309814,-0.6154674291610718
19830,2.5528793334960938,-0.6336265802383423
19831,1.9697139263153076,-0.6638051867485046
19832,2.954455852508545,-0.6496151685714722
19833,2.1654934883117676,-0.6271312832832336
19834,2.73183274269104,-0.5874037146568298
19835,2.83417010307312,-0.6242920160293579
19836,2.2777302265167236,-0.6673343777656555
19837,2.224210500717163,-0.6662738919258118
19838,2.3644297122955322,-0.6780029535293579
19839,2.357783317565918,-0.6541397571563721
19840,1.9561457633972168,-0.5980380773544312
19841,2.541396141052246,-0.7025607824325562
19842,2.3136236667633057,-0.717170238494873
19843,2.439181327819824,-0.667620837688446
19844,2.2960000038146973,-0.708741307258606
19845,2.6615712642669678,-0.611809253692627
19846,2.0187060832977295,-0.5851397514343262
19847,2.391789197921753,-0.6211225986480713
19848,2.558441162109375,-0.6208574771881104
19849,2.57662296295166,-0.7092479467391968
19850,2.805293083190918,-0.6017858386039734
19851,2.560947895050049,-0.7177726626396179
19852,2.355051040649414,-0.6482996344566345
19853,2.053495407104492,-0.5551208853721619
19854,2.046326160430908,-0.5912446975708008
19855,2.5650501251220703,-0.7249114513397217
19856,2.453697919845581,-0.6556426882743835
19857,2.215362310409546,-0.6968380808830261
19858,2.3719937801361084,-0.7208606600761414
19859,2.2619543075561523,-0.6101227402687073
19860,2.2103981971740723,-0.5408557057380676
19861,2.2993383407592773,-0.6248210072517395
19862,2.532945394515991,-0.6703817248344421
19863,2.3073720932006836,-0.6641482710838318
19864,1.9749236106872559,-0.691882848739624
19865,2.343501091003418,-0.6924495100975037
19866,2.270636558532715,-0.6180506348609924
19867,2.400357246398926,-0.6936090588569641
19868,2.2712244987487793,-0.7204890251159668
19869,2.253828287124634,-0.6649316549301147
19870,2.303205728530884,-0.6539638638496399
19871,2.1033263206481934,-0.7170761227607727
19872,2.1506524085998535,-0.6284385919570923
19873,2.2485408782958984,-0.5816677212715149
19874,2.070176124572754,-0.6972187161445618
19875,1.9518606662750244,-0.6605177521705627
19876,2.2988038063049316,-0.6482105851173401
19877,2.392625570297241,-0.6484764218330383
19878,2.334718704223633,-0.6731777191162109
19879,2.3919191360473633,-0.7222492694854736
19880,2.7720775604248047,-0.744808554649353
19881,2.3295836448669434,-0.5832975506782532
19882,2.111252784729004,-0.6072465181350708
19883,2.4173221588134766,-0.77666836977005
19884,2.046696662902832,-0.7144932746887207
19885,2.945283889770508,-0.7069034576416016
19886,2.285773277282715,-0.6313726902008057
19887,2.4929823875427246,-0.5690249800682068
19888,2.6434314250946045,-0.6644027829170227
19889,2.6430141925811768,-0.611753523349762
19890,1.9617304801940918,-0.6025987267494202
19891,2.213935375213623,-0.6494948863983154
19892,2.5263514518737793,-0.634921133518219
19893,2.2860403060913086,-0.6043557524681091
19894,2.441972017288208,-0.6592158675193787
19895,2.1302437782287598,-0.6860533356666565
19896,2.5035204887390137,-0.6454823017120361
19897,2.2870335578918457,-0.7803488373756409
19898,2.1792314052581787,-0.662289023399353
19899,2.3422739505767822,-0.66595858335495
19900,2.4118685722351074,-0.5998818874359131
19901,2.5465798377990723,-0.7014778852462769
19902,2.140972852706909,-0.7360792756080627
19903,2.2194807529449463,-0.7011764645576477
19904,1.9547157287597656,-0.6301522254943848
19905,2.4574460983276367,-0.6264362931251526
19906,2.32733416557312,-0.6063864827156067
19907,2.361893653869629,-0.6193600296974182
19908,2.6006996631622314,-0.6351431012153625
19909,1.9151332378387451,-0.6817450523376465
19910,2.0206127166748047,-0.6424407362937927
19911,2.4628233909606934,-0.6246492862701416
19912,2.1415493488311768,-0.6413865685462952
19913,2.681668281555176,-0.6736465692520142
19914,2.265568733215332,-0.612145185470581
19915,2.265683650970459,-0.7376399040222168
19916,2.1548097133636475,-0.6602289080619812
19917,2.7475192546844482,-0.6476905941963196
19918,2.3197875022888184,-0.6173508763313293
19919,2.5549063682556152,-0.5985082387924194
19920,2.3813905715942383,-0.7429003715515137
19921,2.3626484870910645,-0.6641812324523926
19922,2.3692102432250977,-0.6730131506919861
19923,2.335613250732422,-0.6456745266914368
19924,2.492896795272827,-0.7076728940010071
19925,2.61962890625,-0.656667172908783
19926,2.9090943336486816,-0.6352394819259644
19927,1.8367934226989746,-0.6010726690292358
19928,2.2211596965789795,-0.6964408755302429
19929,2.0935049057006836,-0.6854346990585327
19930,2.338496208190918,-0.677614152431488
19931,1.9948785305023193,-0.5674402117729187
19932,2.369259834289551,-0.7436769604682922
19933,2.1961183547973633,-0.6527717113494873
19934,2.299201250076294,-0.6530118584632874
19935,2.4693450927734375,-0.6304275393486023
19936,2.1734819412231445,-0.6879770755767822
19937,2.0757827758789062,-0.6758316159248352
19938,2.632925033569336,-0.6373411417007446
19939,2.6557493209838867,-0.6683639287948608
19940,2.3776278495788574,-0.7555797696113586
19941,2.6818442344665527,-0.701366126537323
19942,2.0752110481262207,-0.6362937688827515
19943,2.050832748413086,-0.6035923957824707
19944,2.4637796878814697,-0.6348404288291931
19945,2.1779026985168457,-0.610586404800415
19946,2.2769970893859863,-0.7005926370620728
19947,2.0931782722473145,-0.6572343707084656
19948,2.2026445865631104,-0.7191908359527588
19949,2.3706393241882324,-0.6663128733634949
19950,2.7522878646850586,-0.6550440788269043
19951,2.157839298248291,-0.5910618305206299
19952,2.2393381595611572,-0.7156875729560852
19953,1.9275726079940796,-0.6784998178482056
19954,2.772930860519409,-0.7042007446289062
19955,2.2827420234680176,-0.689568042755127
19956,2.3044676780700684,-0.6386125087738037
19957,2.5580313205718994,-0.556077778339386
19958,2.3343801498413086,-0.6144211888313293
19959,2.3448591232299805,-0.7005641460418701
19960,2.397963523864746,-0.5976895689964294
19961,1.873420238494873,-0.6325291991233826
19962,2.26806640625,-0.6779146790504456
19963,2.289243698120117,-0.6157979369163513
19964,2.13181209564209,-0.7976550459861755
19965,2.400057792663574,-0.5814099907875061
19966,2.207252264022827,-0.6543000936508179
19967,2.1662850379943848,-0.74699866771698
19968,2.1962597370147705,-0.6345710158348083
19969,2.1943540573120117,-0.6136479377746582
19970,2.5114266872406006,-0.5710219740867615
19971,2.353671073913574,-0.7403567433357239
19972,1.9342873096466064,-0.6537503600120544
19973,2.4601869583129883,-0.6900876760482788
19974,2.16530179977417,-0.6616103649139404
19975,2.64479923248291,-0.6483705639839172
19976,2.221081256866455,-0.6425844430923462
19977,1.8812110424041748,-0.6548404097557068
19978,2.486713409423828,-0.6320506930351257
19979,2.0507149696350098,-0.6762033104896545
19980,2.4602062702178955,-0.6222565174102783
19981,2.6641669273376465,-0.7319011688232422
19982,2.3771657943725586,-0.7168841361999512
19983,2.023160457611084,-0.5603116750717163
19984,2.032240390777588,-0.6574363112449646
19985,2.2053589820861816,-0.6147422194480896
19986,2.2765393257141113,-0.7448387145996094
19987,2.2299118041992188,-0.7202374339103699
19988,2.138823986053467,-0.6311923265457153
19989,1.9758918285369873,-0.65257728099823
19990,2.5951714515686035,-0.6490181684494019
19991,1.980164885520935,-0.5894219279289246
19992,2.28939151763916,-0.6313625574111938
19993,1.7631778717041016,-0.5670179128646851
19994,2.3832452297210693,-0.6087532639503479
19995,2.123706102371216,-0.6404625773429871
19996,2.126066207885742,-0.6294680237770081
19997,2.1751747131347656,-0.6849433183670044
19998,2.7114548683166504,-0.6312128305435181
19999,2.2089664936065674,-0.6335641741752625
