step,Action_loss
0,9462.705078125
1,9224.3271484375
2,8774.218098958334
3,11835.3447265625
4,8605.700520833334
5,10548.252604166666
6,7984.142578125
7,10880.1845703125
8,8525.592122395834
9,7842.672526041667
10,9515.9501953125
11,8577.651041666666
12,8730.290690104166
13,11309.259114583334
14,9813.439127604166
15,16981.673828125
16,11243.220703125
17,8737.295247395834
18,7509.585774739583
19,11781.360026041666
20,8647.6044921875
21,9245.419921875
22,11340.803059895834
23,7320.253580729167
24,10675.116861979166
25,7793.586263020833
26,11523.605794270834
27,10593.419270833334
28,9240.1259765625
29,7575.251627604167
30,11047.081380208334
31,11925.237630208334
32,8439.452473958334
33,8968.10546875
34,7740.6962890625
35,9664.5283203125
36,9291.167643229166
37,9495.662434895834
38,7910.45361328125
39,7914.873372395833
40,9889.094075520834
41,7695.02587890625
42,9607.221028645834
43,8547.259765625
44,10303.377604166666
45,8907.92578125
46,9693.0849609375
47,11300.8994140625
48,9887.9560546875
49,7636.900227864583
50,8166.369140625
51,10872.590169270834
52,11092.148111979166
53,7823.470703125
54,7333.854817708333
55,8274.772135416666
56,7912.83203125
57,9825.12109375
58,8932.222005208334
59,7498.166341145833
60,9022.141276041666
61,8076.44384765625
62,9812.064127604166
63,14358.740885416666
64,10970.311197916666
65,10790.576171875
66,8359.0419921875
67,12453.239908854166
68,7456.420247395833
69,8678.407552083334
70,8352.093098958334
71,12145.425130208334
72,8715.714518229166
73,7688.673990885417
74,11695.042317708334
75,9889.9658203125
76,11301.244140625
77,10665.5537109375
78,7741.49609375
79,9571.472330729166
80,7516.3359375
81,7352.7255859375
82,9861.080729166666
83,6933.986979166667
84,10058.22265625
85,9012.142578125
86,8614.718098958334
87,9272.104166666666
88,9255.329752604166
89,7403.52099609375
90,8629.226888020834
91,8356.287109375
92,7864.2294921875
93,9566.029296875
94,8709.634440104166
95,11870.926432291666
96,11221.733072916666
97,10756.6435546875
98,9427.680989583334
99,6949.582356770833
100,6616.865559895833
101,9186.615559895834
102,6318.275227864583
103,7565.81201171875
104,10916.402994791666
105,7701.323567708333
106,7980.818196614583
107,8003.425130208333
108,7744.0859375
109,6518.416178385417
110,11603.940104166666
111,9839.0966796875
112,8650.604817708334
113,8739.427408854166
114,8329.3330078125
115,8176.37744140625
116,10754.955729166666
117,11853.326822916666
118,6845.377278645833
119,9047.719401041666
120,10453.443359375
121,8101.496419270833
122,9076.272786458334
123,6232.370930989583
124,7179.0634765625
125,8798.844075520834
126,7600.193196614583
127,8821.777994791666
128,6258.990885416667
129,6505.649739583333
130,5354.326009114583
131,6080.2216796875
132,6783.152669270833
133,7198.75341796875
134,6540.136067708333
135,6453.69482421875
136,8981.101236979166
137,8171.9228515625
138,6686.545572916667
139,5380.48193359375
140,8967.173828125
141,8115.451334635417
142,6011.963216145833
143,7991.145670572917
144,8477.1982421875
145,6358.477864583333
146,19337.042317708332
147,7195.977864583333
148,6458.046549479167
149,5748.215494791667
150,6518.8369140625
151,7411.392740885417
152,6148.52001953125
153,6696.08056640625
154,6719.288899739583
155,5078.100911458333
156,5579.075520833333
157,6396.88427734375
158,7000.285481770833
159,4443.407063802083
160,7344.35107421875
161,10973.419270833334
162,6907.596028645833
163,5591.974609375
164,8619.881510416666
165,7324.640299479167
166,7226.213216145833
167,8755.637044270834
168,7658.763020833333
169,5133.340983072917
170,6343.038899739583
171,4725.515462239583
172,5729.40478515625
173,4318.50244140625
174,8493.328125
175,7269.71875
176,10866.31640625
177,8010.782389322917
178,4865.506022135417
179,6051.056640625
180,4489.849934895833
181,6479.304036458333
182,5318.199055989583
183,4767.251953125
184,9171.7490234375
185,11216.165364583334
186,6143.16845703125
187,4983.13623046875
188,8691.451171875
189,7680.4990234375
190,7062.770345052083
191,6433.591634114583
192,5347.673014322917
193,5718.356282552083
194,7902.273763020833
195,5156.565592447917
196,5167.86474609375
197,7899.242024739583
198,6295.31201171875
199,4204.164388020833
200,4489.312662760417
201,4327.23583984375
202,3307.318603515625
203,3922.5194498697915
204,5366.782063802083
205,4675.05029296875
206,3781.8907063802085
207,5473.858072916667
208,3464.5223795572915
209,2768.3931477864585
210,4178.551432291667
211,2710.0198567708335
212,4627.627604166667
213,4886.86962890625
214,4660.823079427083
215,3714.6446940104165
216,4721.592610677083
217,2782.4723307291665
218,4292.771809895833
219,3164.7954915364585
220,5158.840657552083
221,3206.5281575520835
222,4345.42333984375
223,2735.8080240885415
224,3263.6669921875
225,2712.8968098958335
226,4122.406901041667
227,5288.04931640625
228,2802.0904947916665
229,2924.9934895833335
230,3289.7840983072915
231,2714.3770345052085
232,3348.3565266927085
233,1969.2872721354167
234,4807.001790364583
235,3871.824462890625
236,5537.13818359375
237,3279.5511067708335
238,3355.4457194010415
239,3825.5775553385415
240,2683.5741373697915
241,2144.155517578125
242,4740.238932291667
243,3524.313232421875
244,3588.77734375
245,5592.727213541667
246,4859.989095052083
247,5306.009440104167
248,2699.5349934895835
249,5963.759928385417
250,2764.5690104166665
251,2878.7635091145835
252,2440.5938313802085
253,2073.813232421875
254,5474.511555989583
255,4680.963216145833
256,5247.333821614583
257,2780.12158203125
258,2705.2174479166665
259,1612.4898681640625
260,1816.61279296875
261,2226.6173502604165
262,3021.504150390625
263,2872.942138671875
264,2013.0731201171875
265,1707.543701171875
266,2989.2022298177085
267,4230.92724609375
268,2148.2264811197915
269,1888.5262044270833
270,2098.25634765625
271,2242.4705403645835
272,2600.7230631510415
273,2907.5384928385415
274,2830.3536783854165
275,2378.3452962239585
276,2598.3873697916665
277,1890.1540934244792
278,1780.652587890625
279,1521.4796956380208
280,1782.3267415364583
281,1339.2633463541667
282,2212.310546875
283,2587.9788411458335
284,2492.8427734375
285,3636.0743815104165
286,3060.197998046875
287,2402.5772298177085
288,3619.8941243489585
289,5125.99267578125
290,1618.2872314453125
291,1622.0443929036458
292,2468.1346028645835
293,2467.5777180989585
294,3669.000244140625
295,4830.520345052083
296,1327.4449462890625
297,2817.9833984375
298,1581.35595703125
299,2501.8206380208335
300,1900.6715901692708
301,3120.50048828125
302,1922.86376953125
303,4850.49951171875
304,1657.2403971354167
305,1658.9761555989583
306,3887.3678385416665
307,2028.0673828125
308,3804.3150227864585
309,2680.1874186197915
310,2105.35546875
311,2851.518798828125
312,4829.991373697917
313,2264.921875
314,5548.25146484375
315,2152.19775390625
316,2540.7618815104165
317,2151.1309407552085
318,2331.2996419270835
319,2753.681640625
320,3302.8675130208335
321,3286.4938151041665
322,3317.9778645833335
323,3317.2391764322915
324,797.1199340820312
325,1803.1280110677083
326,2180.4978841145835
327,5891.004557291667
328,1495.7733154296875
329,1203.3839925130208
330,3826.9296875
331,1482.1548258463542
332,1775.7342122395833
333,1918.8883463541667
334,1546.5997314453125
335,1293.8597005208333
336,2390.4796549479165
337,3263.680908203125
338,2926.8240559895835
339,2235.6488444010415
340,1832.1387939453125
341,2509.0850423177085
342,1796.0422770182292
343,3075.1822102864585
344,2182.1998697916665
345,2098.163330078125
346,1752.6283365885417
347,1444.5869954427083
348,1212.9691569010417
349,4821.878092447917
350,1634.1534423828125
351,1993.1759440104167
352,2325.8165690104165
353,1788.8595784505208
354,2028.3102620442708
355,2924.3333333333335
356,2234.6758626302085
357,1325.0901285807292
358,2672.271240234375
359,2398.12890625
360,2126.4599609375
361,1251.9717610677083
362,2328.8055013020835
363,1743.5716145833333
364,1663.0506184895833
365,2595.0934244791665
366,1289.5849202473958
367,2863.9315592447915
368,1314.0131022135417
369,1988.8571370442708
370,2273.2985026041665
371,3802.5113118489585
372,2233.06591796875
373,2106.4290364583335
374,3461.421875
375,1449.8232421875
376,1330.2733154296875
377,2180.7421061197915
378,1633.5457763671875
379,1767.1771240234375
380,1705.1087239583333
381,2170.465576171875
382,3734.4774576822915
383,4400.56884765625
384,5338.555826822917
385,1339.6855061848958
386,3196.9016927083335
387,2746.9940592447915
388,2115.16552734375
389,2256.8705240885415
390,1921.3047281901042
391,2094.41064453125
392,1181.7687581380208
393,3305.5941569010415
394,1459.3371175130208
395,1973.865478515625
396,1755.83740234375
397,1246.0219319661458
398,1589.08642578125
399,2331.8798014322915
400,1273.3125406901042
401,1608.5971272786458
402,2691.5813802083335
403,1686.0100504557292
404,1890.757568359375
405,1694.5293782552083
406,2132.4466145833335
407,1092.1009114583333
408,1339.1319173177083
409,2358.2022298177085
410,1108.2705891927083
411,3847.2179361979165
412,1616.6504313151042
413,1845.7986653645833
414,1544.0957438151042
415,2809.4551595052085
416,4284.250813802083
417,1519.6065266927083
418,2300.0118001302085
419,1619.2003580729167
420,1385.6805013020833
421,2351.0557454427085
422,2574.5004069010415
423,2032.2987467447917
424,2727.8348795572915
425,3772.5657552083335
426,1570.8409423828125
427,1805.6005859375
428,2455.98779296875
429,2403.3544108072915
430,2316.6665852864585
431,1508.591552734375
432,1029.9424641927083
433,1373.32666015625
434,1294.5644124348958
435,3752.7242024739585
436,2366.0599772135415
437,2802.4042154947915
438,1275.7884521484375
439,1423.2493082682292
440,2567.367431640625
441,1376.6037190755208
442,1138.9260660807292
443,2713.9842122395835
444,1966.1891682942708
445,2546.4547526041665
446,860.4905802408854
447,1089.9747314453125
448,1450.1975504557292
449,1831.0857340494792
450,2186.6591796875
451,1273.7621663411458
452,1131.9744873046875
453,2557.2093098958335
454,5531.645833333333
455,1632.9246419270833
456,1236.3051350911458
457,1795.4515787760417
458,1555.74365234375
459,1605.3440755208333
460,3280.6204427083335
461,4224.472819010417
462,1971.05419921875
463,1784.5575358072917
464,1687.8771565755208
465,3120.9889322916665
466,2230.4330240885415
467,2920.13623046875
468,2409.2902018229165
469,1537.7278645833333
470,3198.1544596354165
471,1556.3240559895833
472,4041.4047037760415
473,2835.8932291666665
474,2559.552490234375
475,2689.0
476,1010.8182576497396
477,2489.505615234375
478,2014.5110677083333
479,1329.7974853515625
480,2034.7351481119792
481,1994.4850260416667
482,5194.781087239583
483,1620.1147054036458
484,3337.1923014322915
485,4098.344563802083
486,2107.382080078125
487,2274.0796712239585
488,3840.64501953125
489,1226.8623860677083
490,2891.5663248697915
491,3190.0172526041665
492,3624.6668294270835
493,2387.5846354166665
494,2387.5132649739585
495,1865.4591064453125
496,1828.9601643880208
497,4304.622721354167
498,1807.193359375
499,1244.357666015625
500,2342.7451171875
501,1239.931884765625
502,2298.6416829427085
503,2285.6057942708335
504,1831.9451497395833
505,1549.631591796875
506,1274.1025797526042
507,1226.6460774739583
508,2027.5295003255208
509,3123.5771484375
510,1777.1859130859375
511,1560.0207926432292
512,1815.3041585286458
513,1487.955078125
514,2491.5353190104165
515,1736.22607421875
516,2576.5817057291665
517,1924.1555582682292
518,2055.1617838541665
519,2158.694091796875
520,1253.9655354817708
521,1816.8936360677083
522,2006.4717610677083
523,3862.029541015625
524,4287.831868489583
525,1137.9204508463542
526,1536.1836751302083
527,1989.1038411458333
528,3548.3368326822915
529,1123.8675944010417
530,2225.052978515625
531,2719.99169921875
532,2519.7760416666665
533,2254.7688802083335
534,2026.5699462890625
535,1333.5902913411458
536,1967.3055013020833
537,3911.135009765625
538,4451.899251302083
539,2475.4076334635415
540,1430.3185628255208
541,1589.7832845052083
542,1779.8970947265625
543,2990.3953450520835
544,3185.5895182291665
545,1900.9232991536458
546,1830.65087890625
547,1719.6121012369792
548,3544.048828125
549,2259.632080078125
550,1581.2558186848958
551,2503.6961263020835
552,3132.5135091145835
553,2007.87109375
554,1607.2262369791667
555,2784.6025390625
556,1532.5854899088542
557,4228.159993489583
558,1394.0811360677083
559,2393.745849609375
560,1599.1029866536458
561,1298.7095133463542
562,4898.014973958333
563,2358.6468912760415
564,1354.31298828125
565,1392.4463704427083
566,2953.6719563802085
567,1542.85205078125
568,2600.456298828125
569,3416.0039876302085
570,3312.363037109375
571,1344.0113932291667
572,3181.7085774739585
573,2149.270263671875
574,1798.9742431640625
575,6330.1669921875
576,3265.1033528645835
577,2045.913818359375
578,1607.4425455729167
579,2234.3251953125
580,1396.0858968098958
581,1371.83203125
582,2838.045654296875
583,1238.2061767578125
584,4759.127604166667
585,1764.9267985026042
586,1552.0654296875
587,2158.8374837239585
588,2557.074462890625
589,1258.652587890625
590,1322.5494384765625
591,957.7750244140625
592,3997.9605305989585
593,1821.9652099609375
594,1724.8666585286458
595,1789.65625
596,1349.5282796223958
597,1792.9805094401042
598,4121.791178385417
599,1268.3212890625
600,2001.1705729166667
601,1753.4812418619792
602,1421.7986246744792
603,2093.2638346354165
604,1393.4288736979167
605,2267.5253092447915
606,2106.725341796875
607,1832.2826334635417
608,3945.3853352864585
609,1017.1728515625
610,5432.247721354167
611,1799.0027262369792
612,2073.7168782552085
613,2396.555908203125
614,995.2490030924479
615,1917.0093587239583
616,1438.7830810546875
617,1418.8692220052083
618,1459.3232014973958
619,4674.99365234375
620,1139.4969889322917
621,1627.1080322265625
622,2242.604736328125
623,1459.3804524739583
624,1977.3721110026042
625,4586.369954427083
626,1498.3598225911458
627,1893.3092447916667
628,2055.9943033854165
629,2758.1717122395835
630,2747.3551432291665
631,2729.3174641927085
632,1737.26025390625
633,3791.1892903645835
634,2205.2311197916665
635,1911.3310546875
636,1206.3564046223958
637,2604.05419921875
638,1545.49560546875
639,2066.5400390625
640,1843.0528157552083
641,2020.7239990234375
642,2282.4150390625
643,1849.5974527994792
644,1565.3813069661458
645,2086.8633626302085
646,1207.97900390625
647,1425.0392659505208
648,1683.1971842447917
649,2052.1692708333335
650,2075.1971028645835
651,3013.0980631510415
652,1452.3419189453125
653,2411.8522135416665
654,1471.5902506510417
655,2402.43896484375
656,1738.8802490234375
657,1487.8948974609375
658,1352.8076578776042
659,1425.4245198567708
660,2026.1695963541667
661,2631.2457682291665
662,1538.5254313151042
663,2806.0786946614585
664,2776.6912434895835
665,1747.2107747395833
666,2983.4664713541665
667,2571.173095703125
668,2057.161865234375
669,2154.5271809895835
670,1767.7515869140625
671,1735.3977457682292
672,1310.8087565104167
673,1479.0998942057292
674,1259.9825439453125
675,1209.0784505208333
676,3105.67626953125
677,1855.156005859375
678,1283.9537760416667
679,2626.7171223958335
680,1866.2890625
681,2418.0655924479165
682,3988.0810546875
683,1696.7536214192708
684,1536.5053304036458
685,1441.7224527994792
686,5254.660481770833
687,1384.7102864583333
688,2512.2357584635415
689,2607.9171549479165
690,2427.6138509114585
691,1453.9882405598958
692,1817.8448893229167
693,1213.6328531901042
694,1516.3677164713542
695,1524.8392333984375
696,2681.1722005208335
697,1928.0762532552083
698,1206.0091552734375
699,2866.7071126302085
700,1131.2398274739583
701,1867.2573649088542
702,2122.7432454427085
703,1976.2354329427083
704,2860.4701334635415
705,1901.4725748697917
706,1418.9256184895833
707,2031.6428629557292
708,2142.465576171875
709,2406.9541015625
710,3064.6063639322915
711,1849.6068522135417
712,1155.6546223958333
713,1324.2805582682292
714,2402.593505859375
715,1768.6155598958333
716,2029.1845703125
717,1296.9759521484375
718,3325.7109375
719,1245.9256591796875
720,1710.4079182942708
721,2037.5209554036458
722,2231.3739420572915
723,3004.81005859375
724,1312.4485270182292
725,2867.5084635416665
726,14687.1396484375
727,2381.7395833333335
728,1443.9436848958333
729,1851.6834309895833
730,1931.6767171223958
731,1188.0030924479167
732,1367.8568115234375
733,1205.2815755208333
734,881.8292439778646
735,1104.579345703125
736,1606.3654378255208
737,1453.5923258463542
738,1252.9802652994792
739,1320.0401204427083
740,3006.8173014322915
741,1392.9361165364583
742,3033.5203450520835
743,1453.3578694661458
744,899.4241536458334
745,1738.9961751302083
746,2841.4243977864585
747,3905.4345703125
748,2212.5127766927085
749,1872.6493733723958
750,2472.2085774739585
751,1969.0419108072917
752,1838.8393147786458
753,1384.3726399739583
754,1805.0818684895833
755,3146.076171875
756,2101.0543619791665
757,3887.8494466145835
758,1180.6731770833333
759,2132.6509602864585
760,2132.8911946614585
761,1988.3913167317708
762,1380.5298665364583
763,4064.3474934895835
764,2110.4136555989585
765,1005.8074137369791
766,1255.2467447916667
767,2758.5244954427085
768,1682.93408203125
769,1816.0690104166667
770,1219.490478515625
771,2336.8970540364585
772,3139.1612955729165
773,1245.9125569661458
774,2120.092041015625
775,1730.932861328125
776,1701.3822428385417
777,1232.2926839192708
778,3240.2172037760415
779,1486.1296793619792
780,1706.8020833333333
781,1812.8336181640625
782,1351.6298421223958
783,1531.7989095052083
784,1324.6625162760417
785,1780.7148844401042
786,2399.26318359375
787,2794.76611328125
788,1428.2596435546875
789,1524.521240234375
790,1203.1136881510417
791,1223.6856282552083
792,1456.0424397786458
793,1423.1502278645833
794,1171.2837727864583
795,1159.13037109375
796,2783.5037434895835
797,2149.1387532552085
798,2765.1652018229165
799,2015.2037760416667
800,3453.10693359375
801,2268.501708984375
802,1532.947509765625
803,1754.1541341145833
804,962.9078776041666
805,2072.9514973958335
806,1499.1032307942708
807,2015.6523030598958
808,1564.3979899088542
809,3351.1536458333335
810,855.2383219401041
811,4143.882649739583
812,1941.4712727864583
813,1881.9680989583333
814,1892.4892985026042
815,2152.2347005208335
816,2191.6246744791665
817,2125.655029296875
818,2461.7383626302085
819,2369.6421712239585
820,2705.8482259114585
821,1363.0422770182292
822,1328.0677083333333
823,1559.9914957682292
824,2265.3805338541665
825,2164.386474609375
826,2992.73583984375
827,1192.3410237630208
828,1095.0194498697917
829,2231.1116536458335
830,1211.3465983072917
831,1853.6871337890625
832,1713.6048990885417
833,2119.5398763020835
834,2204.2303873697915
835,2503.8064778645835
836,1922.8447265625
837,3214.5171712239585
838,4967.493815104167
839,2089.085693359375
840,1445.3357747395833
841,1715.0089111328125
842,1759.7467041015625
843,4234.586751302083
844,1090.9509684244792
845,2282.681640625
846,1730.8948974609375
847,3510.8824055989585
848,2392.84521484375
849,2062.3789876302085
850,1791.7521158854167
851,1298.6570638020833
852,1533.353271484375
853,3474.3226725260415
854,1146.6869710286458
855,1837.5302327473958
856,3427.2272135416665
857,3416.3600260416665
858,2221.670654296875
859,2832.6407877604165
860,2448.10302734375
861,4842.348795572917
862,2763.5562337239585
863,953.2312418619791
864,799.3445231119791
865,3824.8362630208335
866,2520.6695963541665
867,1163.1815185546875
868,1346.580078125
869,3285.6161295572915
870,1233.8273518880208
871,2712.1923828125
872,1786.0186767578125
873,1538.2230631510417
874,1755.6877034505208
875,2581.36181640625
876,3139.3662923177085
877,1238.4568684895833
878,1177.6201578776042
879,5365.93701171875
880,1186.9127197265625
881,1195.936279296875
882,2523.20263671875
883,1846.0171305338542
884,1653.7711588541667
885,2700.4275716145835
886,1066.5478108723958
887,2064.2367350260415
888,1263.7545166015625
889,1635.8544514973958
890,4218.12841796875
891,3192.90087890625
892,976.076171875
893,1704.1376953125
894,1771.1861979166667
895,1845.1805013020833
896,2417.7161458333335
897,1311.5679931640625
898,885.7895914713541
899,2226.67578125
900,1415.0122477213542
901,1376.124755859375
902,2995.5922037760415
903,851.9226277669271
904,2036.6942952473958
905,2367.8330078125
906,2163.0997721354165
907,1521.7369791666667
908,840.1708374023438
909,1844.778076171875
910,1654.8706868489583
911,2565.7080078125
912,1093.5780029296875
913,1223.9921468098958
914,1352.1623128255208
915,1957.8638102213542
916,1059.2524007161458
917,3206.4077962239585
918,2594.2648111979165
919,2278.616943359375
920,1311.0172932942708
921,1980.0172526041667
922,977.5260009765625
923,1187.1454264322917
924,1876.7617594401042
925,2865.953125
926,1396.9403483072917
927,2266.7898763020835
928,1747.4242350260417
929,1198.3125
930,3292.2154947916665
931,1007.0333048502604
932,2931.7643229166665
933,2188.800537109375
934,3363.3527018229165
935,1234.3451741536458
936,1879.1337890625
937,1250.2432454427083
938,1096.08349609375
939,2623.4954427083335
940,4140.0029296875
941,1941.2508544921875
942,1284.4372965494792
943,1785.4420979817708
944,1785.7543538411458
945,1558.088623046875
946,2096.1321614583335
947,1025.485595703125
948,3001.5918782552085
949,1769.6676025390625
950,1959.3947347005208
951,1060.005615234375
952,1413.2205810546875
953,2911.9403483072915
954,1597.9687906901042
955,1603.9177652994792
956,1416.0417073567708
957,873.7445882161459
958,1320.9618733723958
959,1655.234130859375
960,1259.3094075520833
961,2603.0941569010415
962,1113.1746826171875
963,4748.885416666667
964,5011.50439453125
965,2173.3770345052085
966,1141.3092447916667
967,1360.24658203125
968,1554.275146484375
969,2267.3958333333335
970,1993.0664876302083
971,1269.4212646484375
972,967.2357177734375
973,1425.6088460286458
974,803.1999308268229
975,1024.6473388671875
976,1656.964599609375
977,4059.58544921875
978,1156.5491943359375
979,2373.7294108072915
980,1745.6356608072917
981,1671.4442138671875
982,1383.4791666666667
983,1392.9263916015625
984,1516.2907307942708
985,859.4326578776041
986,4814.534993489583
987,2458.5069986979165
988,1535.2520751953125
989,1908.7687581380208
990,2792.291259765625
991,1179.4641927083333
992,1075.3238932291667
993,2112.1617024739585
994,2270.9187825520835
995,1053.0086669921875
996,1621.4888102213542
997,1603.3435872395833
998,1384.4054768880208
999,1329.6479899088542
1000,1875.1235758463542
1001,2222.4894205729165
1002,1465.4356689453125
1003,1349.7415364583333
1004,2157.68505859375
1005,2344.21337890625
1006,2792.5552571614585
1007,3750.3038736979165
1008,1954.6138102213542
1009,2149.2078450520835
1010,1096.109619140625
1011,1551.2349039713542
1012,2214.8821614583335
1013,4282.64453125
1014,1671.082275390625
1015,3256.210693359375
1016,1107.32763671875
1017,2888.6060384114585
1018,2246.8194173177085
1019,4365.563639322917
1020,733.2421671549479
1021,903.8358154296875
1022,2193.4267578125
1023,3537.24560546875
1024,1330.8352864583333
1025,1141.8524576822917
1026,951.2997233072916
1027,2237.4186197916665
1028,1951.0658772786458
1029,1467.3492838541667
1030,3469.5165201822915
1031,2730.7060546875
1032,3371.9147135416665
1033,2183.5470377604165
1034,1242.8350423177083
1035,1405.936279296875
1036,903.4320678710938
1037,1810.0133056640625
1038,2221.857177734375
1039,1207.0077718098958
1040,1173.41064453125
1041,3162.7808430989585
1042,2336.6939290364585
1043,3677.6035970052085
1044,3972.5203450520835
1045,2516.0030110677085
1046,1081.1410319010417
1047,1133.126220703125
1048,2739.5830891927085
1049,1983.8297932942708
1050,2258.270751953125
1051,4592.673177083333
1052,2438.393310546875
1053,1516.4981282552083
1054,4737.873209635417
1055,1757.4033203125
1056,2506.7467447916665
1057,2505.492919921875
1058,1747.2001953125
1059,1934.8323567708333
1060,1546.0317789713542
1061,1882.501953125
1062,3239.4474283854165
1063,1585.9238688151042
1064,1547.59912109375
1065,1388.1024576822917
1066,2061.6717122395835
1067,1303.2644856770833
1068,3096.9583333333335
1069,1256.0107421875
1070,1300.1561686197917
1071,2176.5875651041665
1072,2409.6712239583335
1073,1304.6764729817708
1074,1457.4951578776042
1075,1842.5818277994792
1076,1133.9083658854167
1077,1830.9276936848958
1078,3285.103759765625
1079,2859.578125
1080,1023.6797688802084
1081,1193.5977783203125
1082,1340.4737548828125
1083,1130.7373453776042
1084,1900.5910237630208
1085,1803.9521077473958
1086,2147.12939453125
1087,1593.7450358072917
1088,1066.5236002604167
1089,1173.8320719401042
1090,1208.9051106770833
1091,2957.1849772135415
1092,2311.36181640625
1093,1373.9114990234375
1094,1562.6493326822917
1095,1774.5521240234375
1096,3011.6576334635415
1097,1091.7023111979167
1098,1073.113037109375
1099,1153.6290690104167
1100,2549.7832845052085
1101,1845.2755126953125
1102,1333.3016357421875
1103,4730.339029947917
1104,1956.8487548828125
1105,2004.9945475260417
1106,1252.697998046875
1107,4507.98095703125
1108,3878.4083658854165
1109,1028.1995849609375
1110,2815.8040364583335
1111,1660.4136962890625
1112,1545.0585123697917
1113,1252.3048909505208
1114,929.1370442708334
1115,1269.8673909505208
1116,2506.4942220052085
1117,1793.614013671875
1118,1297.3683268229167
1119,1302.1007893880208
1120,1295.7423909505208
1121,1029.1886393229167
1122,1129.5399169921875
1123,1028.7670491536458
1124,1176.8254801432292
1125,1269.7956136067708
1126,1158.7515462239583
1127,2233.7298990885415
1128,1370.83837890625
1129,1406.5707194010417
1130,1198.7047119140625
1131,1455.9832763671875
1132,1249.985595703125
1133,927.6013997395834
1134,1177.7378336588542
1135,2855.2421061197915
1136,3322.62939453125
1137,1539.7073160807292
1138,1579.6865641276042
1139,2146.4125162760415
1140,4222.689127604167
1141,1079.5275065104167
1142,1269.1983235677083
1143,1082.2880859375
1144,1264.0911458333333
1145,1077.5320231119792
1146,1209.37451171875
1147,1773.7900390625
1148,786.1606852213541
1149,995.6209309895834
1150,1965.2991943359375
1151,840.8593139648438
1152,1561.0614827473958
1153,2004.3526204427083
1154,2419.6245930989585
1155,3088.4534505208335
1156,3372.7362467447915
1157,2042.7454833984375
1158,2788.2342936197915
1159,1335.7283121744792
1160,1528.1214192708333
1161,1730.8581136067708
1162,2667.0673828125
1163,2461.5922037760415
1164,775.9022623697916
1165,886.0889892578125
1166,1397.7626546223958
1167,1824.1300862630208
1168,1398.437255859375
1169,1969.5654296875
1170,2826.1512858072915
1171,1421.8233642578125
1172,2742.479248046875
1173,2122.3799641927085
1174,1068.9627685546875
1175,3199.7430013020835
1176,1198.8759765625
1177,1189.7628173828125
1178,1393.0376383463542
1179,1310.287109375
1180,1807.5623372395833
1181,951.0391031901041
1182,1362.694580078125
1183,2194.9918619791665
1184,1620.646240234375
1185,1079.0968424479167
1186,2427.1431477864585
1187,4210.620279947917
1188,2812.4208984375
1189,2686.1879069010415
1190,4686.228190104167
1191,2528.239501953125
1192,1206.8431803385417
1193,2033.9823404947917
1194,1501.724365234375
1195,1741.80078125
1196,2091.97509765625
1197,1681.8665771484375
1198,1228.8492024739583
1199,2038.3028971354167
1200,12873.096028645834
1201,1486.5420328776042
1202,954.1941731770834
1203,992.4136962890625
1204,1489.9977213541667
1205,4454.111165364583
1206,1280.6943359375
1207,1737.7874755859375
1208,1588.2723388671875
1209,2591.8548990885415
1210,2427.42333984375
1211,1920.0970052083333
1212,2731.9664713541665
1213,1461.57958984375
1214,2151.99951171875
1215,2192.9121907552085
1216,1291.5550130208333
1217,1706.0662434895833
1218,1351.384033203125
1219,1531.3317057291667
1220,1579.0836995442708
1221,1696.1302897135417
1222,1782.3067626953125
1223,2530.836181640625
1224,1507.4694417317708
1225,2547.3180338541665
1226,1343.8042805989583
1227,1239.2896321614583
1228,1303.3470052083333
1229,1068.3485921223958
1230,1559.3226725260417
1231,1825.3385416666667
1232,2434.0558268229165
1233,1997.5262044270833
1234,1807.780029296875
1235,4486.676920572917
1236,1114.1205240885417
1237,3499.1212565104165
1238,1574.8087972005208
1239,1423.687255859375
1240,2177.9239095052085
1241,3360.3519694010415
1242,1624.8363850911458
1243,1807.9738362630208
1244,2414.9384765625
1245,1200.3164876302083
1246,1539.2660725911458
1247,1027.5439453125
1248,12856.859700520834
1249,1618.9535319010417
1250,1239.3081868489583
1251,2321.0599772135415
1252,1529.9266357421875
1253,1941.95751953125
1254,1849.4110107421875
1255,1586.2583821614583
1256,1578.3726399739583
1257,2054.4647623697915
1258,1367.7606608072917
1259,2026.5541585286458
1260,1512.8056233723958
1261,1760.7893880208333
1262,1426.6568603515625
1263,1485.5084635416667
1264,1523.0156656901042
1265,1047.5897623697917
1266,2086.772705078125
1267,1339.7990315755208
1268,2794.8028971354165
1269,1055.086181640625
1270,1133.3624674479167
1271,1973.4560139973958
1272,1573.6980794270833
1273,1737.194091796875
1274,1565.01953125
1275,1140.9156087239583
1276,2126.4291178385415
1277,1290.7384847005208
1278,1713.8938395182292
1279,3210.7074381510415
1280,1778.4673665364583
1281,1229.462646484375
1282,1970.6747639973958
1283,5492.52734375
1284,1837.426513671875
1285,2283.2662760416665
1286,2291.2000325520835
1287,1722.5986735026042
1288,1194.2545166015625
1289,729.1240641276041
1290,1465.7854817708333
1291,1619.8613688151042
1292,2847.475341796875
1293,2257.6824544270835
1294,1789.0253499348958
1295,1601.1663818359375
1296,1254.6518961588542
1297,1685.721923828125
1298,1351.4152425130208
1299,1959.6512044270833
1300,2523.5029296875
1301,924.5880126953125
1302,1301.6790771484375
1303,2229.9025065104165
1304,1610.8887532552083
1305,1622.036376953125
1306,941.8407999674479
1307,3457.247314453125
1308,2415.0986328125
1309,1335.5640869140625
1310,1176.939453125
1311,1187.654541015625
1312,930.8906860351562
1313,1555.0708821614583
1314,1589.7817789713542
1315,1839.7121175130208
1316,2905.3268229166665
1317,1788.2454833984375
1318,1478.5736083984375
1319,2523.5433756510415
1320,1523.6870930989583
1321,1145.0452473958333
1322,865.7490437825521
1323,1925.940673828125
1324,2106.9239095052085
1325,1072.2838541666667
1326,812.4526570638021
1327,3305.80615234375
1328,1729.9383951822917
1329,1630.0223795572917
1330,1280.5694580078125
1331,1661.9032796223958
1332,1788.7673746744792
1333,2108.0669759114585
1334,1202.3225504557292
1335,2228.07861328125
1336,1034.2527262369792
1337,1366.0063883463542
1338,1190.1239420572917
1339,932.6217447916666
1340,2681.0795084635415
1341,3156.6908365885415
1342,3958.049072265625
1343,2329.14990234375
1344,1430.6827799479167
1345,1428.1577555338542
1346,1736.6167805989583
1347,1312.5583089192708
1348,941.0662638346354
1349,1093.423828125
1350,1220.4522705078125
1351,1630.1538899739583
1352,860.6749674479166
1353,1514.3162434895833
1354,998.3544718424479
1355,1813.8970540364583
1356,1328.7389322916667
1357,1493.561767578125
1358,3463.1643880208335
1359,2535.040771484375
1360,1289.990966796875
1361,1147.2792154947917
1362,1264.20947265625
1363,1412.3685709635417
1364,1157.8912760416667
1365,2189.0276692708335
1366,2352.2444661458335
1367,1772.2005208333333
1368,1669.5323079427083
1369,832.1966756184896
1370,3627.93701171875
1371,1207.3971761067708
1372,2399.5214029947915
1373,1667.8417154947917
1374,1002.9441731770834
1375,2047.6602783203125
1376,3093.0836588541665
1377,2820.682861328125
1378,1399.5323486328125
1379,2707.9778645833335
1380,1787.9832356770833
1381,6985.237955729167
1382,1789.4454345703125
1383,632.8904012044271
1384,3676.0987955729165
1385,1797.5615234375
1386,1804.00048828125
1387,1343.812255859375
1388,1971.4717610677083
1389,1427.5757649739583
1390,1674.0348307291667
1391,2662.34814453125
1392,2213.9104817708335
1393,2610.456787109375
1394,1646.7617594401042
1395,1531.3446044921875
1396,1975.8445231119792
1397,3474.9189453125
1398,1171.3004964192708
1399,1140.6480305989583
1400,1513.1312662760417
1401,1671.3206787109375
1402,1123.6467692057292
1403,1272.5806477864583
1404,2431.8175455729165
1405,2203.488525390625
1406,3800.396240234375
1407,1240.4125162760417
1408,2878.5962727864585
1409,3657.0319010416665
1410,1350.3218587239583
1411,2998.1717936197915
1412,1993.0609537760417
1413,1196.863037109375
1414,1552.9474690755208
1415,2764.3111979166665
1416,1410.2931722005208
1417,697.1115519205729
1418,2392.0917154947915
1419,1127.2511393229167
1420,1865.0570882161458
1421,1073.4022623697917
1422,2814.855712890625
1423,1737.9808756510417
1424,2153.6525065104165
1425,1424.0203450520833
1426,1549.0765787760417
1427,1369.8181966145833
1428,2433.911376953125
1429,1777.0448404947917
1430,1262.0321451822917
1431,3118.55078125
1432,3066.932373046875
1433,3654.074951171875
1434,1543.6750895182292
1435,1621.5779215494792
1436,2745.7008463541665
1437,2763.6382649739585
1438,1194.806640625
1439,1771.7523193359375
1440,1599.7218424479167
1441,1866.66162109375
1442,2406.1752115885415
1443,1746.8274739583333
1444,893.4047241210938
1445,1525.802001953125
1446,879.3611857096354
1447,2208.65869140625
1448,2624.5963541666665
1449,1289.052001953125
1450,1244.5815022786458
1451,1541.1281331380208
1452,1895.3192952473958
1453,966.1331176757812
1454,2305.3702799479165
1455,1262.2338460286458
1456,1071.3871663411458
1457,1161.1405436197917
1458,1194.802734375
1459,1806.7737630208333
1460,1880.5211588541667
1461,2044.0643310546875
1462,2283.510498046875
1463,811.7045491536459
1464,2853.4345703125
1465,3743.0810546875
1466,3374.4205729166665
1467,1480.6426595052083
1468,2407.9906412760415
1469,2383.91357421875
1470,867.4765828450521
1471,2322.513427734375
1472,1909.8670654296875
1473,2043.7325032552083
1474,1411.2232259114583
1475,1516.3564453125
1476,12450.935221354166
1477,1799.7083333333333
1478,2591.23779296875
1479,949.4148966471354
1480,3752.6280110677085
1481,2361.6013997395835
1482,2844.3998209635415
1483,1623.60302734375
1484,950.8157348632812
1485,3018.9456380208335
1486,1077.6661783854167
1487,2198.6588541666665
1488,1246.7762044270833
1489,2318.5872395833335
1490,2492.8601888020835
1491,960.1106567382812
1492,2059.4784342447915
1493,1269.6910807291667
1494,2070.8446451822915
1495,1121.0749104817708
1496,1563.357421875
1497,1350.619384765625
1498,1935.2455647786458
1499,1339.8468424479167
1500,667.8293253580729
1501,1022.9496866861979
1502,1335.331787109375
1503,1891.7294514973958
1504,1865.0025634765625
1505,3563.62548828125
1506,787.2044677734375
1507,1178.3258870442708
1508,1773.1536051432292
1509,1418.7341715494792
1510,1136.24951171875
1511,2266.9921875
1512,1571.049560546875
1513,874.2335205078125
1514,2688.7764485677085
1515,883.8070068359375
1516,1486.0300699869792
1517,1469.7387288411458
1518,1430.3304443359375
1519,1160.5034586588542
1520,1929.5057373046875
1521,827.7471110026041
1522,1151.9594319661458
1523,1175.0187581380208
1524,1105.5619710286458
1525,2172.4114583333335
1526,2073.1493326822915
1527,771.2407836914062
1528,1479.3492838541667
1529,1806.878173828125
1530,2297.540771484375
1531,2810.0548502604165
1532,840.5687866210938
1533,1335.7831217447917
1534,3199.6200358072915
1535,1823.3208821614583
1536,1477.4370930989583
1537,1704.9470621744792
1538,1254.3352457682292
1539,1023.2934773763021
1540,2734.7211100260415
1541,1948.3301188151042
1542,850.6813557942709
1543,755.1534423828125
1544,1751.9500732421875
1545,2486.9231770833335
1546,717.1637776692709
1547,1497.4815266927083
1548,830.8969319661459
1549,2109.2190755208335
1550,987.4718831380209
1551,1321.6183675130208
1552,1288.7222086588542
1553,1321.5605061848958
1554,1531.7953694661458
1555,1325.4995930989583
1556,1680.5919189453125
1557,2347.8885091145835
1558,1360.0067138671875
1559,1282.9393717447917
1560,1110.0806884765625
1561,1210.8492838541667
1562,1746.0398356119792
1563,1185.9005940755208
1564,2664.4432779947915
1565,1426.4217529296875
1566,1511.6829833984375
1567,1494.2149658203125
1568,2125.8203938802085
1569,5494.52001953125
1570,2827.6273600260415
1571,894.679931640625
1572,1542.1621907552083
1573,3025.589111328125
1574,2253.4147135416665
1575,1606.8395182291667
1576,1183.4910481770833
1577,1988.3843587239583
1578,1045.7285563151042
1579,1497.6659342447917
1580,2673.4248860677085
1581,2219.3250325520835
1582,1579.7371826171875
1583,959.3416341145834
1584,901.2167765299479
1585,13156.103515625
1586,1316.642333984375
1587,2020.1759440104167
1588,1821.9345296223958
1589,1539.9497477213542
1590,1689.3972981770833
1591,2096.0670572916665
1592,1008.3660888671875
1593,2183.11962890625
1594,2911.1739908854165
1595,1973.1102701822917
1596,1288.3060709635417
1597,2205.7128092447915
1598,1121.7362874348958
1599,4575.759928385417
1600,1726.1847330729167
1601,1796.62548828125
1602,2652.5768229166665
1603,1906.7628580729167
1604,1043.4417317708333
1605,1771.0032552083333
1606,831.1194458007812
1607,1578.6444905598958
1608,1064.7504475911458
1609,2769.7154134114585
1610,1231.0359293619792
1611,2057.8335774739585
1612,1732.0670572916667
1613,772.8586832682291
1614,1252.4405517578125
1615,4570.477376302083
1616,824.7037150065104
1617,2583.9877115885415
1618,875.8507893880209
1619,926.3434448242188
1620,1258.7702229817708
1621,1730.540283203125
1622,1599.4378662109375
1623,2324.418701171875
1624,1592.0819091796875
1625,2161.936279296875
1626,2368.6038411458335
1627,3371.1951497395835
1628,1709.8067626953125
1629,1653.1518147786458
1630,2096.6512858072915
1631,1887.0464680989583
1632,1035.3550211588542
1633,1272.9905192057292
1634,1354.2866617838542
1635,1405.3042399088542
1636,1334.2272135416667
1637,1742.5386962890625
1638,1581.0208333333333
1639,1045.6515706380208
1640,2477.5230305989585
1641,1227.0960286458333
1642,1219.8348795572917
1643,1955.7694091796875
1644,1350.3202311197917
1645,2419.2735188802085
1646,2337.72216796875
1647,2107.6766764322915
1648,1390.6805419921875
1649,1348.1339518229167
1650,2017.8575846354167
1651,1099.3678792317708
1652,1324.2565511067708
1653,1177.4780680338542
1654,1110.9465738932292
1655,1276.8232421875
1656,1181.0179036458333
1657,2051.5648600260415
1658,789.5841471354166
1659,1926.1707356770833
1660,2815.088134765625
1661,804.5355834960938
1662,2770.7303059895835
1663,2311.0013020833335
1664,865.9567260742188
1665,1424.8190104166667
1666,2183.0315755208335
1667,1031.0897623697917
1668,1449.3108723958333
1669,1560.1669514973958
1670,2382.1497395833335
1671,1448.2090250651042
1672,1543.580810546875
1673,1628.9339599609375
1674,1278.3863525390625
1675,748.8666381835938
1676,899.0154418945312
1677,1301.2368977864583
1678,1584.4044596354167
1679,939.1480102539062
1680,867.9595336914062
1681,3073.16845703125
1682,1451.9436848958333
1683,1253.0973307291667
1684,1836.9814046223958
1685,1227.2468668619792
1686,1786.8450113932292
1687,1091.4514973958333
1688,1518.5236409505208
1689,595.7121175130209
1690,1256.4169921875
1691,2087.8001302083335
1692,1556.0264485677083
1693,5110.322591145833
1694,2048.3379720052085
1695,2423.2356770833335
1696,1203.6680094401042
1697,1825.030029296875
1698,1338.3096516927083
1699,2185.6075846354165
1700,1066.5393473307292
1701,1523.3290608723958
1702,1222.3775227864583
1703,1187.2632649739583
1704,2625.04541015625
1705,2836.5000813802085
1706,772.6943562825521
1707,906.3873697916666
1708,1083.0875651041667
1709,2195.2096354166665
1710,2071.6516927083335
1711,1074.4740804036458
1712,2276.383056640625
1713,1357.9822591145833
1714,1965.0711669921875
1715,871.2818806966146
1716,2333.51025390625
1717,2842.8494466145835
1718,2668.4952799479165
1719,1447.0741780598958
1720,1115.9766031901042
1721,1972.4390055338542
1722,1611.2364095052083
1723,1581.3476155598958
1724,1384.3523356119792
1725,1140.649169921875
1726,2850.0636393229165
1727,1797.7525634765625
1728,806.6427612304688
1729,1088.6804606119792
1730,1970.0142415364583
1731,1503.4759521484375
1732,1868.0867106119792
1733,1482.6840413411458
1734,1002.0590006510416
1735,1821.8310139973958
1736,1614.8546142578125
1737,823.793701171875
1738,1165.4239095052083
1739,1312.6861979166667
1740,1114.9259033203125
1741,1142.691162109375
1742,696.4067789713541
1743,1482.5177408854167
1744,1997.3679606119792
1745,1425.8695475260417
1746,2175.0763346354165
1747,1925.4604085286458
1748,1893.4995524088542
1749,1943.1418863932292
1750,1113.5565999348958
1751,3344.5182291666665
1752,888.7716878255209
1753,2672.0393880208335
1754,2739.9510904947915
1755,1811.6592203776042
1756,858.4071248372396
1757,2142.34423828125
1758,1008.8477172851562
1759,1475.3025309244792
1760,1672.6316731770833
1761,1737.7667236328125
1762,876.6324462890625
1763,829.8076985677084
1764,2089.1116536458335
1765,1104.4559326171875
1766,1677.9579671223958
1767,4076.12451171875
1768,1005.5205891927084
1769,826.8591918945312
1770,1171.3065999348958
1771,1500.711181640625
1772,1195.157958984375
1773,2357.8623860677085
1774,1140.937255859375
1775,3987.71240234375
1776,1263.7628987630208
1777,1413.0242106119792
1778,2665.4112955729165
1779,1451.5129801432292
1780,1943.1279296875
1781,975.3299967447916
1782,1269.6694742838542
1783,787.3822428385416
1784,1297.0001220703125
1785,1155.7333170572917
1786,1029.8079427083333
1787,1750.9189453125
1788,2090.9508463541665
1789,3382.191650390625
1790,2428.4825846354165
1791,1586.2559814453125
1792,1095.5760498046875
1793,1061.5734456380208
1794,1106.8433430989583
1795,1910.5875651041667
1796,1947.2896728515625
1797,902.7924194335938
1798,2234.2972005208335
1799,953.3788045247396
1800,1910.0760904947917
1801,1699.14990234375
1802,1937.5878499348958
1803,1025.499755859375
1804,1573.5026448567708
1805,1880.9273681640625
1806,1481.548828125
1807,1508.702880859375
1808,1916.869873046875
1809,2460.4890950520835
1810,1106.8133138020833
1811,1481.495361328125
1812,1181.6932373046875
1813,1087.1430257161458
1814,1134.5021565755208
1815,1796.1051025390625
1816,1447.6878255208333
1817,837.9364624023438
1818,1626.8523356119792
1819,642.1709391276041
1820,981.8805135091146
1821,2208.3199869791665
1822,1262.1471761067708
1823,1319.6348470052083
1824,1587.7330729166667
1825,2040.1426595052083
1826,2156.61181640625
1827,739.8241170247396
1828,1044.6434326171875
1829,1109.8646240234375
1830,892.1964314778646
1831,948.6691691080729
1832,895.2362263997396
1833,3054.5771484375
1834,2000.9430745442708
1835,1179.8709716796875
1836,955.5429280598959
1837,3062.0406087239585
1838,1572.9393310546875
1839,916.1107991536459
1840,1751.6434733072917
1841,923.7476399739584
1842,2402.2491861979165
1843,2733.8837076822915
1844,917.8813883463541
1845,1608.67919921875
1846,1191.9266357421875
1847,5716.701009114583
1848,1216.3999837239583
1849,1152.8872477213542
1850,2102.252685546875
1851,2002.0233154296875
1852,1130.6514892578125
1853,1618.59765625
1854,1493.7878011067708
1855,603.19287109375
1856,1006.1598510742188
1857,2383.5224609375
1858,1439.1282958984375
1859,2591.7494303385415
1860,607.4571940104166
1861,1220.6983235677083
1862,1334.2621663411458
1863,1968.218505859375
1864,1366.939453125
1865,1415.6748046875
1866,2026.4905192057292
1867,1305.83251953125
1868,1083.4377034505208
1869,5069.576497395833
1870,1671.2535807291667
1871,1346.51123046875
1872,733.3307902018229
1873,848.8469848632812
1874,1954.0618489583333
1875,737.8357340494791
1876,1329.7515869140625
1877,1417.4661051432292
1878,1112.1240641276042
1879,1349.4713948567708
1880,1385.0220540364583
1881,1340.7745361328125
1882,1261.4312337239583
1883,1372.9452718098958
1884,1732.411376953125
1885,836.6896769205729
1886,1249.4357503255208
1887,1395.6977132161458
1888,2065.6888834635415
1889,1773.5821126302083
1890,1930.7848714192708
1891,917.1572265625
1892,1609.4781901041667
1893,1169.742431640625
1894,1236.3462320963542
1895,1827.5721028645833
1896,1644.28369140625
1897,2141.4586588541665
1898,1167.1826171875
1899,1222.6510823567708
1900,1792.4432779947917
1901,1201.8705647786458
1902,1109.3814697265625
1903,1947.3716227213542
1904,1008.4540812174479
1905,1009.7705485026041
1906,1170.3580729166667
1907,696.9959106445312
1908,2419.03515625
1909,1227.1041666666667
1910,1732.6118570963542
1911,1809.5865885416667
1912,2654.64208984375
1913,3154.4107259114585
1914,1461.7144368489583
1915,1836.3599853515625
1916,1488.7829182942708
1917,1155.8839518229167
1918,1372.83154296875
1919,1554.0976969401042
1920,1711.5998942057292
1921,663.7094116210938
1922,693.9414876302084
1923,1361.0970865885417
1924,3512.6082356770835
1925,1093.9766031901042
1926,2206.5467122395835
1927,2195.1620279947915
1928,1460.7540690104167
1929,1909.3013102213542
1930,2386.2816569010415
1931,1131.7741292317708
1932,862.8018595377604
1933,1388.7260335286458
1934,1209.2894694010417
1935,1309.6579182942708
1936,1502.97998046875
1937,932.344482421875
1938,788.248046875
1939,958.9432779947916
1940,1020.4339599609375
1941,1383.1610514322917
1942,1326.9920654296875
1943,1023.0437215169271
1944,846.6773274739584
1945,1079.8830159505208
1946,1382.3849283854167
1947,2301.3111979166665
1948,1394.1009521484375
1949,1746.3822835286458
1950,1072.212646484375
1951,2060.4376627604165
1952,1245.2294514973958
1953,976.7818400065104
1954,2237.751220703125
1955,1566.8106282552083
1956,1352.068115234375
1957,1002.7564290364584
1958,1438.4154052734375
1959,1386.4709879557292
1960,1388.7726643880208
1961,714.0462443033854
1962,1251.6844075520833
1963,1410.5113118489583
1964,1130.6805419921875
1965,1633.36865234375
1966,1108.9870198567708
1967,1176.2490234375
1968,2563.2565104166665
1969,1027.4385579427083
1970,1222.2099202473958
1971,2648.0447591145835
1972,1307.0475667317708
1973,1196.5478108723958
1974,1326.4607747395833
1975,1318.3391520182292
1976,2098.3143717447915
1977,1105.1675618489583
1978,2624.8736979166665
1979,826.5309244791666
1980,2272.863037109375
1981,939.4632771809896
1982,1445.2506103515625
1983,1731.6846923828125
1984,1592.4179280598958
1985,1867.2379964192708
1986,1624.14501953125
1987,1652.1181233723958
1988,2121.4847005208335
1989,1897.7410888671875
1990,1463.6431884765625
1991,1310.7127685546875
1992,1119.3997802734375
1993,1344.904541015625
1994,1277.4975179036458
1995,1001.7450561523438
1996,1240.0908203125
1997,2142.3008626302085
1998,982.4121704101562
1999,3165.14501953125
2000,1129.2301839192708
2001,1421.6036783854167
2002,1558.4049886067708
2003,1231.6182454427083
2004,938.3394368489584
2005,1254.3243001302083
2006,2225.38525390625
2007,3151.4258626302085
2008,1568.3045247395833
2009,1877.5712483723958
2010,1625.582275390625
2011,1283.048095703125
2012,1952.6390787760417
2013,3357.879638671875
2014,2394.3062337239585
2015,1458.4658610026042
2016,1453.6965738932292
2017,2750.31298828125
2018,1359.4764404296875
2019,1690.6902262369792
2020,1098.0550944010417
2021,1166.7247314453125
2022,1159.9421793619792
2023,2075.0279947916665
2024,1629.1850992838542
2025,1794.2512613932292
2026,980.4679361979166
2027,881.2257080078125
2028,1146.1670735677083
2029,1036.2193196614583
2030,777.810791015625
2031,701.9410400390625
2032,1376.5684814453125
2033,2720.2632649739585
2034,1429.1055908203125
2035,1530.999267578125
2036,1256.1859944661458
2037,1218.447509765625
2038,926.5089111328125
2039,1754.3006591796875
2040,973.4642130533854
2041,1824.40380859375
2042,1525.7660725911458
2043,2118.8192545572915
2044,1030.7833658854167
2045,1146.2140299479167
2046,812.2206827799479
2047,860.7898559570312
2048,1724.2313232421875
2049,972.5085856119791
2050,1563.427001953125
2051,1399.5218912760417
2052,1130.7645670572917
2053,1541.7398274739583
2054,1515.0709635416667
2055,1354.814453125
2056,1480.5771484375
2057,5692.786946614583
2058,2349.838134765625
2059,1254.2825927734375
2060,1896.2997233072917
2061,1115.4466552734375
2062,1999.4921061197917
2063,1581.3107503255208
2064,1096.83154296875
2065,570.7040201822916
2066,1023.491943359375
2067,811.5154215494791
2068,2533.3506673177085
2069,4167.298014322917
2070,1573.4394938151042
2071,664.8241373697916
2072,7054.317545572917
2073,1023.2578328450521
2074,1802.9505208333333
2075,1466.4119873046875
2076,710.9884033203125
2077,1306.6090901692708
2078,1577.7864583333333
2079,1141.7501627604167
2080,940.0985310872396
2081,1060.2685139973958
2082,3472.9510091145835
2083,923.3746744791666
2084,1565.7848714192708
2085,1321.5150146484375
2086,2394.1459147135415
2087,1593.5897216796875
2088,1179.12451171875
2089,902.7615559895834
2090,1573.8237711588542
2091,998.1165974934896
2092,996.9078572591146
2093,1202.2962239583333
2094,1423.9546712239583
2095,2246.2794596354165
2096,971.3918253580729
2097,2133.60791015625
2098,1913.7659912109375
2099,764.8448079427084
2100,2494.6805826822915
2101,1146.1379801432292
2102,2404.16064453125
2103,1663.0054524739583
2104,1435.3940836588542
2105,2048.5503743489585
2106,1123.8872477213542
2107,3556.5848795572915
2108,1189.65966796875
2109,1518.1095377604167
2110,2855.8306477864585
2111,4191.554361979167
2112,1356.7205810546875
2113,1263.829345703125
2114,4079.32177734375
2115,1163.2602132161458
2116,1769.6038411458333
2117,2095.5609537760415
2118,1592.6392008463542
2119,1352.16357421875
2120,828.7845662434896
2121,1455.0699869791667
2122,1340.2004801432292
2123,1481.9515787760417
2124,1504.6811116536458
2125,1364.5603841145833
2126,2067.4451497395835
2127,1135.7501627604167
2128,1123.84130859375
2129,1422.4665120442708
2130,1758.9542236328125
2131,2323.595947265625
2132,1789.1245930989583
2133,1154.5504150390625
2134,815.6383870442709
2135,1312.0315755208333
2136,1679.0059000651042
2137,1968.4771728515625
2138,2060.66748046875
2139,1272.7924397786458
2140,917.2068684895834
2141,1097.7963460286458
2142,1898.7841389973958
2143,1968.3347981770833
2144,3980.4796549479165
2145,830.6271158854166
2146,1358.9709879557292
2147,1259.1669514973958
2148,1472.4098307291667
2149,3822.7179361979165
2150,716.0647989908854
2151,1432.3605143229167
2152,1927.0833740234375
2153,2056.1611328125
2154,2665.6660970052085
2155,1576.9788818359375
2156,1474.6654052734375
2157,1346.755126953125
2158,1488.5001627604167
2159,1836.9288330078125
2160,992.1985677083334
2161,919.1286010742188
2162,1453.0623779296875
2163,920.6108601888021
2164,856.4089558919271
2165,1805.9217122395833
2166,1211.9965006510417
2167,977.4550374348959
2168,1522.1079508463542
2169,1595.3507486979167
2170,3039.8290201822915
2171,1355.4606526692708
2172,1355.0342203776042
2173,1135.4796956380208
2174,1094.1479899088542
2175,2155.4541829427085
2176,1244.8750406901042
2177,1382.549560546875
2178,1850.1464436848958
2179,1233.9871826171875
2180,1258.3842366536458
2181,1115.7862548828125
2182,839.5299479166666
2183,844.7292683919271
2184,1897.014404296875
2185,780.3935953776041
2186,1058.74462890625
2187,1060.8667399088542
2188,1651.5232340494792
2189,2389.7607421875
2190,1110.5465087890625
2191,1210.5116780598958
2192,2774.6813151041665
2193,609.0663045247396
2194,2204.4134928385415
2195,4568.438313802083
2196,1400.6582438151042
2197,1035.6910807291667
2198,1451.9488932291667
2199,2036.43505859375
2200,1230.4061686197917
2201,1442.5699055989583
2202,1184.5082194010417
2203,1717.4075520833333
2204,663.59423828125
2205,1657.1198323567708
2206,928.078857421875
2207,802.5834554036459
2208,1388.5525716145833
2209,900.3571573893229
2210,2195.3932291666665
2211,1989.478515625
2212,1802.8805338541667
2213,1525.7125651041667
2214,907.5661010742188
2215,929.5822550455729
2216,1856.3363850911458
2217,1196.5966796875
2218,1429.3390706380208
2219,1023.5779622395834
2220,612.3592325846354
2221,1567.0460611979167
2222,2701.741943359375
2223,1349.4912516276042
2224,1121.3306884765625
2225,1663.376708984375
2226,1580.8875325520833
2227,1385.365234375
2228,988.4166666666666
2229,1881.3041178385417
2230,2208.8644205729165
2231,1076.5893147786458
2232,2130.0897623697915
2233,5635.284993489583
2234,1111.6859944661458
2235,1400.5927734375
2236,1249.1047770182292
2237,1634.7699788411458
2238,2922.450927734375
2239,3463.8055013020835
2240,1306.0730794270833
2241,1677.6455078125
2242,1168.7220865885417
2243,2799.2432454427085
2244,984.7530110677084
2245,943.9458211263021
2246,1410.3832194010417
2247,1819.6109619140625
2248,1286.2177327473958
2249,975.5660400390625
2250,2196.1299641927085
2251,817.7596842447916
2252,1311.3113606770833
2253,1425.1817220052083
2254,1319.0211995442708
2255,1228.0313720703125
2256,2385.7395833333335
2257,2079.5729166666665
2258,1020.0790201822916
2259,1144.8846842447917
2260,1270.1249593098958
2261,843.2097574869791
2262,1253.563232421875
2263,1960.7146402994792
2264,976.4500935872396
2265,956.17236328125
2266,2328.2930501302085
2267,1461.5356852213542
2268,1727.6761881510417
2269,2558.1139322916665
2270,848.2890218098959
2271,1585.620849609375
2272,1097.7379557291667
2273,1189.8650716145833
2274,1165.23779296875
2275,1583.8805745442708
2276,1323.2582194010417
2277,1271.2801513671875
2278,1475.8921305338542
2279,725.4337768554688
2280,1752.8912353515625
2281,979.0315348307291
2282,2419.2660319010415
2283,1949.0273844401042
2284,2728.9676920572915
2285,973.0781656901041
2286,1509.5895589192708
2287,811.714111328125
2288,1377.4095458984375
2289,2150.5464680989585
2290,1676.0460205078125
2291,1251.0142008463542
2292,976.8162841796875
2293,1535.0350341796875
2294,867.5259399414062
2295,849.4854532877604
2296,1991.835693359375
2297,1265.03125
2298,1244.896240234375
2299,3343.550537109375
2300,1139.4786783854167
2301,892.2340698242188
2302,494.07655843098956
2303,1943.5589599609375
2304,2971.027587890625
2305,1295.542724609375
2306,1082.2008870442708
2307,1725.039794921875
2308,1372.5675862630208
2309,1451.4651285807292
2310,1962.9845784505208
2311,1169.47900390625
2312,1371.9097493489583
2313,2260.8444010416665
2314,1148.1694742838542
2315,2575.94384765625
2316,2558.6318359375
2317,1036.4598388671875
2318,894.5613199869791
2319,1121.6168619791667
2320,2717.4085286458335
2321,2777.5900065104165
2322,1095.8393961588542
2323,1637.5242513020833
2324,1550.183349609375
2325,1230.5547281901042
2326,3818.3873697916665
2327,1297.3094075520833
2328,2274.82763671875
2329,852.183349609375
2330,1480.0133870442708
2331,2437.8251139322915
2332,852.2533365885416
2333,1162.6306559244792
2334,1875.7198486328125
2335,1602.0504964192708
2336,1642.0842692057292
2337,2874.5721842447915
2338,2273.2767740885415
2339,1523.3156331380208
2340,1145.5033772786458
2341,1741.7532145182292
2342,1138.9346110026042
2343,1039.027099609375
2344,1228.7539469401042
2345,1007.9717203776041
2346,1455.1215006510417
2347,2137.0970052083335
2348,1220.735595703125
2349,1028.8839925130208
2350,641.5629475911459
2351,1578.75439453125
2352,1106.6104736328125
2353,1635.27880859375
2354,1383.615478515625
2355,2119.8824055989585
2356,658.3601481119791
2357,1589.5271402994792
2358,1188.955078125
2359,1281.979248046875
2360,1673.3817952473958
2361,1574.60986328125
2362,1142.3169352213542
2363,1925.4808349609375
2364,3885.333740234375
2365,2753.778076171875
2366,1360.7937418619792
2367,1499.7242838541667
2368,1732.7123616536458
2369,2351.1211751302085
2370,997.0420735677084
2371,2523.0872395833335
2372,542.7347208658854
2373,2005.1804606119792
2374,1707.1533203125
2375,2093.9527180989585
2376,1869.1815999348958
2377,1692.7566324869792
2378,2143.84521484375
2379,1197.5754801432292
2380,1136.4092610677083
2381,3613.10009765625
2382,1718.5764567057292
2383,1300.4944254557292
2384,1527.93212890625
2385,1006.7550862630209
2386,1327.1700846354167
2387,920.166259765625
2388,1192.8805338541667
2389,961.2028401692709
2390,1298.8420003255208
2391,1280.9761555989583
2392,1121.1781412760417
2393,1110.7215983072917
2394,1876.1409098307292
2395,1979.0740966796875
2396,942.9961547851562
2397,2584.2215169270835
2398,2412.6414388020835
2399,1630.7504475911458
2400,1145.8005777994792
2401,1606.7427978515625
2402,1669.0418294270833
2403,1663.514892578125
2404,1312.9241129557292
2405,1114.0368245442708
2406,2984.9480794270835
2407,1870.6880289713542
2408,1955.796142578125
2409,1119.2562255859375
2410,1417.4640706380208
2411,867.3587646484375
2412,1317.7188720703125
2413,870.2922159830729
2414,1436.0816650390625
2415,3757.1211751302085
2416,1667.2748616536458
2417,999.9435221354166
2418,2091.3942057291665
2419,1373.9610188802083
2420,978.9257202148438
2421,684.7259928385416
2422,1428.6212158203125
2423,1614.9286295572917
2424,2864.8628743489585
2425,826.1542154947916
2426,601.556640625
2427,4241.126302083333
2428,733.5550740559896
2429,1021.5343221028646
2430,1317.345947265625
2431,2250.8734537760415
2432,1500.1798095703125
2433,1329.7671712239583
2434,879.3690795898438
2435,4211.775553385417
2436,968.3003946940104
2437,910.2961018880209
2438,1100.5623779296875
2439,1260.3393147786458
2440,1177.0994466145833
2441,1227.0084635416667
2442,1036.8775227864583
2443,665.8845418294271
2444,1350.9476318359375
2445,2247.292236328125
2446,1632.8119303385417
2447,3139.5603841145835
2448,1289.7322591145833
2449,1060.2950032552083
2450,1343.8793131510417
2451,1304.0187581380208
2452,3675.4029947916665
2453,901.1898600260416
2454,2034.7135416666667
2455,2647.3750813802085
2456,1031.9749348958333
2457,938.1521199544271
2458,781.1478678385416
2459,1559.4991861979167
2460,1572.3489583333333
2461,1550.4167887369792
2462,2103.1844075520835
2463,930.8942057291666
2464,1654.1615804036458
2465,686.9352620442709
2466,1453.8163655598958
2467,1443.9881591796875
2468,865.2901814778646
2469,816.4433797200521
2470,3009.9464518229165
2471,1548.8130696614583
2472,728.1155598958334
2473,1020.2287394205729
2474,1469.2743326822917
2475,782.2461344401041
2476,1616.9548746744792
2477,1993.5751139322917
2478,1026.8709309895833
2479,688.9312133789062
2480,2007.6416015625
2481,1348.3015543619792
2482,1250.1256103515625
2483,1650.800537109375
2484,1052.6162923177083
2485,1323.1282145182292
2486,1857.7953287760417
2487,1153.4375406901042
2488,1097.4051513671875
2489,794.868408203125
2490,2527.802001953125
2491,1199.9153645833333
2492,1070.1002604166667
2493,1122.8462727864583
2494,1620.828369140625
2495,999.5716756184896
2496,2211.1150716145835
2497,1340.887451171875
2498,3162.296630859375
2499,1744.7716878255208
2500,987.9591267903646
2501,2140.79931640625
2502,3222.0652669270835
2503,1410.7220052083333
2504,583.0255737304688
2505,1707.5059000651042
2506,1970.009033203125
2507,1898.5507405598958
2508,3376.405517578125
2509,1318.1958414713542
2510,2907.3922526041665
2511,2060.9534505208335
2512,1403.8144124348958
2513,1393.7422281901042
2514,1825.9256591796875
2515,1481.2872314453125
2516,1149.6382649739583
2517,6371.295084635417
2518,890.9835001627604
2519,2031.1514078776042
2520,786.7574462890625
2521,1428.677490234375
2522,864.91064453125
2523,1204.248046875
2524,1656.7459309895833
2525,822.5211995442709
2526,1288.170654296875
2527,684.1309000651041
2528,1041.6781819661458
2529,809.5538330078125
2530,1544.324951171875
2531,1962.4105631510417
2532,1474.79931640625
2533,1406.2889811197917
2534,1564.6428629557292
2535,2134.359619140625
2536,890.1207275390625
2537,1536.6880696614583
2538,738.5253295898438
2539,1300.9630940755208
2540,1231.8729248046875
2541,1179.9768880208333
2542,1611.5135498046875
2543,979.6522827148438
2544,913.3834431966146
2545,1097.0672607421875
2546,1479.6534830729167
2547,1206.14990234375
2548,1478.7068277994792
2549,3502.2692057291665
2550,839.8216145833334
2551,1276.3212890625
2552,1210.2426350911458
2553,1221.7366129557292
2554,1279.4473470052083
2555,860.0171305338541
2556,1154.0825602213542
2557,2075.1053873697915
2558,1718.5828450520833
2559,1616.4519856770833
2560,1434.1171468098958
2561,1522.1984049479167
2562,1228.549560546875
2563,1065.9158935546875
2564,1470.0230712890625
2565,1502.4871419270833
2566,1350.59033203125
2567,952.1717529296875
2568,2683.46435546875
2569,905.6811319986979
2570,1212.0383707682292
2571,986.5325113932291
2572,691.8102823893229
2573,649.6755167643229
2574,2299.6664225260415
2575,1243.7752685546875
2576,1278.6730550130208
2577,2216.5128580729165
2578,1249.7770182291667
2579,1060.8585611979167
2580,918.2661743164062
2581,1702.9798583984375
2582,1598.1599934895833
2583,2924.1905110677085
2584,1398.1503092447917
2585,1207.5728352864583
2586,1659.0284016927083
2587,2641.2731119791665
2588,1064.7704264322917
2589,733.5396118164062
2590,2680.1783854166665
2591,1146.8665771484375
2592,1039.1375325520833
2593,1079.5508626302083
2594,1324.4283040364583
2595,2399.7259114583335
2596,1114.2917887369792
2597,721.7479654947916
2598,1754.9829508463542
2599,1389.807861328125
2600,1069.3425699869792
2601,1009.33984375
2602,889.6265462239584
2603,1183.3768310546875
2604,1089.5970865885417
2605,1787.2315673828125
2606,1011.8484700520834
2607,948.2633260091146
2608,1302.4779459635417
2609,1208.5404866536458
2610,1644.4157307942708
2611,1907.0808512369792
2612,1522.373291015625
2613,1275.7637939453125
2614,1631.5893147786458
2615,1347.4679768880208
2616,1445.2990315755208
2617,1140.6330973307292
2618,727.3367716471354
2619,5055.09423828125
2620,2273.206787109375
2621,1113.9774983723958
2622,992.9981486002604
2623,1590.0350341796875
2624,2206.8583984375
2625,795.5107625325521
2626,1169.6412353515625
2627,1138.6038818359375
2628,1531.4328206380208
2629,1383.6549479166667
2630,1157.7920328776042
2631,2811.468505859375
2632,861.4142252604166
2633,1685.4681396484375
2634,1018.4465738932291
2635,858.3982137044271
2636,983.6104736328125
2637,1035.2671305338542
2638,910.0888875325521
2639,1070.6006673177083
2640,1568.5904541015625
2641,1255.0821126302083
2642,1119.9851481119792
2643,1442.4663899739583
2644,874.6275024414062
2645,1336.6902669270833
2646,1024.8019612630208
2647,820.8416137695312
2648,1408.600341796875
2649,1215.7093912760417
2650,894.0366007486979
2651,1796.3960774739583
2652,12694.365559895834
2653,1308.456298828125
2654,2412.0226236979165
2655,1867.7706298828125
2656,1590.9373372395833
2657,1397.35498046875
2658,1314.279541015625
2659,1643.7100830078125
2660,1943.1857096354167
2661,1506.0216471354167
2662,669.4538777669271
2663,1223.758056640625
2664,800.8951009114584
2665,1941.8020426432292
2666,1794.665771484375
2667,773.8897908528646
2668,1679.2565511067708
2669,1411.1624755859375
2670,1376.4051513671875
2671,833.9515380859375
2672,1304.3955485026042
2673,2982.0121256510415
2674,1693.3383382161458
2675,1714.6486002604167
2676,2719.3323567708335
2677,1189.7890218098958
2678,781.7858479817709
2679,1315.01708984375
2680,1039.3463134765625
2681,1983.8378092447917
2682,1055.0500895182292
2683,1960.3616943359375
2684,1228.5632731119792
2685,1656.6855061848958
2686,720.9355265299479
2687,907.4901936848959
2688,1187.2861735026042
2689,1551.8022054036458
2690,870.2734781901041
2691,1553.9899088541667
2692,1049.1697184244792
2693,1270.0748291015625
2694,1914.6504720052083
2695,1272.5971272786458
2696,1105.5780843098958
2697,657.8421834309896
2698,1666.4718424479167
2699,2206.424072265625
2700,966.8938395182291
2701,1721.7318522135417
2702,986.2314046223959
2703,2491.4745279947915
2704,2464.7342122395835
2705,599.7931925455729
2706,1313.8304036458333
2707,3231.2006022135415
2708,998.5597941080729
2709,1319.0593668619792
2710,1769.7913004557292
2711,940.3851928710938
2712,1304.1465250651042
2713,1104.0659993489583
2714,2741.4354654947915
2715,1102.997314453125
2716,1320.3571370442708
2717,811.7603963216146
2718,938.0990397135416
2719,1499.2697347005208
2720,2349.817626953125
2721,913.6687215169271
2722,1230.2379964192708
2723,1037.9972737630208
2724,1025.8668212890625
2725,1064.5501708984375
2726,2302.550537109375
2727,1418.2124837239583
2728,1338.34228515625
2729,1449.7159830729167
2730,916.4443766276041
2731,1608.2488199869792
2732,1744.510498046875
2733,852.9590861002604
2734,795.4036051432291
2735,1141.3919270833333
2736,1314.1956380208333
2737,954.2772827148438
2738,2339.546142578125
2739,635.6037801106771
2740,2128.138671875
2741,693.6044514973959
2742,610.6488647460938
2743,1505.1402994791667
2744,1175.5122884114583
2745,828.0232950846354
2746,1252.0511067708333
2747,1599.2060546875
2748,2553.0608723958335
2749,2253.1986490885415
2750,1450.2722574869792
2751,1038.2330729166667
2752,1941.169189453125
2753,749.0184936523438
2754,674.2937215169271
2755,1341.203125
2756,1053.4418131510417
2757,802.5005086263021
2758,1399.2201741536458
2759,1682.0797526041667
2760,955.4489135742188
2761,699.4669596354166
2762,1211.530517578125
2763,1585.4818929036458
2764,3328.9764811197915
2765,2476.067626953125
2766,1619.6075439453125
2767,996.7821451822916
2768,1871.0466715494792
2769,2148.02685546875
2770,1449.5945231119792
2771,741.46044921875
2772,2552.58447265625
2773,1105.4515787760417
2774,1920.0455729166667
2775,1562.9264322916667
2776,2655.0355631510415
2777,1463.4171549479167
2778,4020.5066731770835
2779,893.3916422526041
2780,1164.3570556640625
2781,1551.2529296875
2782,1286.0655517578125
2783,1239.8238932291667
2784,2276.9970703125
2785,1142.0682373046875
2786,1253.1776529947917
2787,1136.65234375
2788,1781.7080891927083
2789,2207.3916015625
2790,724.5602823893229
2791,1552.3263346354167
2792,1313.6271565755208
2793,1015.5973103841146
2794,1698.5757649739583
2795,765.555908203125
2796,988.8131917317709
2797,2473.0164388020835
2798,1233.7565104166667
2799,1201.888671875
2800,1627.9593505859375
2801,1439.3427327473958
2802,1970.1909586588542
2803,1099.6443684895833
2804,872.0973307291666
2805,1258.0863444010417
2806,1127.27099609375
2807,690.3418375651041
2808,701.6962076822916
2809,822.7984008789062
2810,1958.46044921875
2811,1239.3622233072917
2812,703.4031778971354
2813,1108.3138427734375
2814,1832.1981608072917
2815,1175.1785888671875
2816,1413.6746012369792
2817,1163.8456624348958
2818,1631.15625
2819,989.2974853515625
2820,1059.3753255208333
2821,695.1223347981771
2822,728.9529012044271
2823,1062.7700602213542
2824,574.1231689453125
2825,1194.7955729166667
2826,1213.8890787760417
2827,1769.8542073567708
2828,1061.5564371744792
2829,1313.5398763020833
2830,1582.1016031901042
2831,2071.4329427083335
2832,804.2809244791666
2833,1358.4486083984375
2834,1609.2716064453125
2835,901.6046752929688
2836,1234.1897379557292
2837,931.7342529296875
2838,2039.3184407552083
2839,1572.6156005859375
2840,2455.0302734375
2841,2334.5213216145835
2842,1180.9642740885417
2843,1813.0963541666667
2844,1527.7954915364583
2845,792.6301879882812
2846,856.0349731445312
2847,1718.94970703125
2848,1429.5685628255208
2849,1512.7045491536458
2850,1439.7744954427083
2851,1796.3153483072917
2852,1467.4885660807292
2853,1826.5284016927083
2854,1230.7794596354167
2855,2767.4014485677085
2856,1887.8807779947917
2857,910.6653442382812
2858,1210.5722249348958
2859,2252.098876953125
2860,1366.6963704427083
2861,1396.367431640625
2862,1131.9275716145833
2863,1356.877685546875
2864,690.7060139973959
2865,566.9582112630209
2866,1610.9599609375
2867,1718.7607421875
2868,1573.4739583333333
2869,2809.675537109375
2870,12296.334635416666
2871,828.5808308919271
2872,5625.368977864583
2873,779.66943359375
2874,2107.5865885416665
2875,986.9953206380209
2876,1034.8935953776042
2877,1275.2609049479167
2878,1504.2171223958333
2879,2765.8893229166665
2880,4572.346354166667
2881,1001.6178385416666
2882,1746.5611979166667
2883,1290.6904296875
2884,804.9571940104166
2885,1718.7574869791667
2886,1087.3255615234375
2887,589.0748087565104
2888,1745.3599039713542
2889,1322.3894856770833
2890,800.81396484375
2891,1249.5385335286458
2892,1719.0928955078125
2893,1387.264404296875
2894,851.5405680338541
2895,1555.176513671875
2896,1689.175048828125
2897,840.8793131510416
2898,3341.5010579427085
2899,826.9302978515625
2900,1760.8042805989583
2901,1464.8831380208333
2902,1213.0066324869792
2903,1135.1287434895833
2904,1903.4791666666667
2905,1207.1842041015625
2906,1115.3425699869792
2907,3710.7340494791665
2908,2133.77685546875
2909,1286.953125
2910,1737.5939534505208
2911,760.354248046875
2912,1466.8154296875
2913,1881.6428629557292
2914,2567.5077311197915
2915,1893.06005859375
2916,2641.4410807291665
2917,1396.0683186848958
2918,890.4568684895834
2919,1378.1783447265625
2920,663.6529134114584
2921,2211.082763671875
2922,1076.7493082682292
2923,1511.0699869791667
2924,1642.2703450520833
2925,2477.52783203125
2926,919.8516438802084
2927,1047.535400390625
2928,1195.9718831380208
2929,1995.4493815104167
2930,1951.7520345052083
2931,1035.7080485026042
2932,667.0378214518229
2933,2630.4576009114585
2934,1211.7487386067708
2935,745.6961669921875
2936,940.6234944661459
2937,1497.62646484375
2938,2660.5511881510415
2939,2618.98046875
2940,797.8145955403646
2941,1033.3024088541667
2942,1230.4403889973958
2943,876.8969930013021
2944,1442.30517578125
2945,1191.3445638020833
2946,1153.5345052083333
2947,813.8122151692709
2948,1052.586181640625
2949,2122.799072265625
2950,1324.4471028645833
2951,1517.6661376953125
2952,934.9211222330729
2953,1826.5165608723958
2954,976.4990437825521
2955,1676.2019449869792
2956,1099.20849609375
2957,815.4431966145834
2958,1180.6306966145833
2959,1824.8231201171875
2960,1075.8604736328125
2961,4380.464192708333
2962,1945.236328125
2963,1775.3387858072917
2964,2341.7074381510415
2965,2782.1652018229165
2966,1844.6948649088542
2967,759.8426513671875
2968,1323.3580322265625
2969,2238.5087076822915
2970,1814.8415120442708
2971,1131.5376790364583
2972,1239.9345703125
2973,945.7306111653646
2974,1847.0697021484375
2975,1015.6092732747396
2976,969.0396525065104
2977,1552.678955078125
2978,1111.25537109375
2979,720.8264567057291
2980,1662.2227376302083
2981,713.28173828125
2982,870.7483520507812
2983,2198.324462890625
2984,2428.9026692708335
2985,1807.5316975911458
2986,1936.7785237630208
2987,1805.7176920572917
2988,1101.8260498046875
2989,1151.5343017578125
2990,620.0140177408854
2991,1548.3458251953125
2992,1377.1910807291667
2993,1522.7816975911458
2994,1905.3730061848958
2995,1156.1419270833333
2996,2893.342529296875
2997,2153.1583658854165
2998,1407.0938720703125
2999,975.4300333658854
3000,831.6448974609375
3001,1658.1276448567708
3002,2173.9016927083335
3003,1001.5088297526041
3004,801.6807047526041
3005,1491.0235595703125
3006,1248.5027262369792
3007,752.2001953125
3008,911.3425496419271
3009,1016.2597045898438
3010,1601.3612467447917
3011,1897.3526204427083
3012,1017.8317464192709
3013,1623.0065104166667
3014,1322.0133463541667
3015,1059.4127197265625
3016,1003.8506469726562
3017,1143.719482421875
3018,1444.8263753255208
3019,971.288818359375
3020,1197.5638834635417
3021,1676.2296956380208
3022,1345.4951171875
3023,2945.1402994791665
3024,12474.818684895834
3025,1100.5947265625
3026,976.5528157552084
3027,1155.6515706380208
3028,928.3576049804688
3029,2010.3284098307292
3030,1250.4833170572917
3031,1970.7859293619792
3032,1346.1963297526042
3033,1268.8789469401042
3034,1718.6649576822917
3035,886.4563191731771
3036,1616.3137613932292
3037,2741.9130859375
3038,1408.7406412760417
3039,1715.5611979166667
3040,1298.4167887369792
3041,1410.0494791666667
3042,819.5456949869791
3043,785.6808064778646
3044,2394.0598958333335
3045,797.6481526692709
3046,1952.3997802734375
3047,1134.7384440104167
3048,2195.5795084635415
3049,911.0276896158854
3050,2244.4204915364585
3051,2966.7037760416665
3052,1132.7824300130208
3053,904.5536499023438
3054,1657.02880859375
3055,1715.4978841145833
3056,1191.8740641276042
3057,1016.5358276367188
3058,935.6259155273438
3059,1568.4276529947917
3060,731.6357625325521
3061,1396.0004069010417
3062,1186.384521484375
3063,1057.2434895833333
3064,1645.9899088541667
3065,1428.2073567708333
3066,1570.1933186848958
3067,937.6436971028646
3068,598.0335286458334
3069,1406.850830078125
3070,1446.9101969401042
3071,1010.3265584309896
3072,722.5359497070312
3073,2409.4369303385415
3074,1667.1264241536458
3075,814.4663696289062
3076,1886.7322998046875
3077,933.9141642252604
3078,1019.7082112630209
3079,1501.2445882161458
3080,2362.4820149739585
3081,1378.7336832682292
3082,2264.6498209635415
3083,1155.5353597005208
3084,1536.6350504557292
3085,1672.6295979817708
3086,1263.7943115234375
3087,1596.02099609375
3088,1647.1684977213542
3089,1439.4910481770833
3090,1261.2823079427083
3091,1921.1673177083333
3092,2244.8070475260415
3093,1516.6734212239583
3094,2217.3482259114585
3095,1632.5925699869792
3096,1051.9722900390625
3097,871.544189453125
3098,1405.8265787760417
3099,1661.41455078125
3100,1025.9612630208333
3101,724.3598225911459
3102,1399.038330078125
3103,2011.84912109375
3104,1674.7936197916667
3105,1896.5614013671875
3106,1374.740478515625
3107,932.6389770507812
3108,1310.0327555338542
3109,927.2639567057291
3110,1608.9335530598958
3111,1555.3592936197917
3112,1408.4259440104167
3113,1726.14111328125
3114,1420.1231282552083
3115,1120.0614420572917
3116,1057.5719401041667
3117,1503.6538899739583
3118,1171.593994140625
3119,866.1032307942709
3120,1945.6788736979167
3121,1241.3053792317708
3122,1566.8131103515625
3123,1429.5790608723958
3124,1217.3458658854167
3125,835.266357421875
3126,1275.0900472005208
3127,945.3740437825521
3128,587.9774780273438
3129,1417.8869222005208
3130,1492.0497639973958
3131,1440.3726399739583
3132,1652.8563639322917
3133,940.5525716145834
3134,798.4530029296875
3135,1691.9994303385417
3136,1427.3955485026042
3137,640.0129801432291
3138,1076.118408203125
3139,712.6972452799479
3140,2643.365478515625
3141,1735.7706298828125
3142,1021.1600545247396
3143,1318.4975992838542
3144,1004.7186482747396
3145,1995.59326171875
3146,1431.6698811848958
3147,1322.46435546875
3148,1470.0787760416667
3149,1617.1067301432292
3150,3320.7417805989585
3151,1147.1671956380208
3152,1150.3716227213542
3153,2133.581787109375
3154,1377.4217529296875
3155,790.5159505208334
3156,1107.8204752604167
3157,1118.3158365885417
3158,974.7196451822916
3159,1177.2611083984375
3160,1140.4718017578125
3161,1451.156982421875
3162,860.3651936848959
3163,1114.7166341145833
3164,597.505615234375
3165,1382.6722412109375
3166,1366.4220784505208
3167,807.9762980143229
3168,1359.1923421223958
3169,2010.2853597005208
3170,1460.0767415364583
3171,1689.8532307942708
3172,1494.8311767578125
3173,1389.1082763671875
3174,1257.1824951171875
3175,1792.2853597005208
3176,951.2862955729166
3177,1181.5229899088542
3178,943.0797322591146
3179,1595.2722981770833
3180,1717.5606689453125
3181,731.1806437174479
3182,4331.390462239583
3183,1149.9592692057292
3184,1542.9462076822917
3185,1506.1283365885417
3186,1174.3148600260417
3187,1911.7367757161458
3188,1390.5839029947917
3189,1735.5384521484375
3190,2588.06201171875
3191,909.5739339192709
3192,716.1054077148438
3193,1749.2202962239583
3194,883.9898478190104
3195,1823.4594319661458
3196,1159.0060221354167
3197,1326.9337972005208
3198,1511.7108968098958
3199,1063.10693359375
3200,3593.8916829427085
3201,820.03662109375
3202,1651.2106526692708
3203,809.9293823242188
3204,1383.9879557291667
3205,990.2234497070312
3206,946.9441324869791
3207,1018.9754638671875
3208,1657.423583984375
3209,964.9815673828125
3210,1158.2766520182292
3211,954.7608235677084
3212,935.3140869140625
3213,795.848876953125
3214,2532.1842447916665
3215,1797.0506998697917
3216,1548.721923828125
3217,919.8123168945312
3218,1556.2711588541667
3219,1265.3555094401042
3220,1030.4544270833333
3221,1910.8877766927083
3222,2257.4717610677085
3223,1234.9695231119792
3224,1446.912109375
3225,1683.6369222005208
3226,3700.9739583333335
3227,1038.572998046875
3228,859.5568644205729
3229,1128.6643473307292
3230,1275.1161295572917
3231,1237.0035400390625
3232,1436.2610677083333
3233,2121.656494140625
3234,2623.0784505208335
3235,1784.5418701171875
3236,1111.9460042317708
3237,755.9999389648438
3238,1274.7919514973958
3239,1955.2725016276042
3240,1250.0046793619792
3241,853.7239176432291
3242,869.7266031901041
3243,1075.8822021484375
3244,1051.9322509765625
3245,989.4143269856771
3246,867.6306762695312
3247,1424.7884521484375
3248,1153.5431722005208
3249,1539.0076497395833
3250,1144.4288736979167
3251,1737.0453694661458
3252,865.1379801432291
3253,1156.0574951171875
3254,1228.3739827473958
3255,832.2741495768229
3256,702.7900187174479
3257,1195.2666829427083
3258,1352.9229736328125
3259,1187.1725667317708
3260,1541.5957845052083
3261,1136.0701497395833
3262,2227.1746419270835
3263,541.876220703125
3264,752.8215738932291
3265,1017.8847249348959
3266,812.6666666666666
3267,2098.374267578125
3268,1315.8201904296875
3269,2490.6953938802085
3270,988.1266276041666
3271,3076.5543619791665
3272,1805.2215576171875
3273,872.485595703125
3274,757.0154012044271
3275,1556.6776936848958
3276,661.48486328125
3277,1098.2635091145833
3278,1900.562744140625
3279,751.6821492513021
3280,1132.8798421223958
3281,1037.0672607421875
3282,2354.3841959635415
3283,1223.73828125
3284,879.7107340494791
3285,1632.0733235677083
3286,566.9333089192709
3287,1296.4242350260417
3288,2076.1612955729165
3289,2157.5492350260415
3290,941.2329305013021
3291,2550.616943359375
3292,1294.4640706380208
3293,1215.2471516927083
3294,732.7506306966146
3295,737.9580281575521
3296,1742.9632161458333
3297,797.1685587565104
3298,1712.9639892578125
3299,1739.4495442708333
3300,805.269775390625
3301,1144.3680419921875
3302,1339.0583902994792
3303,1158.2038981119792
3304,1492.4983317057292
3305,1702.233642578125
3306,1614.9291178385417
3307,2923.6975911458335
3308,806.5708618164062
3309,1549.9058837890625
3310,1792.9787190755208
3311,1230.605224609375
3312,1092.6894938151042
3313,699.7049763997396
3314,1241.36962890625
3315,1662.4270426432292
3316,871.1661376953125
3317,1388.25
3318,1121.4774576822917
3319,887.1904703776041
3320,694.7558797200521
3321,1712.11474609375
3322,2375.4803059895835
3323,868.4548746744791
3324,1033.5499267578125
3325,1234.78271484375
3326,1103.8567301432292
3327,1749.5724283854167
3328,933.4160359700521
3329,1272.8463134765625
3330,1648.4180501302083
3331,726.9667154947916
3332,1012.0496826171875
3333,2104.0995279947915
3334,1524.148193359375
3335,964.4314575195312
3336,818.2275797526041
3337,2324.8075358072915
3338,1219.3176676432292
3339,1483.0247395833333
3340,1159.1670735677083
3341,1791.7528483072917
3342,1229.4485677083333
3343,1031.5307210286458
3344,947.5901082356771
3345,727.2339070638021
3346,894.4795939127604
3347,1185.2494710286458
3348,1763.010498046875
3349,1168.4385986328125
3350,2866.2233072916665
3351,1567.8096923828125
3352,1984.0110677083333
3353,854.0862426757812
3354,1806.9429117838542
3355,2547.2176106770835
3356,955.3710327148438
3357,914.4215291341146
3358,1028.7051188151042
3359,748.2386881510416
3360,1273.4711100260417
3361,1632.779541015625
3362,1352.1178792317708
3363,1254.38525390625
3364,1203.9375
3365,1939.5182291666667
3366,483.49383544921875
3367,1668.6056722005208
3368,1490.496826171875
3369,1653.3574625651042
3370,967.1857299804688
3371,825.7342732747396
3372,1350.8228759765625
3373,992.0808715820312
3374,822.9783325195312
3375,3519.108154296875
3376,1341.4657389322917
3377,2482.0629069010415
3378,936.3265787760416
3379,1838.4805501302083
3380,1340.4434407552083
3381,866.9386393229166
3382,1831.1837565104167
3383,1049.1422932942708
3384,586.3902791341146
3385,1207.9845784505208
3386,1648.4990234375
3387,1142.5190836588542
3388,2044.9897867838542
3389,853.4108276367188
3390,1397.3414713541667
3391,1402.9854736328125
3392,1990.8989664713542
3393,841.7419840494791
3394,1015.8087565104166
3395,1224.4673258463542
3396,2203.11181640625
3397,980.3891194661459
3398,687.1648966471354
3399,1242.6908772786458
3400,1504.3418782552083
3401,751.1302897135416
3402,784.0098470052084
3403,1089.299072265625
3404,1413.2997639973958
3405,1059.7283528645833
3406,1793.5608723958333
3407,1540.2845865885417
3408,999.8250122070312
3409,800.2507731119791
3410,559.7604777018229
3411,622.6454671223959
3412,959.8530069986979
3413,942.3080444335938
3414,1468.0624593098958
3415,1066.30419921875
3416,1123.3175862630208
3417,1275.2515462239583
3418,1458.2401123046875
3419,958.8121134440104
3420,881.9264933268229
3421,2827.9076334635415
3422,1443.8703206380208
3423,2231.2609049479165
3424,1676.5210367838542
3425,1174.4648030598958
3426,848.7404581705729
3427,1275.2523600260417
3428,1486.2248942057292
3429,1847.406982421875
3430,1656.9651692708333
3431,1405.615478515625
3432,1655.6986897786458
3433,2027.0125732421875
3434,1602.353759765625
3435,952.7641398111979
3436,1148.3228759765625
3437,900.7097778320312
3438,2917.9466145833335
3439,772.9566040039062
3440,1249.1686604817708
3441,1406.8365885416667
3442,3051.6896158854165
3443,2079.214111328125
3444,1513.5208740234375
3445,2111.7415364583335
3446,1545.0513509114583
3447,1354.5793863932292
3448,1099.6402180989583
3449,2215.871337890625
3450,1020.7591552734375
3451,687.6991984049479
3452,1411.0081380208333
3453,1145.2027180989583
3454,1159.0970458984375
3455,1057.7328287760417
3456,2239.604736328125
3457,2431.067138671875
3458,1969.9019775390625
3459,917.6908976236979
3460,826.7189331054688
3461,1218.8028971354167
3462,1347.5812174479167
3463,948.8526611328125
3464,647.4407755533854
3465,1005.0747884114584
3466,1564.8805745442708
3467,1398.5199381510417
3468,1090.7687174479167
3469,830.8133544921875
3470,1092.0249837239583
3471,2157.41943359375
3472,1665.754638671875
3473,931.3500773111979
3474,1921.7783610026042
3475,5121.697591145833
3476,839.4646809895834
3477,1906.9867757161458
3478,1168.2352294921875
3479,1157.2381998697917
3480,2135.3793131510415
3481,3786.4069010416665
3482,3219.1464029947915
3483,937.5578206380209
3484,2321.9087727864585
3485,2003.3284505208333
3486,2007.2712809244792
3487,994.6980183919271
3488,1715.0441487630208
3489,1336.8186848958333
3490,1686.5594482421875
3491,891.8634440104166
3492,608.8841145833334
3493,840.9462890625
3494,6615.841959635417
3495,1779.586181640625
3496,1200.9512939453125
3497,1260.344970703125
3498,1783.1244303385417
3499,1333.5635986328125
3500,866.6695556640625
3501,2130.5048014322915
3502,1206.54345703125
3503,650.0012817382812
3504,1156.7289225260417
3505,2151.4664713541665
3506,1824.5076904296875
3507,2111.56103515625
3508,1165.3036295572917
3509,1338.7301839192708
3510,890.4032185872396
3511,595.6262817382812
3512,615.0376586914062
3513,3136.36669921875
3514,2094.7373860677085
3515,1735.8411865234375
3516,2241.274658203125
3517,1144.9701334635417
3518,1245.6269124348958
3519,1543.1733805338542
3520,3582.6097819010415
3521,980.0388997395834
3522,2610.1241861979165
3523,1378.7381998697917
3524,1648.706787109375
3525,1803.828125
3526,1433.2801513671875
3527,1210.6312662760417
3528,1318.5480143229167
3529,1748.3097737630208
3530,1325.5816243489583
3531,1169.6833902994792
3532,575.5686238606771
3533,2395.8646647135415
3534,940.3527628580729
3535,892.4712320963541
3536,908.9145914713541
3537,1460.2334391276042
3538,1808.36474609375
3539,1443.5878499348958
3540,944.8305867513021
3541,1921.5272623697917
3542,986.0718790690104
3543,2620.907470703125
3544,1098.5194905598958
3545,1342.9363199869792
3546,771.6331583658854
3547,2060.719970703125
3548,939.0556233723959
3549,1101.7491861979167
3550,1221.5880940755208
3551,1467.9353841145833
3552,1145.3155924479167
3553,1154.5751953125
3554,2210.06982421875
3555,1009.4726969401041
3556,1440.7095947265625
3557,2251.95751953125
3558,696.2453002929688
3559,1427.36669921875
3560,542.0211588541666
3561,1062.2437744140625
3562,1038.1038004557292
3563,1108.7544759114583
3564,1257.4621988932292
3565,1470.3964436848958
3566,804.4712727864584
3567,2540.833251953125
3568,640.1840616861979
3569,722.3389892578125
3570,1167.51171875
3571,897.5267333984375
3572,1018.1814575195312
3573,709.6803385416666
3574,1258.1518961588542
3575,1134.4175211588542
3576,1038.1891682942708
3577,1097.4646809895833
3578,732.5983683268229
3579,1088.7427571614583
3580,932.1084391276041
3581,1172.5169270833333
3582,1540.5948079427083
3583,1757.4690348307292
3584,984.3172810872396
3585,1127.7334391276042
3586,1730.9982096354167
3587,1347.4798583984375
3588,1167.3885904947917
3589,2141.2461751302085
3590,1164.416015625
3591,1674.8294677734375
3592,886.2243448893229
3593,1346.1891682942708
3594,1174.6328125
3595,1349.2457275390625
3596,1879.3564046223958
3597,1098.8979899088542
3598,1261.935302734375
3599,1248.6869710286458
3600,1472.8358154296875
3601,1370.8385009765625
3602,1810.8204345703125
3603,1864.7259928385417
3604,1327.5929361979167
3605,562.4739990234375
3606,869.7365112304688
3607,1522.6369222005208
3608,1579.7891031901042
3609,1107.2236735026042
3610,862.2123616536459
3611,1065.5662434895833
3612,983.6668904622396
3613,12587.412434895834
3614,1123.9190266927083
3615,930.8500366210938
3616,1114.6980387369792
3617,1150.8262939453125
3618,1106.6659749348958
3619,1783.2762858072917
3620,1128.5163167317708
3621,1191.2176106770833
3622,1263.4726969401042
3623,1391.1610107421875
3624,1664.9621175130208
3625,1177.3638102213542
3626,1225.6977132161458
3627,813.4602254231771
3628,791.8504028320312
3629,910.5940958658854
3630,1393.01220703125
3631,1406.0989990234375
3632,1764.0534261067708
3633,725.3224080403646
3634,1887.8624674479167
3635,1779.2377522786458
3636,2760.755126953125
3637,1267.5515543619792
3638,1683.3620198567708
3639,1305.767333984375
3640,1890.0806477864583
3641,865.4009399414062
3642,1224.3784993489583
3643,1058.2127278645833
3644,1726.3765869140625
3645,2172.70263671875
3646,1504.4412027994792
3647,1501.3195393880208
3648,2013.818603515625
3649,2188.4961751302085
3650,1160.9463704427083
3651,1336.4315592447917
3652,1924.3609212239583
3653,944.0800170898438
3654,1444.5788167317708
3655,3604.649169921875
3656,1005.3761800130209
3657,801.3097941080729
3658,1321.3365885416667
3659,1754.8687337239583
3660,1265.4370524088542
3661,1614.451171875
3662,1059.822265625
3663,770.8804728190104
3664,1968.4557698567708
3665,1493.9962565104167
3666,769.9959309895834
3667,1010.9194742838541
3668,971.7750854492188
3669,717.2744750976562
3670,1082.0210774739583
3671,761.8902791341146
3672,775.7437744140625
3673,1820.1479085286458
3674,3105.4918619791665
3675,1960.4951985677083
3676,1334.4392903645833
3677,1898.1269124348958
3678,886.0661010742188
3679,1976.4161783854167
3680,1534.0705973307292
3681,712.177734375
3682,1260.9631754557292
3683,878.7355143229166
3684,1531.7554931640625
3685,1297.8410237630208
3686,589.6555582682291
3687,2031.7108968098958
3688,1117.6327718098958
3689,814.8038533528646
3690,805.5380452473959
3691,511.9837137858073
3692,1501.8293863932292
3693,1205.78173828125
3694,2168.7850748697915
3695,1178.0320231119792
3696,610.3476155598959
3697,1268.4263916015625
3698,2654.0862630208335
3699,910.5487060546875
3700,2030.5140380859375
3701,1201.290283203125
3702,1953.4092610677083
3703,1306.458984375
3704,1000.3469441731771
3705,994.1407063802084
3706,839.2804768880209
3707,1165.628173828125
3708,1248.7437337239583
3709,2585.685791015625
3710,1749.4171549479167
3711,1736.552001953125
3712,4061.3213704427085
3713,1855.6012776692708
3714,1185.598876953125
3715,739.4632364908854
3716,702.4771525065104
3717,1443.6010335286458
3718,800.3045857747396
3719,1847.244873046875
3720,1756.6314290364583
3721,3222.1875813802085
3722,1013.2918294270834
3723,1374.3721110026042
3724,1504.9475911458333
3725,1022.4655354817709
3726,798.5391031901041
3727,2228.2625325520835
3728,1098.6565755208333
3729,2033.5155436197917
3730,1474.0485026041667
3731,2367.756103515625
3732,1072.5327555338542
3733,1572.4327799479167
3734,1709.2359619140625
3735,1291.8409423828125
3736,834.1385701497396
3737,1026.9499104817708
3738,1193.2305908203125
3739,1599.561279296875
3740,944.3511962890625
3741,916.7895711263021
3742,672.0824584960938
3743,1905.0799153645833
3744,819.7593180338541
3745,2415.3910319010415
3746,528.6664428710938
3747,1809.4127604166667
3748,1024.9532877604167
3749,994.3724365234375
3750,1362.3662516276042
3751,1071.5596516927083
3752,926.4578043619791
3753,1485.9464111328125
3754,2013.50341796875
3755,2013.5422770182292
3756,1440.5675862630208
3757,1745.884521484375
3758,937.1893310546875
3759,633.0775960286459
3760,1070.546875
3761,1216.3410237630208
3762,1349.1754150390625
3763,665.4346720377604
3764,2191.7919921875
3765,1412.7787679036458
3766,973.29931640625
3767,781.2927042643229
3768,1555.2643636067708
3769,1755.9259847005208
3770,1629.927978515625
3771,907.0623372395834
3772,1462.9805908203125
3773,1388.2186686197917
3774,1195.9596761067708
3775,1803.9628092447917
3776,1622.127197265625
3777,1093.5055745442708
3778,1163.4963785807292
3779,1321.6333414713542
3780,1342.501708984375
3781,1163.5343831380208
3782,1419.6848551432292
3783,801.7611287434896
3784,963.5155232747396
3785,1590.1983235677083
3786,1440.1070963541667
3787,959.9800618489584
3788,1174.615478515625
3789,1221.5159912109375
3790,1375.3090413411458
3791,1685.9483235677083
3792,1120.6237386067708
3793,1826.86767578125
3794,878.7671101888021
3795,889.2404378255209
3796,1096.9745279947917
3797,2762.7556966145835
3798,637.4058024088541
3799,1188.1529947916667
3800,2521.2744140625
3801,1505.2823079427083
3802,797.0384318033854
3803,628.6105753580729
3804,1162.9050699869792
3805,1741.315673828125
3806,1436.9510904947917
3807,1472.4241129557292
3808,2138.8260904947915
3809,1137.4762369791667
3810,952.1669718424479
3811,1537.2988688151042
3812,977.041259765625
3813,1899.4903157552083
3814,1156.3995361328125
3815,606.9111531575521
3816,1490.8686116536458
3817,1417.8599853515625
3818,1779.8757731119792
3819,2120.7930501302085
3820,1838.3395182291667
3821,1575.6927490234375
3822,1135.62158203125
3823,822.6696573893229
3824,1285.0982666015625
3825,2409.8382161458335
3826,1125.6252848307292
3827,994.4976806640625
3828,1489.3424072265625
3829,776.8116658528646
3830,2557.4779459635415
3831,3508.1062825520835
3832,1569.3687337239583
3833,1057.0018310546875
3834,1245.978759765625
3835,908.8628540039062
3836,742.9834187825521
3837,1101.8715413411458
3838,1363.3374837239583
3839,1829.54296875
3840,2811.488525390625
3841,1416.5869140625
3842,1950.2255452473958
3843,1051.581787109375
3844,976.1295369466146
3845,1233.6620279947917
3846,1530.6748860677083
3847,2399.335205078125
3848,1054.7063802083333
3849,1117.1903889973958
3850,564.5988566080729
3851,1919.4271240234375
3852,1585.6350504557292
3853,1366.24072265625
3854,979.9374389648438
3855,1009.6960245768229
3856,922.2978922526041
3857,1788.828857421875
3858,2104.1646321614585
3859,1214.115234375
3860,678.0718180338541
3861,1677.7039794921875
3862,672.5821533203125
3863,909.8577067057291
3864,913.005859375
3865,1763.4893798828125
3866,1221.19580078125
3867,1188.9585367838542
3868,2618.437255859375
3869,1401.8777669270833
3870,2890.7980143229165
3871,1121.065185546875
3872,2294.7330729166665
3873,1788.0709635416667
3874,4742.13134765625
3875,566.5236002604166
3876,1274.1590169270833
3877,764.2591145833334
3878,2089.7027180989585
3879,2167.2010091145835
3880,1506.1534423828125
3881,722.2070922851562
3882,1403.714599609375
3883,1473.2412516276042
3884,1780.8728841145833
3885,569.7745768229166
3886,1320.71630859375
3887,1097.3210856119792
3888,1037.3660074869792
3889,684.9340413411459
3890,1616.6730550130208
3891,1568.79931640625
3892,1265.0151774088542
3893,1834.03515625
3894,1652.6920979817708
3895,646.1581827799479
3896,1390.3653971354167
3897,640.5692749023438
3898,1121.0782063802083
3899,865.2483927408854
3900,992.3418172200521
3901,848.4442545572916
3902,1529.7501627604167
3903,1292.4144694010417
3904,1987.7865804036458
3905,1171.3953043619792
3906,1129.1822102864583
3907,978.2133178710938
3908,1303.1512044270833
3909,649.5037434895834
3910,1032.8878173828125
3911,1225.2361653645833
3912,953.8639526367188
3913,1416.2439778645833
3914,2892.376953125
3915,1736.0282389322917
3916,800.8989664713541
3917,1062.9148356119792
3918,1218.4485270182292
3919,946.1648966471354
3920,1021.0658162434896
3921,1513.9594319661458
3922,1365.0264078776042
3923,1282.9894205729167
3924,3106.839111328125
3925,2321.0662434895835
3926,1590.5531412760417
3927,2322.6138509114585
3928,1205.20947265625
3929,785.1219075520834
3930,995.4589640299479
3931,1309.6314697265625
3932,1442.281005859375
3933,3906.8369954427085
3934,1467.58642578125
3935,887.3509928385416
3936,1054.7935791015625
3937,721.6953328450521
3938,885.3488159179688
3939,1756.4155680338542
3940,698.6606648763021
3941,1000.0286254882812
3942,704.3746744791666
3943,1468.3741861979167
3944,1404.837158203125
3945,2531.5891927083335
3946,1480.0104573567708
3947,630.4049072265625
3948,1217.8612467447917
3949,845.2774861653646
3950,687.5540771484375
3951,746.6501057942709
3952,1331.2955729166667
3953,1860.6360677083333
3954,895.8545125325521
3955,852.8476155598959
3956,1770.1337483723958
3957,1653.5511067708333
3958,3148.3851725260415
3959,574.7518717447916
3960,2410.50439453125
3961,891.6810302734375
3962,957.5225016276041
3963,1938.7482503255208
3964,1086.86865234375
3965,1383.4402262369792
3966,993.3216145833334
3967,1269.3647867838542
3968,1136.6962483723958
3969,813.0502319335938
3970,1314.9256591796875
3971,4056.51513671875
3972,679.3412272135416
3973,698.8102213541666
3974,984.3504231770834
3975,2035.1188557942708
3976,1308.2772216796875
3977,672.0015055338541
3978,1782.0829671223958
3979,988.540283203125
3980,1063.2201334635417
3981,791.6803588867188
3982,1438.9910074869792
3983,1912.0797119140625
3984,647.4586181640625
3985,2454.3631184895835
3986,1045.4855550130208
3987,1128.3912353515625
3988,1312.1082763671875
3989,1934.4399007161458
3990,1359.1697998046875
3991,1089.6025390625
3992,715.2046712239584
3993,989.4954427083334
3994,1049.3675130208333
3995,541.8035685221354
3996,1133.114501953125
3997,1716.6072184244792
3998,1398.0847574869792
3999,998.2445271809896
4000,1371.1385904947917
4001,908.8465576171875
4002,1826.0246175130208
4003,1110.79345703125
4004,981.1537882486979
4005,2824.7138671875
4006,1384.7025960286458
4007,1043.1983235677083
4008,746.9280598958334
4009,1194.7295735677083
4010,1326.8373616536458
4011,1324.2825113932292
4012,805.5295206705729
4013,979.2152913411459
4014,683.426513671875
4015,658.8318074544271
4016,1812.0819498697917
4017,2276.00830078125
4018,1343.8450113932292
4019,997.9937337239584
4020,609.9590454101562
4021,1384.1912434895833
4022,1748.6576334635417
4023,1172.3805745442708
4024,1097.6667887369792
4025,1062.9051513671875
4026,1046.9815673828125
4027,3222.7600911458335
4028,1196.6255696614583
4029,1495.7506917317708
4030,850.3394775390625
4031,748.0770263671875
4032,896.5700887044271
4033,2126.0313313802085
4034,1314.0850830078125
4035,1340.6688639322917
4036,1311.0797526041667
4037,1230.1676432291667
4038,1728.9705403645833
4039,619.6765543619791
4040,2703.8546549479165
4041,941.7961832682291
4042,1753.7969156901042
4043,897.1909383138021
4044,699.0465087890625
4045,1187.1579182942708
4046,913.6187133789062
4047,1238.6506754557292
4048,1066.0135498046875
4049,2514.34814453125
4050,1394.64990234375
4051,1285.02685546875
4052,775.4491984049479
4053,1856.1929117838542
4054,1028.4034016927083
4055,673.8820393880209
4056,1305.8490804036458
4057,1513.279541015625
4058,1410.6400553385417
4059,1422.4218343098958
4060,1114.8801676432292
4061,3114.015869140625
4062,1554.8327229817708
4063,1746.5616048177083
4064,1449.1915283203125
4065,1087.50390625
4066,2422.4449055989585
4067,1651.1730143229167
4068,675.8124389648438
4069,628.1359456380209
4070,804.6611735026041
4071,1712.1962076822917
4072,777.0431722005209
4073,1470.5439860026042
4074,1412.23046875
4075,1170.9471435546875
4076,1055.97216796875
4077,628.4727172851562
4078,1187.1363932291667
4079,1897.6274820963542
4080,680.4969685872396
4081,1047.3237711588542
4082,1404.8992106119792
4083,1116.2240804036458
4084,656.8218587239584
4085,976.2667643229166
4086,3178.4117838541665
4087,854.5366414388021
4088,959.894287109375
4089,1447.4308675130208
4090,741.5836181640625
4091,1731.58837890625
4092,2037.0721842447917
4093,1699.4939371744792
4094,624.1744384765625
4095,1134.4647623697917
4096,1221.0906168619792
4097,843.7633666992188
4098,992.8896280924479
4099,498.89295450846356
4100,2056.7137858072915
4101,1682.0
4102,1239.5872395833333
4103,775.7864176432291
4104,1293.2215576171875
4105,897.0186157226562
4106,1714.1904296875
4107,1436.1833902994792
4108,1816.806396484375
4109,1315.8812255859375
4110,1032.9600423177083
4111,655.3204549153646
4112,1271.2384033203125
4113,790.7731526692709
4114,2026.4600423177083
4115,1819.5006917317708
4116,1149.0026041666667
4117,1104.3530680338542
4118,849.0659586588541
4119,685.3546956380209
4120,1191.2681070963542
4121,763.5739135742188
4122,672.888671875
4123,1240.044921875
4124,819.9566243489584
4125,2028.8019205729167
4126,2374.0564778645835
4127,1101.2966715494792
4128,849.2376302083334
4129,1827.8505859375
4130,927.8023885091146
4131,882.6714274088541
4132,1762.6837158203125
4133,822.8564249674479
4134,1977.2124430338542
4135,2044.6105143229167
4136,1105.1517333984375
4137,1706.9453125
4138,2340.3421223958335
4139,1042.3309326171875
4140,697.6193440755209
4141,2037.1357828776042
4142,1084.7888997395833
4143,2993.0635579427085
4144,1336.0454915364583
4145,1737.8384602864583
4146,1364.6309814453125
4147,1175.1621500651042
4148,1306.5830891927083
4149,2464.7471516927085
4150,831.2986450195312
4151,1130.0999755859375
4152,732.3111165364584
4153,747.0922444661459
4154,3220.6061197916665
4155,1043.5149739583333
4156,1488.3875325520833
4157,1353.5223795572917
4158,982.2073771158854
4159,954.8151245117188
4160,1316.6268717447917
4161,1527.5691731770833
4162,1640.3070475260417
4163,1233.2098388671875
4164,1660.6488037109375
4165,1181.3879801432292
4166,877.9929809570312
4167,1769.6734619140625
4168,965.8407999674479
4169,1442.4939371744792
4170,748.0192464192709
4171,1958.706298828125
4172,847.9167277018229
4173,1007.2470703125
4174,3908.4033203125
4175,1099.8352864583333
4176,1137.04150390625
4177,2072.8212890625
4178,2575.24169921875
4179,1997.1748860677083
4180,1149.9077962239583
4181,1047.5482584635417
4182,1126.0614827473958
4183,948.1284993489584
4184,1447.4482421875
4185,1034.3660074869792
4186,1254.093994140625
4187,3065.873046875
4188,1254.4474690755208
4189,3198.3285319010415
4190,1660.1962483723958
4191,2745.125732421875
4192,652.4965413411459
4193,1397.8404134114583
4194,2018.156005859375
4195,1681.7106526692708
4196,944.0764363606771
4197,1252.3343505859375
4198,781.0286865234375
4199,1058.541748046875
4200,816.5760294596354
4201,1103.3862711588542
4202,1286.721923828125
4203,803.7675374348959
4204,674.5578409830729
4205,858.4815470377604
4206,2382.2366536458335
4207,751.1772867838541
4208,2443.9979654947915
4209,681.7864583333334
4210,2010.769775390625
4211,1304.3905029296875
4212,1745.3979085286458
4213,799.3166097005209
4214,969.5774129231771
4215,564.4695841471354
4216,2049.3367513020835
4217,1621.9685872395833
4218,1084.7790120442708
4219,886.1909383138021
4220,1302.88330078125
4221,984.0499471028646
4222,1054.8076171875
4223,1003.969482421875
4224,1020.2575073242188
4225,1296.1368001302083
4226,749.6154378255209
4227,922.3302001953125
4228,976.9995524088541
4229,1407.498046875
4230,1122.3257649739583
4231,801.89404296875
4232,1040.7193196614583
4233,1537.5889485677083
4234,1633.056884765625
4235,1044.91845703125
4236,683.1949055989584
4237,4732.418782552083
4238,1035.5630289713542
4239,1706.1659342447917
4240,1386.3526204427083
4241,833.6946411132812
4242,1298.7857259114583
4243,979.4839680989584
4244,2186.6893717447915
4245,971.7098592122396
4246,911.1385498046875
4247,1209.4336751302083
4248,1373.2038167317708
4249,1188.0478515625
4250,607.1525268554688
4251,614.3923746744791
4252,1375.5028483072917
4253,932.8177693684896
4254,2124.1519368489585
4255,1613.6903889973958
4256,1991.2271321614583
4257,1163.9395751953125
4258,2021.8604736328125
4259,2208.9649251302085
4260,1544.8695068359375
4261,1317.1692301432292
4262,1426.1494547526042
4263,1146.2887369791667
4264,2601.1395670572915
4265,1095.8424886067708
4266,850.9455362955729
4267,1417.7563069661458
4268,701.5751546223959
4269,1829.9781494140625
4270,920.7305501302084
4271,2845.4811197916665
4272,1803.3848063151042
4273,891.2406209309896
4274,1569.5913899739583
4275,1052.9298502604167
4276,799.3326822916666
4277,1383.66552734375
4278,3286.8326822916665
4279,818.8752034505209
4280,934.3118082682291
4281,1242.5236002604167
4282,862.2911580403646
4283,791.7920939127604
4284,786.9315388997396
4285,981.8658040364584
4286,1717.05029296875
4287,1324.7235514322917
4288,781.4655354817709
4289,2228.3697102864585
4290,2009.5396728515625
4291,2283.0030110677085
4292,1630.873046875
4293,800.7244262695312
4294,960.2062377929688
4295,922.9007161458334
4296,1303.2751871744792
4297,780.2908325195312
4298,2303.2347819010415
4299,1100.5313313802083
4300,1002.1409098307291
4301,1581.7046712239583
4302,904.8479614257812
4303,790.4632161458334
4304,2649.0819498697915
4305,2847.6513671875
4306,654.6405029296875
4307,1001.5258382161459
4308,941.7086791992188
4309,1189.5079752604167
4310,812.2122192382812
4311,942.8718872070312
4312,1194.9705403645833
4313,1269.2770182291667
4314,3344.1092936197915
4315,1003.1453043619791
4316,2270.204345703125
4317,914.5339762369791
4318,1818.8553466796875
4319,1865.8275553385417
4320,1296.9453531901042
4321,660.6041056315104
4322,984.7093302408854
4323,1031.3019205729167
4324,1547.2842610677083
4325,425.4123229980469
4326,2931.2486165364585
4327,833.3901977539062
4328,1331.7196451822917
4329,2025.0615234375
4330,1312.7419026692708
4331,1102.5374348958333
4332,1080.9903971354167
4333,745.3633219401041
4334,792.5918986002604
4335,3100.13134765625
4336,698.2347819010416
4337,1658.6005859375
4338,4875.9345703125
4339,930.9058430989584
4340,959.1883341471354
4341,1520.4948323567708
4342,1403.9431966145833
4343,1073.1867268880208
4344,1070.8423258463542
4345,2192.135986328125
4346,1693.0454508463542
4347,1122.5622965494792
4348,1172.2066650390625
4349,849.9878946940104
4350,1040.4324137369792
4351,1342.245361328125
4352,786.3022054036459
4353,767.1428629557291
4354,1264.6931966145833
4355,1138.4792073567708
4356,1121.8531494140625
4357,1302.689697265625
4358,1805.1060791015625
4359,1638.579345703125
4360,664.8656616210938
4361,902.8681844075521
4362,681.4002278645834
4363,829.7929484049479
4364,900.0238037109375
4365,3799.4706217447915
4366,2210.21142578125
4367,978.5182291666666
4368,1387.5756429036458
4369,1244.2410074869792
4370,2481.1238606770835
4371,2835.4173990885415
4372,1259.6058349609375
4373,1200.0557861328125
4374,932.901611328125
4375,925.3826904296875
4376,1265.36328125
4377,1479.7914225260417
4378,847.7638956705729
4379,531.2653605143229
4380,974.1422729492188
4381,2732.5250651041665
4382,723.7732137044271
4383,730.5281575520834
4384,1058.7978515625
4385,1049.7613118489583
4386,1319.361328125
4387,3771.2233072916665
4388,970.7904866536459
4389,1151.9956461588542
4390,1693.4898274739583
4391,1220.3707682291667
4392,907.5025838216146
4393,2806.36328125
4394,990.2731526692709
4395,1197.5522054036458
4396,3082.9422200520835
4397,1747.8588053385417
4398,1412.1158447265625
4399,994.5708414713541
4400,978.3226725260416
4401,630.7747802734375
4402,1467.94873046875
4403,12057.210286458334
4404,1126.4703369140625
4405,876.4676920572916
4406,770.17431640625
4407,1657.716552734375
4408,1319.8822021484375
4409,1519.3684895833333
4410,1172.7882486979167
4411,1221.2345377604167
4412,517.2721354166666
4413,750.1650594075521
4414,1962.1536458333333
4415,1264.6666259765625
4416,2853.002685546875
4417,1104.6220296223958
4418,985.6090291341146
4419,1233.5185953776042
4420,1464.7166748046875
4421,1807.7276204427083
4422,1840.557861328125
4423,797.7047932942709
4424,1396.6640625
4425,1363.2141520182292
4426,1547.3389485677083
4427,1441.7197265625
4428,763.1808878580729
4429,1494.0778401692708
4430,1078.5182291666667
4431,525.6930338541666
4432,920.8209228515625
4433,750.5595703125
4434,1666.1332600911458
4435,1167.3913167317708
4436,1972.8065999348958
4437,896.6442464192709
4438,1259.0986328125
4439,1053.8505859375
4440,1671.97900390625
4441,2507.087890625
4442,1144.7796630859375
4443,5183.255208333333
4444,1778.5190836588542
4445,632.1875813802084
4446,701.7480875651041
4447,654.4375406901041
4448,570.1535237630209
4449,895.234375
4450,1224.809814453125
4451,466.37888590494794
4452,1313.7169189453125
4453,914.76318359375
4454,692.0513509114584
4455,1357.97705078125
4456,1677.4454345703125
4457,1369.7954508463542
4458,2132.4134114583335
4459,1531.6686197916667
4460,710.1118570963541
4461,2398.5365397135415
4462,1002.3151245117188
4463,1649.5537923177083
4464,1768.84033203125
4465,1884.3920491536458
4466,654.8767496744791
4467,1400.7574869791667
4468,1015.1887410481771
4469,2820.560302734375
4470,737.8500773111979
4471,932.9791870117188
4472,1499.3838704427083
4473,2093.007568359375
4474,651.1503295898438
4475,1212.0993245442708
4476,754.7820841471354
4477,1411.9211832682292
4478,2460.126708984375
4479,2269.8855794270835
4480,810.0708211263021
4481,920.6487223307291
4482,1425.4830729166667
4483,2835.9356282552085
4484,1454.7384440104167
4485,1005.0768229166666
4486,996.8246866861979
4487,572.81982421875
4488,1580.7278238932292
4489,818.6746826171875
4490,1090.9629313151042
4491,1215.5334879557292
4492,1192.8861083984375
4493,957.7186279296875
4494,1049.1899820963542
4495,1089.9791666666667
4496,1137.4685465494792
4497,777.7013549804688
4498,757.2197672526041
4499,1106.7281087239583
4500,1270.6947021484375
4501,1287.5856119791667
4502,900.9072062174479
4503,663.2727661132812
4504,760.0471394856771
4505,1043.3114420572917
4506,1933.5200602213542
4507,1262.0177815755208
4508,1510.4169514973958
4509,2072.1726888020835
4510,737.3761800130209
4511,1324.5453287760417
4512,1109.0931803385417
4513,1911.3419596354167
4514,1033.2713623046875
4515,1608.75830078125
4516,3319.3448079427085
4517,1778.0727945963542
4518,728.1298421223959
4519,1411.5848795572917
4520,4110.04541015625
4521,1495.2335205078125
4522,1239.998779296875
4523,1759.1932373046875
4524,492.0708821614583
4525,1288.1625162760417
4526,1339.5138753255208
4527,1837.2026774088542
4528,1286.124755859375
4529,975.4910074869791
4530,532.5523274739584
4531,821.7086181640625
4532,1746.6516927083333
4533,1638.9518229166667
4534,512.3829854329427
4535,602.6552124023438
4536,1744.9522705078125
4537,1233.7686360677083
4538,1477.0163981119792
4539,1136.8798421223958
4540,1006.6044311523438
4541,1030.7796223958333
4542,11888.105143229166
4543,1011.9111124674479
4544,1144.3533528645833
4545,776.945556640625
4546,1423.5885823567708
4547,1710.6805826822917
4548,1291.5738118489583
4549,972.14501953125
4550,1310.7352701822917
4551,1470.4001057942708
4552,1826.1418050130208
4553,926.6080525716146
4554,612.0600179036459
4555,3768.3277994791665
4556,1767.696533203125
4557,1219.2292887369792
4558,1894.092529296875
4559,1627.0522054036458
4560,1020.1693725585938
4561,1166.7069498697917
4562,1313.01611328125
4563,2229.8855794270835
4564,4210.681477864583
4565,871.8787231445312
4566,983.5677083333334
4567,1033.15966796875
4568,1445.1173502604167
4569,1535.9361979166667
4570,2145.5084635416665
4571,1320.1059163411458
4572,861.4298706054688
4573,665.5779418945312
4574,675.19482421875
4575,504.7681884765625
4576,1531.5179443359375
4577,1153.8255208333333
4578,1654.9507649739583
4579,2371.912841796875
4580,1201.1732177734375
4581,943.7066243489584
4582,1168.9685872395833
4583,817.4595947265625
4584,3020.99658203125
4585,2252.5875651041665
4586,726.6794637044271
4587,1114.0970458984375
4588,1166.0543212890625
4589,804.5984293619791
4590,813.7378133138021
4591,982.4532267252604
4592,2422.8653971354165
4593,1453.6476236979167
4594,1064.282470703125
4595,956.9485066731771
4596,709.4024658203125
4597,1010.3611246744791
4598,954.0757446289062
4599,1804.824462890625
4600,852.8728434244791
4601,894.5461222330729
4602,1008.2489217122396
4603,1274.0301513671875
4604,788.4875895182291
4605,847.5490926106771
4606,2620.440673828125
4607,1486.2878011067708
4608,997.4614054361979
4609,546.5717366536459
4610,508.9747009277344
4611,840.173583984375
4612,1079.3975016276042
4613,1059.9543863932292
4614,1737.9508463541667
4615,1576.2969970703125
4616,1286.9738362630208
4617,681.3650309244791
4618,1174.9562581380208
4619,2010.8062744140625
4620,1134.0087483723958
4621,953.7551472981771
4622,1011.7215372721354
4623,950.3594970703125
4624,1590.3487141927083
4625,1514.1647542317708
4626,916.0482177734375
4627,3817.5738118489585
4628,703.1563517252604
4629,838.6776733398438
4630,1980.43505859375
4631,1394.881591796875
4632,1937.3790690104167
4633,998.2820434570312
4634,1677.406982421875
4635,1440.912353515625
4636,422.69837443033856
4637,1182.7484537760417
4638,1118.8921712239583
4639,694.6561482747396
4640,1658.3854166666667
4641,1251.4090576171875
4642,555.6138102213541
4643,3663.43505859375
4644,1030.6669514973958
4645,1301.2897542317708
4646,1540.9325358072917
4647,5362.105143229167
4648,3423.1725260416665
4649,633.3994547526041
4650,699.8315836588541
4651,825.6579996744791
4652,1129.7195638020833
4653,2779.1602376302085
4654,1867.6597493489583
4655,1716.2261962890625
4656,770.1853841145834
4657,1909.1925862630208
4658,1174.5869140625
4659,897.7611694335938
4660,1476.7268880208333
4661,1913.2116292317708
4662,1453.7422281901042
4663,2168.36376953125
4664,1636.6993408203125
4665,1654.3935546875
4666,1080.5482991536458
4667,646.476806640625
4668,1546.473876953125
4669,823.0062459309896
4670,1170.0961100260417
4671,1016.4618937174479
4672,2519.4064127604165
4673,1840.3637288411458
4674,1063.9336344401042
4675,859.6619059244791
4676,2151.7674153645835
4677,980.6270548502604
4678,1518.4159342447917
4679,1109.2357584635417
4680,1258.49755859375
4681,1170.8572591145833
4682,1619.2048746744792
4683,640.111572265625
4684,795.669921875
4685,1404.5347493489583
4686,602.2782592773438
4687,947.7276000976562
4688,1662.3300374348958
4689,855.0704549153646
4690,907.4702555338541
4691,1433.3671061197917
4692,1093.8167724609375
4693,1134.2644449869792
4694,1845.7270914713542
4695,884.9132893880209
4696,1354.3471272786458
4697,3185.7046712239585
4698,4933.34130859375
4699,937.765625
4700,1624.7499593098958
4701,840.06787109375
4702,1287.876220703125
4703,1285.4962972005208
4704,1000.5037027994791
4705,913.4588012695312
4706,3945.8194173177085
4707,1322.322509765625
4708,1243.7894694010417
4709,1910.4608154296875
4710,1106.8566080729167
4711,1077.0971272786458
4712,1589.5002034505208
4713,1463.0643310546875
4714,1133.8418782552083
4715,1633.0528564453125
4716,699.0881754557291
4717,1526.6877034505208
4718,741.0276285807291
4719,1006.0341593424479
4720,640.7534586588541
4721,624.9699910481771
4722,1135.97705078125
4723,655.3960571289062
4724,1185.19677734375
4725,1364.4407958984375
4726,721.1601765950521
4727,1066.4197184244792
4728,1114.4797770182292
4729,1297.3819986979167
4730,798.0453084309896
4731,1872.989501953125
4732,779.9423217773438
4733,1028.27880859375
4734,1779.7484537760417
4735,658.0021565755209
4736,819.4692586263021
4737,877.3537801106771
4738,1399.8347981770833
4739,646.2617594401041
4740,2585.1715494791665
4741,1441.0688069661458
4742,1122.41845703125
4743,1689.609130859375
4744,891.8136800130209
4745,1205.48486328125
4746,1460.9530436197917
4747,968.2212931315104
4748,1445.1759033203125
4749,1448.2821451822917
4750,832.6172892252604
4751,1479.9687093098958
4752,1188.6165364583333
4753,3039.68798828125
4754,802.0821533203125
4755,1143.35595703125
4756,869.7221069335938
4757,1094.7143147786458
4758,2491.6512858072915
4759,1541.0365397135417
4760,1382.3849283854167
4761,1850.4661865234375
4762,1651.1908772786458
4763,1893.2709554036458
4764,1507.3135579427083
4765,831.7781982421875
4766,1004.6057739257812
4767,1426.7432047526042
4768,2000.3849283854167
4769,2208.1302083333335
4770,1412.4082438151042
4771,1028.5750732421875
4772,1490.0421956380208
4773,1134.4601236979167
4774,1637.13720703125
4775,1183.4634195963542
4776,1193.2184244791667
4777,647.1166585286459
4778,706.7393188476562
4779,777.5865681966146
4780,3187.2994791666665
4781,595.1879679361979
4782,2149.6712239583335
4783,751.2192179361979
4784,786.0395304361979
4785,2494.1015625
4786,572.4706624348959
4787,644.7568969726562
4788,859.6305948893229
4789,973.470947265625
4790,946.7447916666666
4791,1261.5438232421875
4792,651.6358439127604
4793,970.9870808919271
4794,1450.0352376302083
4795,1115.7754313151042
4796,1693.4105631510417
4797,1133.8580322265625
4798,843.8716430664062
4799,517.7909952799479
4800,1532.3288981119792
4801,517.9509073893229
4802,2166.44873046875
4803,1896.6674397786458
4804,2387.308837890625
4805,1141.2559814453125
4806,1351.1543782552083
4807,846.1387125651041
4808,1379.8965657552083
4809,532.60107421875
4810,898.5626017252604
4811,1071.1195882161458
4812,534.8903605143229
4813,1282.3763427734375
4814,1383.3665771484375
4815,932.1318969726562
4816,691.7904459635416
4817,1178.9917805989583
4818,4162.992350260417
4819,1331.9963785807292
4820,926.1732991536459
4821,1087.7008056640625
4822,1137.1068115234375
4823,1345.9788818359375
4824,2966.5602213541665
4825,1605.8727213541667
4826,1368.35400390625
4827,872.7227986653646
4828,3401.3816731770835
4829,948.6976521809896
4830,1166.150634765625
4831,1170.5972900390625
4832,1356.1933186848958
4833,758.2061360677084
4834,806.8365071614584
4835,1138.1999918619792
4836,1132.35595703125
4837,997.2067057291666
4838,806.9409586588541
4839,2705.0167643229165
4840,1058.5220133463542
4841,769.8380737304688
4842,604.6475219726562
4843,787.1240844726562
4844,862.1428629557291
4845,2161.7303873697915
4846,981.4256795247396
4847,1217.2799479166667
4848,1880.6278889973958
4849,1812.8806559244792
4850,1276.5905354817708
4851,1045.1116943359375
4852,1152.8796793619792
4853,1301.1917317708333
4854,1207.7337239583333
4855,2045.1883138020833
4856,2454.5183919270835
4857,1070.5314534505208
4858,937.0274251302084
4859,855.3552652994791
4860,2238.7666829427085
4861,1144.1407877604167
4862,937.2060343424479
4863,1042.0888671875
4864,1530.9717610677083
4865,1299.8892415364583
4866,1003.9803873697916
4867,2265.726806640625
4868,849.5641682942709
4869,1111.0447998046875
4870,2194.1376139322915
4871,1085.727294921875
4872,885.0696207682291
4873,2266.9759114583335
4874,1163.7034505208333
4875,1280.8774007161458
4876,711.9148966471354
4877,1435.1196695963542
4878,1912.4623616536458
4879,1940.41796875
4880,1120.1080322265625
4881,1141.4226481119792
4882,1135.5352783203125
4883,1648.1002197265625
4884,806.9092407226562
4885,1154.9473470052083
4886,1739.5569254557292
4887,1036.9271647135417
4888,854.0255533854166
4889,944.0819905598959
4890,1683.5233561197917
4891,1726.3857828776042
4892,792.4389444986979
4893,746.8720703125
4894,763.1416219075521
4895,1935.9006754557292
4896,1027.5062662760417
4897,705.2812703450521
4898,1137.8274332682292
4899,1324.7891438802083
4900,1214.8501790364583
4901,2377.83349609375
4902,2122.6807454427085
4903,884.4443359375
4904,1517.1451822916667
4905,2350.7456868489585
4906,2443.42724609375
4907,1818.7767333984375
4908,814.2282104492188
4909,626.4053141276041
4910,765.2104085286459
4911,715.9670817057291
4912,1179.317138671875
4913,955.9673665364584
4914,5893.72412109375
4915,2256.718505859375
4916,612.3859049479166
4917,968.7597859700521
4918,1400.1328938802083
4919,979.0513916015625
4920,2282.487548828125
4921,972.7781982421875
4922,1532.5831298828125
4923,1789.9414469401042
4924,896.818359375
4925,1213.4231363932292
4926,721.3992513020834
4927,799.3088785807291
4928,1358.375244140625
4929,1159.9156901041667
4930,683.6886393229166
4931,829.4129842122396
4932,2371.2422688802085
4933,829.7219848632812
4934,987.1943562825521
4935,1684.9079996744792
4936,887.29052734375
4937,903.2448527018229
4938,692.6770629882812
4939,1617.4596354166667
4940,1056.8109944661458
4941,1116.1263020833333
4942,2948.4366048177085
4943,922.306396484375
4944,2450.4243977864585
4945,1094.7598063151042
4946,975.3631998697916
4947,1909.6177164713542
4948,1439.6995849609375
4949,1338.7897135416667
4950,1183.6656087239583
4951,651.4464314778646
4952,938.8477783203125
4953,1091.1678466796875
4954,934.0133260091146
4955,1331.3179931640625
4956,918.6169840494791
4957,1248.0705159505208
4958,1328.6131998697917
4959,1316.5578206380208
4960,430.84332275390625
4961,1732.7318522135417
4962,1105.6522623697917
4963,1209.5535481770833
4964,1850.9381103515625
4965,1225.1844075520833
4966,986.9160359700521
4967,1316.9237467447917
4968,1068.2942708333333
4969,1087.2810872395833
4970,973.8033650716146
4971,1389.5853678385417
4972,1527.659912109375
4973,1010.8823445638021
4974,1169.1206461588542
4975,1313.8693033854167
4976,689.3655598958334
4977,756.4051310221354
4978,996.7874755859375
4979,1344.1510823567708
4980,698.2684733072916
4981,1376.8833821614583
4982,927.2212117513021
4983,1665.5732014973958
4984,798.3410847981771
4985,2793.801025390625
4986,926.80078125
4987,1127.4884440104167
4988,1461.3705240885417
4989,1856.8841959635417
4990,655.8970540364584
4991,888.6215006510416
4992,1216.89404296875
4993,902.1430257161459
4994,1601.0709228515625
4995,865.1651204427084
4996,1175.7884521484375
4997,1062.3252766927083
4998,1269.7799072265625
4999,1756.9788818359375
5000,2771.5476888020835
5001,1392.4434407552083
5002,700.1356608072916
5003,1346.6259358723958
5004,1242.4324544270833
5005,2046.7587076822917
5006,950.2664591471354
5007,749.5843709309896
5008,448.4019368489583
5009,1055.4368082682292
5010,575.0919392903646
5011,1471.845458984375
5012,1290.6090901692708
5013,499.32407633463544
5014,3445.688720703125
5015,1121.125244140625
5016,1213.837890625
5017,733.623779296875
5018,920.5129597981771
5019,863.5110473632812
5020,13099.517252604166
5021,1267.7986246744792
5022,911.5719604492188
5023,664.6019287109375
5024,815.1257731119791
5025,1095.3848063151042
5026,974.1651407877604
5027,2908.0540364583335
5028,1460.0027669270833
5029,1475.4296061197917
5030,810.4507446289062
5031,806.1067301432291
5032,1108.1747233072917
5033,1691.3253173828125
5034,958.4000651041666
5035,718.0277913411459
5036,816.6067301432291
5037,1963.3302001953125
5038,1222.3480224609375
5039,669.1005859375
5040,742.9142659505209
5041,629.2992146809896
5042,688.5572713216146
5043,1042.6327311197917
5044,1798.0975748697917
5045,1664.3638916015625
5046,1321.8551432291667
5047,1178.1354573567708
5048,483.2308349609375
5049,997.5148722330729
5050,1414.7052001953125
5051,850.3671875
5052,1761.210693359375
5053,1437.127685546875
5054,1195.2166341145833
5055,896.5860188802084
5056,985.8861287434896
5057,1876.4793701171875
5058,569.7567342122396
5059,783.5400390625
5060,1137.8706461588542
5061,1149.5888264973958
5062,964.2681681315104
5063,1067.4375
5064,923.8837890625
5065,3057.6251627604165
5066,1335.3994547526042
5067,821.4916788736979
5068,867.0575968424479
5069,1071.77978515625
5070,957.1391805013021
5071,2971.3516438802085
5072,1954.114501953125
5073,1164.0506184895833
5074,1215.1155598958333
5075,661.8492635091146
5076,964.5092569986979
5077,1028.4435628255208
5078,1403.9815673828125
5079,1635.9310302734375
5080,693.9138793945312
5081,1457.2022298177083
5082,3203.8245442708335
5083,880.8302815755209
5084,1092.5902099609375
5085,1573.0322265625
5086,1266.9679361979167
5087,1276.9246826171875
5088,730.3749796549479
5089,1275.99267578125
5090,1057.5278727213542
5091,1351.7638346354167
5092,1352.4291178385417
5093,2898.5263671875
5094,798.5075887044271
5095,806.5599161783854
5096,1567.6407063802083
5097,1226.8579508463542
5098,1985.237548828125
5099,850.1460164388021
5100,1558.0555013020833
5101,794.5401000976562
5102,988.2027587890625
5103,711.9178059895834
5104,2211.6578776041665
5105,545.9719848632812
5106,1283.1365966796875
5107,1922.9272867838542
5108,2254.6503092447915
5109,556.4923706054688
5110,812.5400594075521
5111,903.6546834309896
5112,938.9992065429688
5113,1426.8970947265625
5114,1252.0940348307292
5115,706.2375284830729
5116,1197.7681070963542
5117,491.21982828776044
5118,1763.7762451171875
5119,956.6146647135416
5120,824.7612915039062
5121,1885.4094645182292
5122,1841.9332682291667
5123,1065.575927734375
5124,635.5069173177084
5125,1889.5262044270833
5126,842.6980183919271
5127,788.8835652669271
5128,3304.785400390625
5129,1350.7006429036458
5130,1096.8888753255208
5131,1451.9816080729167
5132,1197.388916015625
5133,1474.4891764322917
5134,1648.4964192708333
5135,774.1404825846354
5136,761.7159423828125
5137,2084.9288736979165
5138,983.4103800455729
5139,2571.8838704427085
5140,3102.051513671875
5141,2159.3169759114585
5142,999.014892578125
5143,2451.6266276041665
5144,3411.1053059895835
5145,1643.2067464192708
5146,899.7033894856771
5147,1258.0237630208333
5148,1176.6590983072917
5149,761.6732177734375
5150,5744.368815104167
5151,730.5628458658854
5152,1683.19482421875
5153,2359.2718098958335
5154,1066.6377360026042
5155,2221.65478515625
5156,1543.7767333984375
5157,796.5298665364584
5158,847.2134399414062
5159,1585.5044759114583
5160,1622.032958984375
5161,1302.7910970052083
5162,1700.7052815755208
5163,532.0364990234375
5164,1375.64990234375
5165,934.2279866536459
5166,1729.200927734375
5167,913.7010701497396
5168,1273.990478515625
5169,1597.8219807942708
5170,2679.2237141927085
5171,972.0328165690104
5172,827.0657958984375
5173,965.2840372721354
5174,1246.9967041015625
5175,1376.7276204427083
5176,3675.2841796875
5177,1295.4672444661458
5178,1533.5460611979167
5179,1296.2711181640625
5180,951.0340779622396
5181,921.7836507161459
5182,1119.9589029947917
5183,1965.641845703125
5184,1135.7442626953125
5185,893.0538330078125
5186,2522.494384765625
5187,1688.6147867838542
5188,868.5394897460938
5189,2021.1001790364583
5190,725.09326171875
5191,2045.8070068359375
5192,829.0398152669271
5193,920.1814575195312
5194,1198.3451334635417
5195,1210.0550944010417
5196,849.4035441080729
5197,2820.373046875
5198,997.8374633789062
5199,1009.3834635416666
5200,1306.4993489583333
5201,651.1830647786459
5202,1708.6970621744792
5203,2237.00634765625
5204,1656.4273681640625
5205,655.1783447265625
5206,1409.8502604166667
5207,680.9396362304688
5208,1077.4123128255208
5209,2333.3777669270835
5210,1243.4312337239583
5211,895.8649698893229
5212,2253.963623046875
5213,1225.2310384114583
5214,2842.548583984375
5215,763.1664021809896
5216,911.1890665690104
5217,854.771484375
5218,878.0363362630209
5219,1006.5837198893229
5220,1599.5029703776042
5221,1529.7571614583333
5222,885.8021850585938
5223,1165.7180582682292
5224,1117.1344807942708
5225,781.2833251953125
5226,1094.2462158203125
5227,869.4416097005209
5228,787.2397257486979
5229,1096.6436360677083
5230,1356.4133707682292
5231,1943.1101481119792
5232,1000.1438395182291
5233,940.6041259765625
5234,1279.8234049479167
5235,1881.886962890625
5236,1051.31689453125
5237,1317.85400390625
5238,1255.23193359375
5239,995.2798258463541
5240,3626.745849609375
5241,957.2063802083334
5242,1299.271728515625
5243,1366.0237223307292
5244,684.0814412434896
5245,1234.6240641276042
5246,837.6725667317709
5247,2805.7461751302085
5248,891.5536499023438
5249,1761.2177734375
5250,1337.9826253255208
5251,1474.350830078125
5252,846.4476521809896
5253,1340.1624348958333
5254,1494.9645589192708
5255,646.3729654947916
5256,859.56787109375
5257,2412.2488606770835
5258,1172.362548828125
5259,1005.2845865885416
5260,1741.0345458984375
5261,1364.87646484375
5262,926.9083455403646
5263,595.2742106119791
5264,1497.3169759114583
5265,1548.2559000651042
5266,1189.1798909505208
5267,1037.7945149739583
5268,944.4302368164062
5269,1032.2229410807292
5270,1411.1943359375
5271,470.2335713704427
5272,1154.6763916015625
5273,1739.4463297526042
5274,1727.2667236328125
5275,1674.2490234375
5276,889.056396484375
5277,660.3739217122396
5278,1024.5362955729167
5279,1007.7815755208334
5280,1547.7377115885417
5281,1530.3562825520833
5282,1351.4735107421875
5283,1136.571533203125
5284,1838.1912841796875
5285,806.7899576822916
5286,1302.7484944661458
5287,1113.3443196614583
5288,669.6408081054688
5289,1055.8113199869792
5290,2283.4881184895835
5291,959.4128824869791
5292,1266.2393391927083
5293,1222.3463134765625
5294,746.0706787109375
5295,1341.015869140625
5296,993.7636515299479
5297,683.5169067382812
5298,596.0411783854166
5299,663.7852986653646
5300,1219.9813232421875
5301,751.6907145182291
5302,1188.3140462239583
5303,729.3414713541666
5304,1463.6820882161458
5305,1076.3315022786458
5306,730.4563395182291
5307,745.1273396809896
5308,1253.9512532552083
5309,1709.1272379557292
5310,1720.6001383463542
5311,961.5118815104166
5312,1579.9687093098958
5313,902.1356811523438
5314,2739.0091959635415
5315,916.3224690755209
5316,876.4307861328125
5317,808.8434448242188
5318,973.8150227864584
5319,810.5780232747396
5320,1709.3262125651042
5321,1044.9653727213542
5322,942.8646443684896
5323,2326.6005045572915
5324,2065.7960611979165
5325,2736.2819010416665
5326,1005.6263834635416
5327,976.9056599934896
5328,1112.4405517578125
5329,1272.9545491536458
5330,2342.2965494791665
5331,1180.0153401692708
5332,998.2556559244791
5333,964.9935709635416
5334,1203.5495198567708
5335,1128.6941731770833
5336,1117.2288411458333
5337,1030.6530354817708
5338,1007.2575276692709
5339,610.5896402994791
5340,587.5267944335938
5341,1555.4663899739583
5342,2882.024169921875
5343,1101.843994140625
5344,2424.844970703125
5345,1644.1576741536458
5346,922.9604899088541
5347,1119.8926188151042
5348,1095.5487467447917
5349,1594.0909830729167
5350,641.0300699869791
5351,1138.2740885416667
5352,908.1033528645834
5353,1933.5236002604167
5354,826.6282348632812
5355,758.1784261067709
5356,889.8175659179688
5357,1081.9812825520833
5358,1259.306640625
5359,832.69140625
5360,2379.6397298177085
5361,892.443115234375
5362,1011.5629069010416
5363,1219.7218424479167
5364,2111.2748209635415
5365,1189.4857991536458
5366,1352.38525390625
5367,1033.2420247395833
5368,2655.7196451822915
5369,1211.90625
5370,3159.689697265625
5371,1630.6894124348958
5372,644.3737996419271
5373,1632.3329264322917
5374,1405.6512451171875
5375,766.2634073893229
5376,974.797607421875
5377,960.7560221354166
5378,2438.0985514322915
5379,709.7842407226562
5380,1348.3404134114583
5381,1123.5172932942708
5382,1412.8430582682292
5383,413.6992594401042
5384,458.4003092447917
5385,998.34619140625
5386,1000.2936401367188
5387,1189.5595296223958
5388,1927.0666910807292
5389,806.2316080729166
5390,1442.5878499348958
5391,959.5488891601562
5392,917.3222859700521
5393,1344.6474202473958
5394,866.8926391601562
5395,1607.7716878255208
5396,2143.4690755208335
5397,1428.1885986328125
5398,971.3049519856771
5399,1786.576416015625
5400,1789.1920166015625
5401,1103.9279378255208
5402,1194.9467366536458
5403,1486.2785237630208
5404,4982.017903645833
5405,1269.4559326171875
5406,1072.7392171223958
5407,1199.6451009114583
5408,1101.8405354817708
5409,612.6048380533854
5410,901.2750040690104
5411,967.8729248046875
5412,1965.1054280598958
5413,771.0099690755209
5414,1521.4157307942708
5415,2150.8306477864585
5416,1134.9141438802083
5417,764.4741821289062
5418,970.6580810546875
5419,900.9541625976562
5420,1674.2268880208333
5421,829.0284423828125
5422,565.6550496419271
5423,943.0016479492188
5424,2859.4322102864585
5425,1286.5377197265625
5426,1583.0739339192708
5427,1587.1719970703125
5428,792.9401652018229
5429,3044.9684244791665
5430,1338.2762451171875
5431,1230.8015543619792
5432,1618.2404378255208
5433,2724.546875
5434,698.3978881835938
5435,612.1996256510416
5436,694.1607869466146
5437,1284.1448974609375
5438,1099.7465006510417
5439,731.7932535807291
5440,1077.8222249348958
5441,1522.576416015625
5442,856.7451578776041
5443,1264.5594889322917
5444,1124.5945231119792
5445,1301.28466796875
5446,1302.5965169270833
5447,1006.0125325520834
5448,850.3802897135416
5449,557.4849650065104
5450,3169.9090169270835
5451,733.2491048177084
5452,1345.9419352213542
5453,663.8430786132812
5454,1359.4066162109375
5455,1648.6990966796875
5456,1256.6187337239583
5457,982.4446004231771
5458,1259.833740234375
5459,655.0742390950521
5460,797.4948323567709
5461,1298.6705322265625
5462,1013.0850830078125
5463,1301.4433186848958
5464,1176.757568359375
5465,1528.0617268880208
5466,1447.39697265625
5467,1781.7548421223958
5468,3586.0048014322915
5469,2217.668212890625
5470,1695.7996419270833
5471,883.2252400716146
5472,2635.2021484375
5473,795.705078125
5474,1291.7382405598958
5475,2452.434326171875
5476,857.8737996419271
5477,890.4087524414062
5478,972.5767211914062
5479,724.5488484700521
5480,890.6621500651041
5481,692.1565348307291
5482,1298.4259033203125
5483,750.9435831705729
5484,853.5242919921875
5485,765.2217610677084
5486,1688.5115559895833
5487,2867.4275716145835
5488,1409.2517496744792
5489,1229.157470703125
5490,993.7143758138021
5491,737.0652465820312
5492,940.5239461263021
5493,1206.4296468098958
5494,2367.433837890625
5495,1039.8363850911458
5496,859.7208455403646
5497,841.6993611653646
5498,1530.1484375
5499,1198.2995198567708
5500,770.4186197916666
5501,1212.7738850911458
5502,1047.3622639973958
5503,984.5560099283854
5504,2156.910400390625
5505,1740.0004069010417
5506,1834.2502034505208
5507,952.0350545247396
5508,1248.4810791015625
5509,755.5805867513021
5510,1783.8034261067708
5511,901.5852661132812
5512,863.9405110677084
5513,2047.321044921875
5514,1092.0419921875
5515,1153.2335611979167
5516,594.1354370117188
5517,892.8892822265625
5518,3224.5474446614585
5519,1794.0949300130208
5520,769.135986328125
5521,1851.7899169921875
5522,907.3803100585938
5523,956.4147542317709
5524,2872.2423502604165
5525,1758.0480143229167
5526,1069.2186279296875
5527,1516.6971842447917
5528,1513.46240234375
5529,728.1967976888021
5530,1098.3018798828125
5531,889.6903889973959
5532,740.1527099609375
5533,1124.8070882161458
5534,4511.621419270833
5535,540.920654296875
5536,841.5157267252604
5537,964.8839925130209
5538,2033.2831624348958
5539,2112.9346516927085
5540,1135.1778157552083
5541,502.57432047526044
5542,2108.9039713541665
5543,1618.80712890625
5544,1247.4683024088542
5545,1044.3951822916667
5546,1313.6412760416667
5547,1366.546630859375
5548,926.8200276692709
5549,803.2202351888021
5550,1466.8761800130208
5551,966.7970377604166
5552,1214.7181396484375
5553,885.8324788411459
5554,975.0335489908854
5555,1206.0557454427083
5556,737.4060262044271
5557,567.7159220377604
5558,1238.14306640625
5559,3063.360595703125
5560,1365.5303548177083
5561,972.3666381835938
5562,2390.7486165364585
5563,976.7602945963541
5564,1302.5787760416667
5565,1003.3044026692709
5566,1098.7209879557292
5567,1934.6581217447917
5568,972.3111979166666
5569,1014.2840576171875
5570,538.8239135742188
5571,3046.4903157552085
5572,886.8096923828125
5573,1025.8826497395833
5574,1586.8153889973958
5575,1475.06494140625
5576,1488.3083902994792
5577,1148.8516031901042
5578,2593.0528157552085
5579,749.7024536132812
5580,440.7131042480469
5581,1074.1855061848958
5582,1360.8701578776042
5583,774.3435668945312
5584,1806.8624267578125
5585,1597.8863525390625
5586,1169.466064453125
5587,753.2713419596354
5588,2536.8531087239585
5589,2039.866943359375
5590,2803.3980305989585
5591,833.1726888020834
5592,1404.5326741536458
5593,1028.6339925130208
5594,1596.9835205078125
5595,777.8966064453125
5596,1986.9979248046875
5597,1238.43505859375
5598,2131.4313151041665
5599,703.0625203450521
5600,2018.8860677083333
5601,1040.9420166015625
5602,788.1126302083334
5603,1592.2433675130208
5604,2216.2686360677085
5605,1479.3214518229167
5606,1138.5552164713542
5607,2406.292724609375
5608,910.701416015625
5609,2867.3645833333335
5610,1603.5150146484375
5611,1415.4720052083333
5612,939.1757609049479
5613,1444.4376627604167
5614,1103.4403076171875
5615,1170.6457112630208
5616,1386.6005045572917
5617,1058.3629964192708
5618,1406.9311930338542
5619,844.8819173177084
5620,2039.4510904947917
5621,876.5011393229166
5622,1109.2440592447917
5623,1658.6169840494792
5624,1286.8271484375
5625,1338.52490234375
5626,1305.3663330078125
5627,1326.2164713541667
5628,2258.38525390625
5629,822.4806925455729
5630,1010.2724609375
5631,2577.9234212239585
5632,654.1887817382812
5633,2661.337890625
5634,1165.5715738932292
5635,927.0742390950521
5636,1526.7482096354167
5637,656.4853719075521
5638,2069.4593912760415
5639,1644.5275472005208
5640,1116.1334635416667
5641,862.1555379231771
5642,1341.4541829427083
5643,2249.4264322916665
5644,1341.4893391927083
5645,1198.546875
5646,697.8029581705729
5647,1126.6164957682292
5648,1075.4861246744792
5649,1091.7575276692708
5650,936.6161499023438
5651,1427.8656412760417
5652,534.4271443684896
5653,704.5371500651041
5654,1058.0149739583333
5655,1376.58251953125
5656,1671.6104329427083
5657,896.49267578125
5658,1095.3104248046875
5659,3000.024658203125
5660,897.5048217773438
5661,1667.1398518880208
5662,1986.0751546223958
5663,1245.2887369791667
5664,719.6233723958334
5665,946.8959147135416
5666,1036.6654052734375
5667,1139.0043538411458
5668,869.2440999348959
5669,738.5761108398438
5670,622.2939249674479
5671,1324.7836507161458
5672,1175.7469075520833
5673,987.9571533203125
5674,1431.5908203125
5675,1346.316162109375
5676,763.7695922851562
5677,927.7405192057291
5678,3168.49658203125
5679,2674.6611328125
5680,816.1061197916666
5681,862.654541015625
5682,759.0836181640625
5683,1577.5891927083333
5684,2425.9461263020835
5685,790.5550130208334
5686,1220.0643310546875
5687,883.3857218424479
5688,1228.0438639322917
5689,989.7238362630209
5690,2338.9827473958335
5691,502.3686116536458
5692,825.4496866861979
5693,996.8274129231771
5694,453.5197448730469
5695,820.8658447265625
5696,1468.8221842447917
5697,1276.7840983072917
5698,733.669677734375
5699,1258.8230387369792
5700,735.6152954101562
5701,1409.9187825520833
5702,1058.6914469401042
5703,920.2766927083334
5704,1140.6312662760417
5705,705.2987670898438
5706,1258.9827880859375
5707,767.2037760416666
5708,1491.117919921875
5709,466.5467529296875
5710,1163.1024169921875
5711,875.2759399414062
5712,880.3714192708334
5713,1691.3268229166667
5714,1131.4600016276042
5715,2229.7273763020835
5716,812.5221964518229
5717,886.7119954427084
5718,1155.6539306640625
5719,1777.88525390625
5720,2833.815673828125
5721,1267.2127278645833
5722,1038.51708984375
5723,855.3917846679688
5724,1719.311279296875
5725,1234.5197347005208
5726,1028.9481608072917
5727,1182.9022216796875
5728,936.9814046223959
5729,1089.1800537109375
5730,4414.468912760417
5731,1089.3628336588542
5732,1365.7506103515625
5733,2009.3204345703125
5734,1030.9615478515625
5735,1343.990966796875
5736,2011.2946370442708
5737,1569.5593668619792
5738,988.5152587890625
5739,576.3462320963541
5740,1203.6536051432292
5741,617.5248819986979
5742,572.9556477864584
5743,561.8954874674479
5744,494.6751200358073
5745,940.068359375
5746,1320.2298990885417
5747,690.8746541341146
5748,1011.8133544921875
5749,694.8841552734375
5750,601.8526000976562
5751,1137.0140787760417
5752,511.0657552083333
5753,946.0433756510416
5754,673.5236409505209
5755,589.6459554036459
5756,1023.8844604492188
5757,2461.646240234375
5758,1192.9604899088542
5759,1660.6298014322917
5760,2498.3531901041665
5761,1406.0096842447917
5762,1038.2378743489583
5763,1257.7207845052083
5764,1158.7374267578125
5765,918.5988159179688
5766,1056.9834798177083
5767,1688.392578125
5768,1747.1961263020833
5769,936.87451171875
5770,711.1092936197916
5771,4112.74267578125
5772,1644.4053141276042
5773,1516.26416015625
5774,1138.29736328125
5775,960.1356404622396
5776,1471.7911376953125
5777,1234.0357259114583
5778,1105.8402913411458
5779,1071.2320963541667
5780,1277.5947265625
5781,1186.0370279947917
5782,887.7949015299479
5783,1622.3924967447917
5784,1995.6512044270833
5785,1374.1970621744792
5786,3456.1027018229165
5787,1047.5269368489583
5788,3265.966796875
5789,2183.0716959635415
5790,2124.9771321614585
5791,1883.598388671875
5792,592.0595703125
5793,1161.7975667317708
5794,2179.214599609375
5795,2345.4657389322915
5796,1093.6247151692708
5797,1297.4407552083333
5798,1449.2179361979167
5799,1239.2110188802083
5800,934.2460327148438
5801,600.9593505859375
5802,742.164306640625
5803,1249.9523518880208
5804,1560.8597819010417
5805,396.8963216145833
5806,2391.0728352864585
5807,1678.0183512369792
5808,1372.7078450520833
5809,944.425048828125
5810,1628.8138834635417
5811,1881.9159342447917
5812,629.2753499348959
5813,604.7450968424479
5814,1240.4541829427083
5815,514.1733805338541
5816,5472.22021484375
5817,1244.0375569661458
5818,1356.6221923828125
5819,641.0811157226562
5820,740.7108154296875
5821,1124.0168050130208
5822,750.1073608398438
5823,1093.8101399739583
5824,1714.4290771484375
5825,836.4758097330729
5826,979.5407307942709
5827,487.5538330078125
5828,858.6196899414062
5829,540.2257080078125
5830,950.2119547526041
5831,1829.8273111979167
5832,1472.8695068359375
5833,1794.4440511067708
5834,1415.8830159505208
5835,1466.1935221354167
5836,1081.4011637369792
5837,1317.2022705078125
5838,527.5939737955729
5839,945.3148803710938
5840,2092.5857747395835
5841,3455.4069010416665
5842,2102.953857421875
5843,795.2583821614584
5844,1909.1505533854167
5845,1387.59619140625
5846,1519.4452718098958
5847,944.2708943684896
5848,1485.3601888020833
5849,1232.8424072265625
5850,2536.8241373697915
5851,1344.4911295572917
5852,1159.4673258463542
5853,817.5888061523438
5854,732.6603393554688
5855,1310.1494140625
5856,817.5540974934896
5857,998.0114542643229
5858,2001.1898600260417
5859,2005.9405924479167
5860,4396.19189453125
5861,977.5530395507812
5862,1714.0287272135417
5863,964.0542602539062
5864,2097.8165690104165
5865,1896.8535970052083
5866,1682.4403889973958
5867,1769.2657877604167
5868,1067.7670491536458
5869,1751.142578125
5870,1411.68310546875
5871,1467.2176106770833
5872,827.6376953125
5873,1171.9928792317708
5874,1237.1243896484375
5875,1041.54931640625
5876,1330.7785237630208
5877,1179.3347981770833
5878,749.0575968424479
5879,1128.5738525390625
5880,563.7293497721354
5881,1534.066650390625
5882,1907.3669026692708
5883,1246.9092203776042
5884,2983.4537760416665
5885,1658.5874837239583
5886,1227.3690185546875
5887,2030.8545735677083
5888,864.7257486979166
5889,1442.9245198567708
5890,1068.230712890625
5891,1198.2899169921875
5892,1447.1201578776042
5893,615.8061726888021
5894,1697.4602457682292
5895,786.8070068359375
5896,3165.9165852864585
5897,3225.5386555989585
5898,1634.8260091145833
5899,1651.8014322916667
5900,1270.7593180338542
5901,534.7550252278646
5902,1822.4942626953125
5903,1114.738525390625
5904,706.8045654296875
5905,700.7311604817709
5906,1321.2677815755208
5907,740.4488932291666
5908,648.082275390625
5909,2837.8487141927085
5910,1442.6173095703125
5911,693.8032023111979
5912,1243.4338785807292
5913,528.1982828776041
5914,683.7505289713541
5915,1147.41162109375
5916,960.2891845703125
5917,806.9239298502604
5918,1047.323486328125
5919,613.291015625
5920,3029.5030110677085
5921,971.2411295572916
5922,2018.7823079427083
5923,825.3961588541666
5924,2303.0606282552085
5925,1833.652099609375
5926,1436.4928385416667
5927,579.5842692057291
5928,2513.617431640625
5929,753.6294148763021
5930,803.0102335611979
5931,832.2346394856771
5932,938.1804402669271
5933,1632.4170328776042
5934,937.3016560872396
5935,657.0266723632812
5936,902.83251953125
5937,2005.3837483723958
5938,689.12451171875
5939,1179.4252115885417
5940,1023.9295857747396
5941,3176.1145833333335
5942,727.4647827148438
5943,1484.6914876302083
5944,1864.4761962890625
5945,1384.5858154296875
5946,1643.2104085286458
5947,516.3686319986979
5948,832.5560506184896
5949,1171.9163411458333
5950,1083.3902994791667
5951,1152.9643147786458
5952,4282.579264322917
5953,1315.9200439453125
5954,605.2917073567709
5955,826.4792683919271
5956,1040.0607503255208
5957,932.3882242838541
5958,2128.072509765625
5959,626.5300496419271
5960,1439.8717041015625
5961,1582.612548828125
5962,2077.6682942708335
5963,1762.7610677083333
5964,3047.711181640625
5965,2034.7242024739583
5966,1685.9249267578125
5967,763.6777954101562
5968,1548.9918212890625
5969,1355.075439453125
5970,873.3969523111979
5971,2985.718994140625
5972,644.4406127929688
5973,1164.9478352864583
5974,1327.6785074869792
5975,2059.0638834635415
5976,1235.4501139322917
5977,1143.3326416015625
5978,1129.4888916015625
5979,1795.4786783854167
5980,1035.0157877604167
5981,2242.0340983072915
5982,2055.6077473958335
5983,2092.5921223958335
5984,2093.5818684895835
5985,571.4819132486979
5986,915.0327555338541
5987,732.0508829752604
5988,1063.7368570963542
5989,810.2631225585938
5990,1248.7061360677083
5991,922.921875
5992,740.1825968424479
5993,2311.3819986979165
5994,1141.2406412760417
5995,1099.9474690755208
5996,1266.2943929036458
5997,880.6764526367188
5998,1408.77587890625
5999,1174.4607747395833
6000,1453.5945231119792
6001,1018.4846394856771
6002,777.8502197265625
6003,1459.4919840494792
6004,852.4326578776041
6005,941.8882446289062
6006,886.3207194010416
6007,1190.642578125
6008,1679.517333984375
6009,650.291748046875
6010,948.4575602213541
6011,1004.1921183268229
6012,796.5971883138021
6013,844.1579793294271
6014,2602.4552408854165
6015,1430.8532307942708
6016,1154.75244140625
6017,1321.5898844401042
6018,1977.3363850911458
6019,2375.130126953125
6020,1501.958740234375
6021,1110.6746419270833
6022,952.3431396484375
6023,2088.4003092447915
6024,970.3654581705729
6025,753.7799275716146
6026,1566.2432454427083
6027,722.6486612955729
6028,822.0451253255209
6029,3705.9017740885415
6030,959.1094767252604
6031,2954.3084309895835
6032,1770.4845377604167
6033,2199.904541015625
6034,893.8459269205729
6035,767.6326497395834
6036,930.6435343424479
6037,722.3646647135416
6038,1122.3046061197917
6039,1529.0411783854167
6040,1055.0431315104167
6041,2357.7493489583335
6042,2009.6365559895833
6043,590.9408365885416
6044,1065.1009521484375
6045,1053.6946207682292
6046,1510.8993733723958
6047,13416.22265625
6048,509.8857828776042
6049,2280.3538411458335
6050,1650.9340413411458
6051,1305.0080159505208
6052,752.9149576822916
6053,1352.645263671875
6054,972.3251546223959
6055,3180.7745768229165
6056,3212.62841796875
6057,1058.7272135416667
6058,657.0671183268229
6059,788.84521484375
6060,1732.9690348307292
6061,706.5033162434896
6062,1768.7958170572917
6063,2044.7569986979167
6064,1341.5185953776042
6065,883.9056599934896
6066,12120.764973958334
6067,906.0227457682291
6068,983.6317342122396
6069,1798.703125
6070,998.3013102213541
6071,1195.458984375
6072,1373.5295003255208
6073,613.7880452473959
6074,2663.3121744791665
6075,920.8835856119791
6076,602.8856811523438
6077,825.1265869140625
6078,1329.4126790364583
6079,1053.7734781901042
6080,869.5038452148438
6081,1449.966064453125
6082,1104.3555094401042
6083,4061.7180989583335
6084,1090.1251627604167
6085,960.8667195638021
6086,1735.1116536458333
6087,1045.4881998697917
6088,1885.9021402994792
6089,1293.6646321614583
6090,1390.7147216796875
6091,1194.9962565104167
6092,1352.4353434244792
6093,1569.80322265625
6094,1511.3275553385417
6095,721.2581380208334
6096,527.8435262044271
6097,921.4837443033854
6098,992.154296875
6099,1628.3695068359375
6100,744.0100504557291
6101,1230.9317220052083
6102,2018.6177571614583
6103,1879.5682373046875
6104,761.2650960286459
6105,1028.0315755208333
6106,1822.4209798177083
6107,850.3606160481771
6108,716.7429809570312
6109,2743.9451497395835
6110,1264.2845458984375
6111,878.2214965820312
6112,1496.302490234375
6113,1598.0620930989583
6114,3981.346923828125
6115,1422.5685221354167
6116,1214.561767578125
6117,686.8184407552084
6118,1571.214111328125
6119,1216.3572184244792
6120,580.7709147135416
6121,1182.0342203776042
6122,754.3956705729166
6123,1851.0272623697917
6124,2193.3158365885415
6125,995.8892822265625
6126,557.0309855143229
6127,2139.3082682291665
6128,569.5370483398438
6129,574.0946044921875
6130,698.8348999023438
6131,1787.8275553385417
6132,1934.6270345052083
6133,1876.3404134114583
6134,1010.4659627278646
6135,896.3564249674479
6136,622.7481079101562
6137,1346.1014811197917
6138,1083.7593587239583
6139,999.0910237630209
6140,2447.0689290364585
6141,1824.59716796875
6142,955.5999145507812
6143,1466.2172037760417
6144,625.5209757486979
6145,1129.61279296875
6146,876.034912109375
6147,1112.590087890625
6148,1799.4723714192708
6149,994.2197062174479
6150,1016.1619669596354
6151,1222.2347005208333
6152,1507.3958333333333
6153,1571.904296875
6154,722.0066528320312
6155,1786.7967529296875
6156,738.1488037109375
6157,1051.8664143880208
6158,992.3061726888021
6159,2348.7881673177085
6160,2094.304443359375
6161,1932.033447265625
6162,1008.0110270182291
6163,1856.6986897786458
6164,2060.27197265625
6165,1562.9942220052083
6166,985.1777954101562
6167,1277.4850667317708
6168,1044.10205078125
6169,967.0536499023438
6170,695.8787434895834
6171,635.3687744140625
6172,963.1431884765625
6173,3078.1199544270835
6174,1908.7677001953125
6175,2263.1095377604165
6176,1401.0963948567708
6177,721.3348795572916
6178,628.9503377278646
6179,743.4212443033854
6180,1019.3818155924479
6181,1562.506103515625
6182,1322.7293294270833
6183,2007.1529947916667
6184,844.1220703125
6185,1379.8780924479167
6186,3922.6300455729165
6187,938.0168863932291
6188,614.3328857421875
6189,2478.094970703125
6190,762.7239176432291
6191,801.7674763997396
6192,870.7217203776041
6193,1410.4345703125
6194,1325.6051025390625
6195,926.1411946614584
6196,1166.2054850260417
6197,797.2772013346354
6198,734.4860026041666
6199,1097.3685709635417
6200,967.0335489908854
6201,1069.506591796875
6202,1377.8409830729167
6203,806.3277994791666
6204,1912.5673014322917
6205,1201.6206461588542
6206,961.9080810546875
6207,850.8554484049479
6208,1241.9891764322917
6209,3083.18408203125
6210,954.9300333658854
6211,1260.0171712239583
6212,1383.1337076822917
6213,6218.7841796875
6214,1406.0251057942708
6215,2632.9536946614585
6216,759.3266398111979
6217,708.9400227864584
6218,1121.3149820963542
6219,802.1172688802084
6220,2179.82421875
6221,1939.156494140625
6222,913.2120768229166
6223,865.2394205729166
6224,1962.7223307291667
6225,1232.7969970703125
6226,637.3585001627604
6227,1040.7382405598958
6228,840.6015421549479
6229,977.0256551106771
6230,602.0644327799479
6231,1174.9739990234375
6232,1484.3382161458333
6233,859.9153238932291
6234,862.6617838541666
6235,733.6633097330729
6236,1098.4877522786458
6237,929.6544596354166
6238,1186.0082194010417
6239,731.5596516927084
6240,1161.3765462239583
6241,1413.7602132161458
6242,1645.3276774088542
6243,1439.0470784505208
6244,518.859130859375
6245,1279.5826009114583
6246,924.2497965494791
6247,911.8627726236979
6248,1331.8903401692708
6249,902.6104125976562
6250,1022.9080607096354
6251,1180.4125569661458
6252,660.8175659179688
6253,854.5436197916666
6254,966.6800740559896
6255,853.0070597330729
6256,4368.748372395833
6257,1166.1009521484375
6258,1046.8039957682292
6259,552.4751586914062
6260,1850.40185546875
6261,1164.0517578125
6262,1507.0187174479167
6263,1350.4407958984375
6264,1551.2251790364583
6265,1517.8345133463542
6266,1841.4349772135417
6267,963.2283935546875
6268,824.6588134765625
6269,738.218505859375
6270,1138.6437174479167
6271,965.4757486979166
6272,1280.6783040364583
6273,1689.8075358072917
6274,697.4909464518229
6275,1553.4092610677083
6276,1804.7462565104167
6277,1159.8680419921875
6278,917.0508219401041
6279,912.8849487304688
6280,801.6068115234375
6281,3014.12548828125
6282,908.1781616210938
6283,1152.431396484375
6284,1436.1924641927083
6285,1464.9178466796875
6286,969.1217651367188
6287,1151.6438395182292
6288,760.1438598632812
6289,746.6102905273438
6290,1581.0199381510417
6291,950.193359375
6292,1206.6531982421875
6293,731.1499837239584
6294,970.2457885742188
6295,708.8857828776041
6296,1468.3832600911458
6297,887.9151000976562
6298,1343.2943929036458
6299,1611.8755289713542
6300,1306.707763671875
6301,812.8550618489584
6302,1105.9615071614583
6303,640.8904418945312
6304,1277.0895182291667
6305,700.6451212565104
6306,648.9564412434896
6307,1015.4839477539062
6308,1131.89453125
6309,1403.895751953125
6310,1024.1170247395833
6311,663.5436808268229
6312,1743.1810709635417
6313,706.0503336588541
6314,1379.7486979166667
6315,1330.4001057942708
6316,581.5361735026041
6317,495.1724853515625
6318,933.0961710611979
6319,773.9938761393229
6320,587.6810709635416
6321,1360.7763264973958
6322,1302.4980875651042
6323,1030.03271484375
6324,1375.7508544921875
6325,1177.1977945963542
6326,803.74267578125
6327,879.6618448893229
6328,802.2752075195312
6329,941.9434611002604
6330,1596.1875813802083
6331,1641.3595784505208
6332,1431.7650146484375
6333,824.2885538736979
6334,867.3608194986979
6335,961.5279744466146
6336,1338.1068929036458
6337,576.9032592773438
6338,597.3861490885416
6339,1123.700439453125
6340,826.5846354166666
6341,4330.190266927083
6342,1096.5461832682292
6343,520.2583414713541
6344,795.3470052083334
6345,1264.4622802734375
6346,1512.4051106770833
6347,1494.4370930989583
6348,1340.3609619140625
6349,1297.359130859375
6350,834.7614135742188
6351,1383.4693196614583
6352,1303.5589192708333
6353,734.216064453125
6354,1524.9434407552083
6355,754.0901692708334
6356,631.9949544270834
6357,1746.9493408203125
6358,975.3025309244791
6359,1270.4708251953125
6360,876.5120239257812
6361,1360.5440673828125
6362,1206.1955973307292
6363,1506.9570719401042
6364,1195.3141682942708
6365,1008.3970743815104
6366,1014.0147501627604
6367,2692.8065592447915
6368,3728.1520182291665
6369,1660.0192464192708
6370,1389.166015625
6371,649.2702433268229
6372,895.4938354492188
6373,716.5048421223959
6374,738.6451009114584
6375,736.8307698567709
6376,1107.4423421223958
6377,930.8514404296875
6378,2297.4480794270835
6379,2613.65869140625
6380,929.8468017578125
6381,853.5910441080729
6382,1145.6820475260417
6383,1084.2098388671875
6384,879.4444783528646
6385,939.40478515625
6386,1074.2831624348958
6387,1213.7707926432292
6388,781.5924072265625
6389,1327.138671875
6390,632.1994222005209
6391,863.6622314453125
6392,1522.8146158854167
6393,2211.470703125
6394,1918.9596354166667
6395,876.5002644856771
6396,722.9393107096354
6397,1226.7143147786458
6398,1331.5518391927083
6399,1735.7452392578125
6400,662.6192626953125
6401,1405.4854736328125
6402,703.2718098958334
6403,779.9687296549479
6404,1246.53369140625
6405,484.5329895019531
6406,1626.9854329427083
6407,3601.7586263020835
6408,1332.6964518229167
6409,1203.7994384765625
6410,2434.44873046875
6411,1732.2208251953125
6412,1010.7484537760416
6413,796.7439168294271
6414,1084.3450113932292
6415,1300.1819254557292
6416,933.85693359375
6417,2439.8299153645835
6418,992.2317504882812
6419,889.6370442708334
6420,1122.8711344401042
6421,1557.1101888020833
6422,1516.9216715494792
6423,1457.6954345703125
6424,802.4961751302084
6425,1725.3704833984375
6426,1119.411376953125
6427,1072.3602294921875
6428,621.7366739908854
6429,444.0667317708333
6430,3558.7057291666665
6431,1936.7652587890625
6432,2145.64599609375
6433,1589.2576090494792
6434,984.499267578125
6435,1571.8533121744792
6436,1502.3089192708333
6437,1008.0490519205729
6438,1294.6378173828125
6439,1959.0980224609375
6440,1289.289794921875
6441,800.9016316731771
6442,1978.9772542317708
6443,620.4283650716146
6444,1861.2444254557292
6445,1721.4336344401042
6446,1733.6114908854167
6447,1045.98193359375
6448,740.9017740885416
6449,2454.6568196614585
6450,2245.8153483072915
6451,1413.2097981770833
6452,883.0256144205729
6453,1230.7499186197917
6454,1298.7441813151042
6455,1872.8695475260417
6456,1215.9957682291667
6457,1553.5474446614583
6458,1111.396240234375
6459,2167.3636067708335
6460,965.2588907877604
6461,1030.3385823567708
6462,1102.9071858723958
6463,967.5129191080729
6464,822.3544514973959
6465,820.0085652669271
6466,994.8107299804688
6467,1398.7002360026042
6468,1213.9769694010417
6469,1735.2257080078125
6470,1492.1964111328125
6471,1380.7684733072917
6472,2024.9638671875
6473,1286.4231363932292
6474,880.4551188151041
6475,803.6138509114584
6476,1255.5845133463542
6477,1634.3373209635417
6478,1894.3210856119792
6479,1373.3919677734375
6480,1343.6997477213542
6481,831.7476399739584
6482,1419.4053548177083
6483,818.2634684244791
6484,2433.67578125
6485,811.9873046875
6486,2186.4295247395835
6487,1222.0301920572917
6488,569.6629231770834
6489,1152.9563395182292
6490,1189.7180582682292
6491,1604.9960530598958
6492,1292.4521891276042
6493,2425.0359700520835
6494,687.467041015625
6495,1220.475341796875
6496,1637.8153889973958
6497,914.4045613606771
6498,1119.1806640625
6499,931.3464965820312
6500,680.4981486002604
6501,914.7885335286459
6502,819.6133015950521
6503,959.3730672200521
6504,1997.1415201822917
6505,1609.4317220052083
6506,849.7835489908854
6507,2563.8446451822915
6508,703.4676920572916
6509,1086.8735758463542
6510,645.7388102213541
6511,569.7800903320312
6512,1038.2729085286458
6513,809.6718546549479
6514,905.7469482421875
6515,1077.9069010416667
6516,1334.9547932942708
6517,719.6983846028646
6518,2095.0415852864585
6519,555.97021484375
6520,889.7921549479166
6521,1188.0879720052083
6522,2182.622314453125
6523,2965.7381998697915
6524,3096.889892578125
6525,1459.9213460286458
6526,960.7751668294271
6527,1488.8729248046875
6528,644.0414632161459
6529,1682.915283203125
6530,917.5028279622396
6531,673.0034383138021
6532,1607.9950358072917
6533,1760.7207845052083
6534,913.3647054036459
6535,668.8314208984375
6536,1003.9553833007812
6537,1187.8307698567708
6538,1088.2110188802083
6539,1299.5567220052083
6540,1497.8839111328125
6541,2804.1986490885415
6542,1438.3449300130208
6543,905.3523152669271
6544,756.4757893880209
6545,1079.3830159505208
6546,763.3462117513021
6547,649.0722249348959
6548,771.6387736002604
6549,986.8221232096354
6550,1875.5819091796875
6551,1598.057861328125
6552,1268.3732096354167
6553,1160.5277506510417
6554,903.5812377929688
6555,797.6498819986979
6556,896.2203979492188
6557,974.9217529296875
6558,858.034423828125
6559,598.4521280924479
6560,2359.0104166666665
6561,935.6370035807291
6562,686.3945515950521
6563,2652.9183756510415
6564,1563.32373046875
6565,770.9122721354166
6566,834.7820638020834
6567,1041.2465006510417
6568,866.5904337565104
6569,1202.4032796223958
6570,1226.3080647786458
6571,775.8166707356771
6572,503.8291015625
6573,928.4162394205729
6574,1381.8041585286458
6575,918.7793986002604
6576,396.14512125651044
6577,681.5724894205729
6578,962.7543131510416
6579,1308.9624837239583
6580,1343.8612874348958
6581,806.2531331380209
6582,1276.8358968098958
6583,898.9480183919271
6584,1067.6792805989583
6585,669.8173014322916
6586,1186.0721435546875
6587,664.1529744466146
6588,2134.2132161458335
6589,1099.4999186197917
6590,1511.3385823567708
6591,2826.8409016927085
6592,1073.0152994791667
6593,853.539306640625
6594,1043.595703125
6595,426.16614786783856
6596,407.24852498372394
6597,1040.127685546875
6598,1113.0213623046875
6599,650.588134765625
6600,2673.534423828125
6601,1240.0918782552083
6602,1018.1447550455729
6603,580.0243733723959
6604,1088.6190185546875
6605,1210.27099609375
6606,849.5995279947916
6607,1159.8334554036458
6608,728.6919962565104
6609,551.8827311197916
6610,680.7821858723959
6611,2265.7794596354165
6612,1051.9875895182292
6613,938.7875569661459
6614,1018.3336995442709
6615,711.5809326171875
6616,1034.2540283203125
6617,887.8391723632812
6618,831.6215006510416
6619,632.2704467773438
6620,2206.2752278645835
6621,1193.7950846354167
6622,899.5928548177084
6623,1141.7042236328125
6624,2103.789794921875
6625,2093.819580078125
6626,1092.023681640625
6627,2244.5292154947915
6628,901.5257568359375
6629,1054.7334391276042
6630,533.0813395182291
6631,703.7931925455729
6632,775.7981974283854
6633,637.3018595377604
6634,1254.7287190755208
6635,1038.4455973307292
6636,1152.9348958333333
6637,1472.7452799479167
6638,636.6404825846354
6639,565.3677368164062
6640,469.48122151692706
6641,652.9442749023438
6642,770.7739868164062
6643,577.8480631510416
6644,391.6268717447917
6645,1293.834228515625
6646,1151.1993001302083
6647,712.7469278971354
6648,863.2322591145834
6649,1372.5991617838542
6650,2028.5725504557292
6651,709.0354410807291
6652,708.5973917643229
6653,722.6968180338541
6654,2703.8402506510415
6655,2865.6464029947915
6656,2131.9466145833335
6657,1084.4168701171875
6658,732.6807250976562
6659,1324.328125
6660,874.3887125651041
6661,1571.714111328125
6662,1008.7435709635416
6663,2202.6261393229165
6664,1132.1217447916667
6665,1907.3850911458333
6666,977.4437459309896
6667,949.7822875976562
6668,759.1192830403646
6669,1194.0323079427083
6670,1072.3955891927083
6671,2026.1208902994792
6672,1483.3210042317708
6673,835.208251953125
6674,932.4976806640625
6675,982.0775756835938
6676,980.321533203125
6677,718.5028279622396
6678,1783.7320149739583
6679,881.2450154622396
6680,1150.9272867838542
6681,3295.6370442708335
6682,1483.3092854817708
6683,1745.400146484375
6684,1205.9058024088542
6685,2669.9261881510415
6686,1090.1275634765625
6687,1243.594970703125
6688,1169.2067464192708
6689,1104.7353515625
6690,693.0490926106771
6691,957.7925821940104
6692,3363.7721354166665
6693,1009.1542765299479
6694,535.5733642578125
6695,1879.9761962890625
6696,933.7221069335938
6697,1362.1657307942708
6698,1618.3235270182292
6699,3306.084716796875
6700,1202.2272542317708
6701,523.5810139973959
6702,1406.0400390625
6703,1334.897216796875
6704,1795.6511637369792
6705,799.1536661783854
6706,890.7728068033854
6707,1844.6195475260417
6708,763.6651000976562
6709,807.3790486653646
6710,700.8926798502604
6711,1299.8835042317708
6712,1959.0390625
6713,1228.3454182942708
6714,1216.2920328776042
6715,838.644775390625
6716,651.9499308268229
6717,810.4918823242188
6718,1111.784912109375
6719,1293.9056396484375
6720,911.8034871419271
6721,869.4039510091146
6722,677.1505533854166
6723,575.8748575846354
6724,1043.7840169270833
6725,1433.2531331380208
6726,863.1453247070312
6727,1014.3255004882812
6728,931.1319986979166
6729,944.1736653645834
6730,999.0455932617188
6731,910.0648803710938
6732,1648.1927083333333
6733,1041.655517578125
6734,795.2474161783854
6735,962.6509602864584
6736,585.5509643554688
6737,1380.7300211588542
6738,2767.1573079427085
6739,2237.29150390625
6740,2661.9775390625
6741,780.1914876302084
6742,670.6138509114584
6743,862.8508911132812
6744,625.0265706380209
6745,1611.2596842447917
6746,980.6843668619791
6747,665.7572835286459
6748,779.5098063151041
6749,802.5448811848959
6750,5285.539876302083
6751,869.5812581380209
6752,901.0504150390625
6753,893.8844807942709
6754,867.5617472330729
6755,934.6005249023438
6756,781.6529744466146
6757,1639.7169596354167
6758,1568.8978678385417
6759,1599.2880859375
6760,824.4181315104166
6761,1519.190673828125
6762,949.55078125
6763,1273.0968017578125
6764,515.5506591796875
6765,3735.41015625
6766,1419.4163818359375
6767,728.4336751302084
6768,3433.4669596354165
6769,899.7177937825521
6770,660.2858683268229
6771,820.3285319010416
6772,541.7860514322916
6773,2639.615966796875
6774,580.0178833007812
6775,1700.6664632161458
6776,1553.1809895833333
6777,1372.9409993489583
6778,1050.4573567708333
6779,998.1652221679688
6780,1210.7269287109375
6781,994.0124104817709
6782,858.4474487304688
6783,1535.5054931640625
6784,1182.31298828125
6785,1283.6318359375
6786,964.5476888020834
6787,1057.519287109375
6788,1079.1993408203125
6789,976.7110799153646
6790,3208.4956868489585
6791,1079.7010091145833
6792,889.6445109049479
6793,2216.297119140625
6794,988.1447143554688
6795,692.6245727539062
6796,1010.8642985026041
6797,987.9185384114584
6798,1135.7201741536458
6799,845.1112060546875
6800,862.0212809244791
6801,658.8457641601562
6802,1849.1975504557292
6803,1353.4197184244792
6804,2132.867919921875
6805,1705.5171305338542
6806,399.3427734375
6807,709.5736287434896
6808,1266.7944742838542
6809,1139.5850016276042
6810,1196.8721516927083
6811,1126.8657633463542
6812,1340.21044921875
6813,1015.61767578125
6814,785.60986328125
6815,1039.5723470052083
6816,469.4623514811198
6817,1362.9618733723958
6818,1233.498046875
6819,814.5072428385416
6820,1013.4578043619791
6821,540.4284871419271
6822,2591.6494954427085
6823,646.8917643229166
6824,791.8592529296875
6825,683.2467854817709
6826,2880.034423828125
6827,1082.4935302734375
6828,1643.6453450520833
6829,1226.6644694010417
6830,1172.6413981119792
6831,1070.8460286458333
6832,1561.4641927083333
6833,1659.6000569661458
6834,606.3768920898438
6835,1173.0055745442708
6836,1502.1205240885417
6837,1554.254638671875
6838,1508.3561604817708
6839,1170.6839599609375
6840,859.7727254231771
6841,2115.5865071614585
6842,918.3028971354166
6843,1465.6820882161458
6844,1967.2099609375
6845,547.5435791015625
6846,1464.28662109375
6847,624.0868530273438
6848,1556.4646402994792
6849,1047.1802164713542
6850,1261.2315266927083
6851,1068.0071207682292
6852,1224.8301188151042
6853,2028.5558675130208
6854,1108.7432454427083
6855,1186.8822835286458
6856,1532.40576171875
6857,2361.057373046875
6858,1397.3704020182292
6859,743.4347127278646
6860,1817.4623209635417
6861,1091.8376871744792
6862,626.8730875651041
6863,1395.8086344401042
6864,1770.7926025390625
6865,886.4788614908854
6866,2224.1643880208335
6867,714.7136840820312
6868,623.7089436848959
6869,1271.8858235677083
6870,823.2859090169271
6871,763.8661499023438
6872,899.3224487304688
6873,1125.33984375
6874,2350.13525390625
6875,1517.4950764973958
6876,11682.5009765625
6877,889.9305013020834
6878,817.740966796875
6879,817.5853271484375
6880,3448.4916178385415
6881,1075.7247721354167
6882,1876.2826741536458
6883,600.9173177083334
6884,2092.975341796875
6885,6474.0107421875
6886,1598.52490234375
6887,637.0133870442709
6888,764.4596150716146
6889,1113.0739339192708
6890,797.9695638020834
6891,1099.6715087890625
6892,822.6732991536459
6893,1272.8028157552083
6894,816.9549153645834
6895,1802.1654052734375
6896,2553.7649739583335
6897,1274.4390462239583
6898,794.2423706054688
6899,887.5896199544271
6900,1519.390869140625
6901,608.1492919921875
6902,403.6509501139323
6903,1040.7532145182292
6904,1094.0246988932292
6905,806.8154093424479
6906,3189.07177734375
6907,1329.2877604166667
6908,1889.9889729817708
6909,958.5813395182291
6910,1449.0045166015625
6911,914.5760091145834
6912,2240.7169596354165
6913,1207.99462890625
6914,763.978759765625
6915,862.2080891927084
6916,554.2886149088541
6917,1093.2331136067708
6918,1373.6821695963542
6919,2374.8346354166665
6920,1348.2914225260417
6921,927.8877563476562
6922,1016.9029337565104
6923,3714.65478515625
6924,582.3586832682291
6925,840.7518717447916
6926,620.6324055989584
6927,1257.9864501953125
6928,1076.9390462239583
6929,499.5022277832031
6930,1196.5543212890625
6931,1769.2467447916667
6932,1356.8133951822917
6933,793.1536865234375
6934,1603.1360270182292
6935,1985.0238850911458
6936,532.2046305338541
6937,961.7373657226562
6938,809.6692301432291
6939,1985.2027587890625
6940,1991.498291015625
6941,1293.8553873697917
6942,1429.2745768229167
6943,783.0265706380209
6944,2347.5157877604165
6945,1013.1830647786459
6946,756.0498453776041
6947,1076.1731363932292
6948,1463.26513671875
6949,1081.6536865234375
6950,777.4238891601562
6951,1255.4630126953125
6952,1023.6435750325521
6953,1360.6919352213542
6954,480.9173177083333
6955,2513.8106282552085
6956,1038.9254964192708
6957,717.6814371744791
6958,680.1697387695312
6959,951.0928141276041
6960,1234.2584228515625
6961,1390.9636637369792
6962,1087.6328938802083
6963,1696.1008707682292
6964,783.8488362630209
6965,1124.6410725911458
6966,1118.0893147786458
6967,2037.9757893880208
6968,1362.720703125
6969,1335.7113850911458
6970,1623.0229899088542
6971,724.7399698893229
6972,808.6154988606771
6973,1190.993896484375
6974,805.5944010416666
6975,784.720947265625
6976,762.3154093424479
6977,1283.7725423177083
6978,2050.173828125
6979,543.8855590820312
6980,1299.2444661458333
6981,962.0084838867188
6982,661.2151082356771
6983,565.1859334309896
6984,515.5512898763021
6985,489.3702901204427
6986,781.5905965169271
6987,1011.9555867513021
6988,1165.1407877604167
6989,1042.7872721354167
6990,873.9082641601562
6991,1350.2117513020833
6992,924.1056925455729
6993,1423.890380859375
6994,1091.8003336588542
6995,2071.23388671875
6996,743.8856404622396
6997,2815.85791015625
6998,973.7864379882812
6999,923.2123209635416
7000,1643.7175699869792
7001,859.3914794921875
7002,878.6763509114584
7003,1127.3584798177083
7004,1823.6343587239583
7005,1264.0321044921875
7006,1304.1108805338542
7007,1230.5933430989583
7008,981.7744954427084
7009,2009.9323323567708
7010,1991.3127848307292
7011,1094.9943440755208
7012,1218.0478922526042
7013,1510.9917399088542
7014,1605.9286295572917
7015,1002.6660970052084
7016,781.1660359700521
7017,1884.7987874348958
7018,1458.4237874348958
7019,1735.1186116536458
7020,1216.8707682291667
7021,4138.494466145833
7022,727.2232055664062
7023,834.1665242513021
7024,1012.7257893880209
7025,1082.6463216145833
7026,1016.7266438802084
7027,2663.3365885416665
7028,1008.4894205729166
7029,539.4951171875
7030,1583.1110432942708
7031,924.0887451171875
7032,891.1638590494791
7033,1834.0268961588542
7034,2673.852783203125
7035,934.3373006184896
7036,1782.1824951171875
7037,565.5624186197916
7038,1203.3519287109375
7039,3590.4702962239585
7040,1056.8083902994792
7041,1763.9756266276042
7042,1708.9595540364583
7043,1795.5243326822917
7044,994.1481119791666
7045,1436.24462890625
7046,697.2518107096354
7047,1227.6466064453125
7048,550.4403279622396
7049,1516.2477620442708
7050,1224.3028564453125
7051,1139.1595458984375
7052,590.695068359375
7053,945.4965616861979
7054,780.6430460611979
7055,1317.4202473958333
7056,937.1221720377604
7057,1000.4297485351562
7058,817.0576171875
7059,1690.8851318359375
7060,1168.0564371744792
7061,1446.9201253255208
7062,1471.6662190755208
7063,1469.4735514322917
7064,834.4381103515625
7065,961.4636840820312
7066,739.620849609375
7067,1688.1238199869792
7068,917.2525227864584
7069,1600.6155598958333
7070,783.7802937825521
7071,808.3886515299479
7072,1028.7525227864583
7073,789.8765665690104
7074,552.9804484049479
7075,1215.2676595052083
7076,1545.6902262369792
7077,884.6866658528646
7078,1419.1305338541667
7079,1204.0822347005208
7080,907.988037109375
7081,734.8185628255209
7082,1685.6349283854167
7083,1684.9591878255208
7084,1196.8861897786458
7085,831.6169026692709
7086,1475.8744710286458
7087,707.8327026367188
7088,2548.4320475260415
7089,1412.8451741536458
7090,926.2672322591146
7091,1306.2652587890625
7092,1260.3912353515625
7093,1773.2124837239583
7094,1007.1331990559896
7095,957.3109944661459
7096,2243.674560546875
7097,1284.6645914713542
7098,752.732177734375
7099,1116.340576171875
7100,1230.164306640625
7101,663.3147786458334
7102,2206.0826822916665
7103,2759.147216796875
7104,1034.2824300130208
7105,859.1505940755209
7106,887.7926025390625
7107,681.9515991210938
7108,673.8406575520834
7109,834.3828735351562
7110,606.9022013346354
7111,920.10302734375
7112,821.8727620442709
7113,631.2567749023438
7114,577.4296468098959
7115,1918.1857096354167
7116,682.1256917317709
7117,678.8331705729166
7118,1057.4923095703125
7119,1266.7688395182292
7120,1130.28564453125
7121,1741.1642659505208
7122,830.9217122395834
7123,767.7575073242188
7124,1306.1824951171875
7125,846.8816324869791
7126,444.4186604817708
7127,1094.7264404296875
7128,1316.5135498046875
7129,1047.5828857421875
7130,598.3888346354166
7131,1561.0916341145833
7132,1218.9717610677083
7133,422.78428141276044
7134,716.9229736328125
7135,1376.8968098958333
7136,641.4713948567709
7137,2339.64013671875
7138,930.6241455078125
7139,1052.0970865885417
7140,729.9247639973959
7141,1140.7372233072917
7142,4022.828857421875
7143,871.9366861979166
7144,941.8037516276041
7145,985.0850016276041
7146,1039.4921468098958
7147,835.8760782877604
7148,1165.9740397135417
7149,1482.2622477213542
7150,986.8616129557291
7151,501.54517618815106
7152,1192.0000813802083
7153,1695.8524169921875
7154,1602.7950439453125
7155,2349.2176920572915
7156,1155.8568929036458
7157,935.3100789388021
7158,731.5020955403646
7159,1129.3711344401042
7160,1247.3245442708333
7161,1411.0316162109375
7162,1426.9309895833333
7163,1081.1809488932292
7164,834.0445963541666
7165,1110.6893310546875
7166,3331.7057291666665
7167,920.1892496744791
7168,5908.3203125
7169,1430.0765380859375
7170,732.5127766927084
7171,683.1812337239584
7172,962.8412679036459
7173,1027.3887125651042
7174,837.6881306966146
7175,1199.1188557942708
7176,580.4817911783854
7177,1002.1431681315104
7178,999.8678792317709
7179,1158.9178059895833
7180,1343.4836832682292
7181,2929.434814453125
7182,2339.7498372395835
7183,1037.9461669921875
7184,1297.0338948567708
7185,1085.2734375
7186,2280.004150390625
7187,652.8247477213541
7188,843.9323933919271
7189,1108.1682535807292
7190,2596.2361653645835
7191,816.76708984375
7192,1115.9864908854167
7193,828.4850056966146
7194,645.4670003255209
7195,971.3502197265625
7196,772.1160481770834
7197,1156.7283121744792
7198,876.3130289713541
7199,822.3479614257812
7200,912.9072875976562
7201,1354.338134765625
7202,2277.6515299479165
7203,1160.0934244791667
7204,1634.8750406901042
7205,1024.11865234375
7206,757.5622151692709
7207,1036.0973714192708
7208,1838.0063883463542
7209,1729.2120361328125
7210,853.2316284179688
7211,1150.8655192057292
7212,940.5624796549479
7213,2046.3048095703125
7214,905.896240234375
7215,989.8542887369791
7216,1383.6324462890625
7217,1087.6846110026042
7218,827.4446818033854
7219,1620.7014567057292
7220,1454.5633951822917
7221,991.7342732747396
7222,721.4792277018229
7223,666.4572143554688
7224,1393.2008056640625
7225,776.6111246744791
7226,1085.9674479166667
7227,1004.4789225260416
7228,861.8957316080729
7229,831.3447672526041
7230,1603.8454182942708
7231,2359.50634765625
7232,2258.5645345052085
7233,1203.4263102213542
7234,652.2548828125
7235,1146.3427734375
7236,2675.3131510416665
7237,1403.939208984375
7238,814.2542521158854
7239,1914.174072265625
7240,2203.6553548177085
7241,964.9598185221354
7242,943.0755208333334
7243,948.3469034830729
7244,540.4020589192709
7245,765.2359619140625
7246,1250.8100992838542
7247,1548.1166178385417
7248,462.0250549316406
7249,725.9459838867188
7250,461.8679504394531
7251,974.7590942382812
7252,2384.3824055989585
7253,1007.0413208007812
7254,1482.287841796875
7255,947.7996012369791
7256,1620.0659586588542
7257,1229.42138671875
7258,1263.6742757161458
7259,581.7331339518229
7260,839.830322265625
7261,917.9109497070312
7262,890.6419677734375
7263,834.1103719075521
7264,1544.5180257161458
7265,975.4706217447916
7266,555.8008015950521
7267,601.3841349283854
7268,733.6083780924479
7269,861.8564656575521
7270,745.2159627278646
7271,626.9446207682291
7272,2052.35595703125
7273,1351.1236165364583
7274,826.4283243815104
7275,2069.5257161458335
7276,2966.3255208333335
7277,1996.4954427083333
7278,1836.9271240234375
7279,1654.6064453125
7280,1314.8670247395833
7281,1429.3229166666667
7282,1057.614990234375
7283,1541.1568196614583
7284,1952.1680908203125
7285,2880.0132649739585
7286,3564.7211100260415
7287,1688.095703125
7288,1378.5618489583333
7289,962.4430745442709
7290,541.1327311197916
7291,1070.2073567708333
7292,2317.302001953125
7293,1064.2675374348958
7294,877.5721232096354
7295,2029.5380452473958
7296,731.3599853515625
7297,1124.4773763020833
7298,1319.6563313802083
7299,1008.0223999023438
7300,1103.7447102864583
7301,825.6927693684896
7302,646.9351399739584
7303,909.1572875976562
7304,2169.9434407552085
7305,2108.1587727864585
7306,590.8162841796875
7307,774.0165812174479
7308,2520.50244140625
7309,1407.8384195963542
7310,1788.8240559895833
7311,1082.6693522135417
7312,2176.0774739583335
7313,818.8369344075521
7314,576.7736206054688
7315,731.5905558268229
7316,1225.7094319661458
7317,1471.5548095703125
7318,1586.1359049479167
7319,1330.7033284505208
7320,512.7838745117188
7321,539.0784708658854
7322,921.2930297851562
7323,1837.8965657552083
7324,740.9109497070312
7325,483.42481486002606
7326,1479.4041748046875
7327,1573.9977213541667
7328,3079.9466959635415
7329,1222.2904459635417
7330,1119.1391194661458
7331,1063.6427408854167
7332,569.3227132161459
7333,698.3169555664062
7334,1179.3962809244792
7335,995.8499348958334
7336,672.7520548502604
7337,946.6135050455729
7338,730.4722290039062
7339,1389.2296549479167
7340,540.4927368164062
7341,1283.55029296875
7342,680.7151082356771
7343,1526.2006429036458
7344,660.0634358723959
7345,1083.4498697916667
7346,1024.263427734375
7347,1500.7560221354167
7348,1139.3226318359375
7349,1637.4265543619792
7350,1726.4114583333333
7351,639.7909749348959
7352,1708.2725830078125
7353,802.3619791666666
7354,1477.87841796875
7355,1238.1923421223958
7356,598.2318522135416
7357,2779.7486165364585
7358,628.5225830078125
7359,621.7765096028646
7360,1113.3326009114583
7361,821.2066243489584
7362,1235.897216796875
7363,1163.6022542317708
7364,1601.3373616536458
7365,1751.3902180989583
7366,826.2480875651041
7367,844.7021280924479
7368,1195.31689453125
7369,1461.1005452473958
7370,594.8117268880209
7371,970.6690266927084
7372,2288.593994140625
7373,673.7399495442709
7374,1249.7049560546875
7375,1323.2071533203125
7376,894.4031372070312
7377,1147.1040445963542
7378,738.8871459960938
7379,1981.5255940755208
7380,1137.5520426432292
7381,776.7967732747396
7382,1471.8741861979167
7383,989.7950236002604
7384,730.4162801106771
7385,1249.1197916666667
7386,650.7207845052084
7387,1101.1094156901042
7388,1857.5469970703125
7389,554.0590006510416
7390,692.556884765625
7391,3244.0723470052085
7392,2699.4913736979165
7393,1814.50244140625
7394,1160.6937662760417
7395,2729.75341796875
7396,1039.4121907552083
7397,1129.0441080729167
7398,502.4873352050781
7399,1066.3922119140625
7400,640.9451904296875
7401,1419.5340576171875
7402,1080.0500895182292
7403,1655.6053059895833
7404,1363.2583414713542
7405,700.4214477539062
7406,970.5940144856771
7407,1694.02392578125
7408,646.0155843098959
7409,1164.6412760416667
7410,2059.3504231770835
7411,1183.2697347005208
7412,1103.4049886067708
7413,725.9128824869791
7414,967.699462890625
7415,369.5433044433594
7416,1137.8910319010417
7417,1243.5132242838542
7418,757.6265665690104
7419,666.2770385742188
7420,3304.85986328125
7421,522.7282918294271
7422,695.6009928385416
7423,998.9321899414062
7424,1484.0963134765625
7425,1345.906005859375
7426,2140.4983723958335
7427,658.8864542643229
7428,718.8818766276041
7429,3679.5147298177085
7430,632.0431111653646
7431,2325.1473795572915
7432,443.56829833984375
7433,671.0948689778646
7434,1859.0112711588542
7435,2024.3395589192708
7436,766.3470662434896
7437,1053.3125406901042
7438,1118.1562093098958
7439,1685.9513346354167
7440,1185.2558186848958
7441,1642.3347981770833
7442,1605.383544921875
7443,864.3674112955729
7444,932.6712239583334
7445,1295.7906087239583
7446,1824.8118082682292
7447,1375.7871907552083
7448,1070.2075602213542
7449,714.9773356119791
7450,1200.3297119140625
7451,1226.2679036458333
7452,1295.8145751953125
7453,1036.3361409505208
7454,1605.0281982421875
7455,943.0563354492188
7456,998.0700887044271
7457,1075.5665690104167
7458,487.85760498046875
7459,1560.3089599609375
7460,879.0155843098959
7461,1273.8700358072917
7462,663.5324910481771
7463,1719.7006429036458
7464,750.2120564778646
7465,874.9070027669271
7466,1044.1608072916667
7467,829.8013102213541
7468,584.3911946614584
7469,770.6335856119791
7470,953.0890909830729
7471,1536.7766520182292
7472,701.7872924804688
7473,1261.4278971354167
7474,905.9820556640625
7475,1327.1850179036458
7476,416.47910563151044
7477,1120.8987223307292
7478,1370.9630126953125
7479,1059.5299886067708
7480,761.3329467773438
7481,932.2619018554688
7482,1035.687255859375
7483,1937.7596842447917
7484,1509.4617106119792
7485,676.6038818359375
7486,856.3958740234375
7487,967.7737223307291
7488,1887.2111409505208
7489,919.2447102864584
7490,1722.9166666666667
7491,751.6069539388021
7492,991.6278279622396
7493,1952.4314778645833
7494,813.0569051106771
7495,1111.111328125
7496,708.5071411132812
7497,988.5237630208334
7498,1251.3421223958333
7499,1428.5522054036458
7500,1287.227294921875
7501,1994.1539306640625
7502,816.0374348958334
7503,1471.2381998697917
7504,1426.5397135416667
7505,782.2894897460938
7506,902.6498413085938
7507,971.9848225911459
7508,932.5049845377604
7509,812.3086547851562
7510,1092.6844889322917
7511,1427.1607259114583
7512,461.09059651692706
7513,729.2194620768229
7514,1057.3689778645833
7515,757.8351847330729
7516,2534.6507975260415
7517,712.7973429361979
7518,2608.169677734375
7519,905.6037394205729
7520,1387.0442708333333
7521,877.1264851888021
7522,788.7533569335938
7523,2180.499755859375
7524,655.9098510742188
7525,1457.3820393880208
7526,2356.5199381510415
7527,1070.5089111328125
7528,666.4900919596354
7529,930.8971964518229
7530,690.3179117838541
7531,769.5386759440104
7532,1376.2850341796875
7533,1960.3437906901042
7534,1273.4124755859375
7535,1339.1357421875
7536,1796.2864176432292
7537,815.3633219401041
7538,1030.8516845703125
7539,1841.4541015625
7540,658.2817789713541
7541,731.7704264322916
7542,1256.72119140625
7543,735.2824300130209
7544,1616.6612141927083
7545,1099.2816975911458
7546,1522.2567138671875
7547,1217.8458658854167
7548,1006.6660563151041
7549,1279.7950846354167
7550,1311.4748128255208
7551,1069.3224283854167
7552,707.0225626627604
7553,1905.3162434895833
7554,2796.877197265625
7555,1124.8784586588542
7556,1404.2513427734375
7557,1254.0386149088542
7558,1751.5154622395833
7559,1136.8263753255208
7560,1726.1424153645833
7561,495.5557149251302
7562,963.8165283203125
7563,1379.8212076822917
7564,1442.3681640625
7565,1419.8706461588542
7566,795.9365234375
7567,1171.5839029947917
7568,1032.3853352864583
7569,871.1676839192709
7570,1027.4924723307292
7571,591.1445719401041
7572,1328.0452880859375
7573,1052.1234944661458
7574,490.6042887369792
7575,2029.7082112630208
7576,1263.4984944661458
7577,657.4784342447916
7578,437.911865234375
7579,575.7676188151041
7580,1545.8090413411458
7581,1191.5380452473958
7582,898.3403116861979
7583,1175.2174479166667
7584,863.7591145833334
7585,807.8561401367188
7586,873.1984659830729
7587,1100.0614420572917
7588,1067.3145751953125
7589,3732.1128743489585
7590,610.9469807942709
7591,842.9294230143229
7592,1349.1637776692708
7593,1067.4051106770833
7594,675.8223063151041
7595,854.2896118164062
7596,1105.3784586588542
7597,1592.7312825520833
7598,1311.8610432942708
7599,1512.6004231770833
7600,745.3047078450521
7601,1233.8507486979167
7602,1360.9826253255208
7603,747.9059041341146
7604,1880.7646077473958
7605,1370.7002766927083
7606,1400.4905598958333
7607,866.8073527018229
7608,1379.6230061848958
7609,1366.8693033854167
7610,676.8458048502604
7611,1350.2976481119792
7612,1255.7030843098958
7613,917.9004109700521
7614,556.3055419921875
7615,1919.3771565755208
7616,558.5477905273438
7617,804.6376342773438
7618,739.2963256835938
7619,906.6303507486979
7620,1643.8084309895833
7621,1941.8520100911458
7622,5230.613932291667
7623,1037.057373046875
7624,1500.2475179036458
7625,1310.5447998046875
7626,766.9055379231771
7627,1337.805419921875
7628,736.9092407226562
7629,4884.1455078125
7630,2427.2322591145835
7631,849.8373413085938
7632,976.4087320963541
7633,1432.4642333984375
7634,1150.7750244140625
7635,1278.3746337890625
7636,905.1718953450521
7637,5671.783854166667
7638,451.7774251302083
7639,1960.5497233072917
7640,902.6039632161459
7641,1112.37255859375
7642,567.6692708333334
7643,752.8585001627604
7644,1038.8438313802083
7645,821.9546305338541
7646,600.5737508138021
7647,998.5632527669271
7648,660.6490478515625
7649,1959.1722005208333
7650,1483.4234212239583
7651,718.1867472330729
7652,1067.3775634765625
7653,1091.8297119140625
7654,1426.6988932291667
7655,676.3426310221354
7656,1202.2071126302083
7657,1967.6136067708333
7658,974.275634765625
7659,435.4438171386719
7660,1328.5415852864583
7661,755.396728515625
7662,825.8338623046875
7663,1615.0787353515625
7664,985.5733032226562
7665,2648.4827473958335
7666,885.466064453125
7667,1232.7126057942708
7668,1648.3035481770833
7669,865.4153645833334
7670,1137.02490234375
7671,950.6183675130209
7672,746.4267171223959
7673,1218.1920572916667
7674,1050.5708821614583
7675,980.916259765625
7676,1302.5052083333333
7677,1123.5427652994792
7678,708.1021118164062
7679,1259.1047770182292
7680,452.3139343261719
7681,1016.9161580403646
7682,929.3547770182291
7683,473.599853515625
7684,826.7392171223959
7685,643.4445393880209
7686,1190.384765625
7687,1023.5684611002604
7688,794.9150594075521
7689,693.2997843424479
7690,1840.1995035807292
7691,1191.7908935546875
7692,1240.0183512369792
7693,1093.7564290364583
7694,1365.3387858072917
7695,757.0369262695312
7696,1316.177734375
7697,820.8079223632812
7698,1544.4938557942708
7699,2255.304443359375
7700,1203.8795572916667
7701,3122.5919596354165
7702,897.3211263020834
7703,1001.57373046875
7704,2166.7333984375
7705,1009.2443644205729
7706,4751.611002604167
7707,1900.63720703125
7708,670.9772135416666
7709,908.8512573242188
7710,1176.2078450520833
7711,1330.7931315104167
7712,519.1565144856771
7713,887.0270589192709
7714,1082.6113688151042
7715,660.8757527669271
7716,756.4971313476562
7717,965.7198486328125
7718,1149.22998046875
7719,620.8684692382812
7720,993.7532552083334
7721,920.7913818359375
7722,1623.185546875
7723,1486.8218587239583
7724,1399.8255208333333
7725,1048.9072265625
7726,837.1957600911459
7727,1484.3709716796875
7728,1452.208740234375
7729,936.7960408528646
7730,1778.9055582682292
7731,963.5751953125
7732,954.6310424804688
7733,1289.0399983723958
7734,1937.0692545572917
7735,480.58946736653644
7736,1047.796875
7737,1180.9765625
7738,820.1928304036459
7739,1148.1822102864583
7740,2954.52880859375
7741,1382.8699137369792
7742,1364.2890625
7743,1229.0342610677083
7744,1156.2117919921875
7745,1003.5627237955729
7746,1212.7580973307292
7747,701.8291829427084
7748,741.5661010742188
7749,1033.5380859375
7750,737.2108154296875
7751,1529.640869140625
7752,1137.7375081380208
7753,1404.6507568359375
7754,670.0708821614584
7755,989.3932698567709
7756,737.9399820963541
7757,514.2060343424479
7758,1015.4808756510416
7759,421.3681640625
7760,1128.4041748046875
7761,1125.5390218098958
7762,2438.5918782552085
7763,1287.2691243489583
7764,1340.0555826822917
7765,588.4317830403646
7766,899.3186645507812
7767,1172.4750569661458
7768,854.8278401692709
7769,1015.8890787760416
7770,1054.7428792317708
7771,879.9968872070312
7772,580.8048299153646
7773,1456.4540201822917
7774,1264.8372802734375
7775,670.5794270833334
7776,5079.826009114583
7777,1160.71435546875
7778,2297.6552734375
7779,1476.327392578125
7780,663.7687581380209
7781,768.5061442057291
7782,1579.4844970703125
7783,813.4670613606771
7784,2210.17724609375
7785,2396.539794921875
7786,1964.26171875
7787,787.1844685872396
7788,888.1134847005209
7789,1727.6390380859375
7790,641.3849283854166
7791,1778.1756998697917
7792,805.3974812825521
7793,1349.0694173177083
7794,1514.12109375
7795,844.4602864583334
7796,1265.927978515625
7797,2461.261962890625
7798,2035.6270345052083
7799,980.9650675455729
7800,659.66357421875
7801,2737.8444010416665
7802,900.0203043619791
7803,843.8431803385416
7804,1528.56787109375
7805,1336.0590006510417
7806,768.7857462565104
7807,800.1163736979166
7808,821.8282877604166
7809,624.8915812174479
7810,1821.8793131510417
7811,1301.8504638671875
7812,781.5244344075521
7813,999.2418212890625
7814,841.1232096354166
7815,860.020751953125
7816,997.5078125
7817,658.72412109375
7818,2048.7071126302085
7819,12076.097981770834
7820,1713.8369547526042
7821,1278.5547688802083
7822,1275.945068359375
7823,1949.8883463541667
7824,1111.2401936848958
7825,1821.72119140625
7826,799.658935546875
7827,2223.0005696614585
7828,1523.2926839192708
7829,634.1331787109375
7830,1492.1885986328125
7831,727.1191202799479
7832,1593.3786214192708
7833,971.6800740559896
7834,1213.0413004557292
7835,807.1255900065104
7836,1173.7952473958333
7837,919.1936442057291
7838,2208.4154459635415
7839,999.1796875
7840,1316.1726481119792
7841,974.9829711914062
7842,1542.2260335286458
7843,581.8016153971354
7844,1250.1455485026042
7845,1549.56298828125
7846,993.8522135416666
7847,1156.4942626953125
7848,1068.31982421875
7849,1059.4506022135417
7850,695.2259724934896
7851,1139.1283772786458
7852,1468.6455078125
7853,2822.3444010416665
7854,1757.0454508463542
7855,802.9126180013021
7856,1194.2097574869792
7857,552.9840494791666
7858,1088.5118001302083
7859,1277.9056803385417
7860,1572.4834798177083
7861,1409.7217203776042
7862,1046.6780192057292
7863,745.1643880208334
7864,675.7385864257812
7865,1061.2874755859375
7866,1742.309326171875
7867,775.0814412434896
7868,1116.8820393880208
7869,2954.698974609375
7870,3528.0614420572915
7871,1014.43603515625
7872,936.2577718098959
7873,854.9438069661459
7874,747.9993896484375
7875,2069.6868489583335
7876,1616.1152750651042
7877,937.4422403971354
7878,1645.5818277994792
7879,1905.9404296875
7880,530.3578287760416
7881,741.3571573893229
7882,1242.4237060546875
7883,1181.1650797526042
7884,1251.613037109375
7885,2902.784912109375
7886,1441.2003987630208
7887,1833.8156331380208
7888,1056.1536458333333
7889,683.1959431966146
7890,1075.4364420572917
7891,1630.2168375651042
7892,1148.709716796875
7893,1486.8349202473958
7894,1514.8072102864583
7895,626.3150227864584
7896,1061.6890462239583
7897,950.7447509765625
7898,1579.2934163411458
7899,1441.2900390625
7900,678.5814615885416
7901,2303.7762858072915
7902,2108.3184407552085
7903,1380.484619140625
7904,1109.1742757161458
7905,1380.2534586588542
7906,1414.43994140625
7907,926.8814086914062
7908,1045.0830078125
7909,413.8261311848958
7910,942.8181966145834
7911,1206.1126708984375
7912,927.1117146809896
7913,1799.3630777994792
7914,1438.0437825520833
7915,962.4968872070312
7916,1152.0818277994792
7917,1816.5633544921875
7918,2174.0299479166665
7919,740.3239339192709
7920,1451.6546630859375
7921,1524.6952718098958
7922,801.5450439453125
7923,2876.3055826822915
7924,621.0343221028646
7925,1295.6324055989583
7926,795.9798380533854
7927,796.2853597005209
7928,1043.7161865234375
7929,696.0269165039062
7930,708.1374308268229
7931,665.1656901041666
7932,2089.6792805989585
7933,1244.6142578125
7934,878.6167399088541
7935,745.51953125
7936,1948.4405924479167
7937,1054.6706949869792
7938,600.7290445963541
7939,1083.0326334635417
7940,1089.2005615234375
7941,1331.8238118489583
7942,1287.3331298828125
7943,903.7740478515625
7944,1641.0248616536458
7945,1694.2954508463542
7946,831.0006713867188
7947,901.6917928059896
7948,1416.7574462890625
7949,897.1654256184896
7950,1240.0097249348958
7951,1359.9819742838542
7952,1670.6611328125
7953,778.522216796875
7954,897.7964274088541
7955,847.8622436523438
7956,1419.6968180338542
7957,913.9826863606771
7958,557.7058308919271
7959,1784.2212320963542
7960,2051.4141438802085
7961,1476.8197021484375
7962,760.6818440755209
7963,4264.42626953125
7964,692.0098266601562
7965,1101.4250895182292
7966,1093.1715901692708
7967,1301.6571044921875
7968,1253.2214762369792
7969,641.5574137369791
7970,1679.6480305989583
7971,562.1028645833334
7972,613.0878092447916
7973,1261.0714925130208
7974,1121.624267578125
7975,650.3760375976562
7976,3951.6588541666665
7977,938.7813313802084
7978,1712.8774007161458
7979,1048.7093098958333
7980,950.6247762044271
7981,1292.5675455729167
7982,649.0238240559896
7983,1494.4176025390625
7984,2715.9193522135415
7985,1251.70703125
7986,1990.348876953125
7987,1457.96142578125
7988,1735.7895100911458
7989,1107.5483805338542
7990,829.5057576497396
7991,560.7587687174479
7992,648.654052734375
7993,666.1822713216146
7994,1207.1077473958333
7995,1211.2470296223958
7996,905.5273030598959
7997,1782.0045572916667
7998,1479.306884765625
7999,1468.3941243489583
8000,1625.8063557942708
8001,1062.85693359375
8002,885.5530598958334
8003,1391.3885904947917
8004,1031.4443359375
8005,1003.7179565429688
8006,847.0757649739584
8007,1056.4731852213542
8008,2284.1744791666665
8009,880.4981689453125
8010,917.098388671875
8011,1291.8475748697917
8012,1390.51953125
8013,733.9949340820312
8014,851.3759155273438
8015,2301.2381998697915
8016,1000.5080159505209
8017,1504.5478922526042
8018,1037.5699869791667
8019,1194.7113037109375
8020,454.4609680175781
8021,2514.5979817708335
8022,1269.8951822916667
8023,1089.5638020833333
8024,907.5367838541666
8025,779.0743611653646
8026,1077.4783935546875
8027,927.6591593424479
8028,619.2520141601562
8029,879.7133585611979
8030,2307.6361490885415
8031,722.7861124674479
8032,927.6407877604166
8033,2484.1397298177085
8034,482.0842692057292
8035,1555.4621988932292
8036,1141.3460693359375
8037,1387.7163899739583
8038,1326.4245198567708
8039,1614.0948079427083
8040,2224.6290690104165
8041,825.2158203125
8042,772.9118041992188
8043,1370.4615071614583
8044,1145.3006998697917
8045,877.2231241861979
8046,650.89794921875
8047,1190.81982421875
8048,956.1370646158854
8049,1405.1461995442708
8050,1159.8965250651042
8051,705.5720621744791
8052,776.2995808919271
8053,970.2686971028646
8054,973.905029296875
8055,1224.5984293619792
8056,804.7772623697916
8057,1461.4024251302083
8058,960.7877400716146
8059,878.1296997070312
8060,947.4342854817709
8061,442.5450032552083
8062,1168.0732421875
8063,1009.2666829427084
8064,1209.5148518880208
8065,4116.414713541667
8066,2002.5968831380208
8067,2161.6025390625
8068,2932.5018717447915
8069,1019.3792928059896
8070,596.7873331705729
8071,807.8146565755209
8072,3550.5977376302085
8073,970.1381022135416
8074,2216.1851399739585
8075,1828.6747639973958
8076,1732.7062581380208
8077,1064.612060546875
8078,1236.8747151692708
8079,2279.1717936197915
8080,563.2439982096354
8081,1102.5386149088542
8082,1759.0804850260417
8083,2281.3748372395835
8084,891.7857666015625
8085,1726.7797037760417
8086,813.873046875
8087,1212.7952067057292
8088,1198.1506754557292
8089,1451.2534993489583
8090,1255.5943196614583
8091,674.4243774414062
8092,585.3742472330729
8093,998.6375935872396
8094,1696.6090494791667
8095,1505.6239420572917
8096,922.0912679036459
8097,2793.7552897135415
8098,2404.3564453125
8099,851.1831868489584
8100,644.5584106445312
8101,467.2848714192708
8102,1536.755859375
8103,1248.8123779296875
8104,1595.5978190104167
8105,1022.2713826497396
8106,525.7116088867188
8107,1888.7536214192708
8108,1403.9348958333333
8109,801.4772135416666
8110,1104.8570963541667
8111,1205.7395426432292
8112,934.9550984700521
8113,685.6563720703125
8114,1863.9342447916667
8115,1497.49462890625
8116,766.7235514322916
8117,817.9302368164062
8118,1565.1558430989583
8119,1968.6546223958333
8120,1591.884033203125
8121,1193.84716796875
8122,1815.7546793619792
8123,2106.898681640625
8124,659.3876546223959
8125,1689.8935953776042
8126,1464.1925455729167
8127,638.0966593424479
8128,1615.99072265625
8129,1921.608154296875
8130,809.0165405273438
8131,1615.9173990885417
8132,952.7914835611979
8133,1366.1776936848958
8134,1216.3425699869792
8135,1357.0784505208333
8136,1105.2663981119792
8137,1309.4236246744792
8138,1347.7702229817708
8139,535.6331583658854
8140,486.6019999186198
8141,778.0607299804688
8142,1730.4713134765625
8143,695.2444661458334
8144,1147.8384602864583
8145,1114.5786946614583
8146,1348.0510660807292
8147,1935.1977132161458
8148,2124.6964518229165
8149,898.4844156901041
8150,886.4587198893229
8151,799.3044026692709
8152,1023.6716512044271
8153,810.6878255208334
8154,868.9005737304688
8155,1143.7281901041667
8156,1625.79931640625
8157,908.3092041015625
8158,737.0199381510416
8159,1276.9853515625
8160,471.96925862630206
8161,1120.555908203125
8162,1104.9443766276042
8163,1110.56884765625
8164,1194.2363688151042
8165,1586.8037516276042
8166,1660.3982340494792
8167,595.8991495768229
8168,1187.2698160807292
8169,486.0135192871094
8170,1259.5819091796875
8171,730.8591105143229
8172,637.3536987304688
8173,1973.4995930989583
8174,2294.6818033854165
8175,940.3856608072916
8176,495.8392740885417
8177,1158.5692545572917
8178,858.5974527994791
8179,665.4812622070312
8180,951.9297892252604
8181,1584.8603515625
8182,795.1241658528646
8183,768.8382364908854
8184,1435.7853597005208
8185,964.5694986979166
8186,956.2524820963541
8187,1188.93505859375
8188,574.3006591796875
8189,723.6087849934896
8190,2753.7386881510415
8191,1130.6852213541667
8192,578.1077270507812
8193,1439.3605550130208
8194,532.2849731445312
8195,1035.6921793619792
8196,1313.0151774088542
8197,503.15001424153644
8198,575.2546590169271
8199,1327.7238362630208
8200,2058.2195638020835
8201,1137.1789143880208
8202,1071.6062825520833
8203,1281.8873291015625
8204,641.25634765625
8205,1332.5743001302083
8206,929.273681640625
8207,1795.3511555989583
8208,1093.170654296875
8209,873.6075846354166
8210,662.7772216796875
8211,917.1388549804688
8212,1779.9921875
8213,657.4574584960938
8214,1038.8922526041667
8215,922.812744140625
8216,835.8208211263021
8217,466.85093180338544
8218,1224.5722249348958
8219,2468.5908203125
8220,871.521728515625
8221,794.6768391927084
8222,4001.112548828125
8223,1224.2611083984375
8224,1539.5888264973958
8225,2325.4964192708335
8226,539.4490559895834
8227,680.4952596028646
8228,1233.0088297526042
8229,1130.8805338541667
8230,573.7013346354166
8231,1089.6302490234375
8232,743.2969767252604
8233,1754.7697347005208
8234,1293.8611246744792
8235,1233.0909830729167
8236,1314.3941243489583
8237,680.1833292643229
8238,931.2760009765625
8239,522.7192586263021
8240,1006.5772094726562
8241,1535.8419596354167
8242,734.5736083984375
8243,760.9129842122396
8244,862.8931070963541
8245,1408.8037109375
8246,1189.9766438802083
8247,1439.2015787760417
8248,886.2841186523438
8249,1059.4149576822917
8250,1072.3148600260417
8251,1220.1202799479167
8252,786.1262613932291
8253,822.6583048502604
8254,1303.63818359375
8255,690.9089152018229
8256,1071.2235514322917
8257,2102.8899739583335
8258,1601.701904296875
8259,842.1336873372396
8260,717.7743123372396
8261,2001.0426025390625
8262,963.4248453776041
8263,744.5673828125
8264,1509.0905354817708
8265,1565.4008382161458
8266,1194.7371419270833
8267,1522.32421875
8268,873.4516398111979
8269,1004.4102986653646
8270,869.0234171549479
8271,972.7635091145834
8272,2323.5105794270835
8273,501.9558512369792
8274,1234.1182861328125
8275,1312.1362711588542
8276,908.4655151367188
8277,1638.0734456380208
8278,1132.2206217447917
8279,663.4576822916666
8280,1435.6030680338542
8281,629.1543986002604
8282,1063.2308349609375
8283,1953.787841796875
8284,871.5732218424479
8285,1084.2529703776042
8286,596.5590209960938
8287,1048.7251383463542
8288,875.3010457356771
8289,717.5859985351562
8290,1009.6986694335938
8291,1209.7535807291667
8292,948.0859985351562
8293,590.1536458333334
8294,649.950927734375
8295,1000.9527994791666
8296,850.7560628255209
8297,976.1731567382812
8298,583.5783284505209
8299,665.3433024088541
8300,813.689453125
8301,3396.20166015625
8302,1696.9671630859375
8303,908.0331013997396
8304,1786.9712320963542
8305,1286.1122233072917
8306,936.0104573567709
8307,1710.7495930989583
8308,1109.7976888020833
8309,953.9450480143229
8310,1374.4314371744792
8311,811.8282877604166
8312,1692.6915690104167
8313,479.8407796223958
8314,1303.126220703125
8315,2137.783935546875
8316,868.6727701822916
8317,763.9684041341146
8318,1686.8407389322917
8319,1203.0351969401042
8320,1557.7614339192708
8321,1379.2434488932292
8322,1071.9180094401042
8323,852.5570475260416
8324,669.7462565104166
8325,1821.21435546875
8326,891.7760823567709
8327,862.3785400390625
8328,1452.2981363932292
8329,1272.7261149088542
8330,1457.0147705078125
8331,631.3514200846354
8332,1476.3768310546875
8333,665.8227132161459
8334,904.1566772460938
8335,2138.94287109375
8336,1845.5678304036458
8337,1660.8783365885417
8338,986.9437866210938
8339,816.0060831705729
8340,781.3737386067709
8341,820.5501912434896
8342,1389.49072265625
8343,977.7844441731771
8344,600.2410481770834
8345,1106.4581298828125
8346,842.5285847981771
8347,803.2375691731771
8348,597.4844970703125
8349,1148.0958251953125
8350,1136.3286539713542
8351,1213.7939453125
8352,2114.5787760416665
8353,919.6924031575521
8354,1117.5880533854167
8355,2446.7674967447915
8356,837.9267374674479
8357,570.1892293294271
8358,1772.7335611979167
8359,565.2384033203125
8360,641.9063313802084
8361,798.1333821614584
8362,2088.2823893229165
8363,2387.44677734375
8364,1498.3528238932292
8365,1134.3318277994792
8366,957.423095703125
8367,1727.1955159505208
8368,1303.106689453125
8369,996.47900390625
8370,815.7041219075521
8371,1340.584228515625
8372,976.2854207356771
8373,855.1442667643229
8374,880.5261433919271
8375,1007.4728597005209
8376,1916.4335530598958
8377,1317.4867757161458
8378,560.1325887044271
8379,5271.26708984375
8380,3908.1866048177085
8381,798.0188395182291
8382,1028.3124593098958
8383,617.9481608072916
8384,624.2309366861979
8385,779.7248128255209
8386,666.401123046875
8387,647.5150960286459
8388,1004.2806803385416
8389,851.9673055013021
8390,726.383544921875
8391,997.1318155924479
8392,862.3591512044271
8393,1021.8648071289062
8394,789.3128051757812
8395,1160.4121500651042
8396,1989.3631998697917
8397,1678.0047200520833
8398,1258.9847005208333
8399,958.5308837890625
8400,1793.0689290364583
8401,506.47108968098956
8402,718.42822265625
8403,715.8310343424479
8404,1076.7193603515625
8405,841.6604817708334
8406,1176.6620686848958
8407,770.8726806640625
8408,677.9782511393229
8409,897.3567911783854
8410,998.8148803710938
8411,770.8143107096354
8412,1202.7152099609375
8413,1420.220947265625
8414,842.8599039713541
8415,493.1636047363281
8416,758.1084391276041
8417,548.3659261067709
8418,3762.2369791666665
8419,1844.8496907552083
8420,1316.1529947916667
8421,758.1354573567709
8422,2802.8321940104165
8423,1622.6186116536458
8424,1151.067626953125
8425,994.3908284505209
8426,882.8023478190104
8427,947.2860717773438
8428,1507.1655680338542
8429,829.5725708007812
8430,2156.6239420572915
8431,1770.7521565755208
8432,1707.9355875651042
8433,851.0436808268229
8434,2730.7978515625
8435,1629.1194254557292
8436,2362.675537109375
8437,729.5683797200521
8438,600.8482259114584
8439,1612.9624837239583
8440,561.4481404622396
8441,1135.1715494791667
8442,2207.9449055989585
8443,848.8001912434896
8444,1593.9693603515625
8445,1321.5593668619792
8446,901.6339314778646
8447,1933.7822672526042
8448,2055.780029296875
8449,922.5231119791666
8450,880.4484456380209
8451,2233.121826171875
8452,1678.5500895182292
8453,712.9913533528646
8454,777.3795369466146
8455,1227.3277587890625
8456,931.1978963216146
8457,615.3359375
8458,2432.4632161458335
8459,1617.0440266927083
8460,675.54443359375
8461,962.8805745442709
8462,1370.2746988932292
8463,1176.6935221354167
8464,1074.3317057291667
8465,928.7321573893229
8466,1147.4375
8467,875.9294230143229
8468,1093.6734212239583
8469,2447.6433919270835
8470,2085.6219889322915
8471,1251.6411946614583
8472,857.7854207356771
8473,749.0022786458334
8474,2163.345703125
8475,946.676513671875
8476,615.9053141276041
8477,601.6722412109375
8478,1131.1940104166667
8479,1703.815185546875
8480,1740.7528889973958
8481,894.6510823567709
8482,986.8407185872396
8483,1689.3557942708333
8484,679.3914998372396
8485,1209.8800455729167
8486,879.99853515625
8487,2006.3428548177083
8488,641.8393351236979
8489,1041.2644449869792
8490,482.5415852864583
8491,1143.6896565755208
8492,1382.1641438802083
8493,990.1783650716146
8494,912.5751953125
8495,554.9938761393229
8496,1283.6515706380208
8497,1394.4891357421875
8498,1194.3664957682292
8499,1513.0408528645833
8500,873.2101236979166
8501,1492.6009928385417
8502,999.1169840494791
8503,673.1291707356771
8504,597.0912068684896
8505,884.1052856445312
8506,1109.4010416666667
8507,1360.4441324869792
8508,734.7917887369791
8509,651.0771077473959
8510,628.5343627929688
8511,896.6184895833334
8512,602.2478841145834
8513,1218.775146484375
8514,1419.7090657552083
8515,1474.2953694661458
8516,1439.2080485026042
8517,763.9698282877604
8518,785.9818115234375
8519,1423.9122721354167
8520,1401.761474609375
8521,426.26702880859375
8522,874.0387776692709
8523,1376.5802815755208
8524,698.6396484375
8525,1035.5118408203125
8526,752.4720458984375
8527,866.6778564453125
8528,557.0003458658854
8529,1212.3545735677083
8530,633.4454752604166
8531,943.8074137369791
8532,498.31494140625
8533,661.2597859700521
8534,2575.7460123697915
8535,2165.4119466145835
8536,1356.7532552083333
8537,2156.6756184895835
8538,2805.7339680989585
8539,1280.6925862630208
8540,651.2026977539062
8541,892.5051472981771
8542,779.9720255533854
8543,1744.5132649739583
8544,753.2325236002604
8545,997.3406778971354
8546,1930.4260660807292
8547,715.5544637044271
8548,982.7011922200521
8549,1283.595703125
8550,774.1558024088541
8551,1908.9286702473958
8552,1186.1276448567708
8553,892.8893636067709
8554,1142.79833984375
8555,921.5985514322916
8556,577.9730631510416
8557,1362.8275146484375
8558,546.5272827148438
8559,557.4851888020834
8560,472.09816487630206
8561,1087.4732666015625
8562,799.3847249348959
8563,487.8655192057292
8564,1003.1963704427084
8565,1466.2624918619792
8566,889.1348470052084
8567,1876.7601725260417
8568,884.2652384440104
8569,847.0184733072916
8570,728.4393920898438
8571,1469.921142578125
8572,707.868408203125
8573,1242.5382893880208
8574,1008.8053588867188
8575,541.3431803385416
8576,1247.5612386067708
8577,947.2369791666666
8578,1155.19580078125
8579,1720.0436604817708
8580,1715.92236328125
8581,2415.7871907552085
8582,569.3804321289062
8583,825.4103190104166
8584,628.1450398763021
8585,948.9694417317709
8586,838.6737467447916
8587,939.2873331705729
8588,911.1609090169271
8589,446.9049377441406
8590,1252.1790364583333
8591,546.7831624348959
8592,1172.0535481770833
8593,1617.7928873697917
8594,1808.0279947916667
8595,1423.6392822265625
8596,958.8171183268229
8597,1072.9114990234375
8598,1100.5408121744792
8599,1845.8511555989583
8600,1116.6584879557292
8601,1313.7305908203125
8602,891.8884887695312
8603,1448.6074625651042
8604,1244.4521891276042
8605,587.7442220052084
8606,786.3180135091146
8607,2159.3562825520835
8608,966.6774698893229
8609,524.51904296875
8610,2093.3273111979165
8611,1028.2573649088542
8612,1045.2279866536458
8613,626.3028361002604
8614,561.181884765625
8615,533.3387654622396
8616,1372.6293538411458
8617,660.8736775716146
8618,979.5279947916666
8619,679.583251953125
8620,492.4403991699219
8621,1501.8516845703125
8622,1166.7738037109375
8623,825.8921305338541
8624,1042.78662109375
8625,750.8596394856771
8626,752.5598551432291
8627,717.8202718098959
8628,605.8582356770834
8629,1977.0284423828125
8630,543.0640869140625
8631,948.2311808268229
8632,1074.810302734375
8633,722.4527180989584
8634,1407.2226155598958
8635,1256.8787841796875
8636,492.6849670410156
8637,1229.288818359375
8638,1814.9725748697917
8639,865.1052449544271
8640,749.3572387695312
8641,1219.7897135416667
8642,1113.5275065104167
8643,2278.1285807291665
8644,1048.4505208333333
8645,1320.8951009114583
8646,683.4714762369791
8647,424.4181823730469
8648,912.1099243164062
8649,371.5503641764323
8650,728.1580810546875
8651,1503.8527425130208
8652,703.8234659830729
8653,1446.7226969401042
8654,1382.3677978515625
8655,1839.0169270833333
8656,1171.6969807942708
8657,3432.3427734375
8658,1000.6666056315104
8659,1279.5594075520833
8660,579.1945597330729
8661,858.6492309570312
8662,662.3074544270834
8663,1440.9764811197917
8664,1644.0919189453125
8665,597.0791219075521
8666,1392.2115478515625
8667,1130.0428059895833
8668,1376.4295247395833
8669,1186.0675048828125
8670,2819.6184895833335
8671,1293.0467936197917
8672,615.4864705403646
8673,1001.1160278320312
8674,2007.2795817057292
8675,1073.9315592447917
8676,997.0785725911459
8677,1217.2637125651042
8678,551.6859741210938
8679,1538.1167805989583
8680,1390.4893391927083
8681,853.0679117838541
8682,1452.4549153645833
8683,1833.3045247395833
8684,1025.4764404296875
8685,1517.2352701822917
8686,1069.3562418619792
8687,839.8994344075521
8688,788.0347900390625
8689,787.0650024414062
8690,908.8147379557291
8691,2282.8658854166665
8692,1868.0296223958333
8693,879.8477579752604
8694,1013.4007161458334
8695,942.6316121419271
8696,567.7704874674479
8697,1644.9551188151042
8698,951.30126953125
8699,797.5322672526041
8700,2008.6269124348958
8701,859.3736165364584
8702,1058.4796549479167
8703,1040.2249348958333
8704,1009.0979817708334
8705,520.0349324544271
8706,1184.4329020182292
8707,1388.9564615885417
8708,674.5506795247396
8709,787.3484903971354
8710,706.9797770182291
8711,1114.327392578125
8712,1357.0328776041667
8713,1214.9013264973958
8714,390.8261311848958
8715,581.5870768229166
8716,1097.19677734375
8717,1848.1392822265625
8718,758.8263549804688
8719,1061.8778889973958
8720,1089.77490234375
8721,789.569091796875
8722,1300.2981770833333
8723,681.4691162109375
8724,817.0237833658854
8725,2623.64697265625
8726,419.95587158203125
8727,720.1063435872396
8728,947.5178833007812
8729,986.3808797200521
8730,912.584716796875
8731,849.2923177083334
8732,1129.2633870442708
8733,572.611083984375
8734,948.1343994140625
8735,1219.6147867838542
8736,995.1179809570312
8737,1199.3402913411458
8738,724.6336059570312
8739,1062.9571940104167
8740,1380.1967366536458
8741,1523.1098225911458
8742,1120.8508707682292
8743,3066.6663411458335
8744,871.0037231445312
8745,1045.7489420572917
8746,925.1424153645834
8747,1424.0987141927083
8748,581.406982421875
8749,1693.609130859375
8750,1470.0010172526042
8751,674.0078125
8752,660.255615234375
8753,873.0574137369791
8754,848.3345336914062
8755,2288.8138020833335
8756,1325.9072265625
8757,1480.3237711588542
8758,1410.9588216145833
8759,786.8083699544271
8760,2182.2246907552085
8761,2128.3416341145835
8762,1244.3155924479167
8763,729.9884033203125
8764,528.7893676757812
8765,965.8857218424479
8766,1058.7507731119792
8767,2479.687255859375
8768,1128.0934244791667
8769,1016.9204915364584
8770,2199.1561686197915
8771,673.2033894856771
8772,1105.0293782552083
8773,2040.6872151692708
8774,2205.8253580729165
8775,579.7369384765625
8776,1373.9234619140625
8777,588.3987833658854
8778,708.8320109049479
8779,635.9963785807291
8780,1948.2682698567708
8781,800.482666015625
8782,962.4066975911459
8783,1020.1478678385416
8784,1144.3895263671875
8785,1540.3900553385417
8786,3533.2162272135415
8787,1236.72607421875
8788,1565.4235026041667
8789,971.2814534505209
8790,437.80140177408856
8791,1282.3937581380208
8792,1200.3878987630208
8793,1351.40625
8794,852.9833577473959
8795,781.2144368489584
8796,595.7032674153646
8797,1082.2181803385417
8798,1462.200927734375
8799,677.1137084960938
8800,708.2762451171875
8801,1251.132080078125
8802,1155.4968668619792
8803,859.3091634114584
8804,1260.6426595052083
8805,866.6178385416666
8806,1293.3566080729167
8807,1695.3255208333333
8808,1095.4719645182292
8809,1611.3006591796875
8810,1065.0990804036458
8811,1652.638916015625
8812,11962.130533854166
8813,1200.3129475911458
8814,1329.9486083984375
8815,3236.6534830729165
8816,5066.479654947917
8817,826.0227457682291
8818,425.8401794433594
8819,1056.2452392578125
8820,1341.4737548828125
8821,4767.473307291667
8822,888.1918741861979
8823,772.1710815429688
8824,945.1553955078125
8825,626.3403930664062
8826,952.5652058919271
8827,2434.8631998697915
8828,840.279541015625
8829,622.6438802083334
8830,1216.7209065755208
8831,2298.4680989583335
8832,618.5612386067709
8833,1250.1446126302083
8834,1189.8216959635417
8835,1057.491455078125
8836,2920.5108235677085
8837,1174.889404296875
8838,3329.2830403645835
8839,662.0518595377604
8840,1739.7564290364583
8841,619.6328328450521
8842,824.34521484375
8843,1532.6588948567708
8844,1095.5543619791667
8845,2303.4847005208335
8846,1538.8501790364583
8847,1175.4449462890625
8848,645.0220336914062
8849,535.0445556640625
8850,1300.7394205729167
8851,1183.2313232421875
8852,1383.2789713541667
8853,2070.1761881510415
8854,1493.2580973307292
8855,1088.5563151041667
8856,1014.1693115234375
8857,12496.369466145834
8858,873.3739013671875
8859,960.2470906575521
8860,1004.9848836263021
8861,1033.4957275390625
8862,927.9153035481771
8863,944.510498046875
8864,623.6587931315104
8865,808.2865804036459
8866,2683.5003255208335
8867,2761.5888671875
8868,639.7372639973959
8869,1565.3703206380208
8870,954.8043212890625
8871,1425.1126708984375
8872,1059.9459635416667
8873,1076.9132080078125
8874,1067.225341796875
8875,963.2993367513021
8876,927.1619262695312
8877,863.6465047200521
8878,660.9576009114584
8879,1046.3697509765625
8880,1106.139404296875
8881,935.3909505208334
8882,1051.330078125
8883,494.7281087239583
8884,1033.4369303385417
8885,886.3369954427084
8886,1322.4089762369792
8887,1468.9808349609375
8888,1205.2933349609375
8889,790.3430786132812
8890,906.0347900390625
8891,738.05908203125
8892,734.1528930664062
8893,803.2114461263021
8894,1391.9445393880208
8895,584.6178792317709
8896,800.7496744791666
8897,725.120361328125
8898,1917.1822509765625
8899,829.3732096354166
8900,855.0268961588541
8901,836.04541015625
8902,885.4456990559896
8903,1697.3363037109375
8904,1183.3956705729167
8905,710.2234700520834
8906,749.3517456054688
8907,474.0675048828125
8908,764.0422770182291
8909,2426.055908203125
8910,1569.8644205729167
8911,769.7590738932291
8912,1070.723876953125
8913,1235.012451171875
8914,1680.7688802083333
8915,985.7163492838541
8916,1024.9524739583333
8917,841.716796875
8918,919.7432454427084
8919,1386.4850260416667
8920,996.5497233072916
8921,892.6572265625
8922,3258.5086263020835
8923,1025.8297932942708
8924,1950.14404296875
8925,3155.630615234375
8926,1538.3569742838542
8927,12252.958658854166
8928,1016.3369140625
8929,1466.9831136067708
8930,714.4982706705729
8931,1554.8623453776042
8932,892.9230753580729
8933,1604.3106282552083
8934,2172.4243977864585
8935,631.7266031901041
8936,647.1429646809896
8937,724.4007364908854
8938,2830.198974609375
8939,1601.571533203125
8940,987.1417439778646
8941,1101.0730387369792
8942,1028.2035725911458
8943,638.310546875
8944,804.8359375
8945,1066.3675537109375
8946,572.8422648111979
8947,1190.4466145833333
8948,1037.1007486979167
8949,1375.9026285807292
8950,988.330078125
8951,1281.9982503255208
8952,1745.6425374348958
8953,646.552978515625
8954,1239.8138427734375
8955,1641.3435872395833
8956,545.7878824869791
8957,886.4422403971354
8958,1263.6154378255208
8959,1221.3997395833333
8960,903.6217041015625
8961,1206.4523518880208
8962,1063.4825439453125
8963,2220.9837239583335
8964,770.7585245768229
8965,1001.1767374674479
8966,2578.4010416666665
8967,993.6029052734375
8968,1919.5697021484375
8969,970.1565958658854
8970,874.7456461588541
8971,1123.5768229166667
8972,918.91650390625
8973,991.3199462890625
8974,834.5487060546875
8975,707.0309448242188
8976,1047.2437337239583
8977,853.9391276041666
8978,1073.5931396484375
8979,1351.7569986979167
8980,1105.0055745442708
8981,1001.1576538085938
8982,304.002197265625
8983,984.798828125
8984,1249.6595865885417
8985,822.6571248372396
8986,681.9266967773438
8987,691.8087158203125
8988,858.298095703125
8989,887.0901489257812
8990,1590.1756591796875
8991,1738.4340006510417
8992,1277.9866943359375
8993,4361.39453125
8994,929.254638671875
8995,1191.1123860677083
8996,1735.3944091796875
8997,1744.2588297526042
8998,1000.0885823567709
8999,1150.5878092447917
9000,794.2816365559896
9001,1431.1555989583333
9002,2008.8829752604167
9003,2282.8095703125
9004,2417.6539713541665
9005,2143.4539388020835
9006,875.397216796875
9007,688.4595336914062
9008,690.6572265625
9009,3350.8564453125
9010,1133.703125
9011,798.080810546875
9012,1845.5806477864583
9013,574.2055460611979
9014,695.4324340820312
9015,537.6728515625
9016,661.3260701497396
9017,697.8591918945312
9018,2226.094970703125
9019,1121.1537272135417
9020,868.6887410481771
9021,519.8856404622396
9022,478.93311564127606
9023,2270.9404296875
9024,1456.455322265625
9025,833.7770589192709
9026,979.9955240885416
9027,907.1293538411459
9028,1171.3212076822917
9029,1425.1772867838542
9030,964.0898234049479
9031,1321.1435139973958
9032,619.3168741861979
9033,1052.0204671223958
9034,1517.5599365234375
9035,1682.0574137369792
9036,1075.698974609375
9037,1415.7276611328125
9038,1406.3758544921875
9039,1615.2842203776042
9040,501.20041910807294
9041,1908.2716878255208
9042,1115.1432698567708
9043,1228.1038818359375
9044,830.7940063476562
9045,833.4137573242188
9046,1943.156494140625
9047,1039.0319417317708
9048,1172.7057291666667
9049,591.9652913411459
9050,994.3670247395834
9051,1831.3672688802083
9052,816.8600056966146
9053,880.5959676106771
9054,741.8129679361979
9055,1527.1979166666667
9056,1969.1332194010417
9057,1118.9117024739583
9058,2193.941650390625
9059,742.4773152669271
9060,686.8163452148438
9061,2303.361572265625
9062,1384.3452555338542
9063,2049.88330078125
9064,946.2238566080729
9065,884.0268961588541
9066,1428.793212890625
9067,550.3678995768229
9068,806.0952351888021
9069,1632.2335205078125
9070,946.5233357747396
9071,1937.0594889322917
9072,851.5683797200521
9073,1457.1807047526042
9074,759.0013020833334
9075,1116.9344889322917
9076,1015.9602661132812
9077,697.3208414713541
9078,734.9908854166666
9079,1560.3280843098958
9080,902.3829956054688
9081,1608.6818033854167
9082,1227.0884602864583
9083,785.2837727864584
9084,1245.97705078125
9085,1118.5588785807292
9086,880.4231160481771
9087,854.5166015625
9088,2463.5320638020835
9089,816.5962320963541
9090,671.543701171875
9091,1312.9350179036458
9092,1526.8025716145833
9093,739.2727661132812
9094,779.7660319010416
9095,1744.5014241536458
9096,1364.15771484375
9097,525.2978515625
9098,1103.3847249348958
9099,1467.7384440104167
9100,979.6208292643229
9101,1802.8031412760417
9102,654.2184041341146
9103,1502.4833577473958
9104,1106.6053466796875
9105,994.6635131835938
9106,1010.1274820963541
9107,1018.6178181966146
9108,1562.35595703125
9109,788.3361206054688
9110,1080.1259765625
9111,2257.6201985677085
9112,525.2063191731771
9113,530.1065673828125
9114,1019.5548706054688
9115,1259.8207194010417
9116,795.8807983398438
9117,719.2485555013021
9118,1361.1692301432292
9119,1762.38427734375
9120,1896.1128336588542
9121,1017.5861002604166
9122,2327.7188313802085
9123,1113.7640380859375
9124,477.7524007161458
9125,745.5308837890625
9126,812.0906575520834
9127,1094.4174397786458
9128,1077.3717854817708
9129,1203.6158040364583
9130,1013.6896565755209
9131,696.1584676106771
9132,861.1703898111979
9133,621.8848673502604
9134,1181.3900553385417
9135,1483.5264892578125
9136,1492.9180501302083
9137,671.1009114583334
9138,1872.0663655598958
9139,881.41357421875
9140,714.4099527994791
9141,1017.5254109700521
9142,564.1980387369791
9143,1040.8311767578125
9144,625.0505981445312
9145,970.0617472330729
9146,1055.673583984375
9147,1809.8764241536458
9148,501.33632405598956
9149,748.4695638020834
9150,684.7941487630209
9151,1801.4886474609375
9152,922.4498901367188
9153,1486.1336263020833
9154,871.8618774414062
9155,2209.1388346354165
9156,865.4139404296875
9157,1562.9715576171875
9158,883.2061157226562
9159,898.9281616210938
9160,1041.3105061848958
9161,914.701171875
9162,2607.4340006510415
9163,772.9576822916666
9164,1667.149169921875
9165,1081.9928385416667
9166,1527.4889322916667
9167,1380.7470703125
9168,502.12305704752606
9169,753.7273763020834
9170,904.5795084635416
9171,2409.28759765625
9172,1304.4128011067708
9173,921.7603352864584
9174,1244.6573079427083
9175,920.0485229492188
9176,654.2863362630209
9177,738.5653076171875
9178,1230.0655924479167
9179,1092.2534586588542
9180,1760.9184977213542
9181,1077.9709065755208
9182,666.3535970052084
9183,1343.5471598307292
9184,2215.787109375
9185,1243.8509114583333
9186,629.2565307617188
9187,868.1296793619791
9188,2061.0066731770835
9189,924.6686401367188
9190,546.1015625
9191,1170.54345703125
9192,1497.4102783203125
9193,737.07421875
9194,1455.2931315104167
9195,1475.6220703125
9196,2624.9261067708335
9197,3366.1600748697915
9198,1279.7394205729167
9199,1038.7283528645833
9200,762.4808959960938
9201,836.4071655273438
9202,619.5419718424479
9203,831.2819213867188
9204,791.2909138997396
9205,1233.2328694661458
9206,4308.73291015625
9207,710.1553344726562
9208,1127.220947265625
9209,1579.7239990234375
9210,936.3032430013021
9211,6179.5498046875
9212,1349.3757731119792
9213,5307.791015625
9214,863.6089477539062
9215,2168.418701171875
9216,3421.0328776041665
9217,1454.43212890625
9218,1065.1288248697917
9219,923.5313720703125
9220,973.802734375
9221,2032.3935546875
9222,1622.8456217447917
9223,1721.6886800130208
9224,679.8683064778646
9225,805.0330200195312
9226,1477.207763671875
9227,1129.4818522135417
9228,1698.6621907552083
9229,2863.6590983072915
9230,861.6763305664062
9231,895.7755737304688
9232,688.1498819986979
9233,876.9757283528646
9234,1171.7524820963542
9235,1258.8202311197917
9236,1595.6953125
9237,580.6021118164062
9238,944.2025960286459
9239,1886.7185872395833
9240,430.4604085286458
9241,772.6315104166666
9242,877.538818359375
9243,580.8945719401041
9244,1130.044189453125
9245,1252.3472493489583
9246,923.0421346028646
9247,1685.0708414713542
9248,1585.3413899739583
9249,605.2287801106771
9250,1827.3640543619792
9251,645.9400024414062
9252,1057.4661458333333
9253,1343.9859212239583
9254,1565.6599527994792
9255,552.1395060221354
9256,623.508056640625
9257,2856.181640625
9258,1355.7016194661458
9259,686.4852091471354
9260,925.992431640625
9261,738.1010538736979
9262,2125.41455078125
9263,1060.2388509114583
9264,1346.1165364583333
9265,849.2279256184896
9266,1093.4632975260417
9267,742.5823567708334
9268,917.1307373046875
9269,592.3685709635416
9270,2251.1939290364585
9271,756.2539876302084
9272,525.8812459309896
9273,1166.6310221354167
9274,827.68896484375
9275,1003.0757446289062
9276,523.6883341471354
9277,1990.8135579427083
9278,738.4568684895834
9279,1066.6529134114583
9280,722.1022338867188
9281,1163.1859130859375
9282,1311.5960286458333
9283,2637.6221516927085
9284,1947.896240234375
9285,1573.908203125
9286,1314.1750895182292
9287,476.7463887532552
9288,1719.1932373046875
9289,810.2224324544271
9290,756.1249593098959
9291,695.9845581054688
9292,1258.9329427083333
9293,608.7420450846354
9294,771.7099609375
9295,567.62841796875
9296,1565.8881429036458
9297,1212.8941243489583
9298,924.4287109375
9299,1587.0238444010417
9300,964.1911417643229
9301,733.8198852539062
9302,1038.4957682291667
9303,1165.2383626302083
9304,967.5354817708334
9305,1532.6420491536458
9306,589.1253051757812
9307,485.30865478515625
9308,580.5690307617188
9309,2255.0069986979165
9310,1403.1376546223958
9311,896.5868530273438
9312,1206.8827311197917
9313,2822.3922526041665
9314,889.9404093424479
9315,1003.7174275716146
9316,615.5339965820312
9317,833.164306640625
9318,1009.9802856445312
9319,1920.4632568359375
9320,958.4617919921875
9321,1075.2455240885417
9322,483.0990905761719
9323,2264.5724283854165
9324,1037.3520100911458
9325,1462.6459147135417
9326,718.2824503580729
9327,564.1035563151041
9328,1005.9375813802084
9329,807.9174397786459
9330,632.462646484375
9331,1302.5012613932292
9332,895.4567057291666
9333,1083.88916015625
9334,758.8659261067709
9335,1510.6976318359375
9336,1614.9261067708333
9337,1903.7972819010417
9338,1070.3477783203125
9339,890.3036295572916
9340,1270.392578125
9341,1484.4341227213542
9342,1033.0209147135417
9343,1237.6056722005208
9344,553.3876749674479
9345,781.6710001627604
9346,2687.7330729166665
9347,974.5022786458334
9348,1953.2910970052083
9349,1215.6743977864583
9350,415.7882893880208
9351,535.1244913736979
9352,809.9256998697916
9353,635.7430419921875
9354,554.5247192382812
9355,1371.0099690755208
9356,1320.0350748697917
9357,1445.1034342447917
9358,1788.6920166015625
9359,839.7911376953125
9360,3043.247314453125
9361,1005.7296549479166
9362,789.4380900065104
9363,2482.9706217447915
9364,657.7920735677084
9365,919.5701700846354
9366,627.4660847981771
9367,1435.7022705078125
9368,1315.4697265625
9369,1210.063720703125
9370,1593.4046223958333
9371,1476.5497233072917
9372,515.8752237955729
9373,1281.7371419270833
9374,828.519287109375
9375,2892.6455078125
9376,978.1660970052084
9377,1080.01220703125
9378,1235.7616373697917
9379,1385.4530029296875
9380,991.5392862955729
9381,798.9236653645834
9382,619.3438110351562
9383,648.5980631510416
9384,612.3500366210938
9385,891.7451375325521
9386,2074.4048665364585
9387,724.4289754231771
9388,1280.7211100260417
9389,1826.8116048177083
9390,649.1489664713541
9391,874.2254231770834
9392,875.0487060546875
9393,1129.2989095052083
9394,2584.7811686197915
9395,1362.4740804036458
9396,664.1719970703125
9397,922.2597452799479
9398,1302.6663411458333
9399,525.7151285807291
9400,1075.3658447265625
9401,1167.2752685546875
9402,1584.2856852213542
9403,1214.8068033854167
9404,1081.1396077473958
9405,777.4111735026041
9406,671.6408081054688
9407,1357.8085123697917
9408,1327.3018798828125
9409,575.6837361653646
9410,821.6680094401041
9411,1402.1396891276042
9412,1717.2377115885417
9413,818.6000366210938
9414,729.3871256510416
9415,2225.6402994791665
9416,921.5600992838541
9417,602.5196736653646
9418,1155.452880859375
9419,913.2580769856771
9420,524.5253295898438
9421,785.4855143229166
9422,953.9800821940104
9423,937.2376302083334
9424,1324.2774251302083
9425,390.6878153483073
9426,996.4283243815104
9427,926.0690511067709
9428,780.7965087890625
9429,897.7908935546875
9430,1567.1431884765625
9431,875.2222086588541
9432,879.0705159505209
9433,751.5178629557291
9434,1290.246337890625
9435,898.4371948242188
9436,995.9172770182291
9437,1348.9434000651042
9438,596.7898356119791
9439,749.7146809895834
9440,1521.1414388020833
9441,1188.3251139322917
9442,1565.6909993489583
9443,1602.3223876953125
9444,655.1641642252604
9445,847.9418538411459
9446,829.4417724609375
9447,1026.2398274739583
9448,1181.7099202473958
9449,425.7346700032552
9450,1243.60498046875
9451,1269.2513427734375
9452,2735.4808756510415
9453,1857.514404296875
9454,1370.6502278645833
9455,720.7431030273438
9456,1058.6459554036458
9457,621.7700602213541
9458,854.5169881184896
9459,627.9082641601562
9460,605.675048828125
9461,2291.6005045572915
9462,1692.1387532552083
9463,843.1551513671875
9464,1624.0430908203125
9465,4258.496907552083
9466,1356.1009928385417
9467,1662.3530680338542
9468,763.4845377604166
9469,1325.3991292317708
9470,3628.7674153645835
9471,647.3106892903646
9472,1670.1143391927083
9473,716.6619873046875
9474,883.2899576822916
9475,1808.54443359375
9476,1722.5441487630208
9477,655.7286376953125
9478,1476.3005777994792
9479,1022.0651652018229
9480,3488.3262532552085
9481,1027.0177815755208
9482,714.5973917643229
9483,1283.069580078125
9484,776.0500284830729
9485,2196.0735677083335
9486,776.2801717122396
9487,782.4420369466146
9488,1786.6309814453125
9489,3060.7677408854165
9490,547.1869506835938
9491,1051.9896647135417
9492,764.0006917317709
9493,1637.5816243489583
9494,1081.4623616536458
9495,945.6997477213541
9496,1175.9341227213542
9497,962.3850504557291
9498,970.75
9499,1518.91845703125
9500,1617.9659423828125
9501,1004.9067179361979
9502,513.9464314778646
9503,1490.583740234375
9504,689.3253580729166
9505,2373.9894205729165
9506,1698.3597412109375
9507,759.4786376953125
9508,1250.8542887369792
9509,1276.0677490234375
9510,975.7151285807291
9511,2391.7267252604165
9512,853.2281290690104
9513,1501.2978922526042
9514,1258.9874267578125
9515,1040.869384765625
9516,1561.0928548177083
9517,592.7332356770834
9518,1153.6836344401042
9519,525.6778971354166
9520,768.1258341471354
9521,777.9506632486979
9522,1245.7454427083333
9523,745.5282185872396
9524,859.5461222330729
9525,6124.195475260417
9526,1323.7590738932292
9527,2222.0861002604165
9528,3147.12451171875
9529,1006.4498901367188
9530,862.9671223958334
9531,960.5532023111979
9532,1111.4806722005208
9533,1018.423095703125
9534,1710.9301350911458
9535,1000.4474894205729
9536,1511.552978515625
9537,897.9017130533854
9538,600.3094075520834
9539,962.3732299804688
9540,1852.4615071614583
9541,1180.2857259114583
9542,1576.2928059895833
9543,1795.2888590494792
9544,1179.4726155598958
9545,804.8159586588541
9546,603.2188110351562
9547,808.8459269205729
9548,1273.8765055338542
9549,963.5709838867188
9550,761.6788940429688
9551,1408.2021077473958
9552,838.8705240885416
9553,2819.2579752604165
9554,1391.2429606119792
9555,828.3984171549479
9556,728.4549153645834
9557,880.0811564127604
9558,1580.4927571614583
9559,810.2184855143229
9560,1136.3499348958333
9561,1277.4801432291667
9562,583.1523030598959
9563,728.66552734375
9564,950.9201863606771
9565,1847.8460286458333
9566,1582.5038248697917
9567,765.9043375651041
9568,580.8253987630209
9569,919.5945027669271
9570,618.5417277018229
9571,881.99853515625
9572,1227.8837890625
9573,729.5579833984375
9574,739.8015543619791
9575,448.75633748372394
9576,537.9670817057291
9577,878.8816324869791
9578,730.0289510091146
9579,1698.5613606770833
9580,986.9289347330729
9581,970.2091064453125
9582,1844.1595865885417
9583,1489.6534423828125
9584,1127.852783203125
9585,1192.081787109375
9586,1278.5196940104167
9587,993.9518839518229
9588,724.0838826497396
9589,591.6641235351562
9590,1183.2363688151042
9591,2072.945068359375
9592,809.3321940104166
9593,926.1088460286459
9594,1508.5218912760417
9595,510.3884684244792
9596,596.2915445963541
9597,761.1586303710938
9598,768.5231730143229
9599,755.0510864257812
9600,2206.2811686197915
9601,542.7227376302084
9602,456.27191162109375
9603,1232.7753499348958
9604,1474.3173421223958
9605,959.645751953125
9606,1322.3998209635417
9607,507.93813069661456
9608,916.6258951822916
9609,771.4290364583334
9610,980.785888671875
9611,704.2256266276041
9612,1160.1061604817708
9613,531.6841023763021
9614,453.5946858723958
9615,584.5206705729166
9616,1585.919677734375
9617,977.1104939778646
9618,1015.169677734375
9619,540.637939453125
9620,730.9510091145834
9621,903.2974243164062
9622,1183.5659586588542
9623,890.1166788736979
9624,819.5313517252604
9625,1773.91357421875
9626,1216.2025146484375
9627,982.85498046875
9628,2219.5183919270835
9629,11898.928059895834
9630,1160.4222005208333
9631,1938.2616780598958
9632,603.8072102864584
9633,1477.2715657552083
9634,748.6719767252604
9635,752.6204630533854
9636,682.1078898111979
9637,2594.3431803385415
9638,954.5010782877604
9639,766.1350301106771
9640,13879.883463541666
9641,837.8919067382812
9642,621.842529296875
9643,1984.2046305338542
9644,761.4454752604166
9645,508.02354939778644
9646,1133.0176595052083
9647,487.9403991699219
9648,845.7495930989584
9649,1445.2059733072917
9650,1049.0516357421875
9651,884.0467529296875
9652,1005.8492228190104
9653,1016.7739664713541
9654,1024.5924886067708
9655,860.3194783528646
9656,1322.6482340494792
9657,6045.434733072917
9658,2761.27734375
9659,975.4200846354166
9660,1438.093505859375
9661,623.4489135742188
9662,1282.3774820963542
9663,738.6934407552084
9664,743.4577840169271
9665,12406.738606770834
9666,1382.1678466796875
9667,1086.0975748697917
9668,1063.5631103515625
9669,1399.6636962890625
9670,808.4149576822916
9671,822.9896850585938
9672,1603.1736246744792
9673,898.2449137369791
9674,536.0625
9675,757.1898193359375
9676,1306.5735270182292
9677,844.6672770182291
9678,2200.9951985677085
9679,564.3206380208334
9680,2188.037841796875
9681,1330.3773600260417
9682,1232.8290201822917
9683,5675.37646484375
9684,576.637451171875
9685,770.1784057617188
9686,621.6291910807291
9687,890.9164835611979
9688,428.9842529296875
9689,1002.5075276692709
9690,449.9817606608073
9691,776.6256510416666
9692,1035.6637776692708
9693,1823.21240234375
9694,999.1436767578125
9695,1099.1896158854167
9696,1063.6007080078125
9697,582.0327555338541
9698,812.3358764648438
9699,1351.177001953125
9700,779.4026082356771
9701,1550.975341796875
9702,892.7675577799479
9703,1400.1045328776042
9704,540.1027221679688
9705,1164.8779703776042
9706,955.696044921875
9707,2589.8080240885415
9708,758.25146484375
9709,968.9564005533854
9710,1879.7504069010417
9711,558.7611083984375
9712,1915.9797770182292
9713,840.9535522460938
9714,587.1565755208334
9715,1040.228271484375
9716,856.0143025716146
9717,1158.756103515625
9718,532.0142211914062
9719,487.9657796223958
9720,659.5557657877604
9721,2159.1492513020835
9722,486.9845784505208
9723,1184.7233072916667
9724,1011.7364501953125
9725,2520.1835123697915
9726,1976.1350504557292
9727,1051.0535481770833
9728,450.8567708333333
9729,1280.1613362630208
9730,1127.3636067708333
9731,1323.2266845703125
9732,1340.0515950520833
9733,1719.3388264973958
9734,639.5947672526041
9735,901.313232421875
9736,567.7188313802084
9737,830.2212524414062
9738,1065.7666829427083
9739,3459.5870768229165
9740,719.0888061523438
9741,999.3361002604166
9742,671.8204752604166
9743,614.8967488606771
9744,2836.9229329427085
9745,587.8179931640625
9746,1098.769775390625
9747,1382.7354329427083
9748,1075.9820149739583
9749,1204.0272216796875
9750,1416.9569498697917
9751,636.8494059244791
9752,719.1366577148438
9753,1322.86669921875
9754,818.9118448893229
9755,1818.0392252604167
9756,1590.2373046875
9757,2245.81689453125
9758,867.5631713867188
9759,1238.5323486328125
9760,930.2371215820312
9761,485.8286641438802
9762,2089.9181315104165
9763,950.7465209960938
9764,2111.3203125
9765,1049.3971761067708
9766,1163.342529296875
9767,535.7286580403646
9768,1695.119384765625
9769,1164.4390462239583
9770,795.2152709960938
9771,855.416259765625
9772,525.2918701171875
9773,2048.3701171875
9774,1379.6688232421875
9775,597.8208618164062
9776,727.6621907552084
9777,2185.969482421875
9778,674.2940266927084
9779,810.4684244791666
9780,1860.048095703125
9781,763.4262491861979
9782,422.6713358561198
9783,570.7433675130209
9784,1107.2610677083333
9785,2149.6329752604165
9786,728.1849568684896
9787,1155.7442626953125
9788,984.3227945963541
9789,1575.1515706380208
9790,1256.642578125
9791,586.6922200520834
9792,627.7344156901041
9793,865.7334798177084
9794,1167.8898518880208
9795,1131.2541910807292
9796,1234.2459716796875
9797,1008.4369506835938
9798,1277.9069010416667
9799,726.8213907877604
9800,1069.1194661458333
9801,438.55066935221356
9802,951.9269002278646
9803,820.0381266276041
9804,1777.4504801432292
9805,1986.8222249348958
9806,885.7940470377604
9807,678.9530843098959
9808,1079.3793131510417
9809,697.0885213216146
9810,838.1928914388021
9811,727.5035603841146
9812,505.4768371582031
9813,1353.9145914713542
9814,1167.1305745442708
9815,1177.8892008463542
9816,964.55322265625
9817,885.9833170572916
9818,709.9933878580729
9819,1074.3534749348958
9820,975.3358561197916
9821,2146.8642578125
9822,902.9460652669271
9823,1028.7950032552083
9824,1621.8684488932292
9825,808.1593831380209
9826,1052.2771402994792
9827,816.2228393554688
9828,920.9139404296875
9829,710.0847371419271
9830,901.1477254231771
9831,745.7729899088541
9832,734.2969767252604
9833,1330.6822916666667
9834,1309.4966227213542
9835,1354.9827473958333
9836,437.2167663574219
9837,1461.4365641276042
9838,660.5804646809896
9839,1164.1655680338542
9840,1056.9028727213542
9841,668.0112508138021
9842,1196.3978271484375
9843,1366.4580485026042
9844,1438.2249348958333
9845,3929.673095703125
9846,1060.3595377604167
9847,966.5522054036459
9848,598.9636433919271
9849,553.7559000651041
9850,625.8954264322916
9851,1291.6275634765625
9852,1584.1828206380208
9853,1950.21240234375
9854,811.8592732747396
9855,922.3810424804688
9856,521.6983642578125
9857,672.1291300455729
9858,822.5457763671875
9859,1022.1571655273438
9860,1063.9628499348958
9861,716.6581013997396
9862,994.3246053059896
9863,1936.58251953125
9864,2041.2962646484375
9865,1877.7032877604167
9866,1671.3398030598958
9867,438.83057657877606
9868,762.4211832682291
9869,1160.1993001302083
9870,1986.4036051432292
9871,1551.3791910807292
9872,1351.9564615885417
9873,999.6821695963541
9874,1098.3441569010417
9875,345.6085205078125
9876,1561.7869873046875
9877,1175.9389241536458
9878,1054.4269612630208
9879,770.7750651041666
9880,803.0386962890625
9881,1493.4437255859375
9882,1314.66943359375
9883,1525.4634195963542
9884,1691.0085042317708
9885,770.5769856770834
9886,642.4922688802084
9887,728.5865275065104
9888,830.2371012369791
9889,933.1710205078125
9890,800.7965291341146
9891,958.1563517252604
9892,1397.7621663411458
9893,860.5354614257812
9894,647.3507893880209
9895,936.5019938151041
9896,1683.4980061848958
9897,956.7280680338541
9898,2397.5040690104165
9899,930.5046997070312
9900,743.99365234375
9901,988.0801595052084
9902,2680.4486490885415
9903,592.6884358723959
9904,3768.927734375
9905,661.6265869140625
9906,946.5748087565104
9907,694.2178141276041
9908,803.5583292643229
9909,1086.9786376953125
9910,560.1518147786459
9911,1239.9990234375
9912,1490.1754964192708
9913,1168.7914632161458
9914,871.1943359375
9915,1166.6247151692708
9916,1001.2164713541666
9917,702.963623046875
9918,546.2642008463541
9919,1392.9789225260417
9920,5496.633138020833
9921,1811.9554036458333
9922,1298.96826171875
9923,750.5571085611979
9924,949.2926839192709
9925,791.9568888346354
9926,1267.532470703125
9927,945.0664265950521
9928,687.1235758463541
9929,691.12451171875
9930,1034.1329752604167
9931,886.3132120768229
9932,495.83082071940106
9933,1037.9107666015625
9934,2348.1302897135415
9935,1031.8428955078125
9936,656.8307088216146
9937,1959.9429524739583
9938,722.7714436848959
9939,1441.9326985677083
9940,1380.3687337239583
9941,796.0718790690104
9942,2668.2998046875
9943,995.8275756835938
9944,1025.1536865234375
9945,961.0092366536459
9946,1156.7198486328125
9947,888.8774820963541
9948,369.9519449869792
9949,1064.5847574869792
9950,1374.7593994140625
9951,1815.236328125
9952,709.0705362955729
9953,1149.870849609375
9954,836.7675374348959
9955,867.9303588867188
9956,601.3442179361979
9957,819.7233072916666
9958,2154.763671875
9959,1025.4969889322917
9960,654.1678670247396
9961,1617.1900634765625
9962,955.0180257161459
9963,1190.7792154947917
9964,3233.6653645833335
9965,748.2360026041666
9966,955.3269653320312
9967,761.6875406901041
9968,601.3043009440104
9969,1119.55224609375
9970,632.8449503580729
9971,1651.9127604166667
9972,1174.0008544921875
9973,947.5679321289062
9974,919.0705159505209
9975,2040.6477864583333
9976,1178.5585530598958
9977,484.8327128092448
9978,1797.511474609375
9979,1113.8560791015625
9980,1183.2790120442708
9981,1104.3250732421875
9982,933.3749389648438
9983,1241.2972819010417
9984,836.6591389973959
9985,1430.0262044270833
9986,776.6030069986979
9987,550.8161214192709
9988,1388.9871012369792
9989,687.02490234375
9990,649.6944173177084
9991,2033.1931559244792
9992,600.6382242838541
9993,1535.682373046875
9994,860.9925130208334
9995,721.9773152669271
9996,1378.5601806640625
9997,463.61658732096356
9998,1120.2822672526042
9999,1332.5163167317708
10000,687.7408447265625
10001,942.0782267252604
10002,746.5150756835938
10003,2072.2147623697915
10004,793.1854451497396
10005,698.7479248046875
10006,1057.038818359375
10007,900.3713785807291
10008,1282.7181803385417
10009,620.8194580078125
10010,939.2151489257812
10011,1318.3190104166667
10012,1463.0697835286458
10013,1031.4480794270833
10014,648.8617960611979
10015,907.1280924479166
10016,1287.2542724609375
10017,1484.2086588541667
10018,1013.9231567382812
10019,1519.2718912760417
10020,946.7394816080729
10021,1062.0771077473958
10022,1131.6338704427083
10023,729.9695027669271
10024,602.2757771809896
10025,2583.7434895833335
10026,1862.1518147786458
10027,2664.694580078125
10028,467.34169514973956
10029,886.1264241536459
10030,963.3448486328125
10031,805.6802571614584
10032,1116.472412109375
10033,1375.6771647135417
10034,1855.5323486328125
10035,2401.8433430989585
10036,1152.164794921875
10037,2510.3577473958335
10038,1017.8537801106771
10039,1907.3767496744792
10040,1275.5857340494792
10041,1119.2965901692708
10042,1358.2044677734375
10043,1193.1550699869792
10044,779.6341145833334
10045,1289.5496826171875
10046,978.9015299479166
10047,826.6236165364584
10048,420.5450948079427
10049,593.0407511393229
10050,1356.5591227213542
10051,3165.6375325520835
10052,707.7840779622396
10053,1076.062744140625
10054,817.5235188802084
10055,672.1380818684896
10056,924.4825642903646
10057,3051.7958170572915
10058,941.6631266276041
10059,3431.4852701822915
10060,1051.6803385416667
10061,552.0009562174479
10062,640.5982462565104
10063,881.8045043945312
10064,1848.9842936197917
10065,1818.8127848307292
10066,476.03826904296875
10067,929.2734578450521
10068,652.1169230143229
10069,1042.7371826171875
10070,390.90671793619794
10071,838.9236450195312
10072,1393.6260579427083
10073,933.7015380859375
10074,719.7955932617188
10075,2142.254150390625
10076,1783.111083984375
10077,1170.5716552734375
10078,1337.6752522786458
10079,681.9258829752604
10080,4271.55322265625
10081,1033.9926350911458
10082,1471.3072509765625
10083,1098.3457845052083
10084,2579.663818359375
10085,695.6155598958334
10086,933.9478759765625
10087,593.0681559244791
10088,756.5428059895834
10089,12224.529296875
10090,956.7919311523438
10091,639.0195922851562
10092,4047.4160970052085
10093,1499.6903889973958
10094,727.7099405924479
10095,590.2332763671875
10096,1156.2869466145833
10097,2780.0855305989585
10098,1005.6161905924479
10099,1861.6843668619792
10100,1261.2066650390625
10101,883.8794555664062
10102,1133.0852457682292
10103,934.6551106770834
10104,1537.3597412109375
10105,1610.2256266276042
10106,758.3936971028646
10107,892.4370727539062
10108,645.080810546875
10109,1227.4317626953125
10110,1147.6003011067708
10111,452.6075032552083
10112,909.0422566731771
10113,872.0722452799479
10114,894.1551513671875
10115,526.4638061523438
10116,1270.7435302734375
10117,1152.075439453125
10118,1549.2859293619792
10119,889.1851196289062
10120,1246.74951171875
10121,1999.6547444661458
10122,917.8029378255209
10123,1317.16552734375
10124,2674.5686848958335
10125,615.8523763020834
10126,706.61279296875
10127,1778.3535970052083
10128,1084.2006022135417
10129,2525.427978515625
10130,844.2473347981771
10131,1123.8536783854167
10132,910.8691609700521
10133,4048.5713704427085
10134,731.867919921875
10135,636.1453043619791
10136,1206.6097005208333
10137,1556.1565755208333
10138,996.8050537109375
10139,1118.0000813802083
10140,727.3984171549479
10141,870.5232543945312
10142,1299.6394449869792
10143,2064.12255859375
10144,902.1113688151041
10145,974.1877848307291
10146,1339.8522135416667
10147,664.9290974934896
10148,618.9955444335938
10149,544.9808959960938
10150,823.4102376302084
10151,1247.4419759114583
10152,1079.2467041015625
10153,973.6749877929688
10154,726.8481241861979
10155,1501.3151448567708
10156,2453.5133463541665
10157,1385.866455078125
10158,1111.7388916015625
10159,956.2359415690104
10160,830.9263509114584
10161,1056.2760823567708
10162,665.4372355143229
10163,754.6924031575521
10164,1049.1059977213542
10165,913.8565266927084
10166,1524.8315836588542
10167,762.9223429361979
10168,788.8067016601562
10169,3882.1741536458335
10170,546.0973917643229
10171,3854.946044921875
10172,884.3533325195312
10173,772.4937947591146
10174,1902.9086507161458
10175,721.1250406901041
10176,1000.5433146158854
10177,11691.61328125
10178,677.3946736653646
10179,586.3194986979166
10180,918.7855834960938
10181,660.8799031575521
10182,1217.4584147135417
10183,516.8483683268229
10184,698.4874877929688
10185,4228.4169921875
10186,717.0931599934896
10187,1125.1627604166667
10188,1241.5695393880208
10189,1107.9290771484375
10190,1684.3656412760417
10191,1229.8987223307292
10192,842.0447794596354
10193,1510.1578369140625
10194,1667.2074381510417
10195,1544.2137858072917
10196,580.9472045898438
10197,807.8800048828125
10198,2044.0513509114583
10199,779.4431762695312
10200,859.919189453125
10201,653.4608968098959
10202,1069.3215738932292
10203,1995.9896240234375
10204,935.4923502604166
10205,1317.7572835286458
10206,1599.1355794270833
10207,1467.4530436197917
10208,797.1314900716146
10209,823.3122762044271
10210,1107.5374348958333
10211,721.3121948242188
10212,1219.9379475911458
10213,652.8487141927084
10214,1230.207275390625
10215,475.9117024739583
10216,1851.0358072916667
10217,978.1789957682291
10218,1588.0699869791667
10219,955.1641235351562
10220,768.9517822265625
10221,560.1631876627604
10222,1300.4949544270833
10223,815.16650390625
10224,924.2540079752604
10225,948.1766153971354
10226,1877.8460693359375
10227,1227.2152506510417
10228,1351.51611328125
10229,761.5917765299479
10230,996.6623331705729
10231,972.4652303059896
10232,907.4285888671875
10233,651.1903686523438
10234,1206.8011474609375
10235,947.1102701822916
10236,1065.4358317057292
10237,1182.3547770182292
10238,1689.07275390625
10239,1412.80908203125
10240,1440.8943684895833
10241,1589.4055989583333
10242,1033.748779296875
10243,1366.892578125
10244,1540.152099609375
10245,1379.1826578776042
10246,1230.0415852864583
10247,637.3764851888021
10248,1130.98291015625
10249,1000.4995930989584
10250,401.5827128092448
10251,483.22353108723956
10252,1213.4369710286458
10253,618.1500244140625
10254,992.9102172851562
10255,931.8319091796875
10256,5310.429036458333
10257,1062.258056640625
10258,469.7832438151042
10259,1763.99951171875
10260,561.1330159505209
10261,1675.0343831380208
10262,1040.3291829427083
10263,1269.8282470703125
10264,1273.6665445963542
10265,437.8839111328125
10266,779.2576293945312
10267,891.1221313476562
10268,2858.798828125
10269,1299.9144694010417
10270,1175.3187662760417
10271,837.4830932617188
10272,735.7780965169271
10273,741.5497639973959
10274,1178.6352132161458
10275,866.1446126302084
10276,707.8529052734375
10277,1325.0534261067708
10278,538.2025756835938
10279,1442.4049886067708
10280,845.5089925130209
10281,3270.5851236979165
10282,422.90003458658856
10283,2009.663818359375
10284,1114.7861735026042
10285,538.5640665690104
10286,1041.3085530598958
10287,705.352783203125
10288,700.8187866210938
10289,1065.093994140625
10290,900.3695678710938
10291,808.2544148763021
10292,738.0062459309896
10293,1799.2654622395833
10294,2780.908203125
10295,1003.6575317382812
10296,1769.2862955729167
10297,1092.0089925130208
10298,681.9512939453125
10299,539.0364990234375
10300,592.2794189453125
10301,1832.6832682291667
10302,643.8572794596354
10303,1021.6968790690104
10304,831.9061075846354
10305,1955.5775553385417
10306,1253.2799886067708
10307,544.4053955078125
10308,684.3415120442709
10309,691.2761433919271
10310,773.6505940755209
10311,1398.7048746744792
10312,633.2790730794271
10313,1655.3170572916667
10314,1178.499755859375
10315,1098.2618815104167
10316,1169.78076171875
10317,558.6811116536459
10318,557.8028157552084
10319,837.4416910807291
10320,695.2529093424479
10321,2830.4508463541665
10322,1513.1728108723958
10323,828.5618286132812
10324,1536.9486897786458
10325,625.9500122070312
10326,890.1657918294271
10327,2118.7688802083335
10328,2314.9899088541665
10329,436.28101603190106
10330,644.6982421875
10331,1042.2774251302083
10332,1228.7917073567708
10333,696.4501953125
10334,665.6400960286459
10335,1777.7588704427083
10336,2728.8626302083335
10337,1488.2881673177083
10338,1758.2915445963542
10339,2450.9176432291665
10340,891.4858194986979
10341,1430.9394124348958
10342,1610.6077880859375
10343,1186.5733235677083
10344,1740.3060302734375
10345,1055.0705973307292
10346,1197.2353515625
10347,3958.3560384114585
10348,1062.553955078125
10349,785.4510091145834
10350,481.0946858723958
10351,2372.0327962239585
10352,777.4121907552084
10353,2520.8575032552085
10354,2417.380615234375
10355,724.171142578125
10356,536.8634643554688
10357,808.0278116861979
10358,2403.094970703125
10359,944.3655192057291
10360,711.3025512695312
10361,1759.5241292317708
10362,1151.7662353515625
10363,620.4786783854166
10364,962.5309244791666
10365,773.5892537434896
10366,1328.1597900390625
10367,1675.5812581380208
10368,841.4721069335938
10369,1336.2900797526042
10370,748.9750773111979
10371,1227.7315673828125
10372,966.0850626627604
10373,509.9106038411458
10374,1753.718505859375
10375,1738.984619140625
10376,796.0944010416666
10377,2358.30078125
10378,554.5214436848959
10379,1231.9835205078125
10380,684.8189900716146
10381,2663.8431803385415
10382,934.7802327473959
10383,808.9892578125
10384,695.3086954752604
10385,892.9154866536459
10386,787.0919189453125
10387,595.5906982421875
10388,594.7167765299479
10389,522.4513753255209
10390,1228.2082926432292
10391,862.2002156575521
10392,1066.7546793619792
10393,749.8032633463541
10394,599.0151163736979
10395,981.79052734375
10396,605.9790649414062
10397,837.9204305013021
10398,669.1053670247396
10399,714.5836385091146
10400,782.6474405924479
10401,1126.0565592447917
10402,1039.2991943359375
10403,1250.931640625
10404,422.0690002441406
10405,798.8987223307291
10406,469.89011637369794
10407,1051.1017252604167
10408,809.9808756510416
10409,3174.0291341145835
10410,723.7074584960938
10411,545.7364705403646
10412,967.9268798828125
10413,685.2422892252604
10414,744.4564005533854
10415,734.9873657226562
10416,1108.1475016276042
10417,1310.1179606119792
10418,866.7661539713541
10419,883.4666341145834
10420,915.8793334960938
10421,905.8160400390625
10422,777.4216918945312
10423,620.5613606770834
10424,1123.1725667317708
10425,907.4759521484375
10426,437.2010904947917
10427,821.7395222981771
10428,621.0790812174479
10429,1615.1675618489583
10430,630.1835123697916
10431,1522.5496826171875
10432,951.1545206705729
10433,1691.8301188151042
10434,1089.999267578125
10435,1109.8512369791667
10436,1396.7485758463542
10437,805.3897705078125
10438,1481.8102620442708
10439,1068.2746175130208
10440,1608.014404296875
10441,830.0972290039062
10442,736.4852498372396
10443,529.6161905924479
10444,1041.0896402994792
10445,994.0931396484375
10446,1648.0765380859375
10447,677.1041259765625
10448,1296.4425862630208
10449,656.6598510742188
10450,1002.4347330729166
10451,623.1918334960938
10452,812.3607381184896
10453,1082.6924235026042
10454,987.8057861328125
10455,2159.99267578125
10456,976.68701171875
10457,5078.324381510417
10458,1313.4914957682292
10459,567.6377766927084
10460,1284.114013671875
10461,1018.5638834635416
10462,855.3041178385416
10463,860.83740234375
10464,1271.5616455078125
10465,1362.300537109375
10466,1795.177490234375
10467,2487.22900390625
10468,471.91689046223956
10469,622.1723022460938
10470,749.0845336914062
10471,1142.9665120442708
10472,2435.023193359375
10473,911.7651977539062
10474,715.5975748697916
10475,866.5687052408854
10476,756.9716796875
10477,1504.0876871744792
10478,1045.632568359375
10479,695.6113077799479
10480,831.0747884114584
10481,833.1067911783854
10482,655.8306681315104
10483,1242.1295572916667
10484,1332.8770345052083
10485,12217.8642578125
10486,1021.0338134765625
10487,629.8921712239584
10488,1285.7430013020833
10489,1321.9921468098958
10490,664.0116170247396
10491,575.5372314453125
10492,2394.0128580729165
10493,1497.1859130859375
10494,716.3291219075521
10495,2092.1117350260415
10496,1235.5763346354167
10497,1206.1683349609375
10498,560.6290690104166
10499,1504.1383463541667
10500,976.5906372070312
10501,947.9243774414062
10502,880.6099650065104
10503,1767.8546956380208
10504,611.5630289713541
10505,1095.65185546875
10506,943.9890747070312
10507,854.4593912760416
10508,1163.8111165364583
10509,587.8185017903646
10510,1020.7786458333334
10511,870.1533813476562
10512,1066.4792887369792
10513,1404.2079264322917
10514,668.0899658203125
10515,1438.5602213541667
10516,1072.650634765625
10517,825.3030192057291
10518,1080.2705078125
10519,1283.390625
10520,532.8379720052084
10521,1141.4945882161458
10522,1324.4160563151042
10523,951.2871704101562
10524,652.3072306315104
10525,1335.3048502604167
10526,870.8427327473959
10527,724.04443359375
10528,1470.2408040364583
10529,1310.1177978515625
10530,650.2403564453125
10531,739.0848795572916
10532,880.08349609375
10533,999.2078653971354
10534,1686.0312093098958
10535,1618.8146565755208
10536,748.4383544921875
10537,2075.39501953125
10538,1219.3149007161458
10539,1061.8087158203125
10540,2972.3636881510415
10541,710.3844197591146
10542,954.142822265625
10543,1262.2169596354167
10544,845.4127604166666
10545,2252.171142578125
10546,1062.646728515625
10547,1573.2077229817708
10548,858.17431640625
10549,1649.7177327473958
10550,561.137939453125
10551,921.8788859049479
10552,1059.4735921223958
10553,1012.3520711263021
10554,2187.2259114583335
10555,683.7709147135416
10556,779.5950927734375
10557,545.1011149088541
10558,976.8163248697916
10559,631.5529174804688
10560,610.7015991210938
10561,3522.4418131510415
10562,984.1535847981771
10563,864.7221272786459
10564,982.7192586263021
10565,1409.5377197265625
10566,1641.7931315104167
10567,2152.1363932291665
10568,702.6565144856771
10569,1359.4515380859375
10570,1600.3753662109375
10571,718.9488932291666
10572,1254.9234619140625
10573,1551.4169108072917
10574,2123.5315755208335
10575,843.4802652994791
10576,756.5953979492188
10577,671.2994588216146
10578,766.5200398763021
10579,1236.2911783854167
10580,911.6814575195312
10581,1454.5591227213542
10582,11759.66796875
10583,670.0713500976562
10584,1250.6901448567708
10585,709.8565266927084
10586,1435.5738525390625
10587,802.3124796549479
10588,1848.2155354817708
10589,602.8419189453125
10590,1344.5450439453125
10591,1135.8338216145833
10592,759.4824015299479
10593,1376.4593912760417
10594,849.0337524414062
10595,2333.5348307291665
10596,1400.5196533203125
10597,711.1320597330729
10598,417.3278299967448
10599,1482.1378987630208
10600,864.4634195963541
10601,732.1014811197916
10602,2128.798583984375
10603,1210.1752115885417
10604,703.3895263671875
10605,1150.4380696614583
10606,630.5109049479166
10607,674.7486979166666
10608,683.9392700195312
10609,1008.7786458333334
10610,609.0594685872396
10611,1080.1229654947917
10612,1358.8458658854167
10613,647.7318929036459
10614,1147.890869140625
10615,1028.7754720052083
10616,1233.5155029296875
10617,1742.8243815104167
10618,732.4434611002604
10619,469.0131530761719
10620,915.5447387695312
10621,763.4998982747396
10622,878.0117390950521
10623,998.76416015625
10624,772.5938720703125
10625,918.4093424479166
10626,921.2554117838541
10627,832.9098510742188
10628,879.0560506184896
10629,1228.9158121744792
10630,656.8905639648438
10631,1216.8319905598958
10632,988.2848917643229
10633,1011.0684611002604
10634,1036.1060791015625
10635,662.8626302083334
10636,1414.5003662109375
10637,1047.8225911458333
10638,900.3257242838541
10639,1251.3934733072917
10640,662.8143310546875
10641,1165.6525065104167
10642,1006.2746988932291
10643,866.9096883138021
10644,532.4371134440104
10645,862.4780476888021
10646,726.6370849609375
10647,802.8045043945312
10648,650.0779215494791
10649,1092.940673828125
10650,1088.390380859375
10651,994.0475056966146
10652,795.4742635091146
10653,1458.6885986328125
10654,1140.7161865234375
10655,861.9062906901041
10656,1211.9289143880208
10657,1871.5819091796875
10658,1046.3023681640625
10659,1637.5869140625
10660,837.1964518229166
10661,882.4003499348959
10662,787.7712605794271
10663,1254.4034016927083
10664,1065.444091796875
10665,1108.7237955729167
10666,1296.4755859375
10667,1105.4228108723958
10668,1302.4256184895833
10669,729.5067138671875
10670,578.5932820638021
10671,1976.2815348307292
10672,824.1793212890625
10673,646.304443359375
10674,762.778564453125
10675,633.5790201822916
10676,1834.1053466796875
10677,978.8552449544271
10678,3032.2035319010415
10679,658.7301432291666
10680,738.6321614583334
10681,701.8924153645834
10682,1004.1445109049479
10683,1126.7244873046875
10684,1373.406982421875
10685,1143.3800455729167
10686,1237.2605794270833
10687,689.1032511393229
10688,860.2331746419271
10689,817.1887613932291
10690,1440.1130777994792
10691,670.6496988932291
10692,1627.5857340494792
10693,821.9146931966146
10694,897.2878621419271
10695,1461.5181477864583
10696,1309.3288167317708
10697,621.4102986653646
10698,702.7738444010416
10699,929.5878702799479
10700,2047.0447998046875
10701,558.964111328125
10702,2135.0416666666665
10703,823.7458902994791
10704,664.4633178710938
10705,1299.5456949869792
10706,1015.6758015950521
10707,1318.0246988932292
10708,884.9657592773438
10709,1855.4061686197917
10710,672.3487141927084
10711,1187.4324951171875
10712,2193.0210774739585
10713,847.2877807617188
10714,2502.650146484375
10715,1221.4346516927083
10716,1130.74267578125
10717,566.8580118815104
10718,1345.7472737630208
10719,1084.59130859375
10720,839.5278523763021
10721,1058.83984375
10722,563.0355428059896
10723,1025.1205647786458
10724,591.6558837890625
10725,4213.766438802083
10726,592.8895060221354
10727,533.4455362955729
10728,1836.9322916666667
10729,570.0755004882812
10730,428.9586995442708
10731,1228.1468098958333
10732,782.8265991210938
10733,817.9822591145834
10734,689.9801432291666
10735,2082.6932779947915
10736,475.2976989746094
10737,1020.1709391276041
10738,723.794189453125
10739,1215.9593098958333
10740,991.5667724609375
10741,2648.2066243489585
10742,774.7327270507812
10743,1062.9917399088542
10744,765.1741536458334
10745,758.7241617838541
10746,578.5050862630209
10747,1193.2516682942708
10748,1137.4865315755208
10749,834.3358357747396
10750,1102.9778238932292
10751,2597.9769694010415
10752,1214.1005452473958
10753,1724.1034749348958
10754,648.1606648763021
10755,643.5327758789062
10756,1931.1286214192708
10757,2507.9273274739585
10758,569.9415486653646
10759,644.0697631835938
10760,1202.7476399739583
10761,457.25902303059894
10762,608.4959309895834
10763,650.5859985351562
10764,1359.518798828125
10765,942.2867024739584
10766,2112.59326171875
10767,556.8489176432291
10768,840.8328857421875
10769,1404.9661865234375
10770,705.0723063151041
10771,1303.2685139973958
10772,1027.9086100260417
10773,1670.2462972005208
10774,753.4128011067709
10775,761.8690592447916
10776,652.3584391276041
10777,897.9683227539062
10778,1340.8310953776042
10779,1699.048095703125
10780,810.8246053059896
10781,1393.5745035807292
10782,564.275634765625
10783,1048.0311279296875
10784,777.0293375651041
10785,1262.5144856770833
10786,1831.5598551432292
10787,860.2830403645834
10788,1519.8603515625
10789,2101.0496419270835
10790,960.6852213541666
10791,1067.0863037109375
10792,1237.5654296875
10793,1385.926513671875
10794,743.4055582682291
10795,740.9670613606771
10796,704.2235107421875
10797,909.3422241210938
10798,1001.9259236653646
10799,1002.4541422526041
10800,705.31689453125
10801,1403.8082275390625
10802,1015.6573079427084
10803,1323.9169921875
10804,548.1235148111979
10805,714.7731730143229
10806,1048.552978515625
10807,470.30528767903644
10808,1785.7016194661458
10809,953.9035441080729
10810,1325.8291829427083
10811,1114.0067545572917
10812,1018.4181315104166
10813,614.1708170572916
10814,760.5002237955729
10815,756.2075398763021
10816,717.7723999023438
10817,1137.4142659505208
10818,697.1408894856771
10819,1429.7953694661458
10820,896.3250935872396
10821,461.55006917317706
10822,1794.31103515625
10823,830.9081420898438
10824,2572.0109049479165
10825,1938.4337565104167
10826,816.7443644205729
10827,1449.701904296875
10828,3013.5834147135415
10829,1046.3324381510417
10830,795.3853149414062
10831,469.15040079752606
10832,774.6138916015625
10833,735.6261393229166
10834,2129.7194010416665
10835,1045.2674153645833
10836,1051.3739827473958
10837,1396.2744954427083
10838,2033.4793294270833
10839,926.6218668619791
10840,855.8424479166666
10841,4206.435384114583
10842,934.1817423502604
10843,604.3388264973959
10844,990.0047607421875
10845,1220.0348307291667
10846,2350.3866373697915
10847,486.2781168619792
10848,2369.2940266927085
10849,1598.0104573567708
10850,2203.5406087239585
10851,717.7332153320312
10852,1597.9978434244792
10853,909.4731648763021
10854,2251.2405598958335
10855,807.1359049479166
10856,1538.5242513020833
10857,1333.1625569661458
10858,1855.0782877604167
10859,1283.5162353515625
10860,594.6127522786459
10861,1499.213134765625
10862,1285.477294921875
10863,1430.9920654296875
10864,1522.9029541015625
10865,917.4386596679688
10866,3051.2902018229165
10867,671.513671875
10868,1302.1531982421875
10869,1322.6177164713542
10870,591.0448201497396
10871,1181.679931640625
10872,979.3179931640625
10873,1105.2041422526042
10874,643.8432210286459
10875,712.4549560546875
10876,1070.3402506510417
10877,961.2963460286459
10878,659.2886555989584
10879,1097.4860432942708
10880,941.8075561523438
10881,1372.9464518229167
10882,821.4223836263021
10883,763.5703125
10884,1307.4001871744792
10885,860.6636352539062
10886,2084.5834147135415
10887,1928.3897298177083
10888,932.4138387044271
10889,1187.2978922526042
10890,1702.6358642578125
10891,882.2324422200521
10892,794.8883870442709
10893,898.3684285481771
10894,1384.0364176432292
10895,2292.3377278645835
10896,798.6366984049479
10897,444.85071818033856
10898,1076.9921468098958
10899,584.7433878580729
10900,481.8953552246094
10901,1703.39794921875
10902,677.84228515625
10903,558.6243896484375
10904,1789.0148111979167
10905,739.5852457682291
10906,1234.9672444661458
10907,1241.17431640625
10908,4660.1689453125
10909,1300.7530924479167
10910,2105.3855794270835
10911,571.4149780273438
10912,1187.0105794270833
10913,1913.4781494140625
10914,527.7853393554688
10915,834.1700439453125
10916,594.7817789713541
10917,1030.7436116536458
10918,1100.3523356119792
10919,517.1048583984375
10920,934.3254191080729
10921,1855.8129069010417
10922,666.279541015625
10923,1379.7926432291667
10924,1050.07275390625
10925,1673.1309814453125
10926,920.2390340169271
10927,672.1484171549479
10928,1463.4075113932292
10929,2804.5734049479165
10930,721.9951782226562
10931,666.1844889322916
10932,955.7127482096354
10933,1147.8506673177083
10934,862.3892415364584
10935,1223.3440348307292
10936,1101.7115478515625
10937,564.9025065104166
10938,1166.1070963541667
10939,1026.4062093098958
10940,3935.488037109375
10941,686.7407836914062
10942,910.0691731770834
10943,1117.6776123046875
10944,1549.9357096354167
10945,1114.4932454427083
10946,947.3105265299479
10947,1392.0891520182292
10948,683.963623046875
10949,723.5997314453125
10950,902.84912109375
10951,2240.04931640625
10952,933.7236328125
10953,635.6181030273438
10954,781.7149251302084
10955,539.525146484375
10956,1226.62939453125
10957,889.1097208658854
10958,3414.8065592447915
10959,667.6255086263021
10960,2018.7950439453125
10961,972.6932373046875
10962,1092.78759765625
10963,605.8516845703125
10964,554.2635498046875
10965,1065.0150146484375
10966,1025.6389567057292
10967,778.4320475260416
10968,937.2930297851562
10969,758.3211466471354
10970,949.9820760091146
10971,933.0367635091146
10972,1824.7082112630208
10973,510.6175537109375
10974,1037.7697347005208
10975,1878.1573079427083
10976,859.3182169596354
10977,897.7059326171875
10978,1576.3986002604167
10979,928.352783203125
10980,1070.3472493489583
10981,903.9140218098959
10982,1171.9204915364583
10983,961.3624267578125
10984,2228.505615234375
10985,1173.1829427083333
10986,1165.7442220052083
10987,667.4878540039062
10988,1355.7967936197917
10989,594.7995402018229
10990,738.3531494140625
10991,935.7140299479166
10992,912.2763875325521
10993,990.7162475585938
10994,1399.3091227213542
10995,1674.7291666666667
10996,1113.943115234375
10997,1458.9763997395833
10998,872.0406494140625
10999,778.1144409179688
11000,968.3767903645834
11001,732.0312906901041
11002,812.9657592773438
11003,1020.2408040364584
11004,1550.145263671875
11005,845.9639689127604
11006,626.9789835611979
11007,786.2229207356771
11008,597.4579467773438
11009,1062.9614664713542
11010,411.63625081380206
11011,1137.8659261067708
11012,1106.1468505859375
11013,1148.6818440755208
11014,831.6959431966146
11015,378.47265625
11016,1022.1699625651041
11017,1852.8024088541667
11018,1759.0848388671875
11019,555.6088256835938
11020,640.1621297200521
11021,1289.3882242838542
11022,1592.4856363932292
11023,940.6574503580729
11024,1382.2422281901042
11025,683.8497111002604
11026,936.2128499348959
11027,3581.295654296875
11028,1599.5402425130208
11029,1137.9095865885417
11030,873.5738118489584
11031,1350.4828694661458
11032,743.5340372721354
11033,915.5369059244791
11034,476.35532633463544
11035,856.9379272460938
11036,1592.202880859375
11037,588.1080729166666
11038,3506.237060546875
11039,993.8320109049479
11040,670.3306274414062
11041,889.6269124348959
11042,982.7342325846354
11043,1118.9350179036458
11044,635.3430379231771
11045,530.5697021484375
11046,1036.5648193359375
11047,1525.0592041015625
11048,1096.2703043619792
11049,979.9179484049479
11050,2642.79345703125
11051,913.4164835611979
11052,645.2164713541666
11053,508.76195271809894
11054,1291.8224283854167
11055,996.0447591145834
11056,546.1819864908854
11057,496.3677266438802
11058,997.4123738606771
11059,710.8321736653646
11060,884.6244506835938
11061,1530.0136311848958
11062,948.5042724609375
11063,598.0291748046875
11064,821.4623616536459
11065,1386.2502848307292
11066,834.9083455403646
11067,600.743408203125
11068,1853.5155029296875
11069,1050.1144205729167
11070,1652.4316813151042
11071,656.0046793619791
11072,1085.2163492838542
11073,1244.971923828125
11074,1017.02783203125
11075,1193.8103434244792
11076,1000.5848185221354
11077,3055.005615234375
11078,705.2827555338541
11079,550.35107421875
11080,1306.3124186197917
11081,1304.098388671875
11082,1257.7451985677083
11083,642.7379353841146
11084,985.74755859375
11085,1133.4239908854167
11086,1102.3394368489583
11087,1286.036376953125
11088,1103.4207763671875
11089,516.0754191080729
11090,2089.6943359375
11091,464.67223103841144
11092,891.0890909830729
11093,1469.04541015625
11094,1687.6689860026042
11095,940.2221069335938
11096,766.6924641927084
11097,1269.795654296875
11098,598.7391967773438
11099,689.8009643554688
11100,1146.9155680338542
11101,963.9106648763021
11102,1821.8856201171875
11103,860.1607462565104
11104,1218.3208414713542
11105,702.9405721028646
11106,1456.6941731770833
11107,1965.2770182291667
11108,1022.8549194335938
11109,1731.1061197916667
11110,506.73891194661456
11111,1776.2326253255208
11112,1008.5120442708334
11113,1960.0704752604167
11114,1100.0070393880208
11115,2692.0489095052085
11116,1813.2249755859375
11117,1041.0708414713542
11118,764.4805094401041
11119,1159.421142578125
11120,1013.4458211263021
11121,811.09375
11122,676.7514851888021
11123,1471.6749674479167
11124,1934.5699869791667
11125,916.0703735351562
11126,1539.7448323567708
11127,905.1617024739584
11128,2210.8236490885415
11129,1491.5929768880208
11130,1068.1448567708333
11131,488.8918151855469
11132,2001.6503499348958
11133,910.7217814127604
11134,3608.8572591145835
11135,1009.7501627604166
11136,1356.5975748697917
11137,1254.9101155598958
11138,664.9047037760416
11139,821.5371704101562
11140,1022.9965006510416
11141,3451.9724934895835
11142,5395.940104166667
11143,1609.3125
11144,1091.5544840494792
11145,1623.1335042317708
11146,775.0741984049479
11147,730.3293253580729
11148,805.9989013671875
11149,1249.4779866536458
11150,1111.7122395833333
11151,518.9478759765625
11152,934.2988688151041
11153,1125.4919026692708
11154,1055.9664306640625
11155,1033.5736897786458
11156,707.1356404622396
11157,814.1704915364584
11158,1529.7267252604167
11159,721.3334554036459
11160,841.127685546875
11161,527.5142008463541
11162,1244.0494791666667
11163,772.4414265950521
11164,696.2191162109375
11165,985.6339111328125
11166,903.9399210611979
11167,1360.09521484375
11168,2578.858154296875
11169,1076.4128824869792
11170,865.8736775716146
11171,1171.249267578125
11172,1260.1634114583333
11173,1145.0660807291667
11174,1496.489013671875
11175,1356.779052734375
11176,3469.0552571614585
11177,1403.6591796875
11178,1343.7455647786458
11179,704.1494547526041
11180,1486.0770263671875
11181,776.6748046875
11182,586.7003580729166
11183,686.6273803710938
11184,545.8811238606771
11185,936.0957845052084
11186,1100.5041097005208
11187,1135.1580403645833
11188,1553.1786702473958
11189,1261.5271402994792
11190,1870.6444905598958
11191,541.5747477213541
11192,999.3218587239584
11193,1926.154541015625
11194,905.3870646158854
11195,817.6538289388021
11196,751.1438395182291
11197,1066.1427001953125
11198,736.9253946940104
11199,1180.9852701822917
11200,974.1566162109375
11201,1810.0367431640625
11202,1079.4346110026042
11203,1242.9594319661458
11204,504.1299336751302
11205,1051.1253662109375
11206,1078.4717610677083
11207,608.0311482747396
11208,828.1266276041666
11209,888.2320149739584
11210,668.9948120117188
11211,1220.6984049479167
11212,1265.3725992838542
11213,1147.1886800130208
11214,770.7151082356771
11215,1199.4130452473958
11216,578.2455851236979
11217,1087.91943359375
11218,565.4281819661459
11219,968.2586669921875
11220,1063.6855875651042
11221,940.6414184570312
11222,548.4971923828125
11223,1618.3156331380208
11224,2678.2478841145835
11225,1219.2034505208333
11226,478.48118082682294
11227,557.7627766927084
11228,471.67535400390625
11229,1343.9947102864583
11230,1276.3253173828125
11231,1497.3817138671875
11232,916.691650390625
11233,876.4864298502604
11234,2245.1971028645835
11235,643.0380859375
11236,3651.868896484375
11237,676.3126831054688
11238,1114.6712239583333
11239,1863.0078125
11240,736.1084391276041
11241,914.1021525065104
11242,1538.9785563151042
11243,666.2174072265625
11244,2603.6126302083335
11245,2136.878173828125
11246,1088.4390462239583
11247,837.8554077148438
11248,1501.9449869791667
11249,776.7401123046875
11250,868.5702718098959
11251,1269.3842366536458
11252,1136.1521402994792
11253,5506.313802083333
11254,571.7271525065104
11255,984.0191650390625
11256,1769.6427408854167
11257,1469.1011555989583
11258,1446.0076904296875
11259,1131.57763671875
11260,740.4644165039062
11261,490.38238525390625
11262,846.2583211263021
11263,1036.163330078125
11264,1071.2513020833333
11265,927.8047485351562
11266,476.2218017578125
11267,803.8859049479166
11268,1134.4281412760417
11269,2541.1348470052085
11270,480.6255594889323
11271,753.7432250976562
11272,607.484619140625
11273,2293.085693359375
11274,769.5799357096354
11275,1501.3887125651042
11276,503.2733968098958
11277,2133.0196940104165
11278,2785.5641276041665
11279,854.9152018229166
11280,777.9919637044271
11281,728.9989420572916
11282,1619.0454508463542
11283,806.4747314453125
11284,908.4577840169271
11285,931.6812744140625
11286,797.465087890625
11287,1141.5323893229167
11288,926.7882690429688
11289,1172.5648193359375
11290,820.6097412109375
11291,766.2235107421875
11292,656.1063028971354
11293,405.8140157063802
11294,990.4155883789062
11295,1108.2699381510417
11296,1056.8357747395833
11297,1433.8711344401042
11298,1570.3419596354167
11299,691.6747639973959
11300,595.5438028971354
11301,756.5866088867188
11302,605.0859781901041
11303,676.9112955729166
11304,858.6668701171875
11305,1425.918212890625
11306,778.3220621744791
11307,644.9996337890625
11308,873.5976359049479
11309,477.4625651041667
11310,1809.47314453125
11311,434.2933756510417
11312,500.56040445963544
11313,553.2248128255209
11314,1417.5493977864583
11315,1235.0786946614583
11316,1034.2822265625
11317,1518.0010172526042
11318,1205.1011962890625
11319,1117.287353515625
11320,1097.9493408203125
11321,1914.711181640625
11322,1464.8079833984375
11323,1221.51708984375
11324,1819.1480305989583
11325,593.9376424153646
11326,524.8577677408854
11327,453.46619669596356
11328,602.8656412760416
11329,719.6058756510416
11330,894.0537516276041
11331,540.9794108072916
11332,769.1186116536459
11333,641.5758666992188
11334,1365.578369140625
11335,1564.3614908854167
11336,616.0592041015625
11337,1019.6033121744791
11338,589.5126749674479
11339,855.7532348632812
11340,1677.1643473307292
11341,406.06910196940106
11342,1184.7387288411458
11343,12104.877278645834
11344,766.6778157552084
11345,1008.2757568359375
11346,625.5755411783854
11347,548.0372924804688
11348,793.8044230143229
11349,893.5991821289062
11350,619.4384358723959
11351,458.65712483723956
11352,810.2311401367188
11353,826.2023722330729
11354,956.4917399088541
11355,1007.1121012369791
11356,772.1551717122396
11357,610.6897989908854
11358,1275.3006998697917
11359,731.726806640625
11360,734.3139444986979
11361,619.5918375651041
11362,869.6217041015625
11363,1951.3966471354167
11364,785.8927815755209
11365,836.8759155273438
11366,914.0301513671875
11367,2161.9546712239585
11368,849.0890299479166
11369,982.3657023111979
11370,701.5452067057291
11371,681.4599609375
11372,1237.864990234375
11373,934.6463012695312
11374,12166.017578125
11375,1005.0748291015625
11376,941.0457560221354
11377,963.8650512695312
11378,581.9685465494791
11379,1212.4623209635417
11380,3322.749267578125
11381,1099.414306640625
11382,1038.402587890625
11383,666.3855997721354
11384,1049.3955891927083
11385,881.5052083333334
11386,773.881103515625
11387,641.8121744791666
11388,839.9159138997396
11389,914.1360677083334
11390,953.1170247395834
11391,976.578857421875
11392,913.1318969726562
11393,576.2541910807291
11394,820.4047648111979
11395,874.1246134440104
11396,355.2950744628906
11397,891.3372599283854
11398,890.1112467447916
11399,1103.4839680989583
11400,726.4547932942709
11401,1026.424072265625
11402,759.1749877929688
11403,725.1305745442709
11404,805.6076253255209
11405,850.7144165039062
11406,1806.4045817057292
11407,1337.4041341145833
11408,632.3742268880209
11409,1094.7427164713542
11410,2150.876220703125
11411,1328.0921630859375
11412,830.74169921875
11413,5243.062662760417
11414,1964.9143473307292
11415,999.8819173177084
11416,1305.7972412109375
11417,644.6562093098959
11418,1089.574951171875
11419,576.1941528320312
11420,1394.8238118489583
11421,724.3238932291666
11422,639.4828084309896
11423,1734.8072916666667
11424,1216.0481363932292
11425,694.8139038085938
11426,1235.5404866536458
11427,1005.8559163411459
11428,659.8695882161459
11429,1585.8914794921875
11430,1109.9644368489583
11431,1021.6301676432291
11432,1113.0293375651042
11433,1130.058349609375
11434,588.9416300455729
11435,839.1560262044271
11436,919.5922037760416
11437,1164.1912027994792
11438,548.0257771809896
11439,3045.5167643229165
11440,582.5136108398438
11441,1055.3729654947917
11442,1033.581787109375
11443,2974.0226236979165
11444,624.1063639322916
11445,730.4183756510416
11446,1495.3816324869792
11447,578.0556640625
11448,1039.43896484375
11449,477.5923156738281
11450,2052.1287434895835
11451,801.8611043294271
11452,793.9036254882812
11453,643.1713256835938
11454,790.5750122070312
11455,776.0479329427084
11456,857.3477783203125
11457,692.7508544921875
11458,1133.89501953125
11459,2062.2259114583335
11460,1161.0181070963542
11461,887.7925008138021
11462,772.4185587565104
11463,655.7297159830729
11464,1824.6123046875
11465,1630.765869140625
11466,1457.2917887369792
11467,985.1470540364584
11468,1163.1341145833333
11469,731.6158650716146
11470,1223.0190836588542
11471,549.4005940755209
11472,667.3048909505209
11473,789.2704264322916
11474,860.9420369466146
11475,1329.1070963541667
11476,789.6730753580729
11477,1240.662353515625
11478,1272.0799153645833
11479,1681.2926839192708
11480,777.6278483072916
11481,619.1185302734375
11482,1201.544677734375
11483,640.0447387695312
11484,727.6677042643229
11485,742.3545532226562
11486,1096.5298258463542
11487,1087.7489827473958
11488,734.5026652018229
11489,1078.7139078776042
11490,1694.9082438151042
11491,684.7562866210938
11492,925.5724283854166
11493,1153.663818359375
11494,1757.4525146484375
11495,1022.6306559244791
11496,851.1193237304688
11497,846.6123250325521
11498,1588.441650390625
11499,765.0760294596354
11500,427.65346272786456
11501,729.5280965169271
11502,400.9348958333333
11503,834.9880981445312
11504,619.3687540690104
11505,1871.8944091796875
11506,772.9940185546875
11507,732.7000325520834
11508,530.2566324869791
11509,1554.380126953125
11510,541.3638509114584
11511,689.9347941080729
11512,808.8871053059896
11513,939.5627644856771
11514,963.8663940429688
11515,974.6504923502604
11516,945.7095540364584
11517,997.8027547200521
11518,2174.6016438802085
11519,1241.9104817708333
11520,622.1508382161459
11521,1114.2979329427083
11522,479.7328287760417
11523,1151.0701497395833
11524,689.1837158203125
11525,892.7086588541666
11526,2509.1038411458335
11527,1006.6753946940104
11528,889.5462239583334
11529,1184.7958984375
11530,882.8300374348959
11531,653.5963745117188
11532,734.0657755533854
11533,1767.7603759765625
11534,1124.302490234375
11535,1081.778564453125
11536,743.6669921875
11537,1307.2444254557292
11538,1519.5098876953125
11539,1074.427490234375
11540,1532.5625
11541,741.2532958984375
11542,2834.3286946614585
11543,1233.7151285807292
11544,1429.4412434895833
11545,1090.7270100911458
11546,690.0588785807291
11547,663.162353515625
11548,1092.8668619791667
11549,1338.033203125
11550,1049.8371175130208
11551,567.4458211263021
11552,873.5279541015625
11553,587.8650512695312
11554,774.9420369466146
11555,859.653076171875
11556,736.5695597330729
11557,825.0565388997396
11558,927.5315551757812
11559,1170.4026285807292
11560,958.745849609375
11561,736.9714152018229
11562,1157.9812825520833
11563,1318.5830078125
11564,1144.4451497395833
11565,804.5880330403646
11566,1180.7046712239583
11567,996.1861572265625
11568,1143.3529866536458
11569,2133.513427734375
11570,3240.6474609375
11571,805.7482096354166
11572,1933.506591796875
11573,692.3506876627604
11574,1068.6872151692708
11575,1640.5951741536458
11576,1065.1007893880208
11577,943.8836873372396
11578,745.6738077799479
11579,823.4061482747396
11580,2254.9943033854165
11581,806.7074991861979
11582,1431.7247314453125
11583,1823.1861572265625
11584,625.3608601888021
11585,1141.972900390625
11586,1165.4929606119792
11587,958.5833129882812
11588,753.1111450195312
11589,1013.9141845703125
11590,906.9821573893229
11591,814.4839680989584
11592,1440.4860026041667
11593,2010.3127034505208
11594,1051.175537109375
11595,2337.77392578125
11596,917.7443237304688
11597,435.7391357421875
11598,645.2497355143229
11599,1232.9030354817708
11600,948.5336710611979
11601,3531.5784505208335
11602,2186.4290364583335
11603,915.1080118815104
11604,1010.0811767578125
11605,1055.395751953125
11606,2626.5357259114585
11607,799.7700602213541
11608,1370.9970296223958
11609,824.1926472981771
11610,872.8628946940104
11611,3027.8631998697915
11612,451.72548421223956
11613,1123.5705973307292
11614,1108.4878743489583
11615,1191.5424397786458
11616,495.7464599609375
11617,1612.9186604817708
11618,775.4385172526041
11619,1362.3906656901042
11620,1272.9293619791667
11621,1264.7851155598958
11622,2668.0267740885415
11623,703.5577189127604
11624,847.0505167643229
11625,674.7939249674479
11626,1422.2047119140625
11627,837.1593221028646
11628,624.7374267578125
11629,605.5345052083334
11630,645.1835123697916
11631,1655.9488932291667
11632,2557.2749837239585
11633,888.0771280924479
11634,999.1264038085938
11635,1035.4101969401042
11636,1467.9091796875
11637,1193.5098063151042
11638,592.6601765950521
11639,889.6306966145834
11640,1293.8065592447917
11641,667.3031209309896
11642,1004.870361328125
11643,1081.9092203776042
11644,1597.535400390625
11645,901.2389933268229
11646,1017.0133260091146
11647,1490.6576334635417
11648,1279.0947265625
11649,623.9269816080729
11650,509.0360514322917
11651,573.5948282877604
11652,494.68935139973956
11653,695.7819417317709
11654,589.4091389973959
11655,1347.1566162109375
11656,2670.40576171875
11657,2326.9971516927085
11658,755.2838338216146
11659,2181.941162109375
11660,389.3753153483073
11661,634.8554484049479
11662,967.6808878580729
11663,1173.2020263671875
11664,3004.2735188802085
11665,597.1373697916666
11666,1071.0934244791667
11667,699.9711710611979
11668,954.6829020182291
11669,1739.0085856119792
11670,1799.1077880859375
11671,2357.8556315104165
11672,942.677978515625
11673,807.0966186523438
11674,2320.8566080729165
11675,1349.1633707682292
11676,631.3904215494791
11677,526.3478800455729
11678,1419.0569254557292
11679,1300.81298828125
11680,1296.6729329427083
11681,2141.4281412760415
11682,2382.4466959635415
11683,603.3867594401041
11684,1113.41796875
11685,621.8031616210938
11686,1109.3913981119792
11687,494.9110616048177
11688,725.6904907226562
11689,929.0114542643229
11690,2194.0714518229165
11691,1543.9483642578125
11692,406.32273356119794
11693,875.8217976888021
11694,419.38047281901044
11695,823.5345052083334
11696,1543.0811767578125
11697,1537.704345703125
11698,338.92652384440106
11699,1142.6546630859375
11700,1119.8437906901042
11701,691.3639322916666
11702,529.9297485351562
11703,823.7061971028646
11704,1281.06298828125
11705,3418.735107421875
11706,766.2440795898438
11707,843.940673828125
11708,1188.419677734375
11709,1588.9767252604167
11710,1432.6627197265625
11711,2516.6886393229165
11712,1126.4399007161458
11713,1102.3673909505208
11714,656.8675740559896
11715,384.89208984375
11716,1444.9553629557292
11717,1242.7562255859375
11718,1308.2066243489583
11719,1037.3180745442708
11720,931.0706380208334
11721,897.4278971354166
11722,492.5794982910156
11723,618.7180989583334
11724,1291.7168375651042
11725,648.2966105143229
11726,2136.6472981770835
11727,905.5535278320312
11728,709.4318033854166
11729,1496.7470703125
11730,1841.2692464192708
11731,877.3052775065104
11732,591.8064575195312
11733,572.6035766601562
11734,920.9894002278646
11735,1719.3501383463542
11736,544.8975626627604
11737,1681.8323567708333
11738,1253.9007568359375
11739,635.9249267578125
11740,772.6643473307291
11741,454.63939412434894
11742,2306.5231119791665
11743,753.2321980794271
11744,1297.6884358723958
11745,355.6442362467448
11746,1965.3346761067708
11747,598.8131306966146
11748,1044.1327311197917
11749,601.6870727539062
11750,970.1560465494791
11751,797.2896525065104
11752,766.2503458658854
11753,1535.576171875
11754,1183.2976888020833
11755,918.0045572916666
11756,988.4747111002604
11757,1266.9613850911458
11758,515.3918863932291
11759,958.30224609375
11760,679.5233357747396
11761,1483.4401448567708
11762,551.2859903971354
11763,870.9813842773438
11764,1036.9047037760417
11765,2362.2825520833335
11766,1164.2135009765625
11767,1585.1991373697917
11768,1295.5670979817708
11769,1084.9050699869792
11770,771.3072509765625
11771,1377.8350016276042
11772,1752.1982421875
11773,1577.0549723307292
11774,1458.2554117838542
11775,1093.5362141927083
11776,693.6302490234375
11777,745.6500854492188
11778,554.0998128255209
11779,940.4407552083334
11780,1198.65625
11781,912.880126953125
11782,4219.030924479167
11783,726.5198771158854
11784,1326.5765787760417
11785,1045.3253173828125
11786,953.2337443033854
11787,898.6950276692709
11788,1187.5157063802083
11789,817.3135579427084
11790,662.3669230143229
11791,1079.8076578776042
11792,1646.0815836588542
11793,995.1109008789062
11794,2373.9678548177085
11795,1520.6593017578125
11796,1161.0391845703125
11797,1303.4904378255208
11798,445.41454060872394
11799,2300.6318359375
11800,552.0698038736979
11801,939.9789632161459
11802,537.69287109375
11803,587.1854044596354
11804,1887.6258138020833
11805,467.4862365722656
11806,937.3178914388021
11807,1190.9622802734375
11808,1210.9496663411458
11809,750.609130859375
11810,1317.161865234375
11811,641.4059244791666
11812,1588.9203287760417
11813,831.260009765625
11814,1687.4285481770833
11815,2849.0244954427085
11816,1615.0499674479167
11817,550.3775431315104
11818,928.7513224283854
11819,1041.5826009114583
11820,796.5037231445312
11821,1619.7633463541667
11822,1082.1663004557292
11823,969.5497639973959
11824,1198.1021321614583
11825,1143.6648356119792
11826,755.5203857421875
11827,1132.5974527994792
11828,950.5836181640625
11829,1366.5134684244792
11830,683.7899983723959
11831,1571.0454508463542
11832,901.3936157226562
11833,414.2399495442708
11834,1503.340576171875
11835,858.7389322916666
11836,614.4552408854166
11837,1351.6697998046875
11838,648.1686401367188
11839,393.0067647298177
11840,679.190185546875
11841,556.0353800455729
11842,619.9639485677084
11843,805.6958821614584
11844,560.0135498046875
11845,561.8931070963541
11846,1343.8948567708333
11847,1415.2436116536458
11848,651.5445760091146
11849,560.5552978515625
11850,1355.6433919270833
11851,927.3344319661459
11852,1256.8512369791667
11853,762.4155883789062
11854,1017.745849609375
11855,736.1503702799479
11856,1892.0572102864583
11857,917.7017211914062
11858,494.40830485026044
11859,2438.1842447916665
11860,761.8346964518229
11861,750.8750610351562
11862,475.16156005859375
11863,438.5985921223958
11864,1034.2594401041667
11865,1009.4519246419271
11866,1160.5450846354167
11867,794.9562377929688
11868,2529.0653483072915
11869,716.0234781901041
11870,860.2766927083334
11871,926.6840616861979
11872,840.2478637695312
11873,909.1959431966146
11874,1152.7187906901042
11875,1003.9852701822916
11876,1132.9327392578125
11877,2277.0109049479165
11878,578.3999837239584
11879,1079.0058186848958
11880,698.7516479492188
11881,742.0727945963541
11882,963.8749186197916
11883,1227.7069905598958
11884,603.3394775390625
11885,801.0346272786459
11886,469.3634948730469
11887,3163.528076171875
11888,956.8845418294271
11889,841.7138061523438
11890,412.00323486328125
11891,566.3748372395834
11892,407.49170939127606
11893,1522.7939453125
11894,713.2850748697916
11895,3407.8800455729165
11896,510.4752909342448
11897,683.5261637369791
11898,1484.0768636067708
11899,2087.6285807291665
11900,510.46376546223956
11901,674.7413330078125
11902,785.4565022786459
11903,648.1646321614584
11904,693.5875447591146
11905,384.6884053548177
11906,1165.53173828125
11907,1392.2973225911458
11908,1512.7628173828125
11909,1217.1320393880208
11910,1715.7222086588542
11911,1375.7243245442708
11912,755.3179931640625
11913,680.0231119791666
11914,791.7208048502604
11915,762.8857421875
11916,1499.1941324869792
11917,1016.7597045898438
11918,1285.4266764322917
11919,943.6354370117188
11920,1144.6669514973958
11921,660.6253255208334
11922,1092.9176025390625
11923,954.9903767903646
11924,866.8811442057291
11925,1256.4667561848958
11926,601.2933349609375
11927,471.0723876953125
11928,800.1342366536459
11929,1693.0213216145833
11930,1179.10107421875
11931,1083.4388834635417
11932,868.44482421875
11933,1103.2245686848958
11934,739.8036499023438
11935,861.144287109375
11936,566.0949503580729
11937,1114.8301595052083
11938,785.2456461588541
11939,969.3537394205729
11940,1149.4579671223958
11941,2718.7832845052085
11942,623.2252604166666
11943,683.3811848958334
11944,1004.9145711263021
11945,2836.56787109375
11946,1676.3802490234375
11947,848.1394449869791
11948,487.0987854003906
11949,1040.171142578125
11950,653.9037475585938
11951,1042.1319173177083
11952,1162.0546875
11953,1454.0260009765625
11954,765.1308797200521
11955,1147.6292317708333
11956,2026.2370198567708
11957,905.9975789388021
11958,1495.4739176432292
11959,1256.0126139322917
11960,2866.4423828125
11961,1919.3823649088542
11962,1008.4979858398438
11963,868.7142130533854
11964,934.3223470052084
11965,1362.7281901041667
11966,1073.9839680989583
11967,2463.6095377604165
11968,817.6178181966146
11969,1206.69775390625
11970,1136.7406412760417
11971,2929.4468587239585
11972,1970.0890706380208
11973,1110.98779296875
11974,1820.951904296875
11975,852.0834554036459
11976,699.56640625
11977,1269.6975911458333
11978,1201.1258138020833
11979,2401.68798828125
11980,1270.573486328125
11981,1360.0546061197917
11982,1972.4820149739583
11983,836.8844807942709
11984,810.8786417643229
11985,1027.28271484375
11986,3231.9402669270835
11987,568.7242635091146
11988,710.9550170898438
11989,662.4861653645834
11990,1015.6754353841146
11991,1334.1793212890625
11992,675.1578979492188
11993,944.8162638346354
11994,1005.1260782877604
11995,1617.0404866536458
11996,437.28797403971356
11997,1250.7215169270833
11998,763.2670288085938
11999,825.6880900065104
12000,1013.8617757161459
12001,588.2460734049479
12002,1012.0480753580729
12003,2227.1095377604165
12004,1324.4613037109375
12005,1028.8416341145833
12006,1875.1758219401042
12007,1917.41015625
12008,1256.3136800130208
12009,883.864990234375
12010,1174.4969889322917
12011,2043.498046875
12012,563.7547810872396
12013,1116.9184977213542
12014,450.30177815755206
12015,1683.6904296875
12016,3458.2329915364585
12017,1154.427734375
12018,504.19910685221356
12019,1101.4638264973958
12020,1014.9684041341146
12021,440.9830322265625
12022,1436.822265625
12023,4425.909993489583
12024,503.8668924967448
12025,811.8866373697916
12026,823.6952921549479
12027,822.56689453125
12028,1711.5273030598958
12029,1550.0858968098958
12030,404.5772399902344
12031,1713.4836018880208
12032,747.3170776367188
12033,1950.4502360026042
12034,1060.1644694010417
12035,2159.5974934895835
12036,1934.4960123697917
12037,748.1673380533854
12038,570.2839558919271
12039,956.9022013346354
12040,516.2334391276041
12041,642.1598714192709
12042,1245.9464518229167
12043,1516.1219482421875
12044,640.6531778971354
12045,910.6685994466146
12046,1502.73046875
12047,764.1128133138021
12048,715.9902750651041
12049,1421.4745279947917
12050,3123.991943359375
12051,1040.5634358723958
12052,706.6563313802084
12053,777.3405558268229
12054,2545.0240071614585
12055,1764.9648844401042
12056,1052.56103515625
12057,580.7336018880209
12058,809.0340372721354
12059,2173.0172526041665
12060,782.6896769205729
12061,616.853271484375
12062,1190.9546305338542
12063,2750.5421549479165
12064,1539.7806803385417
12065,2261.3876139322915
12066,640.3398640950521
12067,1117.4935302734375
12068,765.6896362304688
12069,3946.033447265625
12070,934.9791870117188
12071,951.6088256835938
12072,1263.6415201822917
12073,383.0687561035156
12074,2715.745849609375
12075,684.9701944986979
12076,1973.4605712890625
12077,802.3235270182291
12078,1049.4946695963542
12079,848.9841105143229
12080,1383.6839192708333
12081,651.5682576497396
12082,716.2317301432291
12083,549.3954671223959
12084,1766.1980387369792
12085,1230.6626383463542
12086,752.6106770833334
12087,1183.4814453125
12088,822.491455078125
12089,1134.7858479817708
12090,1707.814697265625
12091,4084.7865397135415
12092,790.3286539713541
12093,11846.943684895834
12094,1476.801025390625
12095,534.885986328125
12096,1374.8128255208333
12097,580.9527791341146
12098,992.8786417643229
12099,977.0191446940104
12100,554.3515625
12101,2710.4173990885415
12102,644.6736043294271
12103,1087.8166097005208
12104,1484.8310139973958
12105,718.3880411783854
12106,529.3583577473959
12107,729.6071166992188
12108,752.9686482747396
12109,1376.6544596354167
12110,612.2235514322916
12111,817.0877075195312
12112,706.4831949869791
12113,711.5776570638021
12114,1110.52587890625
12115,735.676513671875
12116,1070.9554443359375
12117,821.5113321940104
12118,988.6196492513021
12119,645.5951944986979
12120,3844.3704427083335
12121,1250.3151448567708
12122,1672.1315511067708
12123,1512.4715983072917
12124,12702.6728515625
12125,1126.6289469401042
12126,1468.4133707682292
12127,752.8832804361979
12128,1588.4612223307292
12129,1044.3903401692708
12130,955.8780721028646
12131,956.7181193033854
12132,1288.0924479166667
12133,819.4296468098959
12134,1192.661376953125
12135,1549.6630452473958
12136,1599.330810546875
12137,924.9887084960938
12138,1691.9014485677083
12139,708.5674845377604
12140,1502.6467692057292
12141,688.1842244466146
12142,659.3718058268229
12143,831.41015625
12144,883.6008097330729
12145,803.9133504231771
12146,1828.6169026692708
12147,1995.3616536458333
12148,496.0293680826823
12149,1287.9137776692708
12150,2144.458251953125
12151,724.3663330078125
12152,624.4136352539062
12153,1681.4277750651042
12154,782.4009195963541
12155,374.2271219889323
12156,922.2186686197916
12157,1040.0777587890625
12158,1123.2681884765625
12159,521.7555541992188
12160,2349.9524739583335
12161,417.4521993001302
12162,738.3278605143229
12163,1185.6399739583333
12164,1747.1602376302083
12165,679.8497721354166
12166,942.0386962890625
12167,1417.7545572916667
12168,1358.2191975911458
12169,1871.472900390625
12170,1223.6329752604167
12171,740.7855631510416
12172,1500.3474934895833
12173,1501.6162109375
12174,2431.2786458333335
12175,1856.8531087239583
12176,582.2927652994791
12177,709.5916341145834
12178,617.3170369466146
12179,780.2657674153646
12180,1899.1071370442708
12181,1542.4034830729167
12182,855.8262329101562
12183,1031.6147054036458
12184,743.6294962565104
12185,1711.1042887369792
12186,1730.8541666666667
12187,1003.9524943033854
12188,1033.797119140625
12189,1206.1660563151042
12190,589.9962565104166
12191,651.8673909505209
12192,778.4926554361979
12193,1152.4096272786458
12194,823.3986002604166
12195,1391.2764485677083
12196,1635.6073811848958
12197,1546.6124267578125
12198,1417.6816813151042
12199,1502.2542724609375
12200,2250.8946126302085
12201,1469.3291829427083
12202,1322.5514322916667
12203,1088.1488850911458
12204,736.8538208007812
12205,888.8617350260416
12206,2398.8701985677085
12207,1570.7233479817708
12208,587.4917602539062
12209,558.357666015625
12210,1080.7880045572917
12211,1843.5957845052083
12212,1634.230712890625
12213,1004.3019205729166
12214,577.7420043945312
12215,593.81787109375
12216,1050.373291015625
12217,930.1699625651041
12218,865.2237752278646
12219,662.3041381835938
12220,822.1597290039062
12221,1030.5590006510417
12222,751.1325480143229
12223,2483.727783203125
12224,489.23998006184894
12225,1065.5210367838542
12226,989.9532267252604
12227,790.1633707682291
12228,793.3162027994791
12229,620.4149576822916
12230,927.4956868489584
12231,1065.3377685546875
12232,3009.5689290364585
12233,503.5105285644531
12234,1327.3658447265625
12235,1659.4966227213542
12236,743.6815999348959
12237,990.8553263346354
12238,710.9002685546875
12239,2383.0987141927085
12240,891.8493448893229
12241,1334.8837076822917
12242,564.5706380208334
12243,1304.1517740885417
12244,1985.4409586588542
12245,1208.6628011067708
12246,1369.7115478515625
12247,1222.1028645833333
12248,633.7273152669271
12249,969.7436116536459
12250,1096.9305419921875
12251,2267.672607421875
12252,665.1761067708334
12253,991.7271931966146
12254,460.5604960123698
12255,1631.0484212239583
12256,1425.22216796875
12257,1331.0337320963542
12258,662.8518473307291
12259,1711.1152750651042
12260,953.8967895507812
12261,767.4403686523438
12262,979.4884847005209
12263,755.4691975911459
12264,711.9474690755209
12265,507.48606363932294
12266,1958.0436197916667
12267,802.6226603190104
12268,912.4455973307291
12269,548.2048746744791
12270,1247.3809814453125
12271,942.8031819661459
12272,770.9969075520834
12273,650.5157063802084
12274,3241.3131510416665
12275,975.0552164713541
12276,1235.3975830078125
12277,2116.5436197916665
12278,661.2195841471354
12279,710.7440999348959
12280,1016.6250813802084
12281,879.7473958333334
12282,585.8662923177084
12283,1125.7369384765625
12284,445.75453694661456
12285,493.2780253092448
12286,640.2649332682291
12287,1693.2644856770833
12288,455.1087951660156
12289,1738.365966796875
12290,608.2611287434896
12291,631.9024047851562
12292,786.4585164388021
12293,1747.7003987630208
12294,758.752685546875
12295,1841.3988444010417
12296,904.91357421875
12297,947.0133463541666
12298,971.3807169596354
12299,323.5089925130208
12300,1051.0055338541667
12301,1540.2812093098958
12302,1764.2177734375
12303,707.4041544596354
12304,824.2361246744791
12305,889.9938354492188
12306,911.6244506835938
12307,810.0869954427084
12308,2120.794189453125
12309,550.6212768554688
12310,1496.3826904296875
12311,1117.1078287760417
12312,1813.5658772786458
12313,1709.1612141927083
12314,1205.800537109375
12315,1296.1027018229167
12316,1053.4613037109375
12317,527.5446573893229
12318,1074.9440104166667
12319,973.9757690429688
12320,972.3168334960938
12321,3887.71142578125
12322,606.2283325195312
12323,1453.0006917317708
12324,881.5266927083334
12325,1064.7567952473958
12326,1746.698974609375
12327,372.9822692871094
12328,1334.7231038411458
12329,1243.5980224609375
12330,1406.8498942057292
12331,813.4376831054688
12332,798.4696655273438
12333,602.428466796875
12334,1238.3038330078125
12335,1002.5890299479166
12336,933.7281901041666
12337,941.8534545898438
12338,1526.0996907552083
12339,877.9149780273438
12340,563.4998168945312
12341,509.871826171875
12342,564.2653605143229
12343,1623.2731119791667
12344,647.862548828125
12345,1480.9859212239583
12346,1016.3235270182291
12347,839.1210734049479
12348,1005.7210083007812
12349,1707.8307698567708
12350,1770.7282307942708
12351,727.4294840494791
12352,3619.84423828125
12353,844.5081787109375
12354,647.5530192057291
12355,1028.5908610026042
12356,990.0696818033854
12357,1367.4519449869792
12358,713.1582845052084
12359,960.9011637369791
12360,1643.8321533203125
12361,865.1698201497396
12362,671.1568806966146
12363,706.0904134114584
12364,1435.7519938151042
12365,621.5433146158854
12366,774.3874715169271
12367,1506.8807779947917
12368,1220.1105550130208
12369,1277.2301839192708
12370,1483.7765299479167
12371,2673.4309895833335
12372,789.3822224934896
12373,1839.0790608723958
12374,770.5723876953125
12375,823.3461100260416
12376,1204.9616292317708
12377,1467.2427571614583
12378,1356.5668538411458
12379,846.1798706054688
12380,980.11083984375
12381,1080.1636555989583
12382,1267.71728515625
12383,857.2379150390625
12384,1070.4997151692708
12385,934.7372639973959
12386,867.3913981119791
12387,1876.1848958333333
12388,1374.5780029296875
12389,525.0319417317709
12390,801.0443725585938
12391,796.5738321940104
12392,1398.9894612630208
12393,864.400146484375
12394,1083.3122965494792
12395,779.6769205729166
12396,722.5706990559896
12397,1501.508056640625
12398,714.0679321289062
12399,2615.9217936197915
12400,688.7485555013021
12401,1031.3734537760417
12402,788.5266520182291
12403,1011.6579996744791
12404,1340.8472900390625
12405,1908.9970703125
12406,857.7421061197916
12407,722.9305216471354
12408,762.6222534179688
12409,664.2605794270834
12410,4932.933756510417
12411,817.6070556640625
12412,1323.5500081380208
12413,963.3651529947916
12414,1362.9884033203125
12415,2169.7032877604165
12416,1258.6071370442708
12417,860.139404296875
12418,765.1090901692709
12419,912.6647135416666
12420,928.8171793619791
12421,663.1706339518229
12422,797.1260172526041
12423,597.0626627604166
12424,616.7668863932291
12425,2524.4475911458335
12426,1303.8563232421875
12427,951.0111897786459
12428,2020.9825439453125
12429,753.3544718424479
12430,1134.5297444661458
12431,632.5953979492188
12432,814.0480346679688
12433,1059.4945475260417
12434,479.6407470703125
12435,779.3387044270834
12436,1277.2423095703125
12437,929.520263671875
12438,4280.027506510417
12439,1619.4879150390625
12440,2259.402587890625
12441,831.7123006184896
12442,490.947265625
12443,967.5385131835938
12444,2878.7859700520835
12445,965.2187703450521
12446,864.6794840494791
12447,866.92919921875
12448,661.1935831705729
12449,2008.9073486328125
12450,1268.8058675130208
12451,629.0743001302084
12452,1420.6192626953125
12453,560.1944376627604
12454,495.9684346516927
12455,641.4215494791666
12456,680.905029296875
12457,1092.2045491536458
12458,839.2653605143229
12459,932.7881469726562
12460,846.4026285807291
12461,1259.483642578125
12462,775.5457356770834
12463,836.1387329101562
12464,664.2243041992188
12465,885.4222005208334
12466,421.6365559895833
12467,697.4730428059896
12468,752.5809733072916
12469,1860.2163899739583
12470,589.1902262369791
12471,1201.3494873046875
12472,1097.0339762369792
12473,842.8499755859375
12474,1153.9572347005208
12475,343.6702575683594
12476,430.35439046223956
12477,843.8454182942709
12478,709.1188761393229
12479,644.8398030598959
12480,777.1076456705729
12481,1617.8610432942708
12482,1157.1747639973958
12483,1551.5553792317708
12484,942.5018717447916
12485,1581.7972412109375
12486,1023.4158121744791
12487,1070.04443359375
12488,1398.4711100260417
12489,875.2593180338541
12490,882.9196166992188
12491,731.6742553710938
12492,459.0967508951823
12493,2063.9495442708335
12494,1575.6709798177083
12495,1063.9663492838542
12496,889.0411173502604
12497,1050.59130859375
12498,1240.6868896484375
12499,2377.225341796875
12500,662.7322591145834
12501,693.0782267252604
12502,1053.9749348958333
12503,1706.6830240885417
12504,1202.25244140625
12505,751.8226318359375
12506,1540.9486083984375
12507,1319.5837809244792
12508,1393.465087890625
12509,1747.7541910807292
12510,717.8295084635416
12511,1379.9820963541667
12512,604.3500366210938
12513,577.7956339518229
12514,950.3671875
12515,754.8192138671875
12516,1006.4360555013021
12517,916.9252522786459
12518,1333.7034912109375
12519,1257.4101969401042
12520,786.8800252278646
12521,1006.2356363932291
12522,783.8438313802084
12523,488.95233154296875
12524,994.3472493489584
12525,1192.4419759114583
12526,1102.28515625
12527,1742.3155110677083
12528,984.9682413736979
12529,1729.4400634765625
12530,2216.2578125
12531,1013.9166056315104
12532,954.9420166015625
12533,2358.5607096354165
12534,850.2295532226562
12535,516.6616007486979
12536,2900.0706380208335
12537,818.2772216796875
12538,478.83961995442706
12539,3045.234130859375
12540,1341.5767822265625
12541,712.3853963216146
12542,633.6240844726562
12543,1496.5341389973958
12544,1001.3982747395834
12545,2363.2089029947915
12546,590.1389973958334
12547,1714.1985270182292
12548,1212.5236409505208
12549,1234.4532063802083
12550,1066.7279866536458
12551,828.9039510091146
12552,1169.41455078125
12553,928.7657877604166
12554,585.7576497395834
12555,1646.1198323567708
12556,1127.3811848958333
12557,1480.2576904296875
12558,504.3491923014323
12559,703.6591186523438
12560,764.3708902994791
12561,975.0585123697916
12562,1457.9722900390625
12563,487.4219665527344
12564,1241.7185872395833
12565,1036.3046875
12566,821.8677164713541
12567,610.6223754882812
12568,1826.7019856770833
12569,648.9621785481771
12570,1216.4849853515625
12571,628.6273600260416
12572,1794.3536376953125
12573,1513.4722493489583
12574,1059.2003987630208
12575,528.0132649739584
12576,526.7570597330729
12577,948.6204020182291
12578,860.9827270507812
12579,2936.1739908854165
12580,1289.5532633463542
12581,968.8881225585938
12582,1040.1819661458333
12583,1493.6534830729167
12584,1058.2790934244792
12585,1729.8410237630208
12586,1029.5749918619792
12587,1980.0601399739583
12588,897.9483846028646
12589,1146.0954996744792
12590,2288.739013671875
12591,1034.3729248046875
12592,1265.4422607421875
12593,667.1280110677084
12594,989.2156575520834
12595,435.4059143066406
12596,1141.9458821614583
12597,766.0574951171875
12598,1285.2186686197917
12599,1376.0689697265625
12600,804.9689331054688
12601,555.2438354492188
12602,802.5374552408854
12603,3814.6112467447915
12604,2973.048095703125
12605,839.554931640625
12606,1072.2583414713542
12607,638.600830078125
12608,1108.6719970703125
12609,630.6243896484375
12610,765.0930379231771
12611,935.2263997395834
12612,2323.150146484375
12613,2277.2207845052085
12614,958.2071329752604
12615,1336.9024251302083
12616,1188.0536295572917
12617,768.1220296223959
12618,473.38573201497394
12619,815.4843139648438
12620,1500.7513427734375
12621,506.37706502278644
12622,878.9290568033854
12623,1076.1325276692708
12624,1878.8968912760417
12625,1655.5517578125
12626,1741.6394856770833
12627,1328.6514892578125
12628,723.0325724283854
12629,635.2399291992188
12630,793.9120076497396
12631,949.8026326497396
12632,741.6147664388021
12633,1451.0676676432292
12634,847.8596394856771
12635,2122.0855305989585
12636,869.6612141927084
12637,2582.3924967447915
12638,1292.1756998697917
12639,1663.5972900390625
12640,754.2406819661459
12641,1281.4960123697917
12642,541.6357625325521
12643,772.0997517903646
12644,679.6607869466146
12645,549.2394409179688
12646,1893.729248046875
12647,1929.0777587890625
12648,930.9104410807291
12649,783.7965291341146
12650,844.4364013671875
12651,840.2816772460938
12652,941.5730387369791
12653,748.7952677408854
12654,492.5559387207031
12655,1738.1873372395833
12656,677.3772176106771
12657,768.3984985351562
12658,1235.0591634114583
12659,722.0258382161459
12660,790.5333658854166
12661,1012.3984578450521
12662,499.04807535807294
12663,1232.2655436197917
12664,937.5177205403646
12665,796.8990885416666
12666,897.7027994791666
12667,1186.0506184895833
12668,728.8224283854166
12669,1001.7650349934896
12670,1146.0703125
12671,1043.5185546875
12672,713.9396362304688
12673,1016.0209147135416
12674,604.6359252929688
12675,543.2408447265625
12676,1225.66796875
12677,541.4730224609375
12678,3186.262451171875
12679,476.8827718098958
12680,1289.8036295572917
12681,678.6450398763021
12682,1497.5771891276042
12683,1382.15185546875
12684,684.5868530273438
12685,914.9175618489584
12686,615.8070475260416
12687,524.0998942057291
12688,1319.4486083984375
12689,1198.3228759765625
12690,945.4260457356771
12691,558.4718627929688
12692,571.3114013671875
12693,775.3102620442709
12694,1513.1011149088542
12695,1375.0841471354167
12696,946.4890340169271
12697,678.1396891276041
12698,798.2730712890625
12699,772.1755574544271
12700,984.2273763020834
12701,1196.1394856770833
12702,490.63515218098956
12703,746.2062784830729
12704,570.1448567708334
12705,1006.7829793294271
12706,567.0590209960938
12707,635.2394612630209
12708,1111.5131022135417
12709,817.5844930013021
12710,3709.4378255208335
12711,967.854736328125
12712,1449.8336588541667
12713,1383.7458089192708
12714,2011.4966227213542
12715,669.6629231770834
12716,2337.9322916666665
12717,1122.416015625
12718,912.478759765625
12719,951.1030680338541
12720,620.9243570963541
12721,1250.0282389322917
12722,3037.992431640625
12723,991.1565551757812
12724,1814.4112955729167
12725,1291.8502604166667
12726,2799.4209798177085
12727,788.0323893229166
12728,3000.7046712239585
12729,1316.7859700520833
12730,494.9944254557292
12731,875.7754313151041
12732,831.1113891601562
12733,1353.0557047526042
12734,906.1386108398438
12735,909.6719563802084
12736,647.2520141601562
12737,590.1849161783854
12738,1406.9184163411458
12739,1950.1940104166667
12740,920.4788004557291
12741,953.6178588867188
12742,699.3559366861979
12743,1195.06201171875
12744,3492.4849446614585
12745,1283.3321940104167
12746,1243.439453125
12747,622.3085327148438
12748,656.8407185872396
12749,632.8226521809896
12750,587.5848592122396
12751,634.9502970377604
12752,1624.379150390625
12753,1028.2635498046875
12754,1198.44140625
12755,685.0011596679688
12756,1858.9173583984375
12757,880.7595011393229
12758,900.0315755208334
12759,567.7148844401041
12760,1015.5694580078125
12761,953.5165812174479
12762,1176.4788818359375
12763,658.3614095052084
12764,834.3986206054688
12765,1159.6354573567708
12766,474.61842854817706
12767,1438.9876708984375
12768,1647.2491048177083
12769,1109.3976643880208
12770,651.2065022786459
12771,976.8575846354166
12772,824.8173624674479
12773,1014.1664835611979
12774,839.4424031575521
12775,941.5899454752604
12776,2573.9264322916665
12777,870.7176106770834
12778,1451.60400390625
12779,862.8588460286459
12780,966.5487263997396
12781,1265.42822265625
12782,904.8229777018229
12783,918.1439615885416
12784,952.3185424804688
12785,3170.7061360677085
12786,1936.5289306640625
12787,1075.0559488932292
12788,989.0382486979166
12789,1033.5083414713542
12790,427.7466328938802
12791,763.7665812174479
12792,1224.2689615885417
12793,1454.0794677734375
12794,1224.5475667317708
12795,2441.7162272135415
12796,1791.8982340494792
12797,2718.2111002604165
12798,577.0159708658854
12799,1428.268310546875
12800,1607.6907958984375
12801,635.3693237304688
12802,1603.9574788411458
12803,1834.5127360026042
12804,1805.408447265625
12805,600.5689493815104
12806,1606.2808430989583
12807,694.1028442382812
12808,1646.1068929036458
12809,1329.1043294270833
12810,742.65478515625
12811,687.7834269205729
12812,1131.2698974609375
12813,968.2051188151041
12814,1127.7198486328125
12815,868.9990437825521
12816,496.6922302246094
12817,1818.6172281901042
12818,2375.1025390625
12819,772.6753946940104
12820,1479.1318359375
12821,881.5
12822,1974.24853515625
12823,646.1087646484375
12824,400.4526774088542
12825,2446.8837890625
12826,887.9845174153646
12827,1415.0398763020833
12828,1326.5921630859375
12829,593.7654012044271
12830,1586.5329996744792
12831,914.8388061523438
12832,632.5449829101562
12833,890.62939453125
12834,2307.772216796875
12835,762.8050537109375
12836,1091.6070149739583
12837,1192.2633870442708
12838,955.8636881510416
12839,1811.3799235026042
12840,1032.8500569661458
12841,2435.3777669270835
12842,707.9224446614584
12843,960.1698608398438
12844,1614.8837483723958
12845,1301.7422281901042
12846,491.76904296875
12847,989.3395792643229
12848,870.9939371744791
12849,1237.6053059895833
12850,1120.8735758463542
12851,734.3429565429688
12852,1716.6177978515625
12853,1397.9117838541667
12854,4053.7923177083335
12855,686.0645345052084
12856,954.9425455729166
12857,1929.6289876302083
12858,1435.8907470703125
12859,1031.7860921223958
12860,718.7013549804688
12861,733.0750528971354
12862,879.4267374674479
12863,2034.1421305338542
12864,1076.5115966796875
12865,818.1077677408854
12866,634.8842366536459
12867,2157.9356282552085
12868,1698.038330078125
12869,1390.9400634765625
12870,914.2998860677084
12871,417.6034444173177
12872,780.2265625
12873,1196.3942057291667
12874,857.6064656575521
12875,932.1835123697916
12876,1037.22265625
12877,1074.6668701171875
12878,1101.8687337239583
12879,718.1933797200521
12880,1572.2458902994792
12881,1031.032958984375
12882,1008.4933268229166
12883,1217.6036783854167
12884,894.4686889648438
12885,815.3326619466146
12886,1185.8616129557292
12887,1705.9832356770833
12888,1527.1733805338542
12889,1680.9615071614583
12890,889.0355631510416
12891,907.9336547851562
12892,794.8711954752604
12893,962.0667317708334
12894,1903.4157307942708
12895,553.514892578125
12896,1191.8665771484375
12897,641.7686360677084
12898,1656.1279703776042
12899,1598.5710042317708
12900,975.8326822916666
12901,594.8446451822916
12902,1173.5564778645833
12903,512.5001729329427
12904,1239.6725260416667
12905,690.9003702799479
12906,2493.6219889322915
12907,632.5241495768229
12908,1854.7097574869792
12909,511.0089619954427
12910,3629.4459635416665
12911,606.6571044921875
12912,1210.2041015625
12913,793.1345825195312
12914,836.3553263346354
12915,568.0947265625
12916,2031.0469970703125
12917,1516.6053873697917
12918,1795.5063069661458
12919,854.1723022460938
12920,2155.64306640625
12921,996.6367797851562
12922,2094.749755859375
12923,1488.16357421875
12924,1277.6149088541667
12925,980.9624226888021
12926,749.7673746744791
12927,788.989013671875
12928,1192.451416015625
12929,1198.8432210286458
12930,716.5519612630209
12931,1094.4483235677083
12932,1783.4132080078125
12933,483.0967712402344
12934,1363.9733479817708
12935,958.2520345052084
12936,647.1918538411459
12937,1193.7387288411458
12938,375.45220947265625
12939,1457.0940755208333
12940,2665.5358072916665
12941,646.8475138346354
12942,978.5440877278646
12943,1370.0081787109375
12944,1081.32177734375
12945,841.3908284505209
12946,1387.2679443359375
12947,853.0723673502604
12948,830.6472371419271
12949,1075.8438720703125
12950,1143.0709228515625
12951,867.4298095703125
12952,710.5757039388021
12953,967.3890787760416
12954,1883.0713297526042
12955,739.0131632486979
12956,836.3361002604166
12957,1788.1995849609375
12958,767.369140625
12959,765.8006184895834
12960,1959.9867350260417
12961,749.2256673177084
12962,1275.2021077473958
12963,956.9352010091146
12964,556.0305989583334
12965,733.8140869140625
12966,1633.4816487630208
12967,1045.9994710286458
12968,942.8313598632812
12969,708.2179158528646
12970,410.22975667317706
12971,2610.990234375
12972,988.0164184570312
12973,1319.1150716145833
12974,906.6239624023438
12975,1153.7580973307292
12976,800.2538452148438
12977,1768.1366780598958
12978,649.53759765625
12979,1163.0584716796875
12980,772.2106323242188
12981,1458.1073404947917
12982,1269.4809163411458
12983,1054.0560302734375
12984,797.9687703450521
12985,1257.8140869140625
12986,1003.2437540690104
12987,632.7611694335938
12988,533.5424194335938
12989,1818.2009684244792
12990,662.4283650716146
12991,722.6142781575521
12992,2299.18505859375
12993,1365.3217366536458
12994,648.6422119140625
12995,933.1869303385416
12996,578.3600260416666
12997,740.6868082682291
12998,1777.1761881510417
12999,1210.99658203125
13000,1152.796630859375
13001,962.3479817708334
13002,1836.7908121744792
13003,808.1793212890625
13004,1326.76611328125
13005,1260.2248128255208
13006,2091.5415852864585
13007,1424.6306966145833
13008,1432.3227132161458
13009,944.9950154622396
13010,409.3125
13011,1105.5948486328125
13012,1310.8864339192708
13013,790.2921752929688
13014,2013.6375325520833
13015,604.6633911132812
13016,877.6029866536459
13017,1701.3568115234375
13018,649.1841430664062
13019,709.9124959309896
13020,1131.3669840494792
13021,1152.385009765625
13022,1977.7984619140625
13023,1580.1770426432292
13024,657.5494995117188
13025,2470.9677734375
13026,871.3221638997396
13027,1380.1983642578125
13028,1774.9613850911458
13029,1313.651611328125
13030,802.7287801106771
13031,1811.1926676432292
13032,765.2946166992188
13033,712.568603515625
13034,1399.2759195963542
13035,818.3622233072916
13036,895.1655069986979
13037,817.0759684244791
13038,3867.6656901041665
13039,728.9499715169271
13040,1299.6007080078125
13041,1172.24462890625
13042,1160.3680826822917
13043,1738.988525390625
13044,954.287109375
13045,1445.4659423828125
13046,1310.4866129557292
13047,1717.114990234375
13048,501.442138671875
13049,1128.2496337890625
13050,1008.8660074869791
13051,792.3531697591146
13052,812.5269165039062
13053,465.14247639973956
13054,503.5873514811198
13055,591.1291097005209
13056,1143.6733805338542
13057,469.4581604003906
13058,1460.56640625
13059,1971.6570231119792
13060,650.9832967122396
13061,578.1433512369791
13062,495.20361328125
13063,1418.4950358072917
13064,659.9837239583334
13065,687.0195109049479
13066,963.3766072591146
13067,354.6261393229167
13068,821.7555948893229
13069,963.2432657877604
13070,1367.9763590494792
13071,2719.1129557291665
13072,784.6418253580729
13073,1234.3614095052083
13074,1533.8179931640625
13075,673.2787272135416
13076,791.52734375
13077,1223.0378824869792
13078,1291.7335205078125
13079,551.2173461914062
13080,583.8098754882812
13081,1156.0101725260417
13082,1134.8476155598958
13083,662.0710245768229
13084,1724.9206136067708
13085,1846.6712646484375
13086,1752.53076171875
13087,1077.5912272135417
13088,1265.6362711588542
13089,942.9146728515625
13090,1678.0824381510417
13091,874.54931640625
13092,553.2538045247396
13093,2057.2122395833335
13094,1311.9967041015625
13095,531.7329915364584
13096,987.9640299479166
13097,914.4540201822916
13098,1802.5263671875
13099,2785.9102376302085
13100,1557.1826171875
13101,1166.75537109375
13102,764.0712483723959
13103,1378.6380208333333
13104,1306.6095784505208
13105,911.9053344726562
13106,539.1587320963541
13107,628.0655721028646
13108,534.4622599283854
13109,1047.354248046875
13110,800.7324422200521
13111,1449.3267008463542
13112,1094.4384765625
13113,498.9793701171875
13114,652.7178548177084
13115,813.3487548828125
13116,1499.0752766927083
13117,1358.37548828125
13118,999.7563069661459
13119,1045.4429524739583
13120,1266.62060546875
13121,1053.7178548177083
13122,785.6586100260416
13123,663.4716593424479
13124,1165.5476481119792
13125,1786.6028238932292
13126,1140.0690511067708
13127,1644.0154215494792
13128,877.5425008138021
13129,618.8572998046875
13130,710.6205647786459
13131,2285.1668294270835
13132,1674.2935384114583
13133,1048.4837239583333
13134,700.4487915039062
13135,1539.8375651041667
13136,1258.07373046875
13137,711.5969645182291
13138,657.3326619466146
13139,666.7393391927084
13140,1270.8651936848958
13141,809.4454956054688
13142,667.3379923502604
13143,1935.7486572265625
13144,968.22265625
13145,1250.2506917317708
13146,986.0767211914062
13147,1063.9335123697917
13148,745.7919514973959
13149,476.4442443847656
13150,3366.7476399739585
13151,993.8347574869791
13152,1103.2483317057292
13153,638.0002848307291
13154,735.1195678710938
13155,746.2351888020834
13156,854.9385172526041
13157,453.51043701171875
13158,648.1629638671875
13159,957.4514567057291
13160,1273.94384765625
13161,2051.1824544270835
13162,1313.70166015625
13163,1447.5905354817708
13164,804.4049479166666
13165,1127.2189127604167
13166,1241.9229329427083
13167,1371.1074625651042
13168,1282.2497151692708
13169,1049.9987386067708
13170,994.9328002929688
13171,1575.9808756510417
13172,1000.4103597005209
13173,1420.8394775390625
13174,2649.5733235677085
13175,1307.714599609375
13176,587.1842244466146
13177,688.3899129231771
13178,1491.6686197916667
13179,566.3865356445312
13180,1063.6618245442708
13181,755.7133382161459
13182,1315.2661946614583
13183,1428.6297607421875
13184,615.3480834960938
13185,895.8679606119791
13186,805.1316324869791
13187,956.2037760416666
13188,1767.3756103515625
13189,644.3257039388021
13190,2470.4871419270835
13191,2696.8916829427085
13192,815.9482014973959
13193,645.8999837239584
13194,555.2239990234375
13195,549.8764038085938
13196,1926.3468424479167
13197,1543.600830078125
13198,640.3939615885416
13199,1676.3960367838542
13200,615.76953125
13201,599.4131673177084
13202,2118.8946126302085
13203,690.1258748372396
13204,967.2939453125
13205,716.6737467447916
13206,532.4137573242188
13207,536.3318277994791
13208,1812.6417236328125
13209,1470.3835042317708
13210,831.968017578125
13211,1125.2479248046875
13212,696.712890625
13213,1256.3798828125
13214,1080.9810791015625
13215,5209.754557291667
13216,1320.4720458984375
13217,696.5931803385416
13218,1634.0283610026042
13219,4300.04736328125
13220,1150.3811848958333
13221,789.4438069661459
13222,2001.6830240885417
13223,676.9981486002604
13224,995.7780151367188
13225,1382.8561197916667
13226,876.5956013997396
13227,734.931396484375
13228,979.9417928059896
13229,1000.2574259440104
13230,1166.5853678385417
13231,1652.7908528645833
13232,977.3748575846354
13233,1035.0614827473958
13234,1504.3819173177083
13235,821.0658365885416
13236,837.6529744466146
13237,415.16383870442706
13238,1319.4366048177083
13239,1332.72265625
13240,550.2023722330729
13241,1097.464111328125
13242,812.54736328125
13243,1158.5052083333333
13244,830.2981567382812
13245,2951.3700358072915
13246,465.1256917317708
13247,665.2586059570312
13248,1836.5879720052083
13249,1058.3299560546875
13250,776.782958984375
13251,810.5608317057291
13252,1232.6362711588542
13253,863.8365478515625
13254,1056.6912841796875
13255,1544.5882161458333
13256,844.5646362304688
13257,666.2080078125
13258,603.6328735351562
13259,3214.6255696614585
13260,867.5995686848959
13261,884.7526041666666
13262,1290.5807698567708
13263,413.8708801269531
13264,861.54541015625
13265,499.95741780598956
13266,596.4136555989584
13267,1617.1458333333333
13268,566.7618408203125
13269,1116.7520751953125
13270,1893.273681640625
13271,981.7170613606771
13272,662.4630737304688
13273,1222.6608479817708
13274,1737.2419026692708
13275,751.2974039713541
13276,437.0729675292969
13277,785.4539184570312
13278,2671.6947428385415
13279,1059.633544921875
13280,400.8110656738281
13281,487.53863525390625
13282,510.65086873372394
13283,1290.1347249348958
13284,1071.2493082682292
13285,1301.8064371744792
13286,982.9479370117188
13287,1550.2373453776042
13288,1206.4003499348958
13289,1473.3026529947917
13290,1733.9533284505208
13291,1094.2689615885417
13292,915.3377075195312
13293,709.2748006184896
13294,792.6971028645834
13295,3388.360107421875
13296,918.5157470703125
13297,1197.819091796875
13298,976.4086710611979
13299,1200.0321044921875
13300,521.5340169270834
13301,1088.6548258463542
13302,1267.7065022786458
13303,807.4042561848959
13304,1289.2684326171875
13305,1130.9794514973958
13306,821.9996744791666
13307,907.8202311197916
13308,585.2817993164062
13309,2316.2025553385415
13310,2460.9302571614585
13311,994.0609741210938
13312,5578.085611979167
13313,1715.5587158203125
13314,1270.0875244140625
13315,546.7162882486979
13316,724.1358235677084
13317,1099.8853759765625
13318,1291.0447591145833
13319,501.7393391927083
13320,647.9982503255209
13321,1199.7954508463542
13322,746.7515869140625
13323,485.0498758951823
13324,1012.7165934244791
13325,1529.225830078125
13326,1080.1038411458333
13327,1301.9324544270833
13328,1521.0804443359375
13329,1138.8207194010417
13330,1352.540771484375
13331,1100.7417399088542
13332,1714.3820393880208
13333,547.7736002604166
13334,1335.9143880208333
13335,1329.897216796875
13336,819.5107421875
13337,1297.8789469401042
13338,578.0682576497396
13339,1295.0457763671875
13340,1028.5447591145833
13341,800.0537923177084
13342,1539.0790608723958
13343,692.3718465169271
13344,2494.2806803385415
13345,1863.610595703125
13346,713.7544148763021
13347,1380.5791015625
13348,1620.3329671223958
13349,654.8863321940104
13350,2140.583251953125
13351,1402.1177978515625
13352,1820.8540445963542
13353,1011.4217122395834
13354,1176.6579182942708
13355,887.0534057617188
13356,762.3561808268229
13357,493.3465881347656
13358,495.6600341796875
13359,747.7419230143229
13360,1384.3586832682292
13361,894.7667439778646
13362,965.9036051432291
13363,1147.7345784505208
13364,797.5603230794271
13365,1571.5882161458333
13366,1311.4059651692708
13367,838.1182657877604
13368,1692.7722574869792
13369,697.0880940755209
13370,1059.7983805338542
13371,851.1190999348959
13372,745.6965535481771
13373,396.19040934244794
13374,906.5679728190104
13375,1223.5530192057292
13376,687.2073160807291
13377,786.2060750325521
13378,1148.0615234375
13379,1533.0144449869792
13380,1592.1466878255208
13381,571.7281290690104
13382,707.8225301106771
13383,1134.1337890625
13384,701.6893513997396
13385,650.7359415690104
13386,1075.3027750651042
13387,3192.8072916666665
13388,980.5511271158854
13389,1597.9307454427083
13390,843.5596110026041
13391,1140.3722330729167
13392,745.6702067057291
13393,1523.4184163411458
13394,1209.3214111328125
13395,3115.4464518229165
13396,801.0721638997396
13397,1079.0076497395833
13398,866.1149698893229
13399,713.0686442057291
13400,879.1835734049479
13401,1893.5784505208333
13402,1532.1188557942708
13403,2917.153564453125
13404,1733.0220540364583
13405,1428.7943929036458
13406,674.7030232747396
13407,982.8077596028646
13408,2055.393798828125
13409,1436.2607828776042
13410,11990.801432291666
13411,1018.7762247721354
13412,668.1697387695312
13413,534.8850708007812
13414,925.3930053710938
13415,603.3331095377604
13416,1541.8037516276042
13417,732.2845052083334
13418,1677.369140625
13419,4012.9737955729165
13420,632.4281819661459
13421,1162.3604329427083
13422,762.2405192057291
13423,1420.44384765625
13424,1123.5562744140625
13425,1121.3927815755208
13426,844.4240112304688
13427,4008.8789876302085
13428,1092.9459228515625
13429,3090.307861328125
13430,937.5111897786459
13431,1269.0166015625
13432,596.68359375
13433,880.3207397460938
13434,2590.4146321614585
13435,597.8141886393229
13436,1870.2884521484375
13437,1332.0006103515625
13438,980.557373046875
13439,2542.5441080729165
13440,1006.9981282552084
13441,877.0959269205729
13442,2151.65185546875
13443,925.4029134114584
13444,1424.7520751953125
13445,1013.5359090169271
13446,1854.3457438151042
13447,762.7752075195312
13448,2763.7535807291665
13449,1261.0045572916667
13450,806.6546020507812
13451,682.2312622070312
13452,2905.0795084635415
13453,792.6450805664062
13454,2147.8878580729165
13455,2660.120849609375
13456,748.8182169596354
13457,548.5612996419271
13458,1826.7029622395833
13459,1738.9569091796875
13460,1278.5321858723958
13461,1342.2322998046875
13462,960.4346110026041
13463,1232.1520182291667
13464,600.7264200846354
13465,734.5063273111979
13466,353.1274007161458
13467,1610.6803385416667
13468,1318.1027425130208
13469,1387.5587565104167
13470,1338.4767252604167
13471,1056.3943684895833
13472,1483.3353271484375
13473,1471.292236328125
13474,788.4607747395834
13475,1039.0869954427083
13476,1220.1201171875
13477,1000.900146484375
13478,1238.09375
13479,667.0901285807291
13480,3023.1988932291665
13481,3162.03125
13482,1202.0919596354167
13483,1231.0483805338542
13484,814.9118855794271
13485,1337.1974690755208
13486,1157.5924479166667
13487,499.4503173828125
13488,1210.5799560546875
13489,740.6801961263021
13490,626.3970947265625
13491,524.0229695638021
13492,472.0447082519531
13493,977.2823079427084
13494,635.4110717773438
13495,958.5866902669271
13496,580.2933959960938
13497,926.8650919596354
13498,1235.4528401692708
13499,2438.236083984375
13500,1222.355712890625
13501,2333.647216796875
13502,893.8975016276041
13503,768.5532430013021
13504,649.2112833658854
13505,2079.9073893229165
13506,463.6475016276042
13507,1145.2559814453125
13508,717.8827107747396
13509,599.0386352539062
13510,943.1601969401041
13511,602.4089152018229
13512,1497.5109456380208
13513,666.3370971679688
13514,775.4500122070312
13515,679.9808146158854
13516,799.2136433919271
13517,843.2072550455729
13518,716.5260009765625
13519,788.2626139322916
13520,454.0262756347656
13521,1875.803466796875
13522,884.1327514648438
13523,608.2607014973959
13524,1371.8636474609375
13525,595.59228515625
13526,2443.1881510416665
13527,1249.6734619140625
13528,1076.0080973307292
13529,912.3523966471354
13530,1121.8658854166667
13531,836.1990152994791
13532,1614.7130533854167
13533,2948.244873046875
13534,1038.8484293619792
13535,724.1301472981771
13536,891.5901285807291
13537,2218.1981608072915
13538,976.9539998372396
13539,895.4020182291666
13540,1928.2724202473958
13541,699.5916748046875
13542,1023.2312418619791
13543,975.4517618815104
13544,1486.7307535807292
13545,951.5218709309896
13546,1022.8289591471354
13547,840.0272216796875
13548,761.2254435221354
13549,615.3971761067709
13550,1431.3323160807292
13551,607.3644002278646
13552,2586.5047200520835
13553,954.6090901692709
13554,1367.0133056640625
13555,1002.0463460286459
13556,960.3317057291666
13557,12207.861979166666
13558,329.70574951171875
13559,987.4401245117188
13560,972.6720987955729
13561,1257.5542399088542
13562,585.3552042643229
13563,666.26416015625
13564,607.7033284505209
13565,855.2317301432291
13566,3402.8895670572915
13567,1522.7942708333333
13568,1469.6200764973958
13569,1714.0824381510417
13570,1152.9457600911458
13571,1107.621826171875
13572,812.2668660481771
13573,780.5118408203125
13574,990.8074340820312
13575,737.4565022786459
13576,763.4908040364584
13577,687.9596150716146
13578,809.708740234375
13579,1510.7513427734375
13580,858.9272664388021
13581,855.2459716796875
13582,633.4835408528646
13583,705.6169026692709
13584,802.2657267252604
13585,1136.5151774088542
13586,1152.0632731119792
13587,645.1639200846354
13588,759.1480712890625
13589,868.8027954101562
13590,1688.2728271484375
13591,1117.8763834635417
13592,620.7091878255209
13593,687.4108276367188
13594,1020.8457845052084
13595,447.7198791503906
13596,570.7062784830729
13597,3946.9541015625
13598,709.3511962890625
13599,1025.8813069661458
13600,718.280029296875
13601,1172.9753824869792
13602,924.7969970703125
13603,1057.18359375
13604,794.7527262369791
13605,851.4179077148438
13606,528.4654337565104
13607,1082.7710774739583
13608,702.9183349609375
13609,852.8508707682291
13610,1019.0770874023438
13611,656.4517822265625
13612,5196.2998046875
13613,1639.1524658203125
13614,462.10376993815106
13615,819.0066324869791
13616,2681.9496256510415
13617,1297.9012451171875
13618,1898.5254720052083
13619,1404.7129313151042
13620,829.7841796875
13621,413.0389099121094
13622,1268.6099039713542
13623,1100.8680826822917
13624,1548.1344401041667
13625,530.5171101888021
13626,699.6324462890625
13627,894.6589152018229
13628,858.35400390625
13629,1545.0506998697917
13630,1082.1813151041667
13631,475.1319986979167
13632,1075.6746419270833
13633,703.3467203776041
13634,2419.4488118489585
13635,682.8130289713541
13636,1165.5484619140625
13637,630.0385945638021
13638,1602.0010172526042
13639,549.7959798177084
13640,1434.223388671875
13641,825.2541707356771
13642,1843.1522623697917
13643,943.4320271809896
13644,1471.56591796875
13645,806.0711873372396
13646,532.6485799153646
13647,820.317138671875
13648,827.5592041015625
13649,671.0975138346354
13650,1085.323974609375
13651,752.3482055664062
13652,805.3483479817709
13653,875.4954020182291
13654,1308.8695475260417
13655,2183.0294596354165
13656,1314.6056315104167
13657,699.4831746419271
13658,2056.94677734375
13659,745.7500610351562
13660,597.6220906575521
13661,1169.9474690755208
13662,1769.038818359375
13663,613.8567301432291
13664,1462.7860921223958
13665,527.0115152994791
13666,943.8717447916666
13667,2067.2884928385415
13668,983.9002888997396
13669,934.8005981445312
13670,1665.7394205729167
13671,1216.7696533203125
13672,678.4896240234375
13673,743.0996907552084
13674,1125.1063232421875
13675,1132.8305257161458
13676,2178.23046875
13677,1071.9702962239583
13678,712.2070109049479
13679,1665.2053629557292
13680,1644.3140462239583
13681,680.4029337565104
13682,401.33217366536456
13683,1178.063232421875
13684,969.3464965820312
13685,665.6987508138021
13686,1123.8888346354167
13687,846.1160685221354
13688,589.0806070963541
13689,1660.7952473958333
13690,1880.2982177734375
13691,3510.4166666666665
13692,1065.0820719401042
13693,1277.2158203125
13694,833.50830078125
13695,4449.933919270833
13696,1777.2968343098958
13697,951.1635131835938
13698,1491.9558512369792
13699,1798.5966796875
13700,1702.1601155598958
13701,631.7972615559896
13702,585.7451578776041
13703,803.0223388671875
13704,1027.5670166015625
13705,697.6171264648438
13706,865.7923177083334
13707,1660.3358968098958
13708,1088.6097005208333
13709,830.3731079101562
13710,890.4543660481771
13711,894.4061279296875
13712,985.6363728841146
13713,887.5470987955729
13714,1405.00390625
13715,2450.3483072916665
13716,1533.5034993489583
13717,908.0490519205729
13718,1624.5944010416667
13719,1010.0663859049479
13720,1693.4943440755208
13721,818.1786499023438
13722,909.11572265625
13723,1286.3245442708333
13724,1311.6960042317708
13725,871.4842936197916
13726,832.5029296875
13727,659.7165934244791
13728,1105.1097412109375
13729,744.762451171875
13730,1439.1341552734375
13731,946.7837727864584
13732,1625.7124430338542
13733,780.0954386393229
13734,1277.2776692708333
13735,1020.7646891276041
13736,1178.0885823567708
13737,668.0591634114584
13738,1477.4253743489583
13739,1217.7991536458333
13740,747.2538655598959
13741,869.0752156575521
13742,1015.7983601888021
13743,1573.9871419270833
13744,956.3701578776041
13745,5832.321126302083
13746,1044.2093098958333
13747,1460.426025390625
13748,1221.5190022786458
13749,623.1436564127604
13750,1209.5103759765625
13751,982.6827189127604
13752,806.6983642578125
13753,4842.40673828125
13754,2412.020263671875
13755,919.3053792317709
13756,849.1959228515625
13757,990.1930948893229
13758,1106.1598307291667
13759,2442.6044921875
13760,671.4538167317709
13761,720.6303100585938
13762,808.4683430989584
13763,935.8983561197916
13764,422.76537068684894
13765,740.1589965820312
13766,990.0161946614584
13767,483.0042012532552
13768,736.8074747721354
13769,1393.1360270182292
13770,1082.1632080078125
13771,1593.1532796223958
13772,1203.0908610026042
13773,830.5138142903646
13774,529.8097127278646
13775,1538.7129720052083
13776,850.3178914388021
13777,863.0147094726562
13778,1306.4147542317708
13779,1318.0204264322917
13780,2086.3854166666665
13781,860.7872517903646
13782,706.1521809895834
13783,2465.5729166666665
13784,1040.1058756510417
13785,1105.341796875
13786,1193.7762044270833
13787,822.8734130859375
13788,1149.9351399739583
13789,905.6465250651041
13790,633.0396118164062
13791,759.3953450520834
13792,1107.2662353515625
13793,1025.5420328776042
13794,633.4764607747396
13795,922.9324747721354
13796,703.239990234375
13797,763.1488240559896
13798,1392.8788248697917
13799,1238.9644775390625
13800,700.51318359375
13801,690.7757161458334
13802,1255.8986409505208
13803,606.8764444986979
13804,1585.5916748046875
13805,747.3390706380209
13806,413.8221740722656
13807,657.7851969401041
13808,802.8120320638021
13809,818.8137817382812
13810,1369.1681315104167
13811,1384.6881103515625
13812,958.6663411458334
13813,1067.94970703125
13814,785.8918863932291
13815,1007.4357706705729
13816,924.461181640625
13817,619.2116902669271
13818,1475.3372395833333
13819,1184.9165445963542
13820,1045.5907389322917
13821,1188.76708984375
13822,823.8051350911459
13823,878.7167561848959
13824,991.7096354166666
13825,738.106201171875
13826,825.9116617838541
13827,1196.516845703125
13828,835.97265625
13829,706.8018391927084
13830,594.6350911458334
13831,1532.8782145182292
13832,1374.689697265625
13833,809.1179809570312
13834,3594.9314778645835
13835,1746.645263671875
13836,2587.4852701822915
13837,1888.3034261067708
13838,1414.295654296875
13839,546.8377075195312
13840,1356.57666015625
13841,1361.626708984375
13842,732.556884765625
13843,618.6118570963541
13844,1002.3807983398438
13845,670.3639322916666
13846,560.1846720377604
13847,957.6919759114584
13848,782.5620727539062
13849,528.0949096679688
13850,1938.8228352864583
13851,572.9235636393229
13852,840.5436401367188
13853,1352.8062337239583
13854,1446.1301676432292
13855,762.9990234375
13856,440.43565877278644
13857,1815.6496988932292
13858,974.5625
13859,914.8858235677084
13860,596.7508951822916
13861,919.987548828125
13862,787.5038859049479
13863,540.1500854492188
13864,2027.4778645833333
13865,335.56374104817706
13866,1209.0146484375
13867,2843.4658203125
13868,1136.3302001953125
13869,753.1417439778646
13870,1092.5958251953125
13871,498.139892578125
13872,865.3534342447916
13873,1184.2742513020833
13874,1363.6374918619792
13875,736.8817138671875
13876,945.7135416666666
13877,899.1880493164062
13878,2053.2362467447915
13879,1027.0450846354167
13880,1083.769775390625
13881,935.3437296549479
13882,670.9398193359375
13883,2802.104248046875
13884,2341.1271158854165
13885,507.77381388346356
13886,3324.0797526041665
13887,2271.905517578125
13888,1065.2910563151042
13889,1130.7607014973958
13890,1045.668701171875
13891,1905.8381754557292
13892,1351.9613037109375
13893,978.1178995768229
13894,817.5446573893229
13895,900.0669555664062
13896,2696.0303548177085
13897,1683.9805094401042
13898,1527.1217854817708
13899,835.0533040364584
13900,1173.0343424479167
13901,1248.017578125
13902,663.2207641601562
13903,608.0723266601562
13904,841.5036417643229
13905,707.9255167643229
13906,1620.0711669921875
13907,606.5800984700521
13908,1379.112060546875
13909,756.4915364583334
13910,1537.2403564453125
13911,622.9592692057291
13912,585.6251627604166
13913,911.2574055989584
13914,646.5589599609375
13915,792.7942504882812
13916,839.3842366536459
13917,626.3712768554688
13918,741.7841796875
13919,725.2186279296875
13920,521.1405436197916
13921,696.3186442057291
13922,1076.1237386067708
13923,807.7136637369791
13924,1102.6258951822917
13925,758.87158203125
13926,408.2402750651042
13927,2087.23193359375
13928,1063.3914388020833
13929,801.0652465820312
13930,724.6595458984375
13931,648.0997924804688
13932,1911.074462890625
13933,1020.6755167643229
13934,1011.0542399088541
13935,885.9884847005209
13936,1245.2428385416667
13937,849.6423746744791
13938,801.3256225585938
13939,727.5432739257812
13940,991.3534545898438
13941,1448.7747802734375
13942,805.1022745768229
13943,1434.2712809244792
13944,1454.7339680989583
13945,579.2984212239584
13946,1146.6173502604167
13947,1779.5713704427083
13948,1402.9882405598958
13949,1379.1566162109375
13950,590.0078125
13951,906.2097981770834
13952,772.929443359375
13953,800.0764770507812
13954,668.1444702148438
13955,624.90869140625
13956,746.3890380859375
13957,1798.9184977213542
13958,1168.9888509114583
13959,916.2586873372396
13960,485.9888102213542
13961,2333.0130208333335
13962,546.1501261393229
13963,1065.3118489583333
13964,629.6800537109375
13965,1330.7135009765625
13966,1065.5604248046875
13967,2250.4899088541665
13968,694.7037150065104
13969,413.6587727864583
13970,662.7806803385416
13971,1126.5472412109375
13972,586.0832316080729
13973,547.8403727213541
13974,863.3628743489584
13975,1693.1688232421875
13976,501.3728739420573
13977,1121.1351725260417
13978,1944.1212972005208
13979,1342.0056966145833
13980,570.0817464192709
13981,1179.0428059895833
13982,512.414316813151
13983,678.726318359375
13984,778.5784708658854
13985,480.7125651041667
13986,1299.8562825520833
13987,1006.9612833658854
13988,1341.9677734375
13989,939.1105550130209
13990,447.9629821777344
13991,1034.432861328125
13992,680.7213338216146
13993,1456.48095703125
13994,466.8837381998698
13995,571.0214436848959
13996,619.3653361002604
13997,947.1792399088541
13998,2078.4180501302085
13999,745.6618245442709
14000,734.7085164388021
14001,807.7637939453125
14002,783.3460896809896
14003,901.0915323893229
14004,720.7775065104166
14005,847.9927164713541
14006,1134.7667236328125
14007,627.4577840169271
14008,816.7306518554688
14009,923.8538004557291
14010,1071.12109375
14011,558.8594970703125
14012,682.7862955729166
14013,900.9993286132812
14014,809.2740885416666
14015,1596.2925618489583
14016,952.5866495768229
14017,1683.1682535807292
14018,3316.1875
14019,1145.927978515625
14020,1080.9787190755208
14021,483.7803548177083
14022,521.6058349609375
14023,662.0344645182291
14024,873.1331990559896
14025,1182.454833984375
14026,627.3979899088541
14027,724.4402058919271
14028,381.70815022786456
14029,1421.51171875
14030,2636.6119791666665
14031,2171.802490234375
14032,737.4619344075521
14033,806.8702392578125
14034,3151.8568522135415
14035,759.0176798502604
14036,576.793212890625
14037,939.9450887044271
14038,1144.0311279296875
14039,1286.3495279947917
14040,501.2713317871094
14041,1402.0765787760417
14042,423.13730875651044
14043,1417.9814046223958
14044,1350.7283935546875
14045,1282.059814453125
14046,764.6080525716146
14047,992.8226725260416
14048,447.0685729980469
14049,1893.1597900390625
14050,773.0618896484375
14051,978.6068115234375
14052,1226.5609944661458
14053,2237.5940755208335
14054,779.8602498372396
14055,701.3927408854166
14056,1281.4480387369792
14057,1448.1387125651042
14058,1702.2257080078125
14059,644.1051228841146
14060,463.9452616373698
14061,4102.050130208333
14062,950.6204223632812
14063,500.3920491536458
14064,768.8633219401041
14065,952.3950602213541
14066,1461.4508870442708
14067,1162.7442220052083
14068,1031.1836751302083
14069,1766.9635009765625
14070,1032.0644124348958
14071,936.2879842122396
14072,741.533447265625
14073,1422.2812906901042
14074,1098.3706868489583
14075,1915.494384765625
14076,1464.5826009114583
14077,1170.8502604166667
14078,828.6470743815104
14079,935.1036376953125
14080,791.6614176432291
14081,1306.5436604817708
14082,1377.3940836588542
14083,1013.9977620442709
14084,1415.120849609375
14085,639.8145141601562
14086,559.8097737630209
14087,565.4286905924479
14088,1395.5374348958333
14089,1905.4744873046875
14090,3125.8154296875
14091,1077.0732014973958
14092,744.0345255533854
14093,2488.2249348958335
14094,868.4767862955729
14095,787.0186971028646
14096,1467.60400390625
14097,12310.623372395834
14098,2096.41015625
14099,1137.8544514973958
14100,1940.1380208333333
14101,1787.9605712890625
14102,616.9170532226562
14103,2123.3944498697915
14104,511.31214396158856
14105,5469.116536458333
14106,2024.6646728515625
14107,909.2239990234375
14108,694.5980428059896
14109,998.6636149088541
14110,453.7618713378906
14111,1029.602294921875
14112,641.2213745117188
14113,1881.1362711588542
14114,1885.1452229817708
14115,1198.436279296875
14116,1054.459228515625
14117,697.9997965494791
14118,529.9109090169271
14119,955.328857421875
14120,1952.3652750651042
14121,2714.554443359375
14122,1243.4210611979167
14123,1086.6403401692708
14124,1096.7635498046875
14125,554.2402140299479
14126,962.65625
14127,944.3796793619791
14128,945.0749715169271
14129,983.9849039713541
14130,1162.9592692057292
14131,1548.916748046875
14132,1084.0635579427083
14133,499.4526672363281
14134,749.4932861328125
14135,880.9867757161459
14136,1196.673828125
14137,687.2354736328125
14138,925.104248046875
14139,599.1854044596354
14140,856.3588460286459
14141,3007.5340169270835
14142,1826.1807454427083
14143,1067.242919921875
14144,1103.0611979166667
14145,661.7981567382812
14146,1379.1652425130208
14147,750.6611938476562
14148,1720.9568684895833
14149,1280.6765950520833
14150,925.2847086588541
14151,2414.848388671875
14152,965.724609375
14153,699.7000528971354
14154,1012.0196736653646
14155,2988.6866861979165
14156,1206.4714762369792
14157,849.4029134114584
14158,1410.2945963541667
14159,1193.469482421875
14160,3130.5130208333335
14161,2061.8885904947915
14162,760.0723876953125
14163,726.5513305664062
14164,638.1084187825521
14165,2072.4623209635415
14166,1269.1880289713542
14167,404.6738688151042
14168,697.0020548502604
14169,1908.7165934244792
14170,788.1085001627604
14171,572.5553792317709
14172,901.6409912109375
14173,1364.8924153645833
14174,1226.105224609375
14175,1377.704345703125
14176,765.0218302408854
14177,686.5908406575521
14178,807.6274007161459
14179,1443.2670084635417
14180,1106.7580159505208
14181,712.0255330403646
14182,1133.8787434895833
14183,747.4254964192709
14184,1250.4033203125
14185,1286.8313395182292
14186,781.9481404622396
14187,1107.3201090494792
14188,798.4635823567709
14189,727.1371866861979
14190,1614.9857584635417
14191,970.3469848632812
14192,1391.1793212890625
14193,389.2969665527344
14194,711.4679768880209
14195,951.0951334635416
14196,980.0336100260416
14197,1421.2802327473958
14198,708.7830403645834
14199,1012.5157877604166
14200,583.7613728841146
14201,460.6646321614583
14202,954.4198404947916
14203,877.8990275065104
14204,874.1346232096354
14205,1039.703125
14206,606.1179402669271
14207,551.5905354817709
14208,1215.46630859375
14209,689.4385986328125
14210,2642.9463704427085
14211,519.5355428059896
14212,1183.7932942708333
14213,980.2995402018229
14214,1962.4595133463542
14215,1095.2572835286458
14216,1079.0021565755208
14217,1230.3142903645833
14218,936.5772094726562
14219,1340.5323893229167
14220,1835.2104085286458
14221,869.3682657877604
14222,1080.8307698567708
14223,675.4939778645834
14224,1700.7878011067708
14225,1316.4762776692708
14226,1815.2357177734375
14227,705.9980875651041
14228,984.0755411783854
14229,628.7765706380209
14230,1024.5586954752605
14231,479.9615987141927
14232,551.5373942057291
14233,916.2290242513021
14234,3013.9522298177085
14235,1288.0272623697917
14236,795.8083699544271
14237,944.385498046875
14238,1172.9241536458333
14239,1863.3149007161458
14240,1108.4661051432292
14241,897.4597371419271
14242,1380.5667317708333
14243,575.4453328450521
14244,1423.9468180338542
14245,560.0758260091146
14246,997.6813557942709
14247,878.3225301106771
14248,915.5602010091146
14249,1374.7761637369792
14250,577.5931803385416
14251,868.3866780598959
14252,1344.8509928385417
14253,1242.2013753255208
14254,696.3365681966146
14255,1165.927734375
14256,2303.9293619791665
14257,500.1981506347656
14258,1348.6712239583333
14259,794.7820841471354
14260,1906.2522379557292
14261,1276.2082926432292
14262,896.6458943684896
14263,1155.6260986328125
14264,1113.7889404296875
14265,1175.5862223307292
14266,1215.9856770833333
14267,611.2544555664062
14268,975.6954549153646
14269,1005.2310587565104
14270,800.1234537760416
14271,781.7635294596354
14272,2122.2745768229165
14273,1044.2021891276042
14274,948.8173624674479
14275,2461.9978841145835
14276,498.1943664550781
14277,634.0029093424479
14278,938.294677734375
14279,745.0559895833334
14280,732.8867390950521
14281,1007.7108154296875
14282,643.6463216145834
14283,992.2944132486979
14284,581.8858642578125
14285,1099.4685872395833
14286,1506.1236165364583
14287,899.3682454427084
14288,889.5710856119791
14289,529.843017578125
14290,787.8273111979166
14291,1770.1256510416667
14292,861.0487467447916
14293,575.2141520182291
14294,1577.242431640625
14295,786.6083374023438
14296,1696.9239908854167
14297,944.537353515625
14298,895.2173461914062
14299,1947.451416015625
14300,658.069580078125
14301,839.176513671875
14302,1623.5753173828125
14303,905.2442830403646
14304,756.4851277669271
14305,1657.497802734375
14306,1046.7477620442708
14307,771.1246337890625
14308,1182.53955078125
14309,682.7285359700521
14310,384.83434041341144
14311,1549.5206298828125
14312,1546.8913167317708
14313,2276.1964518229165
14314,910.0098673502604
14315,1111.2367757161458
14316,1408.3142903645833
14317,733.712158203125
14318,537.2451578776041
14319,1161.938720703125
14320,1096.220947265625
14321,950.9769083658854
14322,1254.1418863932292
14323,1097.9052327473958
14324,777.7315877278646
14325,1237.2673746744792
14326,1377.7938232421875
14327,618.0775349934896
14328,834.4535522460938
14329,719.6386108398438
14330,1009.7488403320312
14331,672.3816731770834
14332,1235.1693115234375
14333,1002.9199625651041
14334,995.5960896809896
14335,1773.2641194661458
14336,678.7024739583334
14337,1045.053955078125
14338,814.4699503580729
14339,953.1562906901041
14340,1087.8424479166667
14341,1112.5771077473958
14342,961.1168619791666
14343,683.9937947591146
14344,2057.5958658854165
14345,1463.7077229817708
14346,1219.1807861328125
14347,1733.9813232421875
14348,678.7296752929688
14349,1050.1110026041667
14350,975.3185221354166
14351,1653.1666666666667
14352,945.2345377604166
14353,638.1338297526041
14354,1339.6659342447917
14355,868.2350667317709
14356,453.9769999186198
14357,1919.4901529947917
14358,1304.49853515625
14359,727.3841349283854
14360,687.5054524739584
14361,883.1024983723959
14362,1512.5789794921875
14363,731.7688395182291
14364,872.0272420247396
14365,649.2089640299479
14366,948.8336181640625
14367,765.3253580729166
14368,1492.7720947265625
14369,703.3509724934896
14370,812.9735921223959
14371,555.0921630859375
14372,998.6615804036459
14373,973.5383707682291
14374,875.6918741861979
14375,452.54578653971356
14376,1168.3066813151042
14377,685.3059285481771
14378,795.9738362630209
14379,726.4937744140625
14380,636.8182576497396
14381,1130.3773193359375
14382,1028.0025634765625
14383,749.9142049153646
14384,875.91455078125
14385,1455.7679850260417
14386,1282.6811116536458
14387,1263.7443440755208
14388,1159.5035400390625
14389,1073.5851643880208
14390,591.9750773111979
14391,628.4254964192709
14392,2175.2272135416665
14393,641.6895141601562
14394,672.4603474934896
14395,622.2930908203125
14396,1291.7917073567708
14397,1360.8920084635417
14398,836.40576171875
14399,1043.6534830729167
14400,673.2784016927084
14401,774.1313273111979
14402,554.6856079101562
14403,1099.4543050130208
14404,1574.7038981119792
14405,959.9332275390625
14406,935.4785766601562
14407,821.1692708333334
14408,649.691650390625
14409,768.7322591145834
14410,740.8642171223959
14411,1091.4913736979167
14412,1440.972412109375
14413,836.2454630533854
14414,1631.8258463541667
14415,688.6190795898438
14416,1537.3865966796875
14417,3745.793212890625
14418,1018.0050048828125
14419,1257.3899739583333
14420,714.5447794596354
14421,1129.4788004557292
14422,973.3079223632812
14423,1518.2100830078125
14424,1434.2735595703125
14425,755.06689453125
14426,1016.0219523111979
14427,1292.0840250651042
14428,1423.3987630208333
14429,2645.489501953125
14430,614.3939208984375
14431,581.5371500651041
14432,815.4878946940104
14433,1274.8403727213542
14434,1332.7428385416667
14435,1304.2720133463542
14436,595.6064249674479
14437,648.6990966796875
14438,915.9127807617188
14439,589.1490071614584
14440,1574.7137044270833
14441,664.2162882486979
14442,862.5187377929688
14443,2144.79248046875
14444,754.8311767578125
14445,3436.9370930989585
14446,670.0329182942709
14447,840.072021484375
14448,1405.4724934895833
14449,1406.078857421875
14450,1077.0946044921875
14451,1598.4985758463542
14452,341.7522379557292
14453,739.9983520507812
14454,885.6665242513021
14455,1201.441162109375
14456,793.5234985351562
14457,1160.0121663411458
14458,1497.7881266276042
14459,749.4782104492188
14460,1873.83056640625
14461,389.49371337890625
14462,1040.7033284505208
14463,1534.7775065104167
14464,1016.6763305664062
14465,1512.262451171875
14466,1229.9081624348958
14467,1027.8444010416667
14468,815.8601277669271
14469,1274.0620930989583
14470,993.4219970703125
14471,1753.5901285807292
14472,476.6920166015625
14473,915.3086547851562
14474,1613.5415445963542
14475,1226.8778076171875
14476,3627.2633463541665
14477,660.34619140625
14478,1149.849609375
14479,1663.1069742838542
14480,835.1856689453125
14481,1309.5404866536458
14482,481.60071818033856
14483,1116.8603108723958
14484,975.0102132161459
14485,1481.3004150390625
14486,560.60693359375
14487,1478.4563802083333
14488,666.9824829101562
14489,1236.7627766927083
14490,862.2037353515625
14491,841.5183715820312
14492,1291.2928059895833
14493,1574.4105631510417
14494,1539.9769694010417
14495,648.0318400065104
14496,2598.2483723958335
14497,4229.546061197917
14498,973.3692830403646
14499,530.7498982747396
14500,1198.9792887369792
14501,534.2513020833334
14502,710.0167846679688
14503,1578.3382975260417
14504,718.0250040690104
14505,897.7470499674479
14506,1309.2220865885417
14507,625.7061971028646
14508,657.0921020507812
14509,1192.074951171875
14510,1747.4193115234375
14511,1743.4058837890625
14512,1659.8012288411458
14513,1252.9144287109375
14514,1277.9722900390625
14515,1197.4129231770833
14516,1457.1366373697917
14517,12079.740885416666
14518,1288.0434977213542
14519,939.0903523763021
14520,785.5320638020834
14521,450.8616231282552
14522,851.5822143554688
14523,798.1521809895834
14524,948.3989664713541
14525,832.43310546875
14526,1312.9213460286458
14527,742.2918701171875
14528,1601.7237141927083
14529,1725.2557373046875
14530,620.7786865234375
14531,1236.4872639973958
14532,2704.4203287760415
14533,609.8042805989584
14534,534.8538818359375
14535,537.4275512695312
14536,811.1135457356771
14537,1003.2133382161459
14538,1312.8330485026042
14539,1074.1043294270833
14540,684.1424763997396
14541,1125.5740559895833
14542,751.3838704427084
14543,464.1713053385417
14544,1240.6072184244792
14545,1928.1624348958333
14546,723.1480509440104
14547,1293.1542561848958
14548,503.44579060872394
14549,528.3282877604166
14550,947.9975382486979
14551,828.9258829752604
14552,739.5156453450521
14553,2241.8299967447915
14554,1094.6739908854167
14555,793.5159098307291
14556,915.8050537109375
14557,591.8336385091146
14558,1082.1848958333333
14559,1077.7418619791667
14560,1398.4792887369792
14561,1080.3262532552083
14562,1835.1079915364583
14563,341.7034912109375
14564,666.7285766601562
14565,1675.5188395182292
14566,560.6590372721354
14567,1642.3146565755208
14568,1698.6697591145833
14569,719.6126912434896
14570,1880.6654866536458
14571,612.0534261067709
14572,1103.8581136067708
14573,1624.8904622395833
14574,929.8126424153646
14575,619.7994588216146
14576,693.0066528320312
14577,1320.9202473958333
14578,1199.812255859375
14579,1912.86181640625
14580,1075.63916015625
14581,1003.6841634114584
14582,1436.7764892578125
14583,539.5668538411459
14584,690.7237141927084
14585,758.1656494140625
14586,1096.6753743489583
14587,685.0870768229166
14588,1662.3673095703125
14589,700.4778035481771
14590,1189.7264811197917
14591,1386.6242268880208
14592,11936.715494791666
14593,677.5079549153646
14594,929.4324544270834
14595,1524.2785237630208
14596,1243.4256998697917
14597,819.0289103190104
14598,669.1557820638021
14599,584.9522908528646
14600,620.9196166992188
14601,860.3489583333334
14602,1573.0048421223958
14603,822.7055053710938
14604,662.0680541992188
14605,741.3993326822916
14606,563.6385294596354
14607,799.4687093098959
14608,1393.9817708333333
14609,887.7363484700521
14610,707.7129720052084
14611,1538.2721761067708
14612,1289.141357421875
14613,1626.6717122395833
14614,1162.6903889973958
14615,1666.2196451822917
14616,2034.5806884765625
14617,700.9607137044271
14618,928.6657307942709
14619,949.3148396809896
14620,1108.4527994791667
14621,1000.3843383789062
14622,1025.6872151692708
14623,931.7452596028646
14624,778.4351196289062
14625,929.1413777669271
14626,1683.4730631510417
14627,1205.1676025390625
14628,1802.6893717447917
14629,1072.6054280598958
14630,1068.1802164713542
14631,1683.7235514322917
14632,2081.1656901041665
14633,897.93603515625
14634,684.8570149739584
14635,453.5885416666667
14636,697.692626953125
14637,1006.8913167317709
14638,847.3666585286459
14639,1155.4856770833333
14640,988.4059448242188
14641,1018.2030029296875
14642,1232.4186197916667
14643,494.58437093098956
14644,1190.6073404947917
14645,901.9237670898438
14646,611.1640218098959
14647,847.1713053385416
14648,749.1272583007812
14649,1709.8660074869792
14650,984.51611328125
14651,976.4646809895834
14652,1165.9999186197917
14653,1237.2916259765625
14654,1890.6048583984375
14655,763.1759236653646
14656,943.3501993815104
14657,1331.1899820963542
14658,1433.6396891276042
14659,1278.9057210286458
14660,2723.3436686197915
14661,930.95361328125
14662,545.6349894205729
14663,609.1882731119791
14664,1602.1770833333333
14665,1270.3709309895833
14666,1259.8118896484375
14667,1254.7025146484375
14668,1285.1982828776042
14669,622.4985148111979
14670,887.7353515625
14671,2068.3551432291665
14672,2078.9114583333335
14673,665.4964192708334
14674,1166.7228597005208
14675,2036.0665283203125
14676,1144.58251953125
14677,1230.8094075520833
14678,980.0042724609375
14679,1003.9294840494791
14680,828.9152628580729
14681,1073.5561116536458
14682,478.04905192057294
14683,822.3048706054688
14684,790.2374471028646
14685,1349.15380859375
14686,507.45960489908856
14687,1057.6658935546875
14688,1214.5148111979167
14689,1285.5783284505208
14690,1020.0427042643229
14691,2679.510498046875
14692,1219.812255859375
14693,768.5765991210938
14694,813.0671997070312
14695,592.6488240559896
14696,1066.9416910807292
14697,722.9586385091146
14698,1604.1586100260417
14699,1306.9997151692708
14700,1812.7513427734375
14701,506.0530700683594
14702,667.19580078125
14703,876.1433308919271
14704,640.6939697265625
14705,1814.6916097005208
14706,597.2071126302084
14707,1040.8589680989583
14708,852.4732869466146
14709,616.3780517578125
14710,976.5571492513021
14711,2367.2763671875
14712,1015.1120808919271
14713,2002.3576253255208
14714,903.4510904947916
14715,2038.8290201822917
14716,930.2345784505209
14717,496.16712443033856
14718,1707.5747477213542
14719,661.6724243164062
14720,737.4917195638021
14721,832.0192667643229
14722,748.6251627604166
14723,856.7388712565104
14724,530.1365763346354
14725,1083.7827962239583
14726,696.1722819010416
14727,1278.863525390625
14728,1562.0340169270833
14729,975.58203125
14730,720.2941284179688
14731,1077.3375244140625
14732,753.9180297851562
14733,1848.1500244140625
14734,1930.0060221354167
14735,754.9844767252604
14736,2022.5706380208333
14737,1502.2204182942708
14738,827.4204915364584
14739,1317.7306315104167
14740,1241.0474446614583
14741,2224.6800130208335
14742,552.0615030924479
14743,875.6621907552084
14744,2991.5255533854165
14745,696.6515706380209
14746,720.4239705403646
14747,775.2393798828125
14748,1474.3620198567708
14749,1076.7166341145833
14750,486.90590413411456
14751,878.3022867838541
14752,1480.479736328125
14753,1922.2010091145833
14754,1634.8757731119792
14755,941.7452799479166
14756,2395.5054524739585
14757,1148.5878499348958
14758,1093.037841796875
14759,971.846923828125
14760,1535.4460042317708
14761,492.93475341796875
14762,435.5101826985677
14763,1109.4592692057292
14764,916.1398111979166
14765,834.2616577148438
14766,906.6561686197916
14767,1283.0539143880208
14768,634.3550415039062
14769,773.748046875
14770,1083.8240559895833
14771,610.0091145833334
14772,700.5086466471354
14773,1782.480712890625
14774,914.740478515625
14775,612.8805745442709
14776,756.310302734375
14777,492.7631123860677
14778,348.5930480957031
14779,1972.9436442057292
14780,2171.5482584635415
14781,1197.6195068359375
14782,821.2074178059896
14783,1058.1168619791667
14784,547.1374104817709
14785,1236.3709716796875
14786,746.0968017578125
14787,545.3434041341146
14788,2364.4561360677085
14789,1073.7879231770833
14790,743.6685384114584
14791,1690.6514078776042
14792,687.6100056966146
14793,804.2190755208334
14794,730.2513224283854
14795,1819.7314453125
14796,624.6531778971354
14797,594.030517578125
14798,482.3880920410156
14799,726.6205240885416
14800,406.1731669108073
14801,752.8312174479166
14802,714.2457478841146
14803,584.4159138997396
14804,487.2653503417969
14805,684.3183797200521
14806,584.8944702148438
14807,919.2838745117188
14808,388.65277099609375
14809,1111.1040445963542
14810,1499.6873372395833
14811,1362.1109619140625
14812,2616.580078125
14813,901.9876912434896
14814,728.9046427408854
14815,1024.9131876627605
14816,593.7038167317709
14817,2320.5918782552085
14818,2008.5668131510417
14819,1363.1022542317708
14820,3187.155029296875
14821,746.7807413736979
14822,1100.8762613932292
14823,1383.9308675130208
14824,673.5998128255209
14825,1078.5808919270833
14826,546.682373046875
14827,891.9459838867188
14828,943.5640869140625
14829,986.5288289388021
14830,508.7561340332031
14831,678.806396484375
14832,741.2581990559896
14833,473.763916015625
14834,1629.66455078125
14835,752.5756429036459
14836,520.3736775716146
14837,1338.3251546223958
14838,592.8235270182291
14839,781.3969523111979
14840,603.5035400390625
14841,865.6413777669271
14842,1060.615234375
14843,1089.4191080729167
14844,2198.8909505208335
14845,792.9848836263021
14846,475.1704813639323
14847,1056.9063313802083
14848,2152.43701171875
14849,4766.092447916667
14850,959.9440511067709
14851,1967.5174560546875
14852,1235.8527018229167
14853,753.1552530924479
14854,653.8973388671875
14855,1479.0673828125
14856,1237.5
14857,1385.4091796875
14858,528.8080851236979
14859,763.2819620768229
14860,2465.751953125
14861,667.8080851236979
14862,632.8019409179688
14863,801.1757405598959
14864,494.05108642578125
14865,892.2164713541666
14866,646.0142822265625
14867,795.9707234700521
14868,908.7958577473959
14869,950.5757649739584
14870,636.5310465494791
14871,1860.4593098958333
14872,1441.5052490234375
14873,1009.134033203125
14874,2157.77978515625
14875,742.6653238932291
14876,468.06040445963544
14877,1222.3033040364583
14878,984.7915242513021
14879,701.3717651367188
14880,755.0569661458334
14881,1865.949462890625
14882,1854.6405436197917
14883,507.36757405598956
14884,756.4138793945312
14885,2232.755859375
14886,1666.4815266927083
14887,998.4301554361979
14888,609.8989054361979
14889,846.7981567382812
14890,1071.2479654947917
14891,1330.8931884765625
14892,863.3522338867188
14893,1260.3189697265625
14894,3767.2271321614585
14895,871.2586669921875
14896,1062.8966064453125
14897,806.7091674804688
14898,979.2268473307291
14899,702.862548828125
14900,1198.2084554036458
14901,626.8896280924479
14902,498.1069844563802
14903,1859.8209228515625
14904,536.7730305989584
14905,1238.758544921875
14906,786.0263468424479
14907,321.9591878255208
14908,1603.9585774739583
14909,1230.9598388671875
14910,831.3899739583334
14911,11780.762369791666
14912,573.90087890625
14913,535.7662556966146
14914,2329.4309895833335
14915,1710.0341389973958
14916,854.9320678710938
14917,438.20745849609375
14918,548.0489501953125
14919,752.8350830078125
14920,920.4167887369791
14921,1252.9970296223958
14922,1004.9873250325521
14923,594.4047444661459
14924,1205.1806233723958
14925,810.0848999023438
14926,2021.8001302083333
14927,3550.7539876302085
14928,458.6907450358073
14929,585.8355916341146
14930,639.8351643880209
14931,671.4665934244791
14932,854.3969319661459
14933,944.9302571614584
14934,392.551025390625
14935,728.2167561848959
14936,1478.8602701822917
14937,1388.6915690104167
14938,1443.9764404296875
14939,899.5917765299479
14940,553.6441040039062
14941,1355.578857421875
14942,1296.8150634765625
14943,698.9574381510416
14944,876.1680908203125
14945,535.6482543945312
14946,819.051025390625
14947,1796.7200113932292
14948,961.3830362955729
14949,865.7086385091146
14950,614.5335896809896
14951,1414.4673258463542
14952,2676.6228841145835
14953,488.32611083984375
14954,1118.2204182942708
14955,795.3555501302084
14956,1144.8561604817708
14957,752.1468098958334
14958,748.5909830729166
14959,1129.5871988932292
14960,2051.7391764322915
14961,875.702880859375
14962,624.9556070963541
14963,1634.8961588541667
14964,999.4887084960938
14965,1035.1663818359375
14966,364.9266866048177
14967,690.0570882161459
14968,845.2109375
14969,1749.6395670572917
14970,1901.4808756510417
14971,415.04857381184894
14972,1621.56298828125
14973,946.4322509765625
14974,2226.2594401041665
14975,812.1219482421875
14976,1635.2905680338542
14977,778.2052612304688
14978,2238.8351236979165
14979,2672.5308430989585
14980,1206.6248372395833
14981,1104.286376953125
14982,1164.1923014322917
14983,1647.491455078125
14984,549.8721110026041
14985,747.4873250325521
14986,1446.5679524739583
14987,740.4151611328125
14988,1858.9678141276042
14989,562.8723551432291
14990,812.1516927083334
14991,784.0453491210938
14992,1368.5465087890625
14993,985.3172200520834
14994,960.5890502929688
14995,1278.6308186848958
14996,1554.2974039713542
14997,786.9332885742188
14998,2495.3832194010415
14999,1279.4463704427083
15000,908.5193074544271
15001,881.1894938151041
15002,1094.7828776041667
15003,1191.4671630859375
15004,2443.5633951822915
15005,1802.0674235026042
15006,756.6863810221354
15007,513.5680338541666
15008,663.1058959960938
15009,451.6883850097656
15010,1327.321533203125
15011,811.4852498372396
15012,1757.4036865234375
15013,2273.5659993489585
15014,731.9360758463541
15015,889.3288777669271
15016,736.5116780598959
15017,1058.1210123697917
15018,577.7165934244791
15019,2144.1704915364585
15020,900.30322265625
15021,1499.0192057291667
15022,836.5937906901041
15023,919.4087727864584
15024,465.7563781738281
15025,654.5443115234375
15026,580.3607788085938
15027,795.4644368489584
15028,1361.3981526692708
15029,1089.8784586588542
15030,544.5540974934896
15031,3823.965576171875
15032,571.6457722981771
15033,880.7927042643229
15034,1615.0155436197917
15035,1415.957763671875
15036,1572.3661295572917
15037,1258.8717854817708
15038,1368.8290201822917
15039,702.0110677083334
15040,523.9903971354166
15041,871.4351196289062
15042,1374.7120768229167
15043,1184.572998046875
15044,925.1046752929688
15045,1368.6995035807292
15046,761.6089884440104
15047,2434.7568359375
15048,499.4823811848958
15049,1236.4864095052083
15050,737.7422078450521
15051,532.7726236979166
15052,1188.8931477864583
15053,1557.2267659505208
15054,2123.3441569010415
15055,938.8572794596354
15056,1284.6067301432292
15057,1349.6839192708333
15058,1000.8291422526041
15059,1092.7843831380208
15060,2035.1190999348958
15061,1126.1123046875
15062,936.7968546549479
15063,515.1258138020834
15064,981.4489135742188
15065,663.1460774739584
15066,1063.1153971354167
15067,832.6285400390625
15068,753.0535074869791
15069,1223.92431640625
15070,431.1979268391927
15071,2237.0340169270835
15072,1083.3390299479167
15073,1117.5166422526042
15074,908.9933268229166
15075,1482.3065592447917
15076,874.6100056966146
15077,1080.8880208333333
15078,702.6512044270834
15079,695.6946004231771
15080,891.7147623697916
15081,485.8677571614583
15082,421.5770263671875
15083,1181.5288492838542
15084,837.7394816080729
15085,799.9869588216146
15086,1968.0441487630208
15087,2236.952392578125
15088,987.37353515625
15089,1563.9129231770833
15090,1174.3380533854167
15091,2135.0773111979165
15092,793.5431518554688
15093,630.1548258463541
15094,500.5361836751302
15095,428.6763916015625
15096,2832.974853515625
15097,659.4298909505209
15098,934.4840494791666
15099,668.5076700846354
15100,1162.4716796875
15101,1163.6622314453125
15102,1253.6915283203125
15103,516.6961059570312
15104,527.9947509765625
15105,2160.44921875
15106,598.4668986002604
15107,1389.0563557942708
15108,1141.6541341145833
15109,1175.1166178385417
15110,1061.4352213541667
15111,1066.7987874348958
15112,1208.6647135416667
15113,2580.4736328125
15114,432.44530232747394
15115,2519.750244140625
15116,918.0250854492188
15117,1601.9251302083333
15118,898.5836385091146
15119,963.3780314127604
15120,658.3235473632812
15121,583.0328979492188
15122,832.2212931315104
15123,754.0536295572916
15124,2041.4034830729167
15125,642.8801676432291
15126,1055.3790283203125
15127,489.4100036621094
15128,889.6582234700521
15129,701.3972574869791
15130,717.5968627929688
15131,1252.7012125651042
15132,488.67186482747394
15133,1531.8112386067708
15134,639.4555867513021
15135,765.5172729492188
15136,1949.2999674479167
15137,2247.0620930989585
15138,761.5914713541666
15139,696.2537841796875
15140,1503.9235432942708
15141,729.0232543945312
15142,2086.9794921875
15143,3542.611083984375
15144,1406.1672770182292
15145,1662.8269856770833
15146,578.100341796875
15147,1239.9583740234375
15148,931.9364827473959
15149,588.3865763346354
15150,617.2745971679688
15151,730.3387247721354
15152,1609.2305094401042
15153,829.25537109375
15154,838.5100911458334
15155,1065.3581136067708
15156,759.1353963216146
15157,1922.5301920572917
15158,954.8558349609375
15159,593.7868448893229
15160,1024.3479410807292
15161,1591.52294921875
15162,572.7126057942709
15163,1153.9279378255208
15164,836.9974161783854
15165,945.7540893554688
15166,889.2573649088541
15167,711.6742146809896
15168,1348.8878173828125
15169,864.3491821289062
15170,627.1767578125
15171,1567.2207845052083
15172,793.7921142578125
15173,415.4580383300781
15174,888.0034993489584
15175,1175.3770345052083
15176,1242.1080729166667
15177,2421.2149251302085
15178,1779.4154052734375
15179,1718.2845052083333
15180,848.0550944010416
15181,1014.5886433919271
15182,2083.802734375
15183,718.3237101236979
15184,1396.1850992838542
15185,918.75146484375
15186,1941.2745768229167
15187,763.4126586914062
15188,785.7244873046875
15189,708.6439208984375
15190,1017.0298258463541
15191,623.6363525390625
15192,965.9958902994791
15193,1733.275390625
15194,960.6640014648438
15195,654.2213948567709
15196,816.8076985677084
15197,2946.1719563802085
15198,991.8817749023438
15199,730.6825764973959
15200,916.5815633138021
15201,796.3168131510416
15202,894.5360717773438
15203,646.9922281901041
15204,1567.2994791666667
15205,954.7371826171875
15206,715.04833984375
15207,719.2800699869791
15208,1001.0458374023438
15209,1205.4030354817708
15210,2163.7793782552085
15211,1023.5011800130209
15212,606.854248046875
15213,876.8771158854166
15214,959.2885131835938
15215,827.2546997070312
15216,830.8339233398438
15217,1006.0528157552084
15218,797.0222981770834
15219,510.98765055338544
15220,956.5332641601562
15221,566.8452555338541
15222,3373.6836751302085
15223,911.2552693684896
15224,866.3506469726562
15225,1629.70458984375
15226,604.8238321940104
15227,992.3077392578125
15228,1209.1248779296875
15229,1776.2018636067708
15230,2382.7452799479165
15231,874.086669921875
15232,1202.7720133463542
15233,906.9572347005209
15234,1362.5598958333333
15235,858.7944132486979
15236,628.9969482421875
15237,678.4153442382812
15238,476.70082600911456
15239,925.6094156901041
15240,1125.2946370442708
15241,1486.8243408203125
15242,761.830810546875
15243,646.6113891601562
15244,1610.3733723958333
15245,436.6528015136719
15246,797.6759236653646
15247,711.2723185221354
15248,1256.6376953125
15249,896.3890380859375
15250,1012.0734252929688
15251,1037.0826416015625
15252,719.7580362955729
15253,861.8039347330729
15254,1375.8061930338542
15255,1460.3959147135417
15256,529.4220784505209
15257,1582.4152425130208
15258,718.2727457682291
15259,1322.82080078125
15260,898.5982666015625
15261,431.4834391276042
15262,1493.3150227864583
15263,1061.4527587890625
15264,1150.3360595703125
15265,1002.0209147135416
15266,542.5184326171875
15267,1160.9332275390625
15268,613.7083943684896
15269,1399.3020426432292
15270,598.8341674804688
15271,568.9188639322916
15272,1448.61962890625
15273,834.2803548177084
15274,548.5851236979166
15275,719.5401814778646
15276,1377.91796875
15277,1002.6963094075521
15278,528.5344441731771
15279,1098.8861897786458
15280,1006.3754069010416
15281,1403.9898681640625
15282,1511.8378499348958
15283,474.92186482747394
15284,1015.5408935546875
15285,902.451416015625
15286,717.3810424804688
15287,1009.9356486002604
15288,829.8362019856771
15289,638.2727457682291
15290,1086.8219807942708
15291,496.9002380371094
15292,1819.7974039713542
15293,869.3023885091146
15294,869.7113240559896
15295,877.0405069986979
15296,1227.5425618489583
15297,1156.5146484375
15298,827.6001383463541
15299,1928.8032633463542
15300,512.1236673990885
15301,1776.8575439453125
15302,998.8817545572916
15303,995.7730102539062
15304,1469.7285970052083
15305,1065.0959879557292
15306,940.3480428059896
15307,1043.884033203125
15308,1031.3960367838542
15309,1076.2018229166667
15310,1322.8082682291667
15311,877.3955078125
15312,1112.5101318359375
15313,1114.7611083984375
15314,1134.0634358723958
15315,743.2899983723959
15316,981.8857828776041
15317,1008.0983276367188
15318,1019.8789469401041
15319,823.9914957682291
15320,897.5838419596354
15321,812.9974975585938
15322,1256.4939371744792
15323,753.126708984375
15324,709.2420043945312
15325,938.0568440755209
15326,3221.7298177083335
15327,1415.6070556640625
15328,597.7488810221354
15329,669.3518676757812
15330,713.2012532552084
15331,961.2923177083334
15332,1413.1794840494792
15333,784.1919759114584
15334,842.9810994466146
15335,666.78466796875
15336,515.1824137369791
15337,1001.0191446940104
15338,1266.2849934895833
15339,649.2575276692709
15340,750.3711344401041
15341,745.1080729166666
15342,1887.192626953125
15343,779.3898722330729
15344,375.2324523925781
15345,838.5738118489584
15346,687.6904703776041
15347,822.1034749348959
15348,662.9873657226562
15349,765.2425740559896
15350,662.4785970052084
15351,1598.0461832682292
15352,1686.8016764322917
15353,483.01340738932294
15354,1084.6075032552083
15355,1059.5585123697917
15356,653.4722086588541
15357,3715.459716796875
15358,995.0657755533854
15359,518.8817952473959
15360,652.694580078125
15361,486.6799011230469
15362,1188.2413330078125
15363,579.7377319335938
15364,1857.2278238932292
15365,430.4574279785156
15366,1105.6204020182292
15367,1382.9435221354167
15368,1176.1373291015625
15369,1182.8564453125
15370,1236.2484537760417
15371,1680.8774820963542
15372,630.4243977864584
15373,839.7283325195312
15374,823.7183227539062
15375,1435.5069173177083
15376,891.3625284830729
15377,3021.30322265625
15378,573.0989786783854
15379,750.9264322916666
15380,1194.1941731770833
15381,986.8633015950521
15382,1646.9924723307292
15383,1338.6244710286458
15384,877.223876953125
15385,797.7984008789062
15386,1500.3117268880208
15387,1236.0970052083333
15388,936.5526936848959
15389,1059.6738688151042
15390,3505.5894368489585
15391,1043.0535481770833
15392,1570.4068603515625
15393,640.0935872395834
15394,594.3106282552084
15395,1583.3751627604167
15396,830.7351888020834
15397,698.5162353515625
15398,1206.1100667317708
15399,1090.5445963541667
15400,810.4120686848959
15401,1023.9391682942709
15402,734.1165771484375
15403,606.5931803385416
15404,2345.7288411458335
15405,552.5215861002604
15406,847.5049845377604
15407,1543.290283203125
15408,2062.8460286458335
15409,897.0196329752604
15410,926.1110432942709
15411,956.9204915364584
15412,978.6611328125
15413,984.2068277994791
15414,966.6443481445312
15415,2343.9490559895835
15416,1001.4577026367188
15417,2219.3199055989585
15418,1395.0091552734375
15419,859.9043986002604
15420,1307.5602213541667
15421,676.3011271158854
15422,2494.4222819010415
15423,699.9909871419271
15424,787.4495035807291
15425,1733.8738199869792
15426,729.9274088541666
15427,1261.3427327473958
15428,813.7293497721354
15429,1430.1289876302083
15430,628.6478678385416
15431,482.58446248372394
15432,1571.6561279296875
15433,1671.758056640625
15434,1235.3767903645833
15435,1392.8359781901042
15436,877.5676472981771
15437,2013.1658935546875
15438,905.7519734700521
15439,783.2919514973959
15440,997.1645711263021
15441,1059.7816569010417
15442,636.3835856119791
15443,1753.6619466145833
15444,522.0340983072916
15445,1640.6797281901042
15446,738.7777913411459
15447,1141.5234781901042
15448,690.9532674153646
15449,1496.1424153645833
15450,1242.6698404947917
15451,1299.8441162109375
15452,776.4416097005209
15453,1408.6680501302083
15454,1089.6523030598958
15455,1013.8511352539062
15456,1258.9776611328125
15457,1191.4193115234375
15458,1003.3810831705729
15459,690.4155476888021
15460,928.5863647460938
15461,2137.0764973958335
15462,1813.5997721354167
15463,725.1328735351562
15464,1234.1326497395833
15465,736.5675862630209
15466,424.74622599283856
15467,1037.0364176432292
15468,2703.7991536458335
15469,1969.8154296875
15470,2164.4689127604165
15471,731.8048706054688
15472,1839.5089925130208
15473,1338.068115234375
15474,802.5955607096354
15475,696.5942789713541
15476,1362.9791259765625
15477,917.8542887369791
15478,1025.5598958333333
15479,2850.4678548177085
15480,709.4374186197916
15481,566.9700724283854
15482,1569.953369140625
15483,1090.9851481119792
15484,2248.9845377604165
15485,1359.2986246744792
15486,2371.16943359375
15487,854.4668172200521
15488,831.5711059570312
15489,1194.6578776041667
15490,1141.3809814453125
15491,506.6991882324219
15492,1538.399169921875
15493,2287.8534342447915
15494,749.0077514648438
15495,1057.6616617838542
15496,906.5696207682291
15497,1563.6534830729167
15498,5630.15966796875
15499,1228.189208984375
15500,1153.7474365234375
15501,627.7665405273438
15502,739.5300699869791
15503,834.5692342122396
15504,766.8547770182291
15505,2216.1835123697915
15506,501.39276123046875
15507,1102.5452067057292
15508,444.5063171386719
15509,873.4093424479166
15510,661.2134195963541
15511,1230.1841227213542
15512,468.9327901204427
15513,609.6901041666666
15514,979.1962280273438
15515,1633.9827473958333
15516,610.9547932942709
15517,485.1971028645833
15518,661.6905924479166
15519,1600.3816324869792
15520,1159.1299235026042
15521,1694.31494140625
15522,519.7920939127604
15523,3585.6128743489585
15524,1637.6803792317708
15525,1958.0616861979167
15526,1237.2099202473958
15527,1814.3292236328125
15528,1085.6842854817708
15529,578.9034220377604
15530,782.2105712890625
15531,1070.2134195963542
15532,578.1484171549479
15533,1280.0688883463542
15534,1209.0231119791667
15535,628.5099690755209
15536,1098.3545328776042
15537,3261.93798828125
15538,1643.5135904947917
15539,826.7962849934896
15540,1351.4234212239583
15541,945.3148396809896
15542,700.6023152669271
15543,12137.4677734375
15544,485.2456359863281
15545,1141.4767252604167
15546,3014.892333984375
15547,493.2273661295573
15548,798.1259765625
15549,2411.6519368489585
15550,649.7925211588541
15551,585.5689290364584
15552,1156.1964518229167
15553,836.6416219075521
15554,1127.1144205729167
15555,1517.4230550130208
15556,1868.1576334635417
15557,646.4450073242188
15558,1427.4302978515625
15559,1502.3683675130208
15560,1046.3248697916667
15561,671.2043253580729
15562,1620.1724853515625
15563,1285.5495198567708
15564,468.1361389160156
15565,986.1447550455729
15566,3648.0851236979165
15567,574.7093098958334
15568,555.0941162109375
15569,681.9171142578125
15570,1241.4318440755208
15571,1443.2919108072917
15572,504.7991434733073
15573,590.0137736002604
15574,2156.5066731770835
15575,840.0399576822916
15576,495.10460408528644
15577,1699.7394205729167
15578,799.3633219401041
15579,701.4713338216146
15580,1603.8975830078125
15581,1012.9960123697916
15582,1075.203857421875
15583,861.8509114583334
15584,1536.8137613932292
15585,2771.8392740885415
15586,1148.3978678385417
15587,884.1985677083334
15588,1008.4666951497396
15589,1137.8917236328125
15590,699.2942301432291
15591,1072.7542317708333
15592,629.8930460611979
15593,887.2081705729166
15594,1035.5130615234375
15595,995.8606770833334
15596,1501.822021484375
15597,554.2163899739584
15598,1040.4377848307292
15599,1111.6551513671875
15600,2402.6815592447915
15601,603.7228800455729
15602,1005.7589925130209
15603,575.6495157877604
15604,903.7800903320312
15605,500.7840270996094
15606,576.6531575520834
15607,1719.3569742838542
15608,951.1911824544271
15609,811.3366902669271
15610,1362.6651204427083
15611,1340.4250081380208
15612,1342.7376302083333
15613,1292.7449951171875
15614,2962.9000651041665
15615,790.7278035481771
15616,554.9141845703125
15617,456.0669657389323
15618,971.8665771484375
15619,1128.3754475911458
15620,500.2488199869792
15621,767.7971394856771
15622,547.2054646809896
15623,1193.36572265625
15624,1500.448974609375
15625,860.2599283854166
15626,907.4726359049479
15627,818.1042887369791
15628,2546.9498697916665
15629,1658.6766357421875
15630,1023.5603637695312
15631,1144.0177815755208
15632,849.5208943684896
15633,1209.9615885416667
15634,1030.1518961588542
15635,459.8896077473958
15636,2639.8173828125
15637,837.3868204752604
15638,871.2991129557291
15639,848.1750691731771
15640,528.9429728190104
15641,3621.6502278645835
15642,1012.7144368489584
15643,1128.8860270182292
15644,1298.7612711588542
15645,1267.8500162760417
15646,841.6669108072916
15647,1108.0394694010417
15648,2194.8347981770835
15649,1209.7388102213542
15650,1802.8143717447917
15651,752.9535319010416
15652,1052.6688232421875
15653,1141.8844807942708
15654,904.1520182291666
15655,708.8011678059896
15656,1961.5198160807292
15657,805.6664835611979
15658,988.2131144205729
15659,889.9892374674479
15660,1359.1084798177083
15661,1235.5406901041667
15662,1038.7789713541667
15663,1421.1548258463542
15664,1119.521728515625
15665,667.6269938151041
15666,1592.6930338541667
15667,769.5551961263021
15668,966.5340169270834
15669,551.9680582682291
15670,1610.6712239583333
15671,810.0597534179688
15672,833.0977376302084
15673,402.26731363932294
15674,819.3194173177084
15675,790.8009643554688
15676,864.2924397786459
15677,849.1567789713541
15678,1163.5245768229167
15679,1258.5242919921875
15680,719.1784871419271
15681,1122.2002360026042
15682,496.61643473307294
15683,517.2512817382812
15684,1987.8570556640625
15685,1121.5257568359375
15686,711.0357259114584
15687,1223.7432047526042
15688,339.64385986328125
15689,616.6815388997396
15690,754.8846435546875
15691,1910.1181640625
15692,964.9892578125
15693,593.7367146809896
15694,710.1331787109375
15695,885.7025146484375
15696,1056.905029296875
15697,1019.8404541015625
15698,500.2507731119792
15699,615.7195638020834
15700,624.0450642903646
15701,500.68398030598956
15702,503.3340250651042
15703,887.3037312825521
15704,444.2848205566406
15705,1781.9242350260417
15706,975.6632283528646
15707,1019.414306640625
15708,975.5990193684896
15709,866.632568359375
15710,618.0262247721354
15711,727.435546875
15712,526.6906534830729
15713,3355.4412434895835
15714,1305.4967447916667
15715,449.85914103190106
15716,891.3197224934896
15717,1402.5907389322917
15718,934.5369262695312
15719,951.4761555989584
15720,960.5204671223959
15721,902.5651448567709
15722,623.9601440429688
15723,398.9498697916667
15724,718.0454915364584
15725,755.7904256184896
15726,1617.5511881510417
15727,1148.7453206380208
15728,1294.5005289713542
15729,1256.3644612630208
15730,814.9166259765625
15731,4260.75244140625
15732,902.7153523763021
15733,1046.0739339192708
15734,648.2707926432291
15735,748.5669555664062
15736,1072.3047688802083
15737,1265.7919514973958
15738,895.3150024414062
15739,1700.1303304036458
15740,3483.47705078125
15741,990.9207763671875
15742,997.0572306315104
15743,815.0192260742188
15744,872.0430094401041
15745,1072.9557291666667
15746,1847.2744954427083
15747,1107.2879231770833
15748,679.9225667317709
15749,1125.320068359375
15750,928.8075968424479
15751,854.4082845052084
15752,713.5894165039062
15753,804.3294881184896
15754,495.67148844401044
15755,3171.3575846354165
15756,630.9101969401041
15757,453.2628885904948
15758,703.7552286783854
15759,753.1534627278646
15760,2290.7080078125
15761,748.1535034179688
15762,779.8613484700521
15763,1144.4041341145833
15764,1380.2329915364583
15765,1249.7403157552083
15766,1309.5907796223958
15767,1011.149658203125
15768,933.9774373372396
15769,678.2668050130209
15770,541.9456380208334
15771,905.2254638671875
15772,1448.3397216796875
15773,2026.1014811197917
15774,1034.4366861979167
15775,1148.6151936848958
15776,1000.0970458984375
15777,1513.9857991536458
15778,1036.2934163411458
15779,978.1876831054688
15780,1000.8854573567709
15781,782.8653157552084
15782,952.3677978515625
15783,489.4234924316406
15784,993.3128865559896
15785,510.9399922688802
15786,903.3035278320312
15787,700.2515869140625
15788,399.449462890625
15789,585.553466796875
15790,4699.76318359375
15791,576.0020955403646
15792,614.3821207682291
15793,1288.7711181640625
15794,1427.8275146484375
15795,641.7978719075521
15796,657.9486083984375
15797,1072.5337320963542
15798,751.8540242513021
15799,2126.5253092447915
15800,1003.9821166992188
15801,1959.2333170572917
15802,671.8315836588541
15803,1301.40185546875
15804,3322.0413411458335
15805,695.5431315104166
15806,596.96533203125
15807,663.1703491210938
15808,1068.2132975260417
15809,510.3072916666667
15810,1192.4677734375
15811,854.939208984375
15812,898.1989949544271
15813,824.2744954427084
15814,1532.8685302734375
15815,459.0366617838542
15816,1515.1845296223958
15817,886.6368204752604
15818,862.8043416341146
15819,935.7264811197916
15820,929.4700520833334
15821,889.2551676432291
15822,570.0225830078125
15823,1536.4735921223958
15824,937.1993611653646
15825,1328.9053548177083
15826,870.2802937825521
15827,568.0064900716146
15828,1163.658935546875
15829,4072.3363444010415
15830,693.7885945638021
15831,3607.6468912760415
15832,668.9661865234375
15833,499.16717529296875
15834,1259.7610677083333
15835,2105.4970703125
15836,1236.5718587239583
15837,815.1424967447916
15838,866.0199788411459
15839,846.3565063476562
15840,702.2214762369791
15841,731.7833658854166
15842,994.2349243164062
15843,638.3111572265625
15844,436.95189412434894
15845,624.6990152994791
15846,442.84862263997394
15847,1922.751953125
15848,583.6006266276041
15849,651.4570109049479
15850,1124.6068115234375
15851,1158.4284261067708
15852,2070.0985514322915
15853,671.3135375976562
15854,4161.2841796875
15855,1641.9252115885417
15856,1243.4751790364583
15857,436.1178690592448
15858,783.2911376953125
15859,2424.1595865885415
15860,1582.4730224609375
15861,1257.3391520182292
15862,566.0662231445312
15863,686.0439860026041
15864,771.6972859700521
15865,1445.5010172526042
15866,1643.2862141927083
15867,1589.8894449869792
15868,1587.9381510416667
15869,664.8561197916666
15870,864.3050333658854
15871,558.2599487304688
15872,800.7560831705729
15873,2186.2611490885415
15874,1111.3235270182292
15875,874.6881103515625
15876,724.4331665039062
15877,505.8091328938802
15878,753.9604085286459
15879,864.5361735026041
15880,960.3733520507812
15881,513.2913208007812
15882,1020.0918579101562
15883,1051.4698079427083
15884,1393.4418131510417
15885,518.0677693684896
15886,623.8311971028646
15887,1006.9759318033854
15888,1401.8893229166667
15889,1167.26220703125
15890,1323.025146484375
15891,767.2506306966146
15892,1275.6630045572917
15893,2618.4852701822915
15894,907.2548217773438
15895,777.6590169270834
15896,827.4920247395834
15897,903.6856079101562
15898,495.41795857747394
15899,1012.1164143880209
15900,734.4067179361979
15901,572.0351969401041
15902,1561.2144775390625
15903,762.0356852213541
15904,566.7539876302084
15905,443.2662862141927
15906,608.4195353190104
15907,640.3162434895834
15908,660.9398600260416
15909,625.4490356445312
15910,571.6462809244791
15911,366.1440022786458
15912,1744.356689453125
15913,629.1608276367188
15914,1647.1992594401042
15915,2258.0469563802085
15916,1293.1930745442708
15917,2300.9234212239585
15918,1100.0025634765625
15919,13225.5185546875
15920,1111.4601643880208
15921,657.9491577148438
15922,905.9928792317709
15923,1065.79248046875
15924,689.7857869466146
15925,606.2440795898438
15926,1139.6883544921875
15927,475.4745381673177
15928,889.2532552083334
15929,455.4236246744792
15930,985.5068766276041
15931,719.7335408528646
15932,1096.6754964192708
15933,697.6299031575521
15934,547.9309285481771
15935,587.1475423177084
15936,537.7598266601562
15937,1175.6299641927083
15938,1549.2356363932292
15939,695.1989339192709
15940,1229.7828776041667
15941,846.6908365885416
15942,651.6187947591146
15943,544.4505411783854
15944,893.9126586914062
15945,979.1152954101562
15946,2070.203857421875
15947,1780.0744222005208
15948,3658.1761067708335
15949,2689.8338216145835
15950,857.5228474934896
15951,1351.0947265625
15952,1744.8578287760417
15953,1124.5830078125
15954,643.8223470052084
15955,1658.4772542317708
15956,1044.5251871744792
15957,1921.6765950520833
15958,1300.6381429036458
15959,1239.5666097005208
15960,991.277587890625
15961,919.9885660807291
15962,803.5730590820312
15963,571.1525268554688
15964,3138.269287109375
15965,938.8640340169271
15966,1460.8591715494792
15967,1744.9872639973958
15968,1452.8045247395833
15969,1924.7846272786458
15970,915.5199991861979
15971,685.246826171875
15972,1586.2813313802083
15973,1588.6954345703125
15974,1168.3319498697917
15975,1187.8326416015625
15976,3489.2364908854165
15977,858.1002604166666
15978,607.2550252278646
15979,1013.4253336588541
15980,728.7817179361979
15981,987.9731852213541
15982,1489.848388671875
15983,656.5777384440104
15984,706.136962890625
15985,2115.0771484375
15986,557.969970703125
15987,1398.190185546875
15988,2473.8885091145835
15989,618.6848754882812
15990,1188.4332275390625
15991,634.8974405924479
15992,1189.7513427734375
15993,1022.3341064453125
15994,839.1393432617188
15995,862.6702880859375
15996,1178.2386474609375
15997,574.2047119140625
15998,2271.9759114583335
15999,770.112060546875
16000,461.9918518066406
16001,673.6045125325521
16002,737.0858968098959
16003,755.6107584635416
16004,1509.2972819010417
16005,932.4988810221354
16006,633.2236938476562
16007,1371.7157389322917
16008,796.1825561523438
16009,664.2373250325521
16010,571.93310546875
16011,3114.80712890625
16012,698.4637858072916
16013,383.07945760091144
16014,650.4747924804688
16015,570.9615478515625
16016,1738.3340250651042
16017,2075.3367513020835
16018,756.9556274414062
16019,648.8673706054688
16020,635.1514078776041
16021,3528.3795572916665
16022,924.3768310546875
16023,1876.7333577473958
16024,536.3618977864584
16025,1718.9749348958333
16026,1042.8525390625
16027,1649.7051595052083
16028,662.1403605143229
16029,1568.1650797526042
16030,1547.3426513671875
16031,701.0948486328125
16032,483.1437276204427
16033,525.5075480143229
16034,489.50974527994794
16035,1295.628662109375
16036,996.9662272135416
16037,539.4967244466146
16038,688.1856282552084
16039,849.6884969075521
16040,1359.3118082682292
16041,559.3684488932291
16042,366.37245686848956
16043,1677.1317138671875
16044,4001.2447102864585
16045,551.5795491536459
16046,445.8634541829427
16047,1312.2355550130208
16048,836.5955607096354
16049,501.8600362141927
16050,374.4624938964844
16051,913.1795247395834
16052,1050.6794026692708
16053,1346.5491943359375
16054,797.8174845377604
16055,1444.15087890625
16056,525.3743896484375
16057,858.3282470703125
16058,1909.5125732421875
16059,780.9087320963541
16060,915.2746378580729
16061,795.4982096354166
16062,965.3635864257812
16063,855.23046875
16064,739.0217081705729
16065,1051.1884358723958
16066,934.0383911132812
16067,849.8778279622396
16068,945.0711263020834
16069,856.1537679036459
16070,1797.1770426432292
16071,663.0071004231771
16072,723.8612263997396
16073,1324.0437418619792
16074,677.8475545247396
16075,529.1630655924479
16076,805.1451009114584
16077,905.5521850585938
16078,746.2290242513021
16079,1816.3714599609375
16080,1491.9096272786458
16081,1188.2860107421875
16082,1323.6150716145833
16083,1122.6187744140625
16084,1045.0159505208333
16085,1236.6173909505208
16086,886.1546834309896
16087,984.4296875
16088,1105.546142578125
16089,859.9351399739584
16090,722.8167724609375
16091,1658.0945638020833
16092,2287.8878580729165
16093,1036.4127604166667
16094,646.9753214518229
16095,945.3924560546875
16096,499.72862752278644
16097,607.0274454752604
16098,656.0358072916666
16099,839.4885660807291
16100,1123.7281494140625
16101,712.4390055338541
16102,415.22430419921875
16103,1233.4068603515625
16104,805.690673828125
16105,1436.8064778645833
16106,653.0120646158854
16107,578.0362548828125
16108,484.2967020670573
16109,1508.0907389322917
16110,674.6563720703125
16111,925.4683837890625
16112,912.9708862304688
16113,946.4655558268229
16114,615.2115681966146
16115,1400.9937744140625
16116,759.0120239257812
16117,2408.0196126302085
16118,766.7843424479166
16119,1334.7303873697917
16120,964.3427124023438
16121,1072.5527750651042
16122,610.5067952473959
16123,750.6315511067709
16124,760.4738566080729
16125,773.6542358398438
16126,2235.26904296875
16127,670.1706339518229
16128,609.0951334635416
16129,600.021728515625
16130,512.496826171875
16131,1181.4230143229167
16132,1667.999755859375
16133,1180.2547200520833
16134,867.1412760416666
16135,718.964111328125
16136,1366.8909505208333
16137,1765.1281331380208
16138,1072.1639811197917
16139,1222.56103515625
16140,2135.0240885416665
16141,1295.2075602213542
16142,1242.3697509765625
16143,1093.2970784505208
16144,1046.4376627604167
16145,448.40138753255206
16146,712.1175740559896
16147,1334.9920247395833
16148,695.0659383138021
16149,591.1174926757812
16150,1249.4822998046875
16151,1531.3439534505208
16152,697.5823974609375
16153,783.3320109049479
16154,770.4731648763021
16155,615.9239095052084
16156,784.1175537109375
16157,1019.663818359375
16158,1072.88232421875
16159,723.1153767903646
16160,906.4770711263021
16161,714.9160970052084
16162,613.6966959635416
16163,1313.9095865885417
16164,1310.6726888020833
16165,863.3391316731771
16166,566.2232259114584
16167,849.5510864257812
16168,4957.394856770833
16169,577.8095906575521
16170,698.974853515625
16171,988.0047403971354
16172,1627.804931640625
16173,735.1473592122396
16174,471.0922444661458
16175,509.9246114095052
16176,878.3982543945312
16177,2847.92626953125
16178,974.7084147135416
16179,818.2938028971354
16180,591.9208780924479
16181,602.0912068684896
16182,2918.2574869791665
16183,889.2338256835938
16184,657.6651814778646
16185,1109.0960286458333
16186,987.3731079101562
16187,514.0759887695312
16188,857.2792154947916
16189,759.1924641927084
16190,968.0590006510416
16191,724.1571044921875
16192,3088.449462890625
16193,821.1966959635416
16194,1541.5419921875
16195,710.5225830078125
16196,1759.3007405598958
16197,4022.827880859375
16198,701.2581990559896
16199,1858.0246988932292
16200,493.8286539713542
16201,1000.6923014322916
16202,804.9579874674479
16203,993.8876749674479
16204,550.8113606770834
16205,1094.9482421875
16206,791.9314982096354
16207,941.9627278645834
16208,1286.5940348307292
16209,1544.9543050130208
16210,3580.06103515625
16211,1216.5431722005208
16212,650.1014811197916
16213,1452.037841796875
16214,1511.0123697916667
16215,1200.2943115234375
16216,1006.9853719075521
16217,607.3612467447916
16218,776.5267130533854
16219,3457.0726725260415
16220,1391.81982421875
16221,1126.8306070963542
16222,969.7095540364584
16223,1009.9395751953125
16224,650.7349243164062
16225,2109.4513346354165
16226,684.4197184244791
16227,1298.5231119791667
16228,654.1576334635416
16229,471.0589599609375
16230,474.47095743815106
16231,691.4395751953125
16232,707.6999104817709
16233,1013.1528523763021
16234,1186.3894856770833
16235,737.4458414713541
16236,1440.9539794921875
16237,1111.21923828125
16238,1281.7759602864583
16239,2033.9595133463542
16240,1351.84375
16241,876.002685546875
16242,1726.575927734375
16243,1647.9213460286458
16244,891.6384887695312
16245,1586.0325927734375
16246,919.082763671875
16247,787.7459920247396
16248,1971.06640625
16249,539.0575561523438
16250,1959.1208902994792
16251,573.0796101888021
16252,344.2648620605469
16253,1002.8833618164062
16254,838.365478515625
16255,784.9735107421875
16256,770.9465128580729
16257,614.6741943359375
16258,495.1502176920573
16259,957.2840372721354
16260,397.9859924316406
16261,732.1808064778646
16262,764.1019287109375
16263,1240.4342041015625
16264,927.1399739583334
16265,1072.8173828125
16266,1105.8981526692708
16267,691.8171997070312
16268,1231.9547932942708
16269,1130.6688639322917
16270,506.6810709635417
16271,1060.9310709635417
16272,1010.8886515299479
16273,679.6588338216146
16274,1025.9027913411458
16275,2057.4766438802085
16276,1040.3343098958333
16277,1067.8851318359375
16278,1169.2727864583333
16279,1304.2331136067708
16280,663.9193522135416
16281,1388.2930908203125
16282,1327.8089599609375
16283,1134.866943359375
16284,901.4604085286459
16285,1278.9110921223958
16286,1744.03466796875
16287,3560.729248046875
16288,3418.3682454427085
16289,785.0076497395834
16290,766.5875854492188
16291,775.7763671875
16292,609.7568969726562
16293,3023.136474609375
16294,1011.7340698242188
16295,935.6082560221354
16296,833.5484619140625
16297,646.4032999674479
16298,765.9744059244791
16299,1189.8969319661458
16300,1949.0191243489583
16301,1161.5266927083333
16302,883.5346883138021
16303,1144.0600179036458
16304,1441.9061686197917
16305,1678.9414469401042
16306,2121.480224609375
16307,1036.7072347005208
16308,1112.7542317708333
16309,569.5592041015625
16310,1405.468994140625
16311,677.9472045898438
16312,839.9218139648438
16313,1683.8296712239583
16314,606.6695149739584
16315,1883.907470703125
16316,1204.0325520833333
16317,2012.6115315755208
16318,1208.5732421875
16319,994.0780029296875
16320,1205.1649983723958
16321,1261.34765625
16322,585.9717814127604
16323,2510.3878580729165
16324,1878.5371907552083
16325,389.40252685546875
16326,1233.6689046223958
16327,1551.2821044921875
16328,1062.6280110677083
16329,834.8401896158854
16330,1659.16015625
16331,854.3888346354166
16332,897.7556966145834
16333,851.3687947591146
16334,4500.712239583333
16335,1731.70751953125
16336,677.7743937174479
16337,668.114990234375
16338,722.3566284179688
16339,485.99586995442706
16340,693.2873738606771
16341,1416.3132731119792
16342,1380.978515625
16343,717.5595906575521
16344,727.7104899088541
16345,712.8676147460938
16346,1560.5529378255208
16347,609.2341512044271
16348,764.7825724283854
16349,853.5966796875
16350,2029.04541015625
16351,1448.7395426432292
16352,1785.634033203125
16353,929.2912190755209
16354,877.0462849934896
16355,967.0478108723959
16356,634.9546305338541
16357,1243.6888020833333
16358,776.0884195963541
16359,2308.9715983072915
16360,2408.2852376302085
16361,635.7374471028646
16362,1314.4124755859375
16363,758.4412841796875
16364,1274.7991129557292
16365,730.2987263997396
16366,638.7503458658854
16367,969.1673787434896
16368,686.0224812825521
16369,1284.1444091796875
16370,1308.1537679036458
16371,863.5494588216146
16372,1319.0734456380208
16373,2584.9239095052085
16374,1824.2078450520833
16375,1039.2106526692708
16376,398.86065673828125
16377,2055.3226725260415
16378,980.0122884114584
16379,1037.52880859375
16380,699.9008178710938
16381,933.6393229166666
16382,895.01416015625
16383,721.3708902994791
16384,601.4307047526041
16385,611.2769165039062
16386,800.7915852864584
16387,878.7396240234375
16388,1081.3277180989583
16389,1645.5340576171875
16390,518.29248046875
16391,983.377197265625
16392,892.8346761067709
16393,539.6516520182291
16394,619.6323649088541
16395,934.7860514322916
16396,681.5568237304688
16397,1152.7017415364583
16398,604.1784057617188
16399,1232.5405680338542
16400,767.1911214192709
16401,718.9518229166666
16402,653.4393513997396
16403,1138.9337565104167
16404,1865.6981201171875
16405,818.9228922526041
16406,1660.9788411458333
16407,671.1837361653646
16408,917.0479125976562
16409,765.1613362630209
16410,545.875244140625
16411,1188.5087890625
16412,1359.8031005859375
16413,2720.6561686197915
16414,1050.8328857421875
16415,2031.2245279947917
16416,608.2603963216146
16417,1071.9817301432292
16418,403.4809061686198
16419,1092.1238606770833
16420,782.8157348632812
16421,536.8999430338541
16422,774.4709065755209
16423,1168.19189453125
16424,788.9810994466146
16425,630.7890421549479
16426,928.4527384440104
16427,3015.211181640625
16428,1325.0579427083333
16429,2469.0955403645835
16430,507.38747151692706
16431,1730.6956380208333
16432,1359.9388834635417
16433,757.0309855143229
16434,1043.3677978515625
16435,1455.6025797526042
16436,702.2913411458334
16437,1082.8145345052083
16438,557.1181640625
16439,1261.4339192708333
16440,1156.4466959635417
16441,1385.3670247395833
16442,467.3947347005208
16443,1271.8943277994792
16444,1256.9329020182292
16445,606.3721313476562
16446,1325.5668131510417
16447,961.1220703125
16448,765.6517333984375
16449,697.8393961588541
16450,1660.9626057942708
16451,1288.427734375
16452,970.6915079752604
16453,1582.1692301432292
16454,821.9937947591146
16455,901.2392781575521
16456,384.4722188313802
16457,1077.3223470052083
16458,488.43397013346356
16459,696.5218098958334
16460,1591.7330322265625
16461,1873.7581380208333
16462,579.0577392578125
16463,1009.5887654622396
16464,1252.0696614583333
16465,1354.0788167317708
16466,1130.8539632161458
16467,1608.6426595052083
16468,1262.3551432291667
16469,766.4832153320312
16470,1273.4683024088542
16471,705.1490681966146
16472,969.754638671875
16473,1342.3267822265625
16474,778.5392456054688
16475,973.3484903971354
16476,881.5319417317709
16477,725.5240275065104
16478,1599.4789632161458
16479,743.3916422526041
16480,959.0788167317709
16481,1108.6239420572917
16482,695.1416829427084
16483,924.4830322265625
16484,732.1498209635416
16485,822.2569986979166
16486,489.02074178059894
16487,857.8315226236979
16488,626.1370646158854
16489,842.0787150065104
16490,606.0166219075521
16491,1518.438720703125
16492,1588.9944661458333
16493,778.5910441080729
16494,1192.6420084635417
16495,1300.8912760416667
16496,492.5386149088542
16497,776.435791015625
16498,11972.192057291666
16499,948.6011962890625
16500,1161.467041015625
16501,837.093017578125
16502,525.3255004882812
16503,671.4282633463541
16504,966.5397542317709
16505,1026.0684407552083
16506,2543.6668294270835
16507,572.9406331380209
16508,2947.3819986979165
16509,5466.34912109375
16510,731.7972005208334
16511,1451.6406656901042
16512,1176.5899658203125
16513,1780.7003987630208
16514,987.1800740559896
16515,1082.5287272135417
16516,1283.94580078125
16517,1458.6781005859375
16518,1188.4798583984375
16519,1865.6486002604167
16520,745.0717163085938
16521,837.0287679036459
16522,1026.1766357421875
16523,2682.1001790364585
16524,792.224365234375
16525,1910.8279215494792
16526,974.4396769205729
16527,1657.3276774088542
16528,1151.1855875651042
16529,993.8767293294271
16530,411.8119710286458
16531,710.5403849283854
16532,1242.8501790364583
16533,549.1874389648438
16534,524.4164428710938
16535,1249.9085693359375
16536,969.466064453125
16537,797.5041707356771
16538,1250.867919921875
16539,625.8071695963541
16540,2041.9258219401042
16541,542.0758463541666
16542,2053.2335611979165
16543,599.9092203776041
16544,1376.5142822265625
16545,1556.5316162109375
16546,511.5643005371094
16547,790.5012817382812
16548,452.57513427734375
16549,1449.8760986328125
16550,466.99021402994794
16551,1269.6532389322917
16552,978.1018676757812
16553,649.9047648111979
16554,446.01123046875
16555,996.8000895182291
16556,1148.9770100911458
16557,1597.4829915364583
16558,815.5379435221354
16559,919.3755289713541
16560,629.0658569335938
16561,878.3242594401041
16562,2131.955078125
16563,1134.1703694661458
16564,1083.4808756510417
16565,716.6225992838541
16566,783.1173502604166
16567,848.9922688802084
16568,1498.0621337890625
16569,738.0070190429688
16570,909.7814534505209
16571,1174.4502766927083
16572,1058.4786783854167
16573,414.31032307942706
16574,621.6703287760416
16575,1040.7052815755208
16576,1384.9923502604167
16577,952.1259765625
16578,592.0932820638021
16579,519.2787272135416
16580,651.47314453125
16581,2298.8350423177085
16582,2508.29248046875
16583,1191.156494140625
16584,1388.775146484375
16585,1438.3475748697917
16586,569.5098673502604
16587,640.9354451497396
16588,839.1448567708334
16589,503.0315653483073
16590,802.5456136067709
16591,1435.6019287109375
16592,2058.1064453125
16593,1176.6737467447917
16594,786.7547607421875
16595,1423.3247477213542
16596,1247.9944254557292
16597,1204.0643310546875
16598,716.6980183919271
16599,1394.0425211588542
16600,1240.2605794270833
16601,1055.9905598958333
16602,1215.97509765625
16603,737.4713338216146
16604,500.6930440266927
16605,1907.060302734375
16606,1171.6752115885417
16607,436.7244160970052
16608,5473.340657552083
16609,3637.7643229166665
16610,508.4061279296875
16611,972.8263549804688
16612,1534.7001953125
16613,499.67144775390625
16614,994.5275268554688
16615,1548.6855061848958
16616,691.4117431640625
16617,1100.6416015625
16618,1139.831298828125
16619,1043.2147216796875
16620,559.6963907877604
16621,652.9111531575521
16622,909.0124918619791
16623,937.8868815104166
16624,988.684814453125
16625,1467.3815104166667
16626,1031.4488118489583
16627,1540.9566650390625
16628,980.8650919596354
16629,871.5711466471354
16630,1063.7694498697917
16631,1235.5703938802083
16632,778.8787027994791
16633,617.2133178710938
16634,1272.0682373046875
16635,2411.107177734375
16636,1739.3188069661458
16637,1395.837646484375
16638,853.8887736002604
16639,635.4294230143229
16640,913.9229125976562
16641,1132.82177734375
16642,735.8196614583334
16643,702.7432250976562
16644,910.0290730794271
16645,2550.199951171875
16646,1092.7412109375
16647,1052.8701171875
16648,852.9614664713541
16649,1895.5003662109375
16650,1476.6846516927083
16651,1906.2359619140625
16652,827.2383219401041
16653,620.9635823567709
16654,589.611083984375
16655,868.3916219075521
16656,1578.8659261067708
16657,1196.7191569010417
16658,678.2064005533854
16659,591.4274088541666
16660,498.4000752766927
16661,1346.7962239583333
16662,668.7163696289062
16663,863.1330973307291
16664,903.9916178385416
16665,2351.888671875
16666,1275.2594807942708
16667,1432.1444905598958
16668,1547.9568277994792
16669,2172.0741373697915
16670,468.83404541015625
16671,1403.812255859375
16672,1060.5579020182292
16673,586.9712524414062
16674,685.3459065755209
16675,803.6479899088541
16676,3729.54052734375
16677,904.4149373372396
16678,754.0621541341146
16679,12050.2109375
16680,421.4432779947917
16681,675.921875
16682,642.1651407877604
16683,557.7386271158854
16684,1017.7779134114584
16685,987.8373006184896
16686,578.0653076171875
16687,1119.4806315104167
16688,1238.2204996744792
16689,1309.1540120442708
16690,729.9058634440104
16691,563.2616170247396
16692,571.1406453450521
16693,1253.065185546875
16694,1018.1205444335938
16695,1933.9345296223958
16696,768.6832478841146
16697,479.97865804036456
16698,1613.8338216145833
16699,1750.6501057942708
16700,1168.7249348958333
16701,1394.0464274088542
16702,883.463134765625
16703,1735.4812418619792
16704,1325.3565266927083
16705,936.0792032877604
16706,1069.8125813802083
16707,609.2792358398438
16708,1133.1143798828125
16709,506.18346150716144
16710,1065.1682535807292
16711,1042.3929036458333
16712,962.7560628255209
16713,2623.57958984375
16714,2075.6106770833335
16715,617.9477742513021
16716,1322.8444010416667
16717,850.3075968424479
16718,1120.162841796875
16719,917.675048828125
16720,1336.5631103515625
16721,972.1520182291666
16722,436.3594156901042
16723,510.0605773925781
16724,1805.6769205729167
16725,840.5986735026041
16726,849.9267171223959
16727,576.2699584960938
16728,2268.10546875
16729,1906.3347574869792
16730,1116.3158365885417
16731,668.9022827148438
16732,1382.9773763020833
16733,1241.4515787760417
16734,1185.9453125
16735,445.84621175130206
16736,523.4273274739584
16737,1360.9763997395833
16738,708.9629109700521
16739,1744.0421549479167
16740,420.9531555175781
16741,1241.7504069010417
16742,714.0855712890625
16743,842.1249389648438
16744,378.39795939127606
16745,1372.5884602864583
16746,2069.2643229166665
16747,3059.6163736979165
16748,921.1847941080729
16749,1418.8655192057292
16750,868.0747477213541
16751,629.1356201171875
16752,1081.4318033854167
16753,840.1961466471354
16754,1157.0435791015625
16755,849.7401733398438
16756,1105.3872477213542
16757,1058.9346110026042
16758,467.8395690917969
16759,1119.6044514973958
16760,746.4467163085938
16761,474.8697102864583
16762,1056.4814453125
16763,585.6900838216146
16764,1280.7166748046875
16765,924.8786010742188
16766,1331.181884765625
16767,990.2798665364584
16768,990.2394409179688
16769,1122.84814453125
16770,846.9846598307291
16771,337.0764973958333
16772,860.5693969726562
16773,2016.3343505859375
16774,647.1708170572916
16775,2223.2606608072915
16776,738.3980916341146
16777,740.7501017252604
16778,443.61435953776044
16779,1256.1744384765625
16780,676.1242879231771
16781,510.79730224609375
16782,435.79335530598956
16783,935.8337809244791
16784,649.8240559895834
16785,962.5282999674479
16786,1404.3505045572917
16787,481.4820963541667
16788,540.6163126627604
16789,1434.6947021484375
16790,1247.8317057291667
16791,584.4051920572916
16792,562.5052286783854
16793,1010.2769775390625
16794,1606.7593587239583
16795,773.1088460286459
16796,725.9059244791666
16797,742.6824747721354
16798,704.0207316080729
16799,1307.2287190755208
16800,794.6935221354166
16801,883.5979817708334
16802,1185.9854736328125
16803,981.3504638671875
16804,2721.9462076822915
16805,387.57396443684894
16806,1319.1473795572917
16807,1069.7646484375
16808,1782.9663492838542
16809,1293.4707845052083
16810,1094.1355387369792
16811,711.1012776692709
16812,1539.1563720703125
16813,733.4024454752604
16814,690.0716145833334
16815,1740.9786376953125
16816,623.2022705078125
16817,1229.8401285807292
16818,567.81884765625
16819,3519.4745279947915
16820,840.8969930013021
16821,822.8385213216146
16822,692.3336791992188
16823,1203.2738037109375
16824,549.0227457682291
16825,782.1762491861979
16826,1828.673095703125
16827,945.7023315429688
16828,474.4378255208333
16829,1141.760986328125
16830,566.7813517252604
16831,1006.0724283854166
16832,413.3098653157552
16833,721.5756429036459
16834,450.60333251953125
16835,831.3474731445312
16836,1467.7303466796875
16837,751.4859415690104
16838,596.2322184244791
16839,2757.3370768229165
16840,1408.2003987630208
16841,1544.6453043619792
16842,564.8971964518229
16843,1120.6990152994792
16844,808.9368896484375
16845,970.1683959960938
16846,1587.3223470052083
16847,2334.8805338541665
16848,2465.9176432291665
16849,703.5413614908854
16850,998.624267578125
16851,908.0719604492188
16852,530.8550008138021
16853,759.0236612955729
16854,1028.691650390625
16855,1721.8036702473958
16856,1417.0237223307292
16857,652.7863972981771
16858,1756.1773681640625
16859,1657.1211751302083
16860,1231.0430094401042
16861,1408.8628743489583
16862,684.6697387695312
16863,789.3199666341146
16864,956.962890625
16865,1082.9545491536458
16866,1125.947021484375
16867,1797.3636881510417
16868,588.5083414713541
16869,523.5808715820312
16870,478.07957967122394
16871,693.1863606770834
16872,517.0245768229166
16873,2448.151123046875
16874,596.9184163411459
16875,1135.0412190755208
16876,631.01611328125
16877,1401.6297607421875
16878,500.61142985026044
16879,764.3433430989584
16880,421.39154052734375
16881,519.6470540364584
16882,729.4961344401041
16883,646.2178548177084
16884,1572.9676106770833
16885,635.7849527994791
16886,2860.5747884114585
16887,456.97938028971356
16888,2937.473388671875
16889,936.403564453125
16890,1550.2722981770833
16891,574.7318318684896
16892,970.1601969401041
16893,789.3099975585938
16894,643.41845703125
16895,666.9360758463541
16896,1581.2815348307292
16897,898.9842936197916
16898,1439.4766438802083
16899,457.9131164550781
16900,2163.1800130208335
16901,1268.6466064453125
16902,787.2733154296875
16903,651.2126261393229
16904,697.5403645833334
16905,1374.4960530598958
16906,2322.2770182291665
16907,1312.2406412760417
16908,929.5035807291666
16909,850.2235514322916
16910,809.2673950195312
16911,826.3058064778646
16912,726.8689168294271
16913,1337.1064046223958
16914,751.7257486979166
16915,1417.4878336588542
16916,513.3675537109375
16917,713.0813598632812
16918,1130.8503824869792
16919,1074.1398518880208
16920,839.1939290364584
16921,705.4587198893229
16922,1969.3819986979167
16923,1282.4106852213542
16924,671.1222330729166
16925,893.078125
16926,2594.777099609375
16927,929.6543172200521
16928,3336.7125651041665
16929,630.7348022460938
16930,886.4931030273438
16931,1465.5997314453125
16932,795.53173828125
16933,1047.3100992838542
16934,593.262939453125
16935,914.8412475585938
16936,1017.9575805664062
16937,648.0344848632812
16938,2320.8346354166665
16939,2333.368408203125
16940,2526.22412109375
16941,461.77988688151044
16942,1758.3920491536458
16943,1135.5767822265625
16944,1383.5033365885417
16945,1820.4186604817708
16946,998.1190999348959
16947,942.2139892578125
16948,770.3771565755209
16949,841.4266560872396
16950,1321.9383544921875
16951,1190.3902587890625
16952,836.2130330403646
16953,479.5617167154948
16954,1676.0824788411458
16955,449.8588358561198
16956,822.1982828776041
16957,990.4831136067709
16958,1460.80029296875
16959,932.404296875
16960,573.8715413411459
16961,1634.6004638671875
16962,553.6259358723959
16963,744.8251139322916
16964,854.1583048502604
16965,1102.8798014322917
16966,1290.5279541015625
16967,944.3203735351562
16968,1156.0431722005208
16969,647.3961791992188
16970,637.4357299804688
16971,948.8262736002604
16972,793.3932902018229
16973,637.1485595703125
16974,834.5568237304688
16975,570.3069458007812
16976,912.6263020833334
16977,874.8098551432291
16978,829.2585652669271
16979,380.35654703776044
16980,1018.036865234375
16981,510.81004842122394
16982,1067.9197184244792
16983,788.2350463867188
16984,728.5177408854166
16985,722.3081868489584
16986,2169.1763509114585
16987,1594.3746337890625
16988,603.1033935546875
16989,1387.0212809244792
16990,608.7716064453125
16991,2050.3872884114585
16992,1944.3797607421875
16993,2689.481689453125
16994,859.0553181966146
16995,464.6657002766927
16996,731.2909952799479
16997,1307.0838216145833
16998,726.7787679036459
16999,5061.78515625
17000,913.0921427408854
17001,1073.0104166666667
17002,604.1116943359375
17003,631.6574910481771
17004,503.81984456380206
17005,2196.1599934895835
17006,1043.5506184895833
17007,695.8498942057291
17008,839.7590535481771
17009,1495.0589599609375
17010,986.8435872395834
17011,1002.4467366536459
17012,890.1237182617188
17013,1159.4510904947917
17014,2334.218505859375
17015,648.0018513997396
17016,529.6147664388021
17017,999.734130859375
17018,475.70188395182294
17019,3936.4612630208335
17020,741.2675374348959
17021,477.00184122721356
17022,1506.3110758463542
17023,766.8749796549479
17024,913.1504516601562
17025,627.0545043945312
17026,806.0667521158854
17027,783.1754353841146
17028,619.8277791341146
17029,1171.24560546875
17030,2885.0769856770835
17031,1156.014404296875
17032,1180.9857177734375
17033,881.2779541015625
17034,691.4364013671875
17035,726.4417114257812
17036,787.7302449544271
17037,589.19140625
17038,1231.1792805989583
17039,488.85312906901044
17040,12085.0986328125
17041,711.8632609049479
17042,991.8029174804688
17043,2245.33203125
17044,730.6612548828125
17045,669.0585327148438
17046,1251.7755940755208
17047,1145.569580078125
17048,304.4838562011719
17049,1262.9840901692708
17050,1699.6825358072917
17051,725.6619262695312
17052,602.6669718424479
17053,930.5157267252604
17054,848.9359130859375
17055,970.6750895182291
17056,1578.1615397135417
17057,1279.5850423177083
17058,489.3521219889323
17059,1049.29833984375
17060,791.5582071940104
17061,575.0883585611979
17062,1563.3177897135417
17063,414.7127990722656
17064,550.3239949544271
17065,1250.3428141276042
17066,561.0933634440104
17067,947.5928751627604
17068,1797.2555338541667
17069,917.5254109700521
17070,1915.4140218098958
17071,595.1454874674479
17072,965.9205118815104
17073,1945.0710856119792
17074,1218.9955240885417
17075,750.0252888997396
17076,780.5025838216146
17077,934.5906372070312
17078,763.81396484375
17079,1912.1332194010417
17080,676.4353230794271
17081,651.7294311523438
17082,831.9266357421875
17083,1013.6471354166666
17084,679.4953002929688
17085,960.7896118164062
17086,793.8858846028646
17087,2214.5654296875
17088,482.61229451497394
17089,641.3488566080729
17090,998.9987182617188
17091,531.6218465169271
17092,1174.1161702473958
17093,2816.3605143229165
17094,2661.7327473958335
17095,765.5304158528646
17096,817.3466186523438
17097,1348.7918701171875
17098,523.95068359375
17099,906.8553873697916
17100,1615.4648844401042
17101,1022.2934366861979
17102,2206.4300130208335
17103,1152.062744140625
17104,1066.2414957682292
17105,867.8317464192709
17106,1333.3049723307292
17107,752.0585530598959
17108,1263.4624430338542
17109,2338.9676106770835
17110,956.1390380859375
17111,524.3563028971354
17112,1124.0397542317708
17113,1144.1214599609375
17114,1054.196533203125
17115,557.7584635416666
17116,1181.1509195963542
17117,1026.7466227213542
17118,630.8477376302084
17119,819.1665852864584
17120,1244.2705485026042
17121,1162.3758138020833
17122,3427.61474609375
17123,1118.7679850260417
17124,1207.7677815755208
17125,584.1682332356771
17126,482.3978576660156
17127,1478.71630859375
17128,467.3304036458333
17129,767.0999959309896
17130,507.317626953125
17131,448.3500264485677
17132,433.9259033203125
17133,963.9880981445312
17134,658.1061808268229
17135,901.2388712565104
17136,615.4900919596354
17137,1061.5194498697917
17138,1207.2091878255208
17139,1770.9642740885417
17140,850.0341796875
17141,496.2587076822917
17142,884.6023966471354
17143,489.56614176432294
17144,1331.5779622395833
17145,880.930419921875
17146,618.9015299479166
17147,892.3254597981771
17148,1448.7541097005208
17149,589.3021036783854
17150,513.3033040364584
17151,908.0072835286459
17152,3017.037109375
17153,507.2486267089844
17154,452.3938395182292
17155,527.945068359375
17156,857.5502726236979
17157,714.0174560546875
17158,1339.3679606119792
17159,3101.2027180989585
17160,620.3980916341146
17161,992.142333984375
17162,925.0443522135416
17163,629.3451538085938
17164,498.1668395996094
17165,976.5075480143229
17166,472.1304931640625
17167,890.15869140625
17168,708.3838297526041
17169,537.0775146484375
17170,551.92333984375
17171,1206.020751953125
17172,1221.9020589192708
17173,1273.1636149088542
17174,1656.9492594401042
17175,1313.6897379557292
17176,1626.6258951822917
17177,762.8989868164062
17178,1052.5054524739583
17179,550.4771931966146
17180,858.8455200195312
17181,1021.4620768229166
17182,657.2055053710938
17183,623.0607299804688
17184,518.7056274414062
17185,2207.5113118489585
17186,623.9847208658854
17187,761.8671264648438
17188,903.5833129882812
17189,330.3675842285156
17190,790.2997843424479
17191,460.5785827636719
17192,930.7935384114584
17193,1183.7861328125
17194,630.0078735351562
17195,405.2552490234375
17196,904.5646158854166
17197,804.4727172851562
17198,902.6538899739584
17199,961.263916015625
17200,621.6888020833334
17201,1067.5345458984375
17202,691.9823608398438
17203,924.0303955078125
17204,1326.8250732421875
17205,873.9267985026041
17206,640.9895833333334
17207,1213.8409423828125
17208,1527.252197265625
17209,1386.1222330729167
17210,1163.4743245442708
17211,995.9256591796875
17212,570.5967000325521
17213,1534.9642740885417
17214,802.9939778645834
17215,568.8077596028646
17216,1194.937744140625
17217,457.7647705078125
17218,1149.0573323567708
17219,1433.6688232421875
17220,904.3859252929688
17221,452.8294169108073
17222,577.3453369140625
17223,1420.7069091796875
17224,1124.4212646484375
17225,1774.3519694010417
17226,394.1506754557292
17227,1343.3065999348958
17228,1033.1334635416667
17229,1065.68017578125
17230,1702.0751546223958
17231,784.2396036783854
17232,2017.8420817057292
17233,484.8803202311198
17234,617.7286783854166
17235,530.1052042643229
17236,1301.1504720052083
17237,489.0134989420573
17238,644.627685546875
17239,1484.1720377604167
17240,830.5379842122396
17241,1389.5825602213542
17242,745.3673299153646
17243,1875.4959716796875
17244,951.5987345377604
17245,1607.547607421875
17246,1498.9038492838542
17247,718.8318074544271
17248,937.1683553059896
17249,1909.4787190755208
17250,1872.4153645833333
17251,487.12914021809894
17252,864.8535970052084
17253,1753.388916015625
17254,1028.8289388020833
17255,781.9770914713541
17256,1308.6512451171875
17257,770.2894897460938
17258,581.4762369791666
17259,634.574462890625
17260,988.0585327148438
17261,556.5826416015625
17262,773.0303751627604
17263,1562.6518147786458
17264,533.105712890625
17265,429.13031005859375
17266,1948.5135498046875
17267,704.7237752278646
17268,472.07460530598956
17269,1406.6326090494792
17270,995.2110392252604
17271,846.4282023111979
17272,1226.6361897786458
17273,1051.184326171875
17274,661.9517211914062
17275,2009.9855550130208
17276,959.8823649088541
17277,583.9013671875
17278,821.3916625976562
17279,802.8669840494791
17280,1040.6064860026042
17281,908.5366821289062
17282,1987.4262288411458
17283,1263.2233072916667
17284,644.1385091145834
17285,481.81520589192706
17286,1282.5560709635417
17287,809.78076171875
17288,1940.0293782552083
17289,773.0217895507812
17290,569.6724650065104
17291,893.1460367838541
17292,812.4744059244791
17293,1359.6220296223958
17294,1181.1939290364583
17295,1587.4708251953125
17296,1119.3041585286458
17297,878.8715413411459
17298,356.22179158528644
17299,1123.2113850911458
17300,675.8678181966146
17301,632.4057413736979
17302,1662.8398030598958
17303,1062.4960530598958
17304,711.3257446289062
17305,930.9220174153646
17306,894.6875813802084
17307,914.2737223307291
17308,1825.4296061197917
17309,781.2919921875
17310,812.1087849934896
17311,688.0644938151041
17312,1098.7541097005208
17313,1050.4538167317708
17314,730.3929036458334
17315,989.92578125
17316,1447.8218180338542
17317,1410.41064453125
17318,2834.98779296875
17319,928.3143513997396
17320,941.8008219401041
17321,695.5779418945312
17322,2084.5569661458335
17323,1439.5689697265625
17324,1723.1903889973958
17325,1572.9114176432292
17326,657.7765706380209
17327,846.9377848307291
17328,929.3447875976562
17329,1015.3971557617188
17330,730.4980875651041
17331,493.515625
17332,1230.1840413411458
17333,2172.5758463541665
17334,1174.688232421875
17335,1135.3312581380208
17336,982.5430501302084
17337,870.0845336914062
17338,954.1247151692709
17339,1301.1861572265625
17340,650.1346842447916
17341,1684.8832194010417
17342,2411.8802083333335
17343,1759.703857421875
17344,1533.2490641276042
17345,619.7388916015625
17346,1454.6185302734375
17347,1450.38623046875
17348,512.9728800455729
17349,1040.4449869791667
17350,761.5761108398438
17351,1172.5892740885417
17352,817.822021484375
17353,2844.6934407552085
17354,1713.2338053385417
17355,696.2129923502604
17356,1491.5646158854167
17357,1136.5294596354167
17358,3456.291748046875
17359,1571.1558430989583
17360,2694.3267415364585
17361,707.4826253255209
17362,1018.0726318359375
17363,661.6183675130209
17364,1369.2648518880208
17365,1851.93603515625
17366,1899.1775716145833
17367,713.8166910807291
17368,1098.4453125
17369,892.1414591471354
17370,628.5791219075521
17371,1033.6916097005208
17372,319.6273193359375
17373,560.7647501627604
17374,908.8357543945312
17375,1982.5445963541667
17376,506.5093587239583
17377,858.3091023763021
17378,612.9984334309896
17379,555.7595011393229
17380,1136.4759114583333
17381,681.5714111328125
17382,1530.6232503255208
17383,1482.5389811197917
17384,1217.1165771484375
17385,856.3484903971354
17386,525.8930257161459
17387,844.1959838867188
17388,942.5660807291666
17389,1477.2371419270833
17390,1299.9972737630208
17391,1088.6188151041667
17392,658.3349405924479
17393,513.9661254882812
17394,443.5275065104167
17395,1824.2764892578125
17396,1918.986083984375
17397,1256.9175618489583
17398,1051.4871419270833
17399,566.3558349609375
17400,771.1877644856771
17401,821.2071940104166
17402,696.3810831705729
17403,835.5724487304688
17404,550.8889770507812
17405,873.1345418294271
17406,1093.3131510416667
17407,1070.5447184244792
17408,3313.6588541666665
17409,445.3201192220052
17410,862.6617635091146
17411,1339.703125
17412,912.9157918294271
17413,603.6878255208334
17414,571.4783528645834
17415,1062.8448893229167
17416,988.3767700195312
17417,433.96251424153644
17418,1049.239013671875
17419,1535.9039713541667
17420,556.6884969075521
17421,666.5594278971354
17422,892.4961547851562
17423,852.6119995117188
17424,724.7238566080729
17425,1453.2003580729167
17426,2526.19091796875
17427,1130.7066650390625
17428,576.0777994791666
17429,1150.3271891276042
17430,1321.5752766927083
17431,688.9277140299479
17432,810.593994140625
17433,961.7462158203125
17434,707.0785115559896
17435,1639.1969401041667
17436,567.0454711914062
17437,604.5860595703125
17438,1033.4570719401042
17439,2277.339111328125
17440,1641.4417317708333
17441,4767.85302734375
17442,1336.60986328125
17443,952.2432657877604
17444,1738.736572265625
17445,738.16845703125
17446,557.4774169921875
17447,563.3864949544271
17448,1458.4265543619792
17449,741.4562784830729
17450,1156.9476725260417
17451,1474.4009602864583
17452,858.9656168619791
17453,1035.6241455078125
17454,1242.9748128255208
17455,978.4193115234375
17456,873.7546590169271
17457,955.8725179036459
17458,1020.1083374023438
17459,876.9371337890625
17460,1304.0355224609375
17461,1799.1083984375
17462,600.5101318359375
17463,1427.671875
17464,583.7149047851562
17465,958.2724405924479
17466,865.972900390625
17467,1929.7437744140625
17468,521.1667277018229
17469,725.59375
17470,1096.6668294270833
17471,1122.673828125
17472,474.7877604166667
17473,560.8780721028646
17474,870.0595906575521
17475,860.5313924153646
17476,748.7119140625
17477,1048.2835693359375
17478,1863.6214599609375
17479,550.1765747070312
17480,1040.4793294270833
17481,1017.3569132486979
17482,657.3052368164062
17483,777.6594441731771
17484,910.146240234375
17485,1114.1678873697917
17486,1219.1014811197917
17487,857.6815795898438
17488,675.1608683268229
17489,832.084228515625
17490,385.65269978841144
17491,650.1725667317709
17492,1577.8812255859375
17493,1639.6288655598958
17494,575.2598063151041
17495,824.88134765625
17496,876.5733642578125
17497,653.2316080729166
17498,979.5633341471354
17499,1168.0013834635417
17500,824.8181355794271
17501,584.0757242838541
17502,3397.0108235677085
17503,552.6613362630209
17504,462.5935465494792
17505,1559.143310546875
17506,981.7925618489584
17507,399.0934753417969
17508,424.2524922688802
17509,740.5368041992188
17510,926.4471638997396
17511,802.3817138671875
17512,1249.8282877604167
17513,1140.6703694661458
17514,2602.7565104166665
17515,1594.4244384765625
17516,397.3054606119792
17517,2161.1708170572915
17518,706.9738159179688
17519,1169.6586100260417
17520,4088.7276204427085
17521,1842.9050699869792
17522,934.4536743164062
17523,418.9349772135417
17524,791.7495524088541
17525,1073.31298828125
17526,760.5850219726562
17527,658.7171427408854
17528,884.1968180338541
17529,846.1599731445312
17530,509.74871826171875
17531,588.6033732096354
17532,692.1524861653646
17533,1707.6896158854167
17534,1175.5923665364583
17535,1302.7733154296875
17536,996.2386067708334
17537,961.7998453776041
17538,1057.57421875
17539,681.7065836588541
17540,3886.30029296875
17541,850.3818359375
17542,1371.1898600260417
17543,756.3952840169271
17544,896.8432413736979
17545,703.6282552083334
17546,808.0811360677084
17547,933.7660319010416
17548,2046.2307535807292
17549,1290.097900390625
17550,850.8976847330729
17551,999.7773030598959
17552,606.0072224934896
17553,665.1946411132812
17554,664.8184611002604
17555,995.40234375
17556,1029.7713216145833
17557,1137.4632975260417
17558,1132.5668538411458
17559,1193.8728841145833
17560,504.3193664550781
17561,1097.1590983072917
17562,1143.0011800130208
17563,986.4192708333334
17564,975.3538614908854
17565,1491.9641927083333
17566,604.5671997070312
17567,3721.3780924479165
17568,594.9619344075521
17569,2737.289306640625
17570,1300.4144287109375
17571,519.0800170898438
17572,1593.8570149739583
17573,976.3506876627604
17574,1136.3443196614583
17575,3633.286865234375
17576,1162.5567626953125
17577,520.3551432291666
17578,734.1053263346354
17579,1330.4263102213542
17580,990.9565226236979
17581,617.0462849934896
17582,739.7319946289062
17583,842.9862874348959
17584,874.84521484375
17585,1139.72216796875
17586,936.6754760742188
17587,1653.0428059895833
17588,676.2726236979166
17589,1893.9266764322917
17590,1235.1583658854167
17591,684.2658487955729
17592,588.7001546223959
17593,786.79638671875
17594,1013.7849934895834
17595,2055.5362955729165
17596,1051.9098714192708
17597,1081.3929850260417
17598,1232.5908203125
17599,1817.6161295572917
17600,751.9021606445312
17601,1772.3409016927083
17602,3011.3271484375
17603,711.9544067382812
17604,728.5399576822916
17605,716.5753377278646
17606,816.7770589192709
17607,937.2407836914062
17608,2230.873291015625
17609,712.6787923177084
17610,1086.3259684244792
17611,1840.8629150390625
17612,588.887939453125
17613,665.0377197265625
17614,710.4690755208334
17615,882.2404174804688
17616,1605.99267578125
17617,944.5763753255209
17618,750.0965576171875
17619,961.7081705729166
17620,745.7749837239584
17621,3306.2027994791665
17622,519.3195393880209
17623,1946.4361165364583
17624,617.8615519205729
17625,583.011474609375
17626,1118.8450113932292
17627,721.2101033528646
17628,1397.050537109375
17629,1722.1455078125
17630,1242.3894856770833
17631,2971.738525390625
17632,1965.390380859375
17633,1013.8336181640625
17634,1352.1623942057292
17635,694.1219278971354
17636,1088.4735107421875
17637,1170.2423502604167
17638,542.0467122395834
17639,1216.6422119140625
17640,2860.275634765625
17641,1299.1537272135417
17642,496.1260070800781
17643,802.2190755208334
17644,1652.3964029947917
17645,887.6098225911459
17646,743.3729451497396
17647,1574.6091715494792
17648,1566.983642578125
17649,904.7605387369791
17650,394.908203125
17651,1132.8359375
17652,815.2726643880209
17653,2248.932373046875
17654,1219.0455322265625
17655,472.5131123860677
17656,605.5430501302084
17657,487.1532694498698
17658,968.1088053385416
17659,1532.2767740885417
17660,625.6205037434896
17661,1329.10693359375
17662,1937.4193522135417
17663,1206.3958740234375
17664,1576.5997314453125
17665,802.2044067382812
17666,1332.87158203125
17667,801.6616007486979
17668,779.1679077148438
17669,697.1058959960938
17670,1166.0413004557292
17671,966.8968709309896
17672,981.0408121744791
17673,1077.7113444010417
17674,543.3241170247396
17675,641.7901407877604
17676,3075.8350423177085
17677,1967.5262451171875
17678,1165.0987548828125
17679,693.7355753580729
17680,495.7975362141927
17681,1727.6034749348958
17682,761.6397501627604
17683,1015.112060546875
17684,703.6547037760416
17685,862.9772542317709
17686,695.1960652669271
17687,1928.9593912760417
17688,811.0507405598959
17689,846.8629353841146
17690,1260.0679524739583
17691,2014.1083577473958
17692,1207.84033203125
17693,1963.2340087890625
17694,716.6618855794271
17695,643.0933430989584
17696,839.9649861653646
17697,806.3352864583334
17698,441.13600667317706
17699,701.3920084635416
17700,810.9384562174479
17701,1432.8829345703125
17702,765.8013102213541
17703,672.8633829752604
17704,1975.7975667317708
17705,898.3659057617188
17706,1549.9331461588542
17707,819.9856567382812
17708,843.2795817057291
17709,973.0006713867188
17710,1177.1752115885417
17711,1183.3245849609375
17712,839.7461140950521
17713,5181.885091145833
17714,772.8200480143229
17715,1071.0852864583333
17716,889.9124959309896
17717,1361.652587890625
17718,726.0364786783854
17719,653.6840209960938
17720,1598.6725667317708
17721,1540.7646077473958
17722,1833.4833577473958
17723,1287.8274739583333
17724,745.0512084960938
17725,1305.924560546875
17726,516.5825398763021
17727,1536.619140625
17728,1410.2777913411458
17729,977.3105875651041
17730,812.242431640625
17731,947.0828653971354
17732,681.7092081705729
17733,664.3408610026041
17734,978.1068929036459
17735,1506.5045572916667
17736,652.4609985351562
17737,1646.887451171875
17738,839.6683349609375
17739,965.5202840169271
17740,1548.7508951822917
17741,1418.5177408854167
17742,924.1913045247396
17743,697.9292602539062
17744,779.5532023111979
17745,591.8223266601562
17746,747.1906941731771
17747,418.17335001627606
17748,711.2168782552084
17749,2295.68408203125
17750,982.1708984375
17751,1696.5376790364583
17752,734.3870442708334
17753,1987.3741048177083
17754,862.3028157552084
17755,682.4847208658854
17756,2042.5367024739583
17757,1364.5317789713542
17758,1240.3182779947917
17759,879.302001953125
17760,1841.668701171875
17761,1805.5996500651042
17762,2175.657958984375
17763,801.9954427083334
17764,720.9595133463541
17765,2766.4644368489585
17766,839.9716186523438
17767,837.9579874674479
17768,689.6118977864584
17769,1262.8312174479167
17770,1145.5152180989583
17771,1782.3172200520833
17772,3564.8753255208335
17773,1188.7279052734375
17774,805.6917724609375
17775,1175.2358805338542
17776,1706.7034505208333
17777,663.74658203125
17778,1200.9537353515625
17779,464.92934163411456
17780,798.703125
17781,640.9079996744791
17782,1408.7953694661458
17783,1623.7124837239583
17784,1451.79833984375
17785,1171.1407470703125
17786,531.4422403971354
17787,710.6364949544271
17788,942.7036539713541
17789,824.5330200195312
17790,946.7911173502604
17791,1876.6987711588542
17792,1029.4906005859375
17793,1304.4945475260417
17794,1038.0435791015625
17795,1622.5869140625
17796,1185.9610595703125
17797,620.5985310872396
17798,558.5293986002604
17799,617.65234375
17800,1109.6656087239583
17801,1218.0166422526042
17802,866.1254272460938
17803,895.0829671223959
17804,975.0491739908854
17805,1118.0135498046875
17806,1348.9072672526042
17807,2455.4925944010415
17808,597.6821492513021
17809,1338.2369791666667
17810,1794.832763671875
17811,1138.742431640625
17812,3629.5137532552085
17813,638.9928995768229
17814,940.5288492838541
17815,1255.3076578776042
17816,1203.6491292317708
17817,526.5123901367188
17818,1077.1407470703125
17819,2051.2085774739585
17820,366.49383544921875
17821,875.1576741536459
17822,860.5731811523438
17823,1337.5318603515625
17824,1333.14794921875
17825,980.8865966796875
17826,518.6242268880209
17827,958.7181193033854
17828,911.1672159830729
17829,1283.3446858723958
17830,570.0602010091146
17831,984.7019653320312
17832,816.7975056966146
17833,1246.1448567708333
17834,1195.6525472005208
17835,2146.26513671875
17836,686.3209838867188
17837,741.0543212890625
17838,1040.9769694010417
17839,1001.5442911783854
17840,1544.94580078125
17841,641.0964152018229
17842,1169.2722574869792
17843,842.4391072591146
17844,1008.5067952473959
17845,1463.0528971354167
17846,1498.9144287109375
17847,589.1966552734375
17848,1223.2786051432292
17849,12367.464518229166
17850,749.8006388346354
17851,737.3063151041666
17852,1266.6118570963542
17853,735.3768717447916
17854,1550.5882161458333
17855,503.53834025065106
17856,989.0440673828125
17857,699.2148234049479
17858,1597.2384440104167
17859,1820.2019856770833
17860,671.3198038736979
17861,531.3498738606771
17862,525.0150960286459
17863,1166.3895670572917
17864,626.1620686848959
17865,1416.0120849609375
17866,1225.9098714192708
17867,766.4754638671875
17868,774.5946044921875
17869,595.6092936197916
17870,837.3367716471354
17871,744.5340576171875
17872,794.4477742513021
17873,743.9010416666666
17874,708.7393595377604
17875,792.0629272460938
17876,1345.7182210286458
17877,1052.5517578125
17878,1494.2731526692708
17879,3348.11767578125
17880,1839.2364501953125
17881,950.4429728190104
17882,1466.0699055989583
17883,719.8459269205729
17884,1283.002197265625
17885,849.9646402994791
17886,2147.08056640625
17887,771.4857788085938
17888,1846.7449951171875
17889,945.44677734375
17890,829.8267822265625
17891,1194.9722493489583
17892,583.1534016927084
17893,838.8588460286459
17894,1025.8536783854167
17895,1549.9739583333333
17896,1067.1188557942708
17897,1902.6709391276042
17898,2324.8234049479165
17899,419.6505635579427
17900,792.0625203450521
17901,1268.5746663411458
17902,1913.7631429036458
17903,745.2762451171875
17904,1037.1679280598958
17905,841.8531494140625
17906,704.7575480143229
17907,1163.380859375
17908,517.4991048177084
17909,593.2744750976562
17910,463.7330729166667
17911,797.4489135742188
17912,1116.5751139322917
17913,2000.8783365885417
17914,700.7128702799479
17915,478.12000528971356
17916,486.7626139322917
17917,1369.0511474609375
17918,701.9735514322916
17919,1199.49609375
17920,863.6201171875
17921,2561.5833333333335
17922,1411.870849609375
17923,976.1102294921875
17924,792.6639607747396
17925,937.075927734375
17926,748.4018351236979
17927,894.9186808268229
17928,877.59619140625
17929,1043.5225016276042
17930,1512.8129069010417
17931,1365.1086018880208
17932,1544.34228515625
17933,1246.8655598958333
17934,1187.2429606119792
17935,1706.5701090494792
17936,760.01513671875
17937,1871.2653401692708
17938,906.5514526367188
17939,1143.8948160807292
17940,680.8163045247396
17941,617.7824503580729
17942,421.47107950846356
17943,677.6630249023438
17944,864.7121378580729
17945,1627.9180094401042
17946,1392.5289306640625
17947,933.1530151367188
17948,579.8465983072916
17949,616.2679239908854
17950,581.0925699869791
17951,1197.9052734375
17952,657.6751708984375
17953,833.8634847005209
17954,1037.4425455729167
17955,817.9325154622396
17956,1409.6733805338542
17957,1145.4866943359375
17958,1192.2739664713542
17959,1898.0150553385417
17960,752.3145345052084
17961,1281.164306640625
17962,795.0536905924479
17963,1020.2490030924479
17964,665.6764119466146
17965,1619.0545654296875
17966,1378.4457600911458
17967,1149.0428059895833
17968,500.72292073567706
17969,592.4977416992188
17970,691.0851643880209
17971,638.6023152669271
17972,826.5055135091146
17973,961.4064331054688
17974,852.9670206705729
17975,1194.8187255859375
17976,1176.8727213541667
17977,1206.513427734375
17978,642.6219685872396
17979,784.310546875
17980,1223.5747477213542
17981,1405.7693684895833
17982,1177.9014078776042
17983,718.3049519856771
17984,1025.3403727213542
17985,1552.3578694661458
17986,1481.2721761067708
17987,1484.2137858072917
17988,1701.2893473307292
17989,1846.7054036458333
17990,1173.2007242838542
17991,799.0318196614584
17992,741.9368693033854
17993,459.4503987630208
17994,697.851318359375
17995,587.2660115559896
17996,707.8629557291666
17997,1593.5064290364583
17998,1832.6891682942708
17999,446.26988728841144
18000,385.8407491048177
18001,596.8105061848959
18002,1207.6311442057292
18003,767.8069864908854
18004,964.7533976236979
18005,1428.4764404296875
18006,596.140625
18007,894.880615234375
18008,460.7805684407552
18009,935.5453898111979
18010,1272.1472981770833
18011,1059.020751953125
18012,640.9966634114584
18013,611.31591796875
18014,1748.398193359375
18015,1305.9642333984375
18016,555.0702107747396
18017,702.4028727213541
18018,1582.4434000651042
18019,599.7543334960938
18020,482.77318318684894
18021,1973.9499104817708
18022,1163.2198893229167
18023,1795.1101888020833
18024,653.2508138020834
18025,645.0691528320312
18026,1024.9774169921875
18027,721.2525024414062
18028,2275.1426595052085
18029,1169.0533040364583
18030,2411.2806803385415
18031,2419.372314453125
18032,752.9381510416666
18033,870.4245808919271
18034,860.6778361002604
18035,1343.7946370442708
18036,2414.4127604166665
18037,676.4240519205729
18038,534.6451212565104
18039,317.77879842122394
18040,1969.1268717447917
18041,421.9264424641927
18042,541.737548828125
18043,594.5982462565104
18044,901.0385335286459
18045,767.5599772135416
18046,932.8409830729166
18047,2109.4226888020835
18048,3055.2606608072915
18049,649.1671142578125
18050,578.2652587890625
18051,946.9503987630209
18052,686.1955973307291
18053,592.8001912434896
18054,907.2746988932291
18055,871.7942911783854
18056,1061.8179117838542
18057,1286.8003336588542
18058,716.9561971028646
18059,1222.5974934895833
18060,1137.184326171875
18061,843.0375569661459
18062,1758.1518961588542
18063,627.7677205403646
18064,885.1582234700521
18065,671.6318562825521
18066,520.2980346679688
18067,923.5820515950521
18068,635.2313842773438
18069,729.082763671875
18070,1790.9411214192708
18071,1802.4076334635417
18072,1176.462158203125
18073,940.8772786458334
18074,1192.4163411458333
18075,494.15028889973956
18076,911.9212646484375
18077,583.6468709309896
18078,654.530029296875
18079,781.6907552083334
18080,762.2618204752604
18081,457.80029296875
18082,567.2099812825521
18083,1953.1403401692708
18084,595.5588582356771
18085,1299.4689534505208
18086,732.0430908203125
18087,995.7323404947916
18088,409.0576883951823
18089,538.4543660481771
18090,1637.6233723958333
18091,1023.7990112304688
18092,612.3858846028646
18093,1060.02197265625
18094,1307.5274251302083
18095,890.7931315104166
18096,2010.955322265625
18097,932.0182291666666
18098,1301.4876708984375
18099,908.6247965494791
18100,1721.2013346354167
18101,600.5653686523438
18102,1323.8215738932292
18103,1068.2440999348958
18104,888.4813232421875
18105,803.9072875976562
18106,1155.2551676432292
18107,971.4676310221354
18108,603.4689534505209
18109,725.974853515625
18110,1470.8421630859375
18111,989.7524007161459
18112,507.16832478841144
18113,1228.2925211588542
18114,625.7095336914062
18115,1055.3080240885417
18116,1160.6686604817708
18117,994.7124633789062
18118,1838.5294189453125
18119,626.4395751953125
18120,957.9207153320312
18121,925.3063557942709
18122,947.06591796875
18123,1259.2375895182292
18124,1409.0877685546875
18125,776.4621988932291
18126,1273.2716064453125
18127,1140.4619547526042
18128,1364.3499348958333
18129,981.4556070963541
18130,1089.0937906901042
18131,818.5687255859375
18132,2884.2900390625
18133,2080.0882161458335
18134,616.5317789713541
18135,1717.3850911458333
18136,1276.7214762369792
18137,1114.60791015625
18138,587.4630126953125
18139,506.9504903157552
18140,428.7386779785156
18141,1162.1602783203125
18142,1332.6166585286458
18143,1445.2977294921875
18144,531.2000325520834
18145,661.1149291992188
18146,1162.5428059895833
18147,1385.2019449869792
18148,812.6627197265625
18149,1771.406982421875
18150,1363.6232096354167
18151,980.8025716145834
18152,1479.2229817708333
18153,1283.5001220703125
18154,993.3219401041666
18155,493.72962443033856
18156,1466.7032470703125
18157,1736.4071451822917
18158,1119.701171875
18159,1176.1426595052083
18160,857.6227620442709
18161,1097.7869466145833
18162,928.7272338867188
18163,521.8935139973959
18164,1583.5127766927083
18165,1138.8003336588542
18166,904.8536376953125
18167,2600.935302734375
18168,2470.9136555989585
18169,658.9522705078125
18170,741.4185180664062
18171,1522.1822509765625
18172,594.8124593098959
18173,805.9963582356771
18174,1189.2609456380208
18175,448.7173665364583
18176,1291.5225830078125
18177,836.9179484049479
18178,781.9066162109375
18179,692.5787150065104
18180,463.27942911783856
18181,685.6614176432291
18182,1094.8946533203125
18183,859.5167236328125
18184,452.55796305338544
18185,959.0845133463541
18186,901.7431030273438
18187,984.5250447591146
18188,1647.0233154296875
18189,1712.8992919921875
18190,1586.1731770833333
18191,1614.4344075520833
18192,1226.6183675130208
18193,1260.5186360677083
18194,829.4839274088541
18195,1069.7948404947917
18196,1010.682861328125
18197,926.0404256184896
18198,1002.5538736979166
18199,1187.3095703125
18200,1889.8800048828125
18201,1142.1483561197917
18202,434.1337585449219
18203,798.8245849609375
18204,786.5581258138021
18205,563.1621907552084
18206,872.7982381184896
18207,1493.2912190755208
18208,11883.668294270834
18209,892.7164306640625
18210,723.1239013671875
18211,753.6029866536459
18212,1012.8391316731771
18213,837.771484375
18214,733.8271687825521
18215,1693.573974609375
18216,2106.8984375
18217,791.2291463216146
18218,1545.5467936197917
18219,727.6257120768229
18220,861.9038289388021
18221,852.8558553059896
18222,947.0155843098959
18223,1805.4898681640625
18224,582.0295613606771
18225,696.7847086588541
18226,1187.0767008463542
18227,788.9688924153646
18228,1281.3143310546875
18229,765.8597412109375
18230,1257.4159342447917
18231,579.0383911132812
18232,1720.7965901692708
18233,781.846923828125
18234,1795.3506266276042
18235,1201.9125569661458
18236,612.5138753255209
18237,793.4571126302084
18238,1475.9587809244792
18239,625.7265421549479
18240,790.5662027994791
18241,1316.4933675130208
18242,1162.179931640625
18243,463.89304606119794
18244,1502.0406901041667
18245,876.9631958007812
18246,1646.7831624348958
18247,1557.4159342447917
18248,1217.9108479817708
18249,830.9598999023438
18250,983.5711669921875
18251,1130.4043375651042
18252,514.4748738606771
18253,1355.1106770833333
18254,1191.6192626953125
18255,673.4476521809896
18256,656.9482421875
18257,940.6727091471354
18258,546.712158203125
18259,784.7675984700521
18260,755.5645548502604
18261,581.5675659179688
18262,1184.0579427083333
18263,1005.5201822916666
18264,1207.3942057291667
18265,3392.1856282552085
18266,737.8833618164062
18267,505.2347412109375
18268,554.5691121419271
18269,675.5912272135416
18270,1094.9334716796875
18271,734.5835164388021
18272,874.0955607096354
18273,2326.6012369791665
18274,1175.1713460286458
18275,970.8908894856771
18276,3045.696533203125
18277,1579.6065673828125
18278,482.45273844401044
18279,1291.4600016276042
18280,1326.7345784505208
18281,1284.0897623697917
18282,1082.2035319010417
18283,1029.7146402994792
18284,958.1396077473959
18285,711.785888671875
18286,604.3813069661459
18287,568.7799682617188
18288,1863.9611002604167
18289,748.4286499023438
18290,821.8141682942709
18291,824.7370402018229
18292,695.7789510091146
18293,646.3538208007812
18294,839.2631632486979
18295,2325.9175618489585
18296,925.3331095377604
18297,592.3380737304688
18298,1252.798095703125
18299,1769.5952555338542
18300,802.08056640625
18301,750.0244547526041
18302,511.34938557942706
18303,1083.6573079427083
18304,1092.2691243489583
18305,1279.2467854817708
18306,1930.7037760416667
18307,900.8803507486979
18308,1001.6558024088541
18309,1229.3211263020833
18310,433.78831990559894
18311,1801.3318277994792
18312,745.1943969726562
18313,2445.0987955729165
18314,1166.0200602213542
18315,862.0233154296875
18316,944.79833984375
18317,2866.4403483072915
18318,628.0316162109375
18319,561.6658732096354
18320,953.755859375
18321,869.9275105794271
18322,1119.6793212890625
18323,769.32861328125
18324,1298.6392415364583
18325,1222.1730143229167
18326,457.0718180338542
18327,1081.9068196614583
18328,1248.5962320963542
18329,930.450439453125
18330,649.2283121744791
18331,1229.1774088541667
18332,1561.8673502604167
18333,747.4181925455729
18334,658.8791707356771
18335,1351.7341715494792
18336,1078.900390625
18337,946.0154825846354
18338,1221.0597737630208
18339,1110.2346598307292
18340,673.3099161783854
18341,561.5497436523438
18342,503.67124430338544
18343,661.6365966796875
18344,402.6784362792969
18345,1531.2878824869792
18346,733.5312093098959
18347,1245.0821533203125
18348,692.3121134440104
18349,614.9153238932291
18350,753.4724934895834
18351,617.1072998046875
18352,339.5423889160156
18353,544.0041707356771
18354,1222.9579671223958
18355,618.2880452473959
18356,978.82568359375
18357,557.734130859375
18358,1167.5962320963542
18359,4023.889404296875
18360,852.8941853841146
18361,782.8256429036459
18362,1323.2490234375
18363,635.72119140625
18364,677.2121785481771
18365,1046.308837890625
18366,835.4142862955729
18367,2560.43701171875
18368,725.45849609375
18369,2333.28369140625
18370,738.2081705729166
18371,1398.54345703125
18372,737.2081095377604
18373,537.0724690755209
18374,1145.665771484375
18375,655.2342325846354
18376,1416.9514973958333
18377,1914.4942626953125
18378,765.9505208333334
18379,630.5661417643229
18380,1947.2900390625
18381,831.4053344726562
18382,942.6930948893229
18383,1429.4489339192708
18384,1020.5274861653646
18385,1591.6513671875
18386,735.4462076822916
18387,1271.4185384114583
18388,1111.9961751302083
18389,1375.1317545572917
18390,507.0409647623698
18391,857.2104085286459
18392,858.3843994140625
18393,831.055908203125
18394,2606.99609375
18395,557.1005045572916
18396,772.5748697916666
18397,599.6700032552084
18398,938.8972371419271
18399,1096.11962890625
18400,1691.77734375
18401,1525.9986165364583
18402,2406.3779296875
18403,1678.6635335286458
18404,1399.8323160807292
18405,374.24257405598956
18406,1494.5078938802083
18407,601.2335611979166
18408,674.6216634114584
18409,1004.3100382486979
18410,776.2986450195312
18411,745.2884928385416
18412,649.5289713541666
18413,817.4932657877604
18414,493.6134745279948
18415,3687.19775390625
18416,628.7310384114584
18417,742.1362508138021
18418,716.0382080078125
18419,517.2487182617188
18420,507.91480509440106
18421,2217.493896484375
18422,1514.0622965494792
18423,1031.2465006510417
18424,1257.3803304036458
18425,2106.0952962239585
18426,704.0876057942709
18427,1018.2896931966146
18428,806.5354614257812
18429,714.1764729817709
18430,1918.3006184895833
18431,1647.881591796875
18432,697.4619344075521
18433,782.8993733723959
18434,1007.784423828125
18435,1404.5268147786458
18436,450.4298502604167
18437,1731.1488037109375
18438,1078.1964518229167
18439,720.3828328450521
18440,510.5868631998698
18441,1128.1840006510417
18442,791.6336669921875
18443,904.9589436848959
18444,1063.2420654296875
18445,1635.5164388020833
18446,1063.33544921875
18447,1243.8008219401042
18448,591.6870524088541
18449,769.7540690104166
18450,638.4928792317709
18451,853.9889526367188
18452,925.8444417317709
18453,1112.7260335286458
18454,800.6247762044271
18455,715.1987711588541
18456,1186.7926432291667
18457,1918.2693277994792
18458,1161.8597819010417
18459,945.5114135742188
18460,759.77685546875
18461,1384.1830240885417
18462,686.5972086588541
18463,1375.8389892578125
18464,1112.2291259765625
18465,1240.8004964192708
18466,1072.207763671875
18467,1083.7921956380208
18468,606.1640625
18469,860.1517740885416
18470,744.6313680013021
18471,1756.1705322265625
18472,1278.1774088541667
18473,1076.5577392578125
18474,1058.6992594401042
18475,1312.1517333984375
18476,2139.050048828125
18477,1850.569580078125
18478,777.8456217447916
18479,2142.5462239583335
18480,598.2820841471354
18481,1045.7204996744792
18482,1383.532470703125
18483,754.4069213867188
18484,900.6641235351562
18485,542.4153849283854
18486,1020.24560546875
18487,1294.2362874348958
18488,3540.240478515625
18489,1179.3432210286458
18490,979.9086100260416
18491,777.8082682291666
18492,1075.2449951171875
18493,854.43798828125
18494,1096.6654866536458
18495,681.8900756835938
18496,2086.4982096354165
18497,865.126220703125
18498,1070.2360026041667
18499,1178.1623128255208
18500,1449.5308024088542
18501,431.20933024088544
18502,1201.675537109375
18503,640.3965047200521
18504,601.2522583007812
18505,468.4953918457031
18506,807.6485799153646
18507,5991.267903645833
18508,2022.7983805338542
18509,404.9836120605469
18510,1281.481689453125
18511,869.1833902994791
18512,807.9199422200521
18513,1093.1667073567708
18514,1054.9840494791667
18515,638.4880574544271
18516,652.2890421549479
18517,1193.57373046875
18518,651.1584065755209
18519,1052.1516927083333
18520,900.2563069661459
18521,521.5637613932291
18522,853.1610921223959
18523,3490.3584798177085
18524,1242.5561930338542
18525,1320.4872233072917
18526,677.0255330403646
18527,1830.8212483723958
18528,785.7162679036459
18529,905.3116861979166
18530,384.5742696126302
18531,466.35633341471356
18532,743.812744140625
18533,629.8983154296875
18534,319.02728271484375
18535,1798.763427734375
18536,813.7372639973959
18537,2185.6273600260415
18538,1204.9974365234375
18539,1101.8394775390625
18540,1258.3441569010417
18541,1057.9600830078125
18542,2661.105712890625
18543,1729.8199869791667
18544,1183.8666178385417
18545,1361.3886311848958
18546,1629.2791748046875
18547,1179.90234375
18548,663.5655721028646
18549,1291.2631022135417
18550,805.3591512044271
18551,1102.0882161458333
18552,564.140380859375
18553,1184.2381591796875
18554,821.5585123697916
18555,978.5369669596354
18556,602.0394694010416
18557,997.3952229817709
18558,2602.0196940104165
18559,1427.6971028645833
18560,994.9728800455729
18561,5175.555826822917
18562,1259.2837727864583
18563,624.199951171875
18564,747.4268391927084
18565,810.2361043294271
18566,1148.8900553385417
18567,785.7742716471354
18568,640.1153361002604
18569,600.3727213541666
18570,570.0017903645834
18571,1236.5011800130208
18572,933.1453247070312
18573,1242.1995849609375
18574,1899.6015625
18575,546.5514119466146
18576,548.6929931640625
18577,888.5494995117188
18578,1601.011474609375
18579,926.2443440755209
18580,535.1961263020834
18581,457.0380452473958
18582,1704.0609944661458
18583,1013.6064656575521
18584,1211.1272786458333
18585,1463.8836263020833
18586,1239.897705078125
18587,657.0915730794271
18588,1394.659912109375
18589,1123.3875732421875
18590,2809.6055501302085
18591,512.086171468099
18592,718.3087361653646
18593,715.7397867838541
18594,803.4639485677084
18595,1819.9228922526042
18596,591.550048828125
18597,685.1449584960938
18598,1038.9379069010417
18599,1476.013427734375
18600,595.3484497070312
18601,1770.9073486328125
18602,688.6196085611979
18603,546.1573893229166
18604,961.4137166341146
18605,1103.6903076171875
18606,689.9607137044271
18607,424.61387125651044
18608,1316.5958251953125
18609,855.9712320963541
18610,674.1169637044271
18611,915.3499348958334
18612,962.9442342122396
18613,1155.6324055989583
18614,1631.0017903645833
18615,767.6660563151041
18616,1504.994384765625
18617,1392.6419677734375
18618,1856.4431559244792
18619,758.3399454752604
18620,789.3541259765625
18621,1336.6497395833333
18622,1713.3276774088542
18623,679.3274129231771
18624,1407.8481038411458
18625,724.5413208007812
18626,599.8983764648438
18627,703.4239908854166
18628,867.4286295572916
18629,509.7919616699219
18630,290.0188700358073
18631,771.2420450846354
18632,1650.438232421875
18633,874.0675455729166
18634,532.5457153320312
18635,1694.0608723958333
18636,375.81419881184894
18637,1553.2799072265625
18638,847.2106323242188
18639,2862.8744303385415
18640,1436.3378092447917
18641,891.2512410481771
18642,897.1598307291666
18643,1036.7827962239583
18644,760.5937703450521
18645,996.0027465820312
18646,702.8536580403646
18647,2284.00390625
18648,913.5899454752604
18649,5429.14599609375
18650,444.65296427408856
18651,958.3471883138021
18652,549.9627685546875
18653,1555.2657470703125
18654,711.8422648111979
18655,1486.9139404296875
18656,955.2799479166666
18657,1736.0770670572917
18658,838.4678548177084
18659,910.2399088541666
18660,859.5569254557291
18661,676.7441202799479
18662,1023.7672526041666
18663,648.4065144856771
18664,943.9454956054688
18665,474.8184509277344
18666,862.1916910807291
18667,733.6601359049479
18668,752.3266805013021
18669,1857.9867350260417
18670,806.7044474283854
18671,866.9631958007812
18672,779.2999877929688
18673,1044.6218668619792
18674,749.881591796875
18675,1413.8874918619792
18676,1921.0461018880208
18677,2628.0084635416665
18678,755.6104736328125
18679,832.5876871744791
18680,738.8080240885416
18681,911.5138549804688
18682,827.636474609375
18683,801.2777099609375
18684,619.9429321289062
18685,460.65273030598956
18686,1427.6007080078125
18687,300.4228006998698
18688,1990.8765869140625
18689,1132.748046875
18690,1124.5025227864583
18691,624.8251749674479
18692,1590.44580078125
18693,1283.6510009765625
18694,513.24267578125
18695,1830.0940755208333
18696,566.0027058919271
18697,933.0749308268229
18698,1557.3472900390625
18699,1592.1678466796875
18700,653.7462972005209
18701,2215.6083984375
18702,1022.4796142578125
18703,1130.7416585286458
18704,897.5567830403646
18705,1116.510986328125
18706,864.8211873372396
18707,1243.8650309244792
18708,1536.4569091796875
18709,952.0454915364584
18710,807.9236653645834
18711,1299.7859293619792
18712,833.5198160807291
18713,702.4491170247396
18714,1089.827392578125
18715,490.3952128092448
18716,550.6719970703125
18717,1115.9079182942708
18718,670.4891357421875
18719,1110.4003092447917
18720,497.63909912109375
18721,960.3229573567709
18722,794.6818440755209
18723,1141.6789957682292
18724,1785.4491780598958
18725,1159.7607828776042
18726,1057.4704996744792
18727,541.5940144856771
18728,451.5083719889323
18729,1600.8717041015625
18730,1845.836181640625
18731,722.529052734375
18732,1627.9048258463542
18733,1012.3507690429688
18734,670.074951171875
18735,1339.6339518229167
18736,1116.7185465494792
18737,1090.4575602213542
18738,1558.9651692708333
18739,2670.1476236979165
18740,1057.7687174479167
18741,751.0215657552084
18742,1127.8588053385417
18743,963.2883707682291
18744,1390.2956949869792
18745,847.8994750976562
18746,1502.6073404947917
18747,465.359375
18748,1108.7427571614583
18749,1223.3074951171875
18750,562.1336873372396
18751,1276.7700602213542
18752,1740.568603515625
18753,656.2012939453125
18754,807.2739868164062
18755,620.1676432291666
18756,2428.7303873697915
18757,693.1676839192709
18758,615.7888590494791
18759,851.8220418294271
18760,814.7538248697916
18761,902.2519938151041
18762,729.6358032226562
18763,1821.60400390625
18764,1436.2262776692708
18765,1087.9837239583333
18766,1103.5976969401042
18767,1656.8453369140625
18768,925.8657023111979
18769,566.8875732421875
18770,907.5050048828125
18771,502.6575113932292
18772,639.6078694661459
18773,874.2551676432291
18774,2123.8157552083335
18775,1074.7541097005208
18776,968.5841878255209
18777,589.7437744140625
18778,1022.8841959635416
18779,733.1381429036459
18780,1050.2808024088542
18781,1406.6840413411458
18782,658.5560099283854
18783,908.2339477539062
18784,615.1068115234375
18785,784.8179931640625
18786,1113.2567138671875
18787,1288.6970621744792
18788,631.6891276041666
18789,533.7330729166666
18790,1096.7238362630208
18791,1176.2735188802083
18792,1334.7705078125
18793,1569.4317626953125
18794,823.0777180989584
18795,1300.6850179036458
18796,1087.8036295572917
18797,831.0669555664062
18798,590.2712198893229
18799,837.6454671223959
18800,2308.381591796875
18801,666.6359456380209
18802,1197.502685546875
18803,616.4934895833334
18804,686.1876831054688
18805,1048.4709065755208
18806,977.6456909179688
18807,816.10302734375
18808,1120.8218587239583
18809,513.048583984375
18810,769.0270385742188
18811,2555.039306640625
18812,1604.0813802083333
18813,717.8590291341146
18814,1304.7173258463542
18815,648.6464233398438
18816,1383.64599609375
18817,667.0623168945312
18818,563.2461344401041
18819,963.5400797526041
18820,765.010986328125
18821,464.6453348795573
18822,785.9054361979166
18823,883.6035359700521
18824,864.9674479166666
18825,1066.2443440755208
18826,630.4152425130209
18827,750.467529296875
18828,466.9590250651042
18829,1021.1361287434896
18830,1414.9597574869792
18831,1638.1228841145833
18832,957.6593831380209
18833,574.8119913736979
18834,1811.4662272135417
18835,824.1880086263021
18836,362.41937255859375
18837,446.39332071940106
18838,1129.1871337890625
18839,731.7067057291666
18840,1653.4308675130208
18841,1601.6486409505208
18842,681.9690551757812
18843,1234.2382405598958
18844,780.3608194986979
18845,447.1385803222656
18846,583.4395955403646
18847,1075.9567464192708
18848,814.0584106445312
18849,1364.0054524739583
18850,1193.0938720703125
18851,1340.3173014322917
18852,1321.1020100911458
18853,1390.2312418619792
18854,692.4866333007812
18855,3402.9955240885415
18856,2744.84423828125
18857,1740.9673258463542
18858,3345.2194010416665
18859,1061.2805989583333
18860,1055.3772379557292
18861,1013.6139322916666
18862,4595.41748046875
18863,505.45705159505206
18864,738.6007080078125
18865,1951.2784016927083
18866,918.2100423177084
18867,1053.2381591796875
18868,1384.6572265625
18869,756.9151611328125
18870,691.5519205729166
18871,353.06658935546875
18872,1073.7693277994792
18873,670.8372395833334
18874,618.5766805013021
18875,843.697021484375
18876,720.961669921875
18877,678.9779459635416
18878,720.7175699869791
18879,582.4198201497396
18880,792.9656372070312
18881,1333.1709391276042
18882,610.5646158854166
18883,560.5058390299479
18884,848.0379435221354
18885,902.3566691080729
18886,835.7361653645834
18887,1523.144775390625
18888,866.3837076822916
18889,1504.2465006510417
18890,787.2569783528646
18891,982.1218058268229
18892,1612.7200113932292
18893,1005.610107421875
18894,1150.7870686848958
18895,846.9270833333334
18896,406.7584228515625
18897,749.5879516601562
18898,467.7535909016927
18899,1010.2911173502604
18900,616.5316772460938
18901,786.1891682942709
18902,1199.7467447916667
18903,701.1352335611979
18904,1274.3456624348958
18905,762.2175699869791
18906,2273.214599609375
18907,1354.277099609375
18908,519.5387166341146
18909,2814.5435384114585
18910,1276.5994059244792
18911,747.4091593424479
18912,818.6831258138021
18913,884.4974772135416
18914,750.6030680338541
18915,735.2095743815104
18916,1376.3716634114583
18917,841.5746053059896
18918,607.7673950195312
18919,782.9971720377604
18920,1969.9753011067708
18921,1064.5521240234375
18922,1325.03857421875
18923,998.2801717122396
18924,2183.8575032552085
18925,861.2542521158854
18926,672.6349283854166
18927,611.9909261067709
18928,1813.8013916015625
18929,1624.2935791015625
18930,1131.4740397135417
18931,2262.5704752604165
18932,1291.2762044270833
18933,1617.1042073567708
18934,1243.4391682942708
18935,806.1908976236979
18936,1004.6790364583334
18937,813.3789265950521
18938,728.3759765625
18939,1155.8059488932292
18940,1272.0361735026042
18941,755.4770914713541
18942,1814.1086018880208
18943,1045.466064453125
18944,1222.8709716796875
18945,1623.8378499348958
18946,1735.395751953125
18947,522.1358235677084
18948,1594.8490804036458
18949,674.7316691080729
18950,2020.7728271484375
18951,872.9131469726562
18952,2812.6036783854165
18953,937.4971516927084
18954,2050.8921712239585
18955,981.1979166666666
18956,1230.5690104166667
18957,1778.6135660807292
18958,442.7773946126302
18959,981.0555216471354
18960,1719.3257649739583
18961,1351.1027018229167
18962,867.7386881510416
18963,602.2179768880209
18964,504.3734436035156
18965,517.1562093098959
18966,593.2873331705729
18967,981.1387125651041
18968,534.6277669270834
18969,633.5695393880209
18970,762.7484130859375
18971,876.0437622070312
18972,556.5195109049479
18973,1955.7281901041667
18974,1408.8224690755208
18975,1659.3113199869792
18976,461.65721638997394
18977,1309.2140299479167
18978,2298.5170084635415
18979,637.0677286783854
18980,904.997314453125
18981,736.7737833658854
18982,905.0751546223959
18983,777.3244425455729
18984,1629.2779947916667
18985,673.2815755208334
18986,996.6454060872396
18987,837.5351155598959
18988,504.1632588704427
18989,1446.2021891276042
18990,657.838623046875
18991,954.4782307942709
18992,408.2889811197917
18993,850.8953653971354
18994,589.7096354166666
18995,970.1326904296875
18996,655.1846110026041
18997,723.7184448242188
18998,614.3124186197916
18999,936.2425740559896
19000,1439.2810872395833
19001,566.361328125
19002,786.4763793945312
19003,1082.2993570963542
19004,692.0974731445312
19005,683.7719930013021
19006,1181.6865234375
19007,1145.8752848307292
19008,1086.1658935546875
19009,1100.8769124348958
19010,4184.28759765625
19011,1006.6610107421875
19012,966.7685139973959
19013,1136.6384684244792
19014,624.4583333333334
19015,1118.6621500651042
19016,1366.5999348958333
19017,934.2645060221354
19018,989.0883585611979
19019,1267.9299723307292
19020,707.3452758789062
19021,1367.7970377604167
19022,691.4328816731771
19023,2727.82470703125
19024,5206.126790364583
19025,749.8007609049479
19026,878.6048177083334
19027,539.5126139322916
19028,584.9426066080729
19029,1283.4954833984375
19030,2143.7798665364585
19031,653.9574178059896
19032,530.5092569986979
19033,574.8286539713541
19034,1413.8454996744792
19035,678.7143758138021
19036,1112.7333577473958
19037,527.0701497395834
19038,1635.950927734375
19039,1728.8267822265625
19040,1284.9874267578125
19041,662.7415771484375
19042,746.9975382486979
19043,505.51397705078125
19044,589.1938883463541
19045,557.0069783528646
19046,654.6982218424479
19047,952.806640625
19048,1404.56005859375
19049,475.02069091796875
19050,1471.2032877604167
19051,1122.2591959635417
19052,601.2176106770834
19053,454.69349161783856
19054,988.5861612955729
19055,1441.1305338541667
19056,573.6514078776041
19057,484.3684997558594
19058,1357.1976725260417
19059,1144.7685546875
19060,713.1358439127604
19061,1161.1805826822917
19062,583.026611328125
19063,785.3009236653646
19064,2632.3037923177085
19065,1114.4161376953125
19066,681.4552815755209
19067,497.1759745279948
19068,1001.7689208984375
19069,453.3414001464844
19070,547.0859375
19071,1083.6973470052083
19072,705.2637125651041
19073,1041.5600179036458
19074,730.1833902994791
19075,1845.0300699869792
19076,11919.691080729166
19077,520.9043579101562
19078,759.0680541992188
19079,759.3446044921875
19080,649.6178588867188
19081,801.2357177734375
19082,840.3219604492188
19083,413.7020975748698
19084,1333.6786702473958
19085,958.4310302734375
19086,1183.4000244140625
19087,708.5610148111979
19088,1925.0240071614583
19089,1014.0743611653646
19090,1547.72021484375
19091,790.9378255208334
19092,1071.3875732421875
19093,489.90386962890625
19094,452.79151407877606
19095,989.5731811523438
19096,1398.1921793619792
19097,1724.1274820963542
19098,1045.2114664713542
19099,746.8200887044271
19100,2050.37451171875
19101,393.10227457682294
19102,1089.5178629557292
19103,575.8206176757812
19104,1051.7611490885417
19105,1040.9917399088542
19106,606.9148559570312
19107,919.9207967122396
19108,2192.3758138020835
19109,1409.7433268229167
19110,852.4281005859375
19111,679.2075398763021
19112,876.0121663411459
19113,582.407470703125
19114,655.454345703125
19115,1192.8767496744792
19116,724.2286173502604
19117,1683.7663981119792
19118,1795.1396077473958
19119,832.3200887044271
19120,801.2654418945312
19121,1233.1792399088542
19122,529.7236531575521
19123,647.5731811523438
19124,984.0736083984375
19125,1126.8086751302083
19126,2060.11572265625
19127,1725.0445963541667
19128,1241.0571695963542
19129,919.5579630533854
19130,693.7362263997396
19131,1525.5815022786458
19132,755.3885904947916
19133,1023.0458577473959
19134,1062.6949869791667
19135,897.9712320963541
19136,1266.78369140625
19137,888.36474609375
19138,873.7115681966146
19139,881.5621541341146
19140,1202.1246337890625
19141,661.5762939453125
19142,737.95751953125
19143,1041.4142252604167
19144,480.12111409505206
19145,509.9131673177083
19146,870.4767862955729
19147,852.1702880859375
19148,807.5238444010416
19149,1101.4571126302083
19150,907.447998046875
19151,605.1514892578125
19152,1705.6283365885417
19153,1032.6041666666667
19154,2556.5227864583335
19155,1789.2403971354167
19156,3424.2798665364585
19157,1561.0533447265625
19158,1263.3358561197917
19159,606.0140584309896
19160,609.6021931966146
19161,2759.39453125
19162,1003.4409586588541
19163,4011.63671875
19164,1573.4935709635417
19165,686.9167277018229
19166,1162.9326578776042
19167,884.5003458658854
19168,970.1645914713541
19169,750.4026285807291
19170,996.6973876953125
19171,817.0740152994791
19172,1294.6106363932292
19173,564.1694132486979
19174,772.6703898111979
19175,1045.9900716145833
19176,1300.921875
19177,877.7011108398438
19178,734.4883422851562
19179,889.2212524414062
19180,1046.2006022135417
19181,604.1441243489584
19182,960.3457438151041
19183,434.57000732421875
19184,1311.5276285807292
19185,1104.0402018229167
19186,489.3549499511719
19187,637.5169474283854
19188,1428.69384765625
19189,643.8724772135416
19190,529.4444376627604
19191,961.1654459635416
19192,702.764892578125
19193,653.2586873372396
19194,297.8056233723958
19195,586.3040161132812
19196,892.7337036132812
19197,726.5383504231771
19198,617.7363688151041
19199,2821.1656087239585
19200,1262.2218831380208
19201,624.1168416341146
19202,1751.801513671875
19203,722.6435343424479
19204,1560.9310302734375
19205,1934.2050374348958
19206,998.3480631510416
19207,977.25439453125
19208,796.9575602213541
19209,601.3418172200521
19210,1651.4835611979167
19211,638.058837890625
19212,480.6371256510417
19213,1248.3088785807292
19214,1106.47021484375
19215,644.4295043945312
19216,974.7735188802084
19217,581.5838012695312
19218,652.4415690104166
19219,787.8549601236979
19220,1360.11572265625
19221,1216.1764322916667
19222,1602.0989990234375
19223,756.7527872721354
19224,2747.5055338541665
19225,1636.4720865885417
19226,547.5155436197916
19227,1402.2518717447917
19228,1727.0138753255208
19229,596.5314127604166
19230,957.2690022786459
19231,1885.9970703125
19232,1175.513427734375
19233,1194.2628987630208
19234,639.3488362630209
19235,1426.5937093098958
19236,689.4130249023438
19237,1483.1693115234375
19238,503.0706075032552
19239,1131.5447184244792
19240,1583.4991455078125
19241,897.1585083007812
19242,2114.1263834635415
19243,662.0531819661459
19244,583.233154296875
19245,1085.6788736979167
19246,4251.335123697917
19247,2491.4446614583335
19248,1861.0580647786458
19249,923.1735432942709
19250,859.3984578450521
19251,596.0299275716146
19252,1414.9996744791667
19253,492.22235107421875
19254,1041.0303955078125
19255,857.7506917317709
19256,721.6760660807291
19257,2070.1136067708335
19258,1017.2296142578125
19259,1849.1351318359375
19260,1925.9925130208333
19261,715.7006225585938
19262,591.4508870442709
19263,661.6505737304688
19264,693.8389078776041
19265,873.7993774414062
19266,572.9065348307291
19267,386.4166971842448
19268,763.9713948567709
19269,712.9347941080729
19270,781.1673787434896
19271,1033.1988525390625
19272,483.80089314778644
19273,963.7342936197916
19274,833.9368489583334
19275,748.08154296875
19276,565.1627197265625
19277,520.5565795898438
19278,1361.8595377604167
19279,1041.425048828125
19280,572.1996256510416
19281,1387.7006022135417
19282,797.2438151041666
19283,1332.7628173828125
19284,948.4173583984375
19285,1771.3492431640625
19286,848.9933064778646
19287,721.8247273763021
19288,874.0821126302084
19289,750.8774210611979
19290,1899.8443603515625
19291,1817.8427327473958
19292,2367.875
19293,1138.4283854166667
19294,738.4441731770834
19295,2509.338623046875
19296,1232.7088216145833
19297,1574.4629720052083
19298,524.5455525716146
19299,1000.8977457682291
19300,1484.9444986979167
19301,521.240966796875
19302,1290.6483968098958
19303,1054.8927815755208
19304,1161.4745686848958
19305,1625.9500732421875
19306,1143.0482584635417
19307,1057.4119873046875
19308,581.8840738932291
19309,752.7234903971354
19310,744.4300740559896
19311,665.7518310546875
19312,1627.4076741536458
19313,944.2711995442709
19314,1317.0369466145833
19315,573.9884440104166
19316,944.2928873697916
19317,979.1947224934896
19318,1360.1768391927083
19319,789.5445353190104
19320,609.6554972330729
19321,1591.1261800130208
19322,827.3989868164062
19323,915.6811726888021
19324,1697.103759765625
19325,1216.6209309895833
19326,753.8013509114584
19327,992.8350016276041
19328,811.3369750976562
19329,1525.981201171875
19330,1345.6123046875
19331,577.898193359375
19332,991.3293050130209
19333,1135.2941080729167
19334,1231.8708902994792
19335,700.4562581380209
19336,1536.2806396484375
19337,965.9242350260416
19338,1169.9824625651042
19339,808.4532877604166
19340,1024.9796142578125
19341,1254.4554036458333
19342,900.7829793294271
19343,494.94908650716144
19344,2127.5811360677085
19345,1129.1033121744792
19346,830.2187296549479
19347,762.6463419596354
19348,537.7337036132812
19349,620.8458048502604
19350,1000.2561848958334
19351,1530.3138427734375
19352,846.1926879882812
19353,2649.9204915364585
19354,863.6652425130209
19355,1731.6291097005208
19356,508.33457438151044
19357,756.3603922526041
19358,968.0597127278646
19359,1150.3570149739583
19360,628.8654174804688
19361,488.27489217122394
19362,637.3700764973959
19363,1170.564208984375
19364,1860.2046305338542
19365,769.2390950520834
19366,1291.2147216796875
19367,817.2168579101562
19368,1463.4460042317708
19369,1027.1864420572917
19370,560.3544108072916
19371,2730.3418782552085
19372,706.1103515625
19373,1179.2355550130208
19374,1975.7342936197917
19375,931.4050699869791
19376,1389.3772786458333
19377,1295.4701334635417
19378,681.9693400065104
19379,2244.3750813802085
19380,915.2044067382812
19381,669.5950520833334
19382,1002.10693359375
19383,1053.8691813151042
19384,1426.173583984375
19385,1348.7123209635417
19386,1383.0109456380208
19387,1208.181396484375
19388,1056.8229166666667
19389,2295.95263671875
19390,743.6358846028646
19391,1272.8218180338542
19392,575.4227905273438
19393,1190.9875895182292
19394,1990.2168782552083
19395,640.5543619791666
19396,1118.7405598958333
19397,891.7713419596354
19398,666.6229044596354
19399,1366.2058919270833
19400,954.9741007486979
19401,787.3219807942709
19402,831.2147216796875
19403,707.9464925130209
19404,539.491943359375
19405,1100.3766276041667
19406,681.2904459635416
19407,741.1337890625
19408,651.0373331705729
19409,972.407958984375
19410,703.2195231119791
19411,1037.6899820963542
19412,935.0770263671875
19413,546.3555297851562
19414,498.7965393066406
19415,1210.9309895833333
19416,1412.1719156901042
19417,2241.207275390625
19418,576.5166015625
19419,950.1203409830729
19420,686.1394246419271
19421,1584.5282389322917
19422,1387.4236246744792
19423,1655.4818115234375
19424,770.3367919921875
19425,556.4889526367188
19426,573.6222127278646
19427,488.46579996744794
19428,1063.4987386067708
19429,548.9266357421875
19430,1560.5709635416667
19431,3551.6227213541665
19432,981.1771036783854
19433,935.3208414713541
19434,4662.201171875
19435,857.2667032877604
19436,953.5619099934896
19437,2867.4513346354165
19438,1049.9508056640625
19439,696.6061604817709
19440,833.1772867838541
19441,562.5875447591146
19442,724.8661702473959
19443,463.6719258626302
19444,1405.8096516927083
19445,438.5648905436198
19446,1018.6624552408854
19447,755.0523681640625
19448,573.4072875976562
19449,1743.9791259765625
19450,533.0118815104166
19451,943.4974568684896
19452,734.4838663736979
19453,969.7210896809896
19454,1398.6441243489583
19455,830.8471069335938
19456,1954.2177327473958
19457,896.388427734375
19458,502.09644571940106
19459,1444.5832112630208
19460,773.7014363606771
19461,564.9934488932291
19462,862.8282877604166
19463,533.063232421875
19464,536.6739908854166
19465,560.8428955078125
19466,776.9004313151041
19467,672.2642415364584
19468,921.027587890625
19469,1328.0602213541667
19470,495.86269124348956
19471,957.6546223958334
19472,1070.3122965494792
19473,1639.5656331380208
19474,450.1685078938802
19475,520.8525797526041
19476,1266.8192952473958
19477,717.4760335286459
19478,1725.9508056640625
19479,1680.7025553385417
19480,893.4171346028646
19481,835.8624471028646
19482,985.7919921875
19483,647.5428873697916
19484,2578.8046875
19485,1061.982421875
19486,2108.6300455729165
19487,471.8439127604167
19488,1188.7854817708333
19489,682.9793090820312
19490,845.5091552734375
19491,551.8215738932291
19492,710.5680135091146
19493,509.5052897135417
19494,514.7605794270834
19495,731.3282063802084
19496,1182.393310546875
19497,1221.6799723307292
19498,671.1113484700521
19499,13163.455078125
19500,583.4413452148438
19501,796.2585042317709
19502,696.3109334309896
19503,709.3256225585938
19504,822.1754150390625
19505,1037.0017903645833
19506,802.9915568033854
19507,845.3157755533854
19508,1803.111083984375
19509,1147.178466796875
19510,1464.6140543619792
19511,936.1806437174479
19512,953.8491414388021
19513,750.3346557617188
19514,1005.2548624674479
19515,1213.8810628255208
19516,1171.9272054036458
19517,1136.5725911458333
19518,774.1530151367188
19519,914.2129720052084
19520,1003.2784220377604
19521,570.735595703125
19522,3576.7604166666665
19523,1262.03076171875
19524,717.3165283203125
19525,601.061279296875
19526,798.1705729166666
19527,694.7882486979166
19528,1033.0488688151042
19529,1249.0015869140625
19530,982.8615315755209
19531,718.3085530598959
19532,467.38319905598956
19533,1013.6076456705729
19534,783.7333780924479
19535,1028.2888997395833
19536,1728.1054280598958
19537,516.61474609375
19538,1790.01904296875
19539,569.2086588541666
19540,1676.2923990885417
19541,851.9367472330729
19542,1929.4243977864583
19543,2034.6728108723958
19544,1532.4268798828125
19545,612.0135904947916
19546,1632.1142985026042
19547,1751.4651692708333
19548,1520.3997802734375
19549,845.3131306966146
19550,1192.94921875
19551,1014.7586263020834
19552,428.7032165527344
19553,653.4131876627604
19554,1535.8687744140625
19555,671.2986653645834
19556,696.4237263997396
19557,496.9063212076823
19558,1565.6849772135417
19559,724.5451253255209
19560,891.4262084960938
19561,475.92706298828125
19562,632.4632568359375
19563,885.8499552408854
19564,760.0350952148438
19565,793.9023640950521
19566,494.1277364095052
19567,463.2261047363281
19568,1104.8985595703125
19569,1101.9718017578125
19570,589.1920979817709
19571,514.4127604166666
19572,1390.3542073567708
19573,680.8781127929688
19574,565.6669514973959
19575,406.1326192220052
19576,614.9627888997396
19577,534.7082926432291
19578,899.9531453450521
19579,1526.339599609375
19580,1305.8287760416667
19581,476.847412109375
19582,683.6571248372396
19583,538.5142618815104
19584,858.9424235026041
19585,2269.1363932291665
19586,4461.196126302083
19587,2101.0211588541665
19588,658.7945556640625
19589,770.9361165364584
19590,1579.7934163411458
19591,1296.9579671223958
19592,489.3446756998698
19593,886.0580240885416
19594,1012.8956705729166
19595,825.4157104492188
19596,1070.5266520182292
19597,1322.6921793619792
19598,652.4897664388021
19599,1152.076904296875
19600,822.7575276692709
19601,1219.676025390625
19602,744.0795288085938
19603,1389.3448893229167
19604,887.6147664388021
19605,1350.0138753255208
19606,418.00697835286456
19607,1277.512451171875
19608,1347.6000569661458
19609,686.4146931966146
19610,950.855224609375
19611,1582.7209065755208
19612,1142.6094156901042
19613,1329.1595458984375
19614,467.8505859375
19615,782.30517578125
19616,687.7248738606771
19617,1358.4773763020833
19618,674.9906209309896
19619,1283.6709391276042
19620,1071.2759602864583
19621,860.4892985026041
19622,947.9141438802084
19623,744.7922770182291
19624,822.9977213541666
19625,617.3069661458334
19626,1092.307861328125
19627,2573.942626953125
19628,752.2301635742188
19629,1059.4323323567708
19630,938.3622436523438
19631,595.5274658203125
19632,1070.4554850260417
19633,1471.6492106119792
19634,1828.5680745442708
19635,942.4354248046875
19636,1154.8415934244792
19637,640.7826538085938
19638,1627.9342041015625
19639,873.4316609700521
19640,2311.990966796875
19641,601.5459391276041
19642,783.2135823567709
19643,1187.6139729817708
19644,373.5312194824219
19645,815.3218790690104
19646,2212.6062825520835
19647,684.6697591145834
19648,822.114990234375
19649,736.7885945638021
19650,1097.8355712890625
19651,348.6796875
19652,761.5865275065104
19653,1369.4684651692708
19654,482.0486145019531
19655,2518.0374348958335
19656,1227.1018473307292
19657,1293.2621663411458
19658,587.1631469726562
19659,985.0233968098959
19660,578.79150390625
19661,1048.9179280598958
19662,590.9086303710938
19663,1858.2491455078125
19664,646.4474894205729
19665,774.2040812174479
19666,993.091064453125
19667,949.0069173177084
19668,995.4380289713541
19669,715.3963826497396
19670,1008.18310546875
19671,1379.0524088541667
19672,2193.0336100260415
19673,629.4371948242188
19674,2872.4832356770835
19675,723.3920084635416
19676,2589.74462890625
19677,1079.0929768880208
19678,603.2381998697916
19679,1850.2012532552083
19680,922.3548787434896
19681,858.0363972981771
19682,869.4454752604166
19683,888.5668131510416
19684,518.8433430989584
19685,839.3539428710938
19686,1132.8271891276042
19687,2960.0912272135415
19688,1382.1068522135417
19689,1400.5118001302083
19690,773.9585774739584
19691,825.1750284830729
19692,699.2717488606771
19693,620.2849934895834
19694,857.0671590169271
19695,1370.639892578125
19696,902.203857421875
19697,540.7478434244791
19698,735.8653157552084
19699,586.6484781901041
19700,1044.9372965494792
19701,777.4749755859375
19702,749.2999877929688
19703,1637.6844075520833
19704,1202.0382893880208
19705,1729.7014973958333
19706,616.5309448242188
19707,1844.4364827473958
19708,889.1043294270834
19709,485.08970133463544
19710,406.5762532552083
19711,484.47655232747394
19712,1475.07958984375
19713,747.0872395833334
19714,1721.0983479817708
19715,5144.566243489583
19716,1553.0631103515625
19717,852.1685384114584
19718,1245.8232014973958
19719,1121.203125
19720,540.7819010416666
19721,1214.3774820963542
19722,954.9263305664062
19723,955.9698893229166
19724,573.5408325195312
19725,824.8257242838541
19726,390.7834879557292
19727,1694.3963216145833
19728,1378.3142496744792
19729,2589.6787923177085
19730,1100.0830078125
19731,757.6231486002604
19732,2240.5682779947915
19733,975.8293050130209
19734,501.87535603841144
19735,535.5606892903646
19736,531.0608723958334
19737,837.4647216796875
19738,785.5618082682291
19739,1535.4800211588542
19740,1280.1383056640625
19741,886.9925130208334
19742,960.8701578776041
19743,1022.2862955729166
19744,623.4043375651041
19745,852.0356648763021
19746,925.5143229166666
19747,685.7643229166666
19748,1040.1859944661458
19749,1600.0978190104167
19750,829.8493448893229
19751,2120.3253580729165
19752,1359.8038736979167
19753,2432.45068359375
19754,800.5853068033854
19755,2052.6573893229165
19756,926.6534627278646
19757,829.7298990885416
19758,1258.9803059895833
19759,899.4453938802084
19760,1076.4030354817708
19761,960.6338297526041
19762,886.98486328125
19763,1464.1698404947917
19764,816.892822265625
19765,482.44651285807294
19766,616.1182047526041
19767,858.9645182291666
19768,1465.5157470703125
19769,1120.5562337239583
19770,514.2034098307291
19771,651.0329793294271
19772,767.3160196940104
19773,2170.2237955729165
19774,708.9015909830729
19775,546.8149617513021
19776,1240.1983642578125
19777,1894.3564046223958
19778,889.0813598632812
19779,1401.8800862630208
19780,1345.0071614583333
19781,1773.5095621744792
19782,698.5263875325521
19783,1134.5531005859375
19784,755.3913167317709
19785,608.853515625
19786,948.4853312174479
19787,682.2105102539062
19788,932.6733194986979
19789,779.7435913085938
19790,559.0034993489584
19791,956.3125610351562
19792,2569.1560872395835
19793,972.6379801432291
19794,1019.7006022135416
19795,822.5096638997396
19796,704.7022908528646
19797,1746.9690348307292
19798,1296.2716471354167
19799,409.32326253255206
19800,685.8017578125
19801,1108.6685791015625
19802,652.2727457682291
19803,809.0271402994791
19804,2681.5986328125
19805,773.7718709309896
19806,1318.9822998046875
19807,820.5301513671875
19808,643.8844401041666
19809,631.1999104817709
19810,1144.6883138020833
19811,1089.0194498697917
19812,342.53424072265625
19813,580.9681599934896
19814,1015.220947265625
19815,1272.370849609375
19816,770.1318562825521
19817,637.6420694986979
19818,2442.7434895833335
19819,864.9094645182291
19820,1514.3168131510417
19821,1030.1517740885417
19822,1230.284423828125
19823,447.5020751953125
19824,431.57399495442706
19825,1725.3590494791667
19826,708.4218953450521
19827,893.1287231445312
19828,618.516845703125
19829,863.9879964192709
19830,2448.2172037760415
19831,1401.0145670572917
19832,1021.4144490559896
19833,846.2220865885416
19834,403.80792236328125
19835,1022.1336669921875
19836,1356.0827229817708
19837,977.0509847005209
19838,857.0574951171875
19839,1175.0474853515625
19840,1754.9562581380208
19841,942.7793579101562
19842,2327.412353515625
19843,2844.63720703125
19844,1056.4103190104167
19845,1358.6278889973958
19846,619.4051717122396
19847,1941.13916015625
19848,858.6095174153646
19849,757.5929768880209
19850,1075.5564371744792
19851,1084.7561442057292
19852,1709.6172688802083
19853,1147.2584228515625
19854,1164.359375
19855,1053.5252685546875
19856,999.5724487304688
19857,672.9779256184896
19858,1847.5549723307292
19859,1059.2379557291667
19860,1020.94775390625
19861,994.9006551106771
19862,2428.1300455729165
19863,1116.1676025390625
19864,1758.2947998046875
19865,1290.9875081380208
19866,1147.7912190755208
19867,1672.6959228515625
19868,831.8776041666666
19869,516.544189453125
19870,1352.5334065755208
19871,692.5269571940104
19872,975.2613728841146
19873,1018.2975463867188
19874,1875.7782389322917
19875,805.7693277994791
19876,751.4865315755209
19877,875.4644775390625
19878,1616.1302490234375
19879,1763.6289469401042
19880,863.3974202473959
19881,669.0767822265625
19882,995.1948649088541
19883,636.0414835611979
19884,587.5313924153646
19885,1851.330322265625
19886,1553.9508463541667
19887,1465.7427164713542
19888,667.244384765625
19889,826.3667805989584
19890,885.7854614257812
19891,470.1878662109375
19892,4070.0813802083335
19893,685.7232869466146
19894,730.8384399414062
19895,987.927978515625
19896,1720.6885172526042
19897,1459.4261474609375
19898,3145.450439453125
19899,2768.2770182291665
19900,418.0699462890625
19901,1405.446044921875
19902,523.7422078450521
19903,783.2449544270834
19904,672.7139485677084
19905,810.8825073242188
19906,908.5404256184896
19907,1284.78857421875
19908,1194.4303385416667
19909,536.7823893229166
19910,4820.412760416667
19911,637.2611490885416
19912,932.4654744466146
19913,1328.3581136067708
19914,606.4812418619791
19915,763.9287312825521
19916,1012.6915893554688
19917,738.4562581380209
19918,626.7953898111979
19919,1274.2357177734375
19920,2865.6316731770835
19921,1457.7098388671875
19922,629.0759073893229
19923,1235.2908528645833
19924,819.9535522460938
19925,873.9100748697916
19926,991.2908935546875
19927,2129.1517740885415
19928,827.68603515625
19929,1451.4821370442708
19930,1211.1404215494792
19931,2295.33544921875
19932,898.8594156901041
19933,613.7275594075521
19934,1187.6175537109375
19935,766.1687215169271
19936,1045.3330485026042
19937,1258.2960205078125
19938,790.3057657877604
19939,1077.6395263671875
19940,811.9675089518229
19941,674.1305745442709
19942,773.5117390950521
19943,1258.1419677734375
19944,823.7080891927084
19945,465.2968444824219
19946,683.4806722005209
19947,1229.9099527994792
19948,786.7845865885416
19949,684.2586873372396
19950,813.4431966145834
19951,726.5986531575521
19952,679.7703247070312
19953,1255.5260416666667
19954,790.5617268880209
19955,1088.9596354166667
19956,606.6535441080729
19957,1232.74951171875
19958,1997.1970621744792
19959,728.6122436523438
19960,806.3259887695312
19961,1619.1357014973958
19962,1383.6762288411458
19963,1267.5813395182292
19964,1052.7022705078125
19965,1683.2187093098958
19966,624.0986124674479
19967,907.2364501953125
19968,707.8435668945312
19969,895.2956746419271
19970,1617.8415120442708
19971,1306.8704020182292
19972,1060.4023844401042
19973,489.2184244791667
19974,609.3500569661459
19975,1073.235107421875
19976,1761.7771809895833
19977,1373.3943684895833
19978,485.7555236816406
19979,697.3828531901041
19980,598.4967041015625
19981,503.99827067057294
19982,612.2717488606771
19983,732.2416381835938
19984,508.5773620605469
19985,1457.2103678385417
19986,910.1950073242188
19987,295.8462422688802
19988,712.6384684244791
19989,565.9399210611979
19990,875.6370849609375
19991,501.5546061197917
19992,1065.0107014973958
19993,549.7823079427084
19994,1164.2562662760417
19995,550.9966634114584
19996,628.3600667317709
19997,1631.4704182942708
19998,1005.3728637695312
19999,424.51999918619794
20000,651.5460815429688
20001,922.2500610351562
20002,900.4287516276041
20003,665.4094645182291
20004,576.4773152669271
20005,713.8562418619791
20006,997.9748738606771
20007,964.748291015625
20008,2934.2730305989585
20009,1099.1289469401042
20010,693.2767740885416
20011,938.6244099934896
20012,1730.2691650390625
20013,666.8481241861979
20014,618.7829996744791
20015,841.1368204752604
20016,1485.3732096354167
20017,986.8531494140625
20018,1209.2127278645833
20019,1044.0838623046875
20020,733.9071655273438
20021,677.8206380208334
20022,900.458740234375
20023,815.4675089518229
20024,970.6015421549479
20025,1438.63525390625
20026,858.6979370117188
20027,1505.4468587239583
20028,617.9385579427084
20029,1541.5697021484375
20030,1170.9404296875
20031,640.9680582682291
20032,1552.2174886067708
20033,884.4882405598959
20034,1612.247802734375
20035,1297.850341796875
20036,1265.05908203125
20037,695.265380859375
20038,522.7809041341146
20039,594.640380859375
20040,753.0412190755209
20041,719.3314005533854
20042,716.6533813476562
20043,927.3940226236979
20044,911.1791585286459
20045,1545.3635660807292
20046,2211.15966796875
20047,1076.5666097005208
20048,491.5420328776042
20049,708.41943359375
20050,1553.8017171223958
20051,845.4470418294271
20052,449.11090087890625
20053,600.5739542643229
20054,693.7586059570312
20055,533.6815999348959
20056,753.0724894205729
20057,1150.3838704427083
20058,530.2814534505209
20059,1528.6824951171875
20060,12591.009114583334
20061,876.4354248046875
20062,576.0573120117188
20063,1172.6785888671875
20064,726.4437662760416
20065,942.0037434895834
20066,748.2530721028646
20067,1089.0916341145833
20068,4128.055826822917
20069,851.5850626627604
20070,2596.9923502604165
20071,1067.1048177083333
20072,1565.6142578125
20073,1213.2127278645833
20074,1382.4061279296875
20075,994.3921712239584
20076,525.3736979166666
20077,922.9070638020834
20078,389.5699157714844
20079,926.0622355143229
20080,775.2282511393229
20081,801.1483968098959
20082,901.19189453125
20083,626.6601155598959
20084,1005.4791056315104
20085,448.0502421061198
20086,1599.7086588541667
20087,2579.3888346354165
20088,573.0469970703125
20089,1128.9648030598958
20090,981.162109375
20091,650.2155965169271
20092,687.4871419270834
20093,474.0549723307292
20094,534.2532145182291
20095,551.8201090494791
20096,643.1681722005209
20097,564.5386352539062
20098,597.0848185221354
20099,924.6154581705729
20100,1589.7027587890625
20101,1984.5009765625
20102,1593.1446940104167
20103,1046.5617268880208
20104,713.1227620442709
20105,656.351806640625
20106,1484.6819254557292
20107,957.62109375
20108,694.5891723632812
20109,434.54725138346356
20110,892.3123982747396
20111,861.1041056315104
20112,299.0863749186198
20113,389.49997965494794
20114,1068.8021647135417
20115,832.0622151692709
20116,3308.9363606770835
20117,1441.7487386067708
20118,944.7404174804688
20119,696.5342610677084
20120,1158.1859130859375
20121,1327.1849365234375
20122,835.1351114908854
20123,1279.8629964192708
20124,601.1648763020834
20125,910.0078531901041
20126,819.6688842773438
20127,774.8331909179688
20128,1093.5736490885417
20129,1411.3322347005208
20130,808.0376586914062
20131,638.3534749348959
20132,897.0026448567709
20133,1153.4082438151042
20134,1246.7747395833333
20135,1276.3141682942708
20136,649.4690348307291
20137,745.0695190429688
20138,2091.3359375
20139,506.7245686848958
20140,489.27252197265625
20141,1087.4262288411458
20142,650.7837931315104
20143,1610.4857991536458
20144,1398.2524007161458
20145,685.2775268554688
20146,979.6464029947916
20147,436.32239786783856
20148,1094.60546875
20149,583.7049357096354
20150,959.5049235026041
20151,899.4659220377604
20152,583.388427734375
20153,507.6275329589844
20154,761.79833984375
20155,963.6711832682291
20156,809.0646362304688
20157,1381.8111979166667
20158,904.8741658528646
20159,847.5484619140625
20160,457.6091003417969
20161,2269.512451171875
20162,1075.9558919270833
20163,2601.2444661458335
20164,968.7639770507812
20165,656.9283243815104
20166,1498.7415771484375
20167,1486.9224853515625
20168,875.64111328125
20169,654.2539876302084
20170,925.7155965169271
20171,941.7381591796875
20172,675.9251302083334
20173,925.936767578125
20174,759.0327758789062
20175,689.6741739908854
20176,1612.6879475911458
20177,691.3100789388021
20178,453.5792744954427
20179,1320.8197021484375
20180,3476.451171875
20181,1488.6038411458333
20182,1061.3734130859375
20183,916.0605265299479
20184,1107.6029052734375
20185,474.7118631998698
20186,740.1191609700521
20187,1168.6343994140625
20188,406.5688883463542
20189,846.5899047851562
20190,1581.1280110677083
20191,489.95762125651044
20192,635.7715861002604
20193,475.5210876464844
20194,488.174560546875
20195,725.1276448567709
20196,1226.7677408854167
20197,924.8839111328125
20198,1278.6215006510417
20199,477.75661214192706
20200,656.361328125
20201,2180.2256673177085
20202,876.5555826822916
20203,634.2796020507812
20204,1016.3869832356771
20205,1056.2627360026042
20206,524.7909749348959
20207,1026.5116373697917
20208,1239.8809407552083
20209,1414.8388264973958
20210,1185.413330078125
20211,1465.76318359375
20212,780.7886352539062
20213,1091.2510579427083
20214,998.4783325195312
20215,1146.712890625
20216,883.2078247070312
20217,487.9653727213542
20218,880.967529296875
20219,1735.3182779947917
20220,465.93943277994794
20221,1264.9464518229167
20222,632.6372273763021
20223,494.46764119466144
20224,510.1227213541667
20225,353.6600748697917
20226,602.76611328125
20227,1206.1789957682292
20228,872.4164428710938
20229,956.9782511393229
20230,1157.3567301432292
20231,787.6086018880209
20232,1115.9290364583333
20233,464.9200948079427
20234,890.3368123372396
20235,515.5618896484375
20236,1203.2383626302083
20237,937.5526123046875
20238,915.533935546875
20239,579.2984008789062
20240,738.8983968098959
20241,589.7602742513021
20242,1073.9727783203125
20243,546.0362548828125
20244,1066.6192626953125
20245,716.828125
20246,639.470458984375
20247,1877.28076171875
20248,710.498291015625
20249,991.8788248697916
20250,1754.1817626953125
20251,787.6415608723959
20252,964.2118530273438
20253,1019.7529703776041
20254,1682.3751220703125
20255,628.2361043294271
20256,999.2252807617188
20257,1800.8791097005208
20258,11911.7333984375
20259,877.6392618815104
20260,1143.5423583984375
20261,1879.1635335286458
20262,797.0168050130209
20263,1047.0747477213542
20264,908.5735473632812
20265,839.2165120442709
20266,11717.8369140625
20267,591.9288126627604
20268,1119.4412841796875
20269,1084.31884765625
20270,789.5097045898438
20271,458.9201253255208
20272,832.2338256835938
20273,997.1366373697916
20274,2394.093994140625
20275,1483.2168782552083
20276,976.8150634765625
20277,1835.5549723307292
20278,760.1307983398438
20279,1033.0182291666667
20280,860.4521077473959
20281,787.0499267578125
20282,753.3037516276041
20283,564.729248046875
20284,1493.2882893880208
20285,958.2297973632812
20286,1432.5653076171875
20287,1108.5806884765625
20288,1649.1467692057292
20289,575.7791951497396
20290,1110.4507649739583
20291,1158.0172119140625
20292,2827.679443359375
20293,1028.9277750651042
20294,1510.62841796875
20295,1146.4062093098958
20296,3357.1874186197915
20297,1063.3577880859375
20298,720.9052124023438
20299,507.2782897949219
20300,1154.4211018880208
20301,750.2013142903646
20302,792.6374715169271
20303,3357.46923828125
20304,1333.5727132161458
20305,866.7964477539062
20306,2257.9873046875
20307,710.9524739583334
20308,1168.0909830729167
20309,1557.298828125
20310,847.9649251302084
20311,580.7384236653646
20312,774.338134765625
20313,743.0461018880209
20314,450.0257975260417
20315,1632.8487955729167
20316,531.6842651367188
20317,1057.7502034505208
20318,1215.8353678385417
20319,1970.1684977213542
20320,1114.030029296875
20321,841.8561401367188
20322,1995.1357421875
20323,1063.9683430989583
20324,844.7414347330729
20325,1044.24755859375
20326,1293.6496175130208
20327,1368.8914388020833
20328,709.7730102539062
20329,1079.2505696614583
20330,705.0915323893229
20331,2276.98974609375
20332,2920.8948567708335
20333,693.0509236653646
20334,437.6863505045573
20335,468.86391194661456
20336,442.2366434733073
20337,701.6921997070312
20338,931.7711791992188
20339,1798.0909830729167
20340,1470.3271077473958
20341,532.2259521484375
20342,578.3942464192709
20343,1102.2249755859375
20344,745.0957438151041
20345,955.8711954752604
20346,769.3390909830729
20347,1000.5847574869791
20348,558.4429524739584
20349,664.5996704101562
20350,863.7851969401041
20351,749.6431477864584
20352,1057.1579182942708
20353,1955.5916341145833
20354,912.6693115234375
20355,824.7404378255209
20356,3006.9688313802085
20357,662.8648274739584
20358,915.1062825520834
20359,1046.3145345052083
20360,977.1225179036459
20361,1303.3834635416667
20362,1240.1314697265625
20363,637.1506144205729
20364,719.6503092447916
20365,1138.4779052734375
20366,1910.0477701822917
20367,735.5766398111979
20368,722.9239298502604
20369,760.7862955729166
20370,1421.5591227213542
20371,1495.5264485677083
20372,5242.8935546875
20373,1205.0195719401042
20374,880.4398193359375
20375,652.4054565429688
20376,804.2500610351562
20377,1193.6198323567708
20378,1036.5396728515625
20379,867.7132568359375
20380,1580.9560139973958
20381,683.9816487630209
20382,500.4693908691406
20383,1144.2049560546875
20384,1477.1811930338542
20385,3367.5902506510415
20386,1156.4321695963542
20387,781.5934651692709
20388,883.8748372395834
20389,904.3171183268229
20390,621.0819295247396
20391,754.8129272460938
20392,1326.6768798828125
20393,3161.764892578125
20394,733.1285807291666
20395,874.0931193033854
20396,448.5562744140625
20397,526.5539957682291
20398,2095.223388671875
20399,1345.8804931640625
20400,524.6969197591146
20401,2673.9954427083335
20402,592.3734537760416
20403,1636.8018798828125
20404,1181.5482584635417
20405,481.9220886230469
20406,866.8190104166666
20407,985.4553019205729
20408,1366.5017903645833
20409,773.3983764648438
20410,988.8947957356771
20411,1866.739013671875
20412,1378.3679606119792
20413,1034.2258707682292
20414,972.6205037434896
20415,2118.1597493489585
20416,1443.5201822916667
20417,752.1184895833334
20418,810.8382771809896
20419,933.5154215494791
20420,900.0608520507812
20421,3275.561767578125
20422,1309.1759440104167
20423,533.7755126953125
20424,958.0236612955729
20425,1728.2686360677083
20426,1079.5819498697917
20427,608.1648356119791
20428,1377.2234700520833
20429,810.3072102864584
20430,392.42026774088544
20431,483.4035949707031
20432,590.1927083333334
20433,591.5626220703125
20434,659.4275716145834
20435,1383.0073649088542
20436,605.9909261067709
20437,2035.8752034505208
20438,1859.6692301432292
20439,656.6243082682291
20440,1895.5374755859375
20441,1474.0145263671875
20442,1086.4862467447917
20443,907.0532836914062
20444,616.4420369466146
20445,2299.0521647135415
20446,1556.3753255208333
20447,597.4754231770834
20448,413.8971455891927
20449,1171.9882405598958
20450,856.2367960611979
20451,1024.7552490234375
20452,384.1479085286458
20453,1000.2436319986979
20454,1620.8055826822917
20455,1235.6434733072917
20456,900.3432820638021
20457,1234.5394694010417
20458,871.9132080078125
20459,1003.3805338541666
20460,1397.533203125
20461,879.1817423502604
20462,638.3531087239584
20463,816.7370402018229
20464,1054.5569254557292
20465,1839.5603434244792
20466,703.5984903971354
20467,749.9840087890625
20468,693.835693359375
20469,568.3831990559896
20470,630.2382202148438
20471,1449.8522542317708
20472,2555.8388671875
20473,567.0851847330729
20474,846.796142578125
20475,999.9291585286459
20476,747.2396036783854
20477,1164.8420003255208
20478,666.7126668294271
20479,428.79942830403644
20480,555.3305257161459
20481,908.6598510742188
20482,1586.0521240234375
20483,1040.4563802083333
20484,919.1590372721354
20485,638.8699340820312
20486,543.6571044921875
20487,584.3887125651041
20488,1195.3484700520833
20489,945.7294311523438
20490,1038.7402750651042
20491,667.1727498372396
20492,908.7266235351562
20493,696.143310546875
20494,1199.1323649088542
20495,506.6057840983073
20496,473.2854919433594
20497,1512.5260416666667
20498,615.0195109049479
20499,1064.7564697265625
20500,547.3297322591146
20501,566.2596028645834
20502,872.0467529296875
20503,432.73048909505206
20504,488.49713134765625
20505,400.9728597005208
20506,903.2522583007812
20507,500.0692647298177
20508,812.1027628580729
20509,1477.1529134114583
20510,1350.7251790364583
20511,539.4529012044271
20512,1247.6787109375
20513,972.1686808268229
20514,812.8565673828125
20515,902.6521402994791
20516,865.4640706380209
20517,869.6524251302084
20518,680.8613891601562
20519,737.7569783528646
20520,556.3562215169271
20521,1307.6083577473958
20522,2139.3199869791665
20523,1346.7251383463542
20524,799.2823893229166
20525,3022.552490234375
20526,833.4045206705729
20527,1223.5124104817708
20528,875.2284138997396
20529,1180.3530680338542
20530,1036.041015625
20531,900.3069661458334
20532,939.4608357747396
20533,844.2300618489584
20534,1247.3038330078125
20535,1403.5755615234375
20536,11843.263997395834
20537,1472.9875081380208
20538,927.4585164388021
20539,1325.9807535807292
20540,491.48731486002606
20541,507.6072591145833
20542,872.1925862630209
20543,1423.4515380859375
20544,784.1498209635416
20545,1663.6538899739583
20546,853.8059692382812
20547,943.7878214518229
20548,780.1580200195312
20549,1617.390869140625
20550,408.17870076497394
20551,1285.3365071614583
20552,666.0352783203125
20553,1244.6216634114583
20554,1621.6915283203125
20555,704.8477172851562
20556,1553.3908284505208
20557,324.3371988932292
20558,2277.5253092447915
20559,1198.71875
20560,901.4338989257812
20561,916.6694742838541
20562,845.5193888346354
20563,788.7533976236979
20564,572.1414184570312
20565,920.897705078125
20566,549.3449910481771
20567,1049.4046630859375
20568,1847.0652262369792
20569,441.29762776692706
20570,1664.7434488932292
20571,1291.5345458984375
20572,497.2361653645833
20573,1295.7144368489583
20574,1260.5666910807292
20575,1257.0624593098958
20576,878.2290445963541
20577,1094.6222330729167
20578,2057.6471354166665
20579,549.8808797200521
20580,652.0805053710938
20581,633.5488891601562
20582,473.39739990234375
20583,835.8909301757812
20584,495.0051981608073
20585,908.7148234049479
20586,1666.8317057291667
20587,895.5974324544271
20588,591.1960245768229
20589,397.5128173828125
20590,1370.6767171223958
20591,1085.511962890625
20592,740.1907552083334
20593,2000.4899088541667
20594,733.9854125976562
20595,706.7324422200521
20596,575.3488159179688
20597,983.8529256184896
20598,1289.505615234375
20599,1334.3297119140625
20600,810.2676595052084
20601,714.9161987304688
20602,645.5953776041666
20603,588.306884765625
20604,765.2335001627604
20605,789.2954305013021
20606,3925.7683919270835
20607,815.3090006510416
20608,668.2641805013021
20609,1222.7982584635417
20610,2038.6194254557292
20611,583.0751342773438
20612,1091.5692545572917
20613,2234.2757161458335
20614,771.9792887369791
20615,933.1867879231771
20616,685.8329060872396
20617,781.5104573567709
20618,1340.3346761067708
20619,831.5058797200521
20620,612.690673828125
20621,521.1800130208334
20622,977.9281616210938
20623,1208.4860026041667
20624,874.4073486328125
20625,882.1800740559896
20626,771.6117757161459
20627,1189.0157877604167
20628,5982.423828125
20629,850.6192220052084
20630,769.6652018229166
20631,1113.9264322916667
20632,632.6210734049479
20633,804.9949137369791
20634,1420.8831787109375
20635,795.0158284505209
20636,1154.3606363932292
20637,688.9392700195312
20638,1287.2814534505208
20639,820.4967854817709
20640,819.0103759765625
20641,1117.2701416015625
20642,507.5987141927083
20643,497.2991027832031
20644,1711.1893717447917
20645,817.9637451171875
20646,1278.8377685546875
20647,1289.30224609375
20648,4962.225748697917
20649,812.8938395182291
20650,2100.6656901041665
20651,367.7068583170573
20652,636.3112589518229
20653,404.9490966796875
20654,752.7164916992188
20655,3436.257568359375
20656,1440.8966878255208
20657,688.6255900065104
20658,805.1045125325521
20659,1268.5876871744792
20660,1562.9509684244792
20661,1401.0707194010417
20662,1677.6103515625
20663,1467.0417887369792
20664,471.5337727864583
20665,1161.5459391276042
20666,658.1519978841146
20667,1003.9697469075521
20668,1635.9801432291667
20669,407.9409586588542
20670,366.64935302734375
20671,936.6257527669271
20672,901.279052734375
20673,1045.3531087239583
20674,1314.8417154947917
20675,2491.5568033854165
20676,1511.0076090494792
20677,1039.1695556640625
20678,1526.2709147135417
20679,876.6942138671875
20680,868.5196329752604
20681,2025.2920328776042
20682,4225.3310546875
20683,570.4668375651041
20684,1729.8144124348958
20685,588.7537638346354
20686,788.0335489908854
20687,1299.7744140625
20688,568.4562784830729
20689,1657.7776285807292
20690,567.9991455078125
20691,1221.7828776041667
20692,917.5544026692709
20693,839.6124674479166
20694,700.5340169270834
20695,746.8588053385416
20696,375.3404947916667
20697,669.1482137044271
20698,1120.3548583984375
20699,976.9114176432291
20700,702.4916788736979
20701,678.7885131835938
20702,1273.13916015625
20703,584.5575154622396
20704,564.6658732096354
20705,630.2969970703125
20706,723.56591796875
20707,559.5705973307291
20708,693.5072835286459
20709,1290.038818359375
20710,829.5918172200521
20711,830.5056559244791
20712,1510.661376953125
20713,639.4374186197916
20714,638.95751953125
20715,911.7844645182291
20716,503.61595662434894
20717,2729.2035319010415
20718,2075.1036783854165
20719,460.45716349283856
20720,1349.3243408203125
20721,687.0874633789062
20722,966.5568033854166
20723,1026.1604410807292
20724,1363.2415771484375
20725,465.22812906901044
20726,758.0233357747396
20727,483.61669921875
20728,650.6465047200521
20729,991.2271118164062
20730,892.3661702473959
20731,1264.2591145833333
20732,2210.7699381510415
20733,910.5663859049479
20734,1230.0734049479167
20735,710.1439005533854
20736,702.5419921875
20737,784.4794311523438
20738,525.5927530924479
20739,488.1496276855469
20740,728.7379964192709
20741,667.8211669921875
20742,3144.8658040364585
20743,468.54270426432294
20744,831.7768147786459
20745,597.5007120768229
20746,588.1471964518229
20747,6341.78466796875
20748,1389.4150797526042
20749,892.0180867513021
20750,2221.0244140625
20751,2568.0455729166665
20752,855.8474934895834
20753,611.5065104166666
20754,1156.54638671875
20755,582.3343912760416
20756,1912.5494384765625
20757,1030.17041015625
20758,2328.3958333333335
20759,1150.0014241536458
20760,1040.4427490234375
20761,602.3556925455729
20762,776.9279174804688
20763,770.3463338216146
20764,861.9527994791666
20765,725.8438313802084
20766,1361.3683675130208
20767,1285.2879638671875
20768,1191.550537109375
20769,592.9788004557291
20770,674.3363444010416
20771,2191.981201171875
20772,985.3151245117188
20773,701.2419637044271
20774,1168.5771891276042
20775,2088.3975423177085
20776,512.6400553385416
20777,1202.2127685546875
20778,2330.6357421875
20779,514.6124877929688
20780,807.3245239257812
20781,1490.2470296223958
20782,2037.2492268880208
20783,510.7156270345052
20784,638.9683430989584
20785,405.10996500651044
20786,1197.0146077473958
20787,823.9267171223959
20788,1788.900634765625
20789,653.6557006835938
20790,713.5042724609375
20791,1331.0878092447917
20792,566.1801961263021
20793,940.7174072265625
20794,1046.2765299479167
20795,774.3605346679688
20796,800.0456339518229
20797,960.101318359375
20798,1110.8125
20799,1667.2744954427083
20800,968.4640299479166
20801,1179.1389973958333
20802,2045.5964762369792
20803,946.807861328125
20804,1210.9540201822917
20805,463.86663818359375
20806,638.2079874674479
20807,1133.0964762369792
20808,3408.7335611979165
20809,577.8170166015625
20810,629.9098714192709
20811,1363.6147867838542
20812,564.4918619791666
20813,1074.7763671875
20814,1242.7984212239583
20815,537.3873494466146
20816,677.1738891601562
20817,1241.4951171875
20818,890.8109334309896
20819,840.6441243489584
20820,646.703369140625
20821,654.3824259440104
20822,713.8511962890625
20823,828.4737141927084
20824,1037.3271077473958
20825,683.1048787434896
20826,784.7601928710938
20827,716.3109741210938
20828,1749.9993896484375
20829,1522.4357096354167
20830,1018.607666015625
20831,975.2255655924479
20832,2168.4668782552085
20833,738.9498087565104
20834,1676.4646402994792
20835,1297.98193359375
20836,676.0260823567709
20837,841.6004435221354
20838,986.1133219401041
20839,1223.7395833333333
20840,560.0345255533854
20841,846.4690755208334
20842,1103.608642578125
20843,1219.2297770182292
20844,1270.1281331380208
20845,734.3633626302084
20846,801.5846557617188
20847,759.6826985677084
20848,1093.1770426432292
20849,993.7484334309896
20850,594.8932698567709
20851,1221.077880859375
20852,1015.6907755533854
20853,657.0664265950521
20854,905.2266845703125
20855,463.7501220703125
20856,1623.410888671875
20857,380.4630432128906
20858,370.81890869140625
20859,1676.8242594401042
20860,1354.7791341145833
20861,1332.1622721354167
20862,839.9981892903646
20863,799.7918090820312
20864,903.5408528645834
20865,857.9560750325521
20866,499.7631022135417
20867,993.0499064127604
20868,1390.5731201171875
20869,463.27479044596356
20870,1106.7779134114583
20871,1286.9887288411458
20872,341.6007588704427
20873,640.0127766927084
20874,904.8601684570312
20875,2104.2283528645835
20876,1710.5947672526042
20877,960.1484985351562
20878,970.1227213541666
20879,665.385009765625
20880,392.3235371907552
20881,1624.6087646484375
20882,547.6410522460938
20883,1046.8179524739583
20884,2026.2280680338542
20885,916.3411254882812
20886,633.2232259114584
20887,932.1324055989584
20888,1192.31494140625
20889,739.9921875
20890,401.7185872395833
20891,835.6597900390625
20892,1221.4012858072917
20893,553.1143391927084
20894,1088.5758870442708
20895,458.79736328125
20896,976.9357096354166
20897,1161.9547932942708
20898,633.2922770182291
20899,640.723388671875
20900,819.9103597005209
20901,809.9686889648438
20902,2266.6658528645835
20903,1005.8811442057291
20904,1224.9356689453125
20905,984.7746175130209
20906,837.7586873372396
20907,432.3451639811198
20908,497.7867431640625
20909,641.4659016927084
20910,824.6913045247396
20911,637.4787801106771
20912,888.7665405273438
20913,524.4248250325521
20914,570.0331624348959
20915,918.5876057942709
20916,683.2989908854166
20917,696.7653198242188
20918,882.6087239583334
20919,621.4411417643229
20920,802.2187093098959
20921,676.2489624023438
20922,797.8030802408854
20923,814.6251017252604
20924,583.1537679036459
20925,1557.8254801432292
20926,1532.9322509765625
20927,1235.376220703125
20928,577.5399169921875
20929,1281.3913981119792
20930,401.4047546386719
20931,763.6417236328125
20932,1754.5621744791667
20933,995.2225341796875
20934,1743.1015625
20935,437.6702067057292
20936,978.0430501302084
20937,1143.8934326171875
20938,907.1431274414062
20939,1750.3293863932292
20940,802.7525838216146
20941,576.0777587890625
20942,437.614990234375
20943,1260.2940673828125
20944,2012.0633951822917
20945,503.13721720377606
20946,1246.60546875
20947,988.3772176106771
20948,784.313232421875
20949,1004.5668334960938
20950,1223.749755859375
20951,370.1873270670573
20952,603.1351114908854
20953,781.8401692708334
20954,1212.6932373046875
20955,1391.7196858723958
20956,805.4154052734375
20957,1570.2292073567708
20958,619.1214803059896
20959,712.5246988932291
20960,942.7906901041666
20961,565.6357828776041
20962,990.5924072265625
20963,773.0294189453125
20964,1060.5290120442708
20965,1118.2250569661458
20966,1694.4874674479167
20967,883.6579182942709
20968,1334.9086507161458
20969,924.4952799479166
20970,834.0014851888021
20971,618.6291300455729
20972,1747.0224609375
20973,1039.441650390625
20974,1173.8825276692708
20975,585.2450968424479
20976,1333.8731689453125
20977,879.5885823567709
20978,940.6051839192709
20979,946.0921427408854
20980,835.8636474609375
20981,624.1385498046875
20982,655.4549967447916
20983,883.4837443033854
20984,1447.9695231119792
20985,732.466064453125
20986,484.57249959309894
20987,516.7368977864584
20988,597.1966756184896
20989,1398.6508382161458
20990,1418.4823811848958
20991,793.9596354166666
20992,1424.4300537109375
20993,1055.0129801432292
20994,732.353515625
20995,961.9921875
20996,558.1966756184896
20997,2120.822998046875
20998,622.3556111653646
20999,855.7553100585938
21000,635.2659708658854
21001,2357.665283203125
21002,640.4567667643229
21003,1279.7108561197917
21004,1185.2935384114583
21005,1218.6979573567708
21006,985.8235270182291
21007,723.6476236979166
21008,1620.5083821614583
21009,2272.5598958333335
21010,878.8824259440104
21011,1212.2733154296875
21012,527.5566813151041
21013,657.0679117838541
21014,630.0858561197916
21015,845.6636555989584
21016,714.8288370768229
21017,1631.749267578125
21018,475.1522623697917
21019,964.4507039388021
21020,514.3316243489584
21021,1660.8205159505208
21022,1467.9451090494792
21023,548.4522501627604
21024,750.1517333984375
21025,1841.3792724609375
21026,1022.5041300455729
21027,1859.5565592447917
21028,1039.0928548177083
21029,801.7021280924479
21030,1418.1322835286458
21031,1555.5723876953125
21032,1401.765625
21033,1371.6434326171875
21034,862.6907958984375
21035,383.7366943359375
21036,950.6062825520834
21037,1278.6638590494792
21038,585.3756306966146
21039,561.0623168945312
21040,681.9013671875
21041,796.4367879231771
21042,959.2607421875
21043,1263.2701416015625
21044,2318.7542317708335
21045,783.1371866861979
21046,900.5350952148438
21047,817.7436930338541
21048,1037.6059977213542
21049,1749.4071451822917
21050,1187.047607421875
21051,935.1073201497396
21052,382.8021952311198
21053,871.5481567382812
21054,373.19627888997394
21055,820.5183919270834
21056,716.4883829752604
21057,866.105224609375
21058,1996.2807210286458
21059,1409.58251953125
21060,1048.2462565104167
21061,483.03296915690106
21062,1492.7233072916667
21063,532.9792277018229
21064,2165.801025390625
21065,1091.92724609375
21066,802.1794230143229
21067,623.2181396484375
21068,1864.921875
21069,540.1869099934896
21070,934.8957112630209
21071,638.3145345052084
21072,979.8050944010416
21073,1887.7336018880208
21074,1503.3724365234375
21075,593.5082397460938
21076,599.3886108398438
21077,704.8034261067709
21078,676.8439534505209
21079,729.4495035807291
21080,652.4088338216146
21081,1699.7349446614583
21082,418.05543009440106
21083,625.1915690104166
21084,857.7765502929688
21085,1615.12255859375
21086,1752.3457438151042
21087,1196.480712890625
21088,586.3565266927084
21089,841.1651000976562
21090,1983.6920572916667
21091,767.7263997395834
21092,1030.5816243489583
21093,758.1147867838541
21094,779.6140950520834
21095,1516.5262858072917
21096,1273.471435546875
21097,702.7208455403646
21098,636.0892944335938
21099,698.5432535807291
21100,597.8553670247396
21101,1289.6367594401042
21102,611.9290161132812
21103,888.2079467773438
21104,563.6559448242188
21105,3278.4373372395835
21106,491.78406778971356
21107,911.86181640625
21108,654.9167887369791
21109,818.4111124674479
21110,730.6286214192709
21111,569.927001953125
21112,809.6417032877604
21113,707.1097208658854
21114,1085.5291748046875
21115,708.7033081054688
21116,851.4456990559896
21117,1446.2870686848958
21118,1194.7205810546875
21119,529.9176228841146
21120,780.8090413411459
21121,1062.5768636067708
21122,505.73009236653644
21123,880.7428385416666
21124,667.1374104817709
21125,732.3346761067709
21126,585.5191243489584
21127,677.9646606445312
21128,1532.2166748046875
21129,656.5816446940104
21130,614.8799641927084
21131,611.5950317382812
21132,440.6033121744792
21133,1019.7927449544271
21134,642.2976481119791
21135,1210.4405517578125
21136,1106.506591796875
21137,499.8158467610677
21138,1036.1355794270833
21139,1023.4982503255209
21140,683.6662190755209
21141,272.6976826985677
21142,844.4616495768229
21143,606.4890950520834
21144,2205.2296549479165
21145,1492.912353515625
21146,1034.4486083984375
21147,732.3075358072916
21148,634.9148152669271
21149,1672.2584228515625
21150,1041.9891764322917
21151,842.0613199869791
21152,953.0257364908854
21153,3642.5462239583335
21154,1588.6016031901042
21155,1763.0885823567708
21156,944.2786051432291
21157,982.5058390299479
21158,492.23244222005206
21159,542.7834676106771
21160,1015.46533203125
21161,605.0448811848959
21162,1427.013427734375
21163,821.0172322591146
21164,992.8836263020834
21165,649.1446126302084
21166,1800.2017415364583
21167,1400.6190185546875
21168,972.6158040364584
21169,2111.6004231770835
21170,1052.50341796875
21171,1019.4339803059896
21172,508.99387613932294
21173,928.2665608723959
21174,2366.85400390625
21175,702.4507649739584
21176,488.9917399088542
21177,1059.794677734375
21178,1008.8800862630209
21179,875.8388671875
21180,944.2237141927084
21181,1963.4319661458333
21182,1132.8373209635417
21183,752.5695393880209
21184,1859.1582438151042
21185,987.1354166666666
21186,1071.8541259765625
21187,858.8434244791666
21188,890.4971313476562
21189,1080.9234212239583
21190,1278.8916422526042
21191,848.9725545247396
21192,1127.44921875
21193,942.6266072591146
21194,684.2194010416666
21195,1940.3153889973958
21196,1095.3739827473958
21197,901.0432332356771
21198,890.4413655598959
21199,805.8815307617188
21200,885.2092488606771
21201,1056.59130859375
21202,1369.6468912760417
21203,1115.6279296875
21204,764.9604288736979
21205,1216.5615641276042
21206,578.6990152994791
21207,774.2804565429688
21208,1569.9943440755208
21209,1718.72216796875
21210,614.0758666992188
21211,593.185302734375
21212,327.2526346842448
21213,1767.6138509114583
21214,520.6267496744791
21215,2870.955810546875
21216,1111.0674235026042
21217,1092.7161458333333
21218,1585.6398111979167
21219,686.5240478515625
21220,1153.9641927083333
21221,544.4362996419271
21222,1037.6637776692708
21223,1047.2112223307292
21224,1166.6715087890625
21225,479.5789286295573
21226,2603.1009114583335
21227,813.8628540039062
21228,563.371337890625
21229,820.2796223958334
21230,807.4679972330729
21231,863.3302001953125
21232,597.302978515625
21233,453.97950236002606
21234,693.5726318359375
21235,764.0107014973959
21236,736.7548828125
21237,825.0085245768229
21238,769.1818440755209
21239,1984.2861735026042
21240,637.4624633789062
21241,1024.9781290690105
21242,1503.3150634765625
21243,714.9675903320312
21244,880.3747355143229
21245,1346.3963623046875
21246,1230.6317138671875
21247,12796.637369791666
21248,1372.5948079427083
21249,651.9355875651041
21250,620.7307535807291
21251,569.4959920247396
21252,2382.2549641927085
21253,622.4963175455729
21254,678.8933919270834
21255,498.5410664876302
21256,712.1122639973959
21257,1113.4640299479167
21258,608.653076171875
21259,580.5349731445312
21260,1036.3198649088542
21261,1498.6136881510417
21262,490.6539713541667
21263,836.6772257486979
21264,883.9165445963541
21265,2150.2216796875
21266,480.2797139485677
21267,899.0038045247396
21268,1259.2331136067708
21269,1197.655517578125
21270,1844.7347819010417
21271,615.1485595703125
21272,1519.8870442708333
21273,788.8169352213541
21274,1169.8573811848958
21275,751.0416056315104
21276,589.3516235351562
21277,1264.4877115885417
21278,740.2323404947916
21279,807.7745564778646
21280,767.763916015625
21281,646.8249918619791
21282,1064.9270426432292
21283,1257.8817138671875
21284,1007.4909057617188
21285,821.2585652669271
21286,401.11766560872394
21287,2346.37890625
21288,1506.6867268880208
21289,736.7283935546875
21290,802.5171101888021
21291,716.5094807942709
21292,448.990234375
21293,1337.1193440755208
21294,1244.9202880859375
21295,579.6921997070312
21296,1386.5086669921875
21297,899.0776977539062
21298,676.3472900390625
21299,774.723876953125
21300,1817.4987386067708
21301,734.1966145833334
21302,492.0327555338542
21303,1042.0087483723958
21304,1071.7140299479167
21305,835.7991333007812
21306,577.3428751627604
21307,708.6764119466146
21308,924.2007242838541
21309,756.0876057942709
21310,698.1846923828125
21311,1632.9329020182292
21312,1064.2142740885417
21313,3458.9889322916665
21314,1809.4217529296875
21315,1229.071044921875
21316,721.5571899414062
21317,1158.0833740234375
21318,1237.3998209635417
21319,2147.434326171875
21320,633.8515421549479
21321,1462.7551676432292
21322,523.0209757486979
21323,1568.5323486328125
21324,1924.9117024739583
21325,959.3924560546875
21326,1811.5614420572917
21327,1394.1609293619792
21328,684.9096069335938
21329,734.9341227213541
21330,887.9426472981771
21331,879.5051676432291
21332,684.9395548502604
21333,1503.7445882161458
21334,529.5089314778646
21335,1083.6983235677083
21336,1716.8876139322917
21337,803.6373901367188
21338,4100.98583984375
21339,894.0165405273438
21340,581.9413045247396
21341,548.4093424479166
21342,1583.6131184895833
21343,674.9369913736979
21344,803.7809651692709
21345,445.9996744791667
21346,4030.4400227864585
21347,470.66444905598956
21348,1868.0326741536458
21349,2961.3028971354165
21350,440.12098185221356
21351,1359.7896321614583
21352,867.5319213867188
21353,1566.6573486328125
21354,623.2825927734375
21355,794.0098063151041
21356,726.0435994466146
21357,1059.6506754557292
21358,491.7456461588542
21359,764.5522664388021
21360,606.545654296875
21361,2416.0458170572915
21362,469.2864990234375
21363,1614.7397054036458
21364,419.92169189453125
21365,912.1829630533854
21366,478.5648193359375
21367,751.9476725260416
21368,800.5464884440104
21369,539.3320515950521
21370,448.0804748535156
21371,1090.1841227213542
21372,1496.91357421875
21373,856.5920817057291
21374,1149.6896565755208
21375,618.6697998046875
21376,1782.4767659505208
21377,526.3349202473959
21378,797.0890909830729
21379,875.3291625976562
21380,2386.063232421875
21381,943.6608072916666
21382,1044.9762776692708
21383,1432.2233479817708
21384,1456.1347249348958
21385,313.6486104329427
21386,668.9542846679688
21387,5009.49169921875
21388,834.4239501953125
21389,755.0798136393229
21390,1777.7086995442708
21391,778.7264607747396
21392,1109.1048583984375
21393,945.0921630859375
21394,877.6753743489584
21395,969.7149047851562
21396,1185.2984212239583
21397,1945.8876953125
21398,1860.552978515625
21399,1412.2571614583333
21400,835.3507893880209
21401,758.0001220703125
21402,585.7106526692709
21403,609.2647094726562
21404,743.563232421875
21405,897.7399495442709
21406,699.4753214518229
21407,794.1433512369791
21408,920.6911010742188
21409,871.1591186523438
21410,1207.0032552083333
21411,1749.1815592447917
21412,309.3862711588542
21413,365.2485758463542
21414,1176.0355224609375
21415,1331.166015625
21416,1545.909423828125
21417,574.2922770182291
21418,1037.0928141276042
21419,900.3921712239584
21420,796.2860921223959
21421,1941.24462890625
21422,4024.9090169270835
21423,1424.9606119791667
21424,634.0266723632812
21425,755.2234293619791
21426,2789.1211751302085
21427,448.30462646484375
21428,567.7795003255209
21429,738.5547281901041
21430,888.3558349609375
21431,817.0047200520834
21432,558.9430338541666
21433,1146.020751953125
21434,681.2598673502604
21435,1065.4036051432292
21436,1693.6990966796875
21437,1581.8098958333333
21438,968.1055501302084
21439,924.2949422200521
21440,422.16066487630206
21441,2831.9041341145835
21442,632.7614339192709
21443,3737.4388020833335
21444,1614.2900797526042
21445,1288.2235514322917
21446,648.3243815104166
21447,1189.5927327473958
21448,515.285888671875
21449,910.5727335611979
21450,2739.9095865885415
21451,552.0422770182291
21452,2284.4580891927085
21453,771.6736246744791
21454,1039.1421712239583
21455,970.6755167643229
21456,1886.7037353515625
21457,639.516357421875
21458,1355.128173828125
21459,1311.5177408854167
21460,675.5599365234375
21461,756.5205891927084
21462,556.6462809244791
21463,695.3194173177084
21464,824.6888020833334
21465,2386.8008626302085
21466,727.6386108398438
21467,1205.6227620442708
21468,550.8245442708334
21469,690.930908203125
21470,844.2740478515625
21471,670.7874145507812
21472,802.614990234375
21473,1673.4984944661458
21474,1147.3650716145833
21475,612.8170776367188
21476,1075.3273518880208
21477,567.6626383463541
21478,1358.9935302734375
21479,512.9726969401041
21480,722.6870727539062
21481,682.7713826497396
21482,1529.910400390625
21483,820.3433227539062
21484,698.6685791015625
21485,3524.6737467447915
21486,2132.0670572916665
21487,843.3029988606771
21488,709.0754191080729
21489,1111.866455078125
21490,1531.3307698567708
21491,651.2413736979166
21492,1035.2259521484375
21493,2096.9525553385415
21494,1500.9207763671875
21495,3241.0367024739585
21496,570.6182657877604
21497,418.7640075683594
21498,585.6124267578125
21499,1438.9446614583333
21500,916.6691284179688
21501,2692.7356770833335
21502,1211.1460774739583
21503,1847.0343017578125
21504,2301.85693359375
21505,1967.04296875
21506,418.646240234375
21507,539.7079671223959
21508,2918.248779296875
21509,700.7648315429688
21510,1224.5600179036458
21511,873.7503051757812
21512,1273.103515625
21513,905.89013671875
21514,707.7123616536459
21515,418.27203369140625
21516,1882.324462890625
21517,901.5892944335938
21518,1016.5484415690104
21519,1193.0043538411458
21520,2490.2240397135415
21521,456.70960489908856
21522,1351.8000081380208
21523,1380.6368815104167
21524,873.2847493489584
21525,670.0475056966146
21526,820.2340087890625
21527,622.9184773763021
21528,762.5714721679688
21529,877.1534016927084
21530,502.21494547526044
21531,502.66253662109375
21532,1155.9017740885417
21533,876.6338704427084
21534,834.5907796223959
21535,1065.2961018880208
21536,880.5893961588541
21537,1048.5970458984375
21538,1226.1488850911458
21539,790.7280069986979
21540,1149.2804361979167
21541,1160.37451171875
21542,662.5664469401041
21543,970.6233520507812
21544,744.0292358398438
21545,1841.9673258463542
21546,726.2529500325521
21547,473.56785074869794
21548,1275.0555826822917
21549,623.5596516927084
21550,1079.8426513671875
21551,2413.4849446614585
21552,940.9014282226562
21553,2807.5756022135415
21554,609.4961751302084
21555,865.6620686848959
21556,1492.4803466796875
21557,2344.3219401041665
21558,807.6128336588541
21559,661.3796183268229
21560,1379.1688232421875
21561,1338.82177734375
21562,633.67431640625
21563,3257.0336100260415
21564,1400.1070149739583
21565,1394.6547037760417
21566,1792.0859375
21567,506.51316324869794
21568,1789.60546875
21569,637.5928141276041
21570,574.1359659830729
21571,1078.3610026041667
21572,654.4611612955729
21573,477.4648030598958
21574,488.4471842447917
21575,852.9218546549479
21576,990.3840738932291
21577,1008.7743937174479
21578,2048.497762044271
21579,2113.2649739583335
21580,846.012451171875
21581,1524.7169189453125
21582,494.4060465494792
21583,616.3519287109375
21584,720.0647583007812
21585,893.6387939453125
21586,790.2879638671875
21587,644.0347696940104
21588,727.0563151041666
21589,844.1095377604166
21590,1168.497314453125
21591,622.8084309895834
21592,1863.7192789713542
21593,924.1577962239584
21594,1105.8720296223958
21595,635.7737630208334
21596,817.6353149414062
21597,1762.8863118489583
21598,629.5772094726562
21599,451.1962178548177
21600,726.6539306640625
21601,484.0888163248698
21602,1561.50927734375
21603,882.5516153971354
21604,616.9148152669271
21605,1333.48388671875
21606,704.2253214518229
21607,520.3624471028646
21608,718.6870524088541
21609,585.8749186197916
21610,1267.9743245442708
21611,751.0284016927084
21612,511.3301595052083
21613,797.3646850585938
21614,656.25927734375
21615,745.4352416992188
21616,841.9040323893229
21617,638.9281819661459
21618,1409.0414225260417
21619,434.89134724934894
21620,400.33326212565106
21621,670.1951904296875
21622,908.946533203125
21623,1297.1601969401042
21624,1447.2723388671875
21625,4443.337890625
21626,1074.7119954427083
21627,1484.7501220703125
21628,694.8459676106771
21629,571.9143269856771
21630,821.7195434570312
21631,731.0050252278646
21632,711.8916625976562
21633,1260.1268717447917
21634,867.2669270833334
21635,1165.4421793619792
21636,764.6471964518229
21637,566.5205281575521
21638,583.4578450520834
21639,948.1324869791666
21640,1755.4085286458333
21641,801.0594685872396
21642,1321.7127278645833
21643,993.74462890625
21644,709.1581013997396
21645,447.8511250813802
21646,1809.419189453125
21647,1427.6912841796875
21648,847.3253987630209
21649,1036.3310953776042
21650,1479.4683430989583
21651,642.3495483398438
21652,658.6147054036459
21653,1674.7851155598958
21654,824.0669555664062
21655,1187.0201009114583
21656,480.91326904296875
21657,966.6920369466146
21658,666.5075480143229
21659,971.5104370117188
21660,960.3194580078125
21661,479.99123128255206
21662,796.0810546875
21663,528.4454345703125
21664,567.5340169270834
21665,1166.26904296875
21666,1059.1656087239583
21667,647.6803792317709
21668,853.6273803710938
21669,478.07420857747394
21670,547.546875
21671,874.7213745117188
21672,2315.9415690104165
21673,1026.5929361979167
21674,980.2571818033854
21675,1073.4671630859375
21676,1069.84326171875
21677,1008.1527506510416
21678,552.5163981119791
21679,1275.963134765625
21680,1442.52294921875
21681,1408.96142578125
21682,481.9005940755208
21683,924.7378743489584
21684,1285.9331461588542
21685,607.1068725585938
21686,915.9998982747396
21687,605.2703043619791
21688,562.3728230794271
21689,1623.56591796875
21690,501.45555623372394
21691,869.485107421875
21692,1468.8339436848958
21693,1103.8178304036458
21694,4288.898763020833
21695,501.6330973307292
21696,918.4588623046875
21697,1121.3633219401042
21698,605.025390625
21699,1313.6606852213542
21700,1015.2811279296875
21701,581.48388671875
21702,1026.1484781901042
21703,634.5478515625
21704,1699.8760579427083
21705,603.3044840494791
21706,449.03696695963544
21707,2289.6934407552085
21708,1211.4364013671875
21709,1651.2122395833333
21710,1536.8992513020833
21711,504.1871744791667
21712,532.0014444986979
21713,852.8534138997396
21714,1337.3736165364583
21715,1824.1247965494792
21716,986.659912109375
21717,1859.2340494791667
21718,553.8193562825521
21719,809.096923828125
21720,743.4971516927084
21721,439.8988545735677
21722,852.1704711914062
21723,801.8861287434896
21724,782.3886515299479
21725,922.0367431640625
21726,1016.32568359375
21727,1011.1894327799479
21728,628.9131673177084
21729,705.5194498697916
21730,1200.3140869140625
21731,966.9644775390625
21732,958.8625081380209
21733,818.1322224934896
21734,1511.3046468098958
21735,1030.7373860677083
21736,1124.5098063151042
21737,370.4248453776042
21738,787.0389404296875
21739,1091.9635416666667
21740,940.3042602539062
21741,2328.5068359375
21742,855.0040893554688
21743,1478.8784586588542
21744,1224.862060546875
21745,789.1340738932291
21746,758.1418050130209
21747,1638.8852132161458
21748,991.1392008463541
21749,5566.429524739583
21750,956.8345947265625
21751,1427.6058349609375
21752,993.9201456705729
21753,1340.5439453125
21754,837.2549235026041
21755,723.9152425130209
21756,1390.5341389973958
21757,1065.4512532552083
21758,1575.9998779296875
21759,1797.3321533203125
21760,501.6116027832031
21761,1230.9834798177083
21762,1335.0901285807292
21763,2734.5038248697915
21764,660.1071166992188
21765,2076.340087890625
21766,1522.3581949869792
21767,924.4876302083334
21768,1117.9513753255208
21769,838.644287109375
21770,1542.2408447265625
21771,1031.4486083984375
21772,1431.6129150390625
21773,1351.2664794921875
21774,1413.3122151692708
21775,1285.7891438802083
21776,719.1501261393229
21777,2583.127685546875
21778,572.5646769205729
21779,946.0993448893229
21780,633.778564453125
21781,735.3158162434896
21782,937.2242024739584
21783,763.4371948242188
21784,968.3057454427084
21785,1384.5309244791667
21786,723.1056518554688
21787,781.8447062174479
21788,1356.079833984375
21789,2186.754150390625
21790,1274.6935221354167
21791,1757.4593098958333
21792,678.7005411783854
21793,322.8005676269531
21794,428.4239196777344
21795,435.53851318359375
21796,482.90452067057294
21797,908.7537231445312
21798,773.3674519856771
21799,3057.4532877604165
21800,799.0778605143229
21801,959.77001953125
21802,1513.5521647135417
21803,900.6191813151041
21804,3065.6515299479165
21805,2108.6288248697915
21806,1828.2446695963542
21807,2426.63037109375
21808,1126.426025390625
21809,642.4636840820312
21810,675.3416341145834
21811,655.9851888020834
21812,2181.95458984375
21813,465.41811116536456
21814,760.4629720052084
21815,512.9776102701823
21816,1056.5023600260417
21817,971.8463338216146
21818,616.8943277994791
21819,666.1761474609375
21820,1147.69189453125
21821,1446.6901448567708
21822,1057.0782877604167
21823,852.0622151692709
21824,794.6832275390625
21825,468.6466573079427
21826,1094.1131184895833
21827,904.5127360026041
21828,1111.6044921875
21829,1436.997314453125
21830,1010.099609375
21831,847.2367146809896
21832,726.9496866861979
21833,1474.7733154296875
21834,1533.68701171875
21835,810.2682291666666
21836,1188.0201009114583
21837,664.3064371744791
21838,1056.6985677083333
21839,821.8710327148438
21840,1013.2291056315104
21841,820.0914510091146
21842,1237.63232421875
21843,627.4158935546875
21844,653.4550374348959
21845,894.7350260416666
21846,1408.1409098307292
21847,1071.1684977213542
21848,971.0333658854166
21849,626.4970296223959
21850,798.9746500651041
21851,608.3186848958334
21852,1059.7288818359375
21853,721.5085245768229
21854,568.8574422200521
21855,693.5877685546875
21856,483.6786702473958
21857,1092.0356038411458
21858,872.1111857096354
21859,596.0730794270834
21860,1548.5861409505208
21861,595.3563232421875
21862,805.5153605143229
21863,464.83360799153644
21864,2642.189453125
21865,1480.917724609375
21866,789.0030517578125
21867,881.2088216145834
21868,455.7742919921875
21869,946.0678914388021
21870,1453.673095703125
21871,990.6563110351562
21872,535.8507283528646
21873,515.0448404947916
21874,877.5584309895834
21875,561.3450520833334
21876,1039.6374918619792
21877,613.6654663085938
21878,776.2637125651041
21879,770.3832804361979
21880,1526.0846354166667
21881,1193.0609537760417
21882,2423.9353841145835
21883,1147.2065836588542
21884,1080.7430419921875
21885,3177.591064453125
21886,458.48345947265625
21887,605.2067667643229
21888,978.9453125
21889,1840.1780598958333
21890,463.1974589029948
21891,938.4693400065104
21892,739.1723836263021
21893,1969.2025146484375
21894,1413.1620279947917
21895,688.1980183919271
21896,680.4223225911459
21897,1229.3621012369792
21898,861.0067952473959
21899,874.623779296875
21900,896.3878784179688
21901,1087.2921956380208
21902,808.6309407552084
21903,1000.7111612955729
21904,824.9715576171875
21905,473.1789042154948
21906,828.9235636393229
21907,700.33154296875
21908,737.1326293945312
21909,1147.3423258463542
21910,2441.9517415364585
21911,2423.165283203125
21912,509.25229899088544
21913,1075.7833658854167
21914,985.82177734375
21915,1701.2341715494792
21916,1082.8160807291667
21917,863.853759765625
21918,638.0396525065104
21919,2286.6099446614585
21920,520.4747111002604
21921,1314.7818603515625
21922,461.61390177408856
21923,1500.0957438151042
21924,720.5656127929688
21925,1823.2399495442708
21926,1180.5074462890625
21927,536.5593872070312
21928,1028.5721435546875
21929,712.3878173828125
21930,1005.3354085286459
21931,2902.8881022135415
21932,1157.0354817708333
21933,534.4572143554688
21934,633.5904947916666
21935,1196.2791341145833
21936,865.9990030924479
21937,784.3748575846354
21938,583.5842488606771
21939,1400.398681640625
21940,663.010498046875
21941,588.6155395507812
21942,2236.805908203125
21943,2753.0018717447915
21944,1002.2715454101562
21945,1792.9878743489583
21946,529.8888956705729
21947,754.0216267903646
21948,1298.5216064453125
21949,1054.7895100911458
21950,788.8527628580729
21951,673.2997843424479
21952,814.5757853190104
21953,565.908935546875
21954,525.825439453125
21955,579.9876302083334
21956,1200.7986246744792
21957,1304.0853678385417
21958,4360.0703125
21959,844.4098307291666
21960,791.5967203776041
21961,745.4319051106771
21962,5659.463216145833
21963,1099.9550374348958
21964,815.2125244140625
21965,962.8998413085938
21966,1958.7963460286458
21967,2068.80615234375
21968,983.5122680664062
21969,913.7376708984375
21970,854.3107503255209
21971,653.3080647786459
21972,1316.1093343098958
21973,1249.398681640625
21974,987.9906616210938
21975,1904.2567952473958
21976,2437.770263671875
21977,2158.7506510416665
21978,421.6495056152344
21979,654.5379231770834
21980,544.6016642252604
21981,983.0694783528646
21982,3846.7325846354165
21983,336.65419514973956
21984,604.4290364583334
21985,546.8953653971354
21986,846.6740519205729
21987,1371.7040608723958
21988,1032.7126871744792
21989,651.4150594075521
21990,1437.6551106770833
21991,585.6254272460938
21992,759.7708129882812
21993,789.1971842447916
21994,843.7880045572916
21995,485.85328165690106
21996,973.4694620768229
21997,741.6928914388021
21998,1267.0902099609375
21999,831.1562093098959
22000,763.5815022786459
22001,1841.0475260416667
22002,1113.96435546875
22003,509.8608805338542
22004,1801.0030110677083
22005,1118.2462158203125
22006,586.3292032877604
22007,1668.5059000651042
22008,1875.7826334635417
22009,839.954345703125
22010,999.2782999674479
22011,859.3892618815104
22012,789.6787109375
22013,1161.5810546875
22014,1049.9857991536458
22015,1029.6023356119792
22016,667.9762980143229
22017,889.503662109375
22018,1128.7364501953125
22019,892.1620686848959
22020,721.4506632486979
22021,623.5822347005209
22022,551.3736572265625
22023,677.7861531575521
22024,769.8878987630209
22025,914.4739786783854
22026,907.8911743164062
22027,408.4627176920573
22028,1508.8767496744792
22029,1018.4158935546875
22030,529.2011108398438
22031,821.0209147135416
22032,499.25841267903644
22033,1619.0313720703125
22034,634.0872395833334
22035,611.4731648763021
22036,482.7180582682292
22037,531.9012451171875
22038,1560.2416585286458
22039,922.04296875
22040,758.2137044270834
22041,1637.9050699869792
22042,403.91741943359375
22043,415.9040018717448
22044,482.6311848958333
22045,1350.9886474609375
22046,360.79453531901044
22047,2328.787353515625
22048,837.2901407877604
22049,761.0175170898438
22050,1072.5016682942708
22051,1020.6669311523438
22052,1448.2705891927083
22053,1183.7832845052083
22054,521.1247762044271
22055,1417.2945963541667
22056,593.2670084635416
22057,2052.4051106770835
22058,1113.4591471354167
22059,724.6653238932291
22060,864.0698038736979
22061,1405.2841796875
22062,1004.5158487955729
22063,575.9200439453125
22064,825.4253540039062
22065,925.634765625
22066,2873.8543294270835
22067,647.5640462239584
22068,681.5447794596354
22069,934.7830607096354
22070,1099.2514241536458
22071,831.7170206705729
22072,1082.2586669921875
22073,1656.0700276692708
22074,431.7501729329427
22075,1600.3462727864583
22076,1959.9953206380208
22077,909.8780721028646
22078,1707.7975260416667
22079,1395.1155598958333
22080,612.6906331380209
22081,1037.0824381510417
22082,851.8389689127604
22083,682.0946451822916
22084,955.0472412109375
22085,2735.4710286458335
22086,664.7641194661459
22087,1073.4022216796875
22088,730.6927897135416
22089,970.3851928710938
22090,783.1430867513021
22091,1596.8563639322917
22092,805.6826578776041
22093,1215.8142496744792
22094,1068.0342203776042
22095,887.9319051106771
22096,1308.7777506510417
22097,3315.7371419270835
22098,2359.2849934895835
22099,469.0777994791667
22100,646.9573974609375
22101,599.48974609375
22102,1201.115966796875
22103,594.5813191731771
22104,611.9495849609375
22105,917.8650309244791
22106,667.0079752604166
22107,596.6436564127604
22108,1104.5049641927083
22109,2710.345458984375
22110,2787.76611328125
22111,924.7615763346354
22112,636.3404337565104
22113,1272.0870361328125
22114,1048.2508951822917
22115,422.80963134765625
22116,598.7293294270834
22117,711.1207478841146
22118,903.0614217122396
22119,1629.4190266927083
22120,788.1153767903646
22121,1285.5194091796875
22122,665.7949015299479
22123,595.2438354492188
22124,728.0490519205729
22125,883.0224812825521
22126,487.9909973144531
22127,748.7994588216146
22128,364.4995829264323
22129,699.361083984375
22130,1683.8601888020833
22131,1413.4090983072917
22132,562.6810709635416
22133,453.0841776529948
22134,665.0209350585938
22135,765.2772013346354
22136,1286.8343505859375
22137,766.9280598958334
22138,2157.6175130208335
22139,550.4999796549479
22140,1470.3129069010417
22141,1163.7528483072917
22142,555.9151407877604
22143,1037.1990152994792
22144,739.3588053385416
22145,995.8980509440104
22146,518.9378255208334
22147,635.8498942057291
22148,1270.9646809895833
22149,874.4044799804688
22150,1347.5631917317708
22151,736.5035196940104
22152,1726.3009440104167
22153,1141.1503499348958
22154,832.0681559244791
22155,1659.9971923828125
22156,600.6465861002604
22157,1430.2705078125
22158,868.6659749348959
22159,703.8302205403646
22160,886.3067016601562
22161,964.7982381184896
22162,535.9780680338541
22163,1015.2344767252604
22164,387.84522501627606
22165,1561.8757731119792
22166,1049.7556966145833
22167,1375.531005859375
22168,603.6039632161459
22169,787.44775390625
22170,1260.31103515625
22171,1066.6935221354167
22172,678.9203491210938
22173,548.3473510742188
22174,430.9953104654948
22175,780.9343465169271
22176,742.4171346028646
22177,788.0708414713541
22178,1037.0509847005208
22179,553.9926961263021
22180,821.7166341145834
22181,757.9252726236979
22182,565.6203816731771
22183,440.1240539550781
22184,478.4991455078125
22185,832.5631103515625
22186,665.3329264322916
22187,886.5599568684896
22188,784.3409830729166
22189,904.8689168294271
22190,1752.671875
22191,524.0876668294271
22192,890.0943603515625
22193,797.9242350260416
22194,1202.5954182942708
22195,741.3289794921875
22196,1705.869873046875
22197,757.7239786783854
22198,952.5989379882812
22199,1767.966796875
22200,672.9548543294271
22201,437.0353088378906
22202,543.1367797851562
22203,995.0145060221354
22204,576.1482747395834
22205,1873.9329020182292
22206,565.5486857096354
22207,2051.625
22208,450.03778076171875
22209,1233.5820719401042
22210,697.0730794270834
22211,1926.1016438802083
22212,1052.0651448567708
22213,919.4535319010416
22214,904.507080078125
22215,855.0841471354166
22216,855.8292032877604
22217,683.3273111979166
22218,392.81691487630206
22219,1745.8255208333333
22220,946.0016479492188
22221,1080.8512776692708
22222,620.6348876953125
22223,537.6974283854166
22224,743.8823852539062
22225,842.7334187825521
22226,798.845947265625
22227,11894.6640625
22228,2248.828369140625
22229,1263.8482666015625
22230,851.8577677408854
22231,762.2510782877604
22232,1182.0330810546875
22233,640.3494262695312
22234,929.0610555013021
22235,709.1133626302084
22236,1719.545166015625
22237,821.5259399414062
22238,2071.367431640625
22239,1023.0059000651041
22240,792.7888387044271
22241,1236.0372314453125
22242,668.443359375
22243,810.36767578125
22244,1144.2650960286458
22245,447.51612345377606
22246,2702.7691243489585
22247,520.4895222981771
22248,1270.2632649739583
22249,1114.1152750651042
22250,555.5220947265625
22251,1689.6909993489583
22252,454.32871500651044
22253,948.7086588541666
22254,859.0330607096354
22255,1121.6993408203125
22256,545.1970011393229
22257,690.4607137044271
22258,1134.2865804036458
22259,1080.3376871744792
22260,845.84765625
22261,576.781982421875
22262,816.9777018229166
22263,1224.5501302083333
22264,1879.4814046223958
22265,1253.2465006510417
22266,613.0046997070312
22267,3761.365234375
22268,667.7309977213541
22269,875.4962361653646
22270,1013.8307902018229
22271,735.7280476888021
22272,679.0454508463541
22273,619.5207722981771
22274,928.5345458984375
22275,2655.0458170572915
22276,580.268798828125
22277,762.431640625
22278,1675.5146484375
22279,740.3581746419271
22280,614.85595703125
22281,612.0256958007812
22282,922.8839721679688
22283,654.9390258789062
22284,1605.628662109375
22285,1117.0990397135417
22286,842.4366861979166
22287,1928.2366536458333
22288,374.0419209798177
22289,1871.5043538411458
22290,1097.2106119791667
22291,1233.5139973958333
22292,779.4049886067709
22293,1221.4874674479167
22294,777.0181681315104
22295,437.14552815755206
22296,905.8268432617188
22297,891.0806884765625
22298,1847.2957356770833
22299,1274.7001139322917
22300,1056.8009847005208
22301,779.9509073893229
22302,581.5618896484375
22303,545.0779622395834
22304,539.7367146809896
22305,423.8222351074219
22306,588.9708658854166
22307,627.5150146484375
22308,1264.14404296875
22309,708.4045613606771
22310,1173.58203125
22311,1627.2043050130208
22312,756.0836995442709
22313,1652.4086100260417
22314,545.2283935546875
22315,3976.4921875
22316,1428.9558919270833
22317,979.2701212565104
22318,607.001953125
22319,970.9271036783854
22320,779.3859049479166
22321,1218.1058349609375
22322,775.664306640625
22323,1036.5276285807292
22324,1563.8876953125
22325,1279.5924886067708
22326,752.4511922200521
22327,453.76099650065106
22328,889.0497639973959
22329,891.8396809895834
22330,1876.877197265625
22331,484.8301595052083
22332,617.8864339192709
22333,748.5131632486979
22334,2392.842041015625
22335,390.4202372233073
22336,696.0030517578125
22337,1157.4595540364583
22338,734.8575032552084
22339,631.2936401367188
22340,1415.0461832682292
22341,489.18016560872394
22342,702.1653849283854
22343,575.7281290690104
22344,1132.7693277994792
22345,1959.8824055989583
22346,1265.5600992838542
22347,583.6092936197916
22348,936.7958577473959
22349,704.6742757161459
22350,508.33534749348956
22351,2053.4195149739585
22352,517.6145222981771
22353,817.7512613932291
22354,1111.7552897135417
22355,1053.2972412109375
22356,1139.146240234375
22357,1543.5539143880208
22358,1402.9467366536458
22359,709.2272135416666
22360,535.4111938476562
22361,553.6366984049479
22362,736.6815592447916
22363,2492.4373372395835
22364,1210.844482421875
22365,1948.6881917317708
22366,975.1934000651041
22367,760.2924194335938
22368,1001.2562866210938
22369,796.0332438151041
22370,893.1751098632812
22371,1305.1775309244792
22372,547.1697794596354
22373,436.5439046223958
22374,828.9117838541666
22375,1072.4790852864583
22376,5040.9072265625
22377,770.4968872070312
22378,12238.879557291666
22379,1410.6965738932292
22380,683.9147135416666
22381,1420.8734130859375
22382,1207.7853597005208
22383,880.0379842122396
22384,725.978515625
22385,1372.2793782552083
22386,2356.0618489583335
22387,838.52197265625
22388,1117.6717122395833
22389,676.0665079752604
22390,1305.0615234375
22391,2521.2972005208335
22392,3271.2947591145835
22393,401.2301534016927
22394,1116.068603515625
22395,1624.5035807291667
22396,611.9546305338541
22397,572.9539591471354
22398,1101.5234781901042
22399,551.4385782877604
22400,743.5914306640625
22401,750.1156819661459
22402,903.4833780924479
22403,1070.2999674479167
22404,904.302490234375
22405,1076.5174967447917
22406,3474.0931803385415
22407,1201.878662109375
22408,953.3359375
22409,389.2657470703125
22410,759.6084391276041
22411,962.3858846028646
22412,672.8908284505209
22413,1076.9693196614583
22414,2279.332275390625
22415,966.2392985026041
22416,2553.54736328125
22417,543.8295491536459
22418,614.8641764322916
22419,1636.9283040364583
22420,533.4698689778646
22421,824.2688395182291
22422,733.0482584635416
22423,576.0740356445312
22424,1392.5647786458333
22425,529.4209594726562
22426,2165.9540201822915
22427,862.9048868815104
22428,1407.8612874348958
22429,554.1715698242188
22430,2203.7727864583335
22431,1444.6099446614583
22432,1255.48193359375
22433,1223.4674072265625
22434,1354.5198160807292
22435,552.1256306966146
22436,592.5671997070312
22437,1086.1905924479167
22438,2179.2977701822915
22439,814.5014241536459
22440,450.6871032714844
22441,409.6891682942708
22442,1113.6217041015625
22443,1240.6136474609375
22444,935.636474609375
22445,702.6284993489584
22446,1118.5694580078125
22447,766.8801676432291
22448,1298.0815836588542
22449,1088.77783203125
22450,2427.3760579427085
22451,481.0193176269531
22452,1271.2605794270833
22453,11836.563802083334
22454,814.6290283203125
22455,1156.6830647786458
22456,2932.9051106770835
22457,659.6649780273438
22458,650.9663289388021
22459,815.3992309570312
22460,1332.6789143880208
22461,1244.44384765625
22462,478.4368387858073
22463,1270.6610107421875
22464,1163.3830973307292
22465,1244.1081949869792
22466,497.27549235026044
22467,607.5555419921875
22468,1028.2914632161458
22469,1245.3304443359375
22470,1397.8306884765625
22471,863.7414347330729
22472,707.3922322591146
22473,1027.3221435546875
22474,840.6150716145834
22475,751.7035522460938
22476,534.9680379231771
22477,857.3673909505209
22478,923.9064127604166
22479,944.1076863606771
22480,810.8793334960938
22481,607.2717895507812
22482,1041.4479573567708
22483,937.21044921875
22484,843.3687744140625
22485,540.896240234375
22486,4219.962565104167
22487,780.8313802083334
22488,1384.1572672526042
22489,1337.6064046223958
22490,3951.285888671875
22491,818.7952677408854
22492,1557.2216389973958
22493,1947.8301595052083
22494,634.6323038736979
22495,1104.459716796875
22496,685.9702962239584
22497,1256.8759358723958
22498,552.4562377929688
22499,614.9275716145834
22500,480.94346110026044
22501,1196.0909830729167
22502,1495.3834228515625
22503,432.11097208658856
22504,923.6227213541666
22505,1386.998779296875
22506,1840.3921712239583
22507,2086.6981608072915
22508,588.2002563476562
22509,444.2786153157552
22510,2559.0199381510415
22511,572.6585489908854
22512,1252.2567952473958
22513,1172.615966796875
22514,708.7396647135416
22515,1064.0464680989583
22516,1094.3586832682292
22517,670.8062337239584
22518,1481.3428955078125
22519,775.9343465169271
22520,1369.1343587239583
22521,680.2274373372396
22522,744.699951171875
22523,1152.3559977213542
22524,2182.8317057291665
22525,1483.3034261067708
22526,736.7938639322916
22527,976.5060017903646
22528,1130.6839599609375
22529,1258.6422119140625
22530,816.9351399739584
22531,1207.2125651041667
22532,568.7544148763021
22533,1904.5665690104167
22534,788.6423136393229
22535,1264.0428873697917
22536,3994.0315755208335
22537,541.5409138997396
22538,661.5081380208334
22539,1317.8802490234375
22540,1658.7242431640625
22541,874.7641805013021
22542,715.4886881510416
22543,969.8047688802084
22544,873.3753458658854
22545,950.7982991536459
22546,1050.6357014973958
22547,1112.6651204427083
22548,648.1679484049479
22549,395.4133707682292
22550,682.6338500976562
22551,2169.0250651041665
22552,586.3125813802084
22553,909.29443359375
22554,1302.4984537760417
22555,1238.5149332682292
22556,474.24530029296875
22557,664.7672119140625
22558,807.3507893880209
22559,567.4107462565104
22560,677.3624877929688
22561,700.1809692382812
22562,929.9566446940104
22563,1091.1727294921875
22564,1692.7724609375
22565,2419.254638671875
22566,1081.8768717447917
22567,1408.2349853515625
22568,910.9522908528646
22569,673.6308797200521
22570,1101.600341796875
22571,691.7813110351562
22572,435.53420003255206
22573,523.8357950846354
22574,1615.3660481770833
22575,1680.8363037109375
22576,1010.6743977864584
22577,1258.9739583333333
22578,882.6849161783854
22579,859.929931640625
22580,5179.709147135417
22581,699.0526123046875
22582,780.7215576171875
22583,768.5290730794271
22584,1684.317138671875
22585,1545.8868815104167
22586,1671.6670735677083
22587,1328.2190755208333
22588,809.2535603841146
22589,851.9154663085938
22590,1101.2117106119792
22591,1446.1044108072917
22592,987.9046020507812
22593,1142.5083414713542
22594,920.052978515625
22595,1327.4936116536458
22596,852.8611043294271
22597,1554.9918619791667
22598,1764.5179036458333
22599,653.0458170572916
22600,2423.8197428385415
22601,625.0385335286459
22602,852.1460571289062
22603,647.3944702148438
22604,1334.1396891276042
22605,844.8115030924479
22606,992.3087972005209
22607,837.6041259765625
22608,936.5459594726562
22609,1132.7363688151042
22610,711.4785359700521
22611,675.3932088216146
22612,958.2398478190104
22613,1756.4225260416667
22614,413.0916239420573
22615,631.4264119466146
22616,1273.0285237630208
22617,616.5858357747396
22618,408.6456298828125
22619,737.0560302734375
22620,743.2285766601562
22621,1984.4058837890625
22622,732.0997517903646
22623,783.7768758138021
22624,984.7150065104166
22625,543.5450846354166
22626,787.9413655598959
22627,712.6424763997396
22628,1521.4184163411458
22629,886.6786092122396
22630,1071.7071940104167
22631,1109.6898600260417
22632,524.0333048502604
22633,925.161376953125
22634,788.9302571614584
22635,1837.1494547526042
22636,884.6943766276041
22637,774.4324747721354
22638,702.3000081380209
22639,671.8384195963541
22640,635.8396606445312
22641,980.3696695963541
22642,776.4620971679688
22643,1412.2911376953125
22644,952.1084594726562
22645,1657.7376708984375
22646,1091.6676025390625
22647,1730.1190999348958
22648,2442.645263671875
22649,905.7667236328125
22650,1289.5313313802083
22651,1592.09912109375
22652,1433.5166422526042
22653,2554.2774251302085
22654,972.1706136067709
22655,1492.1610921223958
22656,1161.8352864583333
22657,586.5614827473959
22658,1342.72412109375
22659,707.1901245117188
22660,775.1095377604166
22661,1204.8546142578125
22662,1725.8514404296875
22663,1350.7784016927083
22664,2343.8224283854165
22665,431.98778279622394
22666,1829.278564453125
22667,802.9055989583334
22668,1023.7184855143229
22669,655.6372477213541
22670,1611.6910400390625
22671,810.5958658854166
22672,591.2686971028646
22673,1561.1888834635417
22674,874.2766520182291
22675,573.0417073567709
22676,996.0373738606771
22677,1348.7158610026042
22678,613.8951416015625
22679,1092.479736328125
22680,807.7487386067709
22681,595.9448852539062
22682,910.1490681966146
22683,639.0536295572916
22684,988.0987955729166
22685,1094.8898518880208
22686,12020.245768229166
22687,1130.470947265625
22688,563.4850870768229
22689,523.385009765625
22690,719.6482950846354
22691,769.9930419921875
22692,828.9820963541666
22693,946.9982096354166
22694,927.2187906901041
22695,990.6027628580729
22696,856.4677937825521
22697,890.0300903320312
22698,1164.1114908854167
22699,1296.0474446614583
22700,534.1426595052084
22701,698.9238484700521
22702,730.9500935872396
22703,1274.306396484375
22704,761.9891560872396
22705,1040.0572916666667
22706,948.2611083984375
22707,1056.6052652994792
22708,827.9026082356771
22709,878.3298543294271
22710,1758.1230875651042
22711,594.3638509114584
22712,626.8966878255209
22713,560.9962972005209
22714,1072.34716796875
22715,983.5899251302084
22716,1060.24462890625
22717,614.2395833333334
22718,655.6518351236979
22719,666.4711303710938
22720,446.6891784667969
22721,649.4073079427084
22722,646.7998250325521
22723,1152.212646484375
22724,790.844482421875
22725,1008.8069254557291
22726,1406.8284098307292
22727,996.1289672851562
22728,3096.6903483072915
22729,1215.7284342447917
22730,762.2782592773438
22731,418.30675252278644
22732,625.7724812825521
22733,1072.6284586588542
22734,789.5167032877604
22735,794.6482137044271
22736,764.2451782226562
22737,662.0908203125
22738,966.5467529296875
22739,734.9696044921875
22740,1219.3055419921875
22741,1314.5417887369792
22742,743.3979085286459
22743,1399.1385904947917
22744,1095.2437744140625
22745,574.1205037434896
22746,590.1592000325521
22747,995.2533569335938
22748,833.5206298828125
22749,682.6125284830729
22750,1351.4260660807292
22751,1284.0790608723958
22752,2024.9745686848958
22753,367.5531921386719
22754,947.1844685872396
22755,697.5029093424479
22756,748.7355550130209
22757,524.3898722330729
22758,799.3458455403646
22759,716.6188354492188
22760,777.6446940104166
22761,609.7500610351562
22762,913.3615315755209
22763,888.5312703450521
22764,396.4627176920573
22765,595.0510457356771
22766,597.8895060221354
22767,1354.3863525390625
22768,494.0880940755208
22769,1071.5959879557292
22770,808.0381266276041
22771,1639.9884033203125
22772,1216.9822184244792
22773,871.9939371744791
22774,754.6720174153646
22775,742.0653686523438
22776,1630.769775390625
22777,835.5947672526041
22778,1678.4562174479167
22779,571.1267293294271
22780,1147.1010335286458
22781,2759.0091959635415
22782,611.1338500976562
22783,820.6083780924479
22784,663.909423828125
22785,1560.8335367838542
22786,1362.642822265625
22787,572.2197469075521
22788,513.9309488932291
22789,435.4694417317708
22790,2649.0768229166665
22791,611.6281534830729
22792,628.8834431966146
22793,1145.8497314453125
22794,692.7946980794271
22795,486.10581461588544
22796,1683.292724609375
22797,1264.3366292317708
22798,585.8502807617188
22799,508.2386983235677
22800,1033.0169270833333
22801,728.3623860677084
22802,609.0172932942709
22803,451.4670003255208
22804,657.2036539713541
22805,900.25048828125
22806,587.8669230143229
22807,1236.359130859375
22808,1611.1455891927083
22809,1017.8986002604166
22810,2791.253662109375
22811,603.3966674804688
22812,1715.0803629557292
22813,525.1216227213541
22814,563.0951538085938
22815,643.6137491861979
22816,2925.0152994791665
22817,694.9062093098959
22818,483.75270589192706
22819,579.1123860677084
22820,827.7380981445312
22821,2488.37939453125
22822,625.2628173828125
22823,1590.8543294270833
22824,861.5730387369791
22825,666.8595987955729
22826,657.6250406901041
22827,1085.4254557291667
22828,829.6800333658854
22829,632.1948445638021
22830,644.9810384114584
22831,1121.4297688802083
22832,855.1332600911459
22833,694.1061197916666
22834,786.4866739908854
22835,396.0204569498698
22836,1025.900390625
22837,1024.1778767903645
22838,730.8431396484375
22839,2054.14697265625
22840,1346.01904296875
22841,1392.408203125
22842,513.3067016601562
22843,864.6874593098959
22844,625.0294189453125
22845,780.2425537109375
22846,454.83775838216144
22847,835.37646484375
22848,721.7233276367188
22849,1175.5595296223958
22850,565.9334309895834
22851,667.4823811848959
22852,1916.2483317057292
22853,630.3444620768229
22854,1006.7325032552084
22855,614.1832478841146
22856,628.7462565104166
22857,823.3297322591146
22858,1514.4932861328125
22859,1992.8487141927083
22860,842.0394694010416
22861,1027.5871988932292
22862,749.4572143554688
22863,857.0768839518229
22864,670.2680053710938
22865,647.6404825846354
22866,1279.9443359375
22867,1729.7696940104167
22868,890.1579793294271
22869,863.2397664388021
22870,1280.2223307291667
22871,1023.02294921875
22872,593.7573038736979
22873,1060.6474609375
22874,726.4807739257812
22875,1425.1564534505208
22876,1439.371826171875
22877,1309.1265462239583
22878,1116.55029296875
22879,570.7838541666666
22880,556.5823160807291
22881,514.0816446940104
22882,1404.1101888020833
22883,1389.0750325520833
22884,1070.1295166015625
22885,878.2289428710938
22886,970.4026489257812
22887,1547.2605387369792
22888,525.5944417317709
22889,963.0532836914062
22890,971.1472574869791
22891,1226.1095377604167
22892,651.6283772786459
22893,645.5839436848959
22894,768.5615437825521
22895,1454.3249104817708
22896,758.5645548502604
22897,866.5033772786459
22898,776.4555460611979
22899,636.0169067382812
22900,3038.613037109375
22901,1305.4191487630208
22902,765.8372395833334
22903,423.89026896158856
22904,1763.419189453125
22905,882.4651489257812
22906,701.7288614908854
22907,596.6775105794271
22908,596.6559651692709
22909,813.1005655924479
22910,1098.8922932942708
22911,1266.8588053385417
22912,704.7224731445312
22913,526.1412150065104
22914,1047.3152262369792
22915,620.9649047851562
22916,543.2306722005209
22917,744.5848795572916
22918,445.9868672688802
22919,4044.9820963541665
22920,901.5202433268229
22921,410.4945983886719
22922,698.5961710611979
22923,772.4829711914062
22924,1767.6698404947917
22925,1333.4371744791667
22926,548.9278564453125
22927,612.1380818684896
22928,3605.6051432291665
22929,565.1917114257812
22930,733.1330159505209
22931,1870.8452555338542
22932,430.6036071777344
22933,697.2859903971354
22934,409.200439453125
22935,754.4668579101562
22936,951.2655436197916
22937,1390.2878824869792
22938,1136.1175537109375
22939,578.2688598632812
22940,453.9662780761719
22941,1258.0885416666667
22942,494.8723551432292
22943,737.1665445963541
22944,662.2674153645834
22945,1419.33251953125
22946,2104.2268880208335
22947,1424.6903889973958
22948,1781.7630615234375
22949,3053.18701171875
22950,1315.1864827473958
22951,984.5749308268229
22952,1420.4959716796875
22953,726.670166015625
22954,742.5724487304688
22955,2222.4856770833335
22956,650.6051635742188
22957,652.3919881184896
22958,1669.6059163411458
22959,542.6939086914062
22960,557.3285319010416
22961,577.7135823567709
22962,939.1473795572916
22963,927.0744018554688
22964,778.0113932291666
22965,805.528076171875
22966,1059.8633219401042
22967,1557.44482421875
22968,606.8079427083334
22969,5394.948567708333
22970,667.0008748372396
22971,623.3636271158854
22972,722.0524291992188
22973,1137.107177734375
22974,1434.1328938802083
22975,1102.557861328125
22976,1827.8935546875
22977,712.2430216471354
22978,909.8274332682291
22979,1207.1441243489583
22980,595.4508463541666
22981,883.06689453125
22982,1618.8568929036458
22983,1222.823974609375
22984,1497.1970621744792
22985,896.1793212890625
22986,427.5195821126302
22987,840.9077351888021
22988,761.53955078125
22989,1500.8122151692708
22990,4492.4775390625
22991,466.67010498046875
22992,1544.3554280598958
22993,2625.87109375
22994,525.9208577473959
22995,780.8051147460938
22996,1068.40576171875
22997,1113.37109375
22998,1055.9214274088542
22999,760.0265706380209
23000,650.6100260416666
23001,435.62672932942706
23002,597.6763916015625
23003,1576.2821451822917
23004,1774.8671061197917
23005,894.942626953125
23006,872.3929646809896
23007,633.8347574869791
23008,650.5131429036459
23009,426.53647867838544
23010,1207.3347981770833
23011,704.8333943684896
23012,877.6195678710938
23013,1021.2997639973959
23014,1244.4698079427083
23015,427.75342814127606
23016,980.3202921549479
23017,449.7039082845052
23018,438.05079142252606
23019,616.3387044270834
23020,838.1915486653646
23021,861.1388753255209
23022,947.90673828125
23023,1539.5771891276042
23024,686.995361328125
23025,539.435302734375
23026,512.4121500651041
23027,605.5930379231771
23028,630.9498494466146
23029,2277.0821126302085
23030,1000.3224283854166
23031,1043.6974283854167
23032,1038.7882080078125
23033,535.5704345703125
23034,767.0902303059896
23035,837.8629150390625
23036,427.57891845703125
23037,1635.1829833984375
23038,965.8942260742188
23039,1158.7740478515625
23040,972.3950602213541
23041,876.5099894205729
23042,985.2225341796875
23043,760.1306762695312
23044,639.5841878255209
23045,1275.5882568359375
23046,659.4259033203125
23047,730.6586507161459
23048,1548.4716796875
23049,694.6193644205729
23050,725.0264892578125
23051,1203.959228515625
23052,1056.8387044270833
23053,543.2636108398438
23054,831.9199625651041
23055,1074.6072998046875
23056,550.6591186523438
23057,776.8724161783854
23058,508.9197692871094
23059,967.9486083984375
23060,1212.7146402994792
23061,2301.8920084635415
23062,1000.3560791015625
23063,612.5357869466146
23064,906.912353515625
23065,1701.9312337239583
23066,949.6446533203125
23067,996.6850789388021
23068,628.5287882486979
23069,1522.0396321614583
23070,390.3227132161458
23071,1368.7926025390625
23072,525.8817138671875
23073,1936.8258463541667
23074,649.6628621419271
23075,856.852783203125
23076,625.0431111653646
23077,393.69777425130206
23078,1786.1247965494792
23079,1755.1188557942708
23080,571.8846435546875
23081,619.5963745117188
23082,661.4213256835938
23083,1068.5022786458333
23084,995.2763061523438
23085,537.1269327799479
23086,982.9458618164062
23087,905.2767333984375
23088,487.5592854817708
23089,1489.783935546875
23090,1051.4655354817708
23091,1068.8167317708333
23092,909.6288045247396
23093,573.7628987630209
23094,621.75048828125
23095,760.3761800130209
23096,859.5937296549479
23097,1388.4281412760417
23098,454.1763000488281
23099,1490.7460530598958
23100,733.9696858723959
23101,1484.5614013671875
23102,1830.661865234375
23103,635.7709757486979
23104,1039.6654459635417
23105,585.2353719075521
23106,1524.7355143229167
23107,812.0656534830729
23108,484.6850280761719
23109,1462.5250651041667
23110,788.3574015299479
23111,844.50146484375
23112,1260.5343831380208
23113,985.3639526367188
23114,655.8089599609375
23115,874.5514322916666
23116,1365.5039876302083
23117,1110.2550862630208
23118,739.7886555989584
23119,480.2353820800781
23120,455.96376546223956
23121,1562.741943359375
23122,502.47674560546875
23123,418.4722391764323
23124,1357.3370768229167
23125,545.9490356445312
23126,711.0393473307291
23127,1120.2714436848958
23128,895.8874715169271
23129,1550.86865234375
23130,1239.7895100911458
23131,796.6577351888021
23132,632.23681640625
23133,1612.9960123697917
23134,1164.7456868489583
23135,1414.0040690104167
23136,2293.4466959635415
23137,557.7998453776041
23138,560.5315958658854
23139,535.9794108072916
23140,850.5488891601562
23141,1555.4587809244792
23142,904.8224283854166
23143,2392.0804850260415
23144,2146.3972981770835
23145,1686.0009765625
23146,448.79290771484375
23147,984.9094441731771
23148,739.2841186523438
23149,538.4060262044271
23150,1205.5889485677083
23151,881.9803670247396
23152,1291.9409586588542
23153,2096.459716796875
23154,1126.8173828125
23155,1199.4200439453125
23156,905.8689778645834
23157,850.6070963541666
23158,504.54149373372394
23159,1928.293212890625
23160,795.0718790690104
23161,1491.3744710286458
23162,884.5623372395834
23163,800.11083984375
23164,713.3896280924479
23165,987.2308146158854
23166,542.1640421549479
23167,887.1696980794271
23168,871.0096842447916
23169,2192.1730143229165
23170,1267.634765625
23171,1132.4562174479167
23172,489.4830830891927
23173,559.5506591796875
23174,852.2561442057291
23175,753.7755330403646
23176,2244.620361328125
23177,846.3478393554688
23178,691.5411580403646
23179,652.6727294921875
23180,1506.3757731119792
23181,461.88474527994794
23182,12344.516927083334
23183,597.7030029296875
23184,1207.3489990234375
23185,1175.7544759114583
23186,1130.2730305989583
23187,1278.6050618489583
23188,3294.144775390625
23189,780.5077921549479
23190,1233.4391276041667
23191,1194.092041015625
23192,670.6435546875
23193,618.7100830078125
23194,781.4650268554688
23195,2059.4680989583335
23196,1186.5677897135417
23197,1020.9127197265625
23198,1083.62548828125
23199,1126.6515299479167
23200,979.2100423177084
23201,658.5158487955729
23202,673.9125162760416
23203,1094.6571858723958
23204,1373.4735107421875
23205,741.6778157552084
23206,864.8055623372396
23207,1098.7464599609375
23208,314.0074768066406
23209,868.2368367513021
23210,596.6170654296875
23211,735.9140014648438
23212,683.9407958984375
23213,1133.7132161458333
23214,557.7847493489584
23215,1334.5777587890625
23216,2543.9917805989585
23217,554.7122192382812
23218,1085.9011637369792
23219,439.96410115559894
23220,625.6672770182291
23221,656.8859659830729
23222,645.8899129231771
23223,988.4689127604166
23224,444.65955607096356
23225,501.33290608723956
23226,1020.212158203125
23227,1226.422119140625
23228,1106.3720296223958
23229,648.9699910481771
23230,5420.274576822917
23231,714.102783203125
23232,1404.7600911458333
23233,694.400146484375
23234,579.2340698242188
23235,1127.8936767578125
23236,1027.4962158203125
23237,1019.7759806315104
23238,654.4349975585938
23239,732.376220703125
23240,1065.4531656901042
23241,599.1205240885416
23242,643.8353271484375
23243,1540.8714599609375
23244,1056.5210774739583
23245,1480.0136311848958
23246,541.7745361328125
23247,2495.332275390625
23248,1490.1978759765625
23249,689.0998942057291
23250,692.6712849934896
23251,1120.577880859375
23252,702.0709025065104
23253,878.9931640625
23254,1362.8011067708333
23255,754.3584187825521
23256,1248.6147867838542
23257,708.4225056966146
23258,675.1868896484375
23259,826.9234415690104
23260,640.8900146484375
23261,640.4583333333334
23262,1276.2869873046875
23263,852.6047770182291
23264,1200.0748697916667
23265,629.6739908854166
23266,1416.4704996744792
23267,661.4180501302084
23268,3025.9300944010415
23269,692.7032877604166
23270,971.2367757161459
23271,637.433837890625
23272,444.36780802408856
23273,405.3752950032552
23274,1108.5527750651042
23275,484.0362955729167
23276,445.8548177083333
23277,1244.3909912109375
23278,597.0438232421875
23279,1211.91015625
23280,3746.5997721354165
23281,1492.390869140625
23282,704.8250528971354
23283,1205.16650390625
23284,1165.1841227213542
23285,470.90810139973956
23286,622.0685221354166
23287,704.9097086588541
23288,754.9321899414062
23289,1381.2344970703125
23290,556.8014729817709
23291,861.3232421875
23292,1010.5110677083334
23293,888.9295247395834
23294,541.8784993489584
23295,1241.3914388020833
23296,1187.8892822265625
23297,567.2041422526041
23298,1020.2440388997396
23299,704.4104207356771
23300,1595.8515218098958
23301,526.3239542643229
23302,1228.4549153645833
23303,639.1573486328125
23304,1287.063232421875
23305,679.9748331705729
23306,828.9004923502604
23307,525.970703125
23308,579.6181844075521
23309,1049.1682535807292
23310,1547.8392333984375
23311,577.0387573242188
23312,565.9834187825521
23313,752.2667439778646
23314,1349.3638916015625
23315,1083.1317952473958
23316,931.2088623046875
23317,595.1160278320312
23318,717.8071492513021
23319,599.5177815755209
23320,794.2868041992188
23321,748.7909545898438
23322,1043.1747639973958
23323,1497.2982584635417
23324,767.3277791341146
23325,1820.2607014973958
23326,881.9101155598959
23327,655.6233927408854
23328,638.6446126302084
23329,801.2884318033854
23330,848.4122517903646
23331,757.1622111002604
23332,681.7062174479166
23333,701.8758748372396
23334,756.1534016927084
23335,742.9030354817709
23336,673.8588663736979
23337,2338.6389973958335
23338,746.0562133789062
23339,2106.0479329427085
23340,584.4626057942709
23341,700.1991780598959
23342,698.3226725260416
23343,655.3297526041666
23344,627.4041951497396
23345,831.0926310221354
23346,1871.3659261067708
23347,1033.0714925130208
23348,1444.0559895833333
23349,1144.295166015625
23350,749.3622639973959
23351,642.7728881835938
23352,1188.7480875651042
23353,11944.0390625
23354,869.3111368815104
23355,549.7055053710938
23356,465.12865193684894
23357,574.5149129231771
23358,764.9461466471354
23359,1704.6996663411458
23360,569.3633829752604
23361,1111.3174641927083
23362,1040.1034342447917
23363,670.6912434895834
23364,1108.0992024739583
23365,698.701416015625
23366,1047.9657796223958
23367,1325.8471272786458
23368,819.3554890950521
23369,692.8309122721354
23370,429.8168029785156
23371,935.5652058919271
23372,1606.87451171875
23373,720.7058512369791
23374,845.2549235026041
23375,435.49888102213544
23376,1070.308837890625
23377,559.8460896809896
23378,580.9714152018229
23379,503.59922281901044
23380,697.6575927734375
23381,476.2137451171875
23382,516.8129679361979
23383,1448.1787923177083
23384,2075.8592936197915
23385,1015.2021687825521
23386,1186.0572916666667
23387,642.9518025716146
23388,645.1370239257812
23389,2313.7689615885415
23390,702.9370524088541
23391,1298.5924072265625
23392,1366.618408203125
23393,669.3131103515625
23394,832.6471557617188
23395,417.2371012369792
23396,1859.0938313802083
23397,702.7036336263021
23398,854.2709350585938
23399,438.64612833658856
23400,1453.2812093098958
23401,1373.0877685546875
23402,3742.8824055989585
23403,1324.8876546223958
23404,1945.9360758463542
23405,847.0407511393229
23406,4556.81396484375
23407,865.1686401367188
23408,1215.689697265625
23409,705.0045572916666
23410,502.4615478515625
23411,2421.6472981770835
23412,629.9368082682291
23413,4773.897623697917
23414,1842.7196451822917
23415,902.4205525716146
23416,780.4219563802084
23417,1276.1065673828125
23418,951.8070068359375
23419,692.9823811848959
23420,1649.3531494140625
23421,1718.74462890625
23422,649.8760375976562
23423,1437.47802734375
23424,676.6227213541666
23425,623.8237915039062
23426,1189.3335367838542
23427,1703.2746175130208
23428,1194.3890380859375
23429,1036.564208984375
23430,1970.8088785807292
23431,1637.0923665364583
23432,895.0459391276041
23433,681.6305745442709
23434,916.1850179036459
23435,875.0427652994791
23436,475.0155741373698
23437,818.5044352213541
23438,1379.8252766927083
23439,817.2497355143229
23440,2019.3487548828125
23441,977.5091349283854
23442,663.4825236002604
23443,1748.5753173828125
23444,553.4757690429688
23445,958.3542277018229
23446,954.8623657226562
23447,989.5358276367188
23448,942.9620157877604
23449,716.1752115885416
23450,876.1541951497396
23451,620.7454223632812
23452,628.4849243164062
23453,784.5876261393229
23454,725.4351806640625
23455,623.9771118164062
23456,624.4111735026041
23457,797.9889322916666
23458,946.9797159830729
23459,1235.7119140625
23460,835.4590657552084
23461,2968.8599446614585
23462,1113.9390055338542
23463,682.2051391601562
23464,3538.8644205729165
23465,675.5840861002604
23466,791.7821044921875
23467,1719.5947672526042
23468,977.7009684244791
23469,403.4684549967448
23470,2192.7010904947915
23471,926.0945231119791
23472,1538.5254720052083
23473,876.8230794270834
23474,1310.1310221354167
23475,1153.875
23476,925.0017293294271
23477,838.3002726236979
23478,754.8182373046875
23479,1331.9095458984375
23480,1598.2199300130208
23481,910.0634155273438
23482,907.9768676757812
23483,5067.24853515625
23484,1050.2650960286458
23485,696.898681640625
23486,600.2654825846354
23487,1202.8596598307292
23488,529.7552897135416
23489,602.6326904296875
23490,1573.535888671875
23491,1002.7067667643229
23492,526.50390625
23493,1082.4512939453125
23494,729.6620076497396
23495,662.0519612630209
23496,1084.99951171875
23497,1170.84375
23498,747.6283772786459
23499,696.3927815755209
23500,1030.4539388020833
23501,2304.959228515625
23502,1104.7989501953125
23503,1162.9338785807292
23504,641.7774861653646
23505,721.0328979492188
23506,1039.5034993489583
23507,1043.4298095703125
23508,728.3433430989584
23509,689.07421875
23510,1450.8968912760417
23511,1299.0395100911458
23512,595.1655680338541
23513,631.9645792643229
23514,993.5319010416666
23515,1233.2497151692708
23516,670.3477172851562
23517,1875.9260660807292
23518,1585.576416015625
23519,3193.7655436197915
23520,577.0395100911459
23521,563.1626993815104
23522,913.2273152669271
23523,737.2714233398438
23524,541.396240234375
23525,835.2889404296875
23526,713.5521036783854
23527,497.72735595703125
23528,870.39306640625
23529,1886.5037027994792
23530,708.5284627278646
23531,728.4871622721354
23532,1120.9114583333333
23533,343.8607482910156
23534,737.8083292643229
23535,1495.3699951171875
23536,952.9873860677084
23537,2481.8338216145835
23538,698.9569091796875
23539,926.8038126627604
23540,1034.4883219401042
23541,789.6651611328125
23542,586.3012898763021
23543,828.3164876302084
23544,752.8572591145834
23545,783.9057413736979
23546,2818.008056640625
23547,615.7916666666666
23548,1189.5277506510417
23549,1120.6614176432292
23550,499.3865559895833
23551,1321.1927083333333
23552,1245.0950520833333
23553,828.0189615885416
23554,712.9021809895834
23555,1904.3146158854167
23556,1283.4432373046875
23557,1044.6756591796875
23558,900.9937540690104
23559,2532.491943359375
23560,827.3287150065104
23561,1281.3050130208333
23562,1629.9644775390625
23563,634.8437703450521
23564,1255.1634521484375
23565,1758.1620279947917
23566,2009.3126220703125
23567,1391.0547688802083
23568,1303.2440999348958
23569,1308.0765380859375
23570,1160.2156575520833
23571,655.7365519205729
23572,923.1715494791666
23573,461.3008524576823
23574,915.6177164713541
23575,769.9854532877604
23576,535.8382771809896
23577,863.9934692382812
23578,746.8497517903646
23579,806.1199137369791
23580,783.5785522460938
23581,868.5219116210938
23582,593.6499633789062
23583,740.6925862630209
23584,494.2873229980469
23585,1275.1314697265625
23586,674.3118082682291
23587,1299.2264404296875
23588,901.2338256835938
23589,485.88364664713544
23590,5082.101236979167
23591,1986.9884847005208
23592,1481.7270914713542
23593,1082.023681640625
23594,1792.2229817708333
23595,635.7025960286459
23596,636.7938639322916
23597,865.1858723958334
23598,689.360107421875
23599,499.2430419921875
23600,1115.952392578125
23601,2210.5222981770835
23602,1182.7732340494792
23603,1303.1986897786458
23604,1500.679443359375
23605,359.4625956217448
23606,997.7242024739584
23607,1374.1339925130208
23608,1098.585205078125
23609,539.7438354492188
23610,1728.9175618489583
23611,831.4887898763021
23612,1429.398681640625
23613,810.8801066080729
23614,800.1296793619791
23615,928.7308349609375
23616,1123.5074869791667
23617,1236.4867757161458
23618,1172.9567057291667
23619,644.2869262695312
23620,809.3087361653646
23621,725.9184773763021
23622,922.2349243164062
23623,1706.0777994791667
23624,639.1148071289062
23625,1832.8504231770833
23626,2076.919677734375
23627,1009.1152750651041
23628,471.75258382161456
23629,2139.134521484375
23630,712.8468627929688
23631,431.70725504557294
23632,804.9826863606771
23633,1976.363525390625
23634,770.6960652669271
23635,856.5211995442709
23636,654.0317586263021
23637,788.9618530273438
23638,919.1396891276041
23639,631.3425699869791
23640,867.5213826497396
23641,1325.1722005208333
23642,1318.6122639973958
23643,945.5225219726562
23644,706.458740234375
23645,566.4911905924479
23646,1465.5823974609375
23647,1121.343505859375
23648,957.5535888671875
23649,1223.5038248697917
23650,996.6053670247396
23651,1050.8765055338542
23652,810.2941487630209
23653,1036.2384440104167
23654,645.9305216471354
23655,2400.5440266927085
23656,557.4526774088541
23657,357.4904073079427
23658,606.3855590820312
23659,933.9813232421875
23660,730.0102742513021
23661,1337.0065104166667
23662,484.07579549153644
23663,945.9458211263021
23664,698.9685465494791
23665,732.5186157226562
23666,818.9183146158854
23667,455.19164021809894
23668,1185.251220703125
23669,1436.3765462239583
23670,971.5265706380209
23671,1022.7566324869791
23672,1570.5382893880208
23673,599.828125
23674,1048.4482828776042
23675,2930.629638671875
23676,622.2118937174479
23677,732.6176147460938
23678,588.3407999674479
23679,332.1870422363281
23680,785.3388671875
23681,453.51038614908856
23682,812.4732055664062
23683,720.3865966796875
23684,1413.4963785807292
23685,816.0620930989584
23686,969.9991455078125
23687,1773.8775634765625
23688,931.2404581705729
23689,2453.9278971354165
23690,604.7617797851562
23691,980.7228393554688
23692,1282.5375162760417
23693,981.4508870442709
23694,1384.4071044921875
23695,423.55028279622394
23696,702.238525390625
23697,1780.0538736979167
23698,638.7097574869791
23699,378.8186848958333
23700,630.9878946940104
23701,1227.2655843098958
23702,1070.1964925130208
23703,1385.7438151041667
23704,449.24730428059894
23705,589.845458984375
23706,1745.1198323567708
23707,1532.1580810546875
23708,695.2598063151041
23709,955.0815633138021
23710,951.8651326497396
23711,517.9794311523438
23712,757.9066162109375
23713,1182.2996012369792
23714,1432.362548828125
23715,917.287109375
23716,1303.1068929036458
23717,1269.4939371744792
23718,929.0102945963541
23719,867.7816365559896
23720,2253.9337565104165
23721,1458.696533203125
23722,585.4901326497396
23723,652.9026692708334
23724,1053.244140625
23725,1323.5515543619792
23726,737.7178344726562
23727,651.5467529296875
23728,607.2472737630209
23729,659.6943969726562
23730,1726.6712239583333
23731,1032.6372477213542
23732,1732.7855224609375
23733,736.8602498372396
23734,562.3190104166666
23735,741.0527954101562
23736,604.7383829752604
23737,1093.910400390625
23738,289.9547424316406
23739,1219.2533772786458
23740,955.0929768880209
23741,625.2510172526041
23742,563.3871866861979
23743,363.5968424479167
23744,898.0117797851562
23745,996.7237548828125
23746,1510.7136637369792
23747,731.5144653320312
23748,698.0946248372396
23749,1215.3429361979167
23750,971.2696533203125
23751,963.9124348958334
23752,1945.6346842447917
23753,678.6628621419271
23754,1041.8878173828125
23755,2358.7416178385415
23756,3536.8527018229165
23757,780.8797403971354
23758,658.8024495442709
23759,699.8910115559896
23760,779.2568359375
23761,628.9822794596354
23762,1263.1663818359375
23763,629.8931884765625
23764,1148.3758138020833
23765,780.7929280598959
23766,1038.0580647786458
23767,957.2797444661459
23768,1258.2662353515625
23769,661.6269938151041
23770,968.4247436523438
23771,887.3622843424479
23772,577.5993855794271
23773,816.0332438151041
23774,945.2156982421875
23775,1276.3276774088542
23776,820.2420450846354
23777,852.0385131835938
23778,733.6523234049479
23779,831.8966064453125
23780,898.0328776041666
23781,547.01806640625
23782,570.2874959309896
23783,713.6944580078125
23784,1097.0962320963542
23785,652.9262084960938
23786,935.1799723307291
23787,1143.9877522786458
23788,1043.7825520833333
23789,532.8626505533854
23790,623.3463134765625
23791,866.9263916015625
23792,1972.2218831380208
23793,1308.3678385416667
23794,1424.1020100911458
23795,1125.0512288411458
23796,559.6602986653646
23797,746.80712890625
23798,673.9428304036459
23799,2330.2495930989585
23800,707.1365152994791
23801,531.0036824544271
23802,725.1797078450521
23803,1216.8368326822917
23804,1837.3893229166667
23805,1198.9291178385417
23806,1649.0091145833333
23807,927.5635172526041
23808,883.2581583658854
23809,2707.5658365885415
23810,812.7370402018229
23811,627.7480672200521
23812,1001.7259724934896
23813,1356.5549723307292
23814,699.3002115885416
23815,787.6648966471354
23816,1008.2192586263021
23817,1111.837646484375
23818,735.1296183268229
23819,1634.1100260416667
23820,1590.8094482421875
23821,614.9792073567709
23822,2038.5195719401042
23823,1652.6387532552083
23824,1196.4102376302083
23825,1538.69677734375
23826,1363.123291015625
23827,612.0248006184896
23828,538.8339640299479
23829,1617.7303059895833
23830,737.8487141927084
23831,572.8028767903646
23832,946.6490275065104
23833,704.9967041015625
23834,818.0825398763021
23835,1420.8961588541667
23836,976.6092732747396
23837,748.3132527669271
23838,1074.2773844401042
23839,1459.5349934895833
23840,725.4346110026041
23841,609.0803426106771
23842,396.9125467936198
23843,2082.9742024739585
23844,3528.4092610677085
23845,720.4038696289062
23846,1033.8426106770833
23847,1446.7244873046875
23848,1402.6739501953125
23849,728.448974609375
23850,1169.3357340494792
23851,615.03759765625
23852,1424.6260172526042
23853,892.907958984375
23854,787.8848876953125
23855,1024.0242106119792
23856,595.9401041666666
23857,438.7265319824219
23858,1748.6374918619792
23859,811.6558430989584
23860,1764.3372395833333
23861,1096.1604410807292
23862,488.1599426269531
23863,1040.0447591145833
23864,3731.9407552083335
23865,1154.6485595703125
23866,1504.837158203125
23867,1430.6008707682292
23868,1304.7992757161458
23869,676.0129801432291
23870,1385.3029378255208
23871,764.9926554361979
23872,697.4697062174479
23873,1188.80615234375
23874,517.8915812174479
23875,1025.5885416666667
23876,1110.1375732421875
23877,1133.3594156901042
23878,483.3898111979167
23879,881.5543416341146
23880,1959.5289713541667
23881,999.6999308268229
23882,737.1824747721354
23883,1107.4096272786458
23884,1077.2951253255208
23885,1374.0345052083333
23886,550.6902669270834
23887,13256.733072916666
23888,840.4892985026041
23889,969.8589884440104
23890,2815.2534993489585
23891,906.8406575520834
23892,487.55234781901044
23893,459.45070393880206
23894,938.3404541015625
23895,2072.8103841145835
23896,492.89312744140625
23897,516.1721394856771
23898,2338.8525390625
23899,717.5330200195312
23900,1250.0611979166667
23901,577.7943318684896
23902,1203.4367268880208
23903,675.9382934570312
23904,1020.8966267903646
23905,1522.44580078125
23906,652.5534057617188
23907,448.14394124348956
23908,640.7046101888021
23909,798.1888224283854
23910,569.9920043945312
23911,740.5263468424479
23912,1270.7366129557292
23913,1851.2683919270833
23914,499.68236287434894
23915,2177.8003743489585
23916,414.8672790527344
23917,1046.3321126302083
23918,488.1020100911458
23919,669.5991821289062
23920,1316.4695638020833
23921,1619.1158447265625
23922,820.8320719401041
23923,940.1477661132812
23924,793.4369506835938
23925,1041.4486897786458
23926,804.4077555338541
23927,1079.2379964192708
23928,1763.9364827473958
23929,978.1129353841146
23930,630.5952962239584
23931,806.5804239908854
23932,474.1058756510417
23933,650.2599080403646
23934,1322.2384440104167
23935,1485.3074137369792
23936,711.4230753580729
23937,685.4007568359375
23938,1367.1265462239583
23939,1123.6401774088542
23940,548.7296752929688
23941,987.6503702799479
23942,1329.1409505208333
23943,1032.2154541015625
23944,653.5562337239584
23945,1284.1982828776042
23946,1154.0953369140625
23947,1610.77490234375
23948,1005.8638305664062
23949,410.5107421875
23950,461.1385803222656
23951,1106.2513834635417
23952,647.4518636067709
23953,1801.4368082682292
23954,408.1380208333333
23955,755.7021687825521
23956,2411.7025553385415
23957,2420.534423828125
23958,1651.5072021484375
23959,1459.1187337239583
23960,753.9967244466146
23961,1236.3988850911458
23962,1961.4594319661458
23963,850.8069864908854
23964,1355.5384521484375
23965,794.9955037434896
23966,1076.3901774088542
23967,571.1832885742188
23968,539.3442993164062
23969,3590.696533203125
23970,1242.4663492838542
23971,1029.9629720052083
23972,1617.7842203776042
23973,541.0894571940104
23974,1141.9881998697917
23975,15031.504231770834
23976,794.4354248046875
23977,2235.157470703125
23978,501.4435729980469
23979,898.4337158203125
23980,739.2872314453125
23981,828.91748046875
23982,1135.35888671875
23983,1055.1578776041667
23984,754.4973958333334
23985,1624.1336669921875
23986,1205.042236328125
23987,726.7472737630209
23988,907.3152669270834
23989,1048.0563151041667
23990,1637.3396402994792
23991,1555.7423095703125
23992,691.0403849283854
23993,983.8473307291666
23994,2423.2158203125
23995,270.34608968098956
23996,1415.8610026041667
23997,797.8717447916666
23998,1369.2548421223958
23999,2914.72314453125
24000,1559.9731038411458
24001,885.2906901041666
24002,1526.3745524088542
24003,669.4293619791666
24004,1006.1463216145834
24005,467.9804382324219
24006,1212.3378499348958
24007,1191.5966796875
24008,971.2992553710938
24009,990.9150390625
24010,464.6182047526042
24011,1799.5446370442708
24012,500.33861287434894
24013,2029.5606282552083
24014,658.4930623372396
24015,4213.615559895833
24016,660.56103515625
24017,2408.9921875
24018,1324.2823486328125
24019,818.6380615234375
24020,1149.3567301432292
24021,516.0947265625
24022,639.767578125
24023,630.5073038736979
24024,1016.1992390950521
24025,764.291748046875
24026,716.6092325846354
24027,723.7865397135416
24028,12028.622395833334
24029,1030.4031575520833
24030,1435.4635009765625
24031,804.28857421875
24032,714.228271484375
24033,11799.887044270834
24034,1191.2342529296875
24035,11858.729166666666
24036,693.9851888020834
24037,586.5086669921875
24038,1147.6137288411458
24039,2139.5245768229165
24040,590.0860799153646
24041,1174.5602213541667
24042,728.8289184570312
24043,981.4998779296875
24044,885.19287109375
24045,638.5617472330729
24046,635.073486328125
24047,1346.2161865234375
24048,1048.3289794921875
24049,810.8956502278646
24050,920.1859741210938
24051,1262.6138102213542
24052,1100.3158772786458
24053,920.5175170898438
24054,1146.5067138671875
24055,1576.6374104817708
24056,1596.8988444010417
24057,391.6595764160156
24058,985.4920654296875
24059,441.06020100911456
24060,1282.8852945963542
24061,849.0677083333334
24062,1120.9693603515625
24063,715.92138671875
24064,840.3987019856771
24065,681.4257405598959
24066,1483.9811604817708
24067,459.8953348795573
24068,1065.354736328125
24069,604.0456136067709
24070,614.3118286132812
24071,1345.3691813151042
24072,1739.86767578125
24073,2073.5381673177085
24074,1866.4500325520833
24075,617.1508992513021
24076,1091.7021891276042
24077,696.8038533528646
24078,2226.9696451822915
24079,851.3979288736979
24080,1302.3544921875
24081,1424.5714111328125
24082,548.2666015625
24083,625.0831298828125
24084,443.57862345377606
24085,880.0535278320312
24086,995.2183430989584
24087,1465.7691243489583
24088,561.8353678385416
24089,761.2958984375
24090,914.1571858723959
24091,619.1727905273438
24092,1063.7118326822917
24093,820.0656534830729
24094,1081.7076822916667
24095,1570.2576497395833
24096,709.5463256835938
24097,553.7770589192709
24098,1121.1344401041667
24099,1982.3701171875
24100,1099.29736328125
24101,727.2206624348959
24102,902.3720092773438
24103,829.7884114583334
24104,695.8021443684896
24105,1900.6815185546875
24106,1380.4907633463542
24107,692.5395711263021
24108,679.9577229817709
24109,647.1955769856771
24110,959.5248413085938
24111,583.9067179361979
24112,893.8996988932291
24113,1338.588623046875
24114,1229.0466715494792
24115,614.8755289713541
24116,634.2434692382812
24117,2520.904296875
24118,558.5622965494791
24119,1223.4090983072917
24120,728.6460571289062
24121,837.232421875
24122,599.7896525065104
24123,756.2508951822916
24124,1067.7852783203125
24125,2014.77392578125
24126,1584.4501953125
24127,2028.5293782552083
24128,1246.5411783854167
24129,510.7672424316406
24130,723.9079182942709
24131,751.658447265625
24132,810.8330078125
24133,776.0052083333334
24134,590.3147176106771
24135,664.2162475585938
24136,968.0788777669271
24137,453.0756327311198
24138,1050.4853515625
24139,1119.4951171875
24140,1805.9359537760417
24141,1558.5455729166667
24142,526.2645263671875
24143,906.305908203125
24144,525.5237223307291
24145,519.7739054361979
24146,1037.5553792317708
24147,936.986572265625
24148,966.4467366536459
24149,975.6589965820312
24150,457.62572224934894
24151,728.5405680338541
24152,683.3928019205729
24153,1882.5909423828125
24154,1171.8710123697917
24155,951.8749796549479
24156,655.04736328125
24157,831.0060017903646
24158,759.3729654947916
24159,980.6275431315104
24160,352.9485270182292
24161,884.4684448242188
24162,1218.6828206380208
24163,925.8198649088541
24164,591.4786987304688
24165,921.1991373697916
24166,855.6563313802084
24167,783.5363159179688
24168,540.2184651692709
24169,900.5502115885416
24170,390.02154541015625
24171,790.5598347981771
24172,909.0804036458334
24173,1069.0600179036458
24174,884.286376953125
24175,1119.1811116536458
24176,437.58238728841144
24177,1117.4560953776042
24178,1402.7768147786458
24179,1205.982666015625
24180,487.8532409667969
24181,1819.9976399739583
24182,480.4750162760417
24183,1207.3651936848958
24184,1243.3699951171875
24185,1632.5566813151042
24186,1625.68994140625
24187,1499.9954833984375
24188,2533.6395670572915
24189,1864.9482421875
24190,2015.7592366536458
24191,766.0288492838541
24192,774.5176188151041
24193,1099.4710286458333
24194,793.7674967447916
24195,633.1985677083334
24196,784.2035319010416
24197,1339.7644449869792
24198,399.070068359375
24199,1168.1571044921875
24200,1872.7545166015625
24201,679.8490193684896
24202,643.5804850260416
24203,510.91619873046875
24204,764.0740763346354
24205,731.1641845703125
24206,1278.3409423828125
24207,841.136962890625
24208,1390.3333740234375
24209,868.7272338867188
24210,432.98557535807294
24211,892.7022908528646
24212,714.58154296875
24213,572.2902018229166
24214,750.0369669596354
24215,834.70263671875
24216,607.5619303385416
24217,563.6132405598959
24218,1075.3680013020833
24219,702.4794514973959
24220,606.1888427734375
24221,540.8996785481771
24222,1199.1092122395833
24223,770.3262939453125
24224,663.9570109049479
24225,1922.0758870442708
24226,815.9589436848959
24227,768.0572306315104
24228,528.5980021158854
24229,437.99610392252606
24230,668.2576293945312
24231,305.1215413411458
24232,765.0754801432291
24233,921.4463297526041
24234,600.16455078125
24235,873.196044921875
24236,402.54681396484375
24237,958.2455037434896
24238,686.6728312174479
24239,551.3610229492188
24240,962.2923177083334
24241,998.5938313802084
24242,2343.0696614583335
24243,1221.3377685546875
24244,754.9269816080729
24245,482.4600321451823
24246,1170.3442789713542
24247,893.0196329752604
24248,769.3801472981771
24249,2146.4573567708335
24250,611.8470052083334
24251,2233.82373046875
24252,918.2534790039062
24253,946.984375
24254,595.5500284830729
24255,977.8698120117188
24256,620.972412109375
24257,574.7569376627604
24258,2121.588623046875
24259,609.0090738932291
24260,1122.3130289713542
24261,610.6171671549479
24262,1046.6177164713542
24263,743.6483764648438
24264,1991.9930013020833
24265,1473.7168375651042
24266,1232.6938883463542
24267,571.3437296549479
24268,1679.0027262369792
24269,602.4602864583334
24270,948.5988159179688
24271,853.6638793945312
24272,1371.4208984375
24273,474.8829650878906
24274,1069.8160807291667
24275,909.0897013346354
24276,2041.15185546875
24277,968.1613566080729
24278,439.9425557454427
24279,677.0819295247396
24280,660.68896484375
24281,1523.7137858072917
24282,825.8503621419271
24283,418.6500244140625
24284,781.4619140625
24285,1029.76220703125
24286,1592.2450358072917
24287,1764.7862955729167
24288,722.1687622070312
24289,1023.8872680664062
24290,1902.4344075520833
24291,698.2219848632812
24292,769.3110758463541
24293,688.2057495117188
24294,1078.9151611328125
24295,755.2284952799479
24296,1154.2545166015625
24297,863.4082641601562
24298,1798.3556722005208
24299,634.3371988932291
24300,426.90918986002606
24301,942.2364705403646
24302,769.5239054361979
24303,687.4151814778646
24304,1136.0093994140625
24305,1202.831298828125
24306,1213.1451416015625
24307,1110.1814778645833
24308,2174.8712565104165
24309,559.0123697916666
24310,752.1189168294271
24311,943.3016560872396
24312,2013.1339518229167
24313,850.6471761067709
24314,1312.0615234375
24315,424.1652018229167
24316,539.2202555338541
24317,1040.729736328125
24318,999.3726806640625
24319,517.1649983723959
24320,1125.5285237630208
24321,1929.0996907552083
24322,814.2069091796875
24323,549.1295979817709
24324,997.6566975911459
24325,830.6797485351562
24326,913.4537353515625
24327,786.9494222005209
24328,863.8485921223959
24329,767.0464274088541
24330,1161.1278889973958
24331,920.5218302408854
24332,1134.302978515625
24333,666.6311238606771
24334,582.4844563802084
24335,3949.9202473958335
24336,814.71337890625
24337,664.5437622070312
24338,719.7658284505209
24339,1291.2587076822917
24340,1361.5644938151042
24341,1373.9030354817708
24342,698.7008870442709
24343,787.2202962239584
24344,423.6493428548177
24345,1061.9405517578125
24346,1689.0904134114583
24347,1450.4606119791667
24348,867.3748779296875
24349,642.7465616861979
24350,628.6412760416666
24351,702.5723470052084
24352,838.8989461263021
24353,1153.984375
24354,641.3059692382812
24355,756.8335978190104
24356,421.2219543457031
24357,951.9251505533854
24358,676.8538004557291
24359,648.3780110677084
24360,393.0441182454427
24361,727.2476603190104
24362,753.2716267903646
24363,819.7776082356771
24364,1010.1235961914062
24365,1217.7933349609375
24366,805.8212890625
24367,517.5430094401041
24368,1039.1230875651042
24369,838.938720703125
24370,595.1519775390625
24371,1097.7126871744792
24372,799.0815836588541
24373,2453.7320963541665
24374,863.9947916666666
24375,941.6595865885416
24376,580.9714152018229
24377,745.3226521809896
24378,433.8190409342448
24379,900.7743733723959
24380,936.9522094726562
24381,738.72314453125
24382,528.5771280924479
24383,901.2123209635416
24384,712.5242919921875
24385,919.3679809570312
24386,1180.9620768229167
24387,419.880859375
24388,1707.0792643229167
24389,1382.3997802734375
24390,2253.5410970052085
24391,531.0206705729166
24392,924.8330485026041
24393,619.2032470703125
24394,1130.259521484375
24395,1725.1993408203125
24396,890.7614542643229
24397,1485.0440673828125
24398,756.3924357096354
24399,1843.5885823567708
24400,815.3326212565104
24401,998.1908976236979
24402,1443.94677734375
24403,589.8321940104166
24404,2188.0990397135415
24405,1474.9783935546875
24406,701.5097859700521
24407,735.7142130533854
24408,702.6232706705729
24409,524.3122965494791
24410,607.4242757161459
24411,1882.4624837239583
24412,1336.7342122395833
24413,573.9129231770834
24414,961.0352783203125
24415,379.2145080566406
24416,552.1054890950521
24417,579.6145222981771
24418,847.4784749348959
24419,946.9784952799479
24420,1123.8394775390625
24421,522.6913248697916
24422,816.7322184244791
24423,529.6114095052084
24424,1302.3619791666667
24425,877.4005533854166
24426,915.0933227539062
24427,965.6707763671875
24428,1132.2829182942708
24429,1262.4711507161458
24430,712.0285034179688
24431,838.1304728190104
24432,931.5409952799479
24433,1112.4164632161458
24434,1680.451416015625
24435,796.6200154622396
24436,1040.9346110026042
24437,1808.6826985677083
24438,1458.2890625
24439,998.9378865559896
24440,1313.9502360026042
24441,1761.225830078125
24442,839.1515502929688
24443,1218.7178548177083
24444,679.9418538411459
24445,743.1954956054688
24446,1459.7359619140625
24447,1594.5259602864583
24448,330.38087972005206
24449,838.5704549153646
24450,992.7753499348959
24451,925.2447102864584
24452,705.8564249674479
24453,821.4562784830729
24454,1930.0690104166667
24455,783.0362548828125
24456,755.7161254882812
24457,1301.99462890625
24458,704.6078898111979
24459,598.7607828776041
24460,544.5234985351562
24461,893.3466186523438
24462,903.8084309895834
24463,890.0122477213541
24464,456.9179280598958
24465,1223.2582600911458
24466,2427.1952311197915
24467,1191.657470703125
24468,2188.2554524739585
24469,787.3367716471354
24470,724.7386474609375
24471,904.6977335611979
24472,484.65711466471356
24473,972.95263671875
24474,597.1083170572916
24475,595.4620361328125
24476,991.5086059570312
24477,1045.4599609375
24478,593.6458943684896
24479,511.3090413411458
24480,616.3197428385416
24481,1428.5675048828125
24482,731.248046875
24483,898.6925048828125
24484,664.4788208007812
24485,682.8626708984375
24486,846.5367024739584
24487,1764.4696858723958
24488,12043.924479166666
24489,535.5001220703125
24490,1100.8563232421875
24491,666.4921061197916
24492,3684.1318359375
24493,457.4644368489583
24494,828.6495564778646
24495,725.7074381510416
24496,979.5066731770834
24497,786.6946207682291
24498,1258.3036295572917
24499,1424.4907633463542
24500,825.8043212890625
24501,860.5745646158854
24502,474.1427815755208
24503,1528.4193522135417
24504,1063.53955078125
24505,1046.80224609375
24506,488.71484375
24507,714.4703979492188
24508,1054.503173828125
24509,773.6113891601562
24510,968.2869466145834
24511,1165.9698486328125
24512,2087.0789388020835
24513,465.1656188964844
24514,1128.9061279296875
24515,514.2308959960938
24516,515.9638061523438
24517,775.3264567057291
24518,864.5881958007812
24519,533.5880533854166
24520,607.7150675455729
24521,1459.87255859375
24522,704.6333821614584
24523,868.1082967122396
24524,845.7538452148438
24525,2077.0601399739585
24526,689.6869303385416
24527,729.1429443359375
24528,683.5797729492188
24529,583.2039794921875
24530,745.5069783528646
24531,1103.7451171875
24532,1308.8544921875
24533,3121.593017578125
24534,645.1932576497396
24535,675.471435546875
24536,973.2441813151041
24537,2073.3015950520835
24538,926.0783487955729
24539,911.1524861653646
24540,1234.794189453125
24541,1843.4546305338542
24542,3733.049560546875
24543,1521.85546875
24544,901.2636311848959
24545,970.0125325520834
24546,1529.3558349609375
24547,549.2491251627604
24548,981.036865234375
24549,959.6722208658854
24550,971.725830078125
24551,769.8280029296875
24552,741.7793579101562
24553,851.32763671875
24554,707.5311279296875
24555,523.7126668294271
24556,764.4081217447916
24557,1166.2415771484375
24558,681.4628295898438
24559,908.2678426106771
24560,1452.7982584635417
24561,1156.746826171875
24562,642.1661173502604
24563,617.8177490234375
24564,1332.092041015625
24565,372.6397399902344
24566,2909.9564615885415
24567,1262.1663004557292
24568,536.6638590494791
24569,1096.6668701171875
24570,777.9878336588541
24571,423.7854817708333
24572,1208.5089111328125
24573,1836.79248046875
24574,481.62709554036456
24575,1211.9857177734375
24576,495.174072265625
24577,748.3192138671875
24578,429.7018737792969
24579,656.5467936197916
24580,2115.0037434895835
24581,1082.77294921875
24582,803.5057373046875
24583,2011.7528076171875
24584,662.1376342773438
24585,1708.5640462239583
24586,644.4393513997396
24587,705.3487752278646
24588,935.7298990885416
24589,735.1365966796875
24590,560.7222696940104
24591,745.7075805664062
24592,1488.3848470052083
24593,966.6475219726562
24594,1195.4712320963542
24595,1362.1501057942708
24596,427.552734375
24597,749.1042073567709
24598,1170.9173990885417
24599,905.4063720703125
24600,590.0795084635416
24601,635.2060343424479
24602,685.1553141276041
24603,810.5526326497396
24604,480.12158203125
24605,905.5148518880209
24606,859.6557820638021
24607,1191.2196044921875
24608,586.7063395182291
24609,853.9189046223959
24610,482.23610432942706
24611,472.3344421386719
24612,993.5508219401041
24613,832.878173828125
24614,724.1177571614584
24615,980.72216796875
24616,2907.0048014322915
24617,2072.3648274739585
24618,673.126953125
24619,889.5537516276041
24620,1058.5142822265625
24621,795.591552734375
24622,833.1687825520834
24623,1128.8206787109375
24624,769.5787556966146
24625,1229.5765787760417
24626,1075.5926920572917
24627,1504.1480305989583
24628,463.4681701660156
24629,565.7357584635416
24630,1037.7378743489583
24631,1575.6068522135417
24632,1049.9287516276042
24633,1738.667236328125
24634,810.4869791666666
24635,626.9509480794271
24636,883.7537841796875
24637,1237.1632893880208
24638,707.3487345377604
24639,1218.6771240234375
24640,806.9183553059896
24641,673.6919555664062
24642,1446.5948486328125
24643,1255.2032063802083
24644,667.3661702473959
24645,459.1220703125
24646,1425.4654947916667
24647,621.2259928385416
24648,799.3928019205729
24649,2223.9417317708335
24650,1003.20556640625
24651,560.8899332682291
24652,1892.0542805989583
24653,1568.2715250651042
24654,1234.4311930338542
24655,1184.1404622395833
24656,446.8469543457031
24657,686.0343831380209
24658,896.8407185872396
24659,1525.722412109375
24660,2341.781005859375
24661,830.0476277669271
24662,498.78253173828125
24663,2008.3717447916667
24664,1545.7892659505208
24665,655.5798950195312
24666,472.61915079752606
24667,966.2054239908854
24668,776.4886881510416
24669,1341.4001871744792
24670,504.3245035807292
24671,533.2471110026041
24672,1149.980712890625
24673,1205.5535888671875
24674,554.2175089518229
24675,1191.5396728515625
24676,2448.7440592447915
24677,1261.3496500651042
24678,1043.869384765625
24679,2333.7908528645835
24680,656.0191243489584
24681,499.0508728027344
24682,1087.7007649739583
24683,556.71630859375
24684,827.55126953125
24685,688.8046264648438
24686,911.9902750651041
24687,1209.1605631510417
24688,830.5312093098959
24689,835.1518351236979
24690,729.0733439127604
24691,716.2261962890625
24692,751.7964477539062
24693,1099.4146321614583
24694,916.9636027018229
24695,2054.8212890625
24696,692.5263671875
24697,1131.0820719401042
24698,1640.3433024088542
24699,396.2156982421875
24700,920.5928548177084
24701,1109.6045328776042
24702,741.9884440104166
24703,672.8630167643229
24704,944.69482421875
24705,735.8219807942709
24706,780.5231526692709
24707,3894.99755859375
24708,796.6471761067709
24709,1075.7231852213542
24710,1757.280517578125
24711,998.6898803710938
24712,822.7306111653646
24713,854.9501749674479
24714,440.14638264973956
24715,1097.5613606770833
24716,714.5261840820312
24717,497.82176717122394
24718,1827.8103841145833
24719,794.0730183919271
24720,525.3275960286459
24721,979.4436238606771
24722,422.68895467122394
24723,549.6356608072916
24724,923.6827392578125
24725,818.7507731119791
24726,865.5481974283854
24727,720.7301432291666
24728,878.0111694335938
24729,1260.4024251302083
24730,447.7778015136719
24731,704.8455403645834
24732,1156.8087158203125
24733,470.34299723307294
24734,1865.1025797526042
24735,745.2748413085938
24736,846.3091837565104
24737,745.730224609375
24738,738.9200236002604
24739,474.7207743326823
24740,1650.7755533854167
24741,548.8973999023438
24742,674.2157999674479
24743,737.4786173502604
24744,932.2019246419271
24745,400.2625020345052
24746,811.8205159505209
24747,1674.6807861328125
24748,670.9022827148438
24749,758.0755208333334
24750,648.8990478515625
24751,824.5861206054688
24752,1046.348876953125
24753,1220.5693359375
24754,804.25
24755,793.7097981770834
24756,792.3324991861979
24757,980.9598999023438
24758,429.71221923828125
24759,1384.0568440755208
24760,476.5457763671875
24761,727.693115234375
24762,814.9124145507812
24763,544.4277954101562
24764,826.4500325520834
24765,1326.8312174479167
24766,494.6275939941406
24767,535.5943196614584
24768,2727.1104329427085
24769,531.8500162760416
24770,1636.5900065104167
24771,2145.2547200520835
24772,939.6721394856771
24773,618.6698404947916
24774,624.4522298177084
24775,611.5783487955729
24776,1193.4279378255208
24777,1007.248291015625
24778,531.5570475260416
24779,1170.4975992838542
24780,491.28285725911456
24781,744.2646687825521
24782,668.1828002929688
24783,725.8698933919271
24784,1034.7125244140625
24785,781.6971435546875
24786,1368.1943766276042
24787,1131.7885335286458
24788,787.0866088867188
24789,765.0809733072916
24790,1113.9373372395833
24791,592.8727010091146
24792,1680.6336669921875
24793,802.4944458007812
24794,914.7059326171875
24795,769.3377075195312
24796,1075.6531982421875
24797,1357.7784830729167
24798,604.7724202473959
24799,722.6667277018229
24800,775.2698160807291
24801,320.58485921223956
24802,669.9737141927084
24803,1027.3672688802083
24804,1075.447998046875
24805,831.4102376302084
24806,1397.0034993489583
24807,1014.1912434895834
24808,931.6439208984375
24809,581.7982788085938
24810,1355.5181884765625
24811,461.9457702636719
24812,981.9531860351562
24813,454.6235656738281
24814,932.0149943033854
24815,2372.0399576822915
24816,1220.9210611979167
24817,1655.271728515625
24818,1015.9161376953125
24819,1361.823974609375
24820,832.4037882486979
24821,761.5117390950521
24822,1401.8832600911458
24823,606.5864461263021
24824,943.9006144205729
24825,998.2387084960938
24826,460.58240763346356
24827,960.6783243815104
24828,1276.4988199869792
24829,1256.0450439453125
24830,1113.8572184244792
24831,820.9193522135416
24832,467.83689371744794
24833,803.6861368815104
24834,4151.436197916667
24835,891.1971232096354
24836,610.1362711588541
24837,1094.8512369791667
24838,669.1542358398438
24839,1536.1251220703125
24840,513.5967814127604
24841,661.4915364583334
24842,1037.7012125651042
24843,511.6365559895833
24844,627.5299479166666
24845,2339.4213053385415
24846,955.5460205078125
24847,3030.1075032552085
24848,2755.6729329427085
24849,735.422607421875
24850,999.2443237304688
24851,1022.6401570638021
24852,908.07861328125
24853,550.1363321940104
24854,880.0456339518229
24855,854.2218221028646
24856,1754.9195963541667
24857,1346.4699300130208
24858,988.0294596354166
24859,1305.9718017578125
24860,766.7275797526041
24861,475.77723185221356
24862,1293.6178385416667
24863,893.7138264973959
24864,616.4917195638021
24865,466.8560384114583
24866,588.5769246419271
24867,989.2191975911459
24868,1358.7789713541667
24869,830.2847493489584
24870,2896.8588053385415
24871,1895.3623453776042
24872,869.2561645507812
24873,370.67628987630206
24874,752.13720703125
24875,1741.8533935546875
24876,1108.7989908854167
24877,1122.4574788411458
24878,484.9938151041667
24879,1234.9732259114583
24880,1673.4674479166667
24881,890.1782633463541
24882,1098.1043294270833
24883,1063.5633544921875
24884,489.66684977213544
24885,1069.4547932942708
24886,372.9142557779948
24887,425.4635416666667
24888,645.1684163411459
24889,613.4667561848959
24890,591.4836018880209
24891,556.4579671223959
24892,533.0155639648438
24893,924.0875854492188
24894,481.7305501302083
24895,610.7860107421875
24896,962.7955729166666
24897,875.27587890625
24898,986.8472900390625
24899,691.9099527994791
24900,604.7371215820312
24901,1617.1848958333333
24902,1131.3739013671875
24903,538.7379964192709
24904,667.6097615559896
24905,1246.5589192708333
24906,875.2557779947916
24907,820.8035685221354
24908,697.4004313151041
24909,860.191650390625
24910,754.4048055013021
24911,2580.179443359375
24912,718.0508422851562
24913,1090.1518961588542
24914,850.6002400716146
24915,835.6655069986979
24916,842.0140787760416
24917,3625.3619791666665
24918,1597.6227213541667
24919,1679.6724853515625
24920,489.50738525390625
24921,822.9073893229166
24922,895.9579060872396
24923,1226.333984375
24924,647.9236043294271
24925,1384.7473958333333
24926,708.2809855143229
24927,700.733642578125
24928,1245.661376953125
24929,1228.3427327473958
24930,1290.0266927083333
24931,1072.3764241536458
24932,926.4954833984375
24933,634.6356201171875
24934,1456.1140543619792
24935,1094.8907877604167
24936,695.5238850911459
24937,697.1861572265625
24938,589.2785441080729
24939,751.3716430664062
24940,1034.030029296875
24941,985.0467529296875
24942,962.1659952799479
24943,880.7557373046875
24944,709.8954467773438
24945,620.5352172851562
24946,670.4002685546875
24947,1140.0802408854167
24948,500.7220764160156
24949,1112.2123616536458
24950,780.362060546875
24951,789.2785237630209
24952,856.4883626302084
24953,1242.5666097005208
24954,527.5585530598959
24955,843.5140991210938
24956,678.4620361328125
24957,354.4699198404948
24958,717.1668294270834
24959,622.2144978841146
24960,1258.580078125
24961,744.8514200846354
24962,801.5507202148438
24963,646.2853800455729
24964,910.7334798177084
24965,1033.8424072265625
24966,552.5088094075521
24967,2412.4541829427085
24968,808.3484497070312
24969,966.8407999674479
24970,1200.6170654296875
24971,824.5070190429688
24972,1340.2432454427083
24973,487.6845397949219
24974,660.8897094726562
24975,872.8786417643229
24976,664.5268758138021
24977,371.62086995442706
24978,892.0710245768229
24979,1214.2867024739583
24980,1251.9810791015625
24981,564.6593017578125
24982,770.3969319661459
24983,494.40639241536456
24984,662.2006022135416
24985,699.1393839518229
24986,923.553955078125
24987,383.2578125
24988,654.8684895833334
24989,556.6784057617188
24990,927.1790974934896
24991,795.8369344075521
24992,1012.9192911783854
24993,801.6972452799479
24994,728.1753133138021
24995,1289.1967366536458
24996,1074.4460856119792
24997,1517.4729817708333
24998,595.2454020182291
24999,589.1589558919271
25000,2068.614501953125
25001,886.6282552083334
25002,739.8026733398438
25003,747.5481974283854
25004,1383.4667154947917
25005,1868.7819417317708
25006,554.6944580078125
25007,696.0423583984375
25008,967.2604573567709
25009,1241.25830078125
25010,1086.9440104166667
25011,611.8703002929688
25012,1330.0518798828125
25013,1030.0296630859375
25014,2221.6027018229165
25015,2093.4287923177085
25016,503.2821756998698
25017,615.6205444335938
25018,533.7161458333334
25019,999.6859537760416
25020,956.8524169921875
25021,548.0092163085938
25022,798.2175699869791
25023,599.0183308919271
25024,1542.0634765625
25025,1155.7362467447917
25026,1588.6324055989583
25027,545.7463785807291
25028,314.18072509765625
25029,471.6572774251302
25030,708.8205362955729
25031,662.1906534830729
25032,912.8046875
25033,468.0055338541667
25034,906.66943359375
25035,907.0671793619791
25036,710.5313924153646
25037,1203.5022379557292
25038,988.6543375651041
25039,510.0800374348958
25040,1670.5512288411458
25041,1271.0715738932292
25042,882.8728637695312
25043,1805.5986328125
25044,411.5347493489583
25045,592.4131062825521
25046,495.90545654296875
25047,565.8221842447916
25048,837.8383992513021
25049,1621.7272135416667
25050,1710.832763671875
25051,703.433837890625
25052,1350.2145182291667
25053,882.2409871419271
25054,638.4753824869791
25055,530.2748819986979
25056,808.2313639322916
25057,445.3402913411458
25058,722.27685546875
25059,1511.0160319010417
25060,679.797119140625
25061,2330.9288736979165
25062,537.4595336914062
25063,414.1907450358073
25064,538.8476969401041
25065,780.1523844401041
25066,572.6889038085938
25067,970.7652994791666
25068,499.3899637858073
25069,1044.1144205729167
25070,1446.600830078125
25071,1203.3929443359375
25072,838.3233032226562
25073,682.8666381835938
25074,1072.3144124348958
25075,1779.4621175130208
25076,1155.8368733723958
25077,754.9178873697916
25078,771.1527099609375
25079,926.4535522460938
25080,1312.0837809244792
25081,1024.2055053710938
25082,1013.9423421223959
25083,1188.5413004557292
25084,541.3846842447916
25085,781.5001627604166
25086,1084.6360270182292
25087,1243.4420572916667
25088,1149.1212158203125
25089,632.39501953125
25090,440.488037109375
25091,1146.8202311197917
25092,1139.9684244791667
25093,1183.4306640625
25094,608.2726643880209
25095,543.629150390625
25096,1255.80419921875
25097,830.4075113932291
25098,673.7262166341146
25099,1625.493896484375
25100,1778.2462158203125
25101,736.1844685872396
25102,446.78997802734375
25103,3978.5349934895835
25104,958.8011067708334
25105,903.9203898111979
25106,417.57293701171875
25107,1391.0526529947917
25108,1577.6976725260417
25109,687.6206461588541
25110,1000.7743326822916
25111,2106.4381510416665
25112,2233.884033203125
25113,1099.5456136067708
25114,709.8095296223959
25115,318.75084431966144
25116,1800.87939453125
25117,1277.496337890625
25118,1104.9772542317708
25119,1236.7013346354167
25120,427.39930216471356
25121,617.7441202799479
25122,2091.69970703125
25123,924.7151896158854
25124,999.78076171875
25125,689.2383829752604
25126,587.0179036458334
25127,885.69189453125
25128,761.9054768880209
25129,471.45838419596356
25130,494.61317952473956
25131,920.8190307617188
25132,1163.4772542317708
25133,1394.9823404947917
25134,1589.0237223307292
25135,598.4229125976562
25136,652.4629923502604
25137,936.6805623372396
25138,628.6370442708334
25139,808.6062215169271
25140,881.0933634440104
25141,658.2218221028646
25142,779.0281372070312
25143,1456.3937174479167
25144,592.4778849283854
25145,372.22789510091144
25146,1229.56005859375
25147,817.66943359375
25148,1643.3852945963542
25149,620.0705159505209
25150,892.9349365234375
25151,635.7822265625
25152,1578.904052734375
25153,1315.2027180989583
25154,1215.8801676432292
25155,703.4303792317709
25156,1297.2694498697917
25157,1527.336669921875
25158,781.4004109700521
25159,680.8935546875
25160,548.6215616861979
25161,1092.6385904947917
25162,743.8771362304688
25163,660.2609456380209
25164,1507.6828206380208
25165,877.94970703125
25166,1437.6746012369792
25167,734.4561564127604
25168,978.7376505533854
25169,1025.754150390625
25170,715.6401774088541
25171,518.4606730143229
25172,641.1639811197916
25173,855.6110432942709
25174,804.4875284830729
25175,1184.8351236979167
25176,606.0013224283854
25177,1222.9514567057292
25178,595.3904012044271
25179,487.8628743489583
25180,2451.5419921875
25181,1198.4049072265625
25182,843.0075887044271
25183,1942.1496175130208
25184,840.4483032226562
25185,1640.8647054036458
25186,1287.9509684244792
25187,1165.8673909505208
25188,815.4383138020834
25189,640.6774698893229
25190,2476.20556640625
25191,2245.8640950520835
25192,2038.397216796875
25193,1142.2272542317708
25194,716.3354899088541
25195,1022.1150919596354
25196,801.1903279622396
25197,948.1817423502604
25198,688.9455159505209
25199,976.0323079427084
25200,1751.6289876302083
25201,933.6255086263021
25202,992.6185506184896
25203,1854.4914143880208
25204,775.0138346354166
25205,711.3692423502604
25206,673.8509928385416
25207,364.9023132324219
25208,820.5444742838541
25209,526.2227579752604
25210,1016.8422037760416
25211,1539.5990397135417
25212,681.2087198893229
25213,420.33790079752606
25214,588.7037963867188
25215,1609.140625
25216,758.9531860351562
25217,688.7396647135416
25218,782.3135986328125
25219,986.9738972981771
25220,883.6545613606771
25221,1218.8461100260417
25222,2899.267822265625
25223,591.3535563151041
25224,1204.2403971354167
25225,1561.696533203125
25226,1029.1233723958333
25227,1641.4304606119792
25228,1036.1888020833333
25229,1125.5784098307292
25230,1601.9134928385417
25231,666.5033365885416
25232,981.2632853190104
25233,597.3184611002604
25234,1609.3655598958333
25235,984.4896850585938
25236,1022.1573689778646
25237,792.4560750325521
25238,3137.5845540364585
25239,543.3123575846354
25240,1986.5838623046875
25241,1195.3982747395833
25242,756.0197143554688
25243,1218.9782307942708
25244,890.9181925455729
25245,759.3576456705729
25246,760.4401652018229
25247,1045.5382893880208
25248,552.62841796875
25249,559.1299641927084
25250,755.9534301757812
25251,1634.6882731119792
25252,700.4186401367188
25253,1233.4188232421875
25254,513.9980265299479
25255,646.2520751953125
25256,1894.5908610026042
25257,627.2455444335938
25258,898.8017985026041
25259,953.6871744791666
25260,608.5838419596354
25261,727.1444905598959
25262,951.1052856445312
25263,1065.367431640625
25264,1288.4663492838542
25265,632.718505859375
25266,1207.1834716796875
25267,477.8351542154948
25268,1047.9624430338542
25269,472.3338623046875
25270,477.8999735514323
25271,1209.0411376953125
25272,697.0671997070312
25273,578.60546875
25274,1202.2718505859375
25275,2251.396484375
25276,576.8606160481771
25277,384.80141194661456
25278,730.8675537109375
25279,1181.0063883463542
25280,852.1565348307291
25281,592.6722412109375
25282,825.6458129882812
25283,2204.3583984375
25284,448.40687052408856
25285,1258.557861328125
25286,833.6512858072916
25287,455.71645100911456
25288,1234.6081949869792
25289,1242.6896565755208
25290,927.1407267252604
25291,622.2309366861979
25292,948.1814168294271
25293,668.843505859375
25294,1379.1824137369792
25295,713.3344319661459
25296,607.239013671875
25297,1084.5604654947917
25298,12313.534505208334
25299,781.6532796223959
25300,775.2855021158854
25301,1304.5078938802083
25302,608.7831217447916
25303,847.8735758463541
25304,946.2344563802084
25305,655.9549153645834
25306,654.3958129882812
25307,941.9955851236979
25308,438.4755147298177
25309,459.01148478190106
25310,1016.9328409830729
25311,681.8728841145834
25312,904.1333618164062
25313,892.7697550455729
25314,960.4413655598959
25315,992.7575276692709
25316,560.2236328125
25317,1185.9440104166667
25318,828.0186564127604
25319,845.723388671875
25320,1264.7462972005208
25321,871.4693196614584
25322,1896.6047770182292
25323,636.4171142578125
25324,1252.6092529296875
25325,540.4234212239584
25326,820.8343505859375
25327,2196.4715983072915
25328,727.3881022135416
25329,1225.1083984375
25330,830.8627726236979
25331,502.87713623046875
25332,515.1452229817709
25333,685.56103515625
25334,814.0909627278646
25335,1196.8684895833333
25336,853.1521402994791
25337,783.3038533528646
25338,576.1801147460938
25339,1060.2595621744792
25340,934.1661173502604
25341,716.6779581705729
25342,1525.4241536458333
25343,1592.6114908854167
25344,901.4789835611979
25345,615.6830444335938
25346,1167.0029703776042
25347,1317.937255859375
25348,645.2534586588541
25349,1503.276611328125
25350,380.67840576171875
25351,1190.4849853515625
25352,947.7423299153646
25353,762.0243733723959
25354,1070.2183837890625
25355,1099.907958984375
25356,990.8322143554688
25357,1158.2275390625
25358,469.2606506347656
25359,1308.4131673177083
25360,2085.652099609375
25361,620.4441935221354
25362,1109.2019856770833
25363,919.03515625
25364,1825.707275390625
25365,955.1157633463541
25366,893.0599365234375
25367,688.4256184895834
25368,469.0014953613281
25369,868.4644571940104
25370,1578.7333170572917
25371,355.427978515625
25372,510.0370585123698
25373,706.9950764973959
25374,2388.5286458333335
25375,1144.5961100260417
25376,1373.4900716145833
25377,681.9278767903646
25378,1105.6401774088542
25379,1565.4772542317708
25380,651.4573771158854
25381,553.4355265299479
25382,805.6954142252604
25383,515.3849283854166
25384,1518.2418619791667
25385,1756.001220703125
25386,779.3382975260416
25387,519.0559692382812
25388,1358.6796061197917
25389,415.3824055989583
25390,1719.6842041015625
25391,779.9412027994791
25392,1313.3280843098958
25393,840.8860270182291
25394,1476.6834309895833
25395,1463.1414388020833
25396,573.8656616210938
25397,1010.4824422200521
25398,1242.8711344401042
25399,649.0378214518229
25400,902.5109659830729
25401,544.9331258138021
25402,446.1211344401042
25403,955.7742309570312
25404,1070.4597981770833
25405,715.528076171875
25406,1847.22509765625
25407,706.949951171875
25408,1104.0668131510417
25409,595.1004028320312
25410,856.718994140625
25411,1570.5576985677083
25412,1105.5655924479167
25413,3572.6161295572915
25414,923.447509765625
25415,744.3945922851562
25416,486.81421915690106
25417,504.49147542317706
25418,864.1207275390625
25419,892.2886352539062
25420,670.6825154622396
25421,828.1947835286459
25422,1144.0771891276042
25423,1717.9256591796875
25424,1179.645751953125
25425,1062.0204671223958
25426,2602.857177734375
25427,781.7683308919271
25428,1018.8668823242188
25429,422.7225646972656
25430,535.4046020507812
25431,1467.8225504557292
25432,1597.0527750651042
25433,764.0161946614584
25434,729.1570638020834
25435,859.6046956380209
25436,992.9239298502604
25437,1475.2701822916667
25438,482.9903157552083
25439,1494.835205078125
25440,749.9049479166666
25441,751.9034220377604
25442,993.7860514322916
25443,432.1058044433594
25444,1283.087890625
25445,445.8291727701823
25446,440.4369303385417
25447,924.4157307942709
25448,1048.5743408203125
25449,945.0954996744791
25450,463.37940470377606
25451,1587.7930094401042
25452,1042.5701904296875
25453,1387.8332112630208
25454,640.2066040039062
25455,760.0720825195312
25456,1804.5221761067708
25457,962.8162841796875
25458,640.0221557617188
25459,2701.1302897135415
25460,1381.3277180989583
25461,1378.4128011067708
25462,1612.1865641276042
25463,677.5565999348959
25464,694.3733317057291
25465,1028.5364583333333
25466,1522.99755859375
25467,3476.6883138020835
25468,812.3418375651041
25469,12431.808268229166
25470,1496.7791748046875
25471,1228.8589680989583
25472,1045.8933919270833
25473,516.1370646158854
25474,1326.4540608723958
25475,702.8174235026041
25476,2105.1061197916665
25477,1395.3553059895833
25478,1338.8601481119792
25479,923.5527954101562
25480,3389.6319986979165
25481,2241.5682779947915
25482,468.5518391927083
25483,781.0221761067709
25484,973.6595662434896
25485,1005.2942911783854
25486,1155.47607421875
25487,587.6542358398438
25488,748.4669392903646
25489,468.1263427734375
25490,578.3506876627604
25491,11688.205403645834
25492,1063.6393636067708
25493,560.295654296875
25494,715.7517496744791
25495,1090.7831217447917
25496,1590.2195638020833
25497,1171.7152913411458
25498,1037.5959879557292
25499,6634.161295572917
25500,1261.1034749348958
25501,1895.6080729166667
25502,1273.7236735026042
25503,698.8265787760416
25504,1254.5558675130208
25505,822.7716064453125
25506,801.0699666341146
25507,575.6534220377604
25508,1508.4364013671875
25509,1182.3023274739583
25510,2207.920654296875
25511,857.8834025065104
25512,2074.056640625
25513,515.569091796875
25514,1504.4269205729167
25515,847.6372273763021
25516,565.7905476888021
25517,582.4757080078125
25518,613.3874715169271
25519,12336.427734375
25520,1382.1280110677083
25521,901.5208943684896
25522,702.6578572591146
25523,828.1227010091146
25524,557.7059936523438
25525,757.4731038411459
25526,535.7421875
25527,1471.640625
25528,1096.7937418619792
25529,1066.6156819661458
25530,1128.4653727213542
25531,1648.8601888020833
25532,3464.713134765625
25533,716.0664265950521
25534,572.0874430338541
25535,876.5406087239584
25536,716.2921549479166
25537,1147.60693359375
25538,994.71044921875
25539,532.8957316080729
25540,805.3020222981771
25541,804.7765502929688
25542,913.0510864257812
25543,1306.9599609375
25544,3618.9285481770835
25545,725.8081868489584
25546,656.5225219726562
25547,1115.2995198567708
25548,606.1196899414062
25549,1631.4128824869792
25550,512.1636149088541
25551,932.7548421223959
25552,645.5224812825521
25553,1607.47021484375
25554,806.1695963541666
25555,1143.5810546875
25556,1191.9121907552083
25557,745.1561075846354
25558,700.4791666666666
25559,519.870849609375
25560,1124.0976969401042
25561,1013.9407145182291
25562,673.9037679036459
25563,758.3696695963541
25564,986.0279134114584
25565,674.8535970052084
25566,704.2926025390625
25567,782.4173380533854
25568,853.0945231119791
25569,582.4681599934896
25570,627.6418863932291
25571,539.456787109375
25572,1725.8182779947917
25573,653.9544474283854
25574,793.02685546875
25575,599.2188924153646
25576,511.91492716471356
25577,1224.0180257161458
25578,1036.4704996744792
25579,1141.1418050130208
25580,869.3711140950521
25581,1326.2435709635417
25582,482.4743347167969
25583,503.9888509114583
25584,1020.2911987304688
25585,1355.1704508463542
25586,1170.1456705729167
25587,988.3824869791666
25588,1068.0599365234375
25589,915.8996175130209
25590,1105.2360026041667
25591,715.379150390625
25592,926.5538533528646
25593,1416.32080078125
25594,556.7879435221354
25595,807.9247639973959
25596,815.7636922200521
25597,1251.2855224609375
25598,1449.2401123046875
25599,766.2798665364584
25600,1619.52587890625
25601,522.5959879557291
25602,892.0243123372396
25603,2813.3369954427085
25604,1235.0743815104167
25605,415.90720621744794
25606,547.2493896484375
25607,850.4658203125
25608,985.1673990885416
25609,573.6761067708334
25610,779.9329427083334
25611,1187.5258382161458
25612,454.45782470703125
25613,2907.95556640625
25614,371.6905924479167
25615,715.9078165690104
25616,642.0711466471354
25617,373.8401794433594
25618,1309.5027669270833
25619,1380.8102620442708
25620,559.1181844075521
25621,1167.6783447265625
25622,902.0016276041666
25623,1274.040283203125
25624,1693.9117024739583
25625,1293.3798421223958
25626,2589.18359375
25627,923.4820556640625
25628,759.1610717773438
25629,729.7953694661459
25630,1329.906494140625
25631,858.9932454427084
25632,1684.8997395833333
25633,813.2247517903646
25634,928.8906453450521
25635,1835.8799235026042
25636,1428.6947021484375
25637,1573.1826985677083
25638,1397.8345133463542
25639,2008.3432210286458
25640,638.1608479817709
25641,797.0256551106771
25642,693.3839111328125
25643,1410.7379150390625
25644,1037.2719319661458
25645,2155.900146484375
25646,1357.4451904296875
25647,698.6393839518229
25648,813.9306030273438
25649,722.7015380859375
25650,1198.4869384765625
25651,1232.0501302083333
25652,2042.0876057942708
25653,1050.7585856119792
25654,2004.3033854166667
25655,1393.7190348307292
25656,772.0181681315104
25657,1495.7645670572917
25658,752.9546915690104
25659,855.8014119466146
25660,1679.4801025390625
25661,1627.9158121744792
25662,848.5961507161459
25663,918.231201171875
25664,1102.68310546875
25665,719.380615234375
25666,721.2331136067709
25667,445.7470296223958
25668,1685.2521565755208
25669,1421.8016764322917
25670,1070.582275390625
25671,742.0010579427084
25672,596.7896118164062
25673,1199.3228352864583
25674,854.4761149088541
25675,3130.6522623697915
25676,1060.5403645833333
25677,745.1893310546875
25678,798.1634724934896
25679,1381.1428629557292
25680,918.8639322916666
25681,690.9492594401041
25682,1351.9467366536458
25683,711.0042724609375
25684,621.8257649739584
25685,1468.3838704427083
25686,1007.6990152994791
25687,2110.9286295572915
25688,990.7152303059896
25689,1027.2685953776042
25690,1322.9638671875
25691,988.4715779622396
25692,1039.8774820963542
25693,925.8707682291666
25694,589.0689900716146
25695,858.50634765625
25696,483.9198913574219
25697,937.5234985351562
25698,1989.4484049479167
25699,543.2181599934896
25700,2921.9746907552085
25701,978.1084187825521
25702,702.5734456380209
25703,671.2214558919271
25704,2620.7246907552085
25705,1452.5609130859375
25706,1789.9185384114583
25707,1323.1256103515625
25708,3147.6021321614585
25709,1048.6094563802083
25710,774.316162109375
25711,486.52123006184894
25712,629.3715006510416
25713,952.4623006184896
25714,1627.0673421223958
25715,718.8091837565104
25716,603.8640340169271
25717,992.6179606119791
25718,1257.9113362630208
25719,2399.1748860677085
25720,853.9865519205729
25721,1336.5839029947917
25722,709.1631266276041
25723,770.2859293619791
25724,897.7691040039062
25725,815.1172892252604
25726,775.8550821940104
25727,830.3681030273438
25728,1764.1264241536458
25729,2644.2107747395835
25730,497.6238301595052
25731,1039.3055826822917
25732,2308.489013671875
25733,522.1805826822916
25734,798.1429239908854
25735,869.3870035807291
25736,671.9937744140625
25737,1460.932861328125
25738,1956.4091796875
25739,546.718994140625
25740,725.1907958984375
25741,1118.3452962239583
25742,1907.269287109375
25743,706.1423950195312
25744,634.92041015625
25745,1330.9234212239583
25746,1465.0679524739583
25747,1084.6919352213542
25748,742.2624715169271
25749,625.8390706380209
25750,657.8987833658854
25751,1114.815673828125
25752,1147.9229329427083
25753,873.8922322591146
25754,696.3474527994791
25755,1117.7531331380208
25756,627.0310465494791
25757,950.7415364583334
25758,795.5676472981771
25759,491.7984110514323
25760,723.7426350911459
25761,1086.300537109375
25762,1085.7855631510417
25763,2408.7652180989585
25764,1062.61572265625
25765,806.9551391601562
25766,573.5950520833334
25767,576.9118041992188
25768,938.8380533854166
25769,1361.307861328125
25770,679.0906778971354
25771,944.0077921549479
25772,1722.1526285807292
25773,978.8003336588541
25774,919.5032755533854
25775,525.1754150390625
25776,1024.4694010416667
25777,1481.9468180338542
25778,814.2151285807291
25779,1667.9117024739583
25780,516.8119099934896
25781,914.6473388671875
25782,2067.4735514322915
25783,999.0963948567709
25784,643.1725667317709
25785,699.0996907552084
25786,959.146484375
25787,2892.234130859375
25788,911.2723388671875
25789,853.4813639322916
25790,659.4265340169271
25791,693.89306640625
25792,1238.8982340494792
25793,1233.9176025390625
25794,1192.8430582682292
25795,749.7702229817709
25796,358.86902872721356
25797,491.01788330078125
25798,723.9572550455729
25799,979.3612874348959
25800,919.9319458007812
25801,910.4506225585938
25802,665.6356608072916
25803,793.9930826822916
25804,576.0580851236979
25805,1216.9555257161458
25806,1164.219482421875
25807,1086.011474609375
25808,972.493896484375
25809,563.3429158528646
25810,808.4037068684896
25811,1380.0272623697917
25812,1104.13427734375
25813,665.3812662760416
25814,804.9861653645834
25815,1816.5414225260417
25816,4271.768229166667
25817,423.1963806152344
25818,669.2274373372396
25819,840.666259765625
25820,1188.7115478515625
25821,565.9636433919271
25822,1032.3055419921875
25823,506.2692565917969
25824,995.6540730794271
25825,1209.1625162760417
25826,571.0086059570312
25827,879.0294799804688
25828,2760.7822265625
25829,739.9931844075521
25830,833.1092936197916
25831,956.0138956705729
25832,1347.8190511067708
25833,630.2322387695312
25834,858.0525919596354
25835,1903.7897135416667
25836,1616.335693359375
25837,960.6466674804688
25838,1504.8360595703125
25839,1491.23291015625
25840,517.9407552083334
25841,758.8646036783854
25842,1182.8345540364583
25843,1652.1817220052083
25844,408.2434895833333
25845,405.6393229166667
25846,1334.5893147786458
25847,553.1701863606771
25848,529.5973714192709
25849,763.2231852213541
25850,798.2108968098959
25851,2337.298095703125
25852,1014.6939697265625
25853,660.2715250651041
25854,890.6387329101562
25855,2904.224853515625
25856,584.4507446289062
25857,842.0833740234375
25858,819.8499552408854
25859,663.1740112304688
25860,1107.6923421223958
25861,385.64732869466144
25862,513.2208048502604
25863,1786.0535888671875
25864,2210.557861328125
25865,432.0299987792969
25866,566.4557088216146
25867,740.1530558268229
25868,722.5937093098959
25869,746.2717081705729
25870,608.6845906575521
25871,12954.600260416666
25872,1019.3094482421875
25873,1203.8914794921875
25874,1275.0982259114583
25875,605.555908203125
25876,723.0265502929688
25877,1535.5893147786458
25878,2183.944580078125
25879,1143.3697102864583
25880,728.0340372721354
25881,589.3606363932291
25882,543.2917683919271
25883,1173.788330078125
25884,1814.7451171875
25885,673.4773763020834
25886,1244.4673258463542
25887,1324.617431640625
25888,570.4515584309896
25889,1266.7937418619792
25890,437.9128926595052
25891,690.2141723632812
25892,988.9612630208334
25893,1529.8348795572917
25894,838.8611043294271
25895,925.3184611002604
25896,1026.7148844401042
25897,730.0500081380209
25898,1110.0503743489583
25899,816.9041748046875
25900,506.9014485677083
25901,1212.6199544270833
25902,1049.4027506510417
25903,538.0323282877604
25904,729.4907430013021
25905,905.8246459960938
25906,1897.59375
25907,708.5221150716146
25908,2358.5185546875
25909,747.15234375
25910,578.6101888020834
25911,1361.2677001953125
25912,699.0369669596354
25913,567.3108723958334
25914,888.9436645507812
25915,1540.470947265625
25916,654.4089152018229
25917,463.3338114420573
25918,1369.2421875
25919,2375.9952799479165
25920,952.3505859375
25921,702.6471557617188
25922,2622.58935546875
25923,867.2956949869791
25924,737.4462687174479
25925,723.0359903971354
25926,1010.0561930338541
25927,2050.040283203125
25928,1571.5187581380208
25929,1032.0658365885417
25930,598.4116617838541
25931,826.6021931966146
25932,746.9820149739584
25933,436.7597351074219
25934,1093.6326090494792
25935,1977.8007405598958
25936,1124.2355143229167
25937,770.2423502604166
25938,2346.78564453125
25939,1457.6704508463542
25940,1398.0375162760417
25941,1771.6005452473958
25942,740.2428181966146
25943,1156.157470703125
25944,428.0385030110677
25945,827.9798380533854
25946,699.5951131184896
25947,757.005859375
25948,979.5580444335938
25949,671.8427327473959
25950,890.4952799479166
25951,1391.6577555338542
25952,1018.2517700195312
25953,945.1715494791666
25954,1212.4957275390625
25955,1044.4635009765625
25956,935.5839233398438
25957,593.1720581054688
25958,1363.4270426432292
25959,788.6172485351562
25960,490.9436950683594
25961,1147.6375325520833
25962,1619.2388916015625
25963,1184.3711751302083
25964,711.8365071614584
25965,1319.7953694661458
25966,1162.0513916015625
25967,977.5387369791666
25968,1816.7523193359375
25969,743.6639607747396
25970,545.9872029622396
25971,1197.9694010416667
25972,769.197265625
25973,487.5891418457031
25974,929.2096557617188
25975,1072.1271565755208
25976,665.3394571940104
25977,794.2072143554688
25978,1196.618896484375
25979,738.4647420247396
25980,681.9035237630209
25981,1101.2569580078125
25982,1154.3581949869792
25983,401.70159912109375
25984,1977.7667236328125
25985,972.1251831054688
25986,916.0982259114584
25987,1954.200927734375
25988,599.14990234375
25989,1287.1715901692708
25990,1383.8626302083333
25991,725.4274088541666
25992,1157.2837727864583
25993,2167.0706380208335
25994,467.23741658528644
25995,676.5168863932291
25996,774.3247477213541
25997,878.3644002278646
25998,1439.798828125
25999,1421.9388834635417
26000,595.8816731770834
26001,992.6681722005209
26002,1695.2099202473958
26003,569.1265055338541
26004,1351.9727376302083
26005,2250.150390625
26006,1487.9923909505208
26007,958.2398681640625
26008,881.7507527669271
26009,779.9657796223959
26010,1048.6297607421875
26011,1310.7651774088542
26012,2244.5559895833335
26013,2060.0660807291665
26014,621.7957356770834
26015,1150.1653645833333
26016,738.1434326171875
26017,1318.3787027994792
26018,722.2202555338541
26019,454.37437947591144
26020,2425.9913736979165
26021,1043.5721028645833
26022,955.9996948242188
26023,1428.5337727864583
26024,666.8184814453125
26025,878.4356689453125
26026,911.1588134765625
26027,1241.853515625
26028,463.22442626953125
26029,677.0048421223959
26030,512.1598307291666
26031,1132.121337890625
26032,1376.0982666015625
26033,789.5213826497396
26034,836.5650838216146
26035,1171.201416015625
26036,422.0602315266927
26037,2138.1710611979165
26038,455.89539591471356
26039,1627.94921875
26040,1143.9233805338542
26041,612.8958740234375
26042,463.2847086588542
26043,1564.3684895833333
26044,1145.9429117838542
26045,599.8460083007812
26046,993.4286702473959
26047,1546.5028076171875
26048,497.9934794108073
26049,1280.4445393880208
26050,1681.2034505208333
26051,796.3769938151041
26052,502.0290120442708
26053,1086.7316080729167
26054,815.4574381510416
26055,1406.4233805338542
26056,589.511962890625
26057,343.0455017089844
26058,2895.6787109375
26059,605.8404541015625
26060,848.6428629557291
26061,470.6425374348958
26062,669.7224731445312
26063,917.2493082682291
26064,1081.6049397786458
26065,2060.294189453125
26066,1471.0055745442708
26067,1284.0542399088542
26068,1342.6826578776042
26069,743.7123413085938
26070,1624.8520100911458
26071,1065.9856770833333
26072,733.0540974934896
26073,696.2664388020834
26074,607.0259195963541
26075,844.6296183268229
26076,560.1259155273438
26077,433.0237121582031
26078,552.3987833658854
26079,1264.74951171875
26080,657.1326700846354
26081,694.9706013997396
26082,597.4183146158854
26083,822.9958292643229
26084,1393.5085856119792
26085,675.7975463867188
26086,614.6231486002604
26087,1778.5872802734375
26088,3337.6146647135415
26089,453.96478271484375
26090,791.32763671875
26091,523.0730183919271
26092,522.7423095703125
26093,709.1175944010416
26094,395.7442220052083
26095,1021.6808064778646
26096,783.0405883789062
26097,1233.5305582682292
26098,1079.7526448567708
26099,1205.2030843098958
26100,858.1512044270834
26101,2926.1846516927085
26102,473.7611490885417
26103,1110.9591471354167
26104,707.7381795247396
26105,736.1729532877604
26106,853.8662923177084
26107,599.2861124674479
26108,959.4930216471354
26109,498.33103434244794
26110,1965.2602132161458
26111,821.6202392578125
26112,1200.3216552734375
26113,750.7330322265625
26114,547.6965535481771
26115,923.0303955078125
26116,602.0746663411459
26117,856.2079467773438
26118,1220.9223225911458
26119,663.4002075195312
26120,288.1245625813802
26121,889.0255940755209
26122,820.6467692057291
26123,1013.5433553059896
26124,597.8995361328125
26125,823.9862263997396
26126,803.9757080078125
26127,806.7046101888021
26128,779.9572347005209
26129,414.56212361653644
26130,1914.1136474609375
26131,976.1229858398438
26132,1122.1433512369792
26133,1162.0181477864583
26134,1066.1996256510417
26135,842.1712849934896
26136,534.7495930989584
26137,524.8705444335938
26138,712.6786702473959
26139,740.5978597005209
26140,631.2645874023438
26141,451.12060546875
26142,863.5079549153646
26143,410.4302978515625
26144,754.4040120442709
26145,479.4313456217448
26146,1546.1999918619792
26147,2186.987548828125
26148,1197.599365234375
26149,762.5718994140625
26150,1214.8624267578125
26151,865.4710286458334
26152,688.8777872721354
26153,609.084228515625
26154,420.38318888346356
26155,655.1929117838541
26156,1606.3140462239583
26157,1132.5080159505208
26158,1082.7026774088542
26159,731.7385050455729
26160,976.1208292643229
26161,931.4313557942709
26162,741.6342366536459
26163,764.8908081054688
26164,1571.2247721354167
26165,774.2843627929688
26166,936.2418823242188
26167,1100.0515543619792
26168,1031.3462727864583
26169,949.2096964518229
26170,2370.138427734375
26171,796.0693969726562
26172,828.7176106770834
26173,1316.2096354166667
26174,1156.91064453125
26175,534.4425455729166
26176,1620.3926595052083
26177,1489.8518473307292
26178,1442.5542805989583
26179,1150.9621175130208
26180,813.6483764648438
26181,473.8820393880208
26182,876.6366373697916
26183,800.3592529296875
26184,527.8004964192709
26185,900.1142781575521
26186,988.1606241861979
26187,1018.3537190755209
26188,739.2077229817709
26189,902.5773722330729
26190,1430.9903971354167
26191,632.3826700846354
26192,1391.9127604166667
26193,538.1922607421875
26194,747.9406534830729
26195,1852.1800944010417
26196,478.0955301920573
26197,900.155517578125
26198,1052.644287109375
26199,482.31699625651044
26200,534.9860229492188
26201,480.5158284505208
26202,1251.3280843098958
26203,1028.1732177734375
26204,1648.9057210286458
26205,1049.0963134765625
26206,817.8275756835938
26207,705.7496541341146
26208,697.5964152018229
26209,1010.9366251627604
26210,1125.5006103515625
26211,989.3088582356771
26212,605.7373250325521
26213,1214.6986897786458
26214,970.3398640950521
26215,511.72960408528644
26216,601.2497151692709
26217,800.9341023763021
26218,605.8939615885416
26219,1755.943359375
26220,1744.658447265625
26221,974.3597615559896
26222,561.6742553710938
26223,866.3512166341146
26224,539.8942260742188
26225,680.3436075846354
26226,924.70703125
26227,847.0688680013021
26228,693.7159220377604
26229,1020.2104695638021
26230,691.115478515625
26231,1472.0625
26232,639.1767171223959
26233,1284.592529296875
26234,2777.4970703125
26235,1172.10888671875
26236,590.999267578125
26237,1096.9372151692708
26238,1508.9375
26239,1253.2965901692708
26240,1162.2095540364583
26241,2048.210734049479
26242,577.1129760742188
26243,1911.8715413411458
26244,1311.3833414713542
26245,463.2554117838542
26246,1185.8326416015625
26247,1637.8392333984375
26248,880.4388224283854
26249,723.639404296875
26250,1248.3370361328125
26251,832.0255330403646
26252,620.0615030924479
26253,857.3398844401041
26254,441.1822102864583
26255,522.1075439453125
26256,1152.305908203125
26257,3326.525390625
26258,910.3771158854166
26259,1073.2861328125
26260,1107.2359212239583
26261,936.2573852539062
26262,599.5706583658854
26263,1204.0270589192708
26264,709.5038655598959
26265,595.996826171875
26266,2267.406494140625
26267,440.8929443359375
26268,2744.5445963541665
26269,688.9056193033854
26270,667.5059814453125
26271,752.5102742513021
26272,682.0226236979166
26273,1625.585205078125
26274,475.1309407552083
26275,1203.332763671875
26276,1110.689453125
26277,654.1875203450521
26278,1457.3079427083333
26279,974.4816691080729
26280,651.2509765625
26281,397.0154215494792
26282,854.649169921875
26283,1803.4154866536458
26284,464.4612223307292
26285,405.82020060221356
26286,892.8699544270834
26287,1128.4596354166667
26288,556.0680135091146
26289,1299.5493570963542
26290,687.2718709309896
26291,578.8911336263021
26292,989.9726969401041
26293,807.1364542643229
26294,1035.2869873046875
26295,772.286865234375
26296,707.3977457682291
26297,637.6433512369791
26298,1054.6722005208333
26299,567.8353474934896
26300,931.6500244140625
26301,857.156005859375
26302,1112.2307942708333
26303,1075.8526611328125
26304,1154.5307210286458
26305,832.4583129882812
26306,895.7482706705729
26307,1015.6513468424479
26308,1919.7682698567708
26309,1972.8413899739583
26310,948.6604410807291
26311,820.0099690755209
26312,1646.584228515625
26313,354.63194783528644
26314,699.09765625
26315,977.6706949869791
26316,739.3877156575521
26317,1060.5019124348958
26318,805.0202433268229
26319,582.2588094075521
26320,1422.2687174479167
26321,1825.1348876953125
26322,1105.753173828125
26323,772.2715454101562
26324,681.3514811197916
26325,630.9368082682291
26326,597.572509765625
26327,1509.886474609375
26328,1328.9830729166667
26329,2389.8451334635415
26330,1260.1278483072917
26331,1701.0760091145833
26332,656.669189453125
26333,701.5160319010416
26334,1738.3137613932292
26335,655.8440348307291
26336,947.5335286458334
26337,359.79969278971356
26338,682.1742960611979
26339,461.82605997721356
26340,676.915771484375
26341,886.1720377604166
26342,393.3362121582031
26343,1103.125
26344,586.3273111979166
26345,743.7231038411459
26346,1054.9460042317708
26347,982.408447265625
26348,678.2847696940104
26349,861.6759440104166
26350,1390.3659261067708
26351,896.0409342447916
26352,862.2608642578125
26353,1302.3182779947917
26354,1056.1604817708333
26355,2188.2362467447915
26356,725.8449910481771
26357,1083.0959879557292
26358,672.3957316080729
26359,875.059814453125
26360,717.8611246744791
26361,858.1221516927084
26362,528.3834228515625
26363,834.0561319986979
26364,809.8382568359375
26365,566.9181722005209
26366,519.7722574869791
26367,234.82745361328125
26368,949.8003133138021
26369,550.1485799153646
26370,1905.9726155598958
26371,617.5370279947916
26372,616.0713297526041
26373,835.0582071940104
26374,667.8155721028646
26375,1067.4330647786458
26376,1873.2959391276042
26377,783.8727620442709
26378,1454.3092041015625
26379,1009.5894775390625
26380,620.4381713867188
26381,571.8007405598959
26382,639.7015991210938
26383,509.33348592122394
26384,428.6128234863281
26385,722.7676595052084
26386,1167.2727457682292
26387,639.3987426757812
26388,1585.2207438151042
26389,1759.5906575520833
26390,355.02281697591144
26391,622.892578125
26392,709.8759358723959
26393,700.0494384765625
26394,867.8436482747396
26395,777.2940470377604
26396,1458.2482096354167
26397,696.2050984700521
26398,1592.1610107421875
26399,652.4581298828125
26400,3153.1201985677085
26401,1921.828857421875
26402,847.9065144856771
26403,1289.7322998046875
26404,794.1455485026041
26405,1598.27685546875
26406,2319.2599283854165
26407,854.6946411132812
26408,1439.5697021484375
26409,830.2117919921875
26410,1323.9672037760417
26411,1160.2933349609375
26412,1834.3319498697917
26413,392.1010437011719
26414,765.7716471354166
26415,689.6916300455729
26416,1085.0468343098958
26417,770.5803426106771
26418,1852.3199869791667
26419,1827.206298828125
26420,403.9987487792969
26421,1293.2987874348958
26422,682.5498860677084
26423,554.1118977864584
26424,1597.5778401692708
26425,799.0990804036459
26426,1508.7135416666667
26427,1311.9735921223958
26428,1237.1238199869792
26429,559.1620076497396
26430,385.1469014485677
26431,760.6740112304688
26432,1043.4991455078125
26433,1185.7124430338542
26434,855.4586791992188
26435,570.0256144205729
26436,945.3630574544271
26437,1134.5536295572917
26438,945.4273274739584
26439,836.9689127604166
26440,493.58986409505206
26441,636.9652913411459
26442,1256.7351481119792
26443,688.00390625
26444,641.0175577799479
26445,754.2793375651041
26446,496.33995564778644
26447,834.2481486002604
26448,506.6263936360677
26449,1117.52099609375
26450,445.7773844401042
26451,595.0692342122396
26452,539.0929768880209
26453,556.8641967773438
26454,686.5365397135416
26455,438.23687744140625
26456,3323.02783203125
26457,1473.245361328125
26458,2847.99462890625
26459,800.7459920247396
26460,1764.9844970703125
26461,897.9220581054688
26462,934.8042399088541
26463,462.2245381673177
26464,931.7042643229166
26465,2949.0834147135415
26466,643.3546956380209
26467,913.2245890299479
26468,493.21556599934894
26469,1269.5426432291667
26470,1128.9357096354167
26471,1401.406005859375
26472,641.2236531575521
26473,981.8471069335938
26474,651.8699544270834
26475,898.2811279296875
26476,867.4584757486979
26477,2014.4879557291667
26478,569.4749959309896
26479,1538.8490397135417
26480,766.7878621419271
26481,983.4227091471354
26482,1202.6439208984375
26483,742.9355061848959
26484,602.0047607421875
26485,1416.5105794270833
26486,1761.5748291015625
26487,1131.8345133463542
26488,752.0748291015625
26489,1133.0315348307292
26490,484.09987386067706
26491,1383.4095865885417
26492,2195.0390625
26493,644.1460978190104
26494,1665.796630859375
26495,730.0923055013021
26496,1020.8683675130209
26497,871.7325439453125
26498,1338.5102132161458
26499,784.4318033854166
26500,667.9954630533854
26501,1033.6480712890625
26502,2770.9076334635415
26503,1038.818115234375
26504,1200.3124186197917
26505,1098.0912679036458
26506,1065.7304280598958
26507,742.8005574544271
26508,1429.9965413411458
26509,486.5986836751302
26510,443.93760172526044
26511,734.7876383463541
26512,1966.4304606119792
26513,887.6612141927084
26514,1087.4209798177083
26515,1297.5891520182292
26516,591.7384440104166
26517,1026.9521891276042
26518,561.4322713216146
26519,1046.4831136067708
26520,588.2241414388021
26521,888.4982706705729
26522,391.46715291341144
26523,1054.7274169921875
26524,1907.3360188802083
26525,1287.4832763671875
26526,979.6612752278646
26527,1161.8016764322917
26528,908.093994140625
26529,1160.2887369791667
26530,424.73386637369794
26531,1634.7454833984375
26532,567.1552937825521
26533,2343.8045247395835
26534,1062.6338704427083
26535,1998.5298258463542
26536,814.9068603515625
26537,1079.3161214192708
26538,999.7346801757812
26539,422.6197001139323
26540,507.2683410644531
26541,786.1032104492188
26542,1296.3233642578125
26543,1159.6388346354167
26544,652.6712036132812
26545,2061.1940104166665
26546,632.37255859375
26547,1075.2681070963542
26548,535.2512410481771
26549,1089.5767008463542
26550,845.2230834960938
26551,373.33831787109375
26552,614.1487426757812
26553,781.8474934895834
26554,814.0255330403646
26555,737.1894124348959
26556,938.8719278971354
26557,742.2572428385416
26558,1220.3790283203125
26559,771.7467447916666
26560,743.6327718098959
26561,649.5293782552084
26562,6061.037923177083
26563,1954.6603597005208
26564,852.9320678710938
26565,959.8914388020834
26566,929.5212605794271
26567,634.8943277994791
26568,800.6876220703125
26569,744.4223429361979
26570,1569.8900960286458
26571,813.6331787109375
26572,905.9883422851562
26573,778.2706705729166
26574,850.8755493164062
26575,876.2293497721354
26576,821.319580078125
26577,1292.39306640625
26578,1150.8355712890625
26579,1614.3232014973958
26580,528.175048828125
26581,878.076416015625
26582,979.8370971679688
26583,826.3264973958334
26584,886.9297688802084
26585,1393.6246744791667
26586,852.1560668945312
26587,657.3567708333334
26588,492.75445556640625
26589,548.3906860351562
26590,953.1337076822916
26591,486.66014607747394
26592,1282.151611328125
26593,575.3824055989584
26594,1272.1409912109375
26595,866.2201131184896
26596,717.3438720703125
26597,688.5577799479166
26598,567.3567097981771
26599,1154.6505533854167
26600,756.4315388997396
26601,417.36273193359375
26602,866.7941691080729
26603,1018.4465738932291
26604,2026.3074137369792
26605,590.995361328125
26606,883.9406534830729
26607,944.7388102213541
26608,1209.2913818359375
26609,1020.5157267252604
26610,403.13072713216144
26611,1167.9449055989583
26612,715.3583780924479
26613,1228.5207112630208
26614,905.3203735351562
26615,553.4813639322916
26616,1139.4058024088542
26617,548.8738403320312
26618,905.0275065104166
26619,942.4594930013021
26620,420.259033203125
26621,1750.5992838541667
26622,819.9987589518229
26623,389.45360310872394
26624,940.7788289388021
26625,453.3231608072917
26626,1590.3874104817708
26627,904.5383911132812
26628,2376.7814127604165
26629,654.5000203450521
26630,803.6088053385416
26631,2566.0445149739585
26632,582.4838460286459
26633,519.6369832356771
26634,1104.4080403645833
26635,1932.2183024088542
26636,826.7562662760416
26637,1312.3353271484375
26638,655.0711466471354
26639,695.5874633789062
26640,741.8244222005209
26641,543.2919921875
26642,561.37744140625
26643,911.7659098307291
26644,1357.2908121744792
26645,2403.5598958333335
26646,382.68931070963544
26647,1188.0647786458333
26648,669.338134765625
26649,1048.9317220052083
26650,496.46434529622394
26651,1096.4364420572917
26652,555.331787109375
26653,1600.9513346354167
26654,673.3673706054688
26655,928.3856201171875
26656,611.4915364583334
26657,573.593994140625
26658,994.7319742838541
26659,1945.6038004557292
26660,2273.76708984375
26661,761.7395426432291
26662,1247.2456461588542
26663,1225.025390625
26664,640.9467976888021
26665,677.1261596679688
26666,2512.3492024739585
26667,458.83544921875
26668,590.3660481770834
26669,2147.6328938802085
26670,955.0303751627604
26671,703.0872395833334
26672,1715.1716715494792
26673,673.9475504557291
26674,1355.1850992838542
26675,1399.7213948567708
26676,1089.3948160807292
26677,914.4749755859375
26678,622.8730265299479
26679,755.7020467122396
26680,1276.5316569010417
26681,819.4309488932291
26682,1489.8300374348958
26683,604.0508626302084
26684,685.1663004557291
26685,2232.1038411458335
26686,1102.7044270833333
26687,497.5993957519531
26688,311.0142110188802
26689,550.3452962239584
26690,447.14093017578125
26691,619.5353190104166
26692,5709.533365885417
26693,793.5309855143229
26694,700.2394816080729
26695,1497.5699055989583
26696,1116.4757486979167
26697,853.2095336914062
26698,911.48193359375
26699,835.7259114583334
26700,895.1588541666666
26701,636.66064453125
26702,960.0810953776041
26703,1193.9180501302083
26704,1073.8291829427083
26705,580.4716186523438
26706,855.8140869140625
26707,1088.8097330729167
26708,600.1164957682291
26709,809.3620808919271
26710,1043.5978597005208
26711,2124.9873860677085
26712,843.421630859375
26713,1132.3666585286458
26714,1106.9804280598958
26715,953.0252685546875
26716,484.2693583170573
26717,1649.0502522786458
26718,1289.6946207682292
26719,1226.8258056640625
26720,1070.0594075520833
26721,765.3411254882812
26722,773.1319580078125
26723,930.4664103190104
26724,3297.9502766927085
26725,1000.9405721028646
26726,1067.4073079427083
26727,1703.8734130859375
26728,434.502197265625
26729,1576.4725748697917
26730,601.2883504231771
26731,631.0691731770834
26732,857.6306355794271
26733,1675.3249918619792
26734,1927.1617431640625
26735,653.1965942382812
26736,1075.3475341796875
26737,1532.1600341796875
26738,1470.5408121744792
26739,577.9032999674479
26740,3214.1363118489585
26741,799.5770060221354
26742,554.1739095052084
26743,610.7923380533854
26744,605.5160115559896
26745,699.6245930989584
26746,1064.6776936848958
26747,425.4933573404948
26748,672.4600219726562
26749,556.9525960286459
26750,765.8883260091146
26751,963.9057820638021
26752,2144.692138671875
26753,338.19810994466144
26754,593.0978597005209
26755,519.0968627929688
26756,1063.2877197265625
26757,2473.291259765625
26758,4493.205891927083
26759,997.7531331380209
26760,438.3900553385417
26761,1031.8894856770833
26762,468.2940979003906
26763,1141.952880859375
26764,1370.3083902994792
26765,967.5298461914062
26766,1576.8189697265625
26767,1667.6287434895833
26768,871.9571940104166
26769,905.4887084960938
26770,919.3087565104166
26771,2759.794921875
26772,1719.0621744791667
26773,2353.025146484375
26774,1084.01806640625
26775,2332.4645182291665
26776,608.5940755208334
26777,509.74237060546875
26778,1836.8447265625
26779,662.2548014322916
26780,674.3879597981771
26781,555.1798909505209
26782,1393.9138997395833
26783,1274.155029296875
26784,576.1228230794271
26785,1134.7376708984375
26786,3586.406005859375
26787,687.3645222981771
26788,572.5962524414062
26789,563.1003011067709
26790,1534.32568359375
26791,703.3581136067709
26792,339.63193766276044
26793,1114.70703125
26794,661.3062947591146
26795,637.9314371744791
26796,1031.114013671875
26797,844.9667358398438
26798,844.6407877604166
26799,874.39501953125
26800,873.2038777669271
26801,1329.3415120442708
26802,857.3573811848959
26803,2617.6758626302085
26804,1130.5189208984375
26805,563.0170491536459
26806,869.3726399739584
26807,1144.942626953125
26808,769.1111450195312
26809,616.9095662434896
26810,2421.9383951822915
26811,444.75682576497394
26812,1176.2320963541667
26813,1413.6190185546875
26814,766.8305053710938
26815,1224.2235514322917
26816,632.5755411783854
26817,1143.7499186197917
26818,854.1550496419271
26819,1551.0638020833333
26820,730.0023600260416
26821,413.45249430338544
26822,1152.4141845703125
26823,1150.8669840494792
26824,762.6296590169271
26825,834.1125081380209
26826,920.1361083984375
26827,1075.1287027994792
26828,1211.91015625
26829,1747.51513671875
26830,1062.0255533854167
26831,967.8938395182291
26832,539.5185343424479
26833,400.1532897949219
26834,584.1682535807291
26835,1170.3967692057292
26836,582.9676513671875
26837,1671.337646484375
26838,972.0689290364584
26839,490.8782145182292
26840,984.720703125
26841,1240.6063639322917
26842,878.9924926757812
26843,772.4718627929688
26844,850.7017008463541
26845,845.31787109375
26846,869.0116780598959
26847,473.9689534505208
26848,612.7077840169271
26849,1309.658935546875
26850,451.9520263671875
26851,1788.7662353515625
26852,827.0297444661459
26853,924.5247599283854
26854,1584.8836669921875
26855,683.2342732747396
26856,1392.6264241536458
26857,1370.5967610677083
26858,583.5456339518229
26859,721.7550455729166
26860,863.1623128255209
26861,1411.666259765625
26862,1168.8172200520833
26863,305.1894226074219
26864,968.3739013671875
26865,755.8359985351562
26866,2047.5783284505208
26867,1122.1670328776042
26868,444.3338114420573
26869,988.7001139322916
26870,1131.6079915364583
26871,1108.982177734375
26872,722.9662272135416
26873,2139.9627278645835
26874,748.7573445638021
26875,940.8442993164062
26876,816.1507364908854
26877,668.2044270833334
26878,865.8423055013021
26879,1025.0272623697917
26880,1301.6253662109375
26881,765.0352986653646
26882,926.4016723632812
26883,733.330810546875
26884,677.8636271158854
26885,441.64430745442706
26886,966.7523396809896
26887,773.6978759765625
26888,1608.3372395833333
26889,782.9881184895834
26890,1058.4810384114583
26891,560.0949300130209
26892,453.55884806315106
26893,570.6574300130209
26894,857.8495076497396
26895,925.6524454752604
26896,1473.2140299479167
26897,1396.6693115234375
26898,603.2255452473959
26899,1072.0557454427083
26900,521.1107381184896
26901,766.0379842122396
26902,804.5876668294271
26903,947.5986938476562
26904,379.2350667317708
26905,2128.0525716145835
26906,762.5178833007812
26907,557.8669026692709
26908,939.6682942708334
26909,923.5374348958334
26910,596.4344685872396
26911,1339.9293619791667
26912,1102.5809733072917
26913,1011.927978515625
26914,2890.5234375
26915,677.9656168619791
26916,2251.2405598958335
26917,403.1189880371094
26918,1359.8123779296875
26919,599.1668090820312
26920,993.3142496744791
26921,1102.8777669270833
26922,574.0810343424479
26923,1641.0043538411458
26924,1026.5554606119792
26925,607.4403889973959
26926,653.7108357747396
26927,765.6145426432291
26928,1719.340087890625
26929,1222.764404296875
26930,774.5600789388021
26931,2383.120849609375
26932,812.7646280924479
26933,486.89621988932294
26934,954.3086140950521
26935,787.531982421875
26936,783.4170328776041
26937,503.73595174153644
26938,975.5432535807291
26939,760.8903198242188
26940,890.6264444986979
26941,780.7562866210938
26942,1069.369873046875
26943,1379.1818033854167
26944,706.9330647786459
26945,831.0482991536459
26946,639.8769734700521
26947,661.9112752278646
26948,773.6132609049479
26949,675.4896443684896
26950,2955.646728515625
26951,1286.5980224609375
26952,1349.3657633463542
26953,584.0377604166666
26954,2558.943115234375
26955,536.9645182291666
26956,748.2144978841146
26957,518.1392008463541
26958,753.5950113932291
26959,1426.8207600911458
26960,710.3863525390625
26961,888.15869140625
26962,637.3519897460938
26963,615.9590861002604
26964,939.7174682617188
26965,2770.8343098958335
26966,533.8190104166666
26967,1425.447265625
26968,630.3007609049479
26969,912.3709513346354
26970,784.8287150065104
26971,1312.187255859375
26972,328.9365743001302
26973,656.3571573893229
26974,474.01039632161456
26975,698.8842163085938
26976,717.1654459635416
26977,529.5858968098959
26978,964.6010335286459
26979,1285.7029215494792
26980,2461.0797526041665
26981,1051.4217122395833
26982,505.9271748860677
26983,614.7987874348959
26984,1044.686279296875
26985,1200.2005615234375
26986,885.6641031901041
26987,638.8216552734375
26988,2157.3912760416665
26989,512.9916788736979
26990,886.7931518554688
26991,1051.8952229817708
26992,1085.1605224609375
26993,2324.3163248697915
26994,720.9137573242188
26995,922.5900472005209
26996,689.8943684895834
26997,842.1966552734375
26998,4309.925130208333
26999,1971.4668375651042
27000,1896.8056640625
27001,516.0336303710938
27002,562.2895100911459
27003,1284.567626953125
27004,689.3795369466146
27005,1096.4641520182292
27006,431.89722696940106
27007,962.6454467773438
27008,437.18979899088544
27009,924.4731038411459
27010,1426.9523111979167
27011,1730.26708984375
27012,653.1583455403646
27013,1267.4534912109375
27014,624.5465698242188
27015,560.2716471354166
27016,1143.3126627604167
27017,622.6567789713541
27018,588.9173787434896
27019,366.8004964192708
27020,1397.6172688802083
27021,1201.4195963541667
27022,756.18603515625
27023,1029.7659912109375
27024,334.00233968098956
27025,833.5535074869791
27026,792.4678955078125
27027,1030.4170735677083
27028,360.0625712076823
27029,639.6511637369791
27030,1126.5672607421875
27031,1577.3827311197917
27032,487.8579813639323
27033,646.361328125
27034,700.25146484375
27035,827.0072224934896
27036,675.3914794921875
27037,857.5545857747396
27038,761.4836222330729
27039,709.1617635091146
27040,553.7928059895834
27041,1296.7447916666667
27042,585.2416178385416
27043,2710.5187174479165
27044,511.85498046875
27045,2942.113525390625
27046,803.7756958007812
27047,744.8108113606771
27048,533.5030721028646
27049,1556.6802164713542
27050,984.9307454427084
27051,445.58237711588544
27052,674.5903116861979
27053,1590.5810546875
27054,2050.1952311197915
27055,1633.3428955078125
27056,770.588134765625
27057,524.2553100585938
27058,744.9741821289062
27059,379.9527282714844
27060,865.6656901041666
27061,596.1794026692709
27062,907.3353271484375
27063,561.0027872721354
27064,2303.7508951822915
27065,1404.7841389973958
27066,533.6190795898438
27067,1716.1477457682292
27068,682.8653157552084
27069,994.5958048502604
27070,829.5575968424479
27071,718.2021077473959
27072,791.4806925455729
27073,931.8934733072916
27074,912.7099609375
27075,750.4183959960938
27076,567.7615152994791
27077,989.8586832682291
27078,806.8539021809896
27079,677.9155476888021
27080,431.04310099283856
27081,2414.2862141927085
27082,1006.5273640950521
27083,554.3004557291666
27084,1674.500244140625
27085,683.9521280924479
27086,857.2703247070312
27087,852.6162109375
27088,574.6634724934896
27089,880.0126749674479
27090,936.2703247070312
27091,764.5211181640625
27092,1092.9981689453125
27093,860.6576131184896
27094,859.0370076497396
27095,582.2912801106771
27096,1247.3726399739583
27097,501.75286865234375
27098,2561.607421875
27099,627.024169921875
27100,1315.6005452473958
27101,1334.8809000651042
27102,609.1576741536459
27103,397.01072184244794
27104,961.3098347981771
27105,1205.762451171875
27106,841.3251342773438
27107,746.5032145182291
27108,725.0553588867188
27109,1238.0310872395833
27110,1310.5874837239583
27111,1377.7074788411458
27112,680.5782267252604
27113,701.0396931966146
27114,439.12220255533856
27115,575.582763671875
27116,853.1507364908854
27117,885.4293009440104
27118,475.51805623372394
27119,887.2388102213541
27120,919.4166666666666
27121,699.0867513020834
27122,768.6093343098959
27123,723.732177734375
27124,735.8309326171875
27125,1393.5675048828125
27126,346.4933573404948
27127,714.3853352864584
27128,1029.0657958984375
27129,615.4903564453125
27130,573.0729166666666
27131,834.2151489257812
27132,1695.6143798828125
27133,668.0311686197916
27134,1058.8850504557292
27135,917.1888631184896
27136,873.82763671875
27137,922.29296875
27138,1034.2819010416667
27139,450.60264078776044
27140,387.3179117838542
27141,1192.4641520182292
27142,692.6242472330729
27143,1140.14208984375
27144,1700.7554931640625
27145,2343.9222005208335
27146,546.6753133138021
27147,1916.8737386067708
27148,1019.3489379882812
27149,817.5093994140625
27150,709.1678670247396
27151,418.459228515625
27152,366.5449930826823
27153,1165.803955078125
27154,456.25311279296875
27155,1044.4335530598958
27156,2471.2618815104165
27157,591.4874471028646
27158,1138.7012125651042
27159,1190.1612548828125
27160,796.2501220703125
27161,1010.2146606445312
27162,1595.2996012369792
27163,732.4054158528646
27164,1105.1238606770833
27165,860.3759562174479
27166,756.7476806640625
27167,618.6442464192709
27168,951.090087890625
27169,1094.7257486979167
27170,1121.5758870442708
27171,813.5040486653646
27172,1077.413330078125
27173,519.139892578125
27174,1158.6927897135417
27175,1267.7167154947917
27176,648.7628580729166
27177,1086.554443359375
27178,514.7275187174479
27179,413.50238037109375
27180,918.3786417643229
27181,3692.9659016927085
27182,1806.9640299479167
27183,946.3794352213541
27184,1666.5641682942708
27185,887.9149780273438
27186,1095.25439453125
27187,858.1369222005209
27188,1163.6579996744792
27189,1844.2672932942708
27190,853.2552897135416
27191,1172.3533121744792
27192,674.2954305013021
27193,789.1571655273438
27194,706.6281534830729
27195,1663.059814453125
27196,1516.7413330078125
27197,1188.6722819010417
27198,535.5557454427084
27199,1437.9374593098958
27200,586.5927124023438
27201,442.70665486653644
27202,799.9007364908854
27203,1220.2226155598958
27204,1183.7416585286458
27205,805.2198079427084
27206,1569.6983235677083
27207,424.3236999511719
27208,1484.5670572916667
27209,807.0840250651041
27210,801.4525756835938
27211,828.8354085286459
27212,3129.679931640625
27213,652.7206420898438
27214,2919.7029622395835
27215,870.5203043619791
27216,532.9171346028646
27217,655.4447224934896
27218,1877.9071044921875
27219,951.7407836914062
27220,705.4704996744791
27221,1035.0210774739583
27222,452.7178243001302
27223,692.6023356119791
27224,722.4290771484375
27225,563.9322509765625
27226,951.9347127278646
27227,1158.3036702473958
27228,1633.6536865234375
27229,1520.0755208333333
27230,1087.6658935546875
27231,1784.4393310546875
27232,871.8570149739584
27233,792.6527913411459
27234,1224.2039388020833
27235,1282.7747802734375
27236,1174.759033203125
27237,1854.6323649088542
27238,1266.8545735677083
27239,1270.2557779947917
27240,1596.6468098958333
27241,1065.7898763020833
27242,1762.8485107421875
27243,497.8189392089844
27244,1390.3979899088542
27245,1501.05419921875
27246,635.2347412109375
27247,1205.993408203125
27248,1498.8938395182292
27249,1238.3118082682292
27250,1824.19970703125
27251,498.66747029622394
27252,682.6792195638021
27253,619.6215413411459
27254,649.1472371419271
27255,465.7681884765625
27256,1121.5268961588542
27257,691.0362141927084
27258,1545.5638020833333
27259,1370.0819905598958
27260,1828.8959147135417
27261,511.75022379557294
27262,913.1244506835938
27263,1258.2982584635417
27264,771.6683146158854
27265,2279.8267415364585
27266,763.9472249348959
27267,727.4718627929688
27268,936.4141438802084
27269,603.5838216145834
27270,946.7655232747396
27271,1564.7438151041667
27272,638.3255818684896
27273,623.3959757486979
27274,404.04278564453125
27275,1045.2497965494792
27276,668.4652506510416
27277,884.9895426432291
27278,1276.7266031901042
27279,1236.2867838541667
27280,593.7883911132812
27281,1014.3014526367188
27282,500.8074544270833
27283,575.1890869140625
27284,1235.2528076171875
27285,2612.2904459635415
27286,466.6844482421875
27287,1324.9463297526042
27288,900.7216796875
27289,1113.87744140625
27290,604.9504801432291
27291,571.6347452799479
27292,803.0130818684896
27293,1669.7493896484375
27294,830.1435546875
27295,549.2333984375
27296,997.6207071940104
27297,676.171142578125
27298,1009.2380777994791
27299,635.5719401041666
27300,807.9231363932291
27301,1035.234130859375
27302,815.7139485677084
27303,667.3832194010416
27304,528.1047973632812
27305,2771.4658203125
27306,802.7447509765625
27307,884.5123087565104
27308,508.1017252604167
27309,1274.6747639973958
27310,519.1003011067709
27311,3276.6749674479165
27312,714.8219401041666
27313,792.0998738606771
27314,1786.1417643229167
27315,1689.3927815755208
27316,1651.5619710286458
27317,2209.4883626302085
27318,2746.75341796875
27319,1014.2196044921875
27320,731.056396484375
27321,494.2648417154948
27322,447.07861328125
27323,2182.6563313802085
27324,756.6616007486979
27325,490.9252014160156
27326,412.3768819173177
27327,648.0810139973959
27328,1186.6971435546875
27329,1260.2696940104167
27330,851.3887736002604
27331,1288.7111409505208
27332,744.7858276367188
27333,790.4646402994791
27334,858.8845011393229
27335,1237.0501708984375
27336,972.9480997721354
27337,641.5962320963541
27338,590.3370157877604
27339,550.212158203125
27340,1318.6770833333333
27341,506.5890604654948
27342,802.4345296223959
27343,607.8712565104166
27344,1755.58544921875
27345,719.6954956054688
27346,837.1626180013021
27347,848.9496866861979
27348,484.32786051432294
27349,494.9562683105469
27350,1750.2042236328125
27351,1856.7526041666667
27352,1152.0308837890625
27353,652.1519165039062
27354,647.9575398763021
27355,1451.4733479817708
27356,611.5543009440104
27357,1857.6163330078125
27358,1171.1004638671875
27359,772.6011352539062
27360,821.4643351236979
27361,925.447509765625
27362,1035.8253987630208
27363,620.096435546875
27364,1309.4733072916667
27365,1370.7998453776042
27366,774.0618693033854
27367,781.1008504231771
27368,1075.9744059244792
27369,2162.8374837239585
27370,1913.9167887369792
27371,684.5141194661459
27372,734.9985758463541
27373,1159.9614664713542
27374,1162.3962809244792
27375,518.3807169596354
27376,1863.7409261067708
27377,1409.9649658203125
27378,2172.4431966145835
27379,1204.0024820963542
27380,755.785888671875
27381,820.2961629231771
27382,406.4932352701823
27383,482.8623046875
27384,567.0535685221354
27385,808.3858846028646
27386,1197.6416829427083
27387,1147.9160563151042
27388,1034.138427734375
27389,675.3949584960938
27390,1334.2588297526042
27391,708.2403157552084
27392,891.4728800455729
27393,471.2389628092448
27394,692.2305908203125
27395,1092.5753173828125
27396,2706.749267578125
27397,1136.6664632161458
27398,973.61962890625
27399,521.1416219075521
27400,598.5537109375
27401,901.3799845377604
27402,2040.8802490234375
27403,1610.8153076171875
27404,670.9672444661459
27405,1574.2481282552083
27406,1021.5722249348959
27407,555.0258992513021
27408,635.5049641927084
27409,2379.308349609375
27410,707.1063639322916
27411,1076.306640625
27412,479.1249084472656
27413,533.5823974609375
27414,1187.5248209635417
27415,641.1435139973959
27416,640.4531046549479
27417,674.6458740234375
27418,515.4289347330729
27419,935.9452921549479
27420,674.3435465494791
27421,593.5392659505209
27422,1284.4866129557292
27423,359.39781697591144
27424,1171.792724609375
27425,1353.8795572916667
27426,2172.7039388020835
27427,1442.126708984375
27428,622.4704793294271
27429,824.2545979817709
27430,526.4352823893229
27431,479.7043863932292
27432,489.96120198567706
27433,2642.5857747395835
27434,1660.7626139322917
27435,517.7490234375
27436,1128.0191650390625
27437,801.9407552083334
27438,539.5259602864584
27439,1140.7359619140625
27440,799.7732543945312
27441,1432.8013509114583
27442,558.1769612630209
27443,2227.4402669270835
27444,550.4708048502604
27445,991.0162963867188
27446,795.4104410807291
27447,1436.2579752604167
27448,1151.2235514322917
27449,1248.0128580729167
27450,453.4199930826823
27451,753.4556681315104
27452,1016.2496337890625
27453,796.7218221028646
27454,1196.8129475911458
27455,1173.7095540364583
27456,387.29327392578125
27457,913.4805501302084
27458,686.9532470703125
27459,708.1872151692709
27460,1490.2203369140625
27461,559.37451171875
27462,990.9026285807291
27463,428.54001871744794
27464,1265.0504150390625
27465,666.2741495768229
27466,413.5219421386719
27467,1082.7516276041667
27468,1286.3850504557292
27469,730.9712931315104
27470,895.4917602539062
27471,1829.1234537760417
27472,721.4904378255209
27473,1355.5759684244792
27474,984.1334025065104
27475,526.8368937174479
27476,1052.9394938151042
27477,676.871337890625
27478,803.4808959960938
27479,1233.6759440104167
27480,933.4052124023438
27481,916.5181681315104
27482,460.86004638671875
27483,718.20947265625
27484,2335.12255859375
27485,481.1058654785156
27486,991.9912312825521
27487,1189.686767578125
27488,1337.9998372395833
27489,363.34755452473956
27490,1317.412841796875
27491,1802.9105631510417
27492,435.27808634440106
27493,722.7330525716146
27494,883.7356567382812
27495,2388.0064290364585
27496,1407.6772054036458
27497,1208.3427734375
27498,2298.6104329427085
27499,613.1526082356771
27500,1743.6891682942708
27501,901.2105916341146
27502,2267.3409830729165
27503,947.9782104492188
27504,582.7320963541666
27505,2207.0204264322915
27506,1357.3797607421875
27507,1508.6017252604167
27508,2046.3397623697917
27509,852.2777709960938
27510,3171.6082356770835
27511,672.4245808919271
27512,771.1581624348959
27513,512.7410481770834
27514,1135.1060791015625
27515,1210.4501139322917
27516,673.6748860677084
27517,859.0403035481771
27518,2012.515380859375
27519,1009.2430013020834
27520,1177.245361328125
27521,860.1196899414062
27522,1376.4130859375
27523,733.5328572591146
27524,1359.1382649739583
27525,1033.2357991536458
27526,875.6069742838541
27527,1007.6868693033854
27528,484.39088948567706
27529,448.7400716145833
27530,498.7078348795573
27531,844.9612630208334
27532,1229.5342610677083
27533,1211.9795735677083
27534,591.0591837565104
27535,1413.8135172526042
27536,555.5423583984375
27537,987.3719685872396
27538,1067.8568115234375
27539,914.7390747070312
27540,1755.2244466145833
27541,908.8212483723959
27542,965.2972208658854
27543,482.7760721842448
27544,791.1082763671875
27545,695.1756591796875
27546,1308.4604899088542
27547,1857.2574869791667
27548,526.2468872070312
27549,1781.4991861979167
27550,3337.9508463541665
27551,1036.8629964192708
27552,1082.8263346354167
27553,579.3360799153646
27554,1302.1629638671875
27555,701.1876627604166
27556,862.745361328125
27557,2128.7562662760415
27558,858.3107096354166
27559,1085.6825358072917
27560,690.6684163411459
27561,803.4195963541666
27562,1332.8374430338542
27563,843.4569091796875
27564,763.4073079427084
27565,1353.3694661458333
27566,868.1640421549479
27567,651.4928181966146
27568,747.6748657226562
27569,720.5310465494791
27570,680.8384195963541
27571,550.9990844726562
27572,1097.1136474609375
27573,2263.2506510416665
27574,1057.5609537760417
27575,1829.3350423177083
27576,1054.8243001302083
27577,1334.4928792317708
27578,442.5220235188802
27579,718.6857503255209
27580,509.95570882161456
27581,1123.5415445963542
27582,973.6868286132812
27583,1049.0987955729167
27584,1649.2200113932292
27585,1063.6622314453125
27586,1587.5710042317708
27587,671.3501790364584
27588,646.0746866861979
27589,497.44225056966144
27590,576.8318074544271
27591,477.4926249186198
27592,511.45847574869794
27593,443.7685852050781
27594,390.01413981119794
27595,1587.6042887369792
27596,942.3813883463541
27597,398.9043375651042
27598,1013.5928141276041
27599,753.8661092122396
27600,633.78125
27601,733.3147989908854
27602,631.3810628255209
27603,452.30959065755206
27604,1942.7249755859375
27605,736.8036499023438
27606,588.7133992513021
27607,1312.7473958333333
27608,538.5658365885416
27609,634.9849243164062
27610,944.3368123372396
27611,1522.7489827473958
27612,829.4886271158854
27613,1485.8959147135417
27614,941.0568033854166
27615,491.40155029296875
27616,776.9754028320312
27617,633.4131062825521
27618,546.0050862630209
27619,912.150390625
27620,634.3389282226562
27621,707.780517578125
27622,1782.6748453776042
27623,769.8694051106771
27624,835.6097208658854
27625,769.1041056315104
27626,1271.6947428385417
27627,828.0374959309896
27628,1526.8315022786458
27629,3621.5491536458335
27630,1693.97607421875
27631,846.3597208658854
27632,640.31884765625
27633,541.841552734375
27634,515.2932332356771
27635,1146.5099690755208
27636,731.047119140625
27637,594.9660847981771
27638,710.9414672851562
27639,691.5286254882812
27640,884.3298136393229
27641,1047.1130777994792
27642,592.2209269205729
27643,571.3214721679688
27644,759.3860473632812
27645,2472.647216796875
27646,1148.1613362630208
27647,429.1340637207031
27648,1450.0126139322917
27649,599.6621297200521
27650,948.2132161458334
27651,3725.9563802083335
27652,503.49144490559894
27653,741.0493367513021
27654,528.9490763346354
27655,784.6329142252604
27656,861.8577880859375
27657,867.2313842773438
27658,2207.8680826822915
27659,1119.7117919921875
27660,751.9907633463541
27661,1311.9173990885417
27662,711.6240641276041
27663,546.2912801106771
27664,871.8641967773438
27665,449.72292073567706
27666,1306.1626790364583
27667,588.4732462565104
27668,540.1028849283854
27669,1064.7681884765625
27670,502.6070251464844
27671,1715.7301432291667
27672,1443.4202473958333
27673,964.0974527994791
27674,603.8740437825521
27675,1415.900634765625
27676,744.7531534830729
27677,942.9153442382812
27678,2092.2259114583335
27679,486.3824869791667
27680,841.3384399414062
27681,701.0447387695312
27682,1327.4779052734375
27683,725.1830647786459
27684,1540.4080403645833
27685,761.1611328125
27686,1573.3660074869792
27687,641.4239705403646
27688,1094.8315836588542
27689,1762.0558675130208
27690,1216.7954508463542
27691,1184.6067708333333
27692,540.0968424479166
27693,761.7708333333334
27694,406.25225830078125
27695,1077.2291666666667
27696,1101.0853678385417
27697,981.7315877278646
27698,1288.8017985026042
27699,733.4389241536459
27700,679.885009765625
27701,684.4295247395834
27702,1604.7242024739583
27703,368.5039469401042
27704,601.7752888997396
27705,505.99045817057294
27706,861.0966796875
27707,968.4192708333334
27708,1524.2349039713542
27709,1518.2003987630208
27710,937.2608235677084
27711,719.9330647786459
27712,1111.12841796875
27713,795.9911295572916
27714,721.0741170247396
27715,1107.898193359375
27716,891.0796101888021
27717,781.1393025716146
27718,1277.6104329427083
27719,1025.2622884114583
27720,1066.65673828125
27721,1079.9165852864583
27722,1115.1012776692708
27723,645.7164713541666
27724,991.1028035481771
27725,1287.0713704427083
27726,1298.26416015625
27727,785.5641276041666
27728,597.0853474934896
27729,1168.9314778645833
27730,753.7319132486979
27731,359.66954549153644
27732,791.9500122070312
27733,624.2448933919271
27734,1395.7294921875
27735,921.9827473958334
27736,954.6493123372396
27737,714.281005859375
27738,552.8654174804688
27739,1368.9899495442708
27740,1867.4810791015625
27741,761.6684163411459
27742,720.0431111653646
27743,1542.2852783203125
27744,734.0685424804688
27745,465.9108174641927
27746,582.9096069335938
27747,654.7232869466146
27748,1489.34228515625
27749,775.9800211588541
27750,533.5501098632812
27751,951.2438557942709
27752,698.7237345377604
27753,647.1383666992188
27754,2405.023193359375
27755,832.4645792643229
27756,878.6824951171875
27757,1122.8995768229167
27758,659.1509602864584
27759,1283.0645751953125
27760,1088.1890869140625
27761,1028.5211181640625
27762,1345.2498779296875
27763,951.3792114257812
27764,719.4988606770834
27765,928.2154337565104
27766,709.0150756835938
27767,2155.0042317708335
27768,1131.2144368489583
27769,706.7127482096354
27770,845.1845296223959
27771,1296.2892252604167
27772,2152.260986328125
27773,898.2736206054688
27774,1302.4681803385417
27775,558.5765787760416
27776,725.7850748697916
27777,1422.6827799479167
27778,261.5401204427083
27779,1591.8211263020833
27780,486.47283935546875
27781,1280.0872802734375
27782,1256.2773030598958
27783,1483.261474609375
27784,727.9249471028646
27785,819.6523234049479
27786,1103.8684488932292
27787,842.5541788736979
27788,645.7191975911459
27789,2293.6411946614585
27790,599.9745279947916
27791,565.5246988932291
27792,1222.8843180338542
27793,853.4564615885416
27794,649.1453653971354
27795,1037.8472493489583
27796,837.4282430013021
27797,628.6570841471354
27798,642.1886800130209
27799,5319.00341796875
27800,969.1687215169271
27801,574.7858276367188
27802,842.9399210611979
27803,756.4632568359375
27804,803.1885782877604
27805,590.1547241210938
27806,880.3269246419271
27807,519.4309895833334
27808,550.9818522135416
27809,464.47157796223956
27810,2011.2621256510417
27811,576.0300089518229
27812,793.6404825846354
27813,526.2434895833334
27814,1346.0185546875
27815,703.0907185872396
27816,681.4635213216146
27817,1280.4485270182292
27818,1939.53125
27819,698.8156941731771
27820,398.6007792154948
27821,905.3468627929688
27822,1306.2196451822917
27823,1419.1092936197917
27824,3351.6468098958335
27825,659.9850667317709
27826,1407.1385091145833
27827,723.1272379557291
27828,934.9850870768229
27829,748.0335286458334
27830,806.9544677734375
27831,676.0838826497396
27832,420.1912536621094
27833,2175.565185546875
27834,589.0466512044271
27835,1041.0245361328125
27836,540.2327473958334
27837,1136.63427734375
27838,500.9160563151042
27839,867.7144571940104
27840,546.9149373372396
27841,12693.5654296875
27842,751.4537150065104
27843,1112.6956787109375
27844,1078.4698893229167
27845,1562.7378743489583
27846,729.7906494140625
27847,680.4413248697916
27848,320.31226603190106
27849,804.4677937825521
27850,1118.39404296875
27851,737.1448160807291
27852,1007.059326171875
27853,1065.3602701822917
27854,1047.8578694661458
27855,918.1705322265625
27856,2972.134033203125
27857,839.4216715494791
27858,1649.4453938802083
27859,1066.6508382161458
27860,1340.4082438151042
27861,803.0159301757812
27862,804.1138712565104
27863,743.5847574869791
27864,765.9179890950521
27865,704.5294392903646
27866,1472.4525553385417
27867,533.6513875325521
27868,962.3991902669271
27869,1282.0279541015625
27870,1501.3727620442708
27871,1332.5872802734375
27872,1134.9202067057292
27873,709.5680338541666
27874,983.4024658203125
27875,1315.32177734375
27876,3730.3907877604165
27877,1558.4831949869792
27878,1776.8938802083333
27879,985.5362548828125
27880,1431.5244547526042
27881,571.6542561848959
27882,1126.6587320963542
27883,774.0751546223959
27884,603.6478474934896
27885,672.9418334960938
27886,617.6884562174479
27887,2678.3125
27888,1480.5661214192708
27889,830.7636515299479
27890,626.8210245768229
27891,1507.8677164713542
27892,914.6016235351562
27893,1481.3733723958333
27894,419.16808064778644
27895,504.585693359375
27896,610.8144124348959
27897,603.0711059570312
27898,1079.2832845052083
27899,1362.875
27900,725.6974487304688
27901,666.6165974934896
27902,643.3013509114584
27903,866.5494384765625
27904,2480.676513671875
27905,1003.2268676757812
27906,1734.3253580729167
27907,1156.2930908203125
27908,608.8673706054688
27909,526.7665812174479
27910,895.8799235026041
27911,1049.2813720703125
27912,973.7142130533854
27913,871.8942260742188
27914,1111.2063802083333
27915,737.2581990559896
27916,763.5600179036459
27917,1249.5869954427083
27918,955.7064819335938
27919,1640.5950113932292
27920,618.3521525065104
27921,379.71164957682294
27922,736.4825032552084
27923,892.6670735677084
27924,837.9974772135416
27925,1602.1344807942708
27926,657.4425659179688
27927,1442.8710123697917
27928,1015.8544718424479
27929,743.2690836588541
27930,1119.8521321614583
27931,797.3987019856771
27932,728.2337036132812
27933,893.23828125
27934,2510.5944010416665
27935,710.7265014648438
27936,454.9630839029948
27937,2346.4007975260415
27938,760.3254597981771
27939,907.5583292643229
27940,808.1089884440104
27941,478.8919677734375
27942,883.7253824869791
27943,692.9868570963541
27944,1388.8113199869792
27945,501.6037190755208
27946,499.50110880533856
27947,769.3869222005209
27948,824.0394083658854
27949,1046.9280598958333
27950,448.72003173828125
27951,1561.4366048177083
27952,602.8101196289062
27953,1029.3271077473958
27954,594.5561116536459
27955,306.3743184407552
27956,580.828125
27957,637.0643107096354
27958,1280.2343343098958
27959,547.4795939127604
27960,1224.681884765625
27961,1318.7771809895833
27962,829.1689656575521
27963,540.7757975260416
27964,753.7115478515625
27965,1378.4363199869792
27966,1063.6717529296875
27967,696.8303629557291
27968,1010.8018798828125
27969,943.904052734375
27970,941.7617390950521
27971,1399.0077311197917
27972,953.3749796549479
27973,1297.9916178385417
27974,501.28943888346356
27975,870.0067138671875
27976,2417.0957845052085
27977,690.3099975585938
27978,843.0107421875
27979,871.7757975260416
27980,1064.4381917317708
27981,610.4955851236979
27982,695.5614420572916
27983,1076.0979817708333
27984,672.4307047526041
27985,775.9669392903646
27986,775.565673828125
27987,1418.5855712890625
27988,1795.8182779947917
27989,846.9734293619791
27990,559.7682495117188
27991,874.5121256510416
27992,781.4484049479166
27993,1165.521728515625
27994,678.8008219401041
27995,1217.1586507161458
27996,806.9652709960938
27997,1303.211181640625
27998,370.6153564453125
27999,619.4950764973959
28000,985.0367838541666
28001,440.725341796875
28002,5659.073567708333
28003,1159.5004475911458
28004,735.4363606770834
28005,1368.2151285807292
28006,1013.4644775390625
28007,1076.6051432291667
28008,778.4563598632812
28009,873.5806477864584
28010,2137.78076171875
28011,553.3553263346354
28012,669.624755859375
28013,359.61667887369794
28014,831.0653076171875
28015,895.453369140625
28016,422.5628356933594
28017,414.65662638346356
28018,922.3300577799479
28019,560.1876424153646
28020,690.6803385416666
28021,828.9448852539062
28022,3913.5872395833335
28023,648.9574381510416
28024,1388.8763834635417
28025,1043.3651123046875
28026,513.0715738932291
28027,527.2662963867188
28028,686.6872355143229
28029,587.2934163411459
28030,418.0989583333333
28031,894.2242635091146
28032,796.0383097330729
28033,723.2766723632812
28034,1416.5993245442708
28035,590.7240600585938
28036,620.1144612630209
28037,769.4288533528646
28038,960.8235270182291
28039,955.8541666666666
28040,416.5169270833333
28041,736.5187784830729
28042,925.3209635416666
28043,1235.97607421875
28044,2040.2598063151042
28045,647.7322794596354
28046,808.8658040364584
28047,998.1697184244791
28048,537.3437703450521
28049,1103.1239013671875
28050,1126.2634684244792
28051,883.0127970377604
28052,1103.3992919921875
28053,734.8997599283854
28054,551.3327840169271
28055,932.8545532226562
28056,1467.8850504557292
28057,707.1213989257812
28058,947.8843587239584
28059,811.4932250976562
28060,310.21234130859375
28061,1014.2140909830729
28062,1896.0889485677083
28063,1018.9121704101562
28064,577.8978271484375
28065,1260.712158203125
28066,324.1377766927083
28067,560.8783772786459
28068,1013.3485514322916
28069,1045.807373046875
28070,502.69081624348956
28071,2699.1602376302085
28072,685.0938517252604
28073,1203.2380777994792
28074,553.7383219401041
28075,1161.6475423177083
28076,769.0050862630209
28077,635.7431437174479
28078,1302.9205322265625
28079,1287.87451171875
28080,1752.7965087890625
28081,1675.0406087239583
28082,505.3119812011719
28083,371.22019449869794
28084,523.0251668294271
28085,865.7791341145834
28086,1305.9907633463542
28087,1098.4616292317708
28088,1014.3566691080729
28089,383.8679911295573
28090,477.05328369140625
28091,1103.7916259765625
28092,772.7168782552084
28093,2152.9518229166665
28094,735.484619140625
28095,3697.576171875
28096,688.9485880533854
28097,604.8070271809896
28098,550.9508260091146
28099,900.7295735677084
28100,1040.4109700520833
28101,593.4132283528646
28102,743.5061645507812
28103,865.6632690429688
28104,781.5352376302084
28105,1883.1387532552083
28106,2749.5587565104165
28107,610.8757120768229
28108,1066.4538981119792
28109,1107.0202229817708
28110,861.4984537760416
28111,1070.8770345052083
28112,569.4175008138021
28113,1119.331298828125
28114,2527.6099446614585
28115,627.7728271484375
28116,1779.4306640625
28117,1885.4711507161458
28118,683.8268636067709
28119,1018.5796101888021
28120,983.9348958333334
28121,487.08079020182294
28122,1271.6488850911458
28123,882.2096761067709
28124,1385.737548828125
28125,1010.4579467773438
28126,2115.69482421875
28127,854.3469441731771
28128,1417.6709798177083
28129,1770.8624674479167
28130,1211.42236328125
28131,461.51413981119794
28132,470.10352579752606
28133,1037.0520833333333
28134,1251.6284993489583
28135,764.016357421875
28136,866.8108113606771
28137,996.3782958984375
28138,734.2686360677084
28139,623.3740437825521
28140,476.8157450358073
28141,625.4339192708334
28142,1016.6134236653646
28143,752.1014200846354
28144,1052.0710856119792
28145,796.2811686197916
28146,1281.019287109375
28147,2142.4590657552085
28148,1285.2810872395833
28149,952.0679321289062
28150,752.2638346354166
28151,1275.904296875
28152,457.22906494140625
28153,840.2843017578125
28154,729.1637573242188
28155,648.0248616536459
28156,1035.5355631510417
28157,951.8082275390625
28158,838.26953125
28159,448.8917236328125
28160,642.1604614257812
28161,2298.9363606770835
28162,907.0704549153646
28163,694.9758911132812
28164,1814.23828125
28165,606.2607014973959
28166,950.4595743815104
28167,1307.8859049479167
28168,881.2559204101562
28169,628.8167521158854
28170,1199.9763590494792
28171,797.9266153971354
28172,962.3641153971354
28173,605.8816731770834
28174,513.219970703125
28175,518.9232177734375
28176,942.4004516601562
28177,1102.0111083984375
28178,712.88525390625
28179,464.7604268391927
28180,819.5364786783854
28181,834.0943603515625
28182,1307.1271565755208
28183,1377.2825520833333
28184,458.8006083170573
28185,2039.6678466796875
28186,627.8340250651041
28187,1624.7021484375
28188,1501.9173990885417
28189,935.8309122721354
28190,670.1757609049479
28191,695.7826741536459
28192,1325.2289225260417
28193,1033.1307373046875
28194,447.8659159342448
28195,784.381591796875
28196,651.6369222005209
28197,1571.2765706380208
28198,2468.6526692708335
28199,924.4868367513021
28200,1301.2442626953125
28201,432.9468485514323
28202,1991.5141194661458
28203,469.17821248372394
28204,1070.4425048828125
28205,1432.1962076822917
28206,848.5449422200521
28207,3453.0009765625
28208,688.2011515299479
28209,978.4702555338541
28210,643.2154337565104
28211,678.6870320638021
28212,928.6173909505209
28213,628.2698364257812
28214,1405.7789306640625
28215,720.5485432942709
28216,1191.0204264322917
28217,604.1577758789062
28218,1128.1971435546875
28219,1170.5157877604167
28220,498.95654296875
28221,573.7519734700521
28222,1001.1898600260416
28223,452.29294840494794
28224,1038.3091227213542
28225,527.3053385416666
28226,650.9234822591146
28227,700.1500040690104
28228,960.1554565429688
28229,935.1800130208334
28230,681.0094807942709
28231,1465.5039469401042
28232,394.4408365885417
28233,1120.2538655598958
28234,745.9003702799479
28235,503.1591796875
28236,1077.498046875
28237,738.8163045247396
28238,1813.5191243489583
28239,786.8975219726562
28240,612.2873128255209
28241,1225.5660807291667
28242,770.1742960611979
28243,442.4605407714844
28244,579.8617757161459
28245,695.8366292317709
28246,737.8485514322916
28247,946.0290323893229
28248,394.6113586425781
28249,518.4588216145834
28250,3427.0664876302085
28251,948.9603271484375
28252,1057.0063069661458
28253,1340.6270751953125
28254,1095.0571695963542
28255,881.1006062825521
28256,1160.4793294270833
28257,530.9141642252604
28258,478.07787068684894
28259,1216.3387044270833
28260,596.7579956054688
28261,368.7195536295573
28262,709.1918741861979
28263,1085.2450764973958
28264,625.6929524739584
28265,892.1106160481771
28266,905.786376953125
28267,887.2872111002604
28268,586.5099283854166
28269,1121.5125732421875
28270,874.1198527018229
28271,485.10247802734375
28272,763.9491170247396
28273,611.3103230794271
28274,1284.6035563151042
28275,1473.66650390625
28276,1659.2830403645833
28277,1554.9608154296875
28278,784.7097371419271
28279,1290.7054036458333
28280,991.4402058919271
28281,939.8334554036459
28282,1078.4249674479167
28283,888.6821492513021
28284,592.85205078125
28285,1772.5877278645833
28286,1193.1587320963542
28287,781.3522135416666
28288,377.28443400065106
28289,3740.702880859375
28290,1138.8146158854167
28291,1899.335205078125
28292,576.4238891601562
28293,443.12659708658856
28294,1120.5931803385417
28295,5207.448893229167
28296,675.0449625651041
28297,1062.9143880208333
28298,1604.0513102213542
28299,765.2024332682291
28300,798.3676961263021
28301,1538.9710693359375
28302,2312.183837890625
28303,712.5990804036459
28304,597.5841064453125
28305,466.8396708170573
28306,1195.6491292317708
28307,897.1940714518229
28308,1618.9549967447917
28309,503.5193277994792
28310,578.5927530924479
28311,505.8951924641927
28312,1036.1680501302083
28313,631.3009847005209
28314,854.8935343424479
28315,756.6282348632812
28316,1819.6730550130208
28317,449.2804667154948
28318,1858.62890625
28319,1520.1499837239583
28320,1353.1963704427083
28321,526.3811442057291
28322,707.0517578125
28323,1407.5222574869792
28324,1296.5492757161458
28325,684.5600992838541
28326,762.2720540364584
28327,967.3204752604166
28328,626.9717610677084
28329,2164.325927734375
28330,761.6388753255209
28331,971.304931640625
28332,402.8476053873698
28333,758.9785766601562
28334,439.3707275390625
28335,523.7337036132812
28336,1132.2251383463542
28337,634.2352294921875
28338,1187.7766927083333
28339,431.9689636230469
28340,1041.0472412109375
28341,1208.4527994791667
28342,854.8296101888021
28343,658.8741251627604
28344,601.8845621744791
28345,2307.7771809895835
28346,613.9215494791666
28347,747.6555989583334
28348,1042.7173258463542
28349,2450.0706380208335
28350,651.7310587565104
28351,870.6973470052084
28352,1586.1346842447917
28353,547.2096964518229
28354,586.2179972330729
28355,708.189453125
28356,609.3919881184896
28357,800.3560791015625
28358,739.5076904296875
28359,498.71290079752606
28360,622.4802652994791
28361,817.5320434570312
28362,721.2034708658854
28363,1201.8523356119792
28364,1379.9987386067708
28365,968.8833211263021
28366,372.48586018880206
28367,454.6534932454427
28368,1237.6551513671875
28369,1084.6512044270833
28370,1220.8999837239583
28371,653.8996988932291
28372,438.8696594238281
28373,1076.023681640625
28374,879.6274007161459
28375,662.0131632486979
28376,518.8540445963541
28377,673.6064046223959
28378,963.3350423177084
28379,962.0457356770834
28380,462.4499206542969
28381,797.8341064453125
28382,586.8652954101562
28383,1349.0831298828125
28384,1023.721435546875
28385,1046.5174153645833
28386,1424.5618082682292
28387,680.8624877929688
28388,503.1822814941406
28389,635.8861490885416
28390,1107.9171142578125
28391,734.2994995117188
28392,1011.9419352213541
28393,663.002197265625
28394,1010.4359741210938
28395,753.3742472330729
28396,609.0530598958334
28397,1353.1520182291667
28398,899.9700724283854
28399,643.9089965820312
28400,1275.3231608072917
28401,946.616455078125
28402,565.0049845377604
28403,1554.2042236328125
28404,494.2667643229167
28405,1819.8216959635417
28406,902.6685180664062
28407,1077.9562581380208
28408,1717.79248046875
28409,2588.3179524739585
28410,2944.4962565104165
28411,1714.4964192708333
28412,700.5967203776041
28413,2505.4441731770835
28414,1731.3492024739583
28415,1294.0138346354167
28416,1176.9791666666667
28417,676.831298828125
28418,926.1480712890625
28419,549.8217569986979
28420,2423.571533203125
28421,1267.6617431640625
28422,2228.3277994791665
28423,1145.9159749348958
28424,1013.3582967122396
28425,1247.8767496744792
28426,947.0164591471354
28427,1013.1893920898438
28428,492.78033447265625
28429,4379.243489583333
28430,764.08740234375
28431,639.8296305338541
28432,720.8060913085938
28433,1046.0019124348958
28434,1256.62451171875
28435,1380.8885498046875
28436,717.8337198893229
28437,2576.5408528645835
28438,994.7354329427084
28439,1086.0860595703125
28440,1569.3184000651042
28441,1314.0623372395833
28442,1706.6629638671875
28443,1158.2520345052083
28444,4655.5107421875
28445,689.6359252929688
28446,919.1440836588541
28447,677.68359375
28448,883.2921549479166
28449,619.9385986328125
28450,1309.0949300130208
28451,721.7741495768229
28452,665.4802449544271
28453,988.1140747070312
28454,1017.2571411132812
28455,691.3924967447916
28456,1066.4076741536458
28457,1190.2097981770833
28458,619.8564453125
28459,1053.5030517578125
28460,689.0553995768229
28461,3861.54833984375
28462,523.8968912760416
28463,1902.8513997395833
28464,996.4713745117188
28465,556.6741333007812
28466,1137.64697265625
28467,1896.8289794921875
28468,2008.2074381510417
28469,1554.344970703125
28470,504.6986999511719
28471,744.3929443359375
28472,955.0280354817709
28473,915.9552815755209
28474,559.7962239583334
28475,530.8500366210938
28476,794.3895670572916
28477,578.0084635416666
28478,1222.5551350911458
28479,665.3081258138021
28480,2143.5379231770835
28481,3703.9527994791665
28482,1911.8651936848958
28483,857.69775390625
28484,675.6439819335938
28485,431.8659159342448
28486,861.8947957356771
28487,771.6582438151041
28488,882.9568074544271
28489,717.260986328125
28490,849.3445231119791
28491,971.4828287760416
28492,1370.5301920572917
28493,1232.1433512369792
28494,501.06517537434894
28495,1433.1435546875
28496,1123.1728922526042
28497,437.29652913411456
28498,891.5547892252604
28499,394.6919352213542
28500,386.77649943033856
28501,549.974853515625
28502,506.356689453125
28503,784.3245035807291
28504,710.3472900390625
28505,798.4738566080729
28506,1328.5701497395833
28507,973.3773193359375
28508,399.5813293457031
28509,637.8807576497396
28510,1193.0443929036458
28511,758.6209309895834
28512,574.0213012695312
28513,1813.1195068359375
28514,1420.7975260416667
28515,925.0872192382812
28516,1037.7707926432292
28517,1616.71728515625
28518,792.7884724934896
28519,895.4933268229166
28520,2855.10107421875
28521,564.7783203125
28522,1510.6163736979167
28523,2482.2652180989585
28524,629.0780639648438
28525,830.5662841796875
28526,418.96693929036456
28527,454.923095703125
28528,3161.366943359375
28529,751.1045125325521
28530,767.91943359375
28531,1426.2561442057292
28532,682.7682495117188
28533,475.964111328125
28534,740.9971110026041
28535,733.4769490559896
28536,1521.3476969401042
28537,718.1995239257812
28538,810.7266845703125
28539,673.3433837890625
28540,566.1784261067709
28541,830.217529296875
28542,1028.2185872395833
28543,531.2398478190104
28544,813.3557332356771
28545,653.8181966145834
28546,895.3928629557291
28547,1608.3473714192708
28548,450.09983317057294
28549,738.7786254882812
28550,842.3618570963541
28551,2273.6293131510415
28552,1274.8545735677083
28553,831.2145589192709
28554,1104.4076741536458
28555,584.0002237955729
28556,2770.6072591145835
28557,566.3315633138021
28558,465.6132100423177
28559,870.9361572265625
28560,574.1906534830729
28561,812.93212890625
28562,382.9579264322917
28563,1478.3887939453125
28564,1588.9435628255208
28565,454.31859334309894
28566,921.1751302083334
28567,791.0784708658854
28568,1720.1537679036458
28569,843.6279703776041
28570,1416.9484456380208
28571,569.5153605143229
28572,3591.6764322916665
28573,728.2600301106771
28574,590.8574829101562
28575,876.979736328125
28576,1150.4044189453125
28577,1096.2469482421875
28578,646.9214274088541
28579,502.95570882161456
28580,585.3557535807291
28581,1574.3006998697917
28582,919.4250691731771
28583,1309.9039713541667
28584,1438.4330240885417
28585,1643.4973551432292
28586,912.5474446614584
28587,1279.46240234375
28588,808.8300374348959
28589,1042.5580240885417
28590,1015.0342407226562
28591,3254.1923828125
28592,524.6143391927084
28593,596.5103963216146
28594,707.7594807942709
28595,956.3339640299479
28596,1341.1622314453125
28597,832.1749267578125
28598,727.0585327148438
28599,3104.6582845052085
28600,620.4885660807291
28601,1348.7528076171875
28602,1244.4136962890625
28603,528.5210164388021
28604,1059.3229573567708
28605,721.8746337890625
28606,874.7807413736979
28607,483.8589579264323
28608,696.5050455729166
28609,1315.5550130208333
28610,763.4150187174479
28611,753.9766438802084
28612,463.5884297688802
28613,1122.3310139973958
28614,758.409423828125
28615,383.9312438964844
28616,1007.2970581054688
28617,1315.0479736328125
28618,695.7007242838541
28619,793.9906005859375
28620,1248.7289225260417
28621,595.5180257161459
28622,877.2914835611979
28623,976.3801676432291
28624,1619.6290690104167
28625,755.5046997070312
28626,1263.6230061848958
28627,676.2122395833334
28628,412.5048421223958
28629,808.6934204101562
28630,865.5333658854166
28631,2480.7608235677085
28632,749.6174519856771
28633,1386.2104085286458
28634,813.3854573567709
28635,447.3291015625
28636,1297.31787109375
28637,1047.3603108723958
28638,740.5063680013021
28639,1115.4938557942708
28640,344.8047790527344
28641,834.3595987955729
28642,686.7172241210938
28643,1543.2531331380208
28644,647.4795125325521
28645,1196.2825113932292
28646,2148.6564127604165
28647,1831.377197265625
28648,1123.1367594401042
28649,568.6475219726562
28650,764.1096598307291
28651,1074.3355712890625
28652,538.0127156575521
28653,1441.0703125
28654,744.2648518880209
28655,1582.6010335286458
28656,704.2287190755209
28657,1082.8634440104167
28658,756.8665568033854
28659,1240.7729085286458
28660,893.5076700846354
28661,587.9510294596354
28662,3189.4099934895835
28663,1760.2161458333333
28664,996.2902425130209
28665,637.3079833984375
28666,711.9111328125
28667,906.91357421875
28668,1191.5675862630208
28669,723.7588907877604
28670,2973.9126790364585
28671,1249.2589925130208
28672,624.3983357747396
28673,635.3871053059896
28674,890.7351277669271
28675,1579.1659749348958
28676,449.96221923828125
28677,395.76966349283856
28678,1015.1863810221354
28679,290.6396789550781
28680,1604.6046956380208
28681,1004.1289265950521
28682,812.6855061848959
28683,584.0309041341146
28684,398.8102722167969
28685,891.9496663411459
28686,1067.8784586588542
28687,1442.57666015625
28688,840.447509765625
28689,1279.4798583984375
28690,474.39833577473956
28691,520.7338663736979
28692,738.1375528971354
28693,639.6024576822916
28694,601.9679972330729
28695,833.4817708333334
28696,636.8932902018229
28697,1840.5553792317708
28698,393.13356526692706
28699,1379.2300211588542
28700,677.0360107421875
28701,1194.0759684244792
28702,660.0307820638021
28703,588.7471923828125
28704,910.6870727539062
28705,576.2720336914062
28706,1212.6330973307292
28707,1382.9761149088542
28708,377.32496134440106
28709,633.9577433268229
28710,659.263671875
28711,874.5238037109375
28712,462.0316874186198
28713,799.6307169596354
28714,802.0656534830729
28715,388.54730224609375
28716,1329.7073160807292
28717,981.3048706054688
28718,2348.3573404947915
28719,1010.6674397786459
28720,1197.8500569661458
28721,1036.7971598307292
28722,1018.9823608398438
28723,517.2263590494791
28724,840.0925903320312
28725,829.6533610026041
28726,705.4241943359375
28727,2394.9542643229165
28728,1031.9973958333333
28729,1448.908447265625
28730,1014.7411295572916
28731,738.3893432617188
28732,1129.7870279947917
28733,844.7929077148438
28734,1317.986328125
28735,973.2687174479166
28736,1643.9314371744792
28737,756.2163492838541
28738,806.7842203776041
28739,774.2937622070312
28740,1106.2373860677083
28741,1337.5887451171875
28742,752.3188680013021
28743,880.1281331380209
28744,783.4352620442709
28745,1330.0666910807292
28746,537.5384318033854
28747,469.8648376464844
28748,1504.0398763020833
28749,846.4280192057291
28750,1349.5130208333333
28751,560.0506591796875
28752,1807.3845621744792
28753,861.8076782226562
28754,751.4393310546875
28755,994.9195556640625
28756,612.6305135091146
28757,865.2981160481771
28758,1069.4435221354167
28759,1149.5687662760417
28760,782.6171061197916
28761,1483.0408935546875
28762,823.6888631184896
28763,519.9269002278646
28764,456.0688883463542
28765,1402.0399983723958
28766,876.9579671223959
28767,756.503173828125
28768,801.3207804361979
28769,789.2673950195312
28770,730.3276570638021
28771,390.895751953125
28772,828.0107421875
28773,596.9197591145834
28774,644.96337890625
28775,3532.3987630208335
28776,551.4121907552084
28777,719.2749226888021
28778,1523.9206949869792
28779,611.0094197591146
28780,777.48779296875
28781,690.7345377604166
28782,731.36376953125
28783,865.2089029947916
28784,780.1187540690104
28785,1267.6903076171875
28786,1216.37548828125
28787,793.2485758463541
28788,751.8800048828125
28789,534.9635213216146
28790,1166.0329996744792
28791,818.7559000651041
28792,724.7638549804688
28793,950.5277099609375
28794,977.4065144856771
28795,431.66025797526044
28796,671.8030192057291
28797,713.3617146809896
28798,773.9186401367188
28799,822.9871826171875
28800,1409.7342936197917
28801,783.3267822265625
28802,1463.7475179036458
28803,732.5048828125
28804,1001.9560953776041
28805,644.3673299153646
28806,555.4917399088541
28807,404.3388977050781
28808,665.5320638020834
28809,945.1630045572916
28810,679.7209879557291
28811,1827.1736246744792
28812,1807.7904866536458
28813,726.8844604492188
28814,1272.5848388671875
28815,1065.5992431640625
28816,986.0438435872396
28817,959.6235961914062
28818,758.5782877604166
28819,751.8892415364584
28820,548.3072102864584
28821,782.7508951822916
28822,2120.623291015625
28823,1328.6979166666667
28824,2256.6368001302085
28825,872.5201212565104
28826,1400.6448567708333
28827,1004.0955403645834
28828,439.4901631673177
28829,1213.3045247395833
28830,456.13344319661456
28831,784.1200561523438
28832,488.7625020345052
28833,1015.6281127929688
28834,542.1802978515625
28835,467.14586385091144
28836,1201.8234456380208
28837,1433.4261881510417
28838,567.3513997395834
28839,767.1214396158854
28840,1001.4477945963541
28841,1609.0587972005208
28842,872.9471435546875
28843,1071.27734375
28844,1060.1913248697917
28845,857.3416544596354
28846,893.3532918294271
28847,623.5240478515625
28848,900.0116577148438
28849,2798.0436197916665
28850,1029.9907633463542
28851,506.0519307454427
28852,1037.8467610677083
28853,486.14171346028644
28854,541.3009440104166
28855,1225.1756591796875
28856,1169.6753743489583
28857,915.1373697916666
28858,553.9022827148438
28859,613.1898803710938
28860,676.9326578776041
28861,758.0055948893229
28862,1218.00048828125
28863,1334.5938720703125
28864,656.889892578125
28865,958.5651448567709
28866,896.4707641601562
28867,535.0913696289062
28868,729.5684611002604
28869,700.8477986653646
28870,627.38525390625
28871,670.2686767578125
28872,517.8183186848959
28873,1001.5300699869791
28874,3587.0093587239585
28875,346.62474568684894
28876,832.4071044921875
28877,1165.7206217447917
28878,12249.3212890625
28879,1161.2555338541667
28880,621.5692342122396
28881,813.6929321289062
28882,724.3807983398438
28883,2205.3182779947915
28884,742.8591512044271
28885,2237.583251953125
28886,477.6724548339844
28887,917.9803263346354
28888,1106.1303304036458
28889,715.3537801106771
28890,2261.9900716145835
28891,915.4258422851562
28892,1229.2498779296875
28893,794.9175821940104
28894,1213.3938802083333
28895,617.3400065104166
28896,990.5585123697916
28897,1253.5441487630208
28898,515.2780151367188
28899,1049.4794514973958
28900,714.9981689453125
28901,918.4610799153646
28902,720.13427734375
28903,942.4899088541666
28904,826.3512369791666
28905,936.1977742513021
28906,924.0047200520834
28907,784.043212890625
28908,597.8067830403646
28909,1166.4748128255208
28910,748.9986572265625
28911,603.7891845703125
28912,676.2203165690104
28913,943.2881673177084
28914,709.1701456705729
28915,492.7205301920573
28916,703.4670613606771
28917,545.4810791015625
28918,858.4609375
28919,380.81467692057294
28920,3772.5304361979165
28921,729.5751139322916
28922,758.8650309244791
28923,528.6964721679688
28924,760.3952840169271
28925,1250.702392578125
28926,567.7354532877604
28927,572.0260416666666
28928,672.2251586914062
28929,1184.2674153645833
28930,671.8186645507812
28931,660.6323649088541
28932,756.8425903320312
28933,1494.0258382161458
28934,537.927978515625
28935,678.5289510091146
28936,1470.5136311848958
28937,1683.0067138671875
28938,1300.1647135416667
28939,579.0252278645834
28940,997.9640909830729
28941,312.10511271158856
28942,958.75048828125
28943,477.22585042317706
28944,1513.3900553385417
28945,716.9048461914062
28946,1931.5484212239583
28947,916.8300170898438
28948,764.1890869140625
28949,1548.4598388671875
28950,1796.97216796875
28951,657.8936157226562
28952,5577.14404296875
28953,749.1544799804688
28954,2732.2632649739585
28955,1091.1324055989583
28956,1271.1896565755208
28957,616.6504720052084
28958,3202.943115234375
28959,539.0056559244791
28960,1177.5669352213542
28961,838.5462036132812
28962,1353.8616536458333
28963,1595.6838785807292
28964,950.5808308919271
28965,426.99790445963544
28966,600.8405151367188
28967,521.5219523111979
28968,503.56482950846356
28969,557.6808675130209
28970,591.6796061197916
28971,1397.9986165364583
28972,455.9349873860677
28973,974.4437866210938
28974,1056.2306315104167
28975,578.0780029296875
28976,1044.5156656901042
28977,1606.4694010416667
28978,667.9291788736979
28979,2557.1949055989585
28980,1196.72802734375
28981,2914.077880859375
28982,715.3650919596354
28983,1023.1451212565104
28984,1548.8296712239583
28985,1398.9530029296875
28986,1119.4158528645833
28987,2616.2347819010415
28988,2017.1086018880208
28989,1005.2484741210938
28990,636.4567667643229
28991,706.7693277994791
28992,827.8422444661459
28993,988.9021606445312
28994,1085.3323567708333
28995,12100.314778645834
28996,631.0840861002604
28997,534.5254720052084
28998,1795.8715413411458
28999,1057.9261474609375
29000,700.5819702148438
29001,797.3009440104166
29002,609.4661254882812
29003,755.01708984375
29004,1125.12939453125
29005,1037.8363444010417
29006,540.4266153971354
29007,1066.6204020182292
29008,1543.0989176432292
29009,1329.5314127604167
29010,905.1281534830729
29011,1079.9827067057292
29012,812.2596435546875
29013,1802.1381022135417
29014,752.2208455403646
29015,697.3211873372396
29016,1096.61767578125
29017,648.4009602864584
29018,633.5555216471354
29019,892.5413818359375
29020,657.3305257161459
29021,1037.5423177083333
29022,1548.7593180338542
29023,1220.4884440104167
29024,1157.6396484375
29025,657.3788859049479
29026,1201.6014811197917
29027,1323.4253336588542
29028,423.18495686848956
29029,566.8702799479166
29030,734.8087158203125
29031,1015.2063802083334
29032,572.970458984375
29033,648.9804890950521
29034,634.0361124674479
29035,1460.6007486979167
29036,794.5272420247396
29037,798.90673828125
29038,1256.6020914713542
29039,1332.8489990234375
29040,942.7571207682291
29041,481.54327392578125
29042,841.0602823893229
29043,1032.4302978515625
29044,2042.5186360677083
29045,582.7285563151041
29046,2217.5520833333335
29047,1497.0711669921875
29048,837.6028645833334
29049,809.8050740559896
29050,558.1853637695312
29051,1212.2227783203125
29052,932.4347330729166
29053,2608.6184895833335
29054,729.5443522135416
29055,1121.677734375
29056,1197.906982421875
29057,1210.6205240885417
29058,1559.5959879557292
29059,756.5374145507812
29060,1793.823974609375
29061,1062.2202962239583
29062,1283.5948486328125
29063,2230.728271484375
29064,597.6053263346354
29065,659.0653889973959
29066,731.0791015625
29067,840.1940714518229
29068,1000.8677571614584
29069,1067.991455078125
29070,551.5866495768229
29071,562.0540974934896
29072,304.5186258951823
29073,580.6286214192709
29074,977.153564453125
29075,3210.899658203125
29076,849.0428466796875
29077,647.3352661132812
29078,561.8358154296875
29079,964.2790730794271
29080,668.6408894856771
29081,1838.5126139322917
29082,899.7615763346354
29083,1473.4958089192708
29084,531.5126953125
29085,653.9287516276041
29086,787.2063191731771
29087,886.4163411458334
29088,1508.4853108723958
29089,539.8699137369791
29090,1181.6035563151042
29091,947.403076171875
29092,439.41588338216144
29093,461.22971598307294
29094,1170.5048828125
29095,1138.7138671875
29096,761.1689656575521
29097,3936.4229329427085
29098,2265.9962565104165
29099,1011.848876953125
29100,1162.5114339192708
29101,1326.6586100260417
29102,3448.9755045572915
29103,11946.227864583334
29104,497.19911702473956
29105,759.11865234375
29106,565.2193603515625
29107,849.0542399088541
29108,679.9039103190104
29109,813.5260823567709
29110,680.0232137044271
29111,504.56443277994794
29112,1299.5813802083333
29113,1892.9832763671875
29114,1496.9779052734375
29115,619.8036295572916
29116,502.48255411783856
29117,743.5193684895834
29118,1678.5539957682292
29119,760.7523396809896
29120,6399.167805989583
29121,1312.9956461588542
29122,808.0855305989584
29123,854.7811279296875
29124,409.9539489746094
29125,1402.77099609375
29126,1712.65869140625
29127,761.5155639648438
29128,459.1670735677083
29129,465.50694783528644
29130,1843.3780924479167
29131,830.4457600911459
29132,1048.0476481119792
29133,912.3157348632812
29134,618.7112630208334
29135,818.2947387695312
29136,728.2981160481771
29137,824.6385701497396
29138,480.8751627604167
29139,706.0744832356771
29140,1789.0771484375
29141,1206.41162109375
29142,553.4718424479166
29143,1621.084228515625
29144,1483.8930257161458
29145,1212.6320393880208
29146,432.7093200683594
29147,1966.0677490234375
29148,1948.3511149088542
29149,536.8750813802084
29150,659.4287719726562
29151,1874.4890950520833
29152,969.4045003255209
29153,759.7802734375
29154,1256.4759114583333
29155,782.0262858072916
29156,756.9325561523438
29157,373.5870666503906
29158,999.5856526692709
29159,1105.2173258463542
29160,439.96644083658856
29161,1564.4319254557292
29162,912.5693562825521
29163,500.0827229817708
29164,836.7120157877604
29165,769.1728515625
29166,555.77734375
29167,1480.0156656901042
29168,1552.1895751953125
29169,1474.2838948567708
29170,3231.3435872395835
29171,566.9844563802084
29172,534.8407592773438
29173,1799.0478922526042
29174,1390.9742024739583
29175,2153.6163736979165
29176,564.8908487955729
29177,794.9796956380209
29178,766.6798095703125
29179,1084.0810546875
29180,1398.0771891276042
29181,582.3675130208334
29182,799.6558024088541
29183,1385.5753580729167
29184,2576.16748046875
29185,454.8574727376302
29186,408.37005615234375
29187,721.6697794596354
29188,2420.868896484375
29189,827.9760335286459
29190,820.1274617513021
29191,1267.1499837239583
29192,429.45997111002606
29193,721.0333455403646
29194,730.4190877278646
29195,1156.5928955078125
29196,1164.8977864583333
29197,511.7624104817708
29198,999.0303141276041
29199,763.8065592447916
29200,1266.2196858723958
29201,2450.878662109375
29202,751.9442749023438
29203,1873.1965738932292
29204,646.0366007486979
29205,937.592041015625
29206,838.5371907552084
29207,494.3592122395833
29208,610.2478637695312
29209,549.0372517903646
29210,1275.5810953776042
29211,1203.080810546875
29212,598.7818400065104
29213,2151.90966796875
29214,2310.0882975260415
29215,588.7875366210938
29216,963.3902180989584
29217,2333.9539388020835
29218,1116.3380940755208
29219,631.3876953125
29220,1168.670654296875
29221,693.2611083984375
29222,575.1161092122396
29223,492.0337320963542
29224,1821.0830485026042
29225,580.077880859375
29226,668.0172932942709
29227,1014.7482299804688
29228,505.9417724609375
29229,3577.715087890625
29230,1180.0076904296875
29231,504.84991455078125
29232,1801.0550537109375
29233,871.7301839192709
29234,1077.8829345703125
29235,680.6232299804688
29236,801.4320068359375
29237,453.6253255208333
29238,1174.3156331380208
29239,1153.3513997395833
29240,1074.6156005859375
29241,771.3690388997396
29242,507.35853068033856
29243,385.15468343098956
29244,352.64879353841144
29245,800.7676391601562
29246,1111.1992594401042
29247,621.8817545572916
29248,980.6260375976562
29249,1432.7584635416667
29250,649.8420206705729
29251,587.9859619140625
29252,2078.1263834635415
29253,951.3419799804688
29254,1028.8870442708333
29255,1313.7615966796875
29256,1288.4559326171875
29257,1463.113525390625
29258,1473.2065022786458
29259,778.7471720377604
29260,507.50531005859375
29261,910.6602172851562
29262,600.7077026367188
29263,574.3585205078125
29264,1026.9713134765625
29265,1365.1927490234375
29266,1537.648681640625
29267,2243.2000325520835
29268,748.9262491861979
29269,575.3340454101562
29270,1159.2662353515625
29271,661.8193359375
29272,768.0778605143229
29273,1074.1688232421875
29274,662.6081339518229
29275,901.9346313476562
29276,1227.4421793619792
29277,763.124755859375
29278,975.1559244791666
29279,729.2188517252604
29280,582.7753092447916
29281,854.136962890625
29282,719.8791910807291
29283,774.9502563476562
29284,919.6046752929688
29285,1085.5268961588542
29286,626.1213582356771
29287,632.9480997721354
29288,576.1561279296875
29289,1221.57177734375
29290,610.8520304361979
29291,557.1559041341146
29292,749.0409545898438
29293,446.5674743652344
29294,881.6163533528646
29295,1356.1247965494792
29296,657.0570271809896
29297,705.2630615234375
29298,1264.8611246744792
29299,1869.1570638020833
29300,602.6702677408854
29301,2708.19970703125
29302,811.9087931315104
29303,1912.3698323567708
29304,763.5667724609375
29305,1690.7871500651042
29306,1036.1842447916667
29307,1031.3848470052083
29308,513.0927124023438
29309,748.1198120117188
29310,761.4094645182291
29311,627.9674479166666
29312,2171.32568359375
29313,852.4883422851562
29314,792.9901733398438
29315,655.0591023763021
29316,2217.133056640625
29317,511.78432210286456
29318,1289.333740234375
29319,1795.44580078125
29320,828.853515625
29321,812.6779174804688
29322,1171.3839518229167
29323,1425.311767578125
29324,981.9340616861979
29325,631.234130859375
29326,1358.8506673177083
29327,812.4618733723959
29328,981.9243977864584
29329,1281.5786946614583
29330,825.1644287109375
29331,6695.545735677083
29332,1141.3369140625
29333,2054.3546549479165
29334,506.5548502604167
29335,1411.0222981770833
29336,751.4901733398438
29337,327.6867167154948
29338,618.0464680989584
29339,810.7654215494791
29340,967.7842000325521
29341,583.6873982747396
29342,705.4048665364584
29343,548.0456746419271
29344,2020.6783854166667
29345,779.1642659505209
29346,519.2106119791666
29347,738.6775105794271
29348,659.6983642578125
29349,708.7630208333334
29350,481.34592692057294
29351,404.2471211751302
29352,684.8620808919271
29353,3600.792724609375
29354,709.3855794270834
29355,1793.4906005859375
29356,529.9078165690104
29357,1131.049560546875
29358,452.4943440755208
29359,811.8774007161459
29360,463.3112386067708
29361,632.5697631835938
29362,698.4557698567709
29363,1166.701171875
29364,842.5019734700521
29365,939.8899129231771
29366,850.6885172526041
29367,683.1202596028646
29368,427.13861083984375
29369,1223.1322835286458
29370,801.8608194986979
29371,1136.4936116536458
29372,557.5472005208334
29373,641.4945068359375
29374,749.3218994140625
29375,1269.6103515625
29376,407.1051737467448
29377,763.4948527018229
29378,513.9599202473959
29379,902.3170572916666
29380,691.7848917643229
29381,767.833984375
29382,1338.6978759765625
29383,580.49951171875
29384,1882.0423583984375
29385,1161.8470458984375
29386,464.19240315755206
29387,589.2006632486979
29388,868.3945922851562
29389,463.2801513671875
29390,1194.1019694010417
29391,576.7433064778646
29392,1651.0365397135417
29393,439.09801228841144
29394,848.8591715494791
29395,728.0115559895834
29396,571.62939453125
29397,589.3732706705729
29398,794.2589314778646
29399,1439.8736572265625
29400,1700.0296223958333
29401,1053.531982421875
29402,840.7733154296875
29403,502.55686442057294
29404,561.7237955729166
29405,1266.8313395182292
29406,3569.4173177083335
29407,1872.6756591796875
29408,634.0871175130209
29409,612.2159423828125
29410,630.2313232421875
29411,634.4336547851562
29412,823.1969807942709
29413,592.5030110677084
29414,2055.0374348958335
29415,396.79262288411456
29416,546.3370768229166
29417,514.0443318684896
29418,831.0587158203125
29419,510.5700988769531
29420,5233.89111328125
29421,842.5947875976562
29422,702.8607788085938
29423,771.641845703125
29424,807.5998942057291
29425,1639.7580159505208
29426,279.0996398925781
29427,863.702880859375
29428,818.3290608723959
29429,807.9620971679688
29430,996.0294189453125
29431,455.54041544596356
29432,603.018798828125
29433,442.6079915364583
29434,1042.0098063151042
29435,943.845947265625
29436,621.4975179036459
29437,823.5267537434896
29438,836.3346354166666
29439,1216.2784423828125
29440,512.2310689290365
29441,902.2723592122396
29442,893.7148640950521
29443,489.80674235026044
29444,856.0233561197916
29445,948.8099365234375
29446,985.1154988606771
29447,661.1793212890625
29448,1125.3502604166667
29449,888.3037516276041
29450,1208.6223551432292
29451,2770.0489095052085
29452,802.8709513346354
29453,1563.1818440755208
29454,1456.0891927083333
29455,950.2168782552084
29456,842.0744222005209
29457,1816.0795491536458
29458,892.4287719726562
29459,12043.345377604166
29460,688.6293131510416
29461,891.0571085611979
29462,1435.3228352864583
29463,1021.4388427734375
29464,2015.6534830729167
29465,479.8809814453125
29466,1439.1537272135417
29467,989.6935424804688
29468,710.5153401692709
29469,452.88405354817706
29470,729.0612386067709
29471,1124.535400390625
29472,1177.0235595703125
29473,1392.110107421875
29474,703.7593383789062
29475,848.5414835611979
29476,1910.3026529947917
29477,1017.3042805989584
29478,603.2115478515625
29479,694.338623046875
29480,1129.8966471354167
29481,1203.5807291666667
29482,1231.9219156901042
29483,886.5615437825521
29484,558.349853515625
29485,565.9830932617188
29486,3462.63330078125
29487,1326.1204020182292
29488,648.073486328125
29489,1031.0963948567708
29490,390.1691589355469
29491,491.78871663411456
29492,534.1969807942709
29493,1003.94580078125
29494,392.4857482910156
29495,1152.5481770833333
29496,1297.62353515625
29497,522.5975138346354
29498,1987.5017903645833
29499,757.8120524088541
29500,667.1195678710938
29501,1544.177490234375
29502,897.2354329427084
29503,1222.7937418619792
29504,982.8354085286459
29505,872.89892578125
29506,718.8841552734375
29507,419.71399943033856
29508,1053.3119710286458
29509,1083.3676350911458
29510,1258.3191324869792
29511,918.5064086914062
29512,612.3458251953125
29513,969.4835815429688
29514,475.9441223144531
29515,3567.030029296875
29516,995.8175048828125
29517,537.6648356119791
29518,1816.6330973307292
29519,787.4835815429688
29520,1332.6317138671875
29521,1089.154296875
29522,618.9195556640625
29523,907.7443237304688
29524,656.4136962890625
29525,2790.6067708333335
29526,601.1485188802084
29527,1538.0249837239583
29528,1076.451416015625
29529,1285.8575032552083
29530,452.8995869954427
29531,436.72979736328125
29532,593.6300659179688
29533,2091.445068359375
29534,800.6607055664062
29535,1272.7463785807292
29536,411.58961995442706
29537,843.1849975585938
29538,921.1666870117188
29539,684.3096923828125
29540,764.1781616210938
29541,806.5961710611979
29542,776.5113118489584
29543,992.6718953450521
29544,599.7194417317709
29545,659.5833333333334
29546,690.7589925130209
29547,1149.8883056640625
29548,571.4027506510416
29549,477.09996541341144
29550,1110.1983642578125
29551,549.2315470377604
29552,774.4853312174479
29553,706.2010294596354
29554,1130.5209554036458
29555,1094.1013590494792
29556,2105.926513671875
29557,1522.0077311197917
29558,1839.2247721354167
29559,752.5514729817709
29560,486.484375
29561,1401.896484375
29562,410.10828653971356
29563,734.7343953450521
29564,660.8980102539062
29565,352.06812540690106
29566,1497.4244791666667
29567,1025.426513671875
29568,640.6161905924479
29569,2371.699462890625
29570,680.7916870117188
29571,768.4816080729166
29572,904.0075276692709
29573,899.07763671875
29574,525.0891316731771
29575,1329.6161295572917
29576,936.8720296223959
29577,480.5209655761719
29578,629.7144775390625
29579,537.7947387695312
29580,803.4458211263021
29581,1676.7915852864583
29582,1131.2017822265625
29583,960.2812703450521
29584,1000.1641031901041
29585,1042.4058024088542
29586,832.4483235677084
29587,707.6646525065104
29588,1546.8706461588542
29589,606.6296997070312
29590,1001.7666625976562
29591,929.8998413085938
29592,822.6585083007812
29593,879.4730834960938
29594,888.5377807617188
29595,908.0766398111979
29596,794.4732462565104
29597,1237.5843098958333
29598,396.9755350748698
29599,870.6992390950521
29600,689.5987345377604
29601,652.0388387044271
29602,861.16796875
29603,373.63585408528644
29604,740.2970784505209
29605,584.582275390625
29606,785.0084228515625
29607,1392.359375
29608,497.0625
29609,513.8788859049479
29610,1245.5192057291667
29611,1969.5629069010417
29612,421.23045857747394
29613,430.1238098144531
29614,3222.654296875
29615,486.93007405598956
29616,2789.765869140625
29617,740.850830078125
29618,1036.36083984375
29619,907.24462890625
29620,2662.8023274739585
29621,398.4242451985677
29622,747.2314249674479
29623,620.0883382161459
29624,1299.946533203125
29625,727.6071370442709
29626,758.0599365234375
29627,653.4135131835938
29628,802.2021484375
29629,2951.35595703125
29630,640.7821858723959
29631,708.7501017252604
29632,2202.7112630208335
29633,499.33861287434894
29634,786.3038736979166
29635,684.54150390625
29636,1201.2774658203125
29637,609.1081746419271
29638,869.0975748697916
29639,695.9549357096354
29640,647.7626546223959
29641,513.4824422200521
29642,480.49025472005206
29643,880.817138671875
29644,1414.2570393880208
29645,3528.7884114583335
29646,547.5218505859375
29647,546.9277954101562
29648,710.1394856770834
29649,1733.3637288411458
29650,603.4106038411459
29651,715.0584106445312
29652,824.6357421875
29653,879.0454711914062
29654,1043.3522135416667
29655,1296.2624918619792
29656,710.8175252278646
29657,840.9988810221354
29658,1032.6153157552083
29659,1064.38134765625
29660,1412.744384765625
29661,476.66371663411456
29662,438.6630350748698
29663,577.0653483072916
29664,1549.1688639322917
29665,535.8626505533854
29666,971.0437622070312
29667,587.823974609375
29668,1117.9677734375
29669,1389.9016520182292
29670,1433.126708984375
29671,1410.3734537760417
29672,1035.186279296875
29673,961.6024169921875
29674,558.8898518880209
29675,744.5617879231771
29676,859.9251302083334
29677,888.0763753255209
29678,716.2575073242188
29679,735.345703125
29680,1103.4442545572917
29681,1080.3639729817708
29682,1059.9606526692708
29683,462.4161682128906
29684,1040.1699625651042
29685,2011.6123453776042
29686,450.15552775065106
29687,537.5517985026041
29688,2052.699462890625
29689,1219.2127685546875
29690,604.3243611653646
29691,2804.2430013020835
29692,1002.9966634114584
29693,601.2923787434896
29694,682.2743123372396
29695,525.998779296875
29696,668.5959879557291
29697,462.7332763671875
29698,857.7452799479166
29699,993.8345336914062
29700,864.2885131835938
29701,996.2830403645834
29702,2173.4979654947915
29703,1102.1621907552083
29704,655.3701782226562
29705,378.73032633463544
29706,774.6463419596354
29707,941.5934855143229
29708,809.8101603190104
29709,816.6772054036459
29710,1166.890380859375
29711,1452.091064453125
29712,681.9344278971354
29713,1474.6794026692708
29714,920.7900187174479
29715,755.599609375
29716,1219.3037923177083
29717,539.9121297200521
29718,1547.6177978515625
29719,612.0478719075521
29720,1452.414794921875
29721,698.5705159505209
29722,1332.25830078125
29723,662.2407836914062
29724,1502.6283772786458
29725,509.1214294433594
29726,611.8036702473959
29727,944.0749715169271
29728,423.7480977376302
29729,846.0417073567709
29730,592.5981038411459
29731,960.6821695963541
29732,1503.5965169270833
29733,744.8661295572916
29734,609.6605224609375
29735,619.6829223632812
29736,303.914306640625
29737,2286.970947265625
29738,2267.634765625
29739,659.6959228515625
29740,763.7249959309896
29741,587.3456013997396
29742,1035.4373372395833
29743,434.40004475911456
29744,1347.9877115885417
29745,12033.243815104166
29746,929.89111328125
29747,769.7779134114584
29748,992.8369547526041
29749,1284.8568929036458
29750,1060.2445882161458
29751,1006.939453125
29752,855.7312215169271
29753,552.2194620768229
29754,403.9566650390625
29755,2567.78515625
29756,1061.8260904947917
29757,776.8231811523438
29758,898.3111775716146
29759,1447.3092447916667
29760,1504.0600179036458
29761,1250.7071126302083
29762,957.3192138671875
29763,1801.3592529296875
29764,1781.4795735677083
29765,935.9658813476562
29766,1879.7218831380208
29767,1897.8705240885417
29768,1115.3262125651042
29769,600.2600504557291
29770,1063.28466796875
29771,911.0264892578125
29772,571.3960774739584
29773,1000.5211995442709
29774,1311.1778564453125
29775,1114.9945882161458
29776,1249.2735188802083
29777,512.7944742838541
29778,1376.7157796223958
29779,1446.4241129557292
29780,808.6085205078125
29781,825.5367024739584
29782,488.1851501464844
29783,546.7770182291666
29784,639.1643676757812
29785,1259.6694742838542
29786,2014.1724446614583
29787,683.8963012695312
29788,906.9504597981771
29789,1074.15234375
29790,494.46800740559894
29791,1187.6252848307292
29792,536.42333984375
29793,651.7941691080729
29794,561.6457112630209
29795,1470.9709065755208
29796,453.52245076497394
29797,860.4161376953125
29798,774.3819783528646
29799,712.6770629882812
29800,611.5393269856771
29801,559.3882853190104
29802,621.333984375
29803,801.4762369791666
29804,532.4843953450521
29805,520.4983520507812
29806,1215.44189453125
29807,1055.1925048828125
29808,1111.998291015625
29809,1019.6560262044271
29810,2768.9994303385415
29811,486.77825927734375
29812,1482.5489501953125
29813,816.1867879231771
29814,1506.4856770833333
29815,402.0396219889323
29816,1141.21240234375
29817,990.2802124023438
29818,670.0041097005209
29819,509.09385172526044
29820,2142.9937337239585
29821,2107.205078125
29822,298.5410970052083
29823,433.4165344238281
29824,2164.8264973958335
29825,590.3295491536459
29826,673.6043090820312
29827,1601.6419270833333
29828,1866.806396484375
29829,2502.6466471354165
29830,418.7579345703125
29831,519.3707275390625
29832,1298.2359619140625
29833,1069.5657552083333
29834,1373.8575439453125
29835,555.1188354492188
29836,640.1339925130209
29837,2004.5215250651042
29838,396.45347086588544
29839,12109.323567708334
29840,1301.0727945963542
29841,2177.4072265625
29842,1340.7102864583333
29843,657.1253051757812
29844,523.5338338216146
29845,1001.5878702799479
29846,1654.7618815104167
29847,1813.9801432291667
29848,714.4675089518229
29849,1067.4949951171875
29850,1145.8730061848958
29851,583.7098388671875
29852,1206.6991373697917
29853,1350.5642903645833
29854,833.9666137695312
29855,781.7717081705729
29856,937.8931274414062
29857,564.7578125
29858,998.3935546875
29859,729.9544474283854
29860,1013.5105387369791
29861,1157.279052734375
29862,1100.577880859375
29863,1148.7036539713542
29864,756.3063761393229
29865,619.624755859375
29866,547.9561971028646
29867,1003.2440592447916
29868,666.0401204427084
29869,902.1229044596354
29870,1561.69921875
29871,807.4867553710938
29872,823.5825602213541
29873,513.2344563802084
29874,979.747802734375
29875,957.3477172851562
29876,1421.9673665364583
29877,853.6692911783854
29878,1295.1609700520833
29879,718.2927652994791
29880,792.9081013997396
29881,730.8395385742188
29882,2123.2554524739585
29883,346.4887186686198
29884,361.7771708170573
29885,916.9683024088541
29886,668.5976969401041
29887,889.6866251627604
29888,532.7587076822916
29889,2006.7731119791667
29890,2985.2643229166665
29891,1648.9083658854167
29892,4115.459147135417
29893,2362.56298828125
29894,681.4546508789062
29895,1069.0311686197917
29896,349.8546142578125
29897,971.8044840494791
29898,660.0949503580729
29899,1720.7877604166667
29900,432.79808553059894
29901,1234.1452229817708
29902,1165.965576171875
29903,1255.8332926432292
29904,1284.0613606770833
29905,1094.8304443359375
29906,1040.2468668619792
29907,774.8766072591146
29908,1432.5335286458333
29909,611.9357299804688
29910,737.0057576497396
29911,554.7218627929688
29912,719.801513671875
29913,660.1344807942709
29914,663.5128580729166
29915,1262.0304768880208
29916,791.2945353190104
29917,648.3875122070312
29918,821.1769816080729
29919,481.1480407714844
29920,912.6402384440104
29921,1629.3007405598958
29922,603.9539388020834
29923,775.6964111328125
29924,483.19675699869794
29925,1227.4066569010417
29926,1120.4378255208333
29927,2881.115478515625
29928,506.08664957682294
29929,821.2248331705729
29930,834.2267049153646
29931,759.8570149739584
29932,3925.1168619791665
29933,455.01190185546875
29934,447.7472432454427
29935,1296.9884847005208
29936,593.0555013020834
29937,639.4326375325521
29938,2876.6539713541665
29939,1278.4892985026042
29940,2256.9268391927085
29941,769.7433064778646
29942,3409.6017252604165
29943,321.72751871744794
29944,2942.5779622395835
29945,522.190673828125
29946,1014.6487630208334
29947,1200.1290283203125
29948,650.9177449544271
29949,1496.2704264322917
29950,688.6814575195312
29951,879.5656534830729
29952,752.9895629882812
29953,1011.6136271158854
29954,741.2457478841146
29955,1095.2805582682292
29956,1200.0900472005208
29957,3041.112060546875
29958,1156.5382893880208
29959,1146.1466471354167
29960,591.467041015625
29961,920.3067423502604
29962,683.0163777669271
29963,563.9621785481771
29964,1338.9523111979167
29965,727.9964396158854
29966,1159.6768391927083
29967,1423.6019287109375
29968,575.2782389322916
29969,1226.2144368489583
29970,1399.6964925130208
29971,403.92650349934894
29972,976.3741251627604
29973,985.9193522135416
29974,709.3527628580729
29975,490.71697998046875
29976,767.3393758138021
29977,531.3966878255209
29978,2001.1448567708333
29979,637.6122843424479
29980,555.9130249023438
29981,874.0447794596354
29982,455.95750935872394
29983,686.5117390950521
29984,1728.1347249348958
29985,1109.7084147135417
29986,1308.7686360677083
29987,696.9833374023438
29988,1929.8572591145833
29989,855.8241577148438
29990,989.5301106770834
29991,1933.3017985026042
29992,646.6612955729166
29993,2070.8970540364585
29994,971.6932373046875
29995,892.2205810546875
29996,648.6074625651041
29997,1102.6676025390625
29998,690.5020141601562
29999,690.9851684570312
